[2026-07-21T17:56:31.257+0000] {processor.py:161} INFO - Started process (PID=93) to work on /home/airflow/.local/lib/python3.8/site-packages/airflow/example_dags/example_short_circuit_operator.py
[2026-07-21T17:56:31.260+0000] {processor.py:830} INFO - Processing file /home/airflow/.local/lib/python3.8/site-packages/airflow/example_dags/example_short_circuit_operator.py for tasks to queue
[2026-07-21T17:56:31.268+0000] {logging_mixin.py:188} INFO - [2026-07-21T17:56:31.267+0000] {dagbag.py:538} INFO - Filling up the DagBag from /home/airflow/.local/lib/python3.8/site-packages/airflow/example_dags/example_short_circuit_operator.py
[2026-07-21T17:56:31.303+0000] {processor.py:840} INFO - DAG(s) 'example_short_circuit_operator' retrieved from /home/airflow/.local/lib/python3.8/site-packages/airflow/example_dags/example_short_circuit_operator.py
[2026-07-21T17:56:31.494+0000] {logging_mixin.py:188} INFO - [2026-07-21T17:56:31.493+0000] {dag.py:3036} INFO - Sync 1 DAGs
[2026-07-21T17:56:31.534+0000] {logging_mixin.py:188} INFO - [2026-07-21T17:56:31.533+0000] {dag.py:3823} INFO - Setting next_dagrun for example_short_circuit_operator to 2026-07-20 00:00:00+00:00, run_after=2026-07-21 00:00:00+00:00
[2026-07-21T17:56:31.571+0000] {processor.py:183} INFO - Processing /home/airflow/.local/lib/python3.8/site-packages/airflow/example_dags/example_short_circuit_operator.py took 0.340 seconds
[2026-07-21T17:57:01.833+0000] {processor.py:161} INFO - Started process (PID=149) to work on /home/airflow/.local/lib/python3.8/site-packages/airflow/example_dags/example_short_circuit_operator.py
[2026-07-21T17:57:01.834+0000] {processor.py:830} INFO - Processing file /home/airflow/.local/lib/python3.8/site-packages/airflow/example_dags/example_short_circuit_operator.py for tasks to queue
[2026-07-21T17:57:01.836+0000] {logging_mixin.py:188} INFO - [2026-07-21T17:57:01.836+0000] {dagbag.py:538} INFO - Filling up the DagBag from /home/airflow/.local/lib/python3.8/site-packages/airflow/example_dags/example_short_circuit_operator.py
[2026-07-21T17:57:01.844+0000] {processor.py:840} INFO - DAG(s) 'example_short_circuit_operator' retrieved from /home/airflow/.local/lib/python3.8/site-packages/airflow/example_dags/example_short_circuit_operator.py
[2026-07-21T17:57:01.870+0000] {logging_mixin.py:188} INFO - [2026-07-21T17:57:01.870+0000] {dag.py:3036} INFO - Sync 1 DAGs
[2026-07-21T17:57:01.890+0000] {logging_mixin.py:188} INFO - [2026-07-21T17:57:01.890+0000] {dag.py:3823} INFO - Setting next_dagrun for example_short_circuit_operator to 2026-07-20 00:00:00+00:00, run_after=2026-07-21 00:00:00+00:00
[2026-07-21T17:57:01.910+0000] {processor.py:183} INFO - Processing /home/airflow/.local/lib/python3.8/site-packages/airflow/example_dags/example_short_circuit_operator.py took 0.080 seconds
[2026-07-21T17:57:32.444+0000] {processor.py:161} INFO - Started process (PID=205) to work on /home/airflow/.local/lib/python3.8/site-packages/airflow/example_dags/example_short_circuit_operator.py
[2026-07-21T17:57:32.445+0000] {processor.py:830} INFO - Processing file /home/airflow/.local/lib/python3.8/site-packages/airflow/example_dags/example_short_circuit_operator.py for tasks to queue
[2026-07-21T17:57:32.447+0000] {logging_mixin.py:188} INFO - [2026-07-21T17:57:32.446+0000] {dagbag.py:538} INFO - Filling up the DagBag from /home/airflow/.local/lib/python3.8/site-packages/airflow/example_dags/example_short_circuit_operator.py
[2026-07-21T17:57:32.454+0000] {processor.py:840} INFO - DAG(s) 'example_short_circuit_operator' retrieved from /home/airflow/.local/lib/python3.8/site-packages/airflow/example_dags/example_short_circuit_operator.py
[2026-07-21T17:57:32.479+0000] {logging_mixin.py:188} INFO - [2026-07-21T17:57:32.479+0000] {dag.py:3036} INFO - Sync 1 DAGs
[2026-07-21T17:57:32.500+0000] {logging_mixin.py:188} INFO - [2026-07-21T17:57:32.499+0000] {dag.py:3823} INFO - Setting next_dagrun for example_short_circuit_operator to 2026-07-20 00:00:00+00:00, run_after=2026-07-21 00:00:00+00:00
[2026-07-21T17:57:32.519+0000] {processor.py:183} INFO - Processing /home/airflow/.local/lib/python3.8/site-packages/airflow/example_dags/example_short_circuit_operator.py took 0.079 seconds
[2026-07-21T17:58:02.686+0000] {processor.py:161} INFO - Started process (PID=261) to work on /home/airflow/.local/lib/python3.8/site-packages/airflow/example_dags/example_short_circuit_operator.py
[2026-07-21T17:58:02.687+0000] {processor.py:830} INFO - Processing file /home/airflow/.local/lib/python3.8/site-packages/airflow/example_dags/example_short_circuit_operator.py for tasks to queue
[2026-07-21T17:58:02.689+0000] {logging_mixin.py:188} INFO - [2026-07-21T17:58:02.689+0000] {dagbag.py:538} INFO - Filling up the DagBag from /home/airflow/.local/lib/python3.8/site-packages/airflow/example_dags/example_short_circuit_operator.py
[2026-07-21T17:58:02.698+0000] {processor.py:840} INFO - DAG(s) 'example_short_circuit_operator' retrieved from /home/airflow/.local/lib/python3.8/site-packages/airflow/example_dags/example_short_circuit_operator.py
[2026-07-21T17:58:02.721+0000] {logging_mixin.py:188} INFO - [2026-07-21T17:58:02.721+0000] {dag.py:3036} INFO - Sync 1 DAGs
[2026-07-21T17:58:02.739+0000] {logging_mixin.py:188} INFO - [2026-07-21T17:58:02.739+0000] {dag.py:3823} INFO - Setting next_dagrun for example_short_circuit_operator to 2026-07-20 00:00:00+00:00, run_after=2026-07-21 00:00:00+00:00
[2026-07-21T17:58:02.759+0000] {processor.py:183} INFO - Processing /home/airflow/.local/lib/python3.8/site-packages/airflow/example_dags/example_short_circuit_operator.py took 0.078 seconds
[2026-07-21T17:58:33.116+0000] {processor.py:161} INFO - Started process (PID=317) to work on /home/airflow/.local/lib/python3.8/site-packages/airflow/example_dags/example_short_circuit_operator.py
[2026-07-21T17:58:33.117+0000] {processor.py:830} INFO - Processing file /home/airflow/.local/lib/python3.8/site-packages/airflow/example_dags/example_short_circuit_operator.py for tasks to queue
[2026-07-21T17:58:33.119+0000] {logging_mixin.py:188} INFO - [2026-07-21T17:58:33.119+0000] {dagbag.py:538} INFO - Filling up the DagBag from /home/airflow/.local/lib/python3.8/site-packages/airflow/example_dags/example_short_circuit_operator.py
[2026-07-21T17:58:33.127+0000] {processor.py:840} INFO - DAG(s) 'example_short_circuit_operator' retrieved from /home/airflow/.local/lib/python3.8/site-packages/airflow/example_dags/example_short_circuit_operator.py
[2026-07-21T17:58:33.157+0000] {logging_mixin.py:188} INFO - [2026-07-21T17:58:33.157+0000] {dag.py:3036} INFO - Sync 1 DAGs
[2026-07-21T17:58:33.178+0000] {logging_mixin.py:188} INFO - [2026-07-21T17:58:33.178+0000] {dag.py:3823} INFO - Setting next_dagrun for example_short_circuit_operator to 2026-07-20 00:00:00+00:00, run_after=2026-07-21 00:00:00+00:00
[2026-07-21T17:58:33.197+0000] {processor.py:183} INFO - Processing /home/airflow/.local/lib/python3.8/site-packages/airflow/example_dags/example_short_circuit_operator.py took 0.085 seconds
[2026-07-21T17:59:03.419+0000] {processor.py:161} INFO - Started process (PID=373) to work on /home/airflow/.local/lib/python3.8/site-packages/airflow/example_dags/example_short_circuit_operator.py
[2026-07-21T17:59:03.420+0000] {processor.py:830} INFO - Processing file /home/airflow/.local/lib/python3.8/site-packages/airflow/example_dags/example_short_circuit_operator.py for tasks to queue
[2026-07-21T17:59:03.422+0000] {logging_mixin.py:188} INFO - [2026-07-21T17:59:03.422+0000] {dagbag.py:538} INFO - Filling up the DagBag from /home/airflow/.local/lib/python3.8/site-packages/airflow/example_dags/example_short_circuit_operator.py
[2026-07-21T17:59:03.430+0000] {processor.py:840} INFO - DAG(s) 'example_short_circuit_operator' retrieved from /home/airflow/.local/lib/python3.8/site-packages/airflow/example_dags/example_short_circuit_operator.py
[2026-07-21T17:59:03.456+0000] {logging_mixin.py:188} INFO - [2026-07-21T17:59:03.456+0000] {dag.py:3036} INFO - Sync 1 DAGs
[2026-07-21T17:59:03.477+0000] {logging_mixin.py:188} INFO - [2026-07-21T17:59:03.477+0000] {dag.py:3823} INFO - Setting next_dagrun for example_short_circuit_operator to 2026-07-20 00:00:00+00:00, run_after=2026-07-21 00:00:00+00:00
[2026-07-21T17:59:03.503+0000] {processor.py:183} INFO - Processing /home/airflow/.local/lib/python3.8/site-packages/airflow/example_dags/example_short_circuit_operator.py took 0.088 seconds
[2026-07-21T17:59:33.569+0000] {processor.py:161} INFO - Started process (PID=429) to work on /home/airflow/.local/lib/python3.8/site-packages/airflow/example_dags/example_short_circuit_operator.py
[2026-07-21T17:59:33.570+0000] {processor.py:830} INFO - Processing file /home/airflow/.local/lib/python3.8/site-packages/airflow/example_dags/example_short_circuit_operator.py for tasks to queue
[2026-07-21T17:59:33.572+0000] {logging_mixin.py:188} INFO - [2026-07-21T17:59:33.572+0000] {dagbag.py:538} INFO - Filling up the DagBag from /home/airflow/.local/lib/python3.8/site-packages/airflow/example_dags/example_short_circuit_operator.py
[2026-07-21T17:59:33.579+0000] {processor.py:840} INFO - DAG(s) 'example_short_circuit_operator' retrieved from /home/airflow/.local/lib/python3.8/site-packages/airflow/example_dags/example_short_circuit_operator.py
[2026-07-21T17:59:33.603+0000] {logging_mixin.py:188} INFO - [2026-07-21T17:59:33.602+0000] {dag.py:3036} INFO - Sync 1 DAGs
[2026-07-21T17:59:33.622+0000] {logging_mixin.py:188} INFO - [2026-07-21T17:59:33.622+0000] {dag.py:3823} INFO - Setting next_dagrun for example_short_circuit_operator to 2026-07-20 00:00:00+00:00, run_after=2026-07-21 00:00:00+00:00
[2026-07-21T17:59:33.641+0000] {processor.py:183} INFO - Processing /home/airflow/.local/lib/python3.8/site-packages/airflow/example_dags/example_short_circuit_operator.py took 0.076 seconds
[2026-07-21T18:00:03.884+0000] {processor.py:161} INFO - Started process (PID=485) to work on /home/airflow/.local/lib/python3.8/site-packages/airflow/example_dags/example_short_circuit_operator.py
[2026-07-21T18:00:03.886+0000] {processor.py:830} INFO - Processing file /home/airflow/.local/lib/python3.8/site-packages/airflow/example_dags/example_short_circuit_operator.py for tasks to queue
[2026-07-21T18:00:03.888+0000] {logging_mixin.py:188} INFO - [2026-07-21T18:00:03.888+0000] {dagbag.py:538} INFO - Filling up the DagBag from /home/airflow/.local/lib/python3.8/site-packages/airflow/example_dags/example_short_circuit_operator.py
[2026-07-21T18:00:03.897+0000] {processor.py:840} INFO - DAG(s) 'example_short_circuit_operator' retrieved from /home/airflow/.local/lib/python3.8/site-packages/airflow/example_dags/example_short_circuit_operator.py
[2026-07-21T18:00:03.922+0000] {logging_mixin.py:188} INFO - [2026-07-21T18:00:03.921+0000] {dag.py:3036} INFO - Sync 1 DAGs
[2026-07-21T18:00:03.941+0000] {logging_mixin.py:188} INFO - [2026-07-21T18:00:03.941+0000] {dag.py:3823} INFO - Setting next_dagrun for example_short_circuit_operator to 2026-07-20 00:00:00+00:00, run_after=2026-07-21 00:00:00+00:00
[2026-07-21T18:00:03.960+0000] {processor.py:183} INFO - Processing /home/airflow/.local/lib/python3.8/site-packages/airflow/example_dags/example_short_circuit_operator.py took 0.080 seconds
[2026-07-21T18:00:34.366+0000] {processor.py:161} INFO - Started process (PID=541) to work on /home/airflow/.local/lib/python3.8/site-packages/airflow/example_dags/example_short_circuit_operator.py
[2026-07-21T18:00:34.367+0000] {processor.py:830} INFO - Processing file /home/airflow/.local/lib/python3.8/site-packages/airflow/example_dags/example_short_circuit_operator.py for tasks to queue
[2026-07-21T18:00:34.369+0000] {logging_mixin.py:188} INFO - [2026-07-21T18:00:34.369+0000] {dagbag.py:538} INFO - Filling up the DagBag from /home/airflow/.local/lib/python3.8/site-packages/airflow/example_dags/example_short_circuit_operator.py
[2026-07-21T18:00:34.377+0000] {processor.py:840} INFO - DAG(s) 'example_short_circuit_operator' retrieved from /home/airflow/.local/lib/python3.8/site-packages/airflow/example_dags/example_short_circuit_operator.py
[2026-07-21T18:00:34.400+0000] {logging_mixin.py:188} INFO - [2026-07-21T18:00:34.400+0000] {dag.py:3036} INFO - Sync 1 DAGs
[2026-07-21T18:00:34.420+0000] {logging_mixin.py:188} INFO - [2026-07-21T18:00:34.420+0000] {dag.py:3823} INFO - Setting next_dagrun for example_short_circuit_operator to 2026-07-20 00:00:00+00:00, run_after=2026-07-21 00:00:00+00:00
[2026-07-21T18:00:34.440+0000] {processor.py:183} INFO - Processing /home/airflow/.local/lib/python3.8/site-packages/airflow/example_dags/example_short_circuit_operator.py took 0.078 seconds
[2026-07-21T18:01:04.536+0000] {processor.py:161} INFO - Started process (PID=598) to work on /home/airflow/.local/lib/python3.8/site-packages/airflow/example_dags/example_short_circuit_operator.py
[2026-07-21T18:01:04.537+0000] {processor.py:830} INFO - Processing file /home/airflow/.local/lib/python3.8/site-packages/airflow/example_dags/example_short_circuit_operator.py for tasks to queue
[2026-07-21T18:01:04.539+0000] {logging_mixin.py:188} INFO - [2026-07-21T18:01:04.539+0000] {dagbag.py:538} INFO - Filling up the DagBag from /home/airflow/.local/lib/python3.8/site-packages/airflow/example_dags/example_short_circuit_operator.py
[2026-07-21T18:01:04.546+0000] {processor.py:840} INFO - DAG(s) 'example_short_circuit_operator' retrieved from /home/airflow/.local/lib/python3.8/site-packages/airflow/example_dags/example_short_circuit_operator.py
[2026-07-21T18:01:04.570+0000] {logging_mixin.py:188} INFO - [2026-07-21T18:01:04.569+0000] {dag.py:3036} INFO - Sync 1 DAGs
[2026-07-21T18:01:04.589+0000] {logging_mixin.py:188} INFO - [2026-07-21T18:01:04.589+0000] {dag.py:3823} INFO - Setting next_dagrun for example_short_circuit_operator to 2026-07-20 00:00:00+00:00, run_after=2026-07-21 00:00:00+00:00
[2026-07-21T18:01:04.609+0000] {processor.py:183} INFO - Processing /home/airflow/.local/lib/python3.8/site-packages/airflow/example_dags/example_short_circuit_operator.py took 0.077 seconds
[2026-07-21T18:01:35.019+0000] {processor.py:161} INFO - Started process (PID=654) to work on /home/airflow/.local/lib/python3.8/site-packages/airflow/example_dags/example_short_circuit_operator.py
[2026-07-21T18:01:35.021+0000] {processor.py:830} INFO - Processing file /home/airflow/.local/lib/python3.8/site-packages/airflow/example_dags/example_short_circuit_operator.py for tasks to queue
[2026-07-21T18:01:35.024+0000] {logging_mixin.py:188} INFO - [2026-07-21T18:01:35.023+0000] {dagbag.py:538} INFO - Filling up the DagBag from /home/airflow/.local/lib/python3.8/site-packages/airflow/example_dags/example_short_circuit_operator.py
[2026-07-21T18:01:35.034+0000] {processor.py:840} INFO - DAG(s) 'example_short_circuit_operator' retrieved from /home/airflow/.local/lib/python3.8/site-packages/airflow/example_dags/example_short_circuit_operator.py
[2026-07-21T18:01:35.076+0000] {logging_mixin.py:188} INFO - [2026-07-21T18:01:35.075+0000] {dag.py:3036} INFO - Sync 1 DAGs
[2026-07-21T18:01:35.102+0000] {logging_mixin.py:188} INFO - [2026-07-21T18:01:35.102+0000] {dag.py:3823} INFO - Setting next_dagrun for example_short_circuit_operator to 2026-07-20 00:00:00+00:00, run_after=2026-07-21 00:00:00+00:00
[2026-07-21T18:01:35.140+0000] {processor.py:183} INFO - Processing /home/airflow/.local/lib/python3.8/site-packages/airflow/example_dags/example_short_circuit_operator.py took 0.125 seconds
[2026-07-21T18:02:05.243+0000] {processor.py:161} INFO - Started process (PID=710) to work on /home/airflow/.local/lib/python3.8/site-packages/airflow/example_dags/example_short_circuit_operator.py
[2026-07-21T18:02:05.244+0000] {processor.py:830} INFO - Processing file /home/airflow/.local/lib/python3.8/site-packages/airflow/example_dags/example_short_circuit_operator.py for tasks to queue
[2026-07-21T18:02:05.246+0000] {logging_mixin.py:188} INFO - [2026-07-21T18:02:05.246+0000] {dagbag.py:538} INFO - Filling up the DagBag from /home/airflow/.local/lib/python3.8/site-packages/airflow/example_dags/example_short_circuit_operator.py
[2026-07-21T18:02:05.254+0000] {processor.py:840} INFO - DAG(s) 'example_short_circuit_operator' retrieved from /home/airflow/.local/lib/python3.8/site-packages/airflow/example_dags/example_short_circuit_operator.py
[2026-07-21T18:02:05.277+0000] {logging_mixin.py:188} INFO - [2026-07-21T18:02:05.277+0000] {dag.py:3036} INFO - Sync 1 DAGs
[2026-07-21T18:02:05.296+0000] {logging_mixin.py:188} INFO - [2026-07-21T18:02:05.296+0000] {dag.py:3823} INFO - Setting next_dagrun for example_short_circuit_operator to 2026-07-20 00:00:00+00:00, run_after=2026-07-21 00:00:00+00:00
[2026-07-21T18:02:05.315+0000] {processor.py:183} INFO - Processing /home/airflow/.local/lib/python3.8/site-packages/airflow/example_dags/example_short_circuit_operator.py took 0.075 seconds
[2026-07-21T18:02:35.722+0000] {processor.py:161} INFO - Started process (PID=766) to work on /home/airflow/.local/lib/python3.8/site-packages/airflow/example_dags/example_short_circuit_operator.py
[2026-07-21T18:02:35.723+0000] {processor.py:830} INFO - Processing file /home/airflow/.local/lib/python3.8/site-packages/airflow/example_dags/example_short_circuit_operator.py for tasks to queue
[2026-07-21T18:02:35.725+0000] {logging_mixin.py:188} INFO - [2026-07-21T18:02:35.725+0000] {dagbag.py:538} INFO - Filling up the DagBag from /home/airflow/.local/lib/python3.8/site-packages/airflow/example_dags/example_short_circuit_operator.py
[2026-07-21T18:02:35.732+0000] {processor.py:840} INFO - DAG(s) 'example_short_circuit_operator' retrieved from /home/airflow/.local/lib/python3.8/site-packages/airflow/example_dags/example_short_circuit_operator.py
[2026-07-21T18:02:35.756+0000] {logging_mixin.py:188} INFO - [2026-07-21T18:02:35.756+0000] {dag.py:3036} INFO - Sync 1 DAGs
[2026-07-21T18:02:35.777+0000] {logging_mixin.py:188} INFO - [2026-07-21T18:02:35.777+0000] {dag.py:3823} INFO - Setting next_dagrun for example_short_circuit_operator to 2026-07-20 00:00:00+00:00, run_after=2026-07-21 00:00:00+00:00
[2026-07-21T18:02:35.795+0000] {processor.py:183} INFO - Processing /home/airflow/.local/lib/python3.8/site-packages/airflow/example_dags/example_short_circuit_operator.py took 0.077 seconds
[2026-07-21T18:03:06.029+0000] {processor.py:161} INFO - Started process (PID=822) to work on /home/airflow/.local/lib/python3.8/site-packages/airflow/example_dags/example_short_circuit_operator.py
[2026-07-21T18:03:06.030+0000] {processor.py:830} INFO - Processing file /home/airflow/.local/lib/python3.8/site-packages/airflow/example_dags/example_short_circuit_operator.py for tasks to queue
[2026-07-21T18:03:06.032+0000] {logging_mixin.py:188} INFO - [2026-07-21T18:03:06.032+0000] {dagbag.py:538} INFO - Filling up the DagBag from /home/airflow/.local/lib/python3.8/site-packages/airflow/example_dags/example_short_circuit_operator.py
[2026-07-21T18:03:06.039+0000] {processor.py:840} INFO - DAG(s) 'example_short_circuit_operator' retrieved from /home/airflow/.local/lib/python3.8/site-packages/airflow/example_dags/example_short_circuit_operator.py
[2026-07-21T18:03:06.062+0000] {logging_mixin.py:188} INFO - [2026-07-21T18:03:06.062+0000] {dag.py:3036} INFO - Sync 1 DAGs
[2026-07-21T18:03:06.081+0000] {logging_mixin.py:188} INFO - [2026-07-21T18:03:06.081+0000] {dag.py:3823} INFO - Setting next_dagrun for example_short_circuit_operator to 2026-07-20 00:00:00+00:00, run_after=2026-07-21 00:00:00+00:00
[2026-07-21T18:03:06.099+0000] {processor.py:183} INFO - Processing /home/airflow/.local/lib/python3.8/site-packages/airflow/example_dags/example_short_circuit_operator.py took 0.074 seconds
[2026-07-21T18:03:36.373+0000] {processor.py:161} INFO - Started process (PID=878) to work on /home/airflow/.local/lib/python3.8/site-packages/airflow/example_dags/example_short_circuit_operator.py
[2026-07-21T18:03:36.375+0000] {processor.py:830} INFO - Processing file /home/airflow/.local/lib/python3.8/site-packages/airflow/example_dags/example_short_circuit_operator.py for tasks to queue
[2026-07-21T18:03:36.377+0000] {logging_mixin.py:188} INFO - [2026-07-21T18:03:36.377+0000] {dagbag.py:538} INFO - Filling up the DagBag from /home/airflow/.local/lib/python3.8/site-packages/airflow/example_dags/example_short_circuit_operator.py
[2026-07-21T18:03:36.384+0000] {processor.py:840} INFO - DAG(s) 'example_short_circuit_operator' retrieved from /home/airflow/.local/lib/python3.8/site-packages/airflow/example_dags/example_short_circuit_operator.py
[2026-07-21T18:03:36.408+0000] {logging_mixin.py:188} INFO - [2026-07-21T18:03:36.407+0000] {dag.py:3036} INFO - Sync 1 DAGs
[2026-07-21T18:03:36.427+0000] {logging_mixin.py:188} INFO - [2026-07-21T18:03:36.426+0000] {dag.py:3823} INFO - Setting next_dagrun for example_short_circuit_operator to 2026-07-20 00:00:00+00:00, run_after=2026-07-21 00:00:00+00:00
[2026-07-21T18:03:36.447+0000] {processor.py:183} INFO - Processing /home/airflow/.local/lib/python3.8/site-packages/airflow/example_dags/example_short_circuit_operator.py took 0.078 seconds
[2026-07-21T18:04:06.823+0000] {processor.py:161} INFO - Started process (PID=934) to work on /home/airflow/.local/lib/python3.8/site-packages/airflow/example_dags/example_short_circuit_operator.py
[2026-07-21T18:04:06.824+0000] {processor.py:830} INFO - Processing file /home/airflow/.local/lib/python3.8/site-packages/airflow/example_dags/example_short_circuit_operator.py for tasks to queue
[2026-07-21T18:04:06.826+0000] {logging_mixin.py:188} INFO - [2026-07-21T18:04:06.826+0000] {dagbag.py:538} INFO - Filling up the DagBag from /home/airflow/.local/lib/python3.8/site-packages/airflow/example_dags/example_short_circuit_operator.py
[2026-07-21T18:04:06.835+0000] {processor.py:840} INFO - DAG(s) 'example_short_circuit_operator' retrieved from /home/airflow/.local/lib/python3.8/site-packages/airflow/example_dags/example_short_circuit_operator.py
[2026-07-21T18:04:06.862+0000] {logging_mixin.py:188} INFO - [2026-07-21T18:04:06.862+0000] {dag.py:3036} INFO - Sync 1 DAGs
[2026-07-21T18:04:06.882+0000] {logging_mixin.py:188} INFO - [2026-07-21T18:04:06.882+0000] {dag.py:3823} INFO - Setting next_dagrun for example_short_circuit_operator to 2026-07-20 00:00:00+00:00, run_after=2026-07-21 00:00:00+00:00
[2026-07-21T18:04:06.903+0000] {processor.py:183} INFO - Processing /home/airflow/.local/lib/python3.8/site-packages/airflow/example_dags/example_short_circuit_operator.py took 0.083 seconds
[2026-07-21T18:04:37.109+0000] {processor.py:161} INFO - Started process (PID=990) to work on /home/airflow/.local/lib/python3.8/site-packages/airflow/example_dags/example_short_circuit_operator.py
[2026-07-21T18:04:37.110+0000] {processor.py:830} INFO - Processing file /home/airflow/.local/lib/python3.8/site-packages/airflow/example_dags/example_short_circuit_operator.py for tasks to queue
[2026-07-21T18:04:37.112+0000] {logging_mixin.py:188} INFO - [2026-07-21T18:04:37.112+0000] {dagbag.py:538} INFO - Filling up the DagBag from /home/airflow/.local/lib/python3.8/site-packages/airflow/example_dags/example_short_circuit_operator.py
[2026-07-21T18:04:37.120+0000] {processor.py:840} INFO - DAG(s) 'example_short_circuit_operator' retrieved from /home/airflow/.local/lib/python3.8/site-packages/airflow/example_dags/example_short_circuit_operator.py
[2026-07-21T18:04:37.143+0000] {logging_mixin.py:188} INFO - [2026-07-21T18:04:37.143+0000] {dag.py:3036} INFO - Sync 1 DAGs
[2026-07-21T18:04:37.165+0000] {logging_mixin.py:188} INFO - [2026-07-21T18:04:37.165+0000] {dag.py:3823} INFO - Setting next_dagrun for example_short_circuit_operator to 2026-07-20 00:00:00+00:00, run_after=2026-07-21 00:00:00+00:00
[2026-07-21T18:04:37.187+0000] {processor.py:183} INFO - Processing /home/airflow/.local/lib/python3.8/site-packages/airflow/example_dags/example_short_circuit_operator.py took 0.081 seconds
[2026-07-21T18:05:07.452+0000] {processor.py:161} INFO - Started process (PID=1046) to work on /home/airflow/.local/lib/python3.8/site-packages/airflow/example_dags/example_short_circuit_operator.py
[2026-07-21T18:05:07.453+0000] {processor.py:830} INFO - Processing file /home/airflow/.local/lib/python3.8/site-packages/airflow/example_dags/example_short_circuit_operator.py for tasks to queue
[2026-07-21T18:05:07.456+0000] {logging_mixin.py:188} INFO - [2026-07-21T18:05:07.455+0000] {dagbag.py:538} INFO - Filling up the DagBag from /home/airflow/.local/lib/python3.8/site-packages/airflow/example_dags/example_short_circuit_operator.py
[2026-07-21T18:05:07.465+0000] {processor.py:840} INFO - DAG(s) 'example_short_circuit_operator' retrieved from /home/airflow/.local/lib/python3.8/site-packages/airflow/example_dags/example_short_circuit_operator.py
[2026-07-21T18:05:07.494+0000] {logging_mixin.py:188} INFO - [2026-07-21T18:05:07.493+0000] {dag.py:3036} INFO - Sync 1 DAGs
[2026-07-21T18:05:07.518+0000] {logging_mixin.py:188} INFO - [2026-07-21T18:05:07.518+0000] {dag.py:3823} INFO - Setting next_dagrun for example_short_circuit_operator to 2026-07-20 00:00:00+00:00, run_after=2026-07-21 00:00:00+00:00
[2026-07-21T18:05:07.539+0000] {processor.py:183} INFO - Processing /home/airflow/.local/lib/python3.8/site-packages/airflow/example_dags/example_short_circuit_operator.py took 0.091 seconds
[2026-07-21T18:05:38.133+0000] {processor.py:161} INFO - Started process (PID=1102) to work on /home/airflow/.local/lib/python3.8/site-packages/airflow/example_dags/example_short_circuit_operator.py
[2026-07-21T18:05:38.134+0000] {processor.py:830} INFO - Processing file /home/airflow/.local/lib/python3.8/site-packages/airflow/example_dags/example_short_circuit_operator.py for tasks to queue
[2026-07-21T18:05:38.136+0000] {logging_mixin.py:188} INFO - [2026-07-21T18:05:38.136+0000] {dagbag.py:538} INFO - Filling up the DagBag from /home/airflow/.local/lib/python3.8/site-packages/airflow/example_dags/example_short_circuit_operator.py
[2026-07-21T18:05:38.145+0000] {processor.py:840} INFO - DAG(s) 'example_short_circuit_operator' retrieved from /home/airflow/.local/lib/python3.8/site-packages/airflow/example_dags/example_short_circuit_operator.py
[2026-07-21T18:05:38.171+0000] {logging_mixin.py:188} INFO - [2026-07-21T18:05:38.170+0000] {dag.py:3036} INFO - Sync 1 DAGs
[2026-07-21T18:05:38.192+0000] {logging_mixin.py:188} INFO - [2026-07-21T18:05:38.191+0000] {dag.py:3823} INFO - Setting next_dagrun for example_short_circuit_operator to 2026-07-20 00:00:00+00:00, run_after=2026-07-21 00:00:00+00:00
[2026-07-21T18:05:38.210+0000] {processor.py:183} INFO - Processing /home/airflow/.local/lib/python3.8/site-packages/airflow/example_dags/example_short_circuit_operator.py took 0.083 seconds
[2026-07-21T18:06:08.541+0000] {processor.py:161} INFO - Started process (PID=1158) to work on /home/airflow/.local/lib/python3.8/site-packages/airflow/example_dags/example_short_circuit_operator.py
[2026-07-21T18:06:08.542+0000] {processor.py:830} INFO - Processing file /home/airflow/.local/lib/python3.8/site-packages/airflow/example_dags/example_short_circuit_operator.py for tasks to queue
[2026-07-21T18:06:08.544+0000] {logging_mixin.py:188} INFO - [2026-07-21T18:06:08.544+0000] {dagbag.py:538} INFO - Filling up the DagBag from /home/airflow/.local/lib/python3.8/site-packages/airflow/example_dags/example_short_circuit_operator.py
[2026-07-21T18:06:08.552+0000] {processor.py:840} INFO - DAG(s) 'example_short_circuit_operator' retrieved from /home/airflow/.local/lib/python3.8/site-packages/airflow/example_dags/example_short_circuit_operator.py
[2026-07-21T18:06:08.577+0000] {logging_mixin.py:188} INFO - [2026-07-21T18:06:08.576+0000] {dag.py:3036} INFO - Sync 1 DAGs
[2026-07-21T18:06:08.607+0000] {logging_mixin.py:188} INFO - [2026-07-21T18:06:08.607+0000] {dag.py:3823} INFO - Setting next_dagrun for example_short_circuit_operator to 2026-07-20 00:00:00+00:00, run_after=2026-07-21 00:00:00+00:00
[2026-07-21T18:06:08.640+0000] {processor.py:183} INFO - Processing /home/airflow/.local/lib/python3.8/site-packages/airflow/example_dags/example_short_circuit_operator.py took 0.102 seconds
[2026-07-21T18:06:39.134+0000] {processor.py:161} INFO - Started process (PID=1214) to work on /home/airflow/.local/lib/python3.8/site-packages/airflow/example_dags/example_short_circuit_operator.py
[2026-07-21T18:06:39.135+0000] {processor.py:830} INFO - Processing file /home/airflow/.local/lib/python3.8/site-packages/airflow/example_dags/example_short_circuit_operator.py for tasks to queue
[2026-07-21T18:06:39.137+0000] {logging_mixin.py:188} INFO - [2026-07-21T18:06:39.137+0000] {dagbag.py:538} INFO - Filling up the DagBag from /home/airflow/.local/lib/python3.8/site-packages/airflow/example_dags/example_short_circuit_operator.py
[2026-07-21T18:06:39.145+0000] {processor.py:840} INFO - DAG(s) 'example_short_circuit_operator' retrieved from /home/airflow/.local/lib/python3.8/site-packages/airflow/example_dags/example_short_circuit_operator.py
[2026-07-21T18:06:39.172+0000] {logging_mixin.py:188} INFO - [2026-07-21T18:06:39.171+0000] {dag.py:3036} INFO - Sync 1 DAGs
[2026-07-21T18:06:39.195+0000] {logging_mixin.py:188} INFO - [2026-07-21T18:06:39.195+0000] {dag.py:3823} INFO - Setting next_dagrun for example_short_circuit_operator to 2026-07-20 00:00:00+00:00, run_after=2026-07-21 00:00:00+00:00
[2026-07-21T18:06:39.216+0000] {processor.py:183} INFO - Processing /home/airflow/.local/lib/python3.8/site-packages/airflow/example_dags/example_short_circuit_operator.py took 0.086 seconds
[2026-07-21T18:07:09.412+0000] {processor.py:161} INFO - Started process (PID=1270) to work on /home/airflow/.local/lib/python3.8/site-packages/airflow/example_dags/example_short_circuit_operator.py
[2026-07-21T18:07:09.413+0000] {processor.py:830} INFO - Processing file /home/airflow/.local/lib/python3.8/site-packages/airflow/example_dags/example_short_circuit_operator.py for tasks to queue
[2026-07-21T18:07:09.416+0000] {logging_mixin.py:188} INFO - [2026-07-21T18:07:09.415+0000] {dagbag.py:538} INFO - Filling up the DagBag from /home/airflow/.local/lib/python3.8/site-packages/airflow/example_dags/example_short_circuit_operator.py
[2026-07-21T18:07:09.423+0000] {processor.py:840} INFO - DAG(s) 'example_short_circuit_operator' retrieved from /home/airflow/.local/lib/python3.8/site-packages/airflow/example_dags/example_short_circuit_operator.py
[2026-07-21T18:07:09.447+0000] {logging_mixin.py:188} INFO - [2026-07-21T18:07:09.446+0000] {dag.py:3036} INFO - Sync 1 DAGs
[2026-07-21T18:07:09.468+0000] {logging_mixin.py:188} INFO - [2026-07-21T18:07:09.468+0000] {dag.py:3823} INFO - Setting next_dagrun for example_short_circuit_operator to 2026-07-20 00:00:00+00:00, run_after=2026-07-21 00:00:00+00:00
[2026-07-21T18:07:09.493+0000] {processor.py:183} INFO - Processing /home/airflow/.local/lib/python3.8/site-packages/airflow/example_dags/example_short_circuit_operator.py took 0.084 seconds
[2026-07-21T18:09:13.838+0000] {processor.py:161} INFO - Started process (PID=127) to work on /home/airflow/.local/lib/python3.8/site-packages/airflow/example_dags/example_short_circuit_operator.py
[2026-07-21T18:09:13.840+0000] {processor.py:830} INFO - Processing file /home/airflow/.local/lib/python3.8/site-packages/airflow/example_dags/example_short_circuit_operator.py for tasks to queue
[2026-07-21T18:09:13.844+0000] {logging_mixin.py:188} INFO - [2026-07-21T18:09:13.844+0000] {dagbag.py:538} INFO - Filling up the DagBag from /home/airflow/.local/lib/python3.8/site-packages/airflow/example_dags/example_short_circuit_operator.py
[2026-07-21T18:09:13.859+0000] {processor.py:840} INFO - DAG(s) 'example_short_circuit_operator' retrieved from /home/airflow/.local/lib/python3.8/site-packages/airflow/example_dags/example_short_circuit_operator.py
[2026-07-21T18:09:13.876+0000] {logging_mixin.py:188} INFO - [2026-07-21T18:09:13.876+0000] {dag.py:3036} INFO - Sync 1 DAGs
[2026-07-21T18:09:13.913+0000] {logging_mixin.py:188} INFO - [2026-07-21T18:09:13.913+0000] {dag.py:3823} INFO - Setting next_dagrun for example_short_circuit_operator to 2026-07-20 00:00:00+00:00, run_after=2026-07-21 00:00:00+00:00
[2026-07-21T18:09:13.940+0000] {processor.py:183} INFO - Processing /home/airflow/.local/lib/python3.8/site-packages/airflow/example_dags/example_short_circuit_operator.py took 0.109 seconds
[2026-07-21T18:09:44.818+0000] {processor.py:161} INFO - Started process (PID=183) to work on /home/airflow/.local/lib/python3.8/site-packages/airflow/example_dags/example_short_circuit_operator.py
[2026-07-21T18:09:44.819+0000] {processor.py:830} INFO - Processing file /home/airflow/.local/lib/python3.8/site-packages/airflow/example_dags/example_short_circuit_operator.py for tasks to queue
[2026-07-21T18:09:44.821+0000] {logging_mixin.py:188} INFO - [2026-07-21T18:09:44.821+0000] {dagbag.py:538} INFO - Filling up the DagBag from /home/airflow/.local/lib/python3.8/site-packages/airflow/example_dags/example_short_circuit_operator.py
[2026-07-21T18:09:44.829+0000] {processor.py:840} INFO - DAG(s) 'example_short_circuit_operator' retrieved from /home/airflow/.local/lib/python3.8/site-packages/airflow/example_dags/example_short_circuit_operator.py
[2026-07-21T18:09:44.932+0000] {logging_mixin.py:188} INFO - [2026-07-21T18:09:44.932+0000] {dag.py:3036} INFO - Sync 1 DAGs
[2026-07-21T18:09:44.951+0000] {logging_mixin.py:188} INFO - [2026-07-21T18:09:44.951+0000] {dag.py:3823} INFO - Setting next_dagrun for example_short_circuit_operator to 2026-07-20 00:00:00+00:00, run_after=2026-07-21 00:00:00+00:00
[2026-07-21T18:09:44.971+0000] {processor.py:183} INFO - Processing /home/airflow/.local/lib/python3.8/site-packages/airflow/example_dags/example_short_circuit_operator.py took 0.157 seconds
[2026-07-21T18:10:15.132+0000] {processor.py:161} INFO - Started process (PID=239) to work on /home/airflow/.local/lib/python3.8/site-packages/airflow/example_dags/example_short_circuit_operator.py
[2026-07-21T18:10:15.133+0000] {processor.py:830} INFO - Processing file /home/airflow/.local/lib/python3.8/site-packages/airflow/example_dags/example_short_circuit_operator.py for tasks to queue
[2026-07-21T18:10:15.135+0000] {logging_mixin.py:188} INFO - [2026-07-21T18:10:15.135+0000] {dagbag.py:538} INFO - Filling up the DagBag from /home/airflow/.local/lib/python3.8/site-packages/airflow/example_dags/example_short_circuit_operator.py
[2026-07-21T18:10:15.143+0000] {processor.py:840} INFO - DAG(s) 'example_short_circuit_operator' retrieved from /home/airflow/.local/lib/python3.8/site-packages/airflow/example_dags/example_short_circuit_operator.py
[2026-07-21T18:10:15.168+0000] {logging_mixin.py:188} INFO - [2026-07-21T18:10:15.168+0000] {dag.py:3036} INFO - Sync 1 DAGs
[2026-07-21T18:10:15.189+0000] {logging_mixin.py:188} INFO - [2026-07-21T18:10:15.189+0000] {dag.py:3823} INFO - Setting next_dagrun for example_short_circuit_operator to 2026-07-20 00:00:00+00:00, run_after=2026-07-21 00:00:00+00:00
[2026-07-21T18:10:15.210+0000] {processor.py:183} INFO - Processing /home/airflow/.local/lib/python3.8/site-packages/airflow/example_dags/example_short_circuit_operator.py took 0.082 seconds
[2026-07-21T18:10:45.502+0000] {processor.py:161} INFO - Started process (PID=295) to work on /home/airflow/.local/lib/python3.8/site-packages/airflow/example_dags/example_short_circuit_operator.py
[2026-07-21T18:10:45.503+0000] {processor.py:830} INFO - Processing file /home/airflow/.local/lib/python3.8/site-packages/airflow/example_dags/example_short_circuit_operator.py for tasks to queue
[2026-07-21T18:10:45.505+0000] {logging_mixin.py:188} INFO - [2026-07-21T18:10:45.505+0000] {dagbag.py:538} INFO - Filling up the DagBag from /home/airflow/.local/lib/python3.8/site-packages/airflow/example_dags/example_short_circuit_operator.py
[2026-07-21T18:10:45.513+0000] {processor.py:840} INFO - DAG(s) 'example_short_circuit_operator' retrieved from /home/airflow/.local/lib/python3.8/site-packages/airflow/example_dags/example_short_circuit_operator.py
[2026-07-21T18:10:45.539+0000] {logging_mixin.py:188} INFO - [2026-07-21T18:10:45.539+0000] {dag.py:3036} INFO - Sync 1 DAGs
[2026-07-21T18:10:45.563+0000] {logging_mixin.py:188} INFO - [2026-07-21T18:10:45.563+0000] {dag.py:3823} INFO - Setting next_dagrun for example_short_circuit_operator to 2026-07-20 00:00:00+00:00, run_after=2026-07-21 00:00:00+00:00
[2026-07-21T18:10:45.584+0000] {processor.py:183} INFO - Processing /home/airflow/.local/lib/python3.8/site-packages/airflow/example_dags/example_short_circuit_operator.py took 0.086 seconds
[2026-07-21T18:11:15.924+0000] {processor.py:161} INFO - Started process (PID=351) to work on /home/airflow/.local/lib/python3.8/site-packages/airflow/example_dags/example_short_circuit_operator.py
[2026-07-21T18:11:15.925+0000] {processor.py:830} INFO - Processing file /home/airflow/.local/lib/python3.8/site-packages/airflow/example_dags/example_short_circuit_operator.py for tasks to queue
[2026-07-21T18:11:15.927+0000] {logging_mixin.py:188} INFO - [2026-07-21T18:11:15.927+0000] {dagbag.py:538} INFO - Filling up the DagBag from /home/airflow/.local/lib/python3.8/site-packages/airflow/example_dags/example_short_circuit_operator.py
[2026-07-21T18:11:15.935+0000] {processor.py:840} INFO - DAG(s) 'example_short_circuit_operator' retrieved from /home/airflow/.local/lib/python3.8/site-packages/airflow/example_dags/example_short_circuit_operator.py
[2026-07-21T18:11:15.961+0000] {logging_mixin.py:188} INFO - [2026-07-21T18:11:15.961+0000] {dag.py:3036} INFO - Sync 1 DAGs
[2026-07-21T18:11:15.980+0000] {logging_mixin.py:188} INFO - [2026-07-21T18:11:15.980+0000] {dag.py:3823} INFO - Setting next_dagrun for example_short_circuit_operator to 2026-07-20 00:00:00+00:00, run_after=2026-07-21 00:00:00+00:00
[2026-07-21T18:11:15.999+0000] {processor.py:183} INFO - Processing /home/airflow/.local/lib/python3.8/site-packages/airflow/example_dags/example_short_circuit_operator.py took 0.079 seconds
[2026-07-21T18:11:46.490+0000] {processor.py:161} INFO - Started process (PID=407) to work on /home/airflow/.local/lib/python3.8/site-packages/airflow/example_dags/example_short_circuit_operator.py
[2026-07-21T18:11:46.492+0000] {processor.py:830} INFO - Processing file /home/airflow/.local/lib/python3.8/site-packages/airflow/example_dags/example_short_circuit_operator.py for tasks to queue
[2026-07-21T18:11:46.494+0000] {logging_mixin.py:188} INFO - [2026-07-21T18:11:46.494+0000] {dagbag.py:538} INFO - Filling up the DagBag from /home/airflow/.local/lib/python3.8/site-packages/airflow/example_dags/example_short_circuit_operator.py
[2026-07-21T18:11:46.505+0000] {processor.py:840} INFO - DAG(s) 'example_short_circuit_operator' retrieved from /home/airflow/.local/lib/python3.8/site-packages/airflow/example_dags/example_short_circuit_operator.py
[2026-07-21T18:11:46.531+0000] {logging_mixin.py:188} INFO - [2026-07-21T18:11:46.530+0000] {dag.py:3036} INFO - Sync 1 DAGs
[2026-07-21T18:11:46.551+0000] {logging_mixin.py:188} INFO - [2026-07-21T18:11:46.551+0000] {dag.py:3823} INFO - Setting next_dagrun for example_short_circuit_operator to 2026-07-20 00:00:00+00:00, run_after=2026-07-21 00:00:00+00:00
[2026-07-21T18:11:46.574+0000] {processor.py:183} INFO - Processing /home/airflow/.local/lib/python3.8/site-packages/airflow/example_dags/example_short_circuit_operator.py took 0.091 seconds
[2026-07-21T18:12:17.216+0000] {processor.py:161} INFO - Started process (PID=463) to work on /home/airflow/.local/lib/python3.8/site-packages/airflow/example_dags/example_short_circuit_operator.py
[2026-07-21T18:12:17.217+0000] {processor.py:830} INFO - Processing file /home/airflow/.local/lib/python3.8/site-packages/airflow/example_dags/example_short_circuit_operator.py for tasks to queue
[2026-07-21T18:12:17.219+0000] {logging_mixin.py:188} INFO - [2026-07-21T18:12:17.219+0000] {dagbag.py:538} INFO - Filling up the DagBag from /home/airflow/.local/lib/python3.8/site-packages/airflow/example_dags/example_short_circuit_operator.py
[2026-07-21T18:12:17.227+0000] {processor.py:840} INFO - DAG(s) 'example_short_circuit_operator' retrieved from /home/airflow/.local/lib/python3.8/site-packages/airflow/example_dags/example_short_circuit_operator.py
[2026-07-21T18:12:17.252+0000] {logging_mixin.py:188} INFO - [2026-07-21T18:12:17.252+0000] {dag.py:3036} INFO - Sync 1 DAGs
[2026-07-21T18:12:17.275+0000] {logging_mixin.py:188} INFO - [2026-07-21T18:12:17.275+0000] {dag.py:3823} INFO - Setting next_dagrun for example_short_circuit_operator to 2026-07-20 00:00:00+00:00, run_after=2026-07-21 00:00:00+00:00
[2026-07-21T18:12:17.296+0000] {processor.py:183} INFO - Processing /home/airflow/.local/lib/python3.8/site-packages/airflow/example_dags/example_short_circuit_operator.py took 0.084 seconds
[2026-07-21T18:12:48.067+0000] {processor.py:161} INFO - Started process (PID=519) to work on /home/airflow/.local/lib/python3.8/site-packages/airflow/example_dags/example_short_circuit_operator.py
[2026-07-21T18:12:48.068+0000] {processor.py:830} INFO - Processing file /home/airflow/.local/lib/python3.8/site-packages/airflow/example_dags/example_short_circuit_operator.py for tasks to queue
[2026-07-21T18:12:48.070+0000] {logging_mixin.py:188} INFO - [2026-07-21T18:12:48.070+0000] {dagbag.py:538} INFO - Filling up the DagBag from /home/airflow/.local/lib/python3.8/site-packages/airflow/example_dags/example_short_circuit_operator.py
[2026-07-21T18:12:48.079+0000] {processor.py:840} INFO - DAG(s) 'example_short_circuit_operator' retrieved from /home/airflow/.local/lib/python3.8/site-packages/airflow/example_dags/example_short_circuit_operator.py
[2026-07-21T18:12:48.103+0000] {logging_mixin.py:188} INFO - [2026-07-21T18:12:48.102+0000] {dag.py:3036} INFO - Sync 1 DAGs
[2026-07-21T18:12:48.124+0000] {logging_mixin.py:188} INFO - [2026-07-21T18:12:48.124+0000] {dag.py:3823} INFO - Setting next_dagrun for example_short_circuit_operator to 2026-07-20 00:00:00+00:00, run_after=2026-07-21 00:00:00+00:00
[2026-07-21T18:12:48.145+0000] {processor.py:183} INFO - Processing /home/airflow/.local/lib/python3.8/site-packages/airflow/example_dags/example_short_circuit_operator.py took 0.082 seconds
[2026-07-21T18:13:18.883+0000] {processor.py:161} INFO - Started process (PID=575) to work on /home/airflow/.local/lib/python3.8/site-packages/airflow/example_dags/example_short_circuit_operator.py
[2026-07-21T18:13:18.885+0000] {processor.py:830} INFO - Processing file /home/airflow/.local/lib/python3.8/site-packages/airflow/example_dags/example_short_circuit_operator.py for tasks to queue
[2026-07-21T18:13:18.887+0000] {logging_mixin.py:188} INFO - [2026-07-21T18:13:18.887+0000] {dagbag.py:538} INFO - Filling up the DagBag from /home/airflow/.local/lib/python3.8/site-packages/airflow/example_dags/example_short_circuit_operator.py
[2026-07-21T18:13:18.896+0000] {processor.py:840} INFO - DAG(s) 'example_short_circuit_operator' retrieved from /home/airflow/.local/lib/python3.8/site-packages/airflow/example_dags/example_short_circuit_operator.py
[2026-07-21T18:13:18.921+0000] {logging_mixin.py:188} INFO - [2026-07-21T18:13:18.921+0000] {dag.py:3036} INFO - Sync 1 DAGs
[2026-07-21T18:13:18.943+0000] {logging_mixin.py:188} INFO - [2026-07-21T18:13:18.943+0000] {dag.py:3823} INFO - Setting next_dagrun for example_short_circuit_operator to 2026-07-20 00:00:00+00:00, run_after=2026-07-21 00:00:00+00:00
[2026-07-21T18:13:18.965+0000] {processor.py:183} INFO - Processing /home/airflow/.local/lib/python3.8/site-packages/airflow/example_dags/example_short_circuit_operator.py took 0.086 seconds
[2026-07-21T18:13:49.264+0000] {processor.py:161} INFO - Started process (PID=631) to work on /home/airflow/.local/lib/python3.8/site-packages/airflow/example_dags/example_short_circuit_operator.py
[2026-07-21T18:13:49.265+0000] {processor.py:830} INFO - Processing file /home/airflow/.local/lib/python3.8/site-packages/airflow/example_dags/example_short_circuit_operator.py for tasks to queue
[2026-07-21T18:13:49.269+0000] {logging_mixin.py:188} INFO - [2026-07-21T18:13:49.268+0000] {dagbag.py:538} INFO - Filling up the DagBag from /home/airflow/.local/lib/python3.8/site-packages/airflow/example_dags/example_short_circuit_operator.py
[2026-07-21T18:13:49.279+0000] {processor.py:840} INFO - DAG(s) 'example_short_circuit_operator' retrieved from /home/airflow/.local/lib/python3.8/site-packages/airflow/example_dags/example_short_circuit_operator.py
[2026-07-21T18:13:49.307+0000] {logging_mixin.py:188} INFO - [2026-07-21T18:13:49.306+0000] {dag.py:3036} INFO - Sync 1 DAGs
[2026-07-21T18:13:49.332+0000] {logging_mixin.py:188} INFO - [2026-07-21T18:13:49.332+0000] {dag.py:3823} INFO - Setting next_dagrun for example_short_circuit_operator to 2026-07-20 00:00:00+00:00, run_after=2026-07-21 00:00:00+00:00
[2026-07-21T18:13:49.351+0000] {processor.py:183} INFO - Processing /home/airflow/.local/lib/python3.8/site-packages/airflow/example_dags/example_short_circuit_operator.py took 0.091 seconds
[2026-07-21T18:14:20.304+0000] {processor.py:161} INFO - Started process (PID=687) to work on /home/airflow/.local/lib/python3.8/site-packages/airflow/example_dags/example_short_circuit_operator.py
[2026-07-21T18:14:20.305+0000] {processor.py:830} INFO - Processing file /home/airflow/.local/lib/python3.8/site-packages/airflow/example_dags/example_short_circuit_operator.py for tasks to queue
[2026-07-21T18:14:20.308+0000] {logging_mixin.py:188} INFO - [2026-07-21T18:14:20.307+0000] {dagbag.py:538} INFO - Filling up the DagBag from /home/airflow/.local/lib/python3.8/site-packages/airflow/example_dags/example_short_circuit_operator.py
[2026-07-21T18:14:20.316+0000] {processor.py:840} INFO - DAG(s) 'example_short_circuit_operator' retrieved from /home/airflow/.local/lib/python3.8/site-packages/airflow/example_dags/example_short_circuit_operator.py
[2026-07-21T18:14:20.338+0000] {logging_mixin.py:188} INFO - [2026-07-21T18:14:20.338+0000] {dag.py:3036} INFO - Sync 1 DAGs
[2026-07-21T18:14:20.357+0000] {logging_mixin.py:188} INFO - [2026-07-21T18:14:20.357+0000] {dag.py:3823} INFO - Setting next_dagrun for example_short_circuit_operator to 2026-07-20 00:00:00+00:00, run_after=2026-07-21 00:00:00+00:00
[2026-07-21T18:14:20.375+0000] {processor.py:183} INFO - Processing /home/airflow/.local/lib/python3.8/site-packages/airflow/example_dags/example_short_circuit_operator.py took 0.075 seconds
[2026-07-21T18:14:51.211+0000] {processor.py:161} INFO - Started process (PID=744) to work on /home/airflow/.local/lib/python3.8/site-packages/airflow/example_dags/example_short_circuit_operator.py
[2026-07-21T18:14:51.212+0000] {processor.py:830} INFO - Processing file /home/airflow/.local/lib/python3.8/site-packages/airflow/example_dags/example_short_circuit_operator.py for tasks to queue
[2026-07-21T18:14:51.215+0000] {logging_mixin.py:188} INFO - [2026-07-21T18:14:51.214+0000] {dagbag.py:538} INFO - Filling up the DagBag from /home/airflow/.local/lib/python3.8/site-packages/airflow/example_dags/example_short_circuit_operator.py
[2026-07-21T18:14:51.223+0000] {processor.py:840} INFO - DAG(s) 'example_short_circuit_operator' retrieved from /home/airflow/.local/lib/python3.8/site-packages/airflow/example_dags/example_short_circuit_operator.py
[2026-07-21T18:14:51.248+0000] {logging_mixin.py:188} INFO - [2026-07-21T18:14:51.248+0000] {dag.py:3036} INFO - Sync 1 DAGs
[2026-07-21T18:14:51.270+0000] {logging_mixin.py:188} INFO - [2026-07-21T18:14:51.269+0000] {dag.py:3823} INFO - Setting next_dagrun for example_short_circuit_operator to 2026-07-20 00:00:00+00:00, run_after=2026-07-21 00:00:00+00:00
[2026-07-21T18:14:51.291+0000] {processor.py:183} INFO - Processing /home/airflow/.local/lib/python3.8/site-packages/airflow/example_dags/example_short_circuit_operator.py took 0.084 seconds
[2026-07-21T18:15:22.158+0000] {processor.py:161} INFO - Started process (PID=800) to work on /home/airflow/.local/lib/python3.8/site-packages/airflow/example_dags/example_short_circuit_operator.py
[2026-07-21T18:15:22.160+0000] {processor.py:830} INFO - Processing file /home/airflow/.local/lib/python3.8/site-packages/airflow/example_dags/example_short_circuit_operator.py for tasks to queue
[2026-07-21T18:15:22.162+0000] {logging_mixin.py:188} INFO - [2026-07-21T18:15:22.161+0000] {dagbag.py:538} INFO - Filling up the DagBag from /home/airflow/.local/lib/python3.8/site-packages/airflow/example_dags/example_short_circuit_operator.py
[2026-07-21T18:15:22.170+0000] {processor.py:840} INFO - DAG(s) 'example_short_circuit_operator' retrieved from /home/airflow/.local/lib/python3.8/site-packages/airflow/example_dags/example_short_circuit_operator.py
[2026-07-21T18:15:22.195+0000] {logging_mixin.py:188} INFO - [2026-07-21T18:15:22.194+0000] {dag.py:3036} INFO - Sync 1 DAGs
[2026-07-21T18:15:22.216+0000] {logging_mixin.py:188} INFO - [2026-07-21T18:15:22.216+0000] {dag.py:3823} INFO - Setting next_dagrun for example_short_circuit_operator to 2026-07-20 00:00:00+00:00, run_after=2026-07-21 00:00:00+00:00
[2026-07-21T18:15:22.236+0000] {processor.py:183} INFO - Processing /home/airflow/.local/lib/python3.8/site-packages/airflow/example_dags/example_short_circuit_operator.py took 0.082 seconds
[2026-07-21T18:15:52.924+0000] {processor.py:161} INFO - Started process (PID=856) to work on /home/airflow/.local/lib/python3.8/site-packages/airflow/example_dags/example_short_circuit_operator.py
[2026-07-21T18:15:52.925+0000] {processor.py:830} INFO - Processing file /home/airflow/.local/lib/python3.8/site-packages/airflow/example_dags/example_short_circuit_operator.py for tasks to queue
[2026-07-21T18:15:52.928+0000] {logging_mixin.py:188} INFO - [2026-07-21T18:15:52.927+0000] {dagbag.py:538} INFO - Filling up the DagBag from /home/airflow/.local/lib/python3.8/site-packages/airflow/example_dags/example_short_circuit_operator.py
[2026-07-21T18:15:52.935+0000] {processor.py:840} INFO - DAG(s) 'example_short_circuit_operator' retrieved from /home/airflow/.local/lib/python3.8/site-packages/airflow/example_dags/example_short_circuit_operator.py
[2026-07-21T18:15:52.963+0000] {logging_mixin.py:188} INFO - [2026-07-21T18:15:52.962+0000] {dag.py:3036} INFO - Sync 1 DAGs
[2026-07-21T18:15:52.984+0000] {logging_mixin.py:188} INFO - [2026-07-21T18:15:52.984+0000] {dag.py:3823} INFO - Setting next_dagrun for example_short_circuit_operator to 2026-07-20 00:00:00+00:00, run_after=2026-07-21 00:00:00+00:00
[2026-07-21T18:15:53.004+0000] {processor.py:183} INFO - Processing /home/airflow/.local/lib/python3.8/site-packages/airflow/example_dags/example_short_circuit_operator.py took 0.084 seconds
[2026-07-21T18:16:23.675+0000] {processor.py:161} INFO - Started process (PID=912) to work on /home/airflow/.local/lib/python3.8/site-packages/airflow/example_dags/example_short_circuit_operator.py
[2026-07-21T18:16:23.676+0000] {processor.py:830} INFO - Processing file /home/airflow/.local/lib/python3.8/site-packages/airflow/example_dags/example_short_circuit_operator.py for tasks to queue
[2026-07-21T18:16:23.679+0000] {logging_mixin.py:188} INFO - [2026-07-21T18:16:23.678+0000] {dagbag.py:538} INFO - Filling up the DagBag from /home/airflow/.local/lib/python3.8/site-packages/airflow/example_dags/example_short_circuit_operator.py
[2026-07-21T18:16:23.687+0000] {processor.py:840} INFO - DAG(s) 'example_short_circuit_operator' retrieved from /home/airflow/.local/lib/python3.8/site-packages/airflow/example_dags/example_short_circuit_operator.py
[2026-07-21T18:16:23.714+0000] {logging_mixin.py:188} INFO - [2026-07-21T18:16:23.714+0000] {dag.py:3036} INFO - Sync 1 DAGs
[2026-07-21T18:16:23.737+0000] {logging_mixin.py:188} INFO - [2026-07-21T18:16:23.737+0000] {dag.py:3823} INFO - Setting next_dagrun for example_short_circuit_operator to 2026-07-20 00:00:00+00:00, run_after=2026-07-21 00:00:00+00:00
[2026-07-21T18:16:23.759+0000] {processor.py:183} INFO - Processing /home/airflow/.local/lib/python3.8/site-packages/airflow/example_dags/example_short_circuit_operator.py took 0.088 seconds
[2026-07-21T18:16:53.895+0000] {processor.py:161} INFO - Started process (PID=968) to work on /home/airflow/.local/lib/python3.8/site-packages/airflow/example_dags/example_short_circuit_operator.py
[2026-07-21T18:16:53.896+0000] {processor.py:830} INFO - Processing file /home/airflow/.local/lib/python3.8/site-packages/airflow/example_dags/example_short_circuit_operator.py for tasks to queue
[2026-07-21T18:16:53.898+0000] {logging_mixin.py:188} INFO - [2026-07-21T18:16:53.898+0000] {dagbag.py:538} INFO - Filling up the DagBag from /home/airflow/.local/lib/python3.8/site-packages/airflow/example_dags/example_short_circuit_operator.py
[2026-07-21T18:16:53.906+0000] {processor.py:840} INFO - DAG(s) 'example_short_circuit_operator' retrieved from /home/airflow/.local/lib/python3.8/site-packages/airflow/example_dags/example_short_circuit_operator.py
[2026-07-21T18:16:53.930+0000] {logging_mixin.py:188} INFO - [2026-07-21T18:16:53.929+0000] {dag.py:3036} INFO - Sync 1 DAGs
[2026-07-21T18:16:53.949+0000] {logging_mixin.py:188} INFO - [2026-07-21T18:16:53.949+0000] {dag.py:3823} INFO - Setting next_dagrun for example_short_circuit_operator to 2026-07-20 00:00:00+00:00, run_after=2026-07-21 00:00:00+00:00
[2026-07-21T18:16:53.967+0000] {processor.py:183} INFO - Processing /home/airflow/.local/lib/python3.8/site-packages/airflow/example_dags/example_short_circuit_operator.py took 0.076 seconds
[2026-07-21T18:17:24.170+0000] {processor.py:161} INFO - Started process (PID=1024) to work on /home/airflow/.local/lib/python3.8/site-packages/airflow/example_dags/example_short_circuit_operator.py
[2026-07-21T18:17:24.171+0000] {processor.py:830} INFO - Processing file /home/airflow/.local/lib/python3.8/site-packages/airflow/example_dags/example_short_circuit_operator.py for tasks to queue
[2026-07-21T18:17:24.174+0000] {logging_mixin.py:188} INFO - [2026-07-21T18:17:24.173+0000] {dagbag.py:538} INFO - Filling up the DagBag from /home/airflow/.local/lib/python3.8/site-packages/airflow/example_dags/example_short_circuit_operator.py
[2026-07-21T18:17:24.183+0000] {processor.py:840} INFO - DAG(s) 'example_short_circuit_operator' retrieved from /home/airflow/.local/lib/python3.8/site-packages/airflow/example_dags/example_short_circuit_operator.py
[2026-07-21T18:17:24.211+0000] {logging_mixin.py:188} INFO - [2026-07-21T18:17:24.211+0000] {dag.py:3036} INFO - Sync 1 DAGs
[2026-07-21T18:17:24.236+0000] {logging_mixin.py:188} INFO - [2026-07-21T18:17:24.236+0000] {dag.py:3823} INFO - Setting next_dagrun for example_short_circuit_operator to 2026-07-20 00:00:00+00:00, run_after=2026-07-21 00:00:00+00:00
[2026-07-21T18:17:24.256+0000] {processor.py:183} INFO - Processing /home/airflow/.local/lib/python3.8/site-packages/airflow/example_dags/example_short_circuit_operator.py took 0.091 seconds
[2026-07-21T18:17:55.092+0000] {processor.py:161} INFO - Started process (PID=1080) to work on /home/airflow/.local/lib/python3.8/site-packages/airflow/example_dags/example_short_circuit_operator.py
[2026-07-21T18:17:55.094+0000] {processor.py:830} INFO - Processing file /home/airflow/.local/lib/python3.8/site-packages/airflow/example_dags/example_short_circuit_operator.py for tasks to queue
[2026-07-21T18:17:55.096+0000] {logging_mixin.py:188} INFO - [2026-07-21T18:17:55.095+0000] {dagbag.py:538} INFO - Filling up the DagBag from /home/airflow/.local/lib/python3.8/site-packages/airflow/example_dags/example_short_circuit_operator.py
[2026-07-21T18:17:55.103+0000] {processor.py:840} INFO - DAG(s) 'example_short_circuit_operator' retrieved from /home/airflow/.local/lib/python3.8/site-packages/airflow/example_dags/example_short_circuit_operator.py
[2026-07-21T18:17:55.127+0000] {logging_mixin.py:188} INFO - [2026-07-21T18:17:55.127+0000] {dag.py:3036} INFO - Sync 1 DAGs
[2026-07-21T18:17:55.148+0000] {logging_mixin.py:188} INFO - [2026-07-21T18:17:55.148+0000] {dag.py:3823} INFO - Setting next_dagrun for example_short_circuit_operator to 2026-07-20 00:00:00+00:00, run_after=2026-07-21 00:00:00+00:00
[2026-07-21T18:17:55.167+0000] {processor.py:183} INFO - Processing /home/airflow/.local/lib/python3.8/site-packages/airflow/example_dags/example_short_circuit_operator.py took 0.079 seconds
[2026-07-21T18:18:26.127+0000] {processor.py:161} INFO - Started process (PID=1136) to work on /home/airflow/.local/lib/python3.8/site-packages/airflow/example_dags/example_short_circuit_operator.py
[2026-07-21T18:18:26.128+0000] {processor.py:830} INFO - Processing file /home/airflow/.local/lib/python3.8/site-packages/airflow/example_dags/example_short_circuit_operator.py for tasks to queue
[2026-07-21T18:18:26.130+0000] {logging_mixin.py:188} INFO - [2026-07-21T18:18:26.130+0000] {dagbag.py:538} INFO - Filling up the DagBag from /home/airflow/.local/lib/python3.8/site-packages/airflow/example_dags/example_short_circuit_operator.py
[2026-07-21T18:18:26.140+0000] {processor.py:840} INFO - DAG(s) 'example_short_circuit_operator' retrieved from /home/airflow/.local/lib/python3.8/site-packages/airflow/example_dags/example_short_circuit_operator.py
[2026-07-21T18:18:26.164+0000] {logging_mixin.py:188} INFO - [2026-07-21T18:18:26.164+0000] {dag.py:3036} INFO - Sync 1 DAGs
[2026-07-21T18:18:26.183+0000] {logging_mixin.py:188} INFO - [2026-07-21T18:18:26.183+0000] {dag.py:3823} INFO - Setting next_dagrun for example_short_circuit_operator to 2026-07-20 00:00:00+00:00, run_after=2026-07-21 00:00:00+00:00
[2026-07-21T18:18:26.208+0000] {processor.py:183} INFO - Processing /home/airflow/.local/lib/python3.8/site-packages/airflow/example_dags/example_short_circuit_operator.py took 0.085 seconds
[2026-07-21T18:18:57.057+0000] {processor.py:161} INFO - Started process (PID=1192) to work on /home/airflow/.local/lib/python3.8/site-packages/airflow/example_dags/example_short_circuit_operator.py
[2026-07-21T18:18:57.061+0000] {processor.py:830} INFO - Processing file /home/airflow/.local/lib/python3.8/site-packages/airflow/example_dags/example_short_circuit_operator.py for tasks to queue
[2026-07-21T18:18:57.063+0000] {logging_mixin.py:188} INFO - [2026-07-21T18:18:57.063+0000] {dagbag.py:538} INFO - Filling up the DagBag from /home/airflow/.local/lib/python3.8/site-packages/airflow/example_dags/example_short_circuit_operator.py
[2026-07-21T18:18:57.072+0000] {processor.py:840} INFO - DAG(s) 'example_short_circuit_operator' retrieved from /home/airflow/.local/lib/python3.8/site-packages/airflow/example_dags/example_short_circuit_operator.py
[2026-07-21T18:18:57.098+0000] {logging_mixin.py:188} INFO - [2026-07-21T18:18:57.098+0000] {dag.py:3036} INFO - Sync 1 DAGs
[2026-07-21T18:18:57.118+0000] {logging_mixin.py:188} INFO - [2026-07-21T18:18:57.118+0000] {dag.py:3823} INFO - Setting next_dagrun for example_short_circuit_operator to 2026-07-20 00:00:00+00:00, run_after=2026-07-21 00:00:00+00:00
[2026-07-21T18:18:57.141+0000] {processor.py:183} INFO - Processing /home/airflow/.local/lib/python3.8/site-packages/airflow/example_dags/example_short_circuit_operator.py took 0.089 seconds
[2026-07-21T18:19:27.516+0000] {processor.py:161} INFO - Started process (PID=1248) to work on /home/airflow/.local/lib/python3.8/site-packages/airflow/example_dags/example_short_circuit_operator.py
[2026-07-21T18:19:27.517+0000] {processor.py:830} INFO - Processing file /home/airflow/.local/lib/python3.8/site-packages/airflow/example_dags/example_short_circuit_operator.py for tasks to queue
[2026-07-21T18:19:27.519+0000] {logging_mixin.py:188} INFO - [2026-07-21T18:19:27.519+0000] {dagbag.py:538} INFO - Filling up the DagBag from /home/airflow/.local/lib/python3.8/site-packages/airflow/example_dags/example_short_circuit_operator.py
[2026-07-21T18:19:27.527+0000] {processor.py:840} INFO - DAG(s) 'example_short_circuit_operator' retrieved from /home/airflow/.local/lib/python3.8/site-packages/airflow/example_dags/example_short_circuit_operator.py
[2026-07-21T18:19:27.551+0000] {logging_mixin.py:188} INFO - [2026-07-21T18:19:27.551+0000] {dag.py:3036} INFO - Sync 1 DAGs
[2026-07-21T18:19:27.572+0000] {logging_mixin.py:188} INFO - [2026-07-21T18:19:27.571+0000] {dag.py:3823} INFO - Setting next_dagrun for example_short_circuit_operator to 2026-07-20 00:00:00+00:00, run_after=2026-07-21 00:00:00+00:00
[2026-07-21T18:19:27.591+0000] {processor.py:183} INFO - Processing /home/airflow/.local/lib/python3.8/site-packages/airflow/example_dags/example_short_circuit_operator.py took 0.078 seconds
[2026-07-21T18:19:58.183+0000] {processor.py:161} INFO - Started process (PID=1304) to work on /home/airflow/.local/lib/python3.8/site-packages/airflow/example_dags/example_short_circuit_operator.py
[2026-07-21T18:19:58.184+0000] {processor.py:830} INFO - Processing file /home/airflow/.local/lib/python3.8/site-packages/airflow/example_dags/example_short_circuit_operator.py for tasks to queue
[2026-07-21T18:19:58.186+0000] {logging_mixin.py:188} INFO - [2026-07-21T18:19:58.185+0000] {dagbag.py:538} INFO - Filling up the DagBag from /home/airflow/.local/lib/python3.8/site-packages/airflow/example_dags/example_short_circuit_operator.py
[2026-07-21T18:19:58.194+0000] {processor.py:840} INFO - DAG(s) 'example_short_circuit_operator' retrieved from /home/airflow/.local/lib/python3.8/site-packages/airflow/example_dags/example_short_circuit_operator.py
[2026-07-21T18:19:58.217+0000] {logging_mixin.py:188} INFO - [2026-07-21T18:19:58.217+0000] {dag.py:3036} INFO - Sync 1 DAGs
[2026-07-21T18:19:58.237+0000] {logging_mixin.py:188} INFO - [2026-07-21T18:19:58.237+0000] {dag.py:3823} INFO - Setting next_dagrun for example_short_circuit_operator to 2026-07-20 00:00:00+00:00, run_after=2026-07-21 00:00:00+00:00
[2026-07-21T18:19:58.255+0000] {processor.py:183} INFO - Processing /home/airflow/.local/lib/python3.8/site-packages/airflow/example_dags/example_short_circuit_operator.py took 0.076 seconds
[2026-07-21T18:20:28.830+0000] {processor.py:161} INFO - Started process (PID=1360) to work on /home/airflow/.local/lib/python3.8/site-packages/airflow/example_dags/example_short_circuit_operator.py
[2026-07-21T18:20:28.831+0000] {processor.py:830} INFO - Processing file /home/airflow/.local/lib/python3.8/site-packages/airflow/example_dags/example_short_circuit_operator.py for tasks to queue
[2026-07-21T18:20:28.833+0000] {logging_mixin.py:188} INFO - [2026-07-21T18:20:28.833+0000] {dagbag.py:538} INFO - Filling up the DagBag from /home/airflow/.local/lib/python3.8/site-packages/airflow/example_dags/example_short_circuit_operator.py
[2026-07-21T18:20:28.841+0000] {processor.py:840} INFO - DAG(s) 'example_short_circuit_operator' retrieved from /home/airflow/.local/lib/python3.8/site-packages/airflow/example_dags/example_short_circuit_operator.py
[2026-07-21T18:20:28.864+0000] {logging_mixin.py:188} INFO - [2026-07-21T18:20:28.864+0000] {dag.py:3036} INFO - Sync 1 DAGs
[2026-07-21T18:20:28.884+0000] {logging_mixin.py:188} INFO - [2026-07-21T18:20:28.883+0000] {dag.py:3823} INFO - Setting next_dagrun for example_short_circuit_operator to 2026-07-20 00:00:00+00:00, run_after=2026-07-21 00:00:00+00:00
[2026-07-21T18:20:28.902+0000] {processor.py:183} INFO - Processing /home/airflow/.local/lib/python3.8/site-packages/airflow/example_dags/example_short_circuit_operator.py took 0.076 seconds
[2026-07-21T18:20:59.039+0000] {processor.py:161} INFO - Started process (PID=1416) to work on /home/airflow/.local/lib/python3.8/site-packages/airflow/example_dags/example_short_circuit_operator.py
[2026-07-21T18:20:59.041+0000] {processor.py:830} INFO - Processing file /home/airflow/.local/lib/python3.8/site-packages/airflow/example_dags/example_short_circuit_operator.py for tasks to queue
[2026-07-21T18:20:59.043+0000] {logging_mixin.py:188} INFO - [2026-07-21T18:20:59.043+0000] {dagbag.py:538} INFO - Filling up the DagBag from /home/airflow/.local/lib/python3.8/site-packages/airflow/example_dags/example_short_circuit_operator.py
[2026-07-21T18:20:59.051+0000] {processor.py:840} INFO - DAG(s) 'example_short_circuit_operator' retrieved from /home/airflow/.local/lib/python3.8/site-packages/airflow/example_dags/example_short_circuit_operator.py
[2026-07-21T18:20:59.074+0000] {logging_mixin.py:188} INFO - [2026-07-21T18:20:59.074+0000] {dag.py:3036} INFO - Sync 1 DAGs
[2026-07-21T18:20:59.095+0000] {logging_mixin.py:188} INFO - [2026-07-21T18:20:59.095+0000] {dag.py:3823} INFO - Setting next_dagrun for example_short_circuit_operator to 2026-07-20 00:00:00+00:00, run_after=2026-07-21 00:00:00+00:00
[2026-07-21T18:20:59.114+0000] {processor.py:183} INFO - Processing /home/airflow/.local/lib/python3.8/site-packages/airflow/example_dags/example_short_circuit_operator.py took 0.079 seconds
[2026-07-21T18:21:31.174+0000] {processor.py:161} INFO - Started process (PID=1472) to work on /home/airflow/.local/lib/python3.8/site-packages/airflow/example_dags/example_short_circuit_operator.py
[2026-07-21T18:21:31.175+0000] {processor.py:830} INFO - Processing file /home/airflow/.local/lib/python3.8/site-packages/airflow/example_dags/example_short_circuit_operator.py for tasks to queue
[2026-07-21T18:21:31.177+0000] {logging_mixin.py:188} INFO - [2026-07-21T18:21:31.177+0000] {dagbag.py:538} INFO - Filling up the DagBag from /home/airflow/.local/lib/python3.8/site-packages/airflow/example_dags/example_short_circuit_operator.py
[2026-07-21T18:21:31.185+0000] {processor.py:840} INFO - DAG(s) 'example_short_circuit_operator' retrieved from /home/airflow/.local/lib/python3.8/site-packages/airflow/example_dags/example_short_circuit_operator.py
[2026-07-21T18:21:31.209+0000] {logging_mixin.py:188} INFO - [2026-07-21T18:21:31.209+0000] {dag.py:3036} INFO - Sync 1 DAGs
[2026-07-21T18:21:31.379+0000] {logging_mixin.py:188} INFO - [2026-07-21T18:21:31.379+0000] {dag.py:3823} INFO - Setting next_dagrun for example_short_circuit_operator to 2026-07-20 00:00:00+00:00, run_after=2026-07-21 00:00:00+00:00
[2026-07-21T18:21:31.397+0000] {processor.py:183} INFO - Processing /home/airflow/.local/lib/python3.8/site-packages/airflow/example_dags/example_short_circuit_operator.py took 0.227 seconds
[2026-07-21T18:22:01.661+0000] {processor.py:161} INFO - Started process (PID=1528) to work on /home/airflow/.local/lib/python3.8/site-packages/airflow/example_dags/example_short_circuit_operator.py
[2026-07-21T18:22:01.662+0000] {processor.py:830} INFO - Processing file /home/airflow/.local/lib/python3.8/site-packages/airflow/example_dags/example_short_circuit_operator.py for tasks to queue
[2026-07-21T18:22:01.665+0000] {logging_mixin.py:188} INFO - [2026-07-21T18:22:01.664+0000] {dagbag.py:538} INFO - Filling up the DagBag from /home/airflow/.local/lib/python3.8/site-packages/airflow/example_dags/example_short_circuit_operator.py
[2026-07-21T18:22:01.673+0000] {processor.py:840} INFO - DAG(s) 'example_short_circuit_operator' retrieved from /home/airflow/.local/lib/python3.8/site-packages/airflow/example_dags/example_short_circuit_operator.py
[2026-07-21T18:22:01.697+0000] {logging_mixin.py:188} INFO - [2026-07-21T18:22:01.696+0000] {dag.py:3036} INFO - Sync 1 DAGs
[2026-07-21T18:22:01.717+0000] {logging_mixin.py:188} INFO - [2026-07-21T18:22:01.717+0000] {dag.py:3823} INFO - Setting next_dagrun for example_short_circuit_operator to 2026-07-20 00:00:00+00:00, run_after=2026-07-21 00:00:00+00:00
[2026-07-21T18:22:01.901+0000] {processor.py:183} INFO - Processing /home/airflow/.local/lib/python3.8/site-packages/airflow/example_dags/example_short_circuit_operator.py took 0.244 seconds
[2026-07-21T18:22:32.448+0000] {processor.py:161} INFO - Started process (PID=1584) to work on /home/airflow/.local/lib/python3.8/site-packages/airflow/example_dags/example_short_circuit_operator.py
[2026-07-21T18:22:32.449+0000] {processor.py:830} INFO - Processing file /home/airflow/.local/lib/python3.8/site-packages/airflow/example_dags/example_short_circuit_operator.py for tasks to queue
[2026-07-21T18:22:32.451+0000] {logging_mixin.py:188} INFO - [2026-07-21T18:22:32.450+0000] {dagbag.py:538} INFO - Filling up the DagBag from /home/airflow/.local/lib/python3.8/site-packages/airflow/example_dags/example_short_circuit_operator.py
[2026-07-21T18:22:32.458+0000] {processor.py:840} INFO - DAG(s) 'example_short_circuit_operator' retrieved from /home/airflow/.local/lib/python3.8/site-packages/airflow/example_dags/example_short_circuit_operator.py
[2026-07-21T18:22:32.484+0000] {logging_mixin.py:188} INFO - [2026-07-21T18:22:32.484+0000] {dag.py:3036} INFO - Sync 1 DAGs
[2026-07-21T18:22:32.504+0000] {logging_mixin.py:188} INFO - [2026-07-21T18:22:32.503+0000] {dag.py:3823} INFO - Setting next_dagrun for example_short_circuit_operator to 2026-07-20 00:00:00+00:00, run_after=2026-07-21 00:00:00+00:00
[2026-07-21T18:22:32.523+0000] {processor.py:183} INFO - Processing /home/airflow/.local/lib/python3.8/site-packages/airflow/example_dags/example_short_circuit_operator.py took 0.078 seconds
[2026-07-21T18:23:02.810+0000] {processor.py:161} INFO - Started process (PID=1640) to work on /home/airflow/.local/lib/python3.8/site-packages/airflow/example_dags/example_short_circuit_operator.py
[2026-07-21T18:23:02.811+0000] {processor.py:830} INFO - Processing file /home/airflow/.local/lib/python3.8/site-packages/airflow/example_dags/example_short_circuit_operator.py for tasks to queue
[2026-07-21T18:23:02.814+0000] {logging_mixin.py:188} INFO - [2026-07-21T18:23:02.813+0000] {dagbag.py:538} INFO - Filling up the DagBag from /home/airflow/.local/lib/python3.8/site-packages/airflow/example_dags/example_short_circuit_operator.py
[2026-07-21T18:23:02.822+0000] {processor.py:840} INFO - DAG(s) 'example_short_circuit_operator' retrieved from /home/airflow/.local/lib/python3.8/site-packages/airflow/example_dags/example_short_circuit_operator.py
[2026-07-21T18:23:02.846+0000] {logging_mixin.py:188} INFO - [2026-07-21T18:23:02.845+0000] {dag.py:3036} INFO - Sync 1 DAGs
[2026-07-21T18:23:02.866+0000] {logging_mixin.py:188} INFO - [2026-07-21T18:23:02.866+0000] {dag.py:3823} INFO - Setting next_dagrun for example_short_circuit_operator to 2026-07-20 00:00:00+00:00, run_after=2026-07-21 00:00:00+00:00
[2026-07-21T18:23:02.886+0000] {processor.py:183} INFO - Processing /home/airflow/.local/lib/python3.8/site-packages/airflow/example_dags/example_short_circuit_operator.py took 0.080 seconds
[2026-07-21T18:23:35.203+0000] {processor.py:161} INFO - Started process (PID=1696) to work on /home/airflow/.local/lib/python3.8/site-packages/airflow/example_dags/example_short_circuit_operator.py
[2026-07-21T18:23:35.204+0000] {processor.py:830} INFO - Processing file /home/airflow/.local/lib/python3.8/site-packages/airflow/example_dags/example_short_circuit_operator.py for tasks to queue
[2026-07-21T18:23:35.206+0000] {logging_mixin.py:188} INFO - [2026-07-21T18:23:35.206+0000] {dagbag.py:538} INFO - Filling up the DagBag from /home/airflow/.local/lib/python3.8/site-packages/airflow/example_dags/example_short_circuit_operator.py
[2026-07-21T18:23:35.214+0000] {processor.py:840} INFO - DAG(s) 'example_short_circuit_operator' retrieved from /home/airflow/.local/lib/python3.8/site-packages/airflow/example_dags/example_short_circuit_operator.py
[2026-07-21T18:23:35.379+0000] {logging_mixin.py:188} INFO - [2026-07-21T18:23:35.379+0000] {dag.py:3036} INFO - Sync 1 DAGs
[2026-07-21T18:23:35.396+0000] {logging_mixin.py:188} INFO - [2026-07-21T18:23:35.396+0000] {dag.py:3823} INFO - Setting next_dagrun for example_short_circuit_operator to 2026-07-20 00:00:00+00:00, run_after=2026-07-21 00:00:00+00:00
[2026-07-21T18:23:35.413+0000] {processor.py:183} INFO - Processing /home/airflow/.local/lib/python3.8/site-packages/airflow/example_dags/example_short_circuit_operator.py took 0.214 seconds
[2026-07-21T18:24:05.970+0000] {processor.py:161} INFO - Started process (PID=1752) to work on /home/airflow/.local/lib/python3.8/site-packages/airflow/example_dags/example_short_circuit_operator.py
[2026-07-21T18:24:05.971+0000] {processor.py:830} INFO - Processing file /home/airflow/.local/lib/python3.8/site-packages/airflow/example_dags/example_short_circuit_operator.py for tasks to queue
[2026-07-21T18:24:05.974+0000] {logging_mixin.py:188} INFO - [2026-07-21T18:24:05.973+0000] {dagbag.py:538} INFO - Filling up the DagBag from /home/airflow/.local/lib/python3.8/site-packages/airflow/example_dags/example_short_circuit_operator.py
[2026-07-21T18:24:05.982+0000] {processor.py:840} INFO - DAG(s) 'example_short_circuit_operator' retrieved from /home/airflow/.local/lib/python3.8/site-packages/airflow/example_dags/example_short_circuit_operator.py
[2026-07-21T18:24:06.009+0000] {logging_mixin.py:188} INFO - [2026-07-21T18:24:06.009+0000] {dag.py:3036} INFO - Sync 1 DAGs
[2026-07-21T18:24:06.032+0000] {logging_mixin.py:188} INFO - [2026-07-21T18:24:06.032+0000] {dag.py:3823} INFO - Setting next_dagrun for example_short_circuit_operator to 2026-07-20 00:00:00+00:00, run_after=2026-07-21 00:00:00+00:00
[2026-07-21T18:24:06.053+0000] {processor.py:183} INFO - Processing /home/airflow/.local/lib/python3.8/site-packages/airflow/example_dags/example_short_circuit_operator.py took 0.088 seconds
[2026-07-21T18:24:36.161+0000] {processor.py:161} INFO - Started process (PID=1808) to work on /home/airflow/.local/lib/python3.8/site-packages/airflow/example_dags/example_short_circuit_operator.py
[2026-07-21T18:24:36.163+0000] {processor.py:830} INFO - Processing file /home/airflow/.local/lib/python3.8/site-packages/airflow/example_dags/example_short_circuit_operator.py for tasks to queue
[2026-07-21T18:24:36.165+0000] {logging_mixin.py:188} INFO - [2026-07-21T18:24:36.165+0000] {dagbag.py:538} INFO - Filling up the DagBag from /home/airflow/.local/lib/python3.8/site-packages/airflow/example_dags/example_short_circuit_operator.py
[2026-07-21T18:24:36.174+0000] {processor.py:840} INFO - DAG(s) 'example_short_circuit_operator' retrieved from /home/airflow/.local/lib/python3.8/site-packages/airflow/example_dags/example_short_circuit_operator.py
[2026-07-21T18:24:36.202+0000] {logging_mixin.py:188} INFO - [2026-07-21T18:24:36.201+0000] {dag.py:3036} INFO - Sync 1 DAGs
[2026-07-21T18:24:36.225+0000] {logging_mixin.py:188} INFO - [2026-07-21T18:24:36.225+0000] {dag.py:3823} INFO - Setting next_dagrun for example_short_circuit_operator to 2026-07-20 00:00:00+00:00, run_after=2026-07-21 00:00:00+00:00
[2026-07-21T18:24:36.244+0000] {processor.py:183} INFO - Processing /home/airflow/.local/lib/python3.8/site-packages/airflow/example_dags/example_short_circuit_operator.py took 0.087 seconds
[2026-07-21T18:25:06.505+0000] {processor.py:161} INFO - Started process (PID=1864) to work on /home/airflow/.local/lib/python3.8/site-packages/airflow/example_dags/example_short_circuit_operator.py
[2026-07-21T18:25:06.507+0000] {processor.py:830} INFO - Processing file /home/airflow/.local/lib/python3.8/site-packages/airflow/example_dags/example_short_circuit_operator.py for tasks to queue
[2026-07-21T18:25:06.509+0000] {logging_mixin.py:188} INFO - [2026-07-21T18:25:06.509+0000] {dagbag.py:538} INFO - Filling up the DagBag from /home/airflow/.local/lib/python3.8/site-packages/airflow/example_dags/example_short_circuit_operator.py
[2026-07-21T18:25:06.518+0000] {processor.py:840} INFO - DAG(s) 'example_short_circuit_operator' retrieved from /home/airflow/.local/lib/python3.8/site-packages/airflow/example_dags/example_short_circuit_operator.py
[2026-07-21T18:25:06.544+0000] {logging_mixin.py:188} INFO - [2026-07-21T18:25:06.544+0000] {dag.py:3036} INFO - Sync 1 DAGs
[2026-07-21T18:25:06.566+0000] {logging_mixin.py:188} INFO - [2026-07-21T18:25:06.566+0000] {dag.py:3823} INFO - Setting next_dagrun for example_short_circuit_operator to 2026-07-20 00:00:00+00:00, run_after=2026-07-21 00:00:00+00:00
[2026-07-21T18:25:06.586+0000] {processor.py:183} INFO - Processing /home/airflow/.local/lib/python3.8/site-packages/airflow/example_dags/example_short_circuit_operator.py took 0.085 seconds
[2026-07-21T18:25:37.476+0000] {processor.py:161} INFO - Started process (PID=1920) to work on /home/airflow/.local/lib/python3.8/site-packages/airflow/example_dags/example_short_circuit_operator.py
[2026-07-21T18:25:37.478+0000] {processor.py:830} INFO - Processing file /home/airflow/.local/lib/python3.8/site-packages/airflow/example_dags/example_short_circuit_operator.py for tasks to queue
[2026-07-21T18:25:37.480+0000] {logging_mixin.py:188} INFO - [2026-07-21T18:25:37.480+0000] {dagbag.py:538} INFO - Filling up the DagBag from /home/airflow/.local/lib/python3.8/site-packages/airflow/example_dags/example_short_circuit_operator.py
[2026-07-21T18:25:37.489+0000] {processor.py:840} INFO - DAG(s) 'example_short_circuit_operator' retrieved from /home/airflow/.local/lib/python3.8/site-packages/airflow/example_dags/example_short_circuit_operator.py
[2026-07-21T18:25:37.515+0000] {logging_mixin.py:188} INFO - [2026-07-21T18:25:37.515+0000] {dag.py:3036} INFO - Sync 1 DAGs
[2026-07-21T18:25:37.537+0000] {logging_mixin.py:188} INFO - [2026-07-21T18:25:37.537+0000] {dag.py:3823} INFO - Setting next_dagrun for example_short_circuit_operator to 2026-07-20 00:00:00+00:00, run_after=2026-07-21 00:00:00+00:00
[2026-07-21T18:25:37.557+0000] {processor.py:183} INFO - Processing /home/airflow/.local/lib/python3.8/site-packages/airflow/example_dags/example_short_circuit_operator.py took 0.085 seconds
[2026-07-21T18:26:08.204+0000] {processor.py:161} INFO - Started process (PID=1976) to work on /home/airflow/.local/lib/python3.8/site-packages/airflow/example_dags/example_short_circuit_operator.py
[2026-07-21T18:26:08.205+0000] {processor.py:830} INFO - Processing file /home/airflow/.local/lib/python3.8/site-packages/airflow/example_dags/example_short_circuit_operator.py for tasks to queue
[2026-07-21T18:26:08.207+0000] {logging_mixin.py:188} INFO - [2026-07-21T18:26:08.207+0000] {dagbag.py:538} INFO - Filling up the DagBag from /home/airflow/.local/lib/python3.8/site-packages/airflow/example_dags/example_short_circuit_operator.py
[2026-07-21T18:26:08.216+0000] {processor.py:840} INFO - DAG(s) 'example_short_circuit_operator' retrieved from /home/airflow/.local/lib/python3.8/site-packages/airflow/example_dags/example_short_circuit_operator.py
[2026-07-21T18:26:08.243+0000] {logging_mixin.py:188} INFO - [2026-07-21T18:26:08.243+0000] {dag.py:3036} INFO - Sync 1 DAGs
[2026-07-21T18:26:08.265+0000] {logging_mixin.py:188} INFO - [2026-07-21T18:26:08.265+0000] {dag.py:3823} INFO - Setting next_dagrun for example_short_circuit_operator to 2026-07-20 00:00:00+00:00, run_after=2026-07-21 00:00:00+00:00
[2026-07-21T18:26:08.285+0000] {processor.py:183} INFO - Processing /home/airflow/.local/lib/python3.8/site-packages/airflow/example_dags/example_short_circuit_operator.py took 0.085 seconds
[2026-07-21T18:26:39.864+0000] {processor.py:161} INFO - Started process (PID=2032) to work on /home/airflow/.local/lib/python3.8/site-packages/airflow/example_dags/example_short_circuit_operator.py
[2026-07-21T18:26:39.865+0000] {processor.py:830} INFO - Processing file /home/airflow/.local/lib/python3.8/site-packages/airflow/example_dags/example_short_circuit_operator.py for tasks to queue
[2026-07-21T18:26:39.868+0000] {logging_mixin.py:188} INFO - [2026-07-21T18:26:39.867+0000] {dagbag.py:538} INFO - Filling up the DagBag from /home/airflow/.local/lib/python3.8/site-packages/airflow/example_dags/example_short_circuit_operator.py
[2026-07-21T18:26:39.875+0000] {processor.py:840} INFO - DAG(s) 'example_short_circuit_operator' retrieved from /home/airflow/.local/lib/python3.8/site-packages/airflow/example_dags/example_short_circuit_operator.py
[2026-07-21T18:26:39.898+0000] {logging_mixin.py:188} INFO - [2026-07-21T18:26:39.898+0000] {dag.py:3036} INFO - Sync 1 DAGs
[2026-07-21T18:26:39.919+0000] {logging_mixin.py:188} INFO - [2026-07-21T18:26:39.918+0000] {dag.py:3823} INFO - Setting next_dagrun for example_short_circuit_operator to 2026-07-20 00:00:00+00:00, run_after=2026-07-21 00:00:00+00:00
[2026-07-21T18:26:39.935+0000] {processor.py:183} INFO - Processing /home/airflow/.local/lib/python3.8/site-packages/airflow/example_dags/example_short_circuit_operator.py took 0.075 seconds
[2026-07-21T18:27:10.438+0000] {processor.py:161} INFO - Started process (PID=2088) to work on /home/airflow/.local/lib/python3.8/site-packages/airflow/example_dags/example_short_circuit_operator.py
[2026-07-21T18:27:10.440+0000] {processor.py:830} INFO - Processing file /home/airflow/.local/lib/python3.8/site-packages/airflow/example_dags/example_short_circuit_operator.py for tasks to queue
[2026-07-21T18:27:10.442+0000] {logging_mixin.py:188} INFO - [2026-07-21T18:27:10.442+0000] {dagbag.py:538} INFO - Filling up the DagBag from /home/airflow/.local/lib/python3.8/site-packages/airflow/example_dags/example_short_circuit_operator.py
[2026-07-21T18:27:10.451+0000] {processor.py:840} INFO - DAG(s) 'example_short_circuit_operator' retrieved from /home/airflow/.local/lib/python3.8/site-packages/airflow/example_dags/example_short_circuit_operator.py
[2026-07-21T18:27:10.473+0000] {logging_mixin.py:188} INFO - [2026-07-21T18:27:10.473+0000] {dag.py:3036} INFO - Sync 1 DAGs
[2026-07-21T18:27:10.491+0000] {logging_mixin.py:188} INFO - [2026-07-21T18:27:10.491+0000] {dag.py:3823} INFO - Setting next_dagrun for example_short_circuit_operator to 2026-07-20 00:00:00+00:00, run_after=2026-07-21 00:00:00+00:00
[2026-07-21T18:27:10.510+0000] {processor.py:183} INFO - Processing /home/airflow/.local/lib/python3.8/site-packages/airflow/example_dags/example_short_circuit_operator.py took 0.076 seconds
[2026-07-21T18:27:41.061+0000] {processor.py:161} INFO - Started process (PID=2144) to work on /home/airflow/.local/lib/python3.8/site-packages/airflow/example_dags/example_short_circuit_operator.py
[2026-07-21T18:27:41.063+0000] {processor.py:830} INFO - Processing file /home/airflow/.local/lib/python3.8/site-packages/airflow/example_dags/example_short_circuit_operator.py for tasks to queue
[2026-07-21T18:27:41.065+0000] {logging_mixin.py:188} INFO - [2026-07-21T18:27:41.065+0000] {dagbag.py:538} INFO - Filling up the DagBag from /home/airflow/.local/lib/python3.8/site-packages/airflow/example_dags/example_short_circuit_operator.py
[2026-07-21T18:27:41.074+0000] {processor.py:840} INFO - DAG(s) 'example_short_circuit_operator' retrieved from /home/airflow/.local/lib/python3.8/site-packages/airflow/example_dags/example_short_circuit_operator.py
[2026-07-21T18:27:41.103+0000] {logging_mixin.py:188} INFO - [2026-07-21T18:27:41.103+0000] {dag.py:3036} INFO - Sync 1 DAGs
[2026-07-21T18:27:41.131+0000] {logging_mixin.py:188} INFO - [2026-07-21T18:27:41.131+0000] {dag.py:3823} INFO - Setting next_dagrun for example_short_circuit_operator to 2026-07-20 00:00:00+00:00, run_after=2026-07-21 00:00:00+00:00
[2026-07-21T18:27:41.155+0000] {processor.py:183} INFO - Processing /home/airflow/.local/lib/python3.8/site-packages/airflow/example_dags/example_short_circuit_operator.py took 0.097 seconds
[2026-07-21T18:28:11.440+0000] {processor.py:161} INFO - Started process (PID=2200) to work on /home/airflow/.local/lib/python3.8/site-packages/airflow/example_dags/example_short_circuit_operator.py
[2026-07-21T18:28:11.441+0000] {processor.py:830} INFO - Processing file /home/airflow/.local/lib/python3.8/site-packages/airflow/example_dags/example_short_circuit_operator.py for tasks to queue
[2026-07-21T18:28:11.443+0000] {logging_mixin.py:188} INFO - [2026-07-21T18:28:11.443+0000] {dagbag.py:538} INFO - Filling up the DagBag from /home/airflow/.local/lib/python3.8/site-packages/airflow/example_dags/example_short_circuit_operator.py
[2026-07-21T18:28:11.451+0000] {processor.py:840} INFO - DAG(s) 'example_short_circuit_operator' retrieved from /home/airflow/.local/lib/python3.8/site-packages/airflow/example_dags/example_short_circuit_operator.py
[2026-07-21T18:28:11.474+0000] {logging_mixin.py:188} INFO - [2026-07-21T18:28:11.474+0000] {dag.py:3036} INFO - Sync 1 DAGs
[2026-07-21T18:28:11.493+0000] {logging_mixin.py:188} INFO - [2026-07-21T18:28:11.492+0000] {dag.py:3823} INFO - Setting next_dagrun for example_short_circuit_operator to 2026-07-20 00:00:00+00:00, run_after=2026-07-21 00:00:00+00:00
[2026-07-21T18:28:11.511+0000] {processor.py:183} INFO - Processing /home/airflow/.local/lib/python3.8/site-packages/airflow/example_dags/example_short_circuit_operator.py took 0.074 seconds
[2026-07-21T18:28:41.931+0000] {processor.py:161} INFO - Started process (PID=2256) to work on /home/airflow/.local/lib/python3.8/site-packages/airflow/example_dags/example_short_circuit_operator.py
[2026-07-21T18:28:41.932+0000] {processor.py:830} INFO - Processing file /home/airflow/.local/lib/python3.8/site-packages/airflow/example_dags/example_short_circuit_operator.py for tasks to queue
[2026-07-21T18:28:41.934+0000] {logging_mixin.py:188} INFO - [2026-07-21T18:28:41.934+0000] {dagbag.py:538} INFO - Filling up the DagBag from /home/airflow/.local/lib/python3.8/site-packages/airflow/example_dags/example_short_circuit_operator.py
[2026-07-21T18:28:41.942+0000] {processor.py:840} INFO - DAG(s) 'example_short_circuit_operator' retrieved from /home/airflow/.local/lib/python3.8/site-packages/airflow/example_dags/example_short_circuit_operator.py
[2026-07-21T18:28:41.964+0000] {logging_mixin.py:188} INFO - [2026-07-21T18:28:41.964+0000] {dag.py:3036} INFO - Sync 1 DAGs
[2026-07-21T18:28:41.983+0000] {logging_mixin.py:188} INFO - [2026-07-21T18:28:41.983+0000] {dag.py:3823} INFO - Setting next_dagrun for example_short_circuit_operator to 2026-07-20 00:00:00+00:00, run_after=2026-07-21 00:00:00+00:00
[2026-07-21T18:28:42.002+0000] {processor.py:183} INFO - Processing /home/airflow/.local/lib/python3.8/site-packages/airflow/example_dags/example_short_circuit_operator.py took 0.075 seconds
[2026-07-21T18:29:12.303+0000] {processor.py:161} INFO - Started process (PID=2312) to work on /home/airflow/.local/lib/python3.8/site-packages/airflow/example_dags/example_short_circuit_operator.py
[2026-07-21T18:29:12.304+0000] {processor.py:830} INFO - Processing file /home/airflow/.local/lib/python3.8/site-packages/airflow/example_dags/example_short_circuit_operator.py for tasks to queue
[2026-07-21T18:29:12.306+0000] {logging_mixin.py:188} INFO - [2026-07-21T18:29:12.306+0000] {dagbag.py:538} INFO - Filling up the DagBag from /home/airflow/.local/lib/python3.8/site-packages/airflow/example_dags/example_short_circuit_operator.py
[2026-07-21T18:29:12.314+0000] {processor.py:840} INFO - DAG(s) 'example_short_circuit_operator' retrieved from /home/airflow/.local/lib/python3.8/site-packages/airflow/example_dags/example_short_circuit_operator.py
[2026-07-21T18:29:12.335+0000] {logging_mixin.py:188} INFO - [2026-07-21T18:29:12.335+0000] {dag.py:3036} INFO - Sync 1 DAGs
[2026-07-21T18:29:12.358+0000] {logging_mixin.py:188} INFO - [2026-07-21T18:29:12.358+0000] {dag.py:3823} INFO - Setting next_dagrun for example_short_circuit_operator to 2026-07-20 00:00:00+00:00, run_after=2026-07-21 00:00:00+00:00
[2026-07-21T18:29:12.377+0000] {processor.py:183} INFO - Processing /home/airflow/.local/lib/python3.8/site-packages/airflow/example_dags/example_short_circuit_operator.py took 0.078 seconds
[2026-07-21T18:29:42.866+0000] {processor.py:161} INFO - Started process (PID=2368) to work on /home/airflow/.local/lib/python3.8/site-packages/airflow/example_dags/example_short_circuit_operator.py
[2026-07-21T18:29:42.867+0000] {processor.py:830} INFO - Processing file /home/airflow/.local/lib/python3.8/site-packages/airflow/example_dags/example_short_circuit_operator.py for tasks to queue
[2026-07-21T18:29:42.869+0000] {logging_mixin.py:188} INFO - [2026-07-21T18:29:42.869+0000] {dagbag.py:538} INFO - Filling up the DagBag from /home/airflow/.local/lib/python3.8/site-packages/airflow/example_dags/example_short_circuit_operator.py
[2026-07-21T18:29:42.877+0000] {processor.py:840} INFO - DAG(s) 'example_short_circuit_operator' retrieved from /home/airflow/.local/lib/python3.8/site-packages/airflow/example_dags/example_short_circuit_operator.py
[2026-07-21T18:29:42.900+0000] {logging_mixin.py:188} INFO - [2026-07-21T18:29:42.900+0000] {dag.py:3036} INFO - Sync 1 DAGs
[2026-07-21T18:29:42.920+0000] {logging_mixin.py:188} INFO - [2026-07-21T18:29:42.920+0000] {dag.py:3823} INFO - Setting next_dagrun for example_short_circuit_operator to 2026-07-20 00:00:00+00:00, run_after=2026-07-21 00:00:00+00:00
[2026-07-21T18:29:42.939+0000] {processor.py:183} INFO - Processing /home/airflow/.local/lib/python3.8/site-packages/airflow/example_dags/example_short_circuit_operator.py took 0.077 seconds
[2026-07-21T18:30:13.255+0000] {processor.py:161} INFO - Started process (PID=2424) to work on /home/airflow/.local/lib/python3.8/site-packages/airflow/example_dags/example_short_circuit_operator.py
[2026-07-21T18:30:13.257+0000] {processor.py:830} INFO - Processing file /home/airflow/.local/lib/python3.8/site-packages/airflow/example_dags/example_short_circuit_operator.py for tasks to queue
[2026-07-21T18:30:13.261+0000] {logging_mixin.py:188} INFO - [2026-07-21T18:30:13.260+0000] {dagbag.py:538} INFO - Filling up the DagBag from /home/airflow/.local/lib/python3.8/site-packages/airflow/example_dags/example_short_circuit_operator.py
[2026-07-21T18:30:13.275+0000] {processor.py:840} INFO - DAG(s) 'example_short_circuit_operator' retrieved from /home/airflow/.local/lib/python3.8/site-packages/airflow/example_dags/example_short_circuit_operator.py
[2026-07-21T18:30:13.300+0000] {logging_mixin.py:188} INFO - [2026-07-21T18:30:13.300+0000] {dag.py:3036} INFO - Sync 1 DAGs
[2026-07-21T18:30:13.320+0000] {logging_mixin.py:188} INFO - [2026-07-21T18:30:13.320+0000] {dag.py:3823} INFO - Setting next_dagrun for example_short_circuit_operator to 2026-07-20 00:00:00+00:00, run_after=2026-07-21 00:00:00+00:00
[2026-07-21T18:30:13.339+0000] {processor.py:183} INFO - Processing /home/airflow/.local/lib/python3.8/site-packages/airflow/example_dags/example_short_circuit_operator.py took 0.091 seconds
[2026-07-21T18:30:43.640+0000] {processor.py:161} INFO - Started process (PID=2480) to work on /home/airflow/.local/lib/python3.8/site-packages/airflow/example_dags/example_short_circuit_operator.py
[2026-07-21T18:30:43.641+0000] {processor.py:830} INFO - Processing file /home/airflow/.local/lib/python3.8/site-packages/airflow/example_dags/example_short_circuit_operator.py for tasks to queue
[2026-07-21T18:30:43.643+0000] {logging_mixin.py:188} INFO - [2026-07-21T18:30:43.643+0000] {dagbag.py:538} INFO - Filling up the DagBag from /home/airflow/.local/lib/python3.8/site-packages/airflow/example_dags/example_short_circuit_operator.py
[2026-07-21T18:30:43.651+0000] {processor.py:840} INFO - DAG(s) 'example_short_circuit_operator' retrieved from /home/airflow/.local/lib/python3.8/site-packages/airflow/example_dags/example_short_circuit_operator.py
[2026-07-21T18:30:43.674+0000] {logging_mixin.py:188} INFO - [2026-07-21T18:30:43.674+0000] {dag.py:3036} INFO - Sync 1 DAGs
[2026-07-21T18:30:43.695+0000] {logging_mixin.py:188} INFO - [2026-07-21T18:30:43.694+0000] {dag.py:3823} INFO - Setting next_dagrun for example_short_circuit_operator to 2026-07-20 00:00:00+00:00, run_after=2026-07-21 00:00:00+00:00
[2026-07-21T18:30:43.713+0000] {processor.py:183} INFO - Processing /home/airflow/.local/lib/python3.8/site-packages/airflow/example_dags/example_short_circuit_operator.py took 0.077 seconds
[2026-07-21T18:31:14.067+0000] {processor.py:161} INFO - Started process (PID=2536) to work on /home/airflow/.local/lib/python3.8/site-packages/airflow/example_dags/example_short_circuit_operator.py
[2026-07-21T18:31:14.069+0000] {processor.py:830} INFO - Processing file /home/airflow/.local/lib/python3.8/site-packages/airflow/example_dags/example_short_circuit_operator.py for tasks to queue
[2026-07-21T18:31:14.071+0000] {logging_mixin.py:188} INFO - [2026-07-21T18:31:14.071+0000] {dagbag.py:538} INFO - Filling up the DagBag from /home/airflow/.local/lib/python3.8/site-packages/airflow/example_dags/example_short_circuit_operator.py
[2026-07-21T18:31:14.081+0000] {processor.py:840} INFO - DAG(s) 'example_short_circuit_operator' retrieved from /home/airflow/.local/lib/python3.8/site-packages/airflow/example_dags/example_short_circuit_operator.py
[2026-07-21T18:31:14.105+0000] {logging_mixin.py:188} INFO - [2026-07-21T18:31:14.104+0000] {dag.py:3036} INFO - Sync 1 DAGs
[2026-07-21T18:31:14.124+0000] {logging_mixin.py:188} INFO - [2026-07-21T18:31:14.124+0000] {dag.py:3823} INFO - Setting next_dagrun for example_short_circuit_operator to 2026-07-20 00:00:00+00:00, run_after=2026-07-21 00:00:00+00:00
[2026-07-21T18:31:14.144+0000] {processor.py:183} INFO - Processing /home/airflow/.local/lib/python3.8/site-packages/airflow/example_dags/example_short_circuit_operator.py took 0.082 seconds
[2026-07-21T18:34:14.891+0000] {processor.py:161} INFO - Started process (PID=89) to work on /home/airflow/.local/lib/python3.10/site-packages/airflow/example_dags/example_short_circuit_operator.py
[2026-07-21T18:34:14.894+0000] {processor.py:830} INFO - Processing file /home/airflow/.local/lib/python3.10/site-packages/airflow/example_dags/example_short_circuit_operator.py for tasks to queue
[2026-07-21T18:34:14.898+0000] {logging_mixin.py:188} INFO - [2026-07-21T18:34:14.898+0000] {dagbag.py:538} INFO - Filling up the DagBag from /home/airflow/.local/lib/python3.10/site-packages/airflow/example_dags/example_short_circuit_operator.py
[2026-07-21T18:34:14.952+0000] {processor.py:840} INFO - DAG(s) 'example_short_circuit_operator' retrieved from /home/airflow/.local/lib/python3.10/site-packages/airflow/example_dags/example_short_circuit_operator.py
[2026-07-21T18:34:14.990+0000] {logging_mixin.py:188} INFO - [2026-07-21T18:34:14.990+0000] {dag.py:3036} INFO - Sync 1 DAGs
[2026-07-21T18:34:15.021+0000] {logging_mixin.py:188} INFO - [2026-07-21T18:34:15.021+0000] {dag.py:3823} INFO - Setting next_dagrun for example_short_circuit_operator to 2026-07-20 00:00:00+00:00, run_after=2026-07-21 00:00:00+00:00
[2026-07-21T18:34:15.049+0000] {processor.py:183} INFO - Processing /home/airflow/.local/lib/python3.10/site-packages/airflow/example_dags/example_short_circuit_operator.py took 0.164 seconds
[2026-07-21T18:34:45.214+0000] {processor.py:161} INFO - Started process (PID=145) to work on /home/airflow/.local/lib/python3.10/site-packages/airflow/example_dags/example_short_circuit_operator.py
[2026-07-21T18:34:45.215+0000] {processor.py:830} INFO - Processing file /home/airflow/.local/lib/python3.10/site-packages/airflow/example_dags/example_short_circuit_operator.py for tasks to queue
[2026-07-21T18:34:45.218+0000] {logging_mixin.py:188} INFO - [2026-07-21T18:34:45.218+0000] {dagbag.py:538} INFO - Filling up the DagBag from /home/airflow/.local/lib/python3.10/site-packages/airflow/example_dags/example_short_circuit_operator.py
[2026-07-21T18:34:45.227+0000] {processor.py:840} INFO - DAG(s) 'example_short_circuit_operator' retrieved from /home/airflow/.local/lib/python3.10/site-packages/airflow/example_dags/example_short_circuit_operator.py
[2026-07-21T18:34:45.328+0000] {logging_mixin.py:188} INFO - [2026-07-21T18:34:45.328+0000] {dag.py:3036} INFO - Sync 1 DAGs
[2026-07-21T18:34:45.347+0000] {logging_mixin.py:188} INFO - [2026-07-21T18:34:45.347+0000] {dag.py:3823} INFO - Setting next_dagrun for example_short_circuit_operator to 2026-07-20 00:00:00+00:00, run_after=2026-07-21 00:00:00+00:00
[2026-07-21T18:34:45.367+0000] {processor.py:183} INFO - Processing /home/airflow/.local/lib/python3.10/site-packages/airflow/example_dags/example_short_circuit_operator.py took 0.157 seconds
[2026-07-21T18:35:16.243+0000] {processor.py:161} INFO - Started process (PID=201) to work on /home/airflow/.local/lib/python3.10/site-packages/airflow/example_dags/example_short_circuit_operator.py
[2026-07-21T18:35:16.244+0000] {processor.py:830} INFO - Processing file /home/airflow/.local/lib/python3.10/site-packages/airflow/example_dags/example_short_circuit_operator.py for tasks to queue
[2026-07-21T18:35:16.246+0000] {logging_mixin.py:188} INFO - [2026-07-21T18:35:16.246+0000] {dagbag.py:538} INFO - Filling up the DagBag from /home/airflow/.local/lib/python3.10/site-packages/airflow/example_dags/example_short_circuit_operator.py
[2026-07-21T18:35:16.255+0000] {processor.py:840} INFO - DAG(s) 'example_short_circuit_operator' retrieved from /home/airflow/.local/lib/python3.10/site-packages/airflow/example_dags/example_short_circuit_operator.py
[2026-07-21T18:35:16.280+0000] {logging_mixin.py:188} INFO - [2026-07-21T18:35:16.280+0000] {dag.py:3036} INFO - Sync 1 DAGs
[2026-07-21T18:35:16.302+0000] {logging_mixin.py:188} INFO - [2026-07-21T18:35:16.302+0000] {dag.py:3823} INFO - Setting next_dagrun for example_short_circuit_operator to 2026-07-20 00:00:00+00:00, run_after=2026-07-21 00:00:00+00:00
[2026-07-21T18:35:16.323+0000] {processor.py:183} INFO - Processing /home/airflow/.local/lib/python3.10/site-packages/airflow/example_dags/example_short_circuit_operator.py took 0.084 seconds
[2026-07-21T18:35:46.648+0000] {processor.py:161} INFO - Started process (PID=257) to work on /home/airflow/.local/lib/python3.10/site-packages/airflow/example_dags/example_short_circuit_operator.py
[2026-07-21T18:35:46.649+0000] {processor.py:830} INFO - Processing file /home/airflow/.local/lib/python3.10/site-packages/airflow/example_dags/example_short_circuit_operator.py for tasks to queue
[2026-07-21T18:35:46.651+0000] {logging_mixin.py:188} INFO - [2026-07-21T18:35:46.651+0000] {dagbag.py:538} INFO - Filling up the DagBag from /home/airflow/.local/lib/python3.10/site-packages/airflow/example_dags/example_short_circuit_operator.py
[2026-07-21T18:35:46.661+0000] {processor.py:840} INFO - DAG(s) 'example_short_circuit_operator' retrieved from /home/airflow/.local/lib/python3.10/site-packages/airflow/example_dags/example_short_circuit_operator.py
[2026-07-21T18:35:46.689+0000] {logging_mixin.py:188} INFO - [2026-07-21T18:35:46.688+0000] {dag.py:3036} INFO - Sync 1 DAGs
[2026-07-21T18:35:46.712+0000] {logging_mixin.py:188} INFO - [2026-07-21T18:35:46.712+0000] {dag.py:3823} INFO - Setting next_dagrun for example_short_circuit_operator to 2026-07-20 00:00:00+00:00, run_after=2026-07-21 00:00:00+00:00
[2026-07-21T18:35:46.732+0000] {processor.py:183} INFO - Processing /home/airflow/.local/lib/python3.10/site-packages/airflow/example_dags/example_short_circuit_operator.py took 0.089 seconds
[2026-07-21T18:36:16.826+0000] {processor.py:161} INFO - Started process (PID=313) to work on /home/airflow/.local/lib/python3.10/site-packages/airflow/example_dags/example_short_circuit_operator.py
[2026-07-21T18:36:16.827+0000] {processor.py:830} INFO - Processing file /home/airflow/.local/lib/python3.10/site-packages/airflow/example_dags/example_short_circuit_operator.py for tasks to queue
[2026-07-21T18:36:16.830+0000] {logging_mixin.py:188} INFO - [2026-07-21T18:36:16.829+0000] {dagbag.py:538} INFO - Filling up the DagBag from /home/airflow/.local/lib/python3.10/site-packages/airflow/example_dags/example_short_circuit_operator.py
[2026-07-21T18:36:16.837+0000] {processor.py:840} INFO - DAG(s) 'example_short_circuit_operator' retrieved from /home/airflow/.local/lib/python3.10/site-packages/airflow/example_dags/example_short_circuit_operator.py
[2026-07-21T18:36:16.862+0000] {logging_mixin.py:188} INFO - [2026-07-21T18:36:16.861+0000] {dag.py:3036} INFO - Sync 1 DAGs
[2026-07-21T18:36:16.881+0000] {logging_mixin.py:188} INFO - [2026-07-21T18:36:16.881+0000] {dag.py:3823} INFO - Setting next_dagrun for example_short_circuit_operator to 2026-07-20 00:00:00+00:00, run_after=2026-07-21 00:00:00+00:00
[2026-07-21T18:36:16.899+0000] {processor.py:183} INFO - Processing /home/airflow/.local/lib/python3.10/site-packages/airflow/example_dags/example_short_circuit_operator.py took 0.077 seconds
[2026-07-21T18:36:47.302+0000] {processor.py:161} INFO - Started process (PID=369) to work on /home/airflow/.local/lib/python3.10/site-packages/airflow/example_dags/example_short_circuit_operator.py
[2026-07-21T18:36:47.303+0000] {processor.py:830} INFO - Processing file /home/airflow/.local/lib/python3.10/site-packages/airflow/example_dags/example_short_circuit_operator.py for tasks to queue
[2026-07-21T18:36:47.305+0000] {logging_mixin.py:188} INFO - [2026-07-21T18:36:47.305+0000] {dagbag.py:538} INFO - Filling up the DagBag from /home/airflow/.local/lib/python3.10/site-packages/airflow/example_dags/example_short_circuit_operator.py
[2026-07-21T18:36:47.313+0000] {processor.py:840} INFO - DAG(s) 'example_short_circuit_operator' retrieved from /home/airflow/.local/lib/python3.10/site-packages/airflow/example_dags/example_short_circuit_operator.py
[2026-07-21T18:36:47.336+0000] {logging_mixin.py:188} INFO - [2026-07-21T18:36:47.336+0000] {dag.py:3036} INFO - Sync 1 DAGs
[2026-07-21T18:36:47.356+0000] {logging_mixin.py:188} INFO - [2026-07-21T18:36:47.356+0000] {dag.py:3823} INFO - Setting next_dagrun for example_short_circuit_operator to 2026-07-20 00:00:00+00:00, run_after=2026-07-21 00:00:00+00:00
[2026-07-21T18:36:47.374+0000] {processor.py:183} INFO - Processing /home/airflow/.local/lib/python3.10/site-packages/airflow/example_dags/example_short_circuit_operator.py took 0.077 seconds
[2026-07-21T18:37:17.669+0000] {processor.py:161} INFO - Started process (PID=425) to work on /home/airflow/.local/lib/python3.10/site-packages/airflow/example_dags/example_short_circuit_operator.py
[2026-07-21T18:37:17.670+0000] {processor.py:830} INFO - Processing file /home/airflow/.local/lib/python3.10/site-packages/airflow/example_dags/example_short_circuit_operator.py for tasks to queue
[2026-07-21T18:37:17.672+0000] {logging_mixin.py:188} INFO - [2026-07-21T18:37:17.672+0000] {dagbag.py:538} INFO - Filling up the DagBag from /home/airflow/.local/lib/python3.10/site-packages/airflow/example_dags/example_short_circuit_operator.py
[2026-07-21T18:37:17.680+0000] {processor.py:840} INFO - DAG(s) 'example_short_circuit_operator' retrieved from /home/airflow/.local/lib/python3.10/site-packages/airflow/example_dags/example_short_circuit_operator.py
[2026-07-21T18:37:17.704+0000] {logging_mixin.py:188} INFO - [2026-07-21T18:37:17.703+0000] {dag.py:3036} INFO - Sync 1 DAGs
[2026-07-21T18:37:17.723+0000] {logging_mixin.py:188} INFO - [2026-07-21T18:37:17.723+0000] {dag.py:3823} INFO - Setting next_dagrun for example_short_circuit_operator to 2026-07-20 00:00:00+00:00, run_after=2026-07-21 00:00:00+00:00
[2026-07-21T18:37:17.742+0000] {processor.py:183} INFO - Processing /home/airflow/.local/lib/python3.10/site-packages/airflow/example_dags/example_short_circuit_operator.py took 0.077 seconds
[2026-07-21T18:37:47.881+0000] {processor.py:161} INFO - Started process (PID=481) to work on /home/airflow/.local/lib/python3.10/site-packages/airflow/example_dags/example_short_circuit_operator.py
[2026-07-21T18:37:47.882+0000] {processor.py:830} INFO - Processing file /home/airflow/.local/lib/python3.10/site-packages/airflow/example_dags/example_short_circuit_operator.py for tasks to queue
[2026-07-21T18:37:47.884+0000] {logging_mixin.py:188} INFO - [2026-07-21T18:37:47.884+0000] {dagbag.py:538} INFO - Filling up the DagBag from /home/airflow/.local/lib/python3.10/site-packages/airflow/example_dags/example_short_circuit_operator.py
[2026-07-21T18:37:47.891+0000] {processor.py:840} INFO - DAG(s) 'example_short_circuit_operator' retrieved from /home/airflow/.local/lib/python3.10/site-packages/airflow/example_dags/example_short_circuit_operator.py
[2026-07-21T18:37:47.913+0000] {logging_mixin.py:188} INFO - [2026-07-21T18:37:47.913+0000] {dag.py:3036} INFO - Sync 1 DAGs
[2026-07-21T18:37:47.931+0000] {logging_mixin.py:188} INFO - [2026-07-21T18:37:47.931+0000] {dag.py:3823} INFO - Setting next_dagrun for example_short_circuit_operator to 2026-07-20 00:00:00+00:00, run_after=2026-07-21 00:00:00+00:00
[2026-07-21T18:37:47.949+0000] {processor.py:183} INFO - Processing /home/airflow/.local/lib/python3.10/site-packages/airflow/example_dags/example_short_circuit_operator.py took 0.072 seconds
[2026-07-21T18:38:18.525+0000] {processor.py:161} INFO - Started process (PID=537) to work on /home/airflow/.local/lib/python3.10/site-packages/airflow/example_dags/example_short_circuit_operator.py
[2026-07-21T18:38:18.527+0000] {processor.py:830} INFO - Processing file /home/airflow/.local/lib/python3.10/site-packages/airflow/example_dags/example_short_circuit_operator.py for tasks to queue
[2026-07-21T18:38:18.529+0000] {logging_mixin.py:188} INFO - [2026-07-21T18:38:18.528+0000] {dagbag.py:538} INFO - Filling up the DagBag from /home/airflow/.local/lib/python3.10/site-packages/airflow/example_dags/example_short_circuit_operator.py
[2026-07-21T18:38:18.536+0000] {processor.py:840} INFO - DAG(s) 'example_short_circuit_operator' retrieved from /home/airflow/.local/lib/python3.10/site-packages/airflow/example_dags/example_short_circuit_operator.py
[2026-07-21T18:38:18.561+0000] {logging_mixin.py:188} INFO - [2026-07-21T18:38:18.561+0000] {dag.py:3036} INFO - Sync 1 DAGs
[2026-07-21T18:38:18.581+0000] {logging_mixin.py:188} INFO - [2026-07-21T18:38:18.581+0000] {dag.py:3823} INFO - Setting next_dagrun for example_short_circuit_operator to 2026-07-20 00:00:00+00:00, run_after=2026-07-21 00:00:00+00:00
[2026-07-21T18:38:18.600+0000] {processor.py:183} INFO - Processing /home/airflow/.local/lib/python3.10/site-packages/airflow/example_dags/example_short_circuit_operator.py took 0.078 seconds
[2026-07-21T18:38:48.887+0000] {processor.py:161} INFO - Started process (PID=593) to work on /home/airflow/.local/lib/python3.10/site-packages/airflow/example_dags/example_short_circuit_operator.py
[2026-07-21T18:38:48.888+0000] {processor.py:830} INFO - Processing file /home/airflow/.local/lib/python3.10/site-packages/airflow/example_dags/example_short_circuit_operator.py for tasks to queue
[2026-07-21T18:38:48.890+0000] {logging_mixin.py:188} INFO - [2026-07-21T18:38:48.890+0000] {dagbag.py:538} INFO - Filling up the DagBag from /home/airflow/.local/lib/python3.10/site-packages/airflow/example_dags/example_short_circuit_operator.py
[2026-07-21T18:38:48.897+0000] {processor.py:840} INFO - DAG(s) 'example_short_circuit_operator' retrieved from /home/airflow/.local/lib/python3.10/site-packages/airflow/example_dags/example_short_circuit_operator.py
[2026-07-21T18:38:48.920+0000] {logging_mixin.py:188} INFO - [2026-07-21T18:38:48.920+0000] {dag.py:3036} INFO - Sync 1 DAGs
[2026-07-21T18:38:48.939+0000] {logging_mixin.py:188} INFO - [2026-07-21T18:38:48.939+0000] {dag.py:3823} INFO - Setting next_dagrun for example_short_circuit_operator to 2026-07-20 00:00:00+00:00, run_after=2026-07-21 00:00:00+00:00
[2026-07-21T18:38:48.956+0000] {processor.py:183} INFO - Processing /home/airflow/.local/lib/python3.10/site-packages/airflow/example_dags/example_short_circuit_operator.py took 0.073 seconds
[2026-07-21T18:39:19.113+0000] {processor.py:161} INFO - Started process (PID=649) to work on /home/airflow/.local/lib/python3.10/site-packages/airflow/example_dags/example_short_circuit_operator.py
[2026-07-21T18:39:19.114+0000] {processor.py:830} INFO - Processing file /home/airflow/.local/lib/python3.10/site-packages/airflow/example_dags/example_short_circuit_operator.py for tasks to queue
[2026-07-21T18:39:19.116+0000] {logging_mixin.py:188} INFO - [2026-07-21T18:39:19.116+0000] {dagbag.py:538} INFO - Filling up the DagBag from /home/airflow/.local/lib/python3.10/site-packages/airflow/example_dags/example_short_circuit_operator.py
[2026-07-21T18:39:19.124+0000] {processor.py:840} INFO - DAG(s) 'example_short_circuit_operator' retrieved from /home/airflow/.local/lib/python3.10/site-packages/airflow/example_dags/example_short_circuit_operator.py
[2026-07-21T18:39:19.146+0000] {logging_mixin.py:188} INFO - [2026-07-21T18:39:19.145+0000] {dag.py:3036} INFO - Sync 1 DAGs
[2026-07-21T18:39:19.165+0000] {logging_mixin.py:188} INFO - [2026-07-21T18:39:19.165+0000] {dag.py:3823} INFO - Setting next_dagrun for example_short_circuit_operator to 2026-07-20 00:00:00+00:00, run_after=2026-07-21 00:00:00+00:00
[2026-07-21T18:39:19.185+0000] {processor.py:183} INFO - Processing /home/airflow/.local/lib/python3.10/site-packages/airflow/example_dags/example_short_circuit_operator.py took 0.076 seconds
[2026-07-21T18:39:49.247+0000] {processor.py:161} INFO - Started process (PID=705) to work on /home/airflow/.local/lib/python3.10/site-packages/airflow/example_dags/example_short_circuit_operator.py
[2026-07-21T18:39:49.248+0000] {processor.py:830} INFO - Processing file /home/airflow/.local/lib/python3.10/site-packages/airflow/example_dags/example_short_circuit_operator.py for tasks to queue
[2026-07-21T18:39:49.250+0000] {logging_mixin.py:188} INFO - [2026-07-21T18:39:49.250+0000] {dagbag.py:538} INFO - Filling up the DagBag from /home/airflow/.local/lib/python3.10/site-packages/airflow/example_dags/example_short_circuit_operator.py
[2026-07-21T18:39:49.258+0000] {processor.py:840} INFO - DAG(s) 'example_short_circuit_operator' retrieved from /home/airflow/.local/lib/python3.10/site-packages/airflow/example_dags/example_short_circuit_operator.py
[2026-07-21T18:39:49.281+0000] {logging_mixin.py:188} INFO - [2026-07-21T18:39:49.281+0000] {dag.py:3036} INFO - Sync 1 DAGs
[2026-07-21T18:39:49.300+0000] {logging_mixin.py:188} INFO - [2026-07-21T18:39:49.300+0000] {dag.py:3823} INFO - Setting next_dagrun for example_short_circuit_operator to 2026-07-20 00:00:00+00:00, run_after=2026-07-21 00:00:00+00:00
[2026-07-21T18:39:49.319+0000] {processor.py:183} INFO - Processing /home/airflow/.local/lib/python3.10/site-packages/airflow/example_dags/example_short_circuit_operator.py took 0.076 seconds
[2026-07-21T18:40:19.837+0000] {processor.py:161} INFO - Started process (PID=761) to work on /home/airflow/.local/lib/python3.10/site-packages/airflow/example_dags/example_short_circuit_operator.py
[2026-07-21T18:40:19.838+0000] {processor.py:830} INFO - Processing file /home/airflow/.local/lib/python3.10/site-packages/airflow/example_dags/example_short_circuit_operator.py for tasks to queue
[2026-07-21T18:40:19.840+0000] {logging_mixin.py:188} INFO - [2026-07-21T18:40:19.840+0000] {dagbag.py:538} INFO - Filling up the DagBag from /home/airflow/.local/lib/python3.10/site-packages/airflow/example_dags/example_short_circuit_operator.py
[2026-07-21T18:40:19.848+0000] {processor.py:840} INFO - DAG(s) 'example_short_circuit_operator' retrieved from /home/airflow/.local/lib/python3.10/site-packages/airflow/example_dags/example_short_circuit_operator.py
[2026-07-21T18:40:19.870+0000] {logging_mixin.py:188} INFO - [2026-07-21T18:40:19.870+0000] {dag.py:3036} INFO - Sync 1 DAGs
[2026-07-21T18:40:19.888+0000] {logging_mixin.py:188} INFO - [2026-07-21T18:40:19.888+0000] {dag.py:3823} INFO - Setting next_dagrun for example_short_circuit_operator to 2026-07-20 00:00:00+00:00, run_after=2026-07-21 00:00:00+00:00
[2026-07-21T18:40:19.907+0000] {processor.py:183} INFO - Processing /home/airflow/.local/lib/python3.10/site-packages/airflow/example_dags/example_short_circuit_operator.py took 0.075 seconds
[2026-07-21T18:40:50.280+0000] {processor.py:161} INFO - Started process (PID=817) to work on /home/airflow/.local/lib/python3.10/site-packages/airflow/example_dags/example_short_circuit_operator.py
[2026-07-21T18:40:50.282+0000] {processor.py:830} INFO - Processing file /home/airflow/.local/lib/python3.10/site-packages/airflow/example_dags/example_short_circuit_operator.py for tasks to queue
[2026-07-21T18:40:50.287+0000] {logging_mixin.py:188} INFO - [2026-07-21T18:40:50.286+0000] {dagbag.py:538} INFO - Filling up the DagBag from /home/airflow/.local/lib/python3.10/site-packages/airflow/example_dags/example_short_circuit_operator.py
[2026-07-21T18:40:50.300+0000] {processor.py:840} INFO - DAG(s) 'example_short_circuit_operator' retrieved from /home/airflow/.local/lib/python3.10/site-packages/airflow/example_dags/example_short_circuit_operator.py
[2026-07-21T18:40:50.333+0000] {logging_mixin.py:188} INFO - [2026-07-21T18:40:50.332+0000] {dag.py:3036} INFO - Sync 1 DAGs
[2026-07-21T18:40:50.362+0000] {logging_mixin.py:188} INFO - [2026-07-21T18:40:50.361+0000] {dag.py:3823} INFO - Setting next_dagrun for example_short_circuit_operator to 2026-07-20 00:00:00+00:00, run_after=2026-07-21 00:00:00+00:00
[2026-07-21T18:40:50.383+0000] {processor.py:183} INFO - Processing /home/airflow/.local/lib/python3.10/site-packages/airflow/example_dags/example_short_circuit_operator.py took 0.109 seconds
[2026-07-21T18:41:20.485+0000] {processor.py:161} INFO - Started process (PID=873) to work on /home/airflow/.local/lib/python3.10/site-packages/airflow/example_dags/example_short_circuit_operator.py
[2026-07-21T18:41:20.486+0000] {processor.py:830} INFO - Processing file /home/airflow/.local/lib/python3.10/site-packages/airflow/example_dags/example_short_circuit_operator.py for tasks to queue
[2026-07-21T18:41:20.488+0000] {logging_mixin.py:188} INFO - [2026-07-21T18:41:20.488+0000] {dagbag.py:538} INFO - Filling up the DagBag from /home/airflow/.local/lib/python3.10/site-packages/airflow/example_dags/example_short_circuit_operator.py
[2026-07-21T18:41:20.496+0000] {processor.py:840} INFO - DAG(s) 'example_short_circuit_operator' retrieved from /home/airflow/.local/lib/python3.10/site-packages/airflow/example_dags/example_short_circuit_operator.py
[2026-07-21T18:41:20.518+0000] {logging_mixin.py:188} INFO - [2026-07-21T18:41:20.518+0000] {dag.py:3036} INFO - Sync 1 DAGs
[2026-07-21T18:41:20.537+0000] {logging_mixin.py:188} INFO - [2026-07-21T18:41:20.537+0000] {dag.py:3823} INFO - Setting next_dagrun for example_short_circuit_operator to 2026-07-20 00:00:00+00:00, run_after=2026-07-21 00:00:00+00:00
[2026-07-21T18:41:20.553+0000] {processor.py:183} INFO - Processing /home/airflow/.local/lib/python3.10/site-packages/airflow/example_dags/example_short_circuit_operator.py took 0.072 seconds
[2026-07-21T18:41:50.865+0000] {processor.py:161} INFO - Started process (PID=929) to work on /home/airflow/.local/lib/python3.10/site-packages/airflow/example_dags/example_short_circuit_operator.py
[2026-07-21T18:41:50.867+0000] {processor.py:830} INFO - Processing file /home/airflow/.local/lib/python3.10/site-packages/airflow/example_dags/example_short_circuit_operator.py for tasks to queue
[2026-07-21T18:41:50.869+0000] {logging_mixin.py:188} INFO - [2026-07-21T18:41:50.869+0000] {dagbag.py:538} INFO - Filling up the DagBag from /home/airflow/.local/lib/python3.10/site-packages/airflow/example_dags/example_short_circuit_operator.py
[2026-07-21T18:41:50.876+0000] {processor.py:840} INFO - DAG(s) 'example_short_circuit_operator' retrieved from /home/airflow/.local/lib/python3.10/site-packages/airflow/example_dags/example_short_circuit_operator.py
[2026-07-21T18:41:50.900+0000] {logging_mixin.py:188} INFO - [2026-07-21T18:41:50.900+0000] {dag.py:3036} INFO - Sync 1 DAGs
[2026-07-21T18:41:50.918+0000] {logging_mixin.py:188} INFO - [2026-07-21T18:41:50.918+0000] {dag.py:3823} INFO - Setting next_dagrun for example_short_circuit_operator to 2026-07-20 00:00:00+00:00, run_after=2026-07-21 00:00:00+00:00
[2026-07-21T18:41:50.936+0000] {processor.py:183} INFO - Processing /home/airflow/.local/lib/python3.10/site-packages/airflow/example_dags/example_short_circuit_operator.py took 0.075 seconds
[2026-07-21T18:42:21.209+0000] {processor.py:161} INFO - Started process (PID=985) to work on /home/airflow/.local/lib/python3.10/site-packages/airflow/example_dags/example_short_circuit_operator.py
[2026-07-21T18:42:21.210+0000] {processor.py:830} INFO - Processing file /home/airflow/.local/lib/python3.10/site-packages/airflow/example_dags/example_short_circuit_operator.py for tasks to queue
[2026-07-21T18:42:21.212+0000] {logging_mixin.py:188} INFO - [2026-07-21T18:42:21.212+0000] {dagbag.py:538} INFO - Filling up the DagBag from /home/airflow/.local/lib/python3.10/site-packages/airflow/example_dags/example_short_circuit_operator.py
[2026-07-21T18:42:21.220+0000] {processor.py:840} INFO - DAG(s) 'example_short_circuit_operator' retrieved from /home/airflow/.local/lib/python3.10/site-packages/airflow/example_dags/example_short_circuit_operator.py
[2026-07-21T18:42:21.244+0000] {logging_mixin.py:188} INFO - [2026-07-21T18:42:21.243+0000] {dag.py:3036} INFO - Sync 1 DAGs
[2026-07-21T18:42:21.272+0000] {logging_mixin.py:188} INFO - [2026-07-21T18:42:21.272+0000] {dag.py:3823} INFO - Setting next_dagrun for example_short_circuit_operator to 2026-07-20 00:00:00+00:00, run_after=2026-07-21 00:00:00+00:00
[2026-07-21T18:42:21.291+0000] {processor.py:183} INFO - Processing /home/airflow/.local/lib/python3.10/site-packages/airflow/example_dags/example_short_circuit_operator.py took 0.087 seconds
[2026-07-21T18:42:52.463+0000] {processor.py:161} INFO - Started process (PID=1042) to work on /home/airflow/.local/lib/python3.10/site-packages/airflow/example_dags/example_short_circuit_operator.py
[2026-07-21T18:42:52.464+0000] {processor.py:830} INFO - Processing file /home/airflow/.local/lib/python3.10/site-packages/airflow/example_dags/example_short_circuit_operator.py for tasks to queue
[2026-07-21T18:42:52.467+0000] {logging_mixin.py:188} INFO - [2026-07-21T18:42:52.467+0000] {dagbag.py:538} INFO - Filling up the DagBag from /home/airflow/.local/lib/python3.10/site-packages/airflow/example_dags/example_short_circuit_operator.py
[2026-07-21T18:42:52.477+0000] {processor.py:840} INFO - DAG(s) 'example_short_circuit_operator' retrieved from /home/airflow/.local/lib/python3.10/site-packages/airflow/example_dags/example_short_circuit_operator.py
[2026-07-21T18:42:52.513+0000] {logging_mixin.py:188} INFO - [2026-07-21T18:42:52.512+0000] {dag.py:3036} INFO - Sync 1 DAGs
[2026-07-21T18:42:52.543+0000] {logging_mixin.py:188} INFO - [2026-07-21T18:42:52.543+0000] {dag.py:3823} INFO - Setting next_dagrun for example_short_circuit_operator to 2026-07-20 00:00:00+00:00, run_after=2026-07-21 00:00:00+00:00
[2026-07-21T18:42:52.566+0000] {processor.py:183} INFO - Processing /home/airflow/.local/lib/python3.10/site-packages/airflow/example_dags/example_short_circuit_operator.py took 0.108 seconds
[2026-07-21T18:43:22.937+0000] {processor.py:161} INFO - Started process (PID=1098) to work on /home/airflow/.local/lib/python3.10/site-packages/airflow/example_dags/example_short_circuit_operator.py
[2026-07-21T18:43:22.939+0000] {processor.py:830} INFO - Processing file /home/airflow/.local/lib/python3.10/site-packages/airflow/example_dags/example_short_circuit_operator.py for tasks to queue
[2026-07-21T18:43:22.941+0000] {logging_mixin.py:188} INFO - [2026-07-21T18:43:22.941+0000] {dagbag.py:538} INFO - Filling up the DagBag from /home/airflow/.local/lib/python3.10/site-packages/airflow/example_dags/example_short_circuit_operator.py
[2026-07-21T18:43:22.949+0000] {processor.py:840} INFO - DAG(s) 'example_short_circuit_operator' retrieved from /home/airflow/.local/lib/python3.10/site-packages/airflow/example_dags/example_short_circuit_operator.py
[2026-07-21T18:43:22.971+0000] {logging_mixin.py:188} INFO - [2026-07-21T18:43:22.971+0000] {dag.py:3036} INFO - Sync 1 DAGs
[2026-07-21T18:43:22.993+0000] {logging_mixin.py:188} INFO - [2026-07-21T18:43:22.992+0000] {dag.py:3823} INFO - Setting next_dagrun for example_short_circuit_operator to 2026-07-20 00:00:00+00:00, run_after=2026-07-21 00:00:00+00:00
[2026-07-21T18:43:23.020+0000] {processor.py:183} INFO - Processing /home/airflow/.local/lib/python3.10/site-packages/airflow/example_dags/example_short_circuit_operator.py took 0.088 seconds
[2026-07-21T18:43:53.356+0000] {processor.py:161} INFO - Started process (PID=1154) to work on /home/airflow/.local/lib/python3.10/site-packages/airflow/example_dags/example_short_circuit_operator.py
[2026-07-21T18:43:53.357+0000] {processor.py:830} INFO - Processing file /home/airflow/.local/lib/python3.10/site-packages/airflow/example_dags/example_short_circuit_operator.py for tasks to queue
[2026-07-21T18:43:53.359+0000] {logging_mixin.py:188} INFO - [2026-07-21T18:43:53.359+0000] {dagbag.py:538} INFO - Filling up the DagBag from /home/airflow/.local/lib/python3.10/site-packages/airflow/example_dags/example_short_circuit_operator.py
[2026-07-21T18:43:53.366+0000] {processor.py:840} INFO - DAG(s) 'example_short_circuit_operator' retrieved from /home/airflow/.local/lib/python3.10/site-packages/airflow/example_dags/example_short_circuit_operator.py
[2026-07-21T18:43:53.388+0000] {logging_mixin.py:188} INFO - [2026-07-21T18:43:53.388+0000] {dag.py:3036} INFO - Sync 1 DAGs
[2026-07-21T18:43:53.406+0000] {logging_mixin.py:188} INFO - [2026-07-21T18:43:53.406+0000] {dag.py:3823} INFO - Setting next_dagrun for example_short_circuit_operator to 2026-07-20 00:00:00+00:00, run_after=2026-07-21 00:00:00+00:00
[2026-07-21T18:43:53.433+0000] {processor.py:183} INFO - Processing /home/airflow/.local/lib/python3.10/site-packages/airflow/example_dags/example_short_circuit_operator.py took 0.081 seconds
[2026-07-21T18:44:23.690+0000] {processor.py:161} INFO - Started process (PID=1210) to work on /home/airflow/.local/lib/python3.10/site-packages/airflow/example_dags/example_short_circuit_operator.py
[2026-07-21T18:44:23.691+0000] {processor.py:830} INFO - Processing file /home/airflow/.local/lib/python3.10/site-packages/airflow/example_dags/example_short_circuit_operator.py for tasks to queue
[2026-07-21T18:44:23.693+0000] {logging_mixin.py:188} INFO - [2026-07-21T18:44:23.693+0000] {dagbag.py:538} INFO - Filling up the DagBag from /home/airflow/.local/lib/python3.10/site-packages/airflow/example_dags/example_short_circuit_operator.py
[2026-07-21T18:44:23.700+0000] {processor.py:840} INFO - DAG(s) 'example_short_circuit_operator' retrieved from /home/airflow/.local/lib/python3.10/site-packages/airflow/example_dags/example_short_circuit_operator.py
[2026-07-21T18:44:23.723+0000] {logging_mixin.py:188} INFO - [2026-07-21T18:44:23.723+0000] {dag.py:3036} INFO - Sync 1 DAGs
[2026-07-21T18:44:23.741+0000] {logging_mixin.py:188} INFO - [2026-07-21T18:44:23.741+0000] {dag.py:3823} INFO - Setting next_dagrun for example_short_circuit_operator to 2026-07-20 00:00:00+00:00, run_after=2026-07-21 00:00:00+00:00
[2026-07-21T18:44:23.760+0000] {processor.py:183} INFO - Processing /home/airflow/.local/lib/python3.10/site-packages/airflow/example_dags/example_short_circuit_operator.py took 0.074 seconds
[2026-07-21T18:44:53.976+0000] {processor.py:161} INFO - Started process (PID=1266) to work on /home/airflow/.local/lib/python3.10/site-packages/airflow/example_dags/example_short_circuit_operator.py
[2026-07-21T18:44:53.977+0000] {processor.py:830} INFO - Processing file /home/airflow/.local/lib/python3.10/site-packages/airflow/example_dags/example_short_circuit_operator.py for tasks to queue
[2026-07-21T18:44:53.980+0000] {logging_mixin.py:188} INFO - [2026-07-21T18:44:53.980+0000] {dagbag.py:538} INFO - Filling up the DagBag from /home/airflow/.local/lib/python3.10/site-packages/airflow/example_dags/example_short_circuit_operator.py
[2026-07-21T18:44:53.990+0000] {processor.py:840} INFO - DAG(s) 'example_short_circuit_operator' retrieved from /home/airflow/.local/lib/python3.10/site-packages/airflow/example_dags/example_short_circuit_operator.py
[2026-07-21T18:44:54.015+0000] {logging_mixin.py:188} INFO - [2026-07-21T18:44:54.014+0000] {dag.py:3036} INFO - Sync 1 DAGs
[2026-07-21T18:44:54.037+0000] {logging_mixin.py:188} INFO - [2026-07-21T18:44:54.037+0000] {dag.py:3823} INFO - Setting next_dagrun for example_short_circuit_operator to 2026-07-20 00:00:00+00:00, run_after=2026-07-21 00:00:00+00:00
[2026-07-21T18:44:54.059+0000] {processor.py:183} INFO - Processing /home/airflow/.local/lib/python3.10/site-packages/airflow/example_dags/example_short_circuit_operator.py took 0.086 seconds
[2026-07-21T18:45:24.158+0000] {processor.py:161} INFO - Started process (PID=1323) to work on /home/airflow/.local/lib/python3.10/site-packages/airflow/example_dags/example_short_circuit_operator.py
[2026-07-21T18:45:24.159+0000] {processor.py:830} INFO - Processing file /home/airflow/.local/lib/python3.10/site-packages/airflow/example_dags/example_short_circuit_operator.py for tasks to queue
[2026-07-21T18:45:24.161+0000] {logging_mixin.py:188} INFO - [2026-07-21T18:45:24.161+0000] {dagbag.py:538} INFO - Filling up the DagBag from /home/airflow/.local/lib/python3.10/site-packages/airflow/example_dags/example_short_circuit_operator.py
[2026-07-21T18:45:24.170+0000] {processor.py:840} INFO - DAG(s) 'example_short_circuit_operator' retrieved from /home/airflow/.local/lib/python3.10/site-packages/airflow/example_dags/example_short_circuit_operator.py
[2026-07-21T18:45:24.194+0000] {logging_mixin.py:188} INFO - [2026-07-21T18:45:24.194+0000] {dag.py:3036} INFO - Sync 1 DAGs
[2026-07-21T18:45:24.213+0000] {logging_mixin.py:188} INFO - [2026-07-21T18:45:24.213+0000] {dag.py:3823} INFO - Setting next_dagrun for example_short_circuit_operator to 2026-07-20 00:00:00+00:00, run_after=2026-07-21 00:00:00+00:00
[2026-07-21T18:45:24.231+0000] {processor.py:183} INFO - Processing /home/airflow/.local/lib/python3.10/site-packages/airflow/example_dags/example_short_circuit_operator.py took 0.077 seconds
[2026-07-21T18:45:54.769+0000] {processor.py:161} INFO - Started process (PID=1378) to work on /home/airflow/.local/lib/python3.10/site-packages/airflow/example_dags/example_short_circuit_operator.py
[2026-07-21T18:45:54.770+0000] {processor.py:830} INFO - Processing file /home/airflow/.local/lib/python3.10/site-packages/airflow/example_dags/example_short_circuit_operator.py for tasks to queue
[2026-07-21T18:45:54.772+0000] {logging_mixin.py:188} INFO - [2026-07-21T18:45:54.772+0000] {dagbag.py:538} INFO - Filling up the DagBag from /home/airflow/.local/lib/python3.10/site-packages/airflow/example_dags/example_short_circuit_operator.py
[2026-07-21T18:45:54.780+0000] {processor.py:840} INFO - DAG(s) 'example_short_circuit_operator' retrieved from /home/airflow/.local/lib/python3.10/site-packages/airflow/example_dags/example_short_circuit_operator.py
[2026-07-21T18:45:54.803+0000] {logging_mixin.py:188} INFO - [2026-07-21T18:45:54.803+0000] {dag.py:3036} INFO - Sync 1 DAGs
[2026-07-21T18:45:54.822+0000] {logging_mixin.py:188} INFO - [2026-07-21T18:45:54.822+0000] {dag.py:3823} INFO - Setting next_dagrun for example_short_circuit_operator to 2026-07-20 00:00:00+00:00, run_after=2026-07-21 00:00:00+00:00
[2026-07-21T18:45:54.839+0000] {processor.py:183} INFO - Processing /home/airflow/.local/lib/python3.10/site-packages/airflow/example_dags/example_short_circuit_operator.py took 0.074 seconds
[2026-07-21T18:46:25.064+0000] {processor.py:161} INFO - Started process (PID=1434) to work on /home/airflow/.local/lib/python3.10/site-packages/airflow/example_dags/example_short_circuit_operator.py
[2026-07-21T18:46:25.065+0000] {processor.py:830} INFO - Processing file /home/airflow/.local/lib/python3.10/site-packages/airflow/example_dags/example_short_circuit_operator.py for tasks to queue
[2026-07-21T18:46:25.067+0000] {logging_mixin.py:188} INFO - [2026-07-21T18:46:25.067+0000] {dagbag.py:538} INFO - Filling up the DagBag from /home/airflow/.local/lib/python3.10/site-packages/airflow/example_dags/example_short_circuit_operator.py
[2026-07-21T18:46:25.075+0000] {processor.py:840} INFO - DAG(s) 'example_short_circuit_operator' retrieved from /home/airflow/.local/lib/python3.10/site-packages/airflow/example_dags/example_short_circuit_operator.py
[2026-07-21T18:46:25.096+0000] {logging_mixin.py:188} INFO - [2026-07-21T18:46:25.096+0000] {dag.py:3036} INFO - Sync 1 DAGs
[2026-07-21T18:46:25.114+0000] {logging_mixin.py:188} INFO - [2026-07-21T18:46:25.113+0000] {dag.py:3823} INFO - Setting next_dagrun for example_short_circuit_operator to 2026-07-20 00:00:00+00:00, run_after=2026-07-21 00:00:00+00:00
[2026-07-21T18:46:25.141+0000] {processor.py:183} INFO - Processing /home/airflow/.local/lib/python3.10/site-packages/airflow/example_dags/example_short_circuit_operator.py took 0.082 seconds
[2026-07-21T18:46:55.255+0000] {processor.py:161} INFO - Started process (PID=1490) to work on /home/airflow/.local/lib/python3.10/site-packages/airflow/example_dags/example_short_circuit_operator.py
[2026-07-21T18:46:55.256+0000] {processor.py:830} INFO - Processing file /home/airflow/.local/lib/python3.10/site-packages/airflow/example_dags/example_short_circuit_operator.py for tasks to queue
[2026-07-21T18:46:55.259+0000] {logging_mixin.py:188} INFO - [2026-07-21T18:46:55.258+0000] {dagbag.py:538} INFO - Filling up the DagBag from /home/airflow/.local/lib/python3.10/site-packages/airflow/example_dags/example_short_circuit_operator.py
[2026-07-21T18:46:55.266+0000] {processor.py:840} INFO - DAG(s) 'example_short_circuit_operator' retrieved from /home/airflow/.local/lib/python3.10/site-packages/airflow/example_dags/example_short_circuit_operator.py
[2026-07-21T18:46:55.288+0000] {logging_mixin.py:188} INFO - [2026-07-21T18:46:55.288+0000] {dag.py:3036} INFO - Sync 1 DAGs
[2026-07-21T18:46:55.306+0000] {logging_mixin.py:188} INFO - [2026-07-21T18:46:55.305+0000] {dag.py:3823} INFO - Setting next_dagrun for example_short_circuit_operator to 2026-07-20 00:00:00+00:00, run_after=2026-07-21 00:00:00+00:00
[2026-07-21T18:46:55.324+0000] {processor.py:183} INFO - Processing /home/airflow/.local/lib/python3.10/site-packages/airflow/example_dags/example_short_circuit_operator.py took 0.072 seconds
[2026-07-21T18:47:25.651+0000] {processor.py:161} INFO - Started process (PID=1546) to work on /home/airflow/.local/lib/python3.10/site-packages/airflow/example_dags/example_short_circuit_operator.py
[2026-07-21T18:47:25.652+0000] {processor.py:830} INFO - Processing file /home/airflow/.local/lib/python3.10/site-packages/airflow/example_dags/example_short_circuit_operator.py for tasks to queue
[2026-07-21T18:47:25.654+0000] {logging_mixin.py:188} INFO - [2026-07-21T18:47:25.654+0000] {dagbag.py:538} INFO - Filling up the DagBag from /home/airflow/.local/lib/python3.10/site-packages/airflow/example_dags/example_short_circuit_operator.py
[2026-07-21T18:47:25.662+0000] {processor.py:840} INFO - DAG(s) 'example_short_circuit_operator' retrieved from /home/airflow/.local/lib/python3.10/site-packages/airflow/example_dags/example_short_circuit_operator.py
[2026-07-21T18:47:25.683+0000] {logging_mixin.py:188} INFO - [2026-07-21T18:47:25.683+0000] {dag.py:3036} INFO - Sync 1 DAGs
[2026-07-21T18:47:25.702+0000] {logging_mixin.py:188} INFO - [2026-07-21T18:47:25.702+0000] {dag.py:3823} INFO - Setting next_dagrun for example_short_circuit_operator to 2026-07-20 00:00:00+00:00, run_after=2026-07-21 00:00:00+00:00
[2026-07-21T18:47:25.719+0000] {processor.py:183} INFO - Processing /home/airflow/.local/lib/python3.10/site-packages/airflow/example_dags/example_short_circuit_operator.py took 0.072 seconds
[2026-07-21T18:47:56.295+0000] {processor.py:161} INFO - Started process (PID=1602) to work on /home/airflow/.local/lib/python3.10/site-packages/airflow/example_dags/example_short_circuit_operator.py
[2026-07-21T18:47:56.296+0000] {processor.py:830} INFO - Processing file /home/airflow/.local/lib/python3.10/site-packages/airflow/example_dags/example_short_circuit_operator.py for tasks to queue
[2026-07-21T18:47:56.299+0000] {logging_mixin.py:188} INFO - [2026-07-21T18:47:56.299+0000] {dagbag.py:538} INFO - Filling up the DagBag from /home/airflow/.local/lib/python3.10/site-packages/airflow/example_dags/example_short_circuit_operator.py
[2026-07-21T18:47:56.306+0000] {processor.py:840} INFO - DAG(s) 'example_short_circuit_operator' retrieved from /home/airflow/.local/lib/python3.10/site-packages/airflow/example_dags/example_short_circuit_operator.py
[2026-07-21T18:47:56.326+0000] {logging_mixin.py:188} INFO - [2026-07-21T18:47:56.326+0000] {dag.py:3036} INFO - Sync 1 DAGs
[2026-07-21T18:47:56.343+0000] {logging_mixin.py:188} INFO - [2026-07-21T18:47:56.343+0000] {dag.py:3823} INFO - Setting next_dagrun for example_short_circuit_operator to 2026-07-20 00:00:00+00:00, run_after=2026-07-21 00:00:00+00:00
[2026-07-21T18:47:56.362+0000] {processor.py:183} INFO - Processing /home/airflow/.local/lib/python3.10/site-packages/airflow/example_dags/example_short_circuit_operator.py took 0.071 seconds
