[2026-07-21T17:56:27.897+0000] {processor.py:161} INFO - Started process (PID=84) to work on /home/airflow/.local/lib/python3.8/site-packages/airflow/example_dags/example_params_ui_tutorial.py
[2026-07-21T17:56:27.905+0000] {processor.py:830} INFO - Processing file /home/airflow/.local/lib/python3.8/site-packages/airflow/example_dags/example_params_ui_tutorial.py for tasks to queue
[2026-07-21T17:56:27.909+0000] {logging_mixin.py:188} INFO - [2026-07-21T17:56:27.909+0000] {dagbag.py:538} INFO - Filling up the DagBag from /home/airflow/.local/lib/python3.8/site-packages/airflow/example_dags/example_params_ui_tutorial.py
[2026-07-21T17:56:27.937+0000] {processor.py:840} INFO - DAG(s) 'example_params_ui_tutorial' retrieved from /home/airflow/.local/lib/python3.8/site-packages/airflow/example_dags/example_params_ui_tutorial.py
[2026-07-21T17:56:28.543+0000] {logging_mixin.py:188} INFO - [2026-07-21T17:56:28.542+0000] {dag.py:3036} INFO - Sync 1 DAGs
[2026-07-21T17:56:28.590+0000] {logging_mixin.py:188} INFO - [2026-07-21T17:56:28.590+0000] {dag.py:3823} INFO - Setting next_dagrun for example_params_ui_tutorial to None, run_after=None
[2026-07-21T17:56:28.654+0000] {processor.py:183} INFO - Processing /home/airflow/.local/lib/python3.8/site-packages/airflow/example_dags/example_params_ui_tutorial.py took 0.812 seconds
[2026-07-21T17:56:59.103+0000] {processor.py:161} INFO - Started process (PID=140) to work on /home/airflow/.local/lib/python3.8/site-packages/airflow/example_dags/example_params_ui_tutorial.py
[2026-07-21T17:56:59.104+0000] {processor.py:830} INFO - Processing file /home/airflow/.local/lib/python3.8/site-packages/airflow/example_dags/example_params_ui_tutorial.py for tasks to queue
[2026-07-21T17:56:59.106+0000] {logging_mixin.py:188} INFO - [2026-07-21T17:56:59.106+0000] {dagbag.py:538} INFO - Filling up the DagBag from /home/airflow/.local/lib/python3.8/site-packages/airflow/example_dags/example_params_ui_tutorial.py
[2026-07-21T17:56:59.119+0000] {processor.py:840} INFO - DAG(s) 'example_params_ui_tutorial' retrieved from /home/airflow/.local/lib/python3.8/site-packages/airflow/example_dags/example_params_ui_tutorial.py
[2026-07-21T17:56:59.187+0000] {logging_mixin.py:188} INFO - [2026-07-21T17:56:59.187+0000] {dag.py:3036} INFO - Sync 1 DAGs
[2026-07-21T17:56:59.203+0000] {logging_mixin.py:188} INFO - [2026-07-21T17:56:59.203+0000] {dag.py:3823} INFO - Setting next_dagrun for example_params_ui_tutorial to None, run_after=None
[2026-07-21T17:56:59.222+0000] {processor.py:183} INFO - Processing /home/airflow/.local/lib/python3.8/site-packages/airflow/example_dags/example_params_ui_tutorial.py took 0.124 seconds
[2026-07-21T17:57:29.999+0000] {processor.py:161} INFO - Started process (PID=196) to work on /home/airflow/.local/lib/python3.8/site-packages/airflow/example_dags/example_params_ui_tutorial.py
[2026-07-21T17:57:30.000+0000] {processor.py:830} INFO - Processing file /home/airflow/.local/lib/python3.8/site-packages/airflow/example_dags/example_params_ui_tutorial.py for tasks to queue
[2026-07-21T17:57:30.002+0000] {logging_mixin.py:188} INFO - [2026-07-21T17:57:30.002+0000] {dagbag.py:538} INFO - Filling up the DagBag from /home/airflow/.local/lib/python3.8/site-packages/airflow/example_dags/example_params_ui_tutorial.py
[2026-07-21T17:57:30.013+0000] {processor.py:840} INFO - DAG(s) 'example_params_ui_tutorial' retrieved from /home/airflow/.local/lib/python3.8/site-packages/airflow/example_dags/example_params_ui_tutorial.py
[2026-07-21T17:57:30.065+0000] {logging_mixin.py:188} INFO - [2026-07-21T17:57:30.065+0000] {dag.py:3036} INFO - Sync 1 DAGs
[2026-07-21T17:57:30.076+0000] {logging_mixin.py:188} INFO - [2026-07-21T17:57:30.076+0000] {dag.py:3823} INFO - Setting next_dagrun for example_params_ui_tutorial to None, run_after=None
[2026-07-21T17:57:30.093+0000] {processor.py:183} INFO - Processing /home/airflow/.local/lib/python3.8/site-packages/airflow/example_dags/example_params_ui_tutorial.py took 0.098 seconds
[2026-07-21T17:58:00.258+0000] {processor.py:161} INFO - Started process (PID=252) to work on /home/airflow/.local/lib/python3.8/site-packages/airflow/example_dags/example_params_ui_tutorial.py
[2026-07-21T17:58:00.260+0000] {processor.py:830} INFO - Processing file /home/airflow/.local/lib/python3.8/site-packages/airflow/example_dags/example_params_ui_tutorial.py for tasks to queue
[2026-07-21T17:58:00.262+0000] {logging_mixin.py:188} INFO - [2026-07-21T17:58:00.262+0000] {dagbag.py:538} INFO - Filling up the DagBag from /home/airflow/.local/lib/python3.8/site-packages/airflow/example_dags/example_params_ui_tutorial.py
[2026-07-21T17:58:00.273+0000] {processor.py:840} INFO - DAG(s) 'example_params_ui_tutorial' retrieved from /home/airflow/.local/lib/python3.8/site-packages/airflow/example_dags/example_params_ui_tutorial.py
[2026-07-21T17:58:00.326+0000] {logging_mixin.py:188} INFO - [2026-07-21T17:58:00.325+0000] {dag.py:3036} INFO - Sync 1 DAGs
[2026-07-21T17:58:00.337+0000] {logging_mixin.py:188} INFO - [2026-07-21T17:58:00.336+0000] {dag.py:3823} INFO - Setting next_dagrun for example_params_ui_tutorial to None, run_after=None
[2026-07-21T17:58:00.357+0000] {processor.py:183} INFO - Processing /home/airflow/.local/lib/python3.8/site-packages/airflow/example_dags/example_params_ui_tutorial.py took 0.102 seconds
[2026-07-21T17:58:30.476+0000] {processor.py:161} INFO - Started process (PID=308) to work on /home/airflow/.local/lib/python3.8/site-packages/airflow/example_dags/example_params_ui_tutorial.py
[2026-07-21T17:58:30.478+0000] {processor.py:830} INFO - Processing file /home/airflow/.local/lib/python3.8/site-packages/airflow/example_dags/example_params_ui_tutorial.py for tasks to queue
[2026-07-21T17:58:30.482+0000] {logging_mixin.py:188} INFO - [2026-07-21T17:58:30.481+0000] {dagbag.py:538} INFO - Filling up the DagBag from /home/airflow/.local/lib/python3.8/site-packages/airflow/example_dags/example_params_ui_tutorial.py
[2026-07-21T17:58:30.505+0000] {processor.py:840} INFO - DAG(s) 'example_params_ui_tutorial' retrieved from /home/airflow/.local/lib/python3.8/site-packages/airflow/example_dags/example_params_ui_tutorial.py
[2026-07-21T17:58:30.656+0000] {logging_mixin.py:188} INFO - [2026-07-21T17:58:30.656+0000] {dag.py:3036} INFO - Sync 1 DAGs
[2026-07-21T17:58:30.678+0000] {logging_mixin.py:188} INFO - [2026-07-21T17:58:30.677+0000] {dag.py:3823} INFO - Setting next_dagrun for example_params_ui_tutorial to None, run_after=None
[2026-07-21T17:58:30.712+0000] {processor.py:183} INFO - Processing /home/airflow/.local/lib/python3.8/site-packages/airflow/example_dags/example_params_ui_tutorial.py took 0.241 seconds
[2026-07-21T17:59:00.899+0000] {processor.py:161} INFO - Started process (PID=364) to work on /home/airflow/.local/lib/python3.8/site-packages/airflow/example_dags/example_params_ui_tutorial.py
[2026-07-21T17:59:00.900+0000] {processor.py:830} INFO - Processing file /home/airflow/.local/lib/python3.8/site-packages/airflow/example_dags/example_params_ui_tutorial.py for tasks to queue
[2026-07-21T17:59:00.903+0000] {logging_mixin.py:188} INFO - [2026-07-21T17:59:00.903+0000] {dagbag.py:538} INFO - Filling up the DagBag from /home/airflow/.local/lib/python3.8/site-packages/airflow/example_dags/example_params_ui_tutorial.py
[2026-07-21T17:59:00.916+0000] {processor.py:840} INFO - DAG(s) 'example_params_ui_tutorial' retrieved from /home/airflow/.local/lib/python3.8/site-packages/airflow/example_dags/example_params_ui_tutorial.py
[2026-07-21T17:59:00.971+0000] {logging_mixin.py:188} INFO - [2026-07-21T17:59:00.971+0000] {dag.py:3036} INFO - Sync 1 DAGs
[2026-07-21T17:59:00.981+0000] {logging_mixin.py:188} INFO - [2026-07-21T17:59:00.981+0000] {dag.py:3823} INFO - Setting next_dagrun for example_params_ui_tutorial to None, run_after=None
[2026-07-21T17:59:00.999+0000] {processor.py:183} INFO - Processing /home/airflow/.local/lib/python3.8/site-packages/airflow/example_dags/example_params_ui_tutorial.py took 0.105 seconds
[2026-07-21T17:59:31.103+0000] {processor.py:161} INFO - Started process (PID=420) to work on /home/airflow/.local/lib/python3.8/site-packages/airflow/example_dags/example_params_ui_tutorial.py
[2026-07-21T17:59:31.104+0000] {processor.py:830} INFO - Processing file /home/airflow/.local/lib/python3.8/site-packages/airflow/example_dags/example_params_ui_tutorial.py for tasks to queue
[2026-07-21T17:59:31.106+0000] {logging_mixin.py:188} INFO - [2026-07-21T17:59:31.106+0000] {dagbag.py:538} INFO - Filling up the DagBag from /home/airflow/.local/lib/python3.8/site-packages/airflow/example_dags/example_params_ui_tutorial.py
[2026-07-21T17:59:31.117+0000] {processor.py:840} INFO - DAG(s) 'example_params_ui_tutorial' retrieved from /home/airflow/.local/lib/python3.8/site-packages/airflow/example_dags/example_params_ui_tutorial.py
[2026-07-21T17:59:31.170+0000] {logging_mixin.py:188} INFO - [2026-07-21T17:59:31.170+0000] {dag.py:3036} INFO - Sync 1 DAGs
[2026-07-21T17:59:31.181+0000] {logging_mixin.py:188} INFO - [2026-07-21T17:59:31.181+0000] {dag.py:3823} INFO - Setting next_dagrun for example_params_ui_tutorial to None, run_after=None
[2026-07-21T17:59:31.200+0000] {processor.py:183} INFO - Processing /home/airflow/.local/lib/python3.8/site-packages/airflow/example_dags/example_params_ui_tutorial.py took 0.101 seconds
[2026-07-21T18:00:01.433+0000] {processor.py:161} INFO - Started process (PID=476) to work on /home/airflow/.local/lib/python3.8/site-packages/airflow/example_dags/example_params_ui_tutorial.py
[2026-07-21T18:00:01.434+0000] {processor.py:830} INFO - Processing file /home/airflow/.local/lib/python3.8/site-packages/airflow/example_dags/example_params_ui_tutorial.py for tasks to queue
[2026-07-21T18:00:01.436+0000] {logging_mixin.py:188} INFO - [2026-07-21T18:00:01.436+0000] {dagbag.py:538} INFO - Filling up the DagBag from /home/airflow/.local/lib/python3.8/site-packages/airflow/example_dags/example_params_ui_tutorial.py
[2026-07-21T18:00:01.447+0000] {processor.py:840} INFO - DAG(s) 'example_params_ui_tutorial' retrieved from /home/airflow/.local/lib/python3.8/site-packages/airflow/example_dags/example_params_ui_tutorial.py
[2026-07-21T18:00:01.501+0000] {logging_mixin.py:188} INFO - [2026-07-21T18:00:01.501+0000] {dag.py:3036} INFO - Sync 1 DAGs
[2026-07-21T18:00:01.513+0000] {logging_mixin.py:188} INFO - [2026-07-21T18:00:01.513+0000] {dag.py:3823} INFO - Setting next_dagrun for example_params_ui_tutorial to None, run_after=None
[2026-07-21T18:00:01.532+0000] {processor.py:183} INFO - Processing /home/airflow/.local/lib/python3.8/site-packages/airflow/example_dags/example_params_ui_tutorial.py took 0.102 seconds
[2026-07-21T18:00:31.857+0000] {processor.py:161} INFO - Started process (PID=532) to work on /home/airflow/.local/lib/python3.8/site-packages/airflow/example_dags/example_params_ui_tutorial.py
[2026-07-21T18:00:31.859+0000] {processor.py:830} INFO - Processing file /home/airflow/.local/lib/python3.8/site-packages/airflow/example_dags/example_params_ui_tutorial.py for tasks to queue
[2026-07-21T18:00:31.861+0000] {logging_mixin.py:188} INFO - [2026-07-21T18:00:31.860+0000] {dagbag.py:538} INFO - Filling up the DagBag from /home/airflow/.local/lib/python3.8/site-packages/airflow/example_dags/example_params_ui_tutorial.py
[2026-07-21T18:00:31.872+0000] {processor.py:840} INFO - DAG(s) 'example_params_ui_tutorial' retrieved from /home/airflow/.local/lib/python3.8/site-packages/airflow/example_dags/example_params_ui_tutorial.py
[2026-07-21T18:00:31.926+0000] {logging_mixin.py:188} INFO - [2026-07-21T18:00:31.926+0000] {dag.py:3036} INFO - Sync 1 DAGs
[2026-07-21T18:00:31.936+0000] {logging_mixin.py:188} INFO - [2026-07-21T18:00:31.936+0000] {dag.py:3823} INFO - Setting next_dagrun for example_params_ui_tutorial to None, run_after=None
[2026-07-21T18:00:31.956+0000] {processor.py:183} INFO - Processing /home/airflow/.local/lib/python3.8/site-packages/airflow/example_dags/example_params_ui_tutorial.py took 0.103 seconds
[2026-07-21T18:01:02.090+0000] {processor.py:161} INFO - Started process (PID=589) to work on /home/airflow/.local/lib/python3.8/site-packages/airflow/example_dags/example_params_ui_tutorial.py
[2026-07-21T18:01:02.092+0000] {processor.py:830} INFO - Processing file /home/airflow/.local/lib/python3.8/site-packages/airflow/example_dags/example_params_ui_tutorial.py for tasks to queue
[2026-07-21T18:01:02.094+0000] {logging_mixin.py:188} INFO - [2026-07-21T18:01:02.093+0000] {dagbag.py:538} INFO - Filling up the DagBag from /home/airflow/.local/lib/python3.8/site-packages/airflow/example_dags/example_params_ui_tutorial.py
[2026-07-21T18:01:02.105+0000] {processor.py:840} INFO - DAG(s) 'example_params_ui_tutorial' retrieved from /home/airflow/.local/lib/python3.8/site-packages/airflow/example_dags/example_params_ui_tutorial.py
[2026-07-21T18:01:02.158+0000] {logging_mixin.py:188} INFO - [2026-07-21T18:01:02.157+0000] {dag.py:3036} INFO - Sync 1 DAGs
[2026-07-21T18:01:02.169+0000] {logging_mixin.py:188} INFO - [2026-07-21T18:01:02.169+0000] {dag.py:3823} INFO - Setting next_dagrun for example_params_ui_tutorial to None, run_after=None
[2026-07-21T18:01:02.191+0000] {processor.py:183} INFO - Processing /home/airflow/.local/lib/python3.8/site-packages/airflow/example_dags/example_params_ui_tutorial.py took 0.104 seconds
[2026-07-21T18:01:32.372+0000] {processor.py:161} INFO - Started process (PID=645) to work on /home/airflow/.local/lib/python3.8/site-packages/airflow/example_dags/example_params_ui_tutorial.py
[2026-07-21T18:01:32.373+0000] {processor.py:830} INFO - Processing file /home/airflow/.local/lib/python3.8/site-packages/airflow/example_dags/example_params_ui_tutorial.py for tasks to queue
[2026-07-21T18:01:32.375+0000] {logging_mixin.py:188} INFO - [2026-07-21T18:01:32.375+0000] {dagbag.py:538} INFO - Filling up the DagBag from /home/airflow/.local/lib/python3.8/site-packages/airflow/example_dags/example_params_ui_tutorial.py
[2026-07-21T18:01:32.389+0000] {processor.py:840} INFO - DAG(s) 'example_params_ui_tutorial' retrieved from /home/airflow/.local/lib/python3.8/site-packages/airflow/example_dags/example_params_ui_tutorial.py
[2026-07-21T18:01:32.444+0000] {logging_mixin.py:188} INFO - [2026-07-21T18:01:32.444+0000] {dag.py:3036} INFO - Sync 1 DAGs
[2026-07-21T18:01:32.455+0000] {logging_mixin.py:188} INFO - [2026-07-21T18:01:32.455+0000] {dag.py:3823} INFO - Setting next_dagrun for example_params_ui_tutorial to None, run_after=None
[2026-07-21T18:01:32.473+0000] {processor.py:183} INFO - Processing /home/airflow/.local/lib/python3.8/site-packages/airflow/example_dags/example_params_ui_tutorial.py took 0.107 seconds
[2026-07-21T18:02:02.626+0000] {processor.py:161} INFO - Started process (PID=701) to work on /home/airflow/.local/lib/python3.8/site-packages/airflow/example_dags/example_params_ui_tutorial.py
[2026-07-21T18:02:02.627+0000] {processor.py:830} INFO - Processing file /home/airflow/.local/lib/python3.8/site-packages/airflow/example_dags/example_params_ui_tutorial.py for tasks to queue
[2026-07-21T18:02:02.629+0000] {logging_mixin.py:188} INFO - [2026-07-21T18:02:02.629+0000] {dagbag.py:538} INFO - Filling up the DagBag from /home/airflow/.local/lib/python3.8/site-packages/airflow/example_dags/example_params_ui_tutorial.py
[2026-07-21T18:02:02.642+0000] {processor.py:840} INFO - DAG(s) 'example_params_ui_tutorial' retrieved from /home/airflow/.local/lib/python3.8/site-packages/airflow/example_dags/example_params_ui_tutorial.py
[2026-07-21T18:02:02.696+0000] {logging_mixin.py:188} INFO - [2026-07-21T18:02:02.696+0000] {dag.py:3036} INFO - Sync 1 DAGs
[2026-07-21T18:02:02.709+0000] {logging_mixin.py:188} INFO - [2026-07-21T18:02:02.708+0000] {dag.py:3823} INFO - Setting next_dagrun for example_params_ui_tutorial to None, run_after=None
[2026-07-21T18:02:02.727+0000] {processor.py:183} INFO - Processing /home/airflow/.local/lib/python3.8/site-packages/airflow/example_dags/example_params_ui_tutorial.py took 0.106 seconds
[2026-07-21T18:02:33.242+0000] {processor.py:161} INFO - Started process (PID=757) to work on /home/airflow/.local/lib/python3.8/site-packages/airflow/example_dags/example_params_ui_tutorial.py
[2026-07-21T18:02:33.243+0000] {processor.py:830} INFO - Processing file /home/airflow/.local/lib/python3.8/site-packages/airflow/example_dags/example_params_ui_tutorial.py for tasks to queue
[2026-07-21T18:02:33.245+0000] {logging_mixin.py:188} INFO - [2026-07-21T18:02:33.245+0000] {dagbag.py:538} INFO - Filling up the DagBag from /home/airflow/.local/lib/python3.8/site-packages/airflow/example_dags/example_params_ui_tutorial.py
[2026-07-21T18:02:33.256+0000] {processor.py:840} INFO - DAG(s) 'example_params_ui_tutorial' retrieved from /home/airflow/.local/lib/python3.8/site-packages/airflow/example_dags/example_params_ui_tutorial.py
[2026-07-21T18:02:33.311+0000] {logging_mixin.py:188} INFO - [2026-07-21T18:02:33.311+0000] {dag.py:3036} INFO - Sync 1 DAGs
[2026-07-21T18:02:33.322+0000] {logging_mixin.py:188} INFO - [2026-07-21T18:02:33.322+0000] {dag.py:3823} INFO - Setting next_dagrun for example_params_ui_tutorial to None, run_after=None
[2026-07-21T18:02:33.341+0000] {processor.py:183} INFO - Processing /home/airflow/.local/lib/python3.8/site-packages/airflow/example_dags/example_params_ui_tutorial.py took 0.104 seconds
[2026-07-21T18:03:03.586+0000] {processor.py:161} INFO - Started process (PID=813) to work on /home/airflow/.local/lib/python3.8/site-packages/airflow/example_dags/example_params_ui_tutorial.py
[2026-07-21T18:03:03.588+0000] {processor.py:830} INFO - Processing file /home/airflow/.local/lib/python3.8/site-packages/airflow/example_dags/example_params_ui_tutorial.py for tasks to queue
[2026-07-21T18:03:03.590+0000] {logging_mixin.py:188} INFO - [2026-07-21T18:03:03.590+0000] {dagbag.py:538} INFO - Filling up the DagBag from /home/airflow/.local/lib/python3.8/site-packages/airflow/example_dags/example_params_ui_tutorial.py
[2026-07-21T18:03:03.602+0000] {processor.py:840} INFO - DAG(s) 'example_params_ui_tutorial' retrieved from /home/airflow/.local/lib/python3.8/site-packages/airflow/example_dags/example_params_ui_tutorial.py
[2026-07-21T18:03:03.658+0000] {logging_mixin.py:188} INFO - [2026-07-21T18:03:03.658+0000] {dag.py:3036} INFO - Sync 1 DAGs
[2026-07-21T18:03:03.670+0000] {logging_mixin.py:188} INFO - [2026-07-21T18:03:03.670+0000] {dag.py:3823} INFO - Setting next_dagrun for example_params_ui_tutorial to None, run_after=None
[2026-07-21T18:03:03.695+0000] {processor.py:183} INFO - Processing /home/airflow/.local/lib/python3.8/site-packages/airflow/example_dags/example_params_ui_tutorial.py took 0.112 seconds
[2026-07-21T18:03:33.886+0000] {processor.py:161} INFO - Started process (PID=869) to work on /home/airflow/.local/lib/python3.8/site-packages/airflow/example_dags/example_params_ui_tutorial.py
[2026-07-21T18:03:33.887+0000] {processor.py:830} INFO - Processing file /home/airflow/.local/lib/python3.8/site-packages/airflow/example_dags/example_params_ui_tutorial.py for tasks to queue
[2026-07-21T18:03:33.889+0000] {logging_mixin.py:188} INFO - [2026-07-21T18:03:33.889+0000] {dagbag.py:538} INFO - Filling up the DagBag from /home/airflow/.local/lib/python3.8/site-packages/airflow/example_dags/example_params_ui_tutorial.py
[2026-07-21T18:03:33.901+0000] {processor.py:840} INFO - DAG(s) 'example_params_ui_tutorial' retrieved from /home/airflow/.local/lib/python3.8/site-packages/airflow/example_dags/example_params_ui_tutorial.py
[2026-07-21T18:03:33.953+0000] {logging_mixin.py:188} INFO - [2026-07-21T18:03:33.953+0000] {dag.py:3036} INFO - Sync 1 DAGs
[2026-07-21T18:03:33.964+0000] {logging_mixin.py:188} INFO - [2026-07-21T18:03:33.964+0000] {dag.py:3823} INFO - Setting next_dagrun for example_params_ui_tutorial to None, run_after=None
[2026-07-21T18:03:33.983+0000] {processor.py:183} INFO - Processing /home/airflow/.local/lib/python3.8/site-packages/airflow/example_dags/example_params_ui_tutorial.py took 0.101 seconds
[2026-07-21T18:04:04.197+0000] {processor.py:161} INFO - Started process (PID=925) to work on /home/airflow/.local/lib/python3.8/site-packages/airflow/example_dags/example_params_ui_tutorial.py
[2026-07-21T18:04:04.198+0000] {processor.py:830} INFO - Processing file /home/airflow/.local/lib/python3.8/site-packages/airflow/example_dags/example_params_ui_tutorial.py for tasks to queue
[2026-07-21T18:04:04.201+0000] {logging_mixin.py:188} INFO - [2026-07-21T18:04:04.200+0000] {dagbag.py:538} INFO - Filling up the DagBag from /home/airflow/.local/lib/python3.8/site-packages/airflow/example_dags/example_params_ui_tutorial.py
[2026-07-21T18:04:04.212+0000] {processor.py:840} INFO - DAG(s) 'example_params_ui_tutorial' retrieved from /home/airflow/.local/lib/python3.8/site-packages/airflow/example_dags/example_params_ui_tutorial.py
[2026-07-21T18:04:04.283+0000] {logging_mixin.py:188} INFO - [2026-07-21T18:04:04.283+0000] {dag.py:3036} INFO - Sync 1 DAGs
[2026-07-21T18:04:04.297+0000] {logging_mixin.py:188} INFO - [2026-07-21T18:04:04.296+0000] {dag.py:3823} INFO - Setting next_dagrun for example_params_ui_tutorial to None, run_after=None
[2026-07-21T18:04:04.317+0000] {processor.py:183} INFO - Processing /home/airflow/.local/lib/python3.8/site-packages/airflow/example_dags/example_params_ui_tutorial.py took 0.124 seconds
[2026-07-21T18:04:34.592+0000] {processor.py:161} INFO - Started process (PID=981) to work on /home/airflow/.local/lib/python3.8/site-packages/airflow/example_dags/example_params_ui_tutorial.py
[2026-07-21T18:04:34.593+0000] {processor.py:830} INFO - Processing file /home/airflow/.local/lib/python3.8/site-packages/airflow/example_dags/example_params_ui_tutorial.py for tasks to queue
[2026-07-21T18:04:34.595+0000] {logging_mixin.py:188} INFO - [2026-07-21T18:04:34.594+0000] {dagbag.py:538} INFO - Filling up the DagBag from /home/airflow/.local/lib/python3.8/site-packages/airflow/example_dags/example_params_ui_tutorial.py
[2026-07-21T18:04:34.606+0000] {processor.py:840} INFO - DAG(s) 'example_params_ui_tutorial' retrieved from /home/airflow/.local/lib/python3.8/site-packages/airflow/example_dags/example_params_ui_tutorial.py
[2026-07-21T18:04:34.660+0000] {logging_mixin.py:188} INFO - [2026-07-21T18:04:34.660+0000] {dag.py:3036} INFO - Sync 1 DAGs
[2026-07-21T18:04:34.675+0000] {logging_mixin.py:188} INFO - [2026-07-21T18:04:34.675+0000] {dag.py:3823} INFO - Setting next_dagrun for example_params_ui_tutorial to None, run_after=None
[2026-07-21T18:04:34.702+0000] {processor.py:183} INFO - Processing /home/airflow/.local/lib/python3.8/site-packages/airflow/example_dags/example_params_ui_tutorial.py took 0.114 seconds
[2026-07-21T18:05:04.996+0000] {processor.py:161} INFO - Started process (PID=1037) to work on /home/airflow/.local/lib/python3.8/site-packages/airflow/example_dags/example_params_ui_tutorial.py
[2026-07-21T18:05:04.998+0000] {processor.py:830} INFO - Processing file /home/airflow/.local/lib/python3.8/site-packages/airflow/example_dags/example_params_ui_tutorial.py for tasks to queue
[2026-07-21T18:05:05.000+0000] {logging_mixin.py:188} INFO - [2026-07-21T18:05:04.999+0000] {dagbag.py:538} INFO - Filling up the DagBag from /home/airflow/.local/lib/python3.8/site-packages/airflow/example_dags/example_params_ui_tutorial.py
[2026-07-21T18:05:05.011+0000] {processor.py:840} INFO - DAG(s) 'example_params_ui_tutorial' retrieved from /home/airflow/.local/lib/python3.8/site-packages/airflow/example_dags/example_params_ui_tutorial.py
[2026-07-21T18:05:05.064+0000] {logging_mixin.py:188} INFO - [2026-07-21T18:05:05.064+0000] {dag.py:3036} INFO - Sync 1 DAGs
[2026-07-21T18:05:05.075+0000] {logging_mixin.py:188} INFO - [2026-07-21T18:05:05.075+0000] {dag.py:3823} INFO - Setting next_dagrun for example_params_ui_tutorial to None, run_after=None
[2026-07-21T18:05:05.096+0000] {processor.py:183} INFO - Processing /home/airflow/.local/lib/python3.8/site-packages/airflow/example_dags/example_params_ui_tutorial.py took 0.103 seconds
[2026-07-21T18:05:35.632+0000] {processor.py:161} INFO - Started process (PID=1093) to work on /home/airflow/.local/lib/python3.8/site-packages/airflow/example_dags/example_params_ui_tutorial.py
[2026-07-21T18:05:35.634+0000] {processor.py:830} INFO - Processing file /home/airflow/.local/lib/python3.8/site-packages/airflow/example_dags/example_params_ui_tutorial.py for tasks to queue
[2026-07-21T18:05:35.636+0000] {logging_mixin.py:188} INFO - [2026-07-21T18:05:35.636+0000] {dagbag.py:538} INFO - Filling up the DagBag from /home/airflow/.local/lib/python3.8/site-packages/airflow/example_dags/example_params_ui_tutorial.py
[2026-07-21T18:05:35.648+0000] {processor.py:840} INFO - DAG(s) 'example_params_ui_tutorial' retrieved from /home/airflow/.local/lib/python3.8/site-packages/airflow/example_dags/example_params_ui_tutorial.py
[2026-07-21T18:05:35.701+0000] {logging_mixin.py:188} INFO - [2026-07-21T18:05:35.701+0000] {dag.py:3036} INFO - Sync 1 DAGs
[2026-07-21T18:05:35.712+0000] {logging_mixin.py:188} INFO - [2026-07-21T18:05:35.712+0000] {dag.py:3823} INFO - Setting next_dagrun for example_params_ui_tutorial to None, run_after=None
[2026-07-21T18:05:35.732+0000] {processor.py:183} INFO - Processing /home/airflow/.local/lib/python3.8/site-packages/airflow/example_dags/example_params_ui_tutorial.py took 0.103 seconds
[2026-07-21T18:06:05.994+0000] {processor.py:161} INFO - Started process (PID=1149) to work on /home/airflow/.local/lib/python3.8/site-packages/airflow/example_dags/example_params_ui_tutorial.py
[2026-07-21T18:06:05.996+0000] {processor.py:830} INFO - Processing file /home/airflow/.local/lib/python3.8/site-packages/airflow/example_dags/example_params_ui_tutorial.py for tasks to queue
[2026-07-21T18:06:05.999+0000] {logging_mixin.py:188} INFO - [2026-07-21T18:06:05.998+0000] {dagbag.py:538} INFO - Filling up the DagBag from /home/airflow/.local/lib/python3.8/site-packages/airflow/example_dags/example_params_ui_tutorial.py
[2026-07-21T18:06:06.013+0000] {processor.py:840} INFO - DAG(s) 'example_params_ui_tutorial' retrieved from /home/airflow/.local/lib/python3.8/site-packages/airflow/example_dags/example_params_ui_tutorial.py
[2026-07-21T18:06:06.084+0000] {logging_mixin.py:188} INFO - [2026-07-21T18:06:06.084+0000] {dag.py:3036} INFO - Sync 1 DAGs
[2026-07-21T18:06:06.098+0000] {logging_mixin.py:188} INFO - [2026-07-21T18:06:06.097+0000] {dag.py:3823} INFO - Setting next_dagrun for example_params_ui_tutorial to None, run_after=None
[2026-07-21T18:06:06.119+0000] {processor.py:183} INFO - Processing /home/airflow/.local/lib/python3.8/site-packages/airflow/example_dags/example_params_ui_tutorial.py took 0.131 seconds
[2026-07-21T18:06:36.606+0000] {processor.py:161} INFO - Started process (PID=1205) to work on /home/airflow/.local/lib/python3.8/site-packages/airflow/example_dags/example_params_ui_tutorial.py
[2026-07-21T18:06:36.607+0000] {processor.py:830} INFO - Processing file /home/airflow/.local/lib/python3.8/site-packages/airflow/example_dags/example_params_ui_tutorial.py for tasks to queue
[2026-07-21T18:06:36.609+0000] {logging_mixin.py:188} INFO - [2026-07-21T18:06:36.609+0000] {dagbag.py:538} INFO - Filling up the DagBag from /home/airflow/.local/lib/python3.8/site-packages/airflow/example_dags/example_params_ui_tutorial.py
[2026-07-21T18:06:36.620+0000] {processor.py:840} INFO - DAG(s) 'example_params_ui_tutorial' retrieved from /home/airflow/.local/lib/python3.8/site-packages/airflow/example_dags/example_params_ui_tutorial.py
[2026-07-21T18:06:36.673+0000] {logging_mixin.py:188} INFO - [2026-07-21T18:06:36.672+0000] {dag.py:3036} INFO - Sync 1 DAGs
[2026-07-21T18:06:36.684+0000] {logging_mixin.py:188} INFO - [2026-07-21T18:06:36.684+0000] {dag.py:3823} INFO - Setting next_dagrun for example_params_ui_tutorial to None, run_after=None
[2026-07-21T18:06:36.702+0000] {processor.py:183} INFO - Processing /home/airflow/.local/lib/python3.8/site-packages/airflow/example_dags/example_params_ui_tutorial.py took 0.099 seconds
[2026-07-21T18:07:06.869+0000] {processor.py:161} INFO - Started process (PID=1261) to work on /home/airflow/.local/lib/python3.8/site-packages/airflow/example_dags/example_params_ui_tutorial.py
[2026-07-21T18:07:06.870+0000] {processor.py:830} INFO - Processing file /home/airflow/.local/lib/python3.8/site-packages/airflow/example_dags/example_params_ui_tutorial.py for tasks to queue
[2026-07-21T18:07:06.873+0000] {logging_mixin.py:188} INFO - [2026-07-21T18:07:06.872+0000] {dagbag.py:538} INFO - Filling up the DagBag from /home/airflow/.local/lib/python3.8/site-packages/airflow/example_dags/example_params_ui_tutorial.py
[2026-07-21T18:07:06.885+0000] {processor.py:840} INFO - DAG(s) 'example_params_ui_tutorial' retrieved from /home/airflow/.local/lib/python3.8/site-packages/airflow/example_dags/example_params_ui_tutorial.py
[2026-07-21T18:07:06.937+0000] {logging_mixin.py:188} INFO - [2026-07-21T18:07:06.937+0000] {dag.py:3036} INFO - Sync 1 DAGs
[2026-07-21T18:07:06.948+0000] {logging_mixin.py:188} INFO - [2026-07-21T18:07:06.948+0000] {dag.py:3823} INFO - Setting next_dagrun for example_params_ui_tutorial to None, run_after=None
[2026-07-21T18:07:06.967+0000] {processor.py:183} INFO - Processing /home/airflow/.local/lib/python3.8/site-packages/airflow/example_dags/example_params_ui_tutorial.py took 0.103 seconds
[2026-07-21T18:07:37.311+0000] {processor.py:161} INFO - Started process (PID=1317) to work on /home/airflow/.local/lib/python3.8/site-packages/airflow/example_dags/example_params_ui_tutorial.py
[2026-07-21T18:07:37.312+0000] {processor.py:830} INFO - Processing file /home/airflow/.local/lib/python3.8/site-packages/airflow/example_dags/example_params_ui_tutorial.py for tasks to queue
[2026-07-21T18:07:37.315+0000] {logging_mixin.py:188} INFO - [2026-07-21T18:07:37.314+0000] {dagbag.py:538} INFO - Filling up the DagBag from /home/airflow/.local/lib/python3.8/site-packages/airflow/example_dags/example_params_ui_tutorial.py
[2026-07-21T18:07:37.326+0000] {processor.py:840} INFO - DAG(s) 'example_params_ui_tutorial' retrieved from /home/airflow/.local/lib/python3.8/site-packages/airflow/example_dags/example_params_ui_tutorial.py
[2026-07-21T18:07:37.380+0000] {logging_mixin.py:188} INFO - [2026-07-21T18:07:37.380+0000] {dag.py:3036} INFO - Sync 1 DAGs
[2026-07-21T18:07:37.394+0000] {logging_mixin.py:188} INFO - [2026-07-21T18:07:37.393+0000] {dag.py:3823} INFO - Setting next_dagrun for example_params_ui_tutorial to None, run_after=None
[2026-07-21T18:07:37.413+0000] {processor.py:183} INFO - Processing /home/airflow/.local/lib/python3.8/site-packages/airflow/example_dags/example_params_ui_tutorial.py took 0.106 seconds
[2026-07-21T18:09:13.039+0000] {processor.py:161} INFO - Started process (PID=118) to work on /home/airflow/.local/lib/python3.8/site-packages/airflow/example_dags/example_params_ui_tutorial.py
[2026-07-21T18:09:13.041+0000] {processor.py:830} INFO - Processing file /home/airflow/.local/lib/python3.8/site-packages/airflow/example_dags/example_params_ui_tutorial.py for tasks to queue
[2026-07-21T18:09:13.046+0000] {logging_mixin.py:188} INFO - [2026-07-21T18:09:13.045+0000] {dagbag.py:538} INFO - Filling up the DagBag from /home/airflow/.local/lib/python3.8/site-packages/airflow/example_dags/example_params_ui_tutorial.py
[2026-07-21T18:09:13.078+0000] {processor.py:840} INFO - DAG(s) 'example_params_ui_tutorial' retrieved from /home/airflow/.local/lib/python3.8/site-packages/airflow/example_dags/example_params_ui_tutorial.py
[2026-07-21T18:09:13.104+0000] {logging_mixin.py:188} INFO - [2026-07-21T18:09:13.104+0000] {dag.py:3036} INFO - Sync 1 DAGs
[2026-07-21T18:09:13.125+0000] {logging_mixin.py:188} INFO - [2026-07-21T18:09:13.125+0000] {dag.py:3823} INFO - Setting next_dagrun for example_params_ui_tutorial to None, run_after=None
[2026-07-21T18:09:13.159+0000] {processor.py:183} INFO - Processing /home/airflow/.local/lib/python3.8/site-packages/airflow/example_dags/example_params_ui_tutorial.py took 0.129 seconds
[2026-07-21T18:09:43.855+0000] {processor.py:161} INFO - Started process (PID=174) to work on /home/airflow/.local/lib/python3.8/site-packages/airflow/example_dags/example_params_ui_tutorial.py
[2026-07-21T18:09:43.857+0000] {processor.py:830} INFO - Processing file /home/airflow/.local/lib/python3.8/site-packages/airflow/example_dags/example_params_ui_tutorial.py for tasks to queue
[2026-07-21T18:09:43.859+0000] {logging_mixin.py:188} INFO - [2026-07-21T18:09:43.858+0000] {dagbag.py:538} INFO - Filling up the DagBag from /home/airflow/.local/lib/python3.8/site-packages/airflow/example_dags/example_params_ui_tutorial.py
[2026-07-21T18:09:43.871+0000] {processor.py:840} INFO - DAG(s) 'example_params_ui_tutorial' retrieved from /home/airflow/.local/lib/python3.8/site-packages/airflow/example_dags/example_params_ui_tutorial.py
[2026-07-21T18:09:44.008+0000] {logging_mixin.py:188} INFO - [2026-07-21T18:09:44.008+0000] {dag.py:3036} INFO - Sync 1 DAGs
[2026-07-21T18:09:44.018+0000] {logging_mixin.py:188} INFO - [2026-07-21T18:09:44.018+0000] {dag.py:3823} INFO - Setting next_dagrun for example_params_ui_tutorial to None, run_after=None
[2026-07-21T18:09:44.038+0000] {processor.py:183} INFO - Processing /home/airflow/.local/lib/python3.8/site-packages/airflow/example_dags/example_params_ui_tutorial.py took 0.186 seconds
[2026-07-21T18:10:14.618+0000] {processor.py:161} INFO - Started process (PID=230) to work on /home/airflow/.local/lib/python3.8/site-packages/airflow/example_dags/example_params_ui_tutorial.py
[2026-07-21T18:10:14.620+0000] {processor.py:830} INFO - Processing file /home/airflow/.local/lib/python3.8/site-packages/airflow/example_dags/example_params_ui_tutorial.py for tasks to queue
[2026-07-21T18:10:14.622+0000] {logging_mixin.py:188} INFO - [2026-07-21T18:10:14.621+0000] {dagbag.py:538} INFO - Filling up the DagBag from /home/airflow/.local/lib/python3.8/site-packages/airflow/example_dags/example_params_ui_tutorial.py
[2026-07-21T18:10:14.635+0000] {processor.py:840} INFO - DAG(s) 'example_params_ui_tutorial' retrieved from /home/airflow/.local/lib/python3.8/site-packages/airflow/example_dags/example_params_ui_tutorial.py
[2026-07-21T18:10:14.692+0000] {logging_mixin.py:188} INFO - [2026-07-21T18:10:14.691+0000] {dag.py:3036} INFO - Sync 1 DAGs
[2026-07-21T18:10:14.705+0000] {logging_mixin.py:188} INFO - [2026-07-21T18:10:14.705+0000] {dag.py:3823} INFO - Setting next_dagrun for example_params_ui_tutorial to None, run_after=None
[2026-07-21T18:10:14.726+0000] {processor.py:183} INFO - Processing /home/airflow/.local/lib/python3.8/site-packages/airflow/example_dags/example_params_ui_tutorial.py took 0.112 seconds
[2026-07-21T18:10:44.863+0000] {processor.py:161} INFO - Started process (PID=286) to work on /home/airflow/.local/lib/python3.8/site-packages/airflow/example_dags/example_params_ui_tutorial.py
[2026-07-21T18:10:44.865+0000] {processor.py:830} INFO - Processing file /home/airflow/.local/lib/python3.8/site-packages/airflow/example_dags/example_params_ui_tutorial.py for tasks to queue
[2026-07-21T18:10:44.867+0000] {logging_mixin.py:188} INFO - [2026-07-21T18:10:44.867+0000] {dagbag.py:538} INFO - Filling up the DagBag from /home/airflow/.local/lib/python3.8/site-packages/airflow/example_dags/example_params_ui_tutorial.py
[2026-07-21T18:10:44.882+0000] {processor.py:840} INFO - DAG(s) 'example_params_ui_tutorial' retrieved from /home/airflow/.local/lib/python3.8/site-packages/airflow/example_dags/example_params_ui_tutorial.py
[2026-07-21T18:10:44.946+0000] {logging_mixin.py:188} INFO - [2026-07-21T18:10:44.945+0000] {dag.py:3036} INFO - Sync 1 DAGs
[2026-07-21T18:10:44.958+0000] {logging_mixin.py:188} INFO - [2026-07-21T18:10:44.957+0000] {dag.py:3823} INFO - Setting next_dagrun for example_params_ui_tutorial to None, run_after=None
[2026-07-21T18:10:44.978+0000] {processor.py:183} INFO - Processing /home/airflow/.local/lib/python3.8/site-packages/airflow/example_dags/example_params_ui_tutorial.py took 0.120 seconds
[2026-07-21T18:11:15.308+0000] {processor.py:161} INFO - Started process (PID=342) to work on /home/airflow/.local/lib/python3.8/site-packages/airflow/example_dags/example_params_ui_tutorial.py
[2026-07-21T18:11:15.309+0000] {processor.py:830} INFO - Processing file /home/airflow/.local/lib/python3.8/site-packages/airflow/example_dags/example_params_ui_tutorial.py for tasks to queue
[2026-07-21T18:11:15.311+0000] {logging_mixin.py:188} INFO - [2026-07-21T18:11:15.311+0000] {dagbag.py:538} INFO - Filling up the DagBag from /home/airflow/.local/lib/python3.8/site-packages/airflow/example_dags/example_params_ui_tutorial.py
[2026-07-21T18:11:15.323+0000] {processor.py:840} INFO - DAG(s) 'example_params_ui_tutorial' retrieved from /home/airflow/.local/lib/python3.8/site-packages/airflow/example_dags/example_params_ui_tutorial.py
[2026-07-21T18:11:15.378+0000] {logging_mixin.py:188} INFO - [2026-07-21T18:11:15.378+0000] {dag.py:3036} INFO - Sync 1 DAGs
[2026-07-21T18:11:15.389+0000] {logging_mixin.py:188} INFO - [2026-07-21T18:11:15.389+0000] {dag.py:3823} INFO - Setting next_dagrun for example_params_ui_tutorial to None, run_after=None
[2026-07-21T18:11:15.407+0000] {processor.py:183} INFO - Processing /home/airflow/.local/lib/python3.8/site-packages/airflow/example_dags/example_params_ui_tutorial.py took 0.103 seconds
[2026-07-21T18:11:45.827+0000] {processor.py:161} INFO - Started process (PID=398) to work on /home/airflow/.local/lib/python3.8/site-packages/airflow/example_dags/example_params_ui_tutorial.py
[2026-07-21T18:11:45.828+0000] {processor.py:830} INFO - Processing file /home/airflow/.local/lib/python3.8/site-packages/airflow/example_dags/example_params_ui_tutorial.py for tasks to queue
[2026-07-21T18:11:45.830+0000] {logging_mixin.py:188} INFO - [2026-07-21T18:11:45.830+0000] {dagbag.py:538} INFO - Filling up the DagBag from /home/airflow/.local/lib/python3.8/site-packages/airflow/example_dags/example_params_ui_tutorial.py
[2026-07-21T18:11:45.845+0000] {processor.py:840} INFO - DAG(s) 'example_params_ui_tutorial' retrieved from /home/airflow/.local/lib/python3.8/site-packages/airflow/example_dags/example_params_ui_tutorial.py
[2026-07-21T18:11:45.912+0000] {logging_mixin.py:188} INFO - [2026-07-21T18:11:45.912+0000] {dag.py:3036} INFO - Sync 1 DAGs
[2026-07-21T18:11:45.925+0000] {logging_mixin.py:188} INFO - [2026-07-21T18:11:45.925+0000] {dag.py:3823} INFO - Setting next_dagrun for example_params_ui_tutorial to None, run_after=None
[2026-07-21T18:11:45.946+0000] {processor.py:183} INFO - Processing /home/airflow/.local/lib/python3.8/site-packages/airflow/example_dags/example_params_ui_tutorial.py took 0.123 seconds
[2026-07-21T18:12:16.468+0000] {processor.py:161} INFO - Started process (PID=454) to work on /home/airflow/.local/lib/python3.8/site-packages/airflow/example_dags/example_params_ui_tutorial.py
[2026-07-21T18:12:16.469+0000] {processor.py:830} INFO - Processing file /home/airflow/.local/lib/python3.8/site-packages/airflow/example_dags/example_params_ui_tutorial.py for tasks to queue
[2026-07-21T18:12:16.471+0000] {logging_mixin.py:188} INFO - [2026-07-21T18:12:16.471+0000] {dagbag.py:538} INFO - Filling up the DagBag from /home/airflow/.local/lib/python3.8/site-packages/airflow/example_dags/example_params_ui_tutorial.py
[2026-07-21T18:12:16.484+0000] {processor.py:840} INFO - DAG(s) 'example_params_ui_tutorial' retrieved from /home/airflow/.local/lib/python3.8/site-packages/airflow/example_dags/example_params_ui_tutorial.py
[2026-07-21T18:12:16.540+0000] {logging_mixin.py:188} INFO - [2026-07-21T18:12:16.540+0000] {dag.py:3036} INFO - Sync 1 DAGs
[2026-07-21T18:12:16.553+0000] {logging_mixin.py:188} INFO - [2026-07-21T18:12:16.552+0000] {dag.py:3823} INFO - Setting next_dagrun for example_params_ui_tutorial to None, run_after=None
[2026-07-21T18:12:16.573+0000] {processor.py:183} INFO - Processing /home/airflow/.local/lib/python3.8/site-packages/airflow/example_dags/example_params_ui_tutorial.py took 0.110 seconds
[2026-07-21T18:12:47.346+0000] {processor.py:161} INFO - Started process (PID=510) to work on /home/airflow/.local/lib/python3.8/site-packages/airflow/example_dags/example_params_ui_tutorial.py
[2026-07-21T18:12:47.347+0000] {processor.py:830} INFO - Processing file /home/airflow/.local/lib/python3.8/site-packages/airflow/example_dags/example_params_ui_tutorial.py for tasks to queue
[2026-07-21T18:12:47.349+0000] {logging_mixin.py:188} INFO - [2026-07-21T18:12:47.348+0000] {dagbag.py:538} INFO - Filling up the DagBag from /home/airflow/.local/lib/python3.8/site-packages/airflow/example_dags/example_params_ui_tutorial.py
[2026-07-21T18:12:47.361+0000] {processor.py:840} INFO - DAG(s) 'example_params_ui_tutorial' retrieved from /home/airflow/.local/lib/python3.8/site-packages/airflow/example_dags/example_params_ui_tutorial.py
[2026-07-21T18:12:47.415+0000] {logging_mixin.py:188} INFO - [2026-07-21T18:12:47.415+0000] {dag.py:3036} INFO - Sync 1 DAGs
[2026-07-21T18:12:47.426+0000] {logging_mixin.py:188} INFO - [2026-07-21T18:12:47.426+0000] {dag.py:3823} INFO - Setting next_dagrun for example_params_ui_tutorial to None, run_after=None
[2026-07-21T18:12:47.444+0000] {processor.py:183} INFO - Processing /home/airflow/.local/lib/python3.8/site-packages/airflow/example_dags/example_params_ui_tutorial.py took 0.102 seconds
[2026-07-21T18:13:18.096+0000] {processor.py:161} INFO - Started process (PID=566) to work on /home/airflow/.local/lib/python3.8/site-packages/airflow/example_dags/example_params_ui_tutorial.py
[2026-07-21T18:13:18.097+0000] {processor.py:830} INFO - Processing file /home/airflow/.local/lib/python3.8/site-packages/airflow/example_dags/example_params_ui_tutorial.py for tasks to queue
[2026-07-21T18:13:18.099+0000] {logging_mixin.py:188} INFO - [2026-07-21T18:13:18.099+0000] {dagbag.py:538} INFO - Filling up the DagBag from /home/airflow/.local/lib/python3.8/site-packages/airflow/example_dags/example_params_ui_tutorial.py
[2026-07-21T18:13:18.112+0000] {processor.py:840} INFO - DAG(s) 'example_params_ui_tutorial' retrieved from /home/airflow/.local/lib/python3.8/site-packages/airflow/example_dags/example_params_ui_tutorial.py
[2026-07-21T18:13:18.177+0000] {logging_mixin.py:188} INFO - [2026-07-21T18:13:18.176+0000] {dag.py:3036} INFO - Sync 1 DAGs
[2026-07-21T18:13:18.192+0000] {logging_mixin.py:188} INFO - [2026-07-21T18:13:18.192+0000] {dag.py:3823} INFO - Setting next_dagrun for example_params_ui_tutorial to None, run_after=None
[2026-07-21T18:13:18.216+0000] {processor.py:183} INFO - Processing /home/airflow/.local/lib/python3.8/site-packages/airflow/example_dags/example_params_ui_tutorial.py took 0.124 seconds
[2026-07-21T18:13:48.566+0000] {processor.py:161} INFO - Started process (PID=622) to work on /home/airflow/.local/lib/python3.8/site-packages/airflow/example_dags/example_params_ui_tutorial.py
[2026-07-21T18:13:48.567+0000] {processor.py:830} INFO - Processing file /home/airflow/.local/lib/python3.8/site-packages/airflow/example_dags/example_params_ui_tutorial.py for tasks to queue
[2026-07-21T18:13:48.570+0000] {logging_mixin.py:188} INFO - [2026-07-21T18:13:48.569+0000] {dagbag.py:538} INFO - Filling up the DagBag from /home/airflow/.local/lib/python3.8/site-packages/airflow/example_dags/example_params_ui_tutorial.py
[2026-07-21T18:13:48.582+0000] {processor.py:840} INFO - DAG(s) 'example_params_ui_tutorial' retrieved from /home/airflow/.local/lib/python3.8/site-packages/airflow/example_dags/example_params_ui_tutorial.py
[2026-07-21T18:13:48.639+0000] {logging_mixin.py:188} INFO - [2026-07-21T18:13:48.638+0000] {dag.py:3036} INFO - Sync 1 DAGs
[2026-07-21T18:13:48.651+0000] {logging_mixin.py:188} INFO - [2026-07-21T18:13:48.650+0000] {dag.py:3823} INFO - Setting next_dagrun for example_params_ui_tutorial to None, run_after=None
[2026-07-21T18:13:48.671+0000] {processor.py:183} INFO - Processing /home/airflow/.local/lib/python3.8/site-packages/airflow/example_dags/example_params_ui_tutorial.py took 0.108 seconds
[2026-07-21T18:14:19.577+0000] {processor.py:161} INFO - Started process (PID=678) to work on /home/airflow/.local/lib/python3.8/site-packages/airflow/example_dags/example_params_ui_tutorial.py
[2026-07-21T18:14:19.578+0000] {processor.py:830} INFO - Processing file /home/airflow/.local/lib/python3.8/site-packages/airflow/example_dags/example_params_ui_tutorial.py for tasks to queue
[2026-07-21T18:14:19.581+0000] {logging_mixin.py:188} INFO - [2026-07-21T18:14:19.580+0000] {dagbag.py:538} INFO - Filling up the DagBag from /home/airflow/.local/lib/python3.8/site-packages/airflow/example_dags/example_params_ui_tutorial.py
[2026-07-21T18:14:19.595+0000] {processor.py:840} INFO - DAG(s) 'example_params_ui_tutorial' retrieved from /home/airflow/.local/lib/python3.8/site-packages/airflow/example_dags/example_params_ui_tutorial.py
[2026-07-21T18:14:19.650+0000] {logging_mixin.py:188} INFO - [2026-07-21T18:14:19.650+0000] {dag.py:3036} INFO - Sync 1 DAGs
[2026-07-21T18:14:19.662+0000] {logging_mixin.py:188} INFO - [2026-07-21T18:14:19.662+0000] {dag.py:3823} INFO - Setting next_dagrun for example_params_ui_tutorial to None, run_after=None
[2026-07-21T18:14:19.682+0000] {processor.py:183} INFO - Processing /home/airflow/.local/lib/python3.8/site-packages/airflow/example_dags/example_params_ui_tutorial.py took 0.109 seconds
[2026-07-21T18:14:50.631+0000] {processor.py:161} INFO - Started process (PID=735) to work on /home/airflow/.local/lib/python3.8/site-packages/airflow/example_dags/example_params_ui_tutorial.py
[2026-07-21T18:14:50.632+0000] {processor.py:830} INFO - Processing file /home/airflow/.local/lib/python3.8/site-packages/airflow/example_dags/example_params_ui_tutorial.py for tasks to queue
[2026-07-21T18:14:50.635+0000] {logging_mixin.py:188} INFO - [2026-07-21T18:14:50.634+0000] {dagbag.py:538} INFO - Filling up the DagBag from /home/airflow/.local/lib/python3.8/site-packages/airflow/example_dags/example_params_ui_tutorial.py
[2026-07-21T18:14:50.648+0000] {processor.py:840} INFO - DAG(s) 'example_params_ui_tutorial' retrieved from /home/airflow/.local/lib/python3.8/site-packages/airflow/example_dags/example_params_ui_tutorial.py
[2026-07-21T18:14:50.707+0000] {logging_mixin.py:188} INFO - [2026-07-21T18:14:50.707+0000] {dag.py:3036} INFO - Sync 1 DAGs
[2026-07-21T18:14:50.726+0000] {logging_mixin.py:188} INFO - [2026-07-21T18:14:50.725+0000] {dag.py:3823} INFO - Setting next_dagrun for example_params_ui_tutorial to None, run_after=None
[2026-07-21T18:14:50.746+0000] {processor.py:183} INFO - Processing /home/airflow/.local/lib/python3.8/site-packages/airflow/example_dags/example_params_ui_tutorial.py took 0.119 seconds
[2026-07-21T18:15:21.414+0000] {processor.py:161} INFO - Started process (PID=791) to work on /home/airflow/.local/lib/python3.8/site-packages/airflow/example_dags/example_params_ui_tutorial.py
[2026-07-21T18:15:21.415+0000] {processor.py:830} INFO - Processing file /home/airflow/.local/lib/python3.8/site-packages/airflow/example_dags/example_params_ui_tutorial.py for tasks to queue
[2026-07-21T18:15:21.417+0000] {logging_mixin.py:188} INFO - [2026-07-21T18:15:21.417+0000] {dagbag.py:538} INFO - Filling up the DagBag from /home/airflow/.local/lib/python3.8/site-packages/airflow/example_dags/example_params_ui_tutorial.py
[2026-07-21T18:15:21.431+0000] {processor.py:840} INFO - DAG(s) 'example_params_ui_tutorial' retrieved from /home/airflow/.local/lib/python3.8/site-packages/airflow/example_dags/example_params_ui_tutorial.py
[2026-07-21T18:15:21.490+0000] {logging_mixin.py:188} INFO - [2026-07-21T18:15:21.490+0000] {dag.py:3036} INFO - Sync 1 DAGs
[2026-07-21T18:15:21.505+0000] {logging_mixin.py:188} INFO - [2026-07-21T18:15:21.505+0000] {dag.py:3823} INFO - Setting next_dagrun for example_params_ui_tutorial to None, run_after=None
[2026-07-21T18:15:21.526+0000] {processor.py:183} INFO - Processing /home/airflow/.local/lib/python3.8/site-packages/airflow/example_dags/example_params_ui_tutorial.py took 0.116 seconds
[2026-07-21T18:15:52.187+0000] {processor.py:161} INFO - Started process (PID=847) to work on /home/airflow/.local/lib/python3.8/site-packages/airflow/example_dags/example_params_ui_tutorial.py
[2026-07-21T18:15:52.188+0000] {processor.py:830} INFO - Processing file /home/airflow/.local/lib/python3.8/site-packages/airflow/example_dags/example_params_ui_tutorial.py for tasks to queue
[2026-07-21T18:15:52.190+0000] {logging_mixin.py:188} INFO - [2026-07-21T18:15:52.190+0000] {dagbag.py:538} INFO - Filling up the DagBag from /home/airflow/.local/lib/python3.8/site-packages/airflow/example_dags/example_params_ui_tutorial.py
[2026-07-21T18:15:52.203+0000] {processor.py:840} INFO - DAG(s) 'example_params_ui_tutorial' retrieved from /home/airflow/.local/lib/python3.8/site-packages/airflow/example_dags/example_params_ui_tutorial.py
[2026-07-21T18:15:52.258+0000] {logging_mixin.py:188} INFO - [2026-07-21T18:15:52.258+0000] {dag.py:3036} INFO - Sync 1 DAGs
[2026-07-21T18:15:52.270+0000] {logging_mixin.py:188} INFO - [2026-07-21T18:15:52.269+0000] {dag.py:3823} INFO - Setting next_dagrun for example_params_ui_tutorial to None, run_after=None
[2026-07-21T18:15:52.289+0000] {processor.py:183} INFO - Processing /home/airflow/.local/lib/python3.8/site-packages/airflow/example_dags/example_params_ui_tutorial.py took 0.107 seconds
[2026-07-21T18:16:22.968+0000] {processor.py:161} INFO - Started process (PID=903) to work on /home/airflow/.local/lib/python3.8/site-packages/airflow/example_dags/example_params_ui_tutorial.py
[2026-07-21T18:16:22.970+0000] {processor.py:830} INFO - Processing file /home/airflow/.local/lib/python3.8/site-packages/airflow/example_dags/example_params_ui_tutorial.py for tasks to queue
[2026-07-21T18:16:22.972+0000] {logging_mixin.py:188} INFO - [2026-07-21T18:16:22.972+0000] {dagbag.py:538} INFO - Filling up the DagBag from /home/airflow/.local/lib/python3.8/site-packages/airflow/example_dags/example_params_ui_tutorial.py
[2026-07-21T18:16:22.989+0000] {processor.py:840} INFO - DAG(s) 'example_params_ui_tutorial' retrieved from /home/airflow/.local/lib/python3.8/site-packages/airflow/example_dags/example_params_ui_tutorial.py
[2026-07-21T18:16:23.057+0000] {logging_mixin.py:188} INFO - [2026-07-21T18:16:23.056+0000] {dag.py:3036} INFO - Sync 1 DAGs
[2026-07-21T18:16:23.071+0000] {logging_mixin.py:188} INFO - [2026-07-21T18:16:23.071+0000] {dag.py:3823} INFO - Setting next_dagrun for example_params_ui_tutorial to None, run_after=None
[2026-07-21T18:16:23.096+0000] {processor.py:183} INFO - Processing /home/airflow/.local/lib/python3.8/site-packages/airflow/example_dags/example_params_ui_tutorial.py took 0.132 seconds
[2026-07-21T18:16:53.184+0000] {processor.py:161} INFO - Started process (PID=959) to work on /home/airflow/.local/lib/python3.8/site-packages/airflow/example_dags/example_params_ui_tutorial.py
[2026-07-21T18:16:53.185+0000] {processor.py:830} INFO - Processing file /home/airflow/.local/lib/python3.8/site-packages/airflow/example_dags/example_params_ui_tutorial.py for tasks to queue
[2026-07-21T18:16:53.187+0000] {logging_mixin.py:188} INFO - [2026-07-21T18:16:53.187+0000] {dagbag.py:538} INFO - Filling up the DagBag from /home/airflow/.local/lib/python3.8/site-packages/airflow/example_dags/example_params_ui_tutorial.py
[2026-07-21T18:16:53.199+0000] {processor.py:840} INFO - DAG(s) 'example_params_ui_tutorial' retrieved from /home/airflow/.local/lib/python3.8/site-packages/airflow/example_dags/example_params_ui_tutorial.py
[2026-07-21T18:16:53.252+0000] {logging_mixin.py:188} INFO - [2026-07-21T18:16:53.251+0000] {dag.py:3036} INFO - Sync 1 DAGs
[2026-07-21T18:16:53.262+0000] {logging_mixin.py:188} INFO - [2026-07-21T18:16:53.262+0000] {dag.py:3823} INFO - Setting next_dagrun for example_params_ui_tutorial to None, run_after=None
[2026-07-21T18:16:53.281+0000] {processor.py:183} INFO - Processing /home/airflow/.local/lib/python3.8/site-packages/airflow/example_dags/example_params_ui_tutorial.py took 0.101 seconds
[2026-07-21T18:17:23.560+0000] {processor.py:161} INFO - Started process (PID=1015) to work on /home/airflow/.local/lib/python3.8/site-packages/airflow/example_dags/example_params_ui_tutorial.py
[2026-07-21T18:17:23.561+0000] {processor.py:830} INFO - Processing file /home/airflow/.local/lib/python3.8/site-packages/airflow/example_dags/example_params_ui_tutorial.py for tasks to queue
[2026-07-21T18:17:23.563+0000] {logging_mixin.py:188} INFO - [2026-07-21T18:17:23.563+0000] {dagbag.py:538} INFO - Filling up the DagBag from /home/airflow/.local/lib/python3.8/site-packages/airflow/example_dags/example_params_ui_tutorial.py
[2026-07-21T18:17:23.576+0000] {processor.py:840} INFO - DAG(s) 'example_params_ui_tutorial' retrieved from /home/airflow/.local/lib/python3.8/site-packages/airflow/example_dags/example_params_ui_tutorial.py
[2026-07-21T18:17:23.644+0000] {logging_mixin.py:188} INFO - [2026-07-21T18:17:23.644+0000] {dag.py:3036} INFO - Sync 1 DAGs
[2026-07-21T18:17:23.658+0000] {logging_mixin.py:188} INFO - [2026-07-21T18:17:23.658+0000] {dag.py:3823} INFO - Setting next_dagrun for example_params_ui_tutorial to None, run_after=None
[2026-07-21T18:17:23.680+0000] {processor.py:183} INFO - Processing /home/airflow/.local/lib/python3.8/site-packages/airflow/example_dags/example_params_ui_tutorial.py took 0.124 seconds
[2026-07-21T18:17:54.388+0000] {processor.py:161} INFO - Started process (PID=1071) to work on /home/airflow/.local/lib/python3.8/site-packages/airflow/example_dags/example_params_ui_tutorial.py
[2026-07-21T18:17:54.389+0000] {processor.py:830} INFO - Processing file /home/airflow/.local/lib/python3.8/site-packages/airflow/example_dags/example_params_ui_tutorial.py for tasks to queue
[2026-07-21T18:17:54.391+0000] {logging_mixin.py:188} INFO - [2026-07-21T18:17:54.391+0000] {dagbag.py:538} INFO - Filling up the DagBag from /home/airflow/.local/lib/python3.8/site-packages/airflow/example_dags/example_params_ui_tutorial.py
[2026-07-21T18:17:54.404+0000] {processor.py:840} INFO - DAG(s) 'example_params_ui_tutorial' retrieved from /home/airflow/.local/lib/python3.8/site-packages/airflow/example_dags/example_params_ui_tutorial.py
[2026-07-21T18:17:54.461+0000] {logging_mixin.py:188} INFO - [2026-07-21T18:17:54.460+0000] {dag.py:3036} INFO - Sync 1 DAGs
[2026-07-21T18:17:54.472+0000] {logging_mixin.py:188} INFO - [2026-07-21T18:17:54.472+0000] {dag.py:3823} INFO - Setting next_dagrun for example_params_ui_tutorial to None, run_after=None
[2026-07-21T18:17:54.490+0000] {processor.py:183} INFO - Processing /home/airflow/.local/lib/python3.8/site-packages/airflow/example_dags/example_params_ui_tutorial.py took 0.106 seconds
[2026-07-21T18:18:25.402+0000] {processor.py:161} INFO - Started process (PID=1127) to work on /home/airflow/.local/lib/python3.8/site-packages/airflow/example_dags/example_params_ui_tutorial.py
[2026-07-21T18:18:25.403+0000] {processor.py:830} INFO - Processing file /home/airflow/.local/lib/python3.8/site-packages/airflow/example_dags/example_params_ui_tutorial.py for tasks to queue
[2026-07-21T18:18:25.405+0000] {logging_mixin.py:188} INFO - [2026-07-21T18:18:25.405+0000] {dagbag.py:538} INFO - Filling up the DagBag from /home/airflow/.local/lib/python3.8/site-packages/airflow/example_dags/example_params_ui_tutorial.py
[2026-07-21T18:18:25.417+0000] {processor.py:840} INFO - DAG(s) 'example_params_ui_tutorial' retrieved from /home/airflow/.local/lib/python3.8/site-packages/airflow/example_dags/example_params_ui_tutorial.py
[2026-07-21T18:18:25.473+0000] {logging_mixin.py:188} INFO - [2026-07-21T18:18:25.472+0000] {dag.py:3036} INFO - Sync 1 DAGs
[2026-07-21T18:18:25.485+0000] {logging_mixin.py:188} INFO - [2026-07-21T18:18:25.485+0000] {dag.py:3823} INFO - Setting next_dagrun for example_params_ui_tutorial to None, run_after=None
[2026-07-21T18:18:25.506+0000] {processor.py:183} INFO - Processing /home/airflow/.local/lib/python3.8/site-packages/airflow/example_dags/example_params_ui_tutorial.py took 0.108 seconds
[2026-07-21T18:18:56.455+0000] {processor.py:161} INFO - Started process (PID=1183) to work on /home/airflow/.local/lib/python3.8/site-packages/airflow/example_dags/example_params_ui_tutorial.py
[2026-07-21T18:18:56.456+0000] {processor.py:830} INFO - Processing file /home/airflow/.local/lib/python3.8/site-packages/airflow/example_dags/example_params_ui_tutorial.py for tasks to queue
[2026-07-21T18:18:56.459+0000] {logging_mixin.py:188} INFO - [2026-07-21T18:18:56.458+0000] {dagbag.py:538} INFO - Filling up the DagBag from /home/airflow/.local/lib/python3.8/site-packages/airflow/example_dags/example_params_ui_tutorial.py
[2026-07-21T18:18:56.472+0000] {processor.py:840} INFO - DAG(s) 'example_params_ui_tutorial' retrieved from /home/airflow/.local/lib/python3.8/site-packages/airflow/example_dags/example_params_ui_tutorial.py
[2026-07-21T18:18:56.534+0000] {logging_mixin.py:188} INFO - [2026-07-21T18:18:56.534+0000] {dag.py:3036} INFO - Sync 1 DAGs
[2026-07-21T18:18:56.547+0000] {logging_mixin.py:188} INFO - [2026-07-21T18:18:56.546+0000] {dag.py:3823} INFO - Setting next_dagrun for example_params_ui_tutorial to None, run_after=None
[2026-07-21T18:18:56.573+0000] {processor.py:183} INFO - Processing /home/airflow/.local/lib/python3.8/site-packages/airflow/example_dags/example_params_ui_tutorial.py took 0.121 seconds
[2026-07-21T18:19:27.021+0000] {processor.py:161} INFO - Started process (PID=1239) to work on /home/airflow/.local/lib/python3.8/site-packages/airflow/example_dags/example_params_ui_tutorial.py
[2026-07-21T18:19:27.022+0000] {processor.py:830} INFO - Processing file /home/airflow/.local/lib/python3.8/site-packages/airflow/example_dags/example_params_ui_tutorial.py for tasks to queue
[2026-07-21T18:19:27.025+0000] {logging_mixin.py:188} INFO - [2026-07-21T18:19:27.024+0000] {dagbag.py:538} INFO - Filling up the DagBag from /home/airflow/.local/lib/python3.8/site-packages/airflow/example_dags/example_params_ui_tutorial.py
[2026-07-21T18:19:27.037+0000] {processor.py:840} INFO - DAG(s) 'example_params_ui_tutorial' retrieved from /home/airflow/.local/lib/python3.8/site-packages/airflow/example_dags/example_params_ui_tutorial.py
[2026-07-21T18:19:27.091+0000] {logging_mixin.py:188} INFO - [2026-07-21T18:19:27.091+0000] {dag.py:3036} INFO - Sync 1 DAGs
[2026-07-21T18:19:27.102+0000] {logging_mixin.py:188} INFO - [2026-07-21T18:19:27.102+0000] {dag.py:3823} INFO - Setting next_dagrun for example_params_ui_tutorial to None, run_after=None
[2026-07-21T18:19:27.120+0000] {processor.py:183} INFO - Processing /home/airflow/.local/lib/python3.8/site-packages/airflow/example_dags/example_params_ui_tutorial.py took 0.103 seconds
[2026-07-21T18:19:57.479+0000] {processor.py:161} INFO - Started process (PID=1295) to work on /home/airflow/.local/lib/python3.8/site-packages/airflow/example_dags/example_params_ui_tutorial.py
[2026-07-21T18:19:57.480+0000] {processor.py:830} INFO - Processing file /home/airflow/.local/lib/python3.8/site-packages/airflow/example_dags/example_params_ui_tutorial.py for tasks to queue
[2026-07-21T18:19:57.482+0000] {logging_mixin.py:188} INFO - [2026-07-21T18:19:57.481+0000] {dagbag.py:538} INFO - Filling up the DagBag from /home/airflow/.local/lib/python3.8/site-packages/airflow/example_dags/example_params_ui_tutorial.py
[2026-07-21T18:19:57.494+0000] {processor.py:840} INFO - DAG(s) 'example_params_ui_tutorial' retrieved from /home/airflow/.local/lib/python3.8/site-packages/airflow/example_dags/example_params_ui_tutorial.py
[2026-07-21T18:19:57.547+0000] {logging_mixin.py:188} INFO - [2026-07-21T18:19:57.546+0000] {dag.py:3036} INFO - Sync 1 DAGs
[2026-07-21T18:19:57.557+0000] {logging_mixin.py:188} INFO - [2026-07-21T18:19:57.557+0000] {dag.py:3823} INFO - Setting next_dagrun for example_params_ui_tutorial to None, run_after=None
[2026-07-21T18:19:57.576+0000] {processor.py:183} INFO - Processing /home/airflow/.local/lib/python3.8/site-packages/airflow/example_dags/example_params_ui_tutorial.py took 0.100 seconds
[2026-07-21T18:20:28.113+0000] {processor.py:161} INFO - Started process (PID=1351) to work on /home/airflow/.local/lib/python3.8/site-packages/airflow/example_dags/example_params_ui_tutorial.py
[2026-07-21T18:20:28.114+0000] {processor.py:830} INFO - Processing file /home/airflow/.local/lib/python3.8/site-packages/airflow/example_dags/example_params_ui_tutorial.py for tasks to queue
[2026-07-21T18:20:28.116+0000] {logging_mixin.py:188} INFO - [2026-07-21T18:20:28.116+0000] {dagbag.py:538} INFO - Filling up the DagBag from /home/airflow/.local/lib/python3.8/site-packages/airflow/example_dags/example_params_ui_tutorial.py
[2026-07-21T18:20:28.129+0000] {processor.py:840} INFO - DAG(s) 'example_params_ui_tutorial' retrieved from /home/airflow/.local/lib/python3.8/site-packages/airflow/example_dags/example_params_ui_tutorial.py
[2026-07-21T18:20:28.183+0000] {logging_mixin.py:188} INFO - [2026-07-21T18:20:28.182+0000] {dag.py:3036} INFO - Sync 1 DAGs
[2026-07-21T18:20:28.194+0000] {logging_mixin.py:188} INFO - [2026-07-21T18:20:28.194+0000] {dag.py:3823} INFO - Setting next_dagrun for example_params_ui_tutorial to None, run_after=None
[2026-07-21T18:20:28.213+0000] {processor.py:183} INFO - Processing /home/airflow/.local/lib/python3.8/site-packages/airflow/example_dags/example_params_ui_tutorial.py took 0.104 seconds
[2026-07-21T18:20:58.532+0000] {processor.py:161} INFO - Started process (PID=1407) to work on /home/airflow/.local/lib/python3.8/site-packages/airflow/example_dags/example_params_ui_tutorial.py
[2026-07-21T18:20:58.533+0000] {processor.py:830} INFO - Processing file /home/airflow/.local/lib/python3.8/site-packages/airflow/example_dags/example_params_ui_tutorial.py for tasks to queue
[2026-07-21T18:20:58.535+0000] {logging_mixin.py:188} INFO - [2026-07-21T18:20:58.535+0000] {dagbag.py:538} INFO - Filling up the DagBag from /home/airflow/.local/lib/python3.8/site-packages/airflow/example_dags/example_params_ui_tutorial.py
[2026-07-21T18:20:58.547+0000] {processor.py:840} INFO - DAG(s) 'example_params_ui_tutorial' retrieved from /home/airflow/.local/lib/python3.8/site-packages/airflow/example_dags/example_params_ui_tutorial.py
[2026-07-21T18:20:58.606+0000] {logging_mixin.py:188} INFO - [2026-07-21T18:20:58.605+0000] {dag.py:3036} INFO - Sync 1 DAGs
[2026-07-21T18:20:58.617+0000] {logging_mixin.py:188} INFO - [2026-07-21T18:20:58.617+0000] {dag.py:3823} INFO - Setting next_dagrun for example_params_ui_tutorial to None, run_after=None
[2026-07-21T18:20:58.635+0000] {processor.py:183} INFO - Processing /home/airflow/.local/lib/python3.8/site-packages/airflow/example_dags/example_params_ui_tutorial.py took 0.107 seconds
[2026-07-21T18:21:29.935+0000] {processor.py:161} INFO - Started process (PID=1463) to work on /home/airflow/.local/lib/python3.8/site-packages/airflow/example_dags/example_params_ui_tutorial.py
[2026-07-21T18:21:29.937+0000] {processor.py:830} INFO - Processing file /home/airflow/.local/lib/python3.8/site-packages/airflow/example_dags/example_params_ui_tutorial.py for tasks to queue
[2026-07-21T18:21:29.940+0000] {logging_mixin.py:188} INFO - [2026-07-21T18:21:29.939+0000] {dagbag.py:538} INFO - Filling up the DagBag from /home/airflow/.local/lib/python3.8/site-packages/airflow/example_dags/example_params_ui_tutorial.py
[2026-07-21T18:21:29.954+0000] {processor.py:840} INFO - DAG(s) 'example_params_ui_tutorial' retrieved from /home/airflow/.local/lib/python3.8/site-packages/airflow/example_dags/example_params_ui_tutorial.py
[2026-07-21T18:21:30.009+0000] {logging_mixin.py:188} INFO - [2026-07-21T18:21:30.009+0000] {dag.py:3036} INFO - Sync 1 DAGs
[2026-07-21T18:21:30.173+0000] {logging_mixin.py:188} INFO - [2026-07-21T18:21:30.173+0000] {dag.py:3823} INFO - Setting next_dagrun for example_params_ui_tutorial to None, run_after=None
[2026-07-21T18:21:30.200+0000] {processor.py:183} INFO - Processing /home/airflow/.local/lib/python3.8/site-packages/airflow/example_dags/example_params_ui_tutorial.py took 0.268 seconds
[2026-07-21T18:22:00.293+0000] {processor.py:161} INFO - Started process (PID=1519) to work on /home/airflow/.local/lib/python3.8/site-packages/airflow/example_dags/example_params_ui_tutorial.py
[2026-07-21T18:22:00.294+0000] {processor.py:830} INFO - Processing file /home/airflow/.local/lib/python3.8/site-packages/airflow/example_dags/example_params_ui_tutorial.py for tasks to queue
[2026-07-21T18:22:00.296+0000] {logging_mixin.py:188} INFO - [2026-07-21T18:22:00.296+0000] {dagbag.py:538} INFO - Filling up the DagBag from /home/airflow/.local/lib/python3.8/site-packages/airflow/example_dags/example_params_ui_tutorial.py
[2026-07-21T18:22:00.309+0000] {processor.py:840} INFO - DAG(s) 'example_params_ui_tutorial' retrieved from /home/airflow/.local/lib/python3.8/site-packages/airflow/example_dags/example_params_ui_tutorial.py
[2026-07-21T18:22:00.364+0000] {logging_mixin.py:188} INFO - [2026-07-21T18:22:00.363+0000] {dag.py:3036} INFO - Sync 1 DAGs
[2026-07-21T18:22:00.376+0000] {logging_mixin.py:188} INFO - [2026-07-21T18:22:00.375+0000] {dag.py:3823} INFO - Setting next_dagrun for example_params_ui_tutorial to None, run_after=None
[2026-07-21T18:22:00.396+0000] {processor.py:183} INFO - Processing /home/airflow/.local/lib/python3.8/site-packages/airflow/example_dags/example_params_ui_tutorial.py took 0.107 seconds
[2026-07-21T18:22:30.829+0000] {processor.py:161} INFO - Started process (PID=1575) to work on /home/airflow/.local/lib/python3.8/site-packages/airflow/example_dags/example_params_ui_tutorial.py
[2026-07-21T18:22:30.831+0000] {processor.py:830} INFO - Processing file /home/airflow/.local/lib/python3.8/site-packages/airflow/example_dags/example_params_ui_tutorial.py for tasks to queue
[2026-07-21T18:22:30.833+0000] {logging_mixin.py:188} INFO - [2026-07-21T18:22:30.832+0000] {dagbag.py:538} INFO - Filling up the DagBag from /home/airflow/.local/lib/python3.8/site-packages/airflow/example_dags/example_params_ui_tutorial.py
[2026-07-21T18:22:30.847+0000] {processor.py:840} INFO - DAG(s) 'example_params_ui_tutorial' retrieved from /home/airflow/.local/lib/python3.8/site-packages/airflow/example_dags/example_params_ui_tutorial.py
[2026-07-21T18:22:30.902+0000] {logging_mixin.py:188} INFO - [2026-07-21T18:22:30.902+0000] {dag.py:3036} INFO - Sync 1 DAGs
[2026-07-21T18:22:30.913+0000] {logging_mixin.py:188} INFO - [2026-07-21T18:22:30.913+0000] {dag.py:3823} INFO - Setting next_dagrun for example_params_ui_tutorial to None, run_after=None
[2026-07-21T18:22:30.931+0000] {processor.py:183} INFO - Processing /home/airflow/.local/lib/python3.8/site-packages/airflow/example_dags/example_params_ui_tutorial.py took 0.107 seconds
[2026-07-21T18:23:02.273+0000] {processor.py:161} INFO - Started process (PID=1631) to work on /home/airflow/.local/lib/python3.8/site-packages/airflow/example_dags/example_params_ui_tutorial.py
[2026-07-21T18:23:02.274+0000] {processor.py:830} INFO - Processing file /home/airflow/.local/lib/python3.8/site-packages/airflow/example_dags/example_params_ui_tutorial.py for tasks to queue
[2026-07-21T18:23:02.275+0000] {logging_mixin.py:188} INFO - [2026-07-21T18:23:02.275+0000] {dagbag.py:538} INFO - Filling up the DagBag from /home/airflow/.local/lib/python3.8/site-packages/airflow/example_dags/example_params_ui_tutorial.py
[2026-07-21T18:23:02.287+0000] {processor.py:840} INFO - DAG(s) 'example_params_ui_tutorial' retrieved from /home/airflow/.local/lib/python3.8/site-packages/airflow/example_dags/example_params_ui_tutorial.py
[2026-07-21T18:23:02.340+0000] {logging_mixin.py:188} INFO - [2026-07-21T18:23:02.340+0000] {dag.py:3036} INFO - Sync 1 DAGs
[2026-07-21T18:23:02.352+0000] {logging_mixin.py:188} INFO - [2026-07-21T18:23:02.351+0000] {dag.py:3823} INFO - Setting next_dagrun for example_params_ui_tutorial to None, run_after=None
[2026-07-21T18:23:02.370+0000] {processor.py:183} INFO - Processing /home/airflow/.local/lib/python3.8/site-packages/airflow/example_dags/example_params_ui_tutorial.py took 0.101 seconds
[2026-07-21T18:23:33.834+0000] {processor.py:161} INFO - Started process (PID=1687) to work on /home/airflow/.local/lib/python3.8/site-packages/airflow/example_dags/example_params_ui_tutorial.py
[2026-07-21T18:23:33.835+0000] {processor.py:830} INFO - Processing file /home/airflow/.local/lib/python3.8/site-packages/airflow/example_dags/example_params_ui_tutorial.py for tasks to queue
[2026-07-21T18:23:33.837+0000] {logging_mixin.py:188} INFO - [2026-07-21T18:23:33.837+0000] {dagbag.py:538} INFO - Filling up the DagBag from /home/airflow/.local/lib/python3.8/site-packages/airflow/example_dags/example_params_ui_tutorial.py
[2026-07-21T18:23:33.849+0000] {processor.py:840} INFO - DAG(s) 'example_params_ui_tutorial' retrieved from /home/airflow/.local/lib/python3.8/site-packages/airflow/example_dags/example_params_ui_tutorial.py
[2026-07-21T18:23:34.057+0000] {logging_mixin.py:188} INFO - [2026-07-21T18:23:34.057+0000] {dag.py:3036} INFO - Sync 1 DAGs
[2026-07-21T18:23:34.066+0000] {logging_mixin.py:188} INFO - [2026-07-21T18:23:34.066+0000] {dag.py:3823} INFO - Setting next_dagrun for example_params_ui_tutorial to None, run_after=None
[2026-07-21T18:23:34.083+0000] {processor.py:183} INFO - Processing /home/airflow/.local/lib/python3.8/site-packages/airflow/example_dags/example_params_ui_tutorial.py took 0.254 seconds
[2026-07-21T18:24:04.147+0000] {processor.py:161} INFO - Started process (PID=1743) to work on /home/airflow/.local/lib/python3.8/site-packages/airflow/example_dags/example_params_ui_tutorial.py
[2026-07-21T18:24:04.148+0000] {processor.py:830} INFO - Processing file /home/airflow/.local/lib/python3.8/site-packages/airflow/example_dags/example_params_ui_tutorial.py for tasks to queue
[2026-07-21T18:24:04.151+0000] {logging_mixin.py:188} INFO - [2026-07-21T18:24:04.151+0000] {dagbag.py:538} INFO - Filling up the DagBag from /home/airflow/.local/lib/python3.8/site-packages/airflow/example_dags/example_params_ui_tutorial.py
[2026-07-21T18:24:04.165+0000] {processor.py:840} INFO - DAG(s) 'example_params_ui_tutorial' retrieved from /home/airflow/.local/lib/python3.8/site-packages/airflow/example_dags/example_params_ui_tutorial.py
[2026-07-21T18:24:04.229+0000] {logging_mixin.py:188} INFO - [2026-07-21T18:24:04.229+0000] {dag.py:3036} INFO - Sync 1 DAGs
[2026-07-21T18:24:04.242+0000] {logging_mixin.py:188} INFO - [2026-07-21T18:24:04.242+0000] {dag.py:3823} INFO - Setting next_dagrun for example_params_ui_tutorial to None, run_after=None
[2026-07-21T18:24:04.264+0000] {processor.py:183} INFO - Processing /home/airflow/.local/lib/python3.8/site-packages/airflow/example_dags/example_params_ui_tutorial.py took 0.122 seconds
[2026-07-21T18:24:34.366+0000] {processor.py:161} INFO - Started process (PID=1799) to work on /home/airflow/.local/lib/python3.8/site-packages/airflow/example_dags/example_params_ui_tutorial.py
[2026-07-21T18:24:34.368+0000] {processor.py:830} INFO - Processing file /home/airflow/.local/lib/python3.8/site-packages/airflow/example_dags/example_params_ui_tutorial.py for tasks to queue
[2026-07-21T18:24:34.370+0000] {logging_mixin.py:188} INFO - [2026-07-21T18:24:34.370+0000] {dagbag.py:538} INFO - Filling up the DagBag from /home/airflow/.local/lib/python3.8/site-packages/airflow/example_dags/example_params_ui_tutorial.py
[2026-07-21T18:24:34.384+0000] {processor.py:840} INFO - DAG(s) 'example_params_ui_tutorial' retrieved from /home/airflow/.local/lib/python3.8/site-packages/airflow/example_dags/example_params_ui_tutorial.py
[2026-07-21T18:24:34.445+0000] {logging_mixin.py:188} INFO - [2026-07-21T18:24:34.445+0000] {dag.py:3036} INFO - Sync 1 DAGs
[2026-07-21T18:24:34.458+0000] {logging_mixin.py:188} INFO - [2026-07-21T18:24:34.457+0000] {dag.py:3823} INFO - Setting next_dagrun for example_params_ui_tutorial to None, run_after=None
[2026-07-21T18:24:34.480+0000] {processor.py:183} INFO - Processing /home/airflow/.local/lib/python3.8/site-packages/airflow/example_dags/example_params_ui_tutorial.py took 0.118 seconds
[2026-07-21T18:25:04.852+0000] {processor.py:161} INFO - Started process (PID=1855) to work on /home/airflow/.local/lib/python3.8/site-packages/airflow/example_dags/example_params_ui_tutorial.py
[2026-07-21T18:25:04.853+0000] {processor.py:830} INFO - Processing file /home/airflow/.local/lib/python3.8/site-packages/airflow/example_dags/example_params_ui_tutorial.py for tasks to queue
[2026-07-21T18:25:04.855+0000] {logging_mixin.py:188} INFO - [2026-07-21T18:25:04.855+0000] {dagbag.py:538} INFO - Filling up the DagBag from /home/airflow/.local/lib/python3.8/site-packages/airflow/example_dags/example_params_ui_tutorial.py
[2026-07-21T18:25:04.871+0000] {processor.py:840} INFO - DAG(s) 'example_params_ui_tutorial' retrieved from /home/airflow/.local/lib/python3.8/site-packages/airflow/example_dags/example_params_ui_tutorial.py
[2026-07-21T18:25:04.932+0000] {logging_mixin.py:188} INFO - [2026-07-21T18:25:04.932+0000] {dag.py:3036} INFO - Sync 1 DAGs
[2026-07-21T18:25:04.946+0000] {logging_mixin.py:188} INFO - [2026-07-21T18:25:04.946+0000] {dag.py:3823} INFO - Setting next_dagrun for example_params_ui_tutorial to None, run_after=None
[2026-07-21T18:25:04.968+0000] {processor.py:183} INFO - Processing /home/airflow/.local/lib/python3.8/site-packages/airflow/example_dags/example_params_ui_tutorial.py took 0.120 seconds
[2026-07-21T18:25:35.793+0000] {processor.py:161} INFO - Started process (PID=1911) to work on /home/airflow/.local/lib/python3.8/site-packages/airflow/example_dags/example_params_ui_tutorial.py
[2026-07-21T18:25:35.794+0000] {processor.py:830} INFO - Processing file /home/airflow/.local/lib/python3.8/site-packages/airflow/example_dags/example_params_ui_tutorial.py for tasks to queue
[2026-07-21T18:25:35.797+0000] {logging_mixin.py:188} INFO - [2026-07-21T18:25:35.797+0000] {dagbag.py:538} INFO - Filling up the DagBag from /home/airflow/.local/lib/python3.8/site-packages/airflow/example_dags/example_params_ui_tutorial.py
[2026-07-21T18:25:35.812+0000] {processor.py:840} INFO - DAG(s) 'example_params_ui_tutorial' retrieved from /home/airflow/.local/lib/python3.8/site-packages/airflow/example_dags/example_params_ui_tutorial.py
[2026-07-21T18:25:35.875+0000] {logging_mixin.py:188} INFO - [2026-07-21T18:25:35.875+0000] {dag.py:3036} INFO - Sync 1 DAGs
[2026-07-21T18:25:35.888+0000] {logging_mixin.py:188} INFO - [2026-07-21T18:25:35.888+0000] {dag.py:3823} INFO - Setting next_dagrun for example_params_ui_tutorial to None, run_after=None
[2026-07-21T18:25:35.910+0000] {processor.py:183} INFO - Processing /home/airflow/.local/lib/python3.8/site-packages/airflow/example_dags/example_params_ui_tutorial.py took 0.120 seconds
[2026-07-21T18:26:06.525+0000] {processor.py:161} INFO - Started process (PID=1967) to work on /home/airflow/.local/lib/python3.8/site-packages/airflow/example_dags/example_params_ui_tutorial.py
[2026-07-21T18:26:06.526+0000] {processor.py:830} INFO - Processing file /home/airflow/.local/lib/python3.8/site-packages/airflow/example_dags/example_params_ui_tutorial.py for tasks to queue
[2026-07-21T18:26:06.529+0000] {logging_mixin.py:188} INFO - [2026-07-21T18:26:06.528+0000] {dagbag.py:538} INFO - Filling up the DagBag from /home/airflow/.local/lib/python3.8/site-packages/airflow/example_dags/example_params_ui_tutorial.py
[2026-07-21T18:26:06.543+0000] {processor.py:840} INFO - DAG(s) 'example_params_ui_tutorial' retrieved from /home/airflow/.local/lib/python3.8/site-packages/airflow/example_dags/example_params_ui_tutorial.py
[2026-07-21T18:26:06.608+0000] {logging_mixin.py:188} INFO - [2026-07-21T18:26:06.608+0000] {dag.py:3036} INFO - Sync 1 DAGs
[2026-07-21T18:26:06.620+0000] {logging_mixin.py:188} INFO - [2026-07-21T18:26:06.620+0000] {dag.py:3823} INFO - Setting next_dagrun for example_params_ui_tutorial to None, run_after=None
[2026-07-21T18:26:06.641+0000] {processor.py:183} INFO - Processing /home/airflow/.local/lib/python3.8/site-packages/airflow/example_dags/example_params_ui_tutorial.py took 0.121 seconds
[2026-07-21T18:26:37.300+0000] {processor.py:161} INFO - Started process (PID=2023) to work on /home/airflow/.local/lib/python3.8/site-packages/airflow/example_dags/example_params_ui_tutorial.py
[2026-07-21T18:26:37.301+0000] {processor.py:830} INFO - Processing file /home/airflow/.local/lib/python3.8/site-packages/airflow/example_dags/example_params_ui_tutorial.py for tasks to queue
[2026-07-21T18:26:37.304+0000] {logging_mixin.py:188} INFO - [2026-07-21T18:26:37.303+0000] {dagbag.py:538} INFO - Filling up the DagBag from /home/airflow/.local/lib/python3.8/site-packages/airflow/example_dags/example_params_ui_tutorial.py
[2026-07-21T18:26:37.318+0000] {processor.py:840} INFO - DAG(s) 'example_params_ui_tutorial' retrieved from /home/airflow/.local/lib/python3.8/site-packages/airflow/example_dags/example_params_ui_tutorial.py
[2026-07-21T18:26:37.374+0000] {logging_mixin.py:188} INFO - [2026-07-21T18:26:37.374+0000] {dag.py:3036} INFO - Sync 1 DAGs
[2026-07-21T18:26:37.387+0000] {logging_mixin.py:188} INFO - [2026-07-21T18:26:37.387+0000] {dag.py:3823} INFO - Setting next_dagrun for example_params_ui_tutorial to None, run_after=None
[2026-07-21T18:26:37.406+0000] {processor.py:183} INFO - Processing /home/airflow/.local/lib/python3.8/site-packages/airflow/example_dags/example_params_ui_tutorial.py took 0.109 seconds
[2026-07-21T18:27:07.755+0000] {processor.py:161} INFO - Started process (PID=2079) to work on /home/airflow/.local/lib/python3.8/site-packages/airflow/example_dags/example_params_ui_tutorial.py
[2026-07-21T18:27:07.756+0000] {processor.py:830} INFO - Processing file /home/airflow/.local/lib/python3.8/site-packages/airflow/example_dags/example_params_ui_tutorial.py for tasks to queue
[2026-07-21T18:27:07.758+0000] {logging_mixin.py:188} INFO - [2026-07-21T18:27:07.758+0000] {dagbag.py:538} INFO - Filling up the DagBag from /home/airflow/.local/lib/python3.8/site-packages/airflow/example_dags/example_params_ui_tutorial.py
[2026-07-21T18:27:07.772+0000] {processor.py:840} INFO - DAG(s) 'example_params_ui_tutorial' retrieved from /home/airflow/.local/lib/python3.8/site-packages/airflow/example_dags/example_params_ui_tutorial.py
[2026-07-21T18:27:07.831+0000] {logging_mixin.py:188} INFO - [2026-07-21T18:27:07.831+0000] {dag.py:3036} INFO - Sync 1 DAGs
[2026-07-21T18:27:07.843+0000] {logging_mixin.py:188} INFO - [2026-07-21T18:27:07.843+0000] {dag.py:3823} INFO - Setting next_dagrun for example_params_ui_tutorial to None, run_after=None
[2026-07-21T18:27:07.863+0000] {processor.py:183} INFO - Processing /home/airflow/.local/lib/python3.8/site-packages/airflow/example_dags/example_params_ui_tutorial.py took 0.113 seconds
[2026-07-21T18:27:38.332+0000] {processor.py:161} INFO - Started process (PID=2135) to work on /home/airflow/.local/lib/python3.8/site-packages/airflow/example_dags/example_params_ui_tutorial.py
[2026-07-21T18:27:38.334+0000] {processor.py:830} INFO - Processing file /home/airflow/.local/lib/python3.8/site-packages/airflow/example_dags/example_params_ui_tutorial.py for tasks to queue
[2026-07-21T18:27:38.336+0000] {logging_mixin.py:188} INFO - [2026-07-21T18:27:38.335+0000] {dagbag.py:538} INFO - Filling up the DagBag from /home/airflow/.local/lib/python3.8/site-packages/airflow/example_dags/example_params_ui_tutorial.py
[2026-07-21T18:27:38.348+0000] {processor.py:840} INFO - DAG(s) 'example_params_ui_tutorial' retrieved from /home/airflow/.local/lib/python3.8/site-packages/airflow/example_dags/example_params_ui_tutorial.py
[2026-07-21T18:27:38.401+0000] {logging_mixin.py:188} INFO - [2026-07-21T18:27:38.401+0000] {dag.py:3036} INFO - Sync 1 DAGs
[2026-07-21T18:27:38.413+0000] {logging_mixin.py:188} INFO - [2026-07-21T18:27:38.413+0000] {dag.py:3823} INFO - Setting next_dagrun for example_params_ui_tutorial to None, run_after=None
[2026-07-21T18:27:38.432+0000] {processor.py:183} INFO - Processing /home/airflow/.local/lib/python3.8/site-packages/airflow/example_dags/example_params_ui_tutorial.py took 0.103 seconds
[2026-07-21T18:28:08.955+0000] {processor.py:161} INFO - Started process (PID=2191) to work on /home/airflow/.local/lib/python3.8/site-packages/airflow/example_dags/example_params_ui_tutorial.py
[2026-07-21T18:28:08.956+0000] {processor.py:830} INFO - Processing file /home/airflow/.local/lib/python3.8/site-packages/airflow/example_dags/example_params_ui_tutorial.py for tasks to queue
[2026-07-21T18:28:08.958+0000] {logging_mixin.py:188} INFO - [2026-07-21T18:28:08.958+0000] {dagbag.py:538} INFO - Filling up the DagBag from /home/airflow/.local/lib/python3.8/site-packages/airflow/example_dags/example_params_ui_tutorial.py
[2026-07-21T18:28:08.970+0000] {processor.py:840} INFO - DAG(s) 'example_params_ui_tutorial' retrieved from /home/airflow/.local/lib/python3.8/site-packages/airflow/example_dags/example_params_ui_tutorial.py
[2026-07-21T18:28:09.025+0000] {logging_mixin.py:188} INFO - [2026-07-21T18:28:09.025+0000] {dag.py:3036} INFO - Sync 1 DAGs
[2026-07-21T18:28:09.038+0000] {logging_mixin.py:188} INFO - [2026-07-21T18:28:09.038+0000] {dag.py:3823} INFO - Setting next_dagrun for example_params_ui_tutorial to None, run_after=None
[2026-07-21T18:28:09.056+0000] {processor.py:183} INFO - Processing /home/airflow/.local/lib/python3.8/site-packages/airflow/example_dags/example_params_ui_tutorial.py took 0.105 seconds
[2026-07-21T18:28:39.311+0000] {processor.py:161} INFO - Started process (PID=2247) to work on /home/airflow/.local/lib/python3.8/site-packages/airflow/example_dags/example_params_ui_tutorial.py
[2026-07-21T18:28:39.312+0000] {processor.py:830} INFO - Processing file /home/airflow/.local/lib/python3.8/site-packages/airflow/example_dags/example_params_ui_tutorial.py for tasks to queue
[2026-07-21T18:28:39.314+0000] {logging_mixin.py:188} INFO - [2026-07-21T18:28:39.314+0000] {dagbag.py:538} INFO - Filling up the DagBag from /home/airflow/.local/lib/python3.8/site-packages/airflow/example_dags/example_params_ui_tutorial.py
[2026-07-21T18:28:39.327+0000] {processor.py:840} INFO - DAG(s) 'example_params_ui_tutorial' retrieved from /home/airflow/.local/lib/python3.8/site-packages/airflow/example_dags/example_params_ui_tutorial.py
[2026-07-21T18:28:39.383+0000] {logging_mixin.py:188} INFO - [2026-07-21T18:28:39.383+0000] {dag.py:3036} INFO - Sync 1 DAGs
[2026-07-21T18:28:39.394+0000] {logging_mixin.py:188} INFO - [2026-07-21T18:28:39.394+0000] {dag.py:3823} INFO - Setting next_dagrun for example_params_ui_tutorial to None, run_after=None
[2026-07-21T18:28:39.416+0000] {processor.py:183} INFO - Processing /home/airflow/.local/lib/python3.8/site-packages/airflow/example_dags/example_params_ui_tutorial.py took 0.109 seconds
[2026-07-21T18:29:09.622+0000] {processor.py:161} INFO - Started process (PID=2303) to work on /home/airflow/.local/lib/python3.8/site-packages/airflow/example_dags/example_params_ui_tutorial.py
[2026-07-21T18:29:09.623+0000] {processor.py:830} INFO - Processing file /home/airflow/.local/lib/python3.8/site-packages/airflow/example_dags/example_params_ui_tutorial.py for tasks to queue
[2026-07-21T18:29:09.626+0000] {logging_mixin.py:188} INFO - [2026-07-21T18:29:09.625+0000] {dagbag.py:538} INFO - Filling up the DagBag from /home/airflow/.local/lib/python3.8/site-packages/airflow/example_dags/example_params_ui_tutorial.py
[2026-07-21T18:29:09.638+0000] {processor.py:840} INFO - DAG(s) 'example_params_ui_tutorial' retrieved from /home/airflow/.local/lib/python3.8/site-packages/airflow/example_dags/example_params_ui_tutorial.py
[2026-07-21T18:29:09.691+0000] {logging_mixin.py:188} INFO - [2026-07-21T18:29:09.691+0000] {dag.py:3036} INFO - Sync 1 DAGs
[2026-07-21T18:29:09.702+0000] {logging_mixin.py:188} INFO - [2026-07-21T18:29:09.702+0000] {dag.py:3823} INFO - Setting next_dagrun for example_params_ui_tutorial to None, run_after=None
[2026-07-21T18:29:09.721+0000] {processor.py:183} INFO - Processing /home/airflow/.local/lib/python3.8/site-packages/airflow/example_dags/example_params_ui_tutorial.py took 0.103 seconds
[2026-07-21T18:29:40.263+0000] {processor.py:161} INFO - Started process (PID=2359) to work on /home/airflow/.local/lib/python3.8/site-packages/airflow/example_dags/example_params_ui_tutorial.py
[2026-07-21T18:29:40.264+0000] {processor.py:830} INFO - Processing file /home/airflow/.local/lib/python3.8/site-packages/airflow/example_dags/example_params_ui_tutorial.py for tasks to queue
[2026-07-21T18:29:40.267+0000] {logging_mixin.py:188} INFO - [2026-07-21T18:29:40.266+0000] {dagbag.py:538} INFO - Filling up the DagBag from /home/airflow/.local/lib/python3.8/site-packages/airflow/example_dags/example_params_ui_tutorial.py
[2026-07-21T18:29:40.279+0000] {processor.py:840} INFO - DAG(s) 'example_params_ui_tutorial' retrieved from /home/airflow/.local/lib/python3.8/site-packages/airflow/example_dags/example_params_ui_tutorial.py
[2026-07-21T18:29:40.333+0000] {logging_mixin.py:188} INFO - [2026-07-21T18:29:40.333+0000] {dag.py:3036} INFO - Sync 1 DAGs
[2026-07-21T18:29:40.345+0000] {logging_mixin.py:188} INFO - [2026-07-21T18:29:40.344+0000] {dag.py:3823} INFO - Setting next_dagrun for example_params_ui_tutorial to None, run_after=None
[2026-07-21T18:29:40.362+0000] {processor.py:183} INFO - Processing /home/airflow/.local/lib/python3.8/site-packages/airflow/example_dags/example_params_ui_tutorial.py took 0.102 seconds
[2026-07-21T18:30:10.675+0000] {processor.py:161} INFO - Started process (PID=2415) to work on /home/airflow/.local/lib/python3.8/site-packages/airflow/example_dags/example_params_ui_tutorial.py
[2026-07-21T18:30:10.676+0000] {processor.py:830} INFO - Processing file /home/airflow/.local/lib/python3.8/site-packages/airflow/example_dags/example_params_ui_tutorial.py for tasks to queue
[2026-07-21T18:30:10.678+0000] {logging_mixin.py:188} INFO - [2026-07-21T18:30:10.678+0000] {dagbag.py:538} INFO - Filling up the DagBag from /home/airflow/.local/lib/python3.8/site-packages/airflow/example_dags/example_params_ui_tutorial.py
[2026-07-21T18:30:10.691+0000] {processor.py:840} INFO - DAG(s) 'example_params_ui_tutorial' retrieved from /home/airflow/.local/lib/python3.8/site-packages/airflow/example_dags/example_params_ui_tutorial.py
[2026-07-21T18:30:10.745+0000] {logging_mixin.py:188} INFO - [2026-07-21T18:30:10.745+0000] {dag.py:3036} INFO - Sync 1 DAGs
[2026-07-21T18:30:10.756+0000] {logging_mixin.py:188} INFO - [2026-07-21T18:30:10.755+0000] {dag.py:3823} INFO - Setting next_dagrun for example_params_ui_tutorial to None, run_after=None
[2026-07-21T18:30:10.774+0000] {processor.py:183} INFO - Processing /home/airflow/.local/lib/python3.8/site-packages/airflow/example_dags/example_params_ui_tutorial.py took 0.103 seconds
[2026-07-21T18:30:40.978+0000] {processor.py:161} INFO - Started process (PID=2471) to work on /home/airflow/.local/lib/python3.8/site-packages/airflow/example_dags/example_params_ui_tutorial.py
[2026-07-21T18:30:40.980+0000] {processor.py:830} INFO - Processing file /home/airflow/.local/lib/python3.8/site-packages/airflow/example_dags/example_params_ui_tutorial.py for tasks to queue
[2026-07-21T18:30:40.985+0000] {logging_mixin.py:188} INFO - [2026-07-21T18:30:40.984+0000] {dagbag.py:538} INFO - Filling up the DagBag from /home/airflow/.local/lib/python3.8/site-packages/airflow/example_dags/example_params_ui_tutorial.py
[2026-07-21T18:30:41.006+0000] {processor.py:840} INFO - DAG(s) 'example_params_ui_tutorial' retrieved from /home/airflow/.local/lib/python3.8/site-packages/airflow/example_dags/example_params_ui_tutorial.py
[2026-07-21T18:30:41.091+0000] {logging_mixin.py:188} INFO - [2026-07-21T18:30:41.091+0000] {dag.py:3036} INFO - Sync 1 DAGs
[2026-07-21T18:30:41.103+0000] {logging_mixin.py:188} INFO - [2026-07-21T18:30:41.103+0000] {dag.py:3823} INFO - Setting next_dagrun for example_params_ui_tutorial to None, run_after=None
[2026-07-21T18:30:41.126+0000] {processor.py:183} INFO - Processing /home/airflow/.local/lib/python3.8/site-packages/airflow/example_dags/example_params_ui_tutorial.py took 0.153 seconds
[2026-07-21T18:31:11.425+0000] {processor.py:161} INFO - Started process (PID=2527) to work on /home/airflow/.local/lib/python3.8/site-packages/airflow/example_dags/example_params_ui_tutorial.py
[2026-07-21T18:31:11.426+0000] {processor.py:830} INFO - Processing file /home/airflow/.local/lib/python3.8/site-packages/airflow/example_dags/example_params_ui_tutorial.py for tasks to queue
[2026-07-21T18:31:11.429+0000] {logging_mixin.py:188} INFO - [2026-07-21T18:31:11.428+0000] {dagbag.py:538} INFO - Filling up the DagBag from /home/airflow/.local/lib/python3.8/site-packages/airflow/example_dags/example_params_ui_tutorial.py
[2026-07-21T18:31:11.441+0000] {processor.py:840} INFO - DAG(s) 'example_params_ui_tutorial' retrieved from /home/airflow/.local/lib/python3.8/site-packages/airflow/example_dags/example_params_ui_tutorial.py
[2026-07-21T18:31:11.497+0000] {logging_mixin.py:188} INFO - [2026-07-21T18:31:11.497+0000] {dag.py:3036} INFO - Sync 1 DAGs
[2026-07-21T18:31:11.509+0000] {logging_mixin.py:188} INFO - [2026-07-21T18:31:11.508+0000] {dag.py:3823} INFO - Setting next_dagrun for example_params_ui_tutorial to None, run_after=None
[2026-07-21T18:31:11.528+0000] {processor.py:183} INFO - Processing /home/airflow/.local/lib/python3.8/site-packages/airflow/example_dags/example_params_ui_tutorial.py took 0.106 seconds
[2026-07-21T18:34:13.650+0000] {processor.py:161} INFO - Started process (PID=80) to work on /home/airflow/.local/lib/python3.10/site-packages/airflow/example_dags/example_params_ui_tutorial.py
[2026-07-21T18:34:13.659+0000] {processor.py:830} INFO - Processing file /home/airflow/.local/lib/python3.10/site-packages/airflow/example_dags/example_params_ui_tutorial.py for tasks to queue
[2026-07-21T18:34:13.672+0000] {logging_mixin.py:188} INFO - [2026-07-21T18:34:13.670+0000] {dagbag.py:538} INFO - Filling up the DagBag from /home/airflow/.local/lib/python3.10/site-packages/airflow/example_dags/example_params_ui_tutorial.py
[2026-07-21T18:34:13.705+0000] {processor.py:840} INFO - DAG(s) 'example_params_ui_tutorial' retrieved from /home/airflow/.local/lib/python3.10/site-packages/airflow/example_dags/example_params_ui_tutorial.py
[2026-07-21T18:34:13.721+0000] {logging_mixin.py:188} INFO - [2026-07-21T18:34:13.720+0000] {dag.py:3036} INFO - Sync 1 DAGs
[2026-07-21T18:34:13.757+0000] {logging_mixin.py:188} INFO - [2026-07-21T18:34:13.757+0000] {dag.py:3823} INFO - Setting next_dagrun for example_params_ui_tutorial to None, run_after=None
[2026-07-21T18:34:13.803+0000] {processor.py:183} INFO - Processing /home/airflow/.local/lib/python3.10/site-packages/airflow/example_dags/example_params_ui_tutorial.py took 0.176 seconds
[2026-07-21T18:34:44.311+0000] {processor.py:161} INFO - Started process (PID=136) to work on /home/airflow/.local/lib/python3.10/site-packages/airflow/example_dags/example_params_ui_tutorial.py
[2026-07-21T18:34:44.312+0000] {processor.py:830} INFO - Processing file /home/airflow/.local/lib/python3.10/site-packages/airflow/example_dags/example_params_ui_tutorial.py for tasks to queue
[2026-07-21T18:34:44.315+0000] {logging_mixin.py:188} INFO - [2026-07-21T18:34:44.314+0000] {dagbag.py:538} INFO - Filling up the DagBag from /home/airflow/.local/lib/python3.10/site-packages/airflow/example_dags/example_params_ui_tutorial.py
[2026-07-21T18:34:44.328+0000] {processor.py:840} INFO - DAG(s) 'example_params_ui_tutorial' retrieved from /home/airflow/.local/lib/python3.10/site-packages/airflow/example_dags/example_params_ui_tutorial.py
[2026-07-21T18:34:44.444+0000] {logging_mixin.py:188} INFO - [2026-07-21T18:34:44.444+0000] {dag.py:3036} INFO - Sync 1 DAGs
[2026-07-21T18:34:44.454+0000] {logging_mixin.py:188} INFO - [2026-07-21T18:34:44.454+0000] {dag.py:3823} INFO - Setting next_dagrun for example_params_ui_tutorial to None, run_after=None
[2026-07-21T18:34:44.473+0000] {processor.py:183} INFO - Processing /home/airflow/.local/lib/python3.10/site-packages/airflow/example_dags/example_params_ui_tutorial.py took 0.167 seconds
[2026-07-21T18:35:14.621+0000] {processor.py:161} INFO - Started process (PID=192) to work on /home/airflow/.local/lib/python3.10/site-packages/airflow/example_dags/example_params_ui_tutorial.py
[2026-07-21T18:35:14.622+0000] {processor.py:830} INFO - Processing file /home/airflow/.local/lib/python3.10/site-packages/airflow/example_dags/example_params_ui_tutorial.py for tasks to queue
[2026-07-21T18:35:14.624+0000] {logging_mixin.py:188} INFO - [2026-07-21T18:35:14.624+0000] {dagbag.py:538} INFO - Filling up the DagBag from /home/airflow/.local/lib/python3.10/site-packages/airflow/example_dags/example_params_ui_tutorial.py
[2026-07-21T18:35:14.636+0000] {processor.py:840} INFO - DAG(s) 'example_params_ui_tutorial' retrieved from /home/airflow/.local/lib/python3.10/site-packages/airflow/example_dags/example_params_ui_tutorial.py
[2026-07-21T18:35:14.685+0000] {logging_mixin.py:188} INFO - [2026-07-21T18:35:14.684+0000] {dag.py:3036} INFO - Sync 1 DAGs
[2026-07-21T18:35:14.696+0000] {logging_mixin.py:188} INFO - [2026-07-21T18:35:14.696+0000] {dag.py:3823} INFO - Setting next_dagrun for example_params_ui_tutorial to None, run_after=None
[2026-07-21T18:35:14.713+0000] {processor.py:183} INFO - Processing /home/airflow/.local/lib/python3.10/site-packages/airflow/example_dags/example_params_ui_tutorial.py took 0.096 seconds
[2026-07-21T18:35:44.778+0000] {processor.py:161} INFO - Started process (PID=248) to work on /home/airflow/.local/lib/python3.10/site-packages/airflow/example_dags/example_params_ui_tutorial.py
[2026-07-21T18:35:44.780+0000] {processor.py:830} INFO - Processing file /home/airflow/.local/lib/python3.10/site-packages/airflow/example_dags/example_params_ui_tutorial.py for tasks to queue
[2026-07-21T18:35:44.782+0000] {logging_mixin.py:188} INFO - [2026-07-21T18:35:44.782+0000] {dagbag.py:538} INFO - Filling up the DagBag from /home/airflow/.local/lib/python3.10/site-packages/airflow/example_dags/example_params_ui_tutorial.py
[2026-07-21T18:35:44.795+0000] {processor.py:840} INFO - DAG(s) 'example_params_ui_tutorial' retrieved from /home/airflow/.local/lib/python3.10/site-packages/airflow/example_dags/example_params_ui_tutorial.py
[2026-07-21T18:35:44.852+0000] {logging_mixin.py:188} INFO - [2026-07-21T18:35:44.852+0000] {dag.py:3036} INFO - Sync 1 DAGs
[2026-07-21T18:35:44.865+0000] {logging_mixin.py:188} INFO - [2026-07-21T18:35:44.865+0000] {dag.py:3823} INFO - Setting next_dagrun for example_params_ui_tutorial to None, run_after=None
[2026-07-21T18:35:44.885+0000] {processor.py:183} INFO - Processing /home/airflow/.local/lib/python3.10/site-packages/airflow/example_dags/example_params_ui_tutorial.py took 0.111 seconds
[2026-07-21T18:36:15.266+0000] {processor.py:161} INFO - Started process (PID=304) to work on /home/airflow/.local/lib/python3.10/site-packages/airflow/example_dags/example_params_ui_tutorial.py
[2026-07-21T18:36:15.267+0000] {processor.py:830} INFO - Processing file /home/airflow/.local/lib/python3.10/site-packages/airflow/example_dags/example_params_ui_tutorial.py for tasks to queue
[2026-07-21T18:36:15.269+0000] {logging_mixin.py:188} INFO - [2026-07-21T18:36:15.269+0000] {dagbag.py:538} INFO - Filling up the DagBag from /home/airflow/.local/lib/python3.10/site-packages/airflow/example_dags/example_params_ui_tutorial.py
[2026-07-21T18:36:15.283+0000] {processor.py:840} INFO - DAG(s) 'example_params_ui_tutorial' retrieved from /home/airflow/.local/lib/python3.10/site-packages/airflow/example_dags/example_params_ui_tutorial.py
[2026-07-21T18:36:15.334+0000] {logging_mixin.py:188} INFO - [2026-07-21T18:36:15.334+0000] {dag.py:3036} INFO - Sync 1 DAGs
[2026-07-21T18:36:15.347+0000] {logging_mixin.py:188} INFO - [2026-07-21T18:36:15.347+0000] {dag.py:3823} INFO - Setting next_dagrun for example_params_ui_tutorial to None, run_after=None
[2026-07-21T18:36:15.370+0000] {processor.py:183} INFO - Processing /home/airflow/.local/lib/python3.10/site-packages/airflow/example_dags/example_params_ui_tutorial.py took 0.108 seconds
[2026-07-21T18:36:45.677+0000] {processor.py:161} INFO - Started process (PID=360) to work on /home/airflow/.local/lib/python3.10/site-packages/airflow/example_dags/example_params_ui_tutorial.py
[2026-07-21T18:36:45.678+0000] {processor.py:830} INFO - Processing file /home/airflow/.local/lib/python3.10/site-packages/airflow/example_dags/example_params_ui_tutorial.py for tasks to queue
[2026-07-21T18:36:45.680+0000] {logging_mixin.py:188} INFO - [2026-07-21T18:36:45.680+0000] {dagbag.py:538} INFO - Filling up the DagBag from /home/airflow/.local/lib/python3.10/site-packages/airflow/example_dags/example_params_ui_tutorial.py
[2026-07-21T18:36:45.692+0000] {processor.py:840} INFO - DAG(s) 'example_params_ui_tutorial' retrieved from /home/airflow/.local/lib/python3.10/site-packages/airflow/example_dags/example_params_ui_tutorial.py
[2026-07-21T18:36:45.738+0000] {logging_mixin.py:188} INFO - [2026-07-21T18:36:45.738+0000] {dag.py:3036} INFO - Sync 1 DAGs
[2026-07-21T18:36:45.749+0000] {logging_mixin.py:188} INFO - [2026-07-21T18:36:45.749+0000] {dag.py:3823} INFO - Setting next_dagrun for example_params_ui_tutorial to None, run_after=None
[2026-07-21T18:36:45.768+0000] {processor.py:183} INFO - Processing /home/airflow/.local/lib/python3.10/site-packages/airflow/example_dags/example_params_ui_tutorial.py took 0.095 seconds
[2026-07-21T18:37:16.046+0000] {processor.py:161} INFO - Started process (PID=416) to work on /home/airflow/.local/lib/python3.10/site-packages/airflow/example_dags/example_params_ui_tutorial.py
[2026-07-21T18:37:16.048+0000] {processor.py:830} INFO - Processing file /home/airflow/.local/lib/python3.10/site-packages/airflow/example_dags/example_params_ui_tutorial.py for tasks to queue
[2026-07-21T18:37:16.050+0000] {logging_mixin.py:188} INFO - [2026-07-21T18:37:16.050+0000] {dagbag.py:538} INFO - Filling up the DagBag from /home/airflow/.local/lib/python3.10/site-packages/airflow/example_dags/example_params_ui_tutorial.py
[2026-07-21T18:37:16.063+0000] {processor.py:840} INFO - DAG(s) 'example_params_ui_tutorial' retrieved from /home/airflow/.local/lib/python3.10/site-packages/airflow/example_dags/example_params_ui_tutorial.py
[2026-07-21T18:37:16.115+0000] {logging_mixin.py:188} INFO - [2026-07-21T18:37:16.115+0000] {dag.py:3036} INFO - Sync 1 DAGs
[2026-07-21T18:37:16.129+0000] {logging_mixin.py:188} INFO - [2026-07-21T18:37:16.129+0000] {dag.py:3823} INFO - Setting next_dagrun for example_params_ui_tutorial to None, run_after=None
[2026-07-21T18:37:16.150+0000] {processor.py:183} INFO - Processing /home/airflow/.local/lib/python3.10/site-packages/airflow/example_dags/example_params_ui_tutorial.py took 0.107 seconds
[2026-07-21T18:37:46.273+0000] {processor.py:161} INFO - Started process (PID=472) to work on /home/airflow/.local/lib/python3.10/site-packages/airflow/example_dags/example_params_ui_tutorial.py
[2026-07-21T18:37:46.274+0000] {processor.py:830} INFO - Processing file /home/airflow/.local/lib/python3.10/site-packages/airflow/example_dags/example_params_ui_tutorial.py for tasks to queue
[2026-07-21T18:37:46.276+0000] {logging_mixin.py:188} INFO - [2026-07-21T18:37:46.276+0000] {dagbag.py:538} INFO - Filling up the DagBag from /home/airflow/.local/lib/python3.10/site-packages/airflow/example_dags/example_params_ui_tutorial.py
[2026-07-21T18:37:46.288+0000] {processor.py:840} INFO - DAG(s) 'example_params_ui_tutorial' retrieved from /home/airflow/.local/lib/python3.10/site-packages/airflow/example_dags/example_params_ui_tutorial.py
[2026-07-21T18:37:46.334+0000] {logging_mixin.py:188} INFO - [2026-07-21T18:37:46.334+0000] {dag.py:3036} INFO - Sync 1 DAGs
[2026-07-21T18:37:46.344+0000] {logging_mixin.py:188} INFO - [2026-07-21T18:37:46.344+0000] {dag.py:3823} INFO - Setting next_dagrun for example_params_ui_tutorial to None, run_after=None
[2026-07-21T18:37:46.361+0000] {processor.py:183} INFO - Processing /home/airflow/.local/lib/python3.10/site-packages/airflow/example_dags/example_params_ui_tutorial.py took 0.092 seconds
[2026-07-21T18:38:17.031+0000] {processor.py:161} INFO - Started process (PID=528) to work on /home/airflow/.local/lib/python3.10/site-packages/airflow/example_dags/example_params_ui_tutorial.py
[2026-07-21T18:38:17.033+0000] {processor.py:830} INFO - Processing file /home/airflow/.local/lib/python3.10/site-packages/airflow/example_dags/example_params_ui_tutorial.py for tasks to queue
[2026-07-21T18:38:17.035+0000] {logging_mixin.py:188} INFO - [2026-07-21T18:38:17.034+0000] {dagbag.py:538} INFO - Filling up the DagBag from /home/airflow/.local/lib/python3.10/site-packages/airflow/example_dags/example_params_ui_tutorial.py
[2026-07-21T18:38:17.046+0000] {processor.py:840} INFO - DAG(s) 'example_params_ui_tutorial' retrieved from /home/airflow/.local/lib/python3.10/site-packages/airflow/example_dags/example_params_ui_tutorial.py
[2026-07-21T18:38:17.092+0000] {logging_mixin.py:188} INFO - [2026-07-21T18:38:17.092+0000] {dag.py:3036} INFO - Sync 1 DAGs
[2026-07-21T18:38:17.104+0000] {logging_mixin.py:188} INFO - [2026-07-21T18:38:17.104+0000] {dag.py:3823} INFO - Setting next_dagrun for example_params_ui_tutorial to None, run_after=None
[2026-07-21T18:38:17.124+0000] {processor.py:183} INFO - Processing /home/airflow/.local/lib/python3.10/site-packages/airflow/example_dags/example_params_ui_tutorial.py took 0.096 seconds
[2026-07-21T18:38:47.329+0000] {processor.py:161} INFO - Started process (PID=584) to work on /home/airflow/.local/lib/python3.10/site-packages/airflow/example_dags/example_params_ui_tutorial.py
[2026-07-21T18:38:47.330+0000] {processor.py:830} INFO - Processing file /home/airflow/.local/lib/python3.10/site-packages/airflow/example_dags/example_params_ui_tutorial.py for tasks to queue
[2026-07-21T18:38:47.332+0000] {logging_mixin.py:188} INFO - [2026-07-21T18:38:47.331+0000] {dagbag.py:538} INFO - Filling up the DagBag from /home/airflow/.local/lib/python3.10/site-packages/airflow/example_dags/example_params_ui_tutorial.py
[2026-07-21T18:38:47.343+0000] {processor.py:840} INFO - DAG(s) 'example_params_ui_tutorial' retrieved from /home/airflow/.local/lib/python3.10/site-packages/airflow/example_dags/example_params_ui_tutorial.py
[2026-07-21T18:38:47.389+0000] {logging_mixin.py:188} INFO - [2026-07-21T18:38:47.389+0000] {dag.py:3036} INFO - Sync 1 DAGs
[2026-07-21T18:38:47.400+0000] {logging_mixin.py:188} INFO - [2026-07-21T18:38:47.400+0000] {dag.py:3823} INFO - Setting next_dagrun for example_params_ui_tutorial to None, run_after=None
[2026-07-21T18:38:47.418+0000] {processor.py:183} INFO - Processing /home/airflow/.local/lib/python3.10/site-packages/airflow/example_dags/example_params_ui_tutorial.py took 0.093 seconds
[2026-07-21T18:39:17.596+0000] {processor.py:161} INFO - Started process (PID=640) to work on /home/airflow/.local/lib/python3.10/site-packages/airflow/example_dags/example_params_ui_tutorial.py
[2026-07-21T18:39:17.597+0000] {processor.py:830} INFO - Processing file /home/airflow/.local/lib/python3.10/site-packages/airflow/example_dags/example_params_ui_tutorial.py for tasks to queue
[2026-07-21T18:39:17.599+0000] {logging_mixin.py:188} INFO - [2026-07-21T18:39:17.598+0000] {dagbag.py:538} INFO - Filling up the DagBag from /home/airflow/.local/lib/python3.10/site-packages/airflow/example_dags/example_params_ui_tutorial.py
[2026-07-21T18:39:17.611+0000] {processor.py:840} INFO - DAG(s) 'example_params_ui_tutorial' retrieved from /home/airflow/.local/lib/python3.10/site-packages/airflow/example_dags/example_params_ui_tutorial.py
[2026-07-21T18:39:17.658+0000] {logging_mixin.py:188} INFO - [2026-07-21T18:39:17.658+0000] {dag.py:3036} INFO - Sync 1 DAGs
[2026-07-21T18:39:17.669+0000] {logging_mixin.py:188} INFO - [2026-07-21T18:39:17.669+0000] {dag.py:3823} INFO - Setting next_dagrun for example_params_ui_tutorial to None, run_after=None
[2026-07-21T18:39:17.691+0000] {processor.py:183} INFO - Processing /home/airflow/.local/lib/python3.10/site-packages/airflow/example_dags/example_params_ui_tutorial.py took 0.099 seconds
[2026-07-21T18:39:47.749+0000] {processor.py:161} INFO - Started process (PID=696) to work on /home/airflow/.local/lib/python3.10/site-packages/airflow/example_dags/example_params_ui_tutorial.py
[2026-07-21T18:39:47.750+0000] {processor.py:830} INFO - Processing file /home/airflow/.local/lib/python3.10/site-packages/airflow/example_dags/example_params_ui_tutorial.py for tasks to queue
[2026-07-21T18:39:47.752+0000] {logging_mixin.py:188} INFO - [2026-07-21T18:39:47.752+0000] {dagbag.py:538} INFO - Filling up the DagBag from /home/airflow/.local/lib/python3.10/site-packages/airflow/example_dags/example_params_ui_tutorial.py
[2026-07-21T18:39:47.764+0000] {processor.py:840} INFO - DAG(s) 'example_params_ui_tutorial' retrieved from /home/airflow/.local/lib/python3.10/site-packages/airflow/example_dags/example_params_ui_tutorial.py
[2026-07-21T18:39:47.810+0000] {logging_mixin.py:188} INFO - [2026-07-21T18:39:47.810+0000] {dag.py:3036} INFO - Sync 1 DAGs
[2026-07-21T18:39:47.821+0000] {logging_mixin.py:188} INFO - [2026-07-21T18:39:47.821+0000] {dag.py:3823} INFO - Setting next_dagrun for example_params_ui_tutorial to None, run_after=None
[2026-07-21T18:39:47.838+0000] {processor.py:183} INFO - Processing /home/airflow/.local/lib/python3.10/site-packages/airflow/example_dags/example_params_ui_tutorial.py took 0.094 seconds
[2026-07-21T18:40:18.329+0000] {processor.py:161} INFO - Started process (PID=752) to work on /home/airflow/.local/lib/python3.10/site-packages/airflow/example_dags/example_params_ui_tutorial.py
[2026-07-21T18:40:18.330+0000] {processor.py:830} INFO - Processing file /home/airflow/.local/lib/python3.10/site-packages/airflow/example_dags/example_params_ui_tutorial.py for tasks to queue
[2026-07-21T18:40:18.332+0000] {logging_mixin.py:188} INFO - [2026-07-21T18:40:18.332+0000] {dagbag.py:538} INFO - Filling up the DagBag from /home/airflow/.local/lib/python3.10/site-packages/airflow/example_dags/example_params_ui_tutorial.py
[2026-07-21T18:40:18.345+0000] {processor.py:840} INFO - DAG(s) 'example_params_ui_tutorial' retrieved from /home/airflow/.local/lib/python3.10/site-packages/airflow/example_dags/example_params_ui_tutorial.py
[2026-07-21T18:40:18.392+0000] {logging_mixin.py:188} INFO - [2026-07-21T18:40:18.392+0000] {dag.py:3036} INFO - Sync 1 DAGs
[2026-07-21T18:40:18.404+0000] {logging_mixin.py:188} INFO - [2026-07-21T18:40:18.404+0000] {dag.py:3823} INFO - Setting next_dagrun for example_params_ui_tutorial to None, run_after=None
[2026-07-21T18:40:18.422+0000] {processor.py:183} INFO - Processing /home/airflow/.local/lib/python3.10/site-packages/airflow/example_dags/example_params_ui_tutorial.py took 0.097 seconds
[2026-07-21T18:40:48.708+0000] {processor.py:161} INFO - Started process (PID=808) to work on /home/airflow/.local/lib/python3.10/site-packages/airflow/example_dags/example_params_ui_tutorial.py
[2026-07-21T18:40:48.709+0000] {processor.py:830} INFO - Processing file /home/airflow/.local/lib/python3.10/site-packages/airflow/example_dags/example_params_ui_tutorial.py for tasks to queue
[2026-07-21T18:40:48.711+0000] {logging_mixin.py:188} INFO - [2026-07-21T18:40:48.711+0000] {dagbag.py:538} INFO - Filling up the DagBag from /home/airflow/.local/lib/python3.10/site-packages/airflow/example_dags/example_params_ui_tutorial.py
[2026-07-21T18:40:48.723+0000] {processor.py:840} INFO - DAG(s) 'example_params_ui_tutorial' retrieved from /home/airflow/.local/lib/python3.10/site-packages/airflow/example_dags/example_params_ui_tutorial.py
[2026-07-21T18:40:48.768+0000] {logging_mixin.py:188} INFO - [2026-07-21T18:40:48.768+0000] {dag.py:3036} INFO - Sync 1 DAGs
[2026-07-21T18:40:48.779+0000] {logging_mixin.py:188} INFO - [2026-07-21T18:40:48.779+0000] {dag.py:3823} INFO - Setting next_dagrun for example_params_ui_tutorial to None, run_after=None
[2026-07-21T18:40:48.797+0000] {processor.py:183} INFO - Processing /home/airflow/.local/lib/python3.10/site-packages/airflow/example_dags/example_params_ui_tutorial.py took 0.093 seconds
[2026-07-21T18:41:18.931+0000] {processor.py:161} INFO - Started process (PID=864) to work on /home/airflow/.local/lib/python3.10/site-packages/airflow/example_dags/example_params_ui_tutorial.py
[2026-07-21T18:41:18.932+0000] {processor.py:830} INFO - Processing file /home/airflow/.local/lib/python3.10/site-packages/airflow/example_dags/example_params_ui_tutorial.py for tasks to queue
[2026-07-21T18:41:18.934+0000] {logging_mixin.py:188} INFO - [2026-07-21T18:41:18.934+0000] {dagbag.py:538} INFO - Filling up the DagBag from /home/airflow/.local/lib/python3.10/site-packages/airflow/example_dags/example_params_ui_tutorial.py
[2026-07-21T18:41:18.946+0000] {processor.py:840} INFO - DAG(s) 'example_params_ui_tutorial' retrieved from /home/airflow/.local/lib/python3.10/site-packages/airflow/example_dags/example_params_ui_tutorial.py
[2026-07-21T18:41:18.995+0000] {logging_mixin.py:188} INFO - [2026-07-21T18:41:18.995+0000] {dag.py:3036} INFO - Sync 1 DAGs
[2026-07-21T18:41:19.006+0000] {logging_mixin.py:188} INFO - [2026-07-21T18:41:19.005+0000] {dag.py:3823} INFO - Setting next_dagrun for example_params_ui_tutorial to None, run_after=None
[2026-07-21T18:41:19.024+0000] {processor.py:183} INFO - Processing /home/airflow/.local/lib/python3.10/site-packages/airflow/example_dags/example_params_ui_tutorial.py took 0.097 seconds
[2026-07-21T18:41:49.317+0000] {processor.py:161} INFO - Started process (PID=920) to work on /home/airflow/.local/lib/python3.10/site-packages/airflow/example_dags/example_params_ui_tutorial.py
[2026-07-21T18:41:49.318+0000] {processor.py:830} INFO - Processing file /home/airflow/.local/lib/python3.10/site-packages/airflow/example_dags/example_params_ui_tutorial.py for tasks to queue
[2026-07-21T18:41:49.320+0000] {logging_mixin.py:188} INFO - [2026-07-21T18:41:49.320+0000] {dagbag.py:538} INFO - Filling up the DagBag from /home/airflow/.local/lib/python3.10/site-packages/airflow/example_dags/example_params_ui_tutorial.py
[2026-07-21T18:41:49.332+0000] {processor.py:840} INFO - DAG(s) 'example_params_ui_tutorial' retrieved from /home/airflow/.local/lib/python3.10/site-packages/airflow/example_dags/example_params_ui_tutorial.py
[2026-07-21T18:41:49.378+0000] {logging_mixin.py:188} INFO - [2026-07-21T18:41:49.377+0000] {dag.py:3036} INFO - Sync 1 DAGs
[2026-07-21T18:41:49.388+0000] {logging_mixin.py:188} INFO - [2026-07-21T18:41:49.388+0000] {dag.py:3823} INFO - Setting next_dagrun for example_params_ui_tutorial to None, run_after=None
[2026-07-21T18:41:49.406+0000] {processor.py:183} INFO - Processing /home/airflow/.local/lib/python3.10/site-packages/airflow/example_dags/example_params_ui_tutorial.py took 0.093 seconds
[2026-07-21T18:42:19.577+0000] {processor.py:161} INFO - Started process (PID=976) to work on /home/airflow/.local/lib/python3.10/site-packages/airflow/example_dags/example_params_ui_tutorial.py
[2026-07-21T18:42:19.578+0000] {processor.py:830} INFO - Processing file /home/airflow/.local/lib/python3.10/site-packages/airflow/example_dags/example_params_ui_tutorial.py for tasks to queue
[2026-07-21T18:42:19.581+0000] {logging_mixin.py:188} INFO - [2026-07-21T18:42:19.580+0000] {dagbag.py:538} INFO - Filling up the DagBag from /home/airflow/.local/lib/python3.10/site-packages/airflow/example_dags/example_params_ui_tutorial.py
[2026-07-21T18:42:19.593+0000] {processor.py:840} INFO - DAG(s) 'example_params_ui_tutorial' retrieved from /home/airflow/.local/lib/python3.10/site-packages/airflow/example_dags/example_params_ui_tutorial.py
[2026-07-21T18:42:19.651+0000] {logging_mixin.py:188} INFO - [2026-07-21T18:42:19.650+0000] {dag.py:3036} INFO - Sync 1 DAGs
[2026-07-21T18:42:19.668+0000] {logging_mixin.py:188} INFO - [2026-07-21T18:42:19.668+0000] {dag.py:3823} INFO - Setting next_dagrun for example_params_ui_tutorial to None, run_after=None
[2026-07-21T18:42:19.691+0000] {processor.py:183} INFO - Processing /home/airflow/.local/lib/python3.10/site-packages/airflow/example_dags/example_params_ui_tutorial.py took 0.119 seconds
[2026-07-21T18:42:49.918+0000] {processor.py:161} INFO - Started process (PID=1033) to work on /home/airflow/.local/lib/python3.10/site-packages/airflow/example_dags/example_params_ui_tutorial.py
[2026-07-21T18:42:49.919+0000] {processor.py:830} INFO - Processing file /home/airflow/.local/lib/python3.10/site-packages/airflow/example_dags/example_params_ui_tutorial.py for tasks to queue
[2026-07-21T18:42:49.921+0000] {logging_mixin.py:188} INFO - [2026-07-21T18:42:49.921+0000] {dagbag.py:538} INFO - Filling up the DagBag from /home/airflow/.local/lib/python3.10/site-packages/airflow/example_dags/example_params_ui_tutorial.py
[2026-07-21T18:42:49.934+0000] {processor.py:840} INFO - DAG(s) 'example_params_ui_tutorial' retrieved from /home/airflow/.local/lib/python3.10/site-packages/airflow/example_dags/example_params_ui_tutorial.py
[2026-07-21T18:42:49.980+0000] {logging_mixin.py:188} INFO - [2026-07-21T18:42:49.980+0000] {dag.py:3036} INFO - Sync 1 DAGs
[2026-07-21T18:42:49.991+0000] {logging_mixin.py:188} INFO - [2026-07-21T18:42:49.991+0000] {dag.py:3823} INFO - Setting next_dagrun for example_params_ui_tutorial to None, run_after=None
[2026-07-21T18:42:50.009+0000] {processor.py:183} INFO - Processing /home/airflow/.local/lib/python3.10/site-packages/airflow/example_dags/example_params_ui_tutorial.py took 0.095 seconds
[2026-07-21T18:43:20.275+0000] {processor.py:161} INFO - Started process (PID=1089) to work on /home/airflow/.local/lib/python3.10/site-packages/airflow/example_dags/example_params_ui_tutorial.py
[2026-07-21T18:43:20.276+0000] {processor.py:830} INFO - Processing file /home/airflow/.local/lib/python3.10/site-packages/airflow/example_dags/example_params_ui_tutorial.py for tasks to queue
[2026-07-21T18:43:20.278+0000] {logging_mixin.py:188} INFO - [2026-07-21T18:43:20.278+0000] {dagbag.py:538} INFO - Filling up the DagBag from /home/airflow/.local/lib/python3.10/site-packages/airflow/example_dags/example_params_ui_tutorial.py
[2026-07-21T18:43:20.290+0000] {processor.py:840} INFO - DAG(s) 'example_params_ui_tutorial' retrieved from /home/airflow/.local/lib/python3.10/site-packages/airflow/example_dags/example_params_ui_tutorial.py
[2026-07-21T18:43:20.341+0000] {logging_mixin.py:188} INFO - [2026-07-21T18:43:20.340+0000] {dag.py:3036} INFO - Sync 1 DAGs
[2026-07-21T18:43:20.354+0000] {logging_mixin.py:188} INFO - [2026-07-21T18:43:20.354+0000] {dag.py:3823} INFO - Setting next_dagrun for example_params_ui_tutorial to None, run_after=None
[2026-07-21T18:43:20.379+0000] {processor.py:183} INFO - Processing /home/airflow/.local/lib/python3.10/site-packages/airflow/example_dags/example_params_ui_tutorial.py took 0.107 seconds
[2026-07-21T18:43:50.854+0000] {processor.py:161} INFO - Started process (PID=1145) to work on /home/airflow/.local/lib/python3.10/site-packages/airflow/example_dags/example_params_ui_tutorial.py
[2026-07-21T18:43:50.855+0000] {processor.py:830} INFO - Processing file /home/airflow/.local/lib/python3.10/site-packages/airflow/example_dags/example_params_ui_tutorial.py for tasks to queue
[2026-07-21T18:43:50.857+0000] {logging_mixin.py:188} INFO - [2026-07-21T18:43:50.857+0000] {dagbag.py:538} INFO - Filling up the DagBag from /home/airflow/.local/lib/python3.10/site-packages/airflow/example_dags/example_params_ui_tutorial.py
[2026-07-21T18:43:50.869+0000] {processor.py:840} INFO - DAG(s) 'example_params_ui_tutorial' retrieved from /home/airflow/.local/lib/python3.10/site-packages/airflow/example_dags/example_params_ui_tutorial.py
[2026-07-21T18:43:50.916+0000] {logging_mixin.py:188} INFO - [2026-07-21T18:43:50.916+0000] {dag.py:3036} INFO - Sync 1 DAGs
[2026-07-21T18:43:50.929+0000] {logging_mixin.py:188} INFO - [2026-07-21T18:43:50.929+0000] {dag.py:3823} INFO - Setting next_dagrun for example_params_ui_tutorial to None, run_after=None
[2026-07-21T18:43:50.948+0000] {processor.py:183} INFO - Processing /home/airflow/.local/lib/python3.10/site-packages/airflow/example_dags/example_params_ui_tutorial.py took 0.099 seconds
[2026-07-21T18:44:21.113+0000] {processor.py:161} INFO - Started process (PID=1201) to work on /home/airflow/.local/lib/python3.10/site-packages/airflow/example_dags/example_params_ui_tutorial.py
[2026-07-21T18:44:21.114+0000] {processor.py:830} INFO - Processing file /home/airflow/.local/lib/python3.10/site-packages/airflow/example_dags/example_params_ui_tutorial.py for tasks to queue
[2026-07-21T18:44:21.116+0000] {logging_mixin.py:188} INFO - [2026-07-21T18:44:21.116+0000] {dagbag.py:538} INFO - Filling up the DagBag from /home/airflow/.local/lib/python3.10/site-packages/airflow/example_dags/example_params_ui_tutorial.py
[2026-07-21T18:44:21.128+0000] {processor.py:840} INFO - DAG(s) 'example_params_ui_tutorial' retrieved from /home/airflow/.local/lib/python3.10/site-packages/airflow/example_dags/example_params_ui_tutorial.py
[2026-07-21T18:44:21.191+0000] {logging_mixin.py:188} INFO - [2026-07-21T18:44:21.190+0000] {dag.py:3036} INFO - Sync 1 DAGs
[2026-07-21T18:44:21.206+0000] {logging_mixin.py:188} INFO - [2026-07-21T18:44:21.206+0000] {dag.py:3823} INFO - Setting next_dagrun for example_params_ui_tutorial to None, run_after=None
[2026-07-21T18:44:21.232+0000] {processor.py:183} INFO - Processing /home/airflow/.local/lib/python3.10/site-packages/airflow/example_dags/example_params_ui_tutorial.py took 0.123 seconds
[2026-07-21T18:44:51.381+0000] {processor.py:161} INFO - Started process (PID=1257) to work on /home/airflow/.local/lib/python3.10/site-packages/airflow/example_dags/example_params_ui_tutorial.py
[2026-07-21T18:44:51.382+0000] {processor.py:830} INFO - Processing file /home/airflow/.local/lib/python3.10/site-packages/airflow/example_dags/example_params_ui_tutorial.py for tasks to queue
[2026-07-21T18:44:51.384+0000] {logging_mixin.py:188} INFO - [2026-07-21T18:44:51.384+0000] {dagbag.py:538} INFO - Filling up the DagBag from /home/airflow/.local/lib/python3.10/site-packages/airflow/example_dags/example_params_ui_tutorial.py
[2026-07-21T18:44:51.396+0000] {processor.py:840} INFO - DAG(s) 'example_params_ui_tutorial' retrieved from /home/airflow/.local/lib/python3.10/site-packages/airflow/example_dags/example_params_ui_tutorial.py
[2026-07-21T18:44:51.442+0000] {logging_mixin.py:188} INFO - [2026-07-21T18:44:51.442+0000] {dag.py:3036} INFO - Sync 1 DAGs
[2026-07-21T18:44:51.453+0000] {logging_mixin.py:188} INFO - [2026-07-21T18:44:51.453+0000] {dag.py:3823} INFO - Setting next_dagrun for example_params_ui_tutorial to None, run_after=None
[2026-07-21T18:44:51.470+0000] {processor.py:183} INFO - Processing /home/airflow/.local/lib/python3.10/site-packages/airflow/example_dags/example_params_ui_tutorial.py took 0.093 seconds
[2026-07-21T18:45:21.628+0000] {processor.py:161} INFO - Started process (PID=1313) to work on /home/airflow/.local/lib/python3.10/site-packages/airflow/example_dags/example_params_ui_tutorial.py
[2026-07-21T18:45:21.629+0000] {processor.py:830} INFO - Processing file /home/airflow/.local/lib/python3.10/site-packages/airflow/example_dags/example_params_ui_tutorial.py for tasks to queue
[2026-07-21T18:45:21.632+0000] {logging_mixin.py:188} INFO - [2026-07-21T18:45:21.631+0000] {dagbag.py:538} INFO - Filling up the DagBag from /home/airflow/.local/lib/python3.10/site-packages/airflow/example_dags/example_params_ui_tutorial.py
[2026-07-21T18:45:21.643+0000] {processor.py:840} INFO - DAG(s) 'example_params_ui_tutorial' retrieved from /home/airflow/.local/lib/python3.10/site-packages/airflow/example_dags/example_params_ui_tutorial.py
[2026-07-21T18:45:21.690+0000] {logging_mixin.py:188} INFO - [2026-07-21T18:45:21.690+0000] {dag.py:3036} INFO - Sync 1 DAGs
[2026-07-21T18:45:21.700+0000] {logging_mixin.py:188} INFO - [2026-07-21T18:45:21.700+0000] {dag.py:3823} INFO - Setting next_dagrun for example_params_ui_tutorial to None, run_after=None
[2026-07-21T18:45:21.717+0000] {processor.py:183} INFO - Processing /home/airflow/.local/lib/python3.10/site-packages/airflow/example_dags/example_params_ui_tutorial.py took 0.093 seconds
[2026-07-21T18:45:52.271+0000] {processor.py:161} INFO - Started process (PID=1369) to work on /home/airflow/.local/lib/python3.10/site-packages/airflow/example_dags/example_params_ui_tutorial.py
[2026-07-21T18:45:52.272+0000] {processor.py:830} INFO - Processing file /home/airflow/.local/lib/python3.10/site-packages/airflow/example_dags/example_params_ui_tutorial.py for tasks to queue
[2026-07-21T18:45:52.275+0000] {logging_mixin.py:188} INFO - [2026-07-21T18:45:52.275+0000] {dagbag.py:538} INFO - Filling up the DagBag from /home/airflow/.local/lib/python3.10/site-packages/airflow/example_dags/example_params_ui_tutorial.py
[2026-07-21T18:45:52.290+0000] {processor.py:840} INFO - DAG(s) 'example_params_ui_tutorial' retrieved from /home/airflow/.local/lib/python3.10/site-packages/airflow/example_dags/example_params_ui_tutorial.py
[2026-07-21T18:45:52.337+0000] {logging_mixin.py:188} INFO - [2026-07-21T18:45:52.337+0000] {dag.py:3036} INFO - Sync 1 DAGs
[2026-07-21T18:45:52.348+0000] {logging_mixin.py:188} INFO - [2026-07-21T18:45:52.348+0000] {dag.py:3823} INFO - Setting next_dagrun for example_params_ui_tutorial to None, run_after=None
[2026-07-21T18:45:52.366+0000] {processor.py:183} INFO - Processing /home/airflow/.local/lib/python3.10/site-packages/airflow/example_dags/example_params_ui_tutorial.py took 0.099 seconds
[2026-07-21T18:46:22.570+0000] {processor.py:161} INFO - Started process (PID=1425) to work on /home/airflow/.local/lib/python3.10/site-packages/airflow/example_dags/example_params_ui_tutorial.py
[2026-07-21T18:46:22.571+0000] {processor.py:830} INFO - Processing file /home/airflow/.local/lib/python3.10/site-packages/airflow/example_dags/example_params_ui_tutorial.py for tasks to queue
[2026-07-21T18:46:22.574+0000] {logging_mixin.py:188} INFO - [2026-07-21T18:46:22.573+0000] {dagbag.py:538} INFO - Filling up the DagBag from /home/airflow/.local/lib/python3.10/site-packages/airflow/example_dags/example_params_ui_tutorial.py
[2026-07-21T18:46:22.585+0000] {processor.py:840} INFO - DAG(s) 'example_params_ui_tutorial' retrieved from /home/airflow/.local/lib/python3.10/site-packages/airflow/example_dags/example_params_ui_tutorial.py
[2026-07-21T18:46:22.630+0000] {logging_mixin.py:188} INFO - [2026-07-21T18:46:22.630+0000] {dag.py:3036} INFO - Sync 1 DAGs
[2026-07-21T18:46:22.645+0000] {logging_mixin.py:188} INFO - [2026-07-21T18:46:22.645+0000] {dag.py:3823} INFO - Setting next_dagrun for example_params_ui_tutorial to None, run_after=None
[2026-07-21T18:46:22.672+0000] {processor.py:183} INFO - Processing /home/airflow/.local/lib/python3.10/site-packages/airflow/example_dags/example_params_ui_tutorial.py took 0.105 seconds
[2026-07-21T18:46:52.769+0000] {processor.py:161} INFO - Started process (PID=1481) to work on /home/airflow/.local/lib/python3.10/site-packages/airflow/example_dags/example_params_ui_tutorial.py
[2026-07-21T18:46:52.770+0000] {processor.py:830} INFO - Processing file /home/airflow/.local/lib/python3.10/site-packages/airflow/example_dags/example_params_ui_tutorial.py for tasks to queue
[2026-07-21T18:46:52.773+0000] {logging_mixin.py:188} INFO - [2026-07-21T18:46:52.772+0000] {dagbag.py:538} INFO - Filling up the DagBag from /home/airflow/.local/lib/python3.10/site-packages/airflow/example_dags/example_params_ui_tutorial.py
[2026-07-21T18:46:52.788+0000] {processor.py:840} INFO - DAG(s) 'example_params_ui_tutorial' retrieved from /home/airflow/.local/lib/python3.10/site-packages/airflow/example_dags/example_params_ui_tutorial.py
[2026-07-21T18:46:52.835+0000] {logging_mixin.py:188} INFO - [2026-07-21T18:46:52.835+0000] {dag.py:3036} INFO - Sync 1 DAGs
[2026-07-21T18:46:52.848+0000] {logging_mixin.py:188} INFO - [2026-07-21T18:46:52.848+0000] {dag.py:3823} INFO - Setting next_dagrun for example_params_ui_tutorial to None, run_after=None
[2026-07-21T18:46:52.868+0000] {processor.py:183} INFO - Processing /home/airflow/.local/lib/python3.10/site-packages/airflow/example_dags/example_params_ui_tutorial.py took 0.103 seconds
[2026-07-21T18:47:23.101+0000] {processor.py:161} INFO - Started process (PID=1537) to work on /home/airflow/.local/lib/python3.10/site-packages/airflow/example_dags/example_params_ui_tutorial.py
[2026-07-21T18:47:23.102+0000] {processor.py:830} INFO - Processing file /home/airflow/.local/lib/python3.10/site-packages/airflow/example_dags/example_params_ui_tutorial.py for tasks to queue
[2026-07-21T18:47:23.104+0000] {logging_mixin.py:188} INFO - [2026-07-21T18:47:23.103+0000] {dagbag.py:538} INFO - Filling up the DagBag from /home/airflow/.local/lib/python3.10/site-packages/airflow/example_dags/example_params_ui_tutorial.py
[2026-07-21T18:47:23.115+0000] {processor.py:840} INFO - DAG(s) 'example_params_ui_tutorial' retrieved from /home/airflow/.local/lib/python3.10/site-packages/airflow/example_dags/example_params_ui_tutorial.py
[2026-07-21T18:47:23.169+0000] {logging_mixin.py:188} INFO - [2026-07-21T18:47:23.169+0000] {dag.py:3036} INFO - Sync 1 DAGs
[2026-07-21T18:47:23.182+0000] {logging_mixin.py:188} INFO - [2026-07-21T18:47:23.182+0000] {dag.py:3823} INFO - Setting next_dagrun for example_params_ui_tutorial to None, run_after=None
[2026-07-21T18:47:23.204+0000] {processor.py:183} INFO - Processing /home/airflow/.local/lib/python3.10/site-packages/airflow/example_dags/example_params_ui_tutorial.py took 0.107 seconds
[2026-07-21T18:47:53.780+0000] {processor.py:161} INFO - Started process (PID=1593) to work on /home/airflow/.local/lib/python3.10/site-packages/airflow/example_dags/example_params_ui_tutorial.py
[2026-07-21T18:47:53.781+0000] {processor.py:830} INFO - Processing file /home/airflow/.local/lib/python3.10/site-packages/airflow/example_dags/example_params_ui_tutorial.py for tasks to queue
[2026-07-21T18:47:53.783+0000] {logging_mixin.py:188} INFO - [2026-07-21T18:47:53.783+0000] {dagbag.py:538} INFO - Filling up the DagBag from /home/airflow/.local/lib/python3.10/site-packages/airflow/example_dags/example_params_ui_tutorial.py
[2026-07-21T18:47:53.795+0000] {processor.py:840} INFO - DAG(s) 'example_params_ui_tutorial' retrieved from /home/airflow/.local/lib/python3.10/site-packages/airflow/example_dags/example_params_ui_tutorial.py
[2026-07-21T18:47:53.840+0000] {logging_mixin.py:188} INFO - [2026-07-21T18:47:53.840+0000] {dag.py:3036} INFO - Sync 1 DAGs
[2026-07-21T18:47:53.851+0000] {logging_mixin.py:188} INFO - [2026-07-21T18:47:53.850+0000] {dag.py:3823} INFO - Setting next_dagrun for example_params_ui_tutorial to None, run_after=None
[2026-07-21T18:47:53.869+0000] {processor.py:183} INFO - Processing /home/airflow/.local/lib/python3.10/site-packages/airflow/example_dags/example_params_ui_tutorial.py took 0.093 seconds
