[2026-07-21T17:56:24.916+0000] {processor.py:161} INFO - Started process (PID=75) to work on /home/airflow/.local/lib/python3.8/site-packages/airflow/example_dags/example_datasets.py
[2026-07-21T17:56:24.920+0000] {processor.py:830} INFO - Processing file /home/airflow/.local/lib/python3.8/site-packages/airflow/example_dags/example_datasets.py for tasks to queue
[2026-07-21T17:56:24.927+0000] {logging_mixin.py:188} INFO - [2026-07-21T17:56:24.926+0000] {dagbag.py:538} INFO - Filling up the DagBag from /home/airflow/.local/lib/python3.8/site-packages/airflow/example_dags/example_datasets.py
[2026-07-21T17:56:24.981+0000] {processor.py:840} INFO - DAG(s) 'dataset_produces_2', 'dataset_consumes_1_never_scheduled', 'dataset_consumes_1_and_2', 'dataset_consumes_unknown_never_scheduled', 'dataset_consumes_1', 'dataset_produces_1' retrieved from /home/airflow/.local/lib/python3.8/site-packages/airflow/example_dags/example_datasets.py
[2026-07-21T17:56:25.018+0000] {logging_mixin.py:188} INFO - [2026-07-21T17:56:25.017+0000] {dag.py:3036} INFO - Sync 6 DAGs
[2026-07-21T17:56:25.055+0000] {logging_mixin.py:188} INFO - [2026-07-21T17:56:25.054+0000] {dag.py:3823} INFO - Setting next_dagrun for dataset_consumes_1 to None, run_after=None
[2026-07-21T17:56:25.061+0000] {logging_mixin.py:188} INFO - [2026-07-21T17:56:25.061+0000] {dag.py:3823} INFO - Setting next_dagrun for dataset_consumes_1_and_2 to None, run_after=None
[2026-07-21T17:56:25.063+0000] {logging_mixin.py:188} INFO - [2026-07-21T17:56:25.063+0000] {dag.py:3823} INFO - Setting next_dagrun for dataset_consumes_1_never_scheduled to None, run_after=None
[2026-07-21T17:56:25.068+0000] {logging_mixin.py:188} INFO - [2026-07-21T17:56:25.067+0000] {dag.py:3823} INFO - Setting next_dagrun for dataset_consumes_unknown_never_scheduled to None, run_after=None
[2026-07-21T17:56:25.077+0000] {logging_mixin.py:188} INFO - [2026-07-21T17:56:25.077+0000] {dag.py:3823} INFO - Setting next_dagrun for dataset_produces_1 to 2026-07-20 00:00:00+00:00, run_after=2026-07-21 00:00:00+00:00
[2026-07-21T17:56:25.082+0000] {logging_mixin.py:188} INFO - [2026-07-21T17:56:25.081+0000] {dag.py:3823} INFO - Setting next_dagrun for dataset_produces_2 to None, run_after=None
[2026-07-21T17:56:25.183+0000] {processor.py:183} INFO - Processing /home/airflow/.local/lib/python3.8/site-packages/airflow/example_dags/example_datasets.py took 0.280 seconds
[2026-07-21T17:56:55.314+0000] {processor.py:161} INFO - Started process (PID=131) to work on /home/airflow/.local/lib/python3.8/site-packages/airflow/example_dags/example_datasets.py
[2026-07-21T17:56:55.315+0000] {processor.py:830} INFO - Processing file /home/airflow/.local/lib/python3.8/site-packages/airflow/example_dags/example_datasets.py for tasks to queue
[2026-07-21T17:56:55.317+0000] {logging_mixin.py:188} INFO - [2026-07-21T17:56:55.317+0000] {dagbag.py:538} INFO - Filling up the DagBag from /home/airflow/.local/lib/python3.8/site-packages/airflow/example_dags/example_datasets.py
[2026-07-21T17:56:55.327+0000] {processor.py:840} INFO - DAG(s) 'dataset_consumes_1_and_2', 'dataset_produces_2', 'dataset_consumes_unknown_never_scheduled', 'dataset_consumes_1', 'dataset_consumes_1_never_scheduled', 'dataset_produces_1' retrieved from /home/airflow/.local/lib/python3.8/site-packages/airflow/example_dags/example_datasets.py
[2026-07-21T17:56:55.476+0000] {logging_mixin.py:188} INFO - [2026-07-21T17:56:55.476+0000] {dag.py:3036} INFO - Sync 6 DAGs
[2026-07-21T17:56:55.503+0000] {logging_mixin.py:188} INFO - [2026-07-21T17:56:55.502+0000] {dag.py:3823} INFO - Setting next_dagrun for dataset_consumes_1 to None, run_after=None
[2026-07-21T17:56:55.507+0000] {logging_mixin.py:188} INFO - [2026-07-21T17:56:55.506+0000] {dag.py:3823} INFO - Setting next_dagrun for dataset_consumes_1_and_2 to None, run_after=None
[2026-07-21T17:56:55.509+0000] {logging_mixin.py:188} INFO - [2026-07-21T17:56:55.508+0000] {dag.py:3823} INFO - Setting next_dagrun for dataset_consumes_1_never_scheduled to None, run_after=None
[2026-07-21T17:56:55.510+0000] {logging_mixin.py:188} INFO - [2026-07-21T17:56:55.510+0000] {dag.py:3823} INFO - Setting next_dagrun for dataset_consumes_unknown_never_scheduled to None, run_after=None
[2026-07-21T17:56:55.514+0000] {logging_mixin.py:188} INFO - [2026-07-21T17:56:55.514+0000] {dag.py:3823} INFO - Setting next_dagrun for dataset_produces_1 to 2026-07-20 00:00:00+00:00, run_after=2026-07-21 00:00:00+00:00
[2026-07-21T17:56:55.516+0000] {logging_mixin.py:188} INFO - [2026-07-21T17:56:55.516+0000] {dag.py:3823} INFO - Setting next_dagrun for dataset_produces_2 to None, run_after=None
[2026-07-21T17:56:55.557+0000] {processor.py:183} INFO - Processing /home/airflow/.local/lib/python3.8/site-packages/airflow/example_dags/example_datasets.py took 0.247 seconds
[2026-07-21T17:57:25.600+0000] {processor.py:161} INFO - Started process (PID=187) to work on /home/airflow/.local/lib/python3.8/site-packages/airflow/example_dags/example_datasets.py
[2026-07-21T17:57:25.601+0000] {processor.py:830} INFO - Processing file /home/airflow/.local/lib/python3.8/site-packages/airflow/example_dags/example_datasets.py for tasks to queue
[2026-07-21T17:57:25.603+0000] {logging_mixin.py:188} INFO - [2026-07-21T17:57:25.603+0000] {dagbag.py:538} INFO - Filling up the DagBag from /home/airflow/.local/lib/python3.8/site-packages/airflow/example_dags/example_datasets.py
[2026-07-21T17:57:25.613+0000] {processor.py:840} INFO - DAG(s) 'dataset_produces_2', 'dataset_consumes_1_never_scheduled', 'dataset_consumes_1', 'dataset_consumes_1_and_2', 'dataset_consumes_unknown_never_scheduled', 'dataset_produces_1' retrieved from /home/airflow/.local/lib/python3.8/site-packages/airflow/example_dags/example_datasets.py
[2026-07-21T17:57:25.648+0000] {logging_mixin.py:188} INFO - [2026-07-21T17:57:25.647+0000] {dag.py:3036} INFO - Sync 6 DAGs
[2026-07-21T17:57:25.669+0000] {logging_mixin.py:188} INFO - [2026-07-21T17:57:25.669+0000] {dag.py:3823} INFO - Setting next_dagrun for dataset_consumes_1 to None, run_after=None
[2026-07-21T17:57:25.673+0000] {logging_mixin.py:188} INFO - [2026-07-21T17:57:25.673+0000] {dag.py:3823} INFO - Setting next_dagrun for dataset_consumes_1_and_2 to None, run_after=None
[2026-07-21T17:57:25.675+0000] {logging_mixin.py:188} INFO - [2026-07-21T17:57:25.675+0000] {dag.py:3823} INFO - Setting next_dagrun for dataset_consumes_1_never_scheduled to None, run_after=None
[2026-07-21T17:57:25.676+0000] {logging_mixin.py:188} INFO - [2026-07-21T17:57:25.676+0000] {dag.py:3823} INFO - Setting next_dagrun for dataset_consumes_unknown_never_scheduled to None, run_after=None
[2026-07-21T17:57:25.679+0000] {logging_mixin.py:188} INFO - [2026-07-21T17:57:25.678+0000] {dag.py:3823} INFO - Setting next_dagrun for dataset_produces_1 to 2026-07-20 00:00:00+00:00, run_after=2026-07-21 00:00:00+00:00
[2026-07-21T17:57:25.680+0000] {logging_mixin.py:188} INFO - [2026-07-21T17:57:25.680+0000] {dag.py:3823} INFO - Setting next_dagrun for dataset_produces_2 to None, run_after=None
[2026-07-21T17:57:25.709+0000] {processor.py:183} INFO - Processing /home/airflow/.local/lib/python3.8/site-packages/airflow/example_dags/example_datasets.py took 0.113 seconds
[2026-07-21T17:57:55.824+0000] {processor.py:161} INFO - Started process (PID=243) to work on /home/airflow/.local/lib/python3.8/site-packages/airflow/example_dags/example_datasets.py
[2026-07-21T17:57:55.826+0000] {processor.py:830} INFO - Processing file /home/airflow/.local/lib/python3.8/site-packages/airflow/example_dags/example_datasets.py for tasks to queue
[2026-07-21T17:57:55.828+0000] {logging_mixin.py:188} INFO - [2026-07-21T17:57:55.827+0000] {dagbag.py:538} INFO - Filling up the DagBag from /home/airflow/.local/lib/python3.8/site-packages/airflow/example_dags/example_datasets.py
[2026-07-21T17:57:55.837+0000] {processor.py:840} INFO - DAG(s) 'dataset_consumes_1_never_scheduled', 'dataset_consumes_unknown_never_scheduled', 'dataset_consumes_1_and_2', 'dataset_consumes_1', 'dataset_produces_1', 'dataset_produces_2' retrieved from /home/airflow/.local/lib/python3.8/site-packages/airflow/example_dags/example_datasets.py
[2026-07-21T17:57:55.868+0000] {logging_mixin.py:188} INFO - [2026-07-21T17:57:55.868+0000] {dag.py:3036} INFO - Sync 6 DAGs
[2026-07-21T17:57:55.889+0000] {logging_mixin.py:188} INFO - [2026-07-21T17:57:55.888+0000] {dag.py:3823} INFO - Setting next_dagrun for dataset_consumes_1 to None, run_after=None
[2026-07-21T17:57:55.892+0000] {logging_mixin.py:188} INFO - [2026-07-21T17:57:55.892+0000] {dag.py:3823} INFO - Setting next_dagrun for dataset_consumes_1_and_2 to None, run_after=None
[2026-07-21T17:57:55.893+0000] {logging_mixin.py:188} INFO - [2026-07-21T17:57:55.893+0000] {dag.py:3823} INFO - Setting next_dagrun for dataset_consumes_1_never_scheduled to None, run_after=None
[2026-07-21T17:57:55.894+0000] {logging_mixin.py:188} INFO - [2026-07-21T17:57:55.894+0000] {dag.py:3823} INFO - Setting next_dagrun for dataset_consumes_unknown_never_scheduled to None, run_after=None
[2026-07-21T17:57:55.897+0000] {logging_mixin.py:188} INFO - [2026-07-21T17:57:55.897+0000] {dag.py:3823} INFO - Setting next_dagrun for dataset_produces_1 to 2026-07-20 00:00:00+00:00, run_after=2026-07-21 00:00:00+00:00
[2026-07-21T17:57:55.898+0000] {logging_mixin.py:188} INFO - [2026-07-21T17:57:55.898+0000] {dag.py:3823} INFO - Setting next_dagrun for dataset_produces_2 to None, run_after=None
[2026-07-21T17:57:55.926+0000] {processor.py:183} INFO - Processing /home/airflow/.local/lib/python3.8/site-packages/airflow/example_dags/example_datasets.py took 0.105 seconds
[2026-07-21T17:58:26.022+0000] {processor.py:161} INFO - Started process (PID=299) to work on /home/airflow/.local/lib/python3.8/site-packages/airflow/example_dags/example_datasets.py
[2026-07-21T17:58:26.023+0000] {processor.py:830} INFO - Processing file /home/airflow/.local/lib/python3.8/site-packages/airflow/example_dags/example_datasets.py for tasks to queue
[2026-07-21T17:58:26.025+0000] {logging_mixin.py:188} INFO - [2026-07-21T17:58:26.025+0000] {dagbag.py:538} INFO - Filling up the DagBag from /home/airflow/.local/lib/python3.8/site-packages/airflow/example_dags/example_datasets.py
[2026-07-21T17:58:26.034+0000] {processor.py:840} INFO - DAG(s) 'dataset_consumes_1_never_scheduled', 'dataset_produces_1', 'dataset_consumes_unknown_never_scheduled', 'dataset_consumes_1_and_2', 'dataset_produces_2', 'dataset_consumes_1' retrieved from /home/airflow/.local/lib/python3.8/site-packages/airflow/example_dags/example_datasets.py
[2026-07-21T17:58:26.067+0000] {logging_mixin.py:188} INFO - [2026-07-21T17:58:26.067+0000] {dag.py:3036} INFO - Sync 6 DAGs
[2026-07-21T17:58:26.087+0000] {logging_mixin.py:188} INFO - [2026-07-21T17:58:26.087+0000] {dag.py:3823} INFO - Setting next_dagrun for dataset_consumes_1 to None, run_after=None
[2026-07-21T17:58:26.090+0000] {logging_mixin.py:188} INFO - [2026-07-21T17:58:26.090+0000] {dag.py:3823} INFO - Setting next_dagrun for dataset_consumes_1_and_2 to None, run_after=None
[2026-07-21T17:58:26.092+0000] {logging_mixin.py:188} INFO - [2026-07-21T17:58:26.091+0000] {dag.py:3823} INFO - Setting next_dagrun for dataset_consumes_1_never_scheduled to None, run_after=None
[2026-07-21T17:58:26.093+0000] {logging_mixin.py:188} INFO - [2026-07-21T17:58:26.093+0000] {dag.py:3823} INFO - Setting next_dagrun for dataset_consumes_unknown_never_scheduled to None, run_after=None
[2026-07-21T17:58:26.095+0000] {logging_mixin.py:188} INFO - [2026-07-21T17:58:26.095+0000] {dag.py:3823} INFO - Setting next_dagrun for dataset_produces_1 to 2026-07-20 00:00:00+00:00, run_after=2026-07-21 00:00:00+00:00
[2026-07-21T17:58:26.096+0000] {logging_mixin.py:188} INFO - [2026-07-21T17:58:26.096+0000] {dag.py:3823} INFO - Setting next_dagrun for dataset_produces_2 to None, run_after=None
[2026-07-21T17:58:26.126+0000] {processor.py:183} INFO - Processing /home/airflow/.local/lib/python3.8/site-packages/airflow/example_dags/example_datasets.py took 0.107 seconds
[2026-07-21T17:58:56.481+0000] {processor.py:161} INFO - Started process (PID=355) to work on /home/airflow/.local/lib/python3.8/site-packages/airflow/example_dags/example_datasets.py
[2026-07-21T17:58:56.482+0000] {processor.py:830} INFO - Processing file /home/airflow/.local/lib/python3.8/site-packages/airflow/example_dags/example_datasets.py for tasks to queue
[2026-07-21T17:58:56.484+0000] {logging_mixin.py:188} INFO - [2026-07-21T17:58:56.484+0000] {dagbag.py:538} INFO - Filling up the DagBag from /home/airflow/.local/lib/python3.8/site-packages/airflow/example_dags/example_datasets.py
[2026-07-21T17:58:56.494+0000] {processor.py:840} INFO - DAG(s) 'dataset_produces_1', 'dataset_produces_2', 'dataset_consumes_1', 'dataset_consumes_1_and_2', 'dataset_consumes_1_never_scheduled', 'dataset_consumes_unknown_never_scheduled' retrieved from /home/airflow/.local/lib/python3.8/site-packages/airflow/example_dags/example_datasets.py
[2026-07-21T17:58:56.529+0000] {logging_mixin.py:188} INFO - [2026-07-21T17:58:56.529+0000] {dag.py:3036} INFO - Sync 6 DAGs
[2026-07-21T17:58:56.553+0000] {logging_mixin.py:188} INFO - [2026-07-21T17:58:56.553+0000] {dag.py:3823} INFO - Setting next_dagrun for dataset_consumes_1 to None, run_after=None
[2026-07-21T17:58:56.557+0000] {logging_mixin.py:188} INFO - [2026-07-21T17:58:56.557+0000] {dag.py:3823} INFO - Setting next_dagrun for dataset_consumes_1_and_2 to None, run_after=None
[2026-07-21T17:58:56.558+0000] {logging_mixin.py:188} INFO - [2026-07-21T17:58:56.558+0000] {dag.py:3823} INFO - Setting next_dagrun for dataset_consumes_1_never_scheduled to None, run_after=None
[2026-07-21T17:58:56.559+0000] {logging_mixin.py:188} INFO - [2026-07-21T17:58:56.559+0000] {dag.py:3823} INFO - Setting next_dagrun for dataset_consumes_unknown_never_scheduled to None, run_after=None
[2026-07-21T17:58:56.562+0000] {logging_mixin.py:188} INFO - [2026-07-21T17:58:56.562+0000] {dag.py:3823} INFO - Setting next_dagrun for dataset_produces_1 to 2026-07-20 00:00:00+00:00, run_after=2026-07-21 00:00:00+00:00
[2026-07-21T17:58:56.563+0000] {logging_mixin.py:188} INFO - [2026-07-21T17:58:56.563+0000] {dag.py:3823} INFO - Setting next_dagrun for dataset_produces_2 to None, run_after=None
[2026-07-21T17:58:56.594+0000] {processor.py:183} INFO - Processing /home/airflow/.local/lib/python3.8/site-packages/airflow/example_dags/example_datasets.py took 0.117 seconds
[2026-07-21T17:59:26.660+0000] {processor.py:161} INFO - Started process (PID=411) to work on /home/airflow/.local/lib/python3.8/site-packages/airflow/example_dags/example_datasets.py
[2026-07-21T17:59:26.662+0000] {processor.py:830} INFO - Processing file /home/airflow/.local/lib/python3.8/site-packages/airflow/example_dags/example_datasets.py for tasks to queue
[2026-07-21T17:59:26.664+0000] {logging_mixin.py:188} INFO - [2026-07-21T17:59:26.663+0000] {dagbag.py:538} INFO - Filling up the DagBag from /home/airflow/.local/lib/python3.8/site-packages/airflow/example_dags/example_datasets.py
[2026-07-21T17:59:26.673+0000] {processor.py:840} INFO - DAG(s) 'dataset_produces_1', 'dataset_consumes_unknown_never_scheduled', 'dataset_consumes_1', 'dataset_produces_2', 'dataset_consumes_1_and_2', 'dataset_consumes_1_never_scheduled' retrieved from /home/airflow/.local/lib/python3.8/site-packages/airflow/example_dags/example_datasets.py
[2026-07-21T17:59:26.711+0000] {logging_mixin.py:188} INFO - [2026-07-21T17:59:26.711+0000] {dag.py:3036} INFO - Sync 6 DAGs
[2026-07-21T17:59:26.735+0000] {logging_mixin.py:188} INFO - [2026-07-21T17:59:26.735+0000] {dag.py:3823} INFO - Setting next_dagrun for dataset_consumes_1 to None, run_after=None
[2026-07-21T17:59:26.740+0000] {logging_mixin.py:188} INFO - [2026-07-21T17:59:26.740+0000] {dag.py:3823} INFO - Setting next_dagrun for dataset_consumes_1_and_2 to None, run_after=None
[2026-07-21T17:59:26.742+0000] {logging_mixin.py:188} INFO - [2026-07-21T17:59:26.741+0000] {dag.py:3823} INFO - Setting next_dagrun for dataset_consumes_1_never_scheduled to None, run_after=None
[2026-07-21T17:59:26.743+0000] {logging_mixin.py:188} INFO - [2026-07-21T17:59:26.743+0000] {dag.py:3823} INFO - Setting next_dagrun for dataset_consumes_unknown_never_scheduled to None, run_after=None
[2026-07-21T17:59:26.746+0000] {logging_mixin.py:188} INFO - [2026-07-21T17:59:26.746+0000] {dag.py:3823} INFO - Setting next_dagrun for dataset_produces_1 to 2026-07-20 00:00:00+00:00, run_after=2026-07-21 00:00:00+00:00
[2026-07-21T17:59:26.747+0000] {logging_mixin.py:188} INFO - [2026-07-21T17:59:26.747+0000] {dag.py:3823} INFO - Setting next_dagrun for dataset_produces_2 to None, run_after=None
[2026-07-21T17:59:26.777+0000] {processor.py:183} INFO - Processing /home/airflow/.local/lib/python3.8/site-packages/airflow/example_dags/example_datasets.py took 0.120 seconds
[2026-07-21T17:59:56.963+0000] {processor.py:161} INFO - Started process (PID=467) to work on /home/airflow/.local/lib/python3.8/site-packages/airflow/example_dags/example_datasets.py
[2026-07-21T17:59:56.964+0000] {processor.py:830} INFO - Processing file /home/airflow/.local/lib/python3.8/site-packages/airflow/example_dags/example_datasets.py for tasks to queue
[2026-07-21T17:59:56.965+0000] {logging_mixin.py:188} INFO - [2026-07-21T17:59:56.965+0000] {dagbag.py:538} INFO - Filling up the DagBag from /home/airflow/.local/lib/python3.8/site-packages/airflow/example_dags/example_datasets.py
[2026-07-21T17:59:56.974+0000] {processor.py:840} INFO - DAG(s) 'dataset_consumes_1_never_scheduled', 'dataset_consumes_1_and_2', 'dataset_consumes_1', 'dataset_consumes_unknown_never_scheduled', 'dataset_produces_2', 'dataset_produces_1' retrieved from /home/airflow/.local/lib/python3.8/site-packages/airflow/example_dags/example_datasets.py
[2026-07-21T17:59:57.011+0000] {logging_mixin.py:188} INFO - [2026-07-21T17:59:57.011+0000] {dag.py:3036} INFO - Sync 6 DAGs
[2026-07-21T17:59:57.031+0000] {logging_mixin.py:188} INFO - [2026-07-21T17:59:57.031+0000] {dag.py:3823} INFO - Setting next_dagrun for dataset_consumes_1 to None, run_after=None
[2026-07-21T17:59:57.035+0000] {logging_mixin.py:188} INFO - [2026-07-21T17:59:57.035+0000] {dag.py:3823} INFO - Setting next_dagrun for dataset_consumes_1_and_2 to None, run_after=None
[2026-07-21T17:59:57.036+0000] {logging_mixin.py:188} INFO - [2026-07-21T17:59:57.036+0000] {dag.py:3823} INFO - Setting next_dagrun for dataset_consumes_1_never_scheduled to None, run_after=None
[2026-07-21T17:59:57.038+0000] {logging_mixin.py:188} INFO - [2026-07-21T17:59:57.038+0000] {dag.py:3823} INFO - Setting next_dagrun for dataset_consumes_unknown_never_scheduled to None, run_after=None
[2026-07-21T17:59:57.040+0000] {logging_mixin.py:188} INFO - [2026-07-21T17:59:57.040+0000] {dag.py:3823} INFO - Setting next_dagrun for dataset_produces_1 to 2026-07-20 00:00:00+00:00, run_after=2026-07-21 00:00:00+00:00
[2026-07-21T17:59:57.042+0000] {logging_mixin.py:188} INFO - [2026-07-21T17:59:57.042+0000] {dag.py:3823} INFO - Setting next_dagrun for dataset_produces_2 to None, run_after=None
[2026-07-21T17:59:57.074+0000] {processor.py:183} INFO - Processing /home/airflow/.local/lib/python3.8/site-packages/airflow/example_dags/example_datasets.py took 0.115 seconds
[2026-07-21T18:00:27.334+0000] {processor.py:161} INFO - Started process (PID=523) to work on /home/airflow/.local/lib/python3.8/site-packages/airflow/example_dags/example_datasets.py
[2026-07-21T18:00:27.335+0000] {processor.py:830} INFO - Processing file /home/airflow/.local/lib/python3.8/site-packages/airflow/example_dags/example_datasets.py for tasks to queue
[2026-07-21T18:00:27.337+0000] {logging_mixin.py:188} INFO - [2026-07-21T18:00:27.337+0000] {dagbag.py:538} INFO - Filling up the DagBag from /home/airflow/.local/lib/python3.8/site-packages/airflow/example_dags/example_datasets.py
[2026-07-21T18:00:27.347+0000] {processor.py:840} INFO - DAG(s) 'dataset_consumes_1_and_2', 'dataset_consumes_unknown_never_scheduled', 'dataset_produces_1', 'dataset_produces_2', 'dataset_consumes_1_never_scheduled', 'dataset_consumes_1' retrieved from /home/airflow/.local/lib/python3.8/site-packages/airflow/example_dags/example_datasets.py
[2026-07-21T18:00:27.382+0000] {logging_mixin.py:188} INFO - [2026-07-21T18:00:27.382+0000] {dag.py:3036} INFO - Sync 6 DAGs
[2026-07-21T18:00:27.403+0000] {logging_mixin.py:188} INFO - [2026-07-21T18:00:27.403+0000] {dag.py:3823} INFO - Setting next_dagrun for dataset_consumes_1 to None, run_after=None
[2026-07-21T18:00:27.409+0000] {logging_mixin.py:188} INFO - [2026-07-21T18:00:27.408+0000] {dag.py:3823} INFO - Setting next_dagrun for dataset_consumes_1_and_2 to None, run_after=None
[2026-07-21T18:00:27.411+0000] {logging_mixin.py:188} INFO - [2026-07-21T18:00:27.411+0000] {dag.py:3823} INFO - Setting next_dagrun for dataset_consumes_1_never_scheduled to None, run_after=None
[2026-07-21T18:00:27.413+0000] {logging_mixin.py:188} INFO - [2026-07-21T18:00:27.412+0000] {dag.py:3823} INFO - Setting next_dagrun for dataset_consumes_unknown_never_scheduled to None, run_after=None
[2026-07-21T18:00:27.415+0000] {logging_mixin.py:188} INFO - [2026-07-21T18:00:27.415+0000] {dag.py:3823} INFO - Setting next_dagrun for dataset_produces_1 to 2026-07-20 00:00:00+00:00, run_after=2026-07-21 00:00:00+00:00
[2026-07-21T18:00:27.416+0000] {logging_mixin.py:188} INFO - [2026-07-21T18:00:27.416+0000] {dag.py:3823} INFO - Setting next_dagrun for dataset_produces_2 to None, run_after=None
[2026-07-21T18:00:27.448+0000] {processor.py:183} INFO - Processing /home/airflow/.local/lib/python3.8/site-packages/airflow/example_dags/example_datasets.py took 0.118 seconds
[2026-07-21T18:00:57.636+0000] {processor.py:161} INFO - Started process (PID=580) to work on /home/airflow/.local/lib/python3.8/site-packages/airflow/example_dags/example_datasets.py
[2026-07-21T18:00:57.637+0000] {processor.py:830} INFO - Processing file /home/airflow/.local/lib/python3.8/site-packages/airflow/example_dags/example_datasets.py for tasks to queue
[2026-07-21T18:00:57.639+0000] {logging_mixin.py:188} INFO - [2026-07-21T18:00:57.638+0000] {dagbag.py:538} INFO - Filling up the DagBag from /home/airflow/.local/lib/python3.8/site-packages/airflow/example_dags/example_datasets.py
[2026-07-21T18:00:57.648+0000] {processor.py:840} INFO - DAG(s) 'dataset_consumes_unknown_never_scheduled', 'dataset_consumes_1_and_2', 'dataset_produces_2', 'dataset_consumes_1_never_scheduled', 'dataset_produces_1', 'dataset_consumes_1' retrieved from /home/airflow/.local/lib/python3.8/site-packages/airflow/example_dags/example_datasets.py
[2026-07-21T18:00:57.683+0000] {logging_mixin.py:188} INFO - [2026-07-21T18:00:57.682+0000] {dag.py:3036} INFO - Sync 6 DAGs
[2026-07-21T18:00:57.703+0000] {logging_mixin.py:188} INFO - [2026-07-21T18:00:57.702+0000] {dag.py:3823} INFO - Setting next_dagrun for dataset_consumes_1 to None, run_after=None
[2026-07-21T18:00:57.706+0000] {logging_mixin.py:188} INFO - [2026-07-21T18:00:57.706+0000] {dag.py:3823} INFO - Setting next_dagrun for dataset_consumes_1_and_2 to None, run_after=None
[2026-07-21T18:00:57.708+0000] {logging_mixin.py:188} INFO - [2026-07-21T18:00:57.708+0000] {dag.py:3823} INFO - Setting next_dagrun for dataset_consumes_1_never_scheduled to None, run_after=None
[2026-07-21T18:00:57.709+0000] {logging_mixin.py:188} INFO - [2026-07-21T18:00:57.709+0000] {dag.py:3823} INFO - Setting next_dagrun for dataset_consumes_unknown_never_scheduled to None, run_after=None
[2026-07-21T18:00:57.712+0000] {logging_mixin.py:188} INFO - [2026-07-21T18:00:57.711+0000] {dag.py:3823} INFO - Setting next_dagrun for dataset_produces_1 to 2026-07-20 00:00:00+00:00, run_after=2026-07-21 00:00:00+00:00
[2026-07-21T18:00:57.713+0000] {logging_mixin.py:188} INFO - [2026-07-21T18:00:57.713+0000] {dag.py:3823} INFO - Setting next_dagrun for dataset_produces_2 to None, run_after=None
[2026-07-21T18:00:57.741+0000] {processor.py:183} INFO - Processing /home/airflow/.local/lib/python3.8/site-packages/airflow/example_dags/example_datasets.py took 0.109 seconds
[2026-07-21T18:01:27.850+0000] {processor.py:161} INFO - Started process (PID=636) to work on /home/airflow/.local/lib/python3.8/site-packages/airflow/example_dags/example_datasets.py
[2026-07-21T18:01:27.851+0000] {processor.py:830} INFO - Processing file /home/airflow/.local/lib/python3.8/site-packages/airflow/example_dags/example_datasets.py for tasks to queue
[2026-07-21T18:01:27.853+0000] {logging_mixin.py:188} INFO - [2026-07-21T18:01:27.853+0000] {dagbag.py:538} INFO - Filling up the DagBag from /home/airflow/.local/lib/python3.8/site-packages/airflow/example_dags/example_datasets.py
[2026-07-21T18:01:27.865+0000] {processor.py:840} INFO - DAG(s) 'dataset_consumes_1_never_scheduled', 'dataset_consumes_1_and_2', 'dataset_produces_2', 'dataset_consumes_unknown_never_scheduled', 'dataset_consumes_1', 'dataset_produces_1' retrieved from /home/airflow/.local/lib/python3.8/site-packages/airflow/example_dags/example_datasets.py
[2026-07-21T18:01:27.919+0000] {logging_mixin.py:188} INFO - [2026-07-21T18:01:27.919+0000] {dag.py:3036} INFO - Sync 6 DAGs
[2026-07-21T18:01:27.939+0000] {logging_mixin.py:188} INFO - [2026-07-21T18:01:27.939+0000] {dag.py:3823} INFO - Setting next_dagrun for dataset_consumes_1 to None, run_after=None
[2026-07-21T18:01:27.942+0000] {logging_mixin.py:188} INFO - [2026-07-21T18:01:27.942+0000] {dag.py:3823} INFO - Setting next_dagrun for dataset_consumes_1_and_2 to None, run_after=None
[2026-07-21T18:01:27.944+0000] {logging_mixin.py:188} INFO - [2026-07-21T18:01:27.944+0000] {dag.py:3823} INFO - Setting next_dagrun for dataset_consumes_1_never_scheduled to None, run_after=None
[2026-07-21T18:01:27.945+0000] {logging_mixin.py:188} INFO - [2026-07-21T18:01:27.945+0000] {dag.py:3823} INFO - Setting next_dagrun for dataset_consumes_unknown_never_scheduled to None, run_after=None
[2026-07-21T18:01:27.947+0000] {logging_mixin.py:188} INFO - [2026-07-21T18:01:27.947+0000] {dag.py:3823} INFO - Setting next_dagrun for dataset_produces_1 to 2026-07-20 00:00:00+00:00, run_after=2026-07-21 00:00:00+00:00
[2026-07-21T18:01:27.949+0000] {logging_mixin.py:188} INFO - [2026-07-21T18:01:27.949+0000] {dag.py:3823} INFO - Setting next_dagrun for dataset_produces_2 to None, run_after=None
[2026-07-21T18:01:27.978+0000] {processor.py:183} INFO - Processing /home/airflow/.local/lib/python3.8/site-packages/airflow/example_dags/example_datasets.py took 0.131 seconds
[2026-07-21T18:01:58.162+0000] {processor.py:161} INFO - Started process (PID=692) to work on /home/airflow/.local/lib/python3.8/site-packages/airflow/example_dags/example_datasets.py
[2026-07-21T18:01:58.163+0000] {processor.py:830} INFO - Processing file /home/airflow/.local/lib/python3.8/site-packages/airflow/example_dags/example_datasets.py for tasks to queue
[2026-07-21T18:01:58.166+0000] {logging_mixin.py:188} INFO - [2026-07-21T18:01:58.165+0000] {dagbag.py:538} INFO - Filling up the DagBag from /home/airflow/.local/lib/python3.8/site-packages/airflow/example_dags/example_datasets.py
[2026-07-21T18:01:58.178+0000] {processor.py:840} INFO - DAG(s) 'dataset_consumes_unknown_never_scheduled', 'dataset_produces_1', 'dataset_consumes_1', 'dataset_consumes_1_and_2', 'dataset_produces_2', 'dataset_consumes_1_never_scheduled' retrieved from /home/airflow/.local/lib/python3.8/site-packages/airflow/example_dags/example_datasets.py
[2026-07-21T18:01:58.212+0000] {logging_mixin.py:188} INFO - [2026-07-21T18:01:58.211+0000] {dag.py:3036} INFO - Sync 6 DAGs
[2026-07-21T18:01:58.235+0000] {logging_mixin.py:188} INFO - [2026-07-21T18:01:58.235+0000] {dag.py:3823} INFO - Setting next_dagrun for dataset_consumes_1 to None, run_after=None
[2026-07-21T18:01:58.239+0000] {logging_mixin.py:188} INFO - [2026-07-21T18:01:58.238+0000] {dag.py:3823} INFO - Setting next_dagrun for dataset_consumes_1_and_2 to None, run_after=None
[2026-07-21T18:01:58.240+0000] {logging_mixin.py:188} INFO - [2026-07-21T18:01:58.240+0000] {dag.py:3823} INFO - Setting next_dagrun for dataset_consumes_1_never_scheduled to None, run_after=None
[2026-07-21T18:01:58.241+0000] {logging_mixin.py:188} INFO - [2026-07-21T18:01:58.241+0000] {dag.py:3823} INFO - Setting next_dagrun for dataset_consumes_unknown_never_scheduled to None, run_after=None
[2026-07-21T18:01:58.243+0000] {logging_mixin.py:188} INFO - [2026-07-21T18:01:58.243+0000] {dag.py:3823} INFO - Setting next_dagrun for dataset_produces_1 to 2026-07-20 00:00:00+00:00, run_after=2026-07-21 00:00:00+00:00
[2026-07-21T18:01:58.245+0000] {logging_mixin.py:188} INFO - [2026-07-21T18:01:58.244+0000] {dag.py:3823} INFO - Setting next_dagrun for dataset_produces_2 to None, run_after=None
[2026-07-21T18:01:58.274+0000] {processor.py:183} INFO - Processing /home/airflow/.local/lib/python3.8/site-packages/airflow/example_dags/example_datasets.py took 0.115 seconds
[2026-07-21T18:02:28.651+0000] {processor.py:161} INFO - Started process (PID=748) to work on /home/airflow/.local/lib/python3.8/site-packages/airflow/example_dags/example_datasets.py
[2026-07-21T18:02:28.652+0000] {processor.py:830} INFO - Processing file /home/airflow/.local/lib/python3.8/site-packages/airflow/example_dags/example_datasets.py for tasks to queue
[2026-07-21T18:02:28.654+0000] {logging_mixin.py:188} INFO - [2026-07-21T18:02:28.654+0000] {dagbag.py:538} INFO - Filling up the DagBag from /home/airflow/.local/lib/python3.8/site-packages/airflow/example_dags/example_datasets.py
[2026-07-21T18:02:28.665+0000] {processor.py:840} INFO - DAG(s) 'dataset_consumes_1_and_2', 'dataset_produces_2', 'dataset_consumes_1_never_scheduled', 'dataset_produces_1', 'dataset_consumes_unknown_never_scheduled', 'dataset_consumes_1' retrieved from /home/airflow/.local/lib/python3.8/site-packages/airflow/example_dags/example_datasets.py
[2026-07-21T18:02:28.701+0000] {logging_mixin.py:188} INFO - [2026-07-21T18:02:28.701+0000] {dag.py:3036} INFO - Sync 6 DAGs
[2026-07-21T18:02:28.723+0000] {logging_mixin.py:188} INFO - [2026-07-21T18:02:28.723+0000] {dag.py:3823} INFO - Setting next_dagrun for dataset_consumes_1 to None, run_after=None
[2026-07-21T18:02:28.727+0000] {logging_mixin.py:188} INFO - [2026-07-21T18:02:28.727+0000] {dag.py:3823} INFO - Setting next_dagrun for dataset_consumes_1_and_2 to None, run_after=None
[2026-07-21T18:02:28.729+0000] {logging_mixin.py:188} INFO - [2026-07-21T18:02:28.729+0000] {dag.py:3823} INFO - Setting next_dagrun for dataset_consumes_1_never_scheduled to None, run_after=None
[2026-07-21T18:02:28.730+0000] {logging_mixin.py:188} INFO - [2026-07-21T18:02:28.730+0000] {dag.py:3823} INFO - Setting next_dagrun for dataset_consumes_unknown_never_scheduled to None, run_after=None
[2026-07-21T18:02:28.734+0000] {logging_mixin.py:188} INFO - [2026-07-21T18:02:28.733+0000] {dag.py:3823} INFO - Setting next_dagrun for dataset_produces_1 to 2026-07-20 00:00:00+00:00, run_after=2026-07-21 00:00:00+00:00
[2026-07-21T18:02:28.735+0000] {logging_mixin.py:188} INFO - [2026-07-21T18:02:28.735+0000] {dag.py:3823} INFO - Setting next_dagrun for dataset_produces_2 to None, run_after=None
[2026-07-21T18:02:28.768+0000] {processor.py:183} INFO - Processing /home/airflow/.local/lib/python3.8/site-packages/airflow/example_dags/example_datasets.py took 0.121 seconds
[2026-07-21T18:02:59.083+0000] {processor.py:161} INFO - Started process (PID=804) to work on /home/airflow/.local/lib/python3.8/site-packages/airflow/example_dags/example_datasets.py
[2026-07-21T18:02:59.084+0000] {processor.py:830} INFO - Processing file /home/airflow/.local/lib/python3.8/site-packages/airflow/example_dags/example_datasets.py for tasks to queue
[2026-07-21T18:02:59.086+0000] {logging_mixin.py:188} INFO - [2026-07-21T18:02:59.086+0000] {dagbag.py:538} INFO - Filling up the DagBag from /home/airflow/.local/lib/python3.8/site-packages/airflow/example_dags/example_datasets.py
[2026-07-21T18:02:59.097+0000] {processor.py:840} INFO - DAG(s) 'dataset_produces_2', 'dataset_produces_1', 'dataset_consumes_1', 'dataset_consumes_1_and_2', 'dataset_consumes_unknown_never_scheduled', 'dataset_consumes_1_never_scheduled' retrieved from /home/airflow/.local/lib/python3.8/site-packages/airflow/example_dags/example_datasets.py
[2026-07-21T18:02:59.139+0000] {logging_mixin.py:188} INFO - [2026-07-21T18:02:59.139+0000] {dag.py:3036} INFO - Sync 6 DAGs
[2026-07-21T18:02:59.166+0000] {logging_mixin.py:188} INFO - [2026-07-21T18:02:59.165+0000] {dag.py:3823} INFO - Setting next_dagrun for dataset_consumes_1 to None, run_after=None
[2026-07-21T18:02:59.171+0000] {logging_mixin.py:188} INFO - [2026-07-21T18:02:59.171+0000] {dag.py:3823} INFO - Setting next_dagrun for dataset_consumes_1_and_2 to None, run_after=None
[2026-07-21T18:02:59.174+0000] {logging_mixin.py:188} INFO - [2026-07-21T18:02:59.173+0000] {dag.py:3823} INFO - Setting next_dagrun for dataset_consumes_1_never_scheduled to None, run_after=None
[2026-07-21T18:02:59.176+0000] {logging_mixin.py:188} INFO - [2026-07-21T18:02:59.175+0000] {dag.py:3823} INFO - Setting next_dagrun for dataset_consumes_unknown_never_scheduled to None, run_after=None
[2026-07-21T18:02:59.179+0000] {logging_mixin.py:188} INFO - [2026-07-21T18:02:59.179+0000] {dag.py:3823} INFO - Setting next_dagrun for dataset_produces_1 to 2026-07-20 00:00:00+00:00, run_after=2026-07-21 00:00:00+00:00
[2026-07-21T18:02:59.182+0000] {logging_mixin.py:188} INFO - [2026-07-21T18:02:59.182+0000] {dag.py:3823} INFO - Setting next_dagrun for dataset_produces_2 to None, run_after=None
[2026-07-21T18:02:59.216+0000] {processor.py:183} INFO - Processing /home/airflow/.local/lib/python3.8/site-packages/airflow/example_dags/example_datasets.py took 0.137 seconds
[2026-07-21T18:03:29.277+0000] {processor.py:161} INFO - Started process (PID=860) to work on /home/airflow/.local/lib/python3.8/site-packages/airflow/example_dags/example_datasets.py
[2026-07-21T18:03:29.278+0000] {processor.py:830} INFO - Processing file /home/airflow/.local/lib/python3.8/site-packages/airflow/example_dags/example_datasets.py for tasks to queue
[2026-07-21T18:03:29.280+0000] {logging_mixin.py:188} INFO - [2026-07-21T18:03:29.280+0000] {dagbag.py:538} INFO - Filling up the DagBag from /home/airflow/.local/lib/python3.8/site-packages/airflow/example_dags/example_datasets.py
[2026-07-21T18:03:29.290+0000] {processor.py:840} INFO - DAG(s) 'dataset_consumes_1_never_scheduled', 'dataset_produces_1', 'dataset_consumes_unknown_never_scheduled', 'dataset_produces_2', 'dataset_consumes_1_and_2', 'dataset_consumes_1' retrieved from /home/airflow/.local/lib/python3.8/site-packages/airflow/example_dags/example_datasets.py
[2026-07-21T18:03:29.325+0000] {logging_mixin.py:188} INFO - [2026-07-21T18:03:29.324+0000] {dag.py:3036} INFO - Sync 6 DAGs
[2026-07-21T18:03:29.347+0000] {logging_mixin.py:188} INFO - [2026-07-21T18:03:29.347+0000] {dag.py:3823} INFO - Setting next_dagrun for dataset_consumes_1 to None, run_after=None
[2026-07-21T18:03:29.351+0000] {logging_mixin.py:188} INFO - [2026-07-21T18:03:29.351+0000] {dag.py:3823} INFO - Setting next_dagrun for dataset_consumes_1_and_2 to None, run_after=None
[2026-07-21T18:03:29.353+0000] {logging_mixin.py:188} INFO - [2026-07-21T18:03:29.353+0000] {dag.py:3823} INFO - Setting next_dagrun for dataset_consumes_1_never_scheduled to None, run_after=None
[2026-07-21T18:03:29.354+0000] {logging_mixin.py:188} INFO - [2026-07-21T18:03:29.354+0000] {dag.py:3823} INFO - Setting next_dagrun for dataset_consumes_unknown_never_scheduled to None, run_after=None
[2026-07-21T18:03:29.357+0000] {logging_mixin.py:188} INFO - [2026-07-21T18:03:29.356+0000] {dag.py:3823} INFO - Setting next_dagrun for dataset_produces_1 to 2026-07-20 00:00:00+00:00, run_after=2026-07-21 00:00:00+00:00
[2026-07-21T18:03:29.358+0000] {logging_mixin.py:188} INFO - [2026-07-21T18:03:29.358+0000] {dag.py:3823} INFO - Setting next_dagrun for dataset_produces_2 to None, run_after=None
[2026-07-21T18:03:29.388+0000] {processor.py:183} INFO - Processing /home/airflow/.local/lib/python3.8/site-packages/airflow/example_dags/example_datasets.py took 0.115 seconds
[2026-07-21T18:03:59.773+0000] {processor.py:161} INFO - Started process (PID=916) to work on /home/airflow/.local/lib/python3.8/site-packages/airflow/example_dags/example_datasets.py
[2026-07-21T18:03:59.774+0000] {processor.py:830} INFO - Processing file /home/airflow/.local/lib/python3.8/site-packages/airflow/example_dags/example_datasets.py for tasks to queue
[2026-07-21T18:03:59.776+0000] {logging_mixin.py:188} INFO - [2026-07-21T18:03:59.776+0000] {dagbag.py:538} INFO - Filling up the DagBag from /home/airflow/.local/lib/python3.8/site-packages/airflow/example_dags/example_datasets.py
[2026-07-21T18:03:59.787+0000] {processor.py:840} INFO - DAG(s) 'dataset_consumes_1_and_2', 'dataset_produces_1', 'dataset_consumes_1_never_scheduled', 'dataset_consumes_1', 'dataset_produces_2', 'dataset_consumes_unknown_never_scheduled' retrieved from /home/airflow/.local/lib/python3.8/site-packages/airflow/example_dags/example_datasets.py
[2026-07-21T18:03:59.825+0000] {logging_mixin.py:188} INFO - [2026-07-21T18:03:59.825+0000] {dag.py:3036} INFO - Sync 6 DAGs
[2026-07-21T18:03:59.847+0000] {logging_mixin.py:188} INFO - [2026-07-21T18:03:59.847+0000] {dag.py:3823} INFO - Setting next_dagrun for dataset_consumes_1 to None, run_after=None
[2026-07-21T18:03:59.851+0000] {logging_mixin.py:188} INFO - [2026-07-21T18:03:59.851+0000] {dag.py:3823} INFO - Setting next_dagrun for dataset_consumes_1_and_2 to None, run_after=None
[2026-07-21T18:03:59.852+0000] {logging_mixin.py:188} INFO - [2026-07-21T18:03:59.852+0000] {dag.py:3823} INFO - Setting next_dagrun for dataset_consumes_1_never_scheduled to None, run_after=None
[2026-07-21T18:03:59.854+0000] {logging_mixin.py:188} INFO - [2026-07-21T18:03:59.853+0000] {dag.py:3823} INFO - Setting next_dagrun for dataset_consumes_unknown_never_scheduled to None, run_after=None
[2026-07-21T18:03:59.856+0000] {logging_mixin.py:188} INFO - [2026-07-21T18:03:59.856+0000] {dag.py:3823} INFO - Setting next_dagrun for dataset_produces_1 to 2026-07-20 00:00:00+00:00, run_after=2026-07-21 00:00:00+00:00
[2026-07-21T18:03:59.858+0000] {logging_mixin.py:188} INFO - [2026-07-21T18:03:59.858+0000] {dag.py:3823} INFO - Setting next_dagrun for dataset_produces_2 to None, run_after=None
[2026-07-21T18:03:59.889+0000] {processor.py:183} INFO - Processing /home/airflow/.local/lib/python3.8/site-packages/airflow/example_dags/example_datasets.py took 0.120 seconds
[2026-07-21T18:04:30.178+0000] {processor.py:161} INFO - Started process (PID=972) to work on /home/airflow/.local/lib/python3.8/site-packages/airflow/example_dags/example_datasets.py
[2026-07-21T18:04:30.179+0000] {processor.py:830} INFO - Processing file /home/airflow/.local/lib/python3.8/site-packages/airflow/example_dags/example_datasets.py for tasks to queue
[2026-07-21T18:04:30.181+0000] {logging_mixin.py:188} INFO - [2026-07-21T18:04:30.181+0000] {dagbag.py:538} INFO - Filling up the DagBag from /home/airflow/.local/lib/python3.8/site-packages/airflow/example_dags/example_datasets.py
[2026-07-21T18:04:30.192+0000] {processor.py:840} INFO - DAG(s) 'dataset_produces_2', 'dataset_produces_1', 'dataset_consumes_1_never_scheduled', 'dataset_consumes_1', 'dataset_consumes_1_and_2', 'dataset_consumes_unknown_never_scheduled' retrieved from /home/airflow/.local/lib/python3.8/site-packages/airflow/example_dags/example_datasets.py
[2026-07-21T18:04:30.227+0000] {logging_mixin.py:188} INFO - [2026-07-21T18:04:30.227+0000] {dag.py:3036} INFO - Sync 6 DAGs
[2026-07-21T18:04:30.251+0000] {logging_mixin.py:188} INFO - [2026-07-21T18:04:30.251+0000] {dag.py:3823} INFO - Setting next_dagrun for dataset_consumes_1 to None, run_after=None
[2026-07-21T18:04:30.254+0000] {logging_mixin.py:188} INFO - [2026-07-21T18:04:30.254+0000] {dag.py:3823} INFO - Setting next_dagrun for dataset_consumes_1_and_2 to None, run_after=None
[2026-07-21T18:04:30.256+0000] {logging_mixin.py:188} INFO - [2026-07-21T18:04:30.256+0000] {dag.py:3823} INFO - Setting next_dagrun for dataset_consumes_1_never_scheduled to None, run_after=None
[2026-07-21T18:04:30.257+0000] {logging_mixin.py:188} INFO - [2026-07-21T18:04:30.257+0000] {dag.py:3823} INFO - Setting next_dagrun for dataset_consumes_unknown_never_scheduled to None, run_after=None
[2026-07-21T18:04:30.259+0000] {logging_mixin.py:188} INFO - [2026-07-21T18:04:30.259+0000] {dag.py:3823} INFO - Setting next_dagrun for dataset_produces_1 to 2026-07-20 00:00:00+00:00, run_after=2026-07-21 00:00:00+00:00
[2026-07-21T18:04:30.261+0000] {logging_mixin.py:188} INFO - [2026-07-21T18:04:30.261+0000] {dag.py:3823} INFO - Setting next_dagrun for dataset_produces_2 to None, run_after=None
[2026-07-21T18:04:30.289+0000] {processor.py:183} INFO - Processing /home/airflow/.local/lib/python3.8/site-packages/airflow/example_dags/example_datasets.py took 0.115 seconds
[2026-07-21T18:05:00.499+0000] {processor.py:161} INFO - Started process (PID=1028) to work on /home/airflow/.local/lib/python3.8/site-packages/airflow/example_dags/example_datasets.py
[2026-07-21T18:05:00.501+0000] {processor.py:830} INFO - Processing file /home/airflow/.local/lib/python3.8/site-packages/airflow/example_dags/example_datasets.py for tasks to queue
[2026-07-21T18:05:00.503+0000] {logging_mixin.py:188} INFO - [2026-07-21T18:05:00.502+0000] {dagbag.py:538} INFO - Filling up the DagBag from /home/airflow/.local/lib/python3.8/site-packages/airflow/example_dags/example_datasets.py
[2026-07-21T18:05:00.517+0000] {processor.py:840} INFO - DAG(s) 'dataset_produces_2', 'dataset_consumes_1_never_scheduled', 'dataset_consumes_1_and_2', 'dataset_consumes_unknown_never_scheduled', 'dataset_produces_1', 'dataset_consumes_1' retrieved from /home/airflow/.local/lib/python3.8/site-packages/airflow/example_dags/example_datasets.py
[2026-07-21T18:05:00.568+0000] {logging_mixin.py:188} INFO - [2026-07-21T18:05:00.568+0000] {dag.py:3036} INFO - Sync 6 DAGs
[2026-07-21T18:05:00.596+0000] {logging_mixin.py:188} INFO - [2026-07-21T18:05:00.596+0000] {dag.py:3823} INFO - Setting next_dagrun for dataset_consumes_1 to None, run_after=None
[2026-07-21T18:05:00.602+0000] {logging_mixin.py:188} INFO - [2026-07-21T18:05:00.602+0000] {dag.py:3823} INFO - Setting next_dagrun for dataset_consumes_1_and_2 to None, run_after=None
[2026-07-21T18:05:00.605+0000] {logging_mixin.py:188} INFO - [2026-07-21T18:05:00.604+0000] {dag.py:3823} INFO - Setting next_dagrun for dataset_consumes_1_never_scheduled to None, run_after=None
[2026-07-21T18:05:00.606+0000] {logging_mixin.py:188} INFO - [2026-07-21T18:05:00.606+0000] {dag.py:3823} INFO - Setting next_dagrun for dataset_consumes_unknown_never_scheduled to None, run_after=None
[2026-07-21T18:05:00.610+0000] {logging_mixin.py:188} INFO - [2026-07-21T18:05:00.610+0000] {dag.py:3823} INFO - Setting next_dagrun for dataset_produces_1 to 2026-07-20 00:00:00+00:00, run_after=2026-07-21 00:00:00+00:00
[2026-07-21T18:05:00.613+0000] {logging_mixin.py:188} INFO - [2026-07-21T18:05:00.612+0000] {dag.py:3823} INFO - Setting next_dagrun for dataset_produces_2 to None, run_after=None
[2026-07-21T18:05:00.647+0000] {processor.py:183} INFO - Processing /home/airflow/.local/lib/python3.8/site-packages/airflow/example_dags/example_datasets.py took 0.152 seconds
[2026-07-21T18:05:30.978+0000] {processor.py:161} INFO - Started process (PID=1084) to work on /home/airflow/.local/lib/python3.8/site-packages/airflow/example_dags/example_datasets.py
[2026-07-21T18:05:30.980+0000] {processor.py:830} INFO - Processing file /home/airflow/.local/lib/python3.8/site-packages/airflow/example_dags/example_datasets.py for tasks to queue
[2026-07-21T18:05:30.984+0000] {logging_mixin.py:188} INFO - [2026-07-21T18:05:30.983+0000] {dagbag.py:538} INFO - Filling up the DagBag from /home/airflow/.local/lib/python3.8/site-packages/airflow/example_dags/example_datasets.py
[2026-07-21T18:05:31.000+0000] {processor.py:840} INFO - DAG(s) 'dataset_consumes_unknown_never_scheduled', 'dataset_consumes_1_and_2', 'dataset_consumes_1', 'dataset_produces_1', 'dataset_produces_2', 'dataset_consumes_1_never_scheduled' retrieved from /home/airflow/.local/lib/python3.8/site-packages/airflow/example_dags/example_datasets.py
[2026-07-21T18:05:31.048+0000] {logging_mixin.py:188} INFO - [2026-07-21T18:05:31.048+0000] {dag.py:3036} INFO - Sync 6 DAGs
[2026-07-21T18:05:31.074+0000] {logging_mixin.py:188} INFO - [2026-07-21T18:05:31.074+0000] {dag.py:3823} INFO - Setting next_dagrun for dataset_consumes_1 to None, run_after=None
[2026-07-21T18:05:31.080+0000] {logging_mixin.py:188} INFO - [2026-07-21T18:05:31.080+0000] {dag.py:3823} INFO - Setting next_dagrun for dataset_consumes_1_and_2 to None, run_after=None
[2026-07-21T18:05:31.082+0000] {logging_mixin.py:188} INFO - [2026-07-21T18:05:31.082+0000] {dag.py:3823} INFO - Setting next_dagrun for dataset_consumes_1_never_scheduled to None, run_after=None
[2026-07-21T18:05:31.084+0000] {logging_mixin.py:188} INFO - [2026-07-21T18:05:31.084+0000] {dag.py:3823} INFO - Setting next_dagrun for dataset_consumes_unknown_never_scheduled to None, run_after=None
[2026-07-21T18:05:31.088+0000] {logging_mixin.py:188} INFO - [2026-07-21T18:05:31.088+0000] {dag.py:3823} INFO - Setting next_dagrun for dataset_produces_1 to 2026-07-20 00:00:00+00:00, run_after=2026-07-21 00:00:00+00:00
[2026-07-21T18:05:31.090+0000] {logging_mixin.py:188} INFO - [2026-07-21T18:05:31.090+0000] {dag.py:3823} INFO - Setting next_dagrun for dataset_produces_2 to None, run_after=None
[2026-07-21T18:05:31.131+0000] {processor.py:183} INFO - Processing /home/airflow/.local/lib/python3.8/site-packages/airflow/example_dags/example_datasets.py took 0.159 seconds
[2026-07-21T18:06:01.537+0000] {processor.py:161} INFO - Started process (PID=1140) to work on /home/airflow/.local/lib/python3.8/site-packages/airflow/example_dags/example_datasets.py
[2026-07-21T18:06:01.538+0000] {processor.py:830} INFO - Processing file /home/airflow/.local/lib/python3.8/site-packages/airflow/example_dags/example_datasets.py for tasks to queue
[2026-07-21T18:06:01.541+0000] {logging_mixin.py:188} INFO - [2026-07-21T18:06:01.540+0000] {dagbag.py:538} INFO - Filling up the DagBag from /home/airflow/.local/lib/python3.8/site-packages/airflow/example_dags/example_datasets.py
[2026-07-21T18:06:01.550+0000] {processor.py:840} INFO - DAG(s) 'dataset_consumes_unknown_never_scheduled', 'dataset_produces_2', 'dataset_consumes_1', 'dataset_consumes_1_and_2', 'dataset_consumes_1_never_scheduled', 'dataset_produces_1' retrieved from /home/airflow/.local/lib/python3.8/site-packages/airflow/example_dags/example_datasets.py
[2026-07-21T18:06:01.583+0000] {logging_mixin.py:188} INFO - [2026-07-21T18:06:01.582+0000] {dag.py:3036} INFO - Sync 6 DAGs
[2026-07-21T18:06:01.605+0000] {logging_mixin.py:188} INFO - [2026-07-21T18:06:01.605+0000] {dag.py:3823} INFO - Setting next_dagrun for dataset_consumes_1 to None, run_after=None
[2026-07-21T18:06:01.609+0000] {logging_mixin.py:188} INFO - [2026-07-21T18:06:01.608+0000] {dag.py:3823} INFO - Setting next_dagrun for dataset_consumes_1_and_2 to None, run_after=None
[2026-07-21T18:06:01.610+0000] {logging_mixin.py:188} INFO - [2026-07-21T18:06:01.610+0000] {dag.py:3823} INFO - Setting next_dagrun for dataset_consumes_1_never_scheduled to None, run_after=None
[2026-07-21T18:06:01.611+0000] {logging_mixin.py:188} INFO - [2026-07-21T18:06:01.611+0000] {dag.py:3823} INFO - Setting next_dagrun for dataset_consumes_unknown_never_scheduled to None, run_after=None
[2026-07-21T18:06:01.614+0000] {logging_mixin.py:188} INFO - [2026-07-21T18:06:01.614+0000] {dag.py:3823} INFO - Setting next_dagrun for dataset_produces_1 to 2026-07-20 00:00:00+00:00, run_after=2026-07-21 00:00:00+00:00
[2026-07-21T18:06:01.616+0000] {logging_mixin.py:188} INFO - [2026-07-21T18:06:01.615+0000] {dag.py:3823} INFO - Setting next_dagrun for dataset_produces_2 to None, run_after=None
[2026-07-21T18:06:01.646+0000] {processor.py:183} INFO - Processing /home/airflow/.local/lib/python3.8/site-packages/airflow/example_dags/example_datasets.py took 0.112 seconds
[2026-07-21T18:06:32.080+0000] {processor.py:161} INFO - Started process (PID=1196) to work on /home/airflow/.local/lib/python3.8/site-packages/airflow/example_dags/example_datasets.py
[2026-07-21T18:06:32.081+0000] {processor.py:830} INFO - Processing file /home/airflow/.local/lib/python3.8/site-packages/airflow/example_dags/example_datasets.py for tasks to queue
[2026-07-21T18:06:32.083+0000] {logging_mixin.py:188} INFO - [2026-07-21T18:06:32.083+0000] {dagbag.py:538} INFO - Filling up the DagBag from /home/airflow/.local/lib/python3.8/site-packages/airflow/example_dags/example_datasets.py
[2026-07-21T18:06:32.093+0000] {processor.py:840} INFO - DAG(s) 'dataset_consumes_unknown_never_scheduled', 'dataset_consumes_1_and_2', 'dataset_consumes_1', 'dataset_consumes_1_never_scheduled', 'dataset_produces_2', 'dataset_produces_1' retrieved from /home/airflow/.local/lib/python3.8/site-packages/airflow/example_dags/example_datasets.py
[2026-07-21T18:06:32.127+0000] {logging_mixin.py:188} INFO - [2026-07-21T18:06:32.127+0000] {dag.py:3036} INFO - Sync 6 DAGs
[2026-07-21T18:06:32.147+0000] {logging_mixin.py:188} INFO - [2026-07-21T18:06:32.147+0000] {dag.py:3823} INFO - Setting next_dagrun for dataset_consumes_1 to None, run_after=None
[2026-07-21T18:06:32.151+0000] {logging_mixin.py:188} INFO - [2026-07-21T18:06:32.151+0000] {dag.py:3823} INFO - Setting next_dagrun for dataset_consumes_1_and_2 to None, run_after=None
[2026-07-21T18:06:32.153+0000] {logging_mixin.py:188} INFO - [2026-07-21T18:06:32.152+0000] {dag.py:3823} INFO - Setting next_dagrun for dataset_consumes_1_never_scheduled to None, run_after=None
[2026-07-21T18:06:32.154+0000] {logging_mixin.py:188} INFO - [2026-07-21T18:06:32.154+0000] {dag.py:3823} INFO - Setting next_dagrun for dataset_consumes_unknown_never_scheduled to None, run_after=None
[2026-07-21T18:06:32.157+0000] {logging_mixin.py:188} INFO - [2026-07-21T18:06:32.157+0000] {dag.py:3823} INFO - Setting next_dagrun for dataset_produces_1 to 2026-07-20 00:00:00+00:00, run_after=2026-07-21 00:00:00+00:00
[2026-07-21T18:06:32.159+0000] {logging_mixin.py:188} INFO - [2026-07-21T18:06:32.159+0000] {dag.py:3823} INFO - Setting next_dagrun for dataset_produces_2 to None, run_after=None
[2026-07-21T18:06:32.189+0000] {processor.py:183} INFO - Processing /home/airflow/.local/lib/python3.8/site-packages/airflow/example_dags/example_datasets.py took 0.114 seconds
[2026-07-21T18:07:02.460+0000] {processor.py:161} INFO - Started process (PID=1252) to work on /home/airflow/.local/lib/python3.8/site-packages/airflow/example_dags/example_datasets.py
[2026-07-21T18:07:02.461+0000] {processor.py:830} INFO - Processing file /home/airflow/.local/lib/python3.8/site-packages/airflow/example_dags/example_datasets.py for tasks to queue
[2026-07-21T18:07:02.463+0000] {logging_mixin.py:188} INFO - [2026-07-21T18:07:02.463+0000] {dagbag.py:538} INFO - Filling up the DagBag from /home/airflow/.local/lib/python3.8/site-packages/airflow/example_dags/example_datasets.py
[2026-07-21T18:07:02.473+0000] {processor.py:840} INFO - DAG(s) 'dataset_produces_2', 'dataset_produces_1', 'dataset_consumes_1', 'dataset_consumes_unknown_never_scheduled', 'dataset_consumes_1_never_scheduled', 'dataset_consumes_1_and_2' retrieved from /home/airflow/.local/lib/python3.8/site-packages/airflow/example_dags/example_datasets.py
[2026-07-21T18:07:02.505+0000] {logging_mixin.py:188} INFO - [2026-07-21T18:07:02.505+0000] {dag.py:3036} INFO - Sync 6 DAGs
[2026-07-21T18:07:02.525+0000] {logging_mixin.py:188} INFO - [2026-07-21T18:07:02.524+0000] {dag.py:3823} INFO - Setting next_dagrun for dataset_consumes_1 to None, run_after=None
[2026-07-21T18:07:02.528+0000] {logging_mixin.py:188} INFO - [2026-07-21T18:07:02.527+0000] {dag.py:3823} INFO - Setting next_dagrun for dataset_consumes_1_and_2 to None, run_after=None
[2026-07-21T18:07:02.529+0000] {logging_mixin.py:188} INFO - [2026-07-21T18:07:02.529+0000] {dag.py:3823} INFO - Setting next_dagrun for dataset_consumes_1_never_scheduled to None, run_after=None
[2026-07-21T18:07:02.530+0000] {logging_mixin.py:188} INFO - [2026-07-21T18:07:02.530+0000] {dag.py:3823} INFO - Setting next_dagrun for dataset_consumes_unknown_never_scheduled to None, run_after=None
[2026-07-21T18:07:02.533+0000] {logging_mixin.py:188} INFO - [2026-07-21T18:07:02.533+0000] {dag.py:3823} INFO - Setting next_dagrun for dataset_produces_1 to 2026-07-20 00:00:00+00:00, run_after=2026-07-21 00:00:00+00:00
[2026-07-21T18:07:02.534+0000] {logging_mixin.py:188} INFO - [2026-07-21T18:07:02.534+0000] {dag.py:3823} INFO - Setting next_dagrun for dataset_produces_2 to None, run_after=None
[2026-07-21T18:07:02.562+0000] {processor.py:183} INFO - Processing /home/airflow/.local/lib/python3.8/site-packages/airflow/example_dags/example_datasets.py took 0.106 seconds
[2026-07-21T18:07:32.890+0000] {processor.py:161} INFO - Started process (PID=1309) to work on /home/airflow/.local/lib/python3.8/site-packages/airflow/example_dags/example_datasets.py
[2026-07-21T18:07:32.891+0000] {processor.py:830} INFO - Processing file /home/airflow/.local/lib/python3.8/site-packages/airflow/example_dags/example_datasets.py for tasks to queue
[2026-07-21T18:07:32.893+0000] {logging_mixin.py:188} INFO - [2026-07-21T18:07:32.893+0000] {dagbag.py:538} INFO - Filling up the DagBag from /home/airflow/.local/lib/python3.8/site-packages/airflow/example_dags/example_datasets.py
[2026-07-21T18:07:32.903+0000] {processor.py:840} INFO - DAG(s) 'dataset_consumes_1', 'dataset_produces_2', 'dataset_consumes_1_never_scheduled', 'dataset_consumes_1_and_2', 'dataset_produces_1', 'dataset_consumes_unknown_never_scheduled' retrieved from /home/airflow/.local/lib/python3.8/site-packages/airflow/example_dags/example_datasets.py
[2026-07-21T18:07:32.937+0000] {logging_mixin.py:188} INFO - [2026-07-21T18:07:32.936+0000] {dag.py:3036} INFO - Sync 6 DAGs
[2026-07-21T18:07:32.957+0000] {logging_mixin.py:188} INFO - [2026-07-21T18:07:32.957+0000] {dag.py:3823} INFO - Setting next_dagrun for dataset_consumes_1 to None, run_after=None
[2026-07-21T18:07:32.960+0000] {logging_mixin.py:188} INFO - [2026-07-21T18:07:32.960+0000] {dag.py:3823} INFO - Setting next_dagrun for dataset_consumes_1_and_2 to None, run_after=None
[2026-07-21T18:07:32.962+0000] {logging_mixin.py:188} INFO - [2026-07-21T18:07:32.961+0000] {dag.py:3823} INFO - Setting next_dagrun for dataset_consumes_1_never_scheduled to None, run_after=None
[2026-07-21T18:07:32.963+0000] {logging_mixin.py:188} INFO - [2026-07-21T18:07:32.962+0000] {dag.py:3823} INFO - Setting next_dagrun for dataset_consumes_unknown_never_scheduled to None, run_after=None
[2026-07-21T18:07:32.965+0000] {logging_mixin.py:188} INFO - [2026-07-21T18:07:32.965+0000] {dag.py:3823} INFO - Setting next_dagrun for dataset_produces_1 to 2026-07-20 00:00:00+00:00, run_after=2026-07-21 00:00:00+00:00
[2026-07-21T18:07:32.967+0000] {logging_mixin.py:188} INFO - [2026-07-21T18:07:32.966+0000] {dag.py:3823} INFO - Setting next_dagrun for dataset_produces_2 to None, run_after=None
[2026-07-21T18:07:32.994+0000] {processor.py:183} INFO - Processing /home/airflow/.local/lib/python3.8/site-packages/airflow/example_dags/example_datasets.py took 0.108 seconds
[2026-07-21T18:09:12.180+0000] {processor.py:161} INFO - Started process (PID=109) to work on /home/airflow/.local/lib/python3.8/site-packages/airflow/example_dags/example_datasets.py
[2026-07-21T18:09:12.181+0000] {processor.py:830} INFO - Processing file /home/airflow/.local/lib/python3.8/site-packages/airflow/example_dags/example_datasets.py for tasks to queue
[2026-07-21T18:09:12.184+0000] {logging_mixin.py:188} INFO - [2026-07-21T18:09:12.183+0000] {dagbag.py:538} INFO - Filling up the DagBag from /home/airflow/.local/lib/python3.8/site-packages/airflow/example_dags/example_datasets.py
[2026-07-21T18:09:12.201+0000] {processor.py:840} INFO - DAG(s) 'dataset_consumes_1_never_scheduled', 'dataset_consumes_1', 'dataset_produces_1', 'dataset_consumes_unknown_never_scheduled', 'dataset_consumes_1_and_2', 'dataset_produces_2' retrieved from /home/airflow/.local/lib/python3.8/site-packages/airflow/example_dags/example_datasets.py
[2026-07-21T18:09:12.228+0000] {logging_mixin.py:188} INFO - [2026-07-21T18:09:12.227+0000] {dag.py:3036} INFO - Sync 6 DAGs
[2026-07-21T18:09:12.259+0000] {logging_mixin.py:188} INFO - [2026-07-21T18:09:12.259+0000] {dag.py:3823} INFO - Setting next_dagrun for dataset_consumes_1 to None, run_after=None
[2026-07-21T18:09:12.265+0000] {logging_mixin.py:188} INFO - [2026-07-21T18:09:12.264+0000] {dag.py:3823} INFO - Setting next_dagrun for dataset_consumes_1_and_2 to None, run_after=None
[2026-07-21T18:09:12.267+0000] {logging_mixin.py:188} INFO - [2026-07-21T18:09:12.267+0000] {dag.py:3823} INFO - Setting next_dagrun for dataset_consumes_1_never_scheduled to None, run_after=None
[2026-07-21T18:09:12.268+0000] {logging_mixin.py:188} INFO - [2026-07-21T18:09:12.268+0000] {dag.py:3823} INFO - Setting next_dagrun for dataset_consumes_unknown_never_scheduled to None, run_after=None
[2026-07-21T18:09:12.272+0000] {logging_mixin.py:188} INFO - [2026-07-21T18:09:12.271+0000] {dag.py:3823} INFO - Setting next_dagrun for dataset_produces_1 to 2026-07-20 00:00:00+00:00, run_after=2026-07-21 00:00:00+00:00
[2026-07-21T18:09:12.274+0000] {logging_mixin.py:188} INFO - [2026-07-21T18:09:12.274+0000] {dag.py:3823} INFO - Setting next_dagrun for dataset_produces_2 to None, run_after=None
[2026-07-21T18:09:12.328+0000] {processor.py:183} INFO - Processing /home/airflow/.local/lib/python3.8/site-packages/airflow/example_dags/example_datasets.py took 0.153 seconds
[2026-07-21T18:09:42.908+0000] {processor.py:161} INFO - Started process (PID=165) to work on /home/airflow/.local/lib/python3.8/site-packages/airflow/example_dags/example_datasets.py
[2026-07-21T18:09:42.909+0000] {processor.py:830} INFO - Processing file /home/airflow/.local/lib/python3.8/site-packages/airflow/example_dags/example_datasets.py for tasks to queue
[2026-07-21T18:09:42.911+0000] {logging_mixin.py:188} INFO - [2026-07-21T18:09:42.911+0000] {dagbag.py:538} INFO - Filling up the DagBag from /home/airflow/.local/lib/python3.8/site-packages/airflow/example_dags/example_datasets.py
[2026-07-21T18:09:42.921+0000] {processor.py:840} INFO - DAG(s) 'dataset_produces_2', 'dataset_consumes_unknown_never_scheduled', 'dataset_consumes_1', 'dataset_consumes_1_never_scheduled', 'dataset_produces_1', 'dataset_consumes_1_and_2' retrieved from /home/airflow/.local/lib/python3.8/site-packages/airflow/example_dags/example_datasets.py
[2026-07-21T18:09:43.070+0000] {logging_mixin.py:188} INFO - [2026-07-21T18:09:43.070+0000] {dag.py:3036} INFO - Sync 6 DAGs
[2026-07-21T18:09:43.088+0000] {logging_mixin.py:188} INFO - [2026-07-21T18:09:43.088+0000] {dag.py:3823} INFO - Setting next_dagrun for dataset_consumes_1 to None, run_after=None
[2026-07-21T18:09:43.091+0000] {logging_mixin.py:188} INFO - [2026-07-21T18:09:43.091+0000] {dag.py:3823} INFO - Setting next_dagrun for dataset_consumes_1_and_2 to None, run_after=None
[2026-07-21T18:09:43.093+0000] {logging_mixin.py:188} INFO - [2026-07-21T18:09:43.092+0000] {dag.py:3823} INFO - Setting next_dagrun for dataset_consumes_1_never_scheduled to None, run_after=None
[2026-07-21T18:09:43.094+0000] {logging_mixin.py:188} INFO - [2026-07-21T18:09:43.094+0000] {dag.py:3823} INFO - Setting next_dagrun for dataset_consumes_unknown_never_scheduled to None, run_after=None
[2026-07-21T18:09:43.097+0000] {logging_mixin.py:188} INFO - [2026-07-21T18:09:43.096+0000] {dag.py:3823} INFO - Setting next_dagrun for dataset_produces_1 to 2026-07-20 00:00:00+00:00, run_after=2026-07-21 00:00:00+00:00
[2026-07-21T18:09:43.098+0000] {logging_mixin.py:188} INFO - [2026-07-21T18:09:43.098+0000] {dag.py:3823} INFO - Setting next_dagrun for dataset_produces_2 to None, run_after=None
[2026-07-21T18:09:43.128+0000] {processor.py:183} INFO - Processing /home/airflow/.local/lib/python3.8/site-packages/airflow/example_dags/example_datasets.py took 0.225 seconds
[2026-07-21T18:10:14.086+0000] {processor.py:161} INFO - Started process (PID=221) to work on /home/airflow/.local/lib/python3.8/site-packages/airflow/example_dags/example_datasets.py
[2026-07-21T18:10:14.087+0000] {processor.py:830} INFO - Processing file /home/airflow/.local/lib/python3.8/site-packages/airflow/example_dags/example_datasets.py for tasks to queue
[2026-07-21T18:10:14.089+0000] {logging_mixin.py:188} INFO - [2026-07-21T18:10:14.089+0000] {dagbag.py:538} INFO - Filling up the DagBag from /home/airflow/.local/lib/python3.8/site-packages/airflow/example_dags/example_datasets.py
[2026-07-21T18:10:14.098+0000] {processor.py:840} INFO - DAG(s) 'dataset_produces_1', 'dataset_consumes_1_never_scheduled', 'dataset_consumes_unknown_never_scheduled', 'dataset_consumes_1', 'dataset_produces_2', 'dataset_consumes_1_and_2' retrieved from /home/airflow/.local/lib/python3.8/site-packages/airflow/example_dags/example_datasets.py
[2026-07-21T18:10:14.137+0000] {logging_mixin.py:188} INFO - [2026-07-21T18:10:14.137+0000] {dag.py:3036} INFO - Sync 6 DAGs
[2026-07-21T18:10:14.159+0000] {logging_mixin.py:188} INFO - [2026-07-21T18:10:14.159+0000] {dag.py:3823} INFO - Setting next_dagrun for dataset_consumes_1 to None, run_after=None
[2026-07-21T18:10:14.163+0000] {logging_mixin.py:188} INFO - [2026-07-21T18:10:14.163+0000] {dag.py:3823} INFO - Setting next_dagrun for dataset_consumes_1_and_2 to None, run_after=None
[2026-07-21T18:10:14.164+0000] {logging_mixin.py:188} INFO - [2026-07-21T18:10:14.164+0000] {dag.py:3823} INFO - Setting next_dagrun for dataset_consumes_1_never_scheduled to None, run_after=None
[2026-07-21T18:10:14.166+0000] {logging_mixin.py:188} INFO - [2026-07-21T18:10:14.165+0000] {dag.py:3823} INFO - Setting next_dagrun for dataset_consumes_unknown_never_scheduled to None, run_after=None
[2026-07-21T18:10:14.169+0000] {logging_mixin.py:188} INFO - [2026-07-21T18:10:14.168+0000] {dag.py:3823} INFO - Setting next_dagrun for dataset_produces_1 to 2026-07-20 00:00:00+00:00, run_after=2026-07-21 00:00:00+00:00
[2026-07-21T18:10:14.171+0000] {logging_mixin.py:188} INFO - [2026-07-21T18:10:14.171+0000] {dag.py:3823} INFO - Setting next_dagrun for dataset_produces_2 to None, run_after=None
[2026-07-21T18:10:14.210+0000] {processor.py:183} INFO - Processing /home/airflow/.local/lib/python3.8/site-packages/airflow/example_dags/example_datasets.py took 0.128 seconds
[2026-07-21T18:10:44.299+0000] {processor.py:161} INFO - Started process (PID=277) to work on /home/airflow/.local/lib/python3.8/site-packages/airflow/example_dags/example_datasets.py
[2026-07-21T18:10:44.300+0000] {processor.py:830} INFO - Processing file /home/airflow/.local/lib/python3.8/site-packages/airflow/example_dags/example_datasets.py for tasks to queue
[2026-07-21T18:10:44.302+0000] {logging_mixin.py:188} INFO - [2026-07-21T18:10:44.301+0000] {dagbag.py:538} INFO - Filling up the DagBag from /home/airflow/.local/lib/python3.8/site-packages/airflow/example_dags/example_datasets.py
[2026-07-21T18:10:44.311+0000] {processor.py:840} INFO - DAG(s) 'dataset_consumes_1_never_scheduled', 'dataset_produces_1', 'dataset_produces_2', 'dataset_consumes_1_and_2', 'dataset_consumes_1', 'dataset_consumes_unknown_never_scheduled' retrieved from /home/airflow/.local/lib/python3.8/site-packages/airflow/example_dags/example_datasets.py
[2026-07-21T18:10:44.346+0000] {logging_mixin.py:188} INFO - [2026-07-21T18:10:44.346+0000] {dag.py:3036} INFO - Sync 6 DAGs
[2026-07-21T18:10:44.370+0000] {logging_mixin.py:188} INFO - [2026-07-21T18:10:44.369+0000] {dag.py:3823} INFO - Setting next_dagrun for dataset_consumes_1 to None, run_after=None
[2026-07-21T18:10:44.373+0000] {logging_mixin.py:188} INFO - [2026-07-21T18:10:44.373+0000] {dag.py:3823} INFO - Setting next_dagrun for dataset_consumes_1_and_2 to None, run_after=None
[2026-07-21T18:10:44.374+0000] {logging_mixin.py:188} INFO - [2026-07-21T18:10:44.374+0000] {dag.py:3823} INFO - Setting next_dagrun for dataset_consumes_1_never_scheduled to None, run_after=None
[2026-07-21T18:10:44.375+0000] {logging_mixin.py:188} INFO - [2026-07-21T18:10:44.375+0000] {dag.py:3823} INFO - Setting next_dagrun for dataset_consumes_unknown_never_scheduled to None, run_after=None
[2026-07-21T18:10:44.378+0000] {logging_mixin.py:188} INFO - [2026-07-21T18:10:44.378+0000] {dag.py:3823} INFO - Setting next_dagrun for dataset_produces_1 to 2026-07-20 00:00:00+00:00, run_after=2026-07-21 00:00:00+00:00
[2026-07-21T18:10:44.379+0000] {logging_mixin.py:188} INFO - [2026-07-21T18:10:44.379+0000] {dag.py:3823} INFO - Setting next_dagrun for dataset_produces_2 to None, run_after=None
[2026-07-21T18:10:44.408+0000] {processor.py:183} INFO - Processing /home/airflow/.local/lib/python3.8/site-packages/airflow/example_dags/example_datasets.py took 0.113 seconds
[2026-07-21T18:11:14.742+0000] {processor.py:161} INFO - Started process (PID=333) to work on /home/airflow/.local/lib/python3.8/site-packages/airflow/example_dags/example_datasets.py
[2026-07-21T18:11:14.743+0000] {processor.py:830} INFO - Processing file /home/airflow/.local/lib/python3.8/site-packages/airflow/example_dags/example_datasets.py for tasks to queue
[2026-07-21T18:11:14.745+0000] {logging_mixin.py:188} INFO - [2026-07-21T18:11:14.745+0000] {dagbag.py:538} INFO - Filling up the DagBag from /home/airflow/.local/lib/python3.8/site-packages/airflow/example_dags/example_datasets.py
[2026-07-21T18:11:14.755+0000] {processor.py:840} INFO - DAG(s) 'dataset_produces_2', 'dataset_produces_1', 'dataset_consumes_1', 'dataset_consumes_1_and_2', 'dataset_consumes_unknown_never_scheduled', 'dataset_consumes_1_never_scheduled' retrieved from /home/airflow/.local/lib/python3.8/site-packages/airflow/example_dags/example_datasets.py
[2026-07-21T18:11:14.789+0000] {logging_mixin.py:188} INFO - [2026-07-21T18:11:14.789+0000] {dag.py:3036} INFO - Sync 6 DAGs
[2026-07-21T18:11:14.811+0000] {logging_mixin.py:188} INFO - [2026-07-21T18:11:14.810+0000] {dag.py:3823} INFO - Setting next_dagrun for dataset_consumes_1 to None, run_after=None
[2026-07-21T18:11:14.818+0000] {logging_mixin.py:188} INFO - [2026-07-21T18:11:14.817+0000] {dag.py:3823} INFO - Setting next_dagrun for dataset_consumes_1_and_2 to None, run_after=None
[2026-07-21T18:11:14.819+0000] {logging_mixin.py:188} INFO - [2026-07-21T18:11:14.819+0000] {dag.py:3823} INFO - Setting next_dagrun for dataset_consumes_1_never_scheduled to None, run_after=None
[2026-07-21T18:11:14.821+0000] {logging_mixin.py:188} INFO - [2026-07-21T18:11:14.820+0000] {dag.py:3823} INFO - Setting next_dagrun for dataset_consumes_unknown_never_scheduled to None, run_after=None
[2026-07-21T18:11:14.824+0000] {logging_mixin.py:188} INFO - [2026-07-21T18:11:14.824+0000] {dag.py:3823} INFO - Setting next_dagrun for dataset_produces_1 to 2026-07-20 00:00:00+00:00, run_after=2026-07-21 00:00:00+00:00
[2026-07-21T18:11:14.826+0000] {logging_mixin.py:188} INFO - [2026-07-21T18:11:14.826+0000] {dag.py:3823} INFO - Setting next_dagrun for dataset_produces_2 to None, run_after=None
[2026-07-21T18:11:14.860+0000] {processor.py:183} INFO - Processing /home/airflow/.local/lib/python3.8/site-packages/airflow/example_dags/example_datasets.py took 0.122 seconds
[2026-07-21T18:11:45.204+0000] {processor.py:161} INFO - Started process (PID=389) to work on /home/airflow/.local/lib/python3.8/site-packages/airflow/example_dags/example_datasets.py
[2026-07-21T18:11:45.206+0000] {processor.py:830} INFO - Processing file /home/airflow/.local/lib/python3.8/site-packages/airflow/example_dags/example_datasets.py for tasks to queue
[2026-07-21T18:11:45.209+0000] {logging_mixin.py:188} INFO - [2026-07-21T18:11:45.208+0000] {dagbag.py:538} INFO - Filling up the DagBag from /home/airflow/.local/lib/python3.8/site-packages/airflow/example_dags/example_datasets.py
[2026-07-21T18:11:45.218+0000] {processor.py:840} INFO - DAG(s) 'dataset_consumes_1_and_2', 'dataset_consumes_1_never_scheduled', 'dataset_consumes_1', 'dataset_produces_2', 'dataset_produces_1', 'dataset_consumes_unknown_never_scheduled' retrieved from /home/airflow/.local/lib/python3.8/site-packages/airflow/example_dags/example_datasets.py
[2026-07-21T18:11:45.252+0000] {logging_mixin.py:188} INFO - [2026-07-21T18:11:45.252+0000] {dag.py:3036} INFO - Sync 6 DAGs
[2026-07-21T18:11:45.275+0000] {logging_mixin.py:188} INFO - [2026-07-21T18:11:45.275+0000] {dag.py:3823} INFO - Setting next_dagrun for dataset_consumes_1 to None, run_after=None
[2026-07-21T18:11:45.279+0000] {logging_mixin.py:188} INFO - [2026-07-21T18:11:45.279+0000] {dag.py:3823} INFO - Setting next_dagrun for dataset_consumes_1_and_2 to None, run_after=None
[2026-07-21T18:11:45.280+0000] {logging_mixin.py:188} INFO - [2026-07-21T18:11:45.280+0000] {dag.py:3823} INFO - Setting next_dagrun for dataset_consumes_1_never_scheduled to None, run_after=None
[2026-07-21T18:11:45.281+0000] {logging_mixin.py:188} INFO - [2026-07-21T18:11:45.281+0000] {dag.py:3823} INFO - Setting next_dagrun for dataset_consumes_unknown_never_scheduled to None, run_after=None
[2026-07-21T18:11:45.284+0000] {logging_mixin.py:188} INFO - [2026-07-21T18:11:45.283+0000] {dag.py:3823} INFO - Setting next_dagrun for dataset_produces_1 to 2026-07-20 00:00:00+00:00, run_after=2026-07-21 00:00:00+00:00
[2026-07-21T18:11:45.285+0000] {logging_mixin.py:188} INFO - [2026-07-21T18:11:45.284+0000] {dag.py:3823} INFO - Setting next_dagrun for dataset_produces_2 to None, run_after=None
[2026-07-21T18:11:45.315+0000] {processor.py:183} INFO - Processing /home/airflow/.local/lib/python3.8/site-packages/airflow/example_dags/example_datasets.py took 0.114 seconds
[2026-07-21T18:12:15.803+0000] {processor.py:161} INFO - Started process (PID=445) to work on /home/airflow/.local/lib/python3.8/site-packages/airflow/example_dags/example_datasets.py
[2026-07-21T18:12:15.805+0000] {processor.py:830} INFO - Processing file /home/airflow/.local/lib/python3.8/site-packages/airflow/example_dags/example_datasets.py for tasks to queue
[2026-07-21T18:12:15.808+0000] {logging_mixin.py:188} INFO - [2026-07-21T18:12:15.808+0000] {dagbag.py:538} INFO - Filling up the DagBag from /home/airflow/.local/lib/python3.8/site-packages/airflow/example_dags/example_datasets.py
[2026-07-21T18:12:15.819+0000] {processor.py:840} INFO - DAG(s) 'dataset_consumes_1_and_2', 'dataset_produces_1', 'dataset_consumes_1', 'dataset_consumes_unknown_never_scheduled', 'dataset_consumes_1_never_scheduled', 'dataset_produces_2' retrieved from /home/airflow/.local/lib/python3.8/site-packages/airflow/example_dags/example_datasets.py
[2026-07-21T18:12:15.857+0000] {logging_mixin.py:188} INFO - [2026-07-21T18:12:15.857+0000] {dag.py:3036} INFO - Sync 6 DAGs
[2026-07-21T18:12:15.879+0000] {logging_mixin.py:188} INFO - [2026-07-21T18:12:15.879+0000] {dag.py:3823} INFO - Setting next_dagrun for dataset_consumes_1 to None, run_after=None
[2026-07-21T18:12:15.883+0000] {logging_mixin.py:188} INFO - [2026-07-21T18:12:15.883+0000] {dag.py:3823} INFO - Setting next_dagrun for dataset_consumes_1_and_2 to None, run_after=None
[2026-07-21T18:12:15.885+0000] {logging_mixin.py:188} INFO - [2026-07-21T18:12:15.885+0000] {dag.py:3823} INFO - Setting next_dagrun for dataset_consumes_1_never_scheduled to None, run_after=None
[2026-07-21T18:12:15.886+0000] {logging_mixin.py:188} INFO - [2026-07-21T18:12:15.886+0000] {dag.py:3823} INFO - Setting next_dagrun for dataset_consumes_unknown_never_scheduled to None, run_after=None
[2026-07-21T18:12:15.889+0000] {logging_mixin.py:188} INFO - [2026-07-21T18:12:15.889+0000] {dag.py:3823} INFO - Setting next_dagrun for dataset_produces_1 to 2026-07-20 00:00:00+00:00, run_after=2026-07-21 00:00:00+00:00
[2026-07-21T18:12:15.890+0000] {logging_mixin.py:188} INFO - [2026-07-21T18:12:15.890+0000] {dag.py:3823} INFO - Setting next_dagrun for dataset_produces_2 to None, run_after=None
[2026-07-21T18:12:15.921+0000] {processor.py:183} INFO - Processing /home/airflow/.local/lib/python3.8/site-packages/airflow/example_dags/example_datasets.py took 0.122 seconds
[2026-07-21T18:12:46.746+0000] {processor.py:161} INFO - Started process (PID=501) to work on /home/airflow/.local/lib/python3.8/site-packages/airflow/example_dags/example_datasets.py
[2026-07-21T18:12:46.747+0000] {processor.py:830} INFO - Processing file /home/airflow/.local/lib/python3.8/site-packages/airflow/example_dags/example_datasets.py for tasks to queue
[2026-07-21T18:12:46.749+0000] {logging_mixin.py:188} INFO - [2026-07-21T18:12:46.749+0000] {dagbag.py:538} INFO - Filling up the DagBag from /home/airflow/.local/lib/python3.8/site-packages/airflow/example_dags/example_datasets.py
[2026-07-21T18:12:46.760+0000] {processor.py:840} INFO - DAG(s) 'dataset_consumes_1_and_2', 'dataset_consumes_unknown_never_scheduled', 'dataset_produces_2', 'dataset_consumes_1_never_scheduled', 'dataset_produces_1', 'dataset_consumes_1' retrieved from /home/airflow/.local/lib/python3.8/site-packages/airflow/example_dags/example_datasets.py
[2026-07-21T18:12:46.795+0000] {logging_mixin.py:188} INFO - [2026-07-21T18:12:46.795+0000] {dag.py:3036} INFO - Sync 6 DAGs
[2026-07-21T18:12:46.816+0000] {logging_mixin.py:188} INFO - [2026-07-21T18:12:46.815+0000] {dag.py:3823} INFO - Setting next_dagrun for dataset_consumes_1 to None, run_after=None
[2026-07-21T18:12:46.819+0000] {logging_mixin.py:188} INFO - [2026-07-21T18:12:46.819+0000] {dag.py:3823} INFO - Setting next_dagrun for dataset_consumes_1_and_2 to None, run_after=None
[2026-07-21T18:12:46.821+0000] {logging_mixin.py:188} INFO - [2026-07-21T18:12:46.821+0000] {dag.py:3823} INFO - Setting next_dagrun for dataset_consumes_1_never_scheduled to None, run_after=None
[2026-07-21T18:12:46.822+0000] {logging_mixin.py:188} INFO - [2026-07-21T18:12:46.822+0000] {dag.py:3823} INFO - Setting next_dagrun for dataset_consumes_unknown_never_scheduled to None, run_after=None
[2026-07-21T18:12:46.824+0000] {logging_mixin.py:188} INFO - [2026-07-21T18:12:46.824+0000] {dag.py:3823} INFO - Setting next_dagrun for dataset_produces_1 to 2026-07-20 00:00:00+00:00, run_after=2026-07-21 00:00:00+00:00
[2026-07-21T18:12:46.826+0000] {logging_mixin.py:188} INFO - [2026-07-21T18:12:46.826+0000] {dag.py:3823} INFO - Setting next_dagrun for dataset_produces_2 to None, run_after=None
[2026-07-21T18:12:46.856+0000] {processor.py:183} INFO - Processing /home/airflow/.local/lib/python3.8/site-packages/airflow/example_dags/example_datasets.py took 0.114 seconds
[2026-07-21T18:13:17.493+0000] {processor.py:161} INFO - Started process (PID=557) to work on /home/airflow/.local/lib/python3.8/site-packages/airflow/example_dags/example_datasets.py
[2026-07-21T18:13:17.494+0000] {processor.py:830} INFO - Processing file /home/airflow/.local/lib/python3.8/site-packages/airflow/example_dags/example_datasets.py for tasks to queue
[2026-07-21T18:13:17.496+0000] {logging_mixin.py:188} INFO - [2026-07-21T18:13:17.496+0000] {dagbag.py:538} INFO - Filling up the DagBag from /home/airflow/.local/lib/python3.8/site-packages/airflow/example_dags/example_datasets.py
[2026-07-21T18:13:17.507+0000] {processor.py:840} INFO - DAG(s) 'dataset_produces_1', 'dataset_consumes_1_never_scheduled', 'dataset_consumes_1_and_2', 'dataset_produces_2', 'dataset_consumes_1', 'dataset_consumes_unknown_never_scheduled' retrieved from /home/airflow/.local/lib/python3.8/site-packages/airflow/example_dags/example_datasets.py
[2026-07-21T18:13:17.545+0000] {logging_mixin.py:188} INFO - [2026-07-21T18:13:17.545+0000] {dag.py:3036} INFO - Sync 6 DAGs
[2026-07-21T18:13:17.567+0000] {logging_mixin.py:188} INFO - [2026-07-21T18:13:17.567+0000] {dag.py:3823} INFO - Setting next_dagrun for dataset_consumes_1 to None, run_after=None
[2026-07-21T18:13:17.572+0000] {logging_mixin.py:188} INFO - [2026-07-21T18:13:17.571+0000] {dag.py:3823} INFO - Setting next_dagrun for dataset_consumes_1_and_2 to None, run_after=None
[2026-07-21T18:13:17.573+0000] {logging_mixin.py:188} INFO - [2026-07-21T18:13:17.573+0000] {dag.py:3823} INFO - Setting next_dagrun for dataset_consumes_1_never_scheduled to None, run_after=None
[2026-07-21T18:13:17.575+0000] {logging_mixin.py:188} INFO - [2026-07-21T18:13:17.575+0000] {dag.py:3823} INFO - Setting next_dagrun for dataset_consumes_unknown_never_scheduled to None, run_after=None
[2026-07-21T18:13:17.578+0000] {logging_mixin.py:188} INFO - [2026-07-21T18:13:17.577+0000] {dag.py:3823} INFO - Setting next_dagrun for dataset_produces_1 to 2026-07-20 00:00:00+00:00, run_after=2026-07-21 00:00:00+00:00
[2026-07-21T18:13:17.579+0000] {logging_mixin.py:188} INFO - [2026-07-21T18:13:17.579+0000] {dag.py:3823} INFO - Setting next_dagrun for dataset_produces_2 to None, run_after=None
[2026-07-21T18:13:17.611+0000] {processor.py:183} INFO - Processing /home/airflow/.local/lib/python3.8/site-packages/airflow/example_dags/example_datasets.py took 0.123 seconds
[2026-07-21T18:13:47.958+0000] {processor.py:161} INFO - Started process (PID=613) to work on /home/airflow/.local/lib/python3.8/site-packages/airflow/example_dags/example_datasets.py
[2026-07-21T18:13:47.959+0000] {processor.py:830} INFO - Processing file /home/airflow/.local/lib/python3.8/site-packages/airflow/example_dags/example_datasets.py for tasks to queue
[2026-07-21T18:13:47.961+0000] {logging_mixin.py:188} INFO - [2026-07-21T18:13:47.961+0000] {dagbag.py:538} INFO - Filling up the DagBag from /home/airflow/.local/lib/python3.8/site-packages/airflow/example_dags/example_datasets.py
[2026-07-21T18:13:47.971+0000] {processor.py:840} INFO - DAG(s) 'dataset_consumes_1', 'dataset_consumes_1_never_scheduled', 'dataset_produces_2', 'dataset_consumes_1_and_2', 'dataset_consumes_unknown_never_scheduled', 'dataset_produces_1' retrieved from /home/airflow/.local/lib/python3.8/site-packages/airflow/example_dags/example_datasets.py
[2026-07-21T18:13:48.005+0000] {logging_mixin.py:188} INFO - [2026-07-21T18:13:48.005+0000] {dag.py:3036} INFO - Sync 6 DAGs
[2026-07-21T18:13:48.026+0000] {logging_mixin.py:188} INFO - [2026-07-21T18:13:48.026+0000] {dag.py:3823} INFO - Setting next_dagrun for dataset_consumes_1 to None, run_after=None
[2026-07-21T18:13:48.030+0000] {logging_mixin.py:188} INFO - [2026-07-21T18:13:48.030+0000] {dag.py:3823} INFO - Setting next_dagrun for dataset_consumes_1_and_2 to None, run_after=None
[2026-07-21T18:13:48.031+0000] {logging_mixin.py:188} INFO - [2026-07-21T18:13:48.031+0000] {dag.py:3823} INFO - Setting next_dagrun for dataset_consumes_1_never_scheduled to None, run_after=None
[2026-07-21T18:13:48.032+0000] {logging_mixin.py:188} INFO - [2026-07-21T18:13:48.032+0000] {dag.py:3823} INFO - Setting next_dagrun for dataset_consumes_unknown_never_scheduled to None, run_after=None
[2026-07-21T18:13:48.035+0000] {logging_mixin.py:188} INFO - [2026-07-21T18:13:48.034+0000] {dag.py:3823} INFO - Setting next_dagrun for dataset_produces_1 to 2026-07-20 00:00:00+00:00, run_after=2026-07-21 00:00:00+00:00
[2026-07-21T18:13:48.036+0000] {logging_mixin.py:188} INFO - [2026-07-21T18:13:48.036+0000] {dag.py:3823} INFO - Setting next_dagrun for dataset_produces_2 to None, run_after=None
[2026-07-21T18:13:48.064+0000] {processor.py:183} INFO - Processing /home/airflow/.local/lib/python3.8/site-packages/airflow/example_dags/example_datasets.py took 0.111 seconds
[2026-07-21T18:14:18.896+0000] {processor.py:161} INFO - Started process (PID=669) to work on /home/airflow/.local/lib/python3.8/site-packages/airflow/example_dags/example_datasets.py
[2026-07-21T18:14:18.897+0000] {processor.py:830} INFO - Processing file /home/airflow/.local/lib/python3.8/site-packages/airflow/example_dags/example_datasets.py for tasks to queue
[2026-07-21T18:14:18.900+0000] {logging_mixin.py:188} INFO - [2026-07-21T18:14:18.899+0000] {dagbag.py:538} INFO - Filling up the DagBag from /home/airflow/.local/lib/python3.8/site-packages/airflow/example_dags/example_datasets.py
[2026-07-21T18:14:18.910+0000] {processor.py:840} INFO - DAG(s) 'dataset_produces_2', 'dataset_consumes_unknown_never_scheduled', 'dataset_consumes_1_never_scheduled', 'dataset_consumes_1', 'dataset_produces_1', 'dataset_consumes_1_and_2' retrieved from /home/airflow/.local/lib/python3.8/site-packages/airflow/example_dags/example_datasets.py
[2026-07-21T18:14:18.944+0000] {logging_mixin.py:188} INFO - [2026-07-21T18:14:18.944+0000] {dag.py:3036} INFO - Sync 6 DAGs
[2026-07-21T18:14:18.964+0000] {logging_mixin.py:188} INFO - [2026-07-21T18:14:18.964+0000] {dag.py:3823} INFO - Setting next_dagrun for dataset_consumes_1 to None, run_after=None
[2026-07-21T18:14:18.968+0000] {logging_mixin.py:188} INFO - [2026-07-21T18:14:18.968+0000] {dag.py:3823} INFO - Setting next_dagrun for dataset_consumes_1_and_2 to None, run_after=None
[2026-07-21T18:14:18.969+0000] {logging_mixin.py:188} INFO - [2026-07-21T18:14:18.969+0000] {dag.py:3823} INFO - Setting next_dagrun for dataset_consumes_1_never_scheduled to None, run_after=None
[2026-07-21T18:14:18.971+0000] {logging_mixin.py:188} INFO - [2026-07-21T18:14:18.970+0000] {dag.py:3823} INFO - Setting next_dagrun for dataset_consumes_unknown_never_scheduled to None, run_after=None
[2026-07-21T18:14:18.973+0000] {logging_mixin.py:188} INFO - [2026-07-21T18:14:18.973+0000] {dag.py:3823} INFO - Setting next_dagrun for dataset_produces_1 to 2026-07-20 00:00:00+00:00, run_after=2026-07-21 00:00:00+00:00
[2026-07-21T18:14:18.975+0000] {logging_mixin.py:188} INFO - [2026-07-21T18:14:18.974+0000] {dag.py:3823} INFO - Setting next_dagrun for dataset_produces_2 to None, run_after=None
[2026-07-21T18:14:19.005+0000] {processor.py:183} INFO - Processing /home/airflow/.local/lib/python3.8/site-packages/airflow/example_dags/example_datasets.py took 0.114 seconds
[2026-07-21T18:14:50.091+0000] {processor.py:161} INFO - Started process (PID=726) to work on /home/airflow/.local/lib/python3.8/site-packages/airflow/example_dags/example_datasets.py
[2026-07-21T18:14:50.093+0000] {processor.py:830} INFO - Processing file /home/airflow/.local/lib/python3.8/site-packages/airflow/example_dags/example_datasets.py for tasks to queue
[2026-07-21T18:14:50.095+0000] {logging_mixin.py:188} INFO - [2026-07-21T18:14:50.095+0000] {dagbag.py:538} INFO - Filling up the DagBag from /home/airflow/.local/lib/python3.8/site-packages/airflow/example_dags/example_datasets.py
[2026-07-21T18:14:50.105+0000] {processor.py:840} INFO - DAG(s) 'dataset_consumes_1', 'dataset_consumes_1_and_2', 'dataset_produces_1', 'dataset_produces_2', 'dataset_consumes_unknown_never_scheduled', 'dataset_consumes_1_never_scheduled' retrieved from /home/airflow/.local/lib/python3.8/site-packages/airflow/example_dags/example_datasets.py
[2026-07-21T18:14:50.141+0000] {logging_mixin.py:188} INFO - [2026-07-21T18:14:50.140+0000] {dag.py:3036} INFO - Sync 6 DAGs
[2026-07-21T18:14:50.165+0000] {logging_mixin.py:188} INFO - [2026-07-21T18:14:50.165+0000] {dag.py:3823} INFO - Setting next_dagrun for dataset_consumes_1 to None, run_after=None
[2026-07-21T18:14:50.169+0000] {logging_mixin.py:188} INFO - [2026-07-21T18:14:50.169+0000] {dag.py:3823} INFO - Setting next_dagrun for dataset_consumes_1_and_2 to None, run_after=None
[2026-07-21T18:14:50.171+0000] {logging_mixin.py:188} INFO - [2026-07-21T18:14:50.171+0000] {dag.py:3823} INFO - Setting next_dagrun for dataset_consumes_1_never_scheduled to None, run_after=None
[2026-07-21T18:14:50.172+0000] {logging_mixin.py:188} INFO - [2026-07-21T18:14:50.172+0000] {dag.py:3823} INFO - Setting next_dagrun for dataset_consumes_unknown_never_scheduled to None, run_after=None
[2026-07-21T18:14:50.175+0000] {logging_mixin.py:188} INFO - [2026-07-21T18:14:50.175+0000] {dag.py:3823} INFO - Setting next_dagrun for dataset_produces_1 to 2026-07-20 00:00:00+00:00, run_after=2026-07-21 00:00:00+00:00
[2026-07-21T18:14:50.177+0000] {logging_mixin.py:188} INFO - [2026-07-21T18:14:50.177+0000] {dag.py:3823} INFO - Setting next_dagrun for dataset_produces_2 to None, run_after=None
[2026-07-21T18:14:50.212+0000] {processor.py:183} INFO - Processing /home/airflow/.local/lib/python3.8/site-packages/airflow/example_dags/example_datasets.py took 0.124 seconds
[2026-07-21T18:15:20.771+0000] {processor.py:161} INFO - Started process (PID=782) to work on /home/airflow/.local/lib/python3.8/site-packages/airflow/example_dags/example_datasets.py
[2026-07-21T18:15:20.772+0000] {processor.py:830} INFO - Processing file /home/airflow/.local/lib/python3.8/site-packages/airflow/example_dags/example_datasets.py for tasks to queue
[2026-07-21T18:15:20.774+0000] {logging_mixin.py:188} INFO - [2026-07-21T18:15:20.774+0000] {dagbag.py:538} INFO - Filling up the DagBag from /home/airflow/.local/lib/python3.8/site-packages/airflow/example_dags/example_datasets.py
[2026-07-21T18:15:20.785+0000] {processor.py:840} INFO - DAG(s) 'dataset_produces_2', 'dataset_consumes_1', 'dataset_consumes_1_and_2', 'dataset_consumes_1_never_scheduled', 'dataset_consumes_unknown_never_scheduled', 'dataset_produces_1' retrieved from /home/airflow/.local/lib/python3.8/site-packages/airflow/example_dags/example_datasets.py
[2026-07-21T18:15:20.824+0000] {logging_mixin.py:188} INFO - [2026-07-21T18:15:20.824+0000] {dag.py:3036} INFO - Sync 6 DAGs
[2026-07-21T18:15:20.848+0000] {logging_mixin.py:188} INFO - [2026-07-21T18:15:20.848+0000] {dag.py:3823} INFO - Setting next_dagrun for dataset_consumes_1 to None, run_after=None
[2026-07-21T18:15:20.852+0000] {logging_mixin.py:188} INFO - [2026-07-21T18:15:20.852+0000] {dag.py:3823} INFO - Setting next_dagrun for dataset_consumes_1_and_2 to None, run_after=None
[2026-07-21T18:15:20.853+0000] {logging_mixin.py:188} INFO - [2026-07-21T18:15:20.853+0000] {dag.py:3823} INFO - Setting next_dagrun for dataset_consumes_1_never_scheduled to None, run_after=None
[2026-07-21T18:15:20.854+0000] {logging_mixin.py:188} INFO - [2026-07-21T18:15:20.854+0000] {dag.py:3823} INFO - Setting next_dagrun for dataset_consumes_unknown_never_scheduled to None, run_after=None
[2026-07-21T18:15:20.857+0000] {logging_mixin.py:188} INFO - [2026-07-21T18:15:20.857+0000] {dag.py:3823} INFO - Setting next_dagrun for dataset_produces_1 to 2026-07-20 00:00:00+00:00, run_after=2026-07-21 00:00:00+00:00
[2026-07-21T18:15:20.859+0000] {logging_mixin.py:188} INFO - [2026-07-21T18:15:20.859+0000] {dag.py:3823} INFO - Setting next_dagrun for dataset_produces_2 to None, run_after=None
[2026-07-21T18:15:20.889+0000] {processor.py:183} INFO - Processing /home/airflow/.local/lib/python3.8/site-packages/airflow/example_dags/example_datasets.py took 0.122 seconds
[2026-07-21T18:15:51.583+0000] {processor.py:161} INFO - Started process (PID=838) to work on /home/airflow/.local/lib/python3.8/site-packages/airflow/example_dags/example_datasets.py
[2026-07-21T18:15:51.584+0000] {processor.py:830} INFO - Processing file /home/airflow/.local/lib/python3.8/site-packages/airflow/example_dags/example_datasets.py for tasks to queue
[2026-07-21T18:15:51.586+0000] {logging_mixin.py:188} INFO - [2026-07-21T18:15:51.586+0000] {dagbag.py:538} INFO - Filling up the DagBag from /home/airflow/.local/lib/python3.8/site-packages/airflow/example_dags/example_datasets.py
[2026-07-21T18:15:51.596+0000] {processor.py:840} INFO - DAG(s) 'dataset_produces_2', 'dataset_consumes_1_and_2', 'dataset_consumes_unknown_never_scheduled', 'dataset_produces_1', 'dataset_consumes_1_never_scheduled', 'dataset_consumes_1' retrieved from /home/airflow/.local/lib/python3.8/site-packages/airflow/example_dags/example_datasets.py
[2026-07-21T18:15:51.631+0000] {logging_mixin.py:188} INFO - [2026-07-21T18:15:51.631+0000] {dag.py:3036} INFO - Sync 6 DAGs
[2026-07-21T18:15:51.651+0000] {logging_mixin.py:188} INFO - [2026-07-21T18:15:51.651+0000] {dag.py:3823} INFO - Setting next_dagrun for dataset_consumes_1 to None, run_after=None
[2026-07-21T18:15:51.655+0000] {logging_mixin.py:188} INFO - [2026-07-21T18:15:51.655+0000] {dag.py:3823} INFO - Setting next_dagrun for dataset_consumes_1_and_2 to None, run_after=None
[2026-07-21T18:15:51.656+0000] {logging_mixin.py:188} INFO - [2026-07-21T18:15:51.656+0000] {dag.py:3823} INFO - Setting next_dagrun for dataset_consumes_1_never_scheduled to None, run_after=None
[2026-07-21T18:15:51.657+0000] {logging_mixin.py:188} INFO - [2026-07-21T18:15:51.657+0000] {dag.py:3823} INFO - Setting next_dagrun for dataset_consumes_unknown_never_scheduled to None, run_after=None
[2026-07-21T18:15:51.660+0000] {logging_mixin.py:188} INFO - [2026-07-21T18:15:51.660+0000] {dag.py:3823} INFO - Setting next_dagrun for dataset_produces_1 to 2026-07-20 00:00:00+00:00, run_after=2026-07-21 00:00:00+00:00
[2026-07-21T18:15:51.661+0000] {logging_mixin.py:188} INFO - [2026-07-21T18:15:51.661+0000] {dag.py:3823} INFO - Setting next_dagrun for dataset_produces_2 to None, run_after=None
[2026-07-21T18:15:51.691+0000] {processor.py:183} INFO - Processing /home/airflow/.local/lib/python3.8/site-packages/airflow/example_dags/example_datasets.py took 0.112 seconds
[2026-07-21T18:16:22.278+0000] {processor.py:161} INFO - Started process (PID=894) to work on /home/airflow/.local/lib/python3.8/site-packages/airflow/example_dags/example_datasets.py
[2026-07-21T18:16:22.279+0000] {processor.py:830} INFO - Processing file /home/airflow/.local/lib/python3.8/site-packages/airflow/example_dags/example_datasets.py for tasks to queue
[2026-07-21T18:16:22.281+0000] {logging_mixin.py:188} INFO - [2026-07-21T18:16:22.281+0000] {dagbag.py:538} INFO - Filling up the DagBag from /home/airflow/.local/lib/python3.8/site-packages/airflow/example_dags/example_datasets.py
[2026-07-21T18:16:22.291+0000] {processor.py:840} INFO - DAG(s) 'dataset_consumes_unknown_never_scheduled', 'dataset_produces_1', 'dataset_consumes_1_and_2', 'dataset_produces_2', 'dataset_consumes_1_never_scheduled', 'dataset_consumes_1' retrieved from /home/airflow/.local/lib/python3.8/site-packages/airflow/example_dags/example_datasets.py
[2026-07-21T18:16:22.326+0000] {logging_mixin.py:188} INFO - [2026-07-21T18:16:22.326+0000] {dag.py:3036} INFO - Sync 6 DAGs
[2026-07-21T18:16:22.347+0000] {logging_mixin.py:188} INFO - [2026-07-21T18:16:22.347+0000] {dag.py:3823} INFO - Setting next_dagrun for dataset_consumes_1 to None, run_after=None
[2026-07-21T18:16:22.351+0000] {logging_mixin.py:188} INFO - [2026-07-21T18:16:22.351+0000] {dag.py:3823} INFO - Setting next_dagrun for dataset_consumes_1_and_2 to None, run_after=None
[2026-07-21T18:16:22.353+0000] {logging_mixin.py:188} INFO - [2026-07-21T18:16:22.353+0000] {dag.py:3823} INFO - Setting next_dagrun for dataset_consumes_1_never_scheduled to None, run_after=None
[2026-07-21T18:16:22.354+0000] {logging_mixin.py:188} INFO - [2026-07-21T18:16:22.354+0000] {dag.py:3823} INFO - Setting next_dagrun for dataset_consumes_unknown_never_scheduled to None, run_after=None
[2026-07-21T18:16:22.357+0000] {logging_mixin.py:188} INFO - [2026-07-21T18:16:22.357+0000] {dag.py:3823} INFO - Setting next_dagrun for dataset_produces_1 to 2026-07-20 00:00:00+00:00, run_after=2026-07-21 00:00:00+00:00
[2026-07-21T18:16:22.359+0000] {logging_mixin.py:188} INFO - [2026-07-21T18:16:22.358+0000] {dag.py:3823} INFO - Setting next_dagrun for dataset_produces_2 to None, run_after=None
[2026-07-21T18:16:22.389+0000] {processor.py:183} INFO - Processing /home/airflow/.local/lib/python3.8/site-packages/airflow/example_dags/example_datasets.py took 0.114 seconds
[2026-07-21T18:16:52.557+0000] {processor.py:161} INFO - Started process (PID=950) to work on /home/airflow/.local/lib/python3.8/site-packages/airflow/example_dags/example_datasets.py
[2026-07-21T18:16:52.558+0000] {processor.py:830} INFO - Processing file /home/airflow/.local/lib/python3.8/site-packages/airflow/example_dags/example_datasets.py for tasks to queue
[2026-07-21T18:16:52.560+0000] {logging_mixin.py:188} INFO - [2026-07-21T18:16:52.560+0000] {dagbag.py:538} INFO - Filling up the DagBag from /home/airflow/.local/lib/python3.8/site-packages/airflow/example_dags/example_datasets.py
[2026-07-21T18:16:52.570+0000] {processor.py:840} INFO - DAG(s) 'dataset_consumes_1', 'dataset_produces_1', 'dataset_consumes_1_and_2', 'dataset_produces_2', 'dataset_consumes_unknown_never_scheduled', 'dataset_consumes_1_never_scheduled' retrieved from /home/airflow/.local/lib/python3.8/site-packages/airflow/example_dags/example_datasets.py
[2026-07-21T18:16:52.604+0000] {logging_mixin.py:188} INFO - [2026-07-21T18:16:52.604+0000] {dag.py:3036} INFO - Sync 6 DAGs
[2026-07-21T18:16:52.624+0000] {logging_mixin.py:188} INFO - [2026-07-21T18:16:52.624+0000] {dag.py:3823} INFO - Setting next_dagrun for dataset_consumes_1 to None, run_after=None
[2026-07-21T18:16:52.628+0000] {logging_mixin.py:188} INFO - [2026-07-21T18:16:52.627+0000] {dag.py:3823} INFO - Setting next_dagrun for dataset_consumes_1_and_2 to None, run_after=None
[2026-07-21T18:16:52.629+0000] {logging_mixin.py:188} INFO - [2026-07-21T18:16:52.629+0000] {dag.py:3823} INFO - Setting next_dagrun for dataset_consumes_1_never_scheduled to None, run_after=None
[2026-07-21T18:16:52.630+0000] {logging_mixin.py:188} INFO - [2026-07-21T18:16:52.630+0000] {dag.py:3823} INFO - Setting next_dagrun for dataset_consumes_unknown_never_scheduled to None, run_after=None
[2026-07-21T18:16:52.633+0000] {logging_mixin.py:188} INFO - [2026-07-21T18:16:52.632+0000] {dag.py:3823} INFO - Setting next_dagrun for dataset_produces_1 to 2026-07-20 00:00:00+00:00, run_after=2026-07-21 00:00:00+00:00
[2026-07-21T18:16:52.634+0000] {logging_mixin.py:188} INFO - [2026-07-21T18:16:52.634+0000] {dag.py:3823} INFO - Setting next_dagrun for dataset_produces_2 to None, run_after=None
[2026-07-21T18:16:52.662+0000] {processor.py:183} INFO - Processing /home/airflow/.local/lib/python3.8/site-packages/airflow/example_dags/example_datasets.py took 0.110 seconds
[2026-07-21T18:17:22.906+0000] {processor.py:161} INFO - Started process (PID=1006) to work on /home/airflow/.local/lib/python3.8/site-packages/airflow/example_dags/example_datasets.py
[2026-07-21T18:17:22.908+0000] {processor.py:830} INFO - Processing file /home/airflow/.local/lib/python3.8/site-packages/airflow/example_dags/example_datasets.py for tasks to queue
[2026-07-21T18:17:22.910+0000] {logging_mixin.py:188} INFO - [2026-07-21T18:17:22.909+0000] {dagbag.py:538} INFO - Filling up the DagBag from /home/airflow/.local/lib/python3.8/site-packages/airflow/example_dags/example_datasets.py
[2026-07-21T18:17:22.920+0000] {processor.py:840} INFO - DAG(s) 'dataset_consumes_1_and_2', 'dataset_consumes_1_never_scheduled', 'dataset_consumes_1', 'dataset_produces_1', 'dataset_produces_2', 'dataset_consumes_unknown_never_scheduled' retrieved from /home/airflow/.local/lib/python3.8/site-packages/airflow/example_dags/example_datasets.py
[2026-07-21T18:17:22.953+0000] {logging_mixin.py:188} INFO - [2026-07-21T18:17:22.953+0000] {dag.py:3036} INFO - Sync 6 DAGs
[2026-07-21T18:17:22.973+0000] {logging_mixin.py:188} INFO - [2026-07-21T18:17:22.973+0000] {dag.py:3823} INFO - Setting next_dagrun for dataset_consumes_1 to None, run_after=None
[2026-07-21T18:17:22.977+0000] {logging_mixin.py:188} INFO - [2026-07-21T18:17:22.976+0000] {dag.py:3823} INFO - Setting next_dagrun for dataset_consumes_1_and_2 to None, run_after=None
[2026-07-21T18:17:22.978+0000] {logging_mixin.py:188} INFO - [2026-07-21T18:17:22.978+0000] {dag.py:3823} INFO - Setting next_dagrun for dataset_consumes_1_never_scheduled to None, run_after=None
[2026-07-21T18:17:22.980+0000] {logging_mixin.py:188} INFO - [2026-07-21T18:17:22.979+0000] {dag.py:3823} INFO - Setting next_dagrun for dataset_consumes_unknown_never_scheduled to None, run_after=None
[2026-07-21T18:17:22.983+0000] {logging_mixin.py:188} INFO - [2026-07-21T18:17:22.982+0000] {dag.py:3823} INFO - Setting next_dagrun for dataset_produces_1 to 2026-07-20 00:00:00+00:00, run_after=2026-07-21 00:00:00+00:00
[2026-07-21T18:17:22.984+0000] {logging_mixin.py:188} INFO - [2026-07-21T18:17:22.984+0000] {dag.py:3823} INFO - Setting next_dagrun for dataset_produces_2 to None, run_after=None
[2026-07-21T18:17:23.014+0000] {processor.py:183} INFO - Processing /home/airflow/.local/lib/python3.8/site-packages/airflow/example_dags/example_datasets.py took 0.111 seconds
[2026-07-21T18:17:53.799+0000] {processor.py:161} INFO - Started process (PID=1062) to work on /home/airflow/.local/lib/python3.8/site-packages/airflow/example_dags/example_datasets.py
[2026-07-21T18:17:53.801+0000] {processor.py:830} INFO - Processing file /home/airflow/.local/lib/python3.8/site-packages/airflow/example_dags/example_datasets.py for tasks to queue
[2026-07-21T18:17:53.803+0000] {logging_mixin.py:188} INFO - [2026-07-21T18:17:53.803+0000] {dagbag.py:538} INFO - Filling up the DagBag from /home/airflow/.local/lib/python3.8/site-packages/airflow/example_dags/example_datasets.py
[2026-07-21T18:17:53.814+0000] {processor.py:840} INFO - DAG(s) 'dataset_produces_2', 'dataset_consumes_1_never_scheduled', 'dataset_consumes_1_and_2', 'dataset_consumes_unknown_never_scheduled', 'dataset_produces_1', 'dataset_consumes_1' retrieved from /home/airflow/.local/lib/python3.8/site-packages/airflow/example_dags/example_datasets.py
[2026-07-21T18:17:53.848+0000] {logging_mixin.py:188} INFO - [2026-07-21T18:17:53.848+0000] {dag.py:3036} INFO - Sync 6 DAGs
[2026-07-21T18:17:53.870+0000] {logging_mixin.py:188} INFO - [2026-07-21T18:17:53.870+0000] {dag.py:3823} INFO - Setting next_dagrun for dataset_consumes_1 to None, run_after=None
[2026-07-21T18:17:53.873+0000] {logging_mixin.py:188} INFO - [2026-07-21T18:17:53.873+0000] {dag.py:3823} INFO - Setting next_dagrun for dataset_consumes_1_and_2 to None, run_after=None
[2026-07-21T18:17:53.874+0000] {logging_mixin.py:188} INFO - [2026-07-21T18:17:53.874+0000] {dag.py:3823} INFO - Setting next_dagrun for dataset_consumes_1_never_scheduled to None, run_after=None
[2026-07-21T18:17:53.875+0000] {logging_mixin.py:188} INFO - [2026-07-21T18:17:53.875+0000] {dag.py:3823} INFO - Setting next_dagrun for dataset_consumes_unknown_never_scheduled to None, run_after=None
[2026-07-21T18:17:53.878+0000] {logging_mixin.py:188} INFO - [2026-07-21T18:17:53.878+0000] {dag.py:3823} INFO - Setting next_dagrun for dataset_produces_1 to 2026-07-20 00:00:00+00:00, run_after=2026-07-21 00:00:00+00:00
[2026-07-21T18:17:53.879+0000] {logging_mixin.py:188} INFO - [2026-07-21T18:17:53.879+0000] {dag.py:3823} INFO - Setting next_dagrun for dataset_produces_2 to None, run_after=None
[2026-07-21T18:17:53.907+0000] {processor.py:183} INFO - Processing /home/airflow/.local/lib/python3.8/site-packages/airflow/example_dags/example_datasets.py took 0.112 seconds
[2026-07-21T18:18:24.818+0000] {processor.py:161} INFO - Started process (PID=1118) to work on /home/airflow/.local/lib/python3.8/site-packages/airflow/example_dags/example_datasets.py
[2026-07-21T18:18:24.819+0000] {processor.py:830} INFO - Processing file /home/airflow/.local/lib/python3.8/site-packages/airflow/example_dags/example_datasets.py for tasks to queue
[2026-07-21T18:18:24.822+0000] {logging_mixin.py:188} INFO - [2026-07-21T18:18:24.821+0000] {dagbag.py:538} INFO - Filling up the DagBag from /home/airflow/.local/lib/python3.8/site-packages/airflow/example_dags/example_datasets.py
[2026-07-21T18:18:24.831+0000] {processor.py:840} INFO - DAG(s) 'dataset_consumes_1_and_2', 'dataset_consumes_unknown_never_scheduled', 'dataset_consumes_1_never_scheduled', 'dataset_consumes_1', 'dataset_produces_1', 'dataset_produces_2' retrieved from /home/airflow/.local/lib/python3.8/site-packages/airflow/example_dags/example_datasets.py
[2026-07-21T18:18:24.866+0000] {logging_mixin.py:188} INFO - [2026-07-21T18:18:24.865+0000] {dag.py:3036} INFO - Sync 6 DAGs
[2026-07-21T18:18:24.887+0000] {logging_mixin.py:188} INFO - [2026-07-21T18:18:24.887+0000] {dag.py:3823} INFO - Setting next_dagrun for dataset_consumes_1 to None, run_after=None
[2026-07-21T18:18:24.891+0000] {logging_mixin.py:188} INFO - [2026-07-21T18:18:24.891+0000] {dag.py:3823} INFO - Setting next_dagrun for dataset_consumes_1_and_2 to None, run_after=None
[2026-07-21T18:18:24.892+0000] {logging_mixin.py:188} INFO - [2026-07-21T18:18:24.892+0000] {dag.py:3823} INFO - Setting next_dagrun for dataset_consumes_1_never_scheduled to None, run_after=None
[2026-07-21T18:18:24.894+0000] {logging_mixin.py:188} INFO - [2026-07-21T18:18:24.893+0000] {dag.py:3823} INFO - Setting next_dagrun for dataset_consumes_unknown_never_scheduled to None, run_after=None
[2026-07-21T18:18:24.896+0000] {logging_mixin.py:188} INFO - [2026-07-21T18:18:24.896+0000] {dag.py:3823} INFO - Setting next_dagrun for dataset_produces_1 to 2026-07-20 00:00:00+00:00, run_after=2026-07-21 00:00:00+00:00
[2026-07-21T18:18:24.898+0000] {logging_mixin.py:188} INFO - [2026-07-21T18:18:24.898+0000] {dag.py:3823} INFO - Setting next_dagrun for dataset_produces_2 to None, run_after=None
[2026-07-21T18:18:24.928+0000] {processor.py:183} INFO - Processing /home/airflow/.local/lib/python3.8/site-packages/airflow/example_dags/example_datasets.py took 0.114 seconds
[2026-07-21T18:18:55.427+0000] {processor.py:161} INFO - Started process (PID=1174) to work on /home/airflow/.local/lib/python3.8/site-packages/airflow/example_dags/example_datasets.py
[2026-07-21T18:18:55.428+0000] {processor.py:830} INFO - Processing file /home/airflow/.local/lib/python3.8/site-packages/airflow/example_dags/example_datasets.py for tasks to queue
[2026-07-21T18:18:55.431+0000] {logging_mixin.py:188} INFO - [2026-07-21T18:18:55.431+0000] {dagbag.py:538} INFO - Filling up the DagBag from /home/airflow/.local/lib/python3.8/site-packages/airflow/example_dags/example_datasets.py
[2026-07-21T18:18:55.442+0000] {processor.py:840} INFO - DAG(s) 'dataset_consumes_1_and_2', 'dataset_produces_2', 'dataset_produces_1', 'dataset_consumes_1_never_scheduled', 'dataset_consumes_unknown_never_scheduled', 'dataset_consumes_1' retrieved from /home/airflow/.local/lib/python3.8/site-packages/airflow/example_dags/example_datasets.py
[2026-07-21T18:18:55.476+0000] {logging_mixin.py:188} INFO - [2026-07-21T18:18:55.476+0000] {dag.py:3036} INFO - Sync 6 DAGs
[2026-07-21T18:18:55.497+0000] {logging_mixin.py:188} INFO - [2026-07-21T18:18:55.497+0000] {dag.py:3823} INFO - Setting next_dagrun for dataset_consumes_1 to None, run_after=None
[2026-07-21T18:18:55.501+0000] {logging_mixin.py:188} INFO - [2026-07-21T18:18:55.500+0000] {dag.py:3823} INFO - Setting next_dagrun for dataset_consumes_1_and_2 to None, run_after=None
[2026-07-21T18:18:55.502+0000] {logging_mixin.py:188} INFO - [2026-07-21T18:18:55.502+0000] {dag.py:3823} INFO - Setting next_dagrun for dataset_consumes_1_never_scheduled to None, run_after=None
[2026-07-21T18:18:55.503+0000] {logging_mixin.py:188} INFO - [2026-07-21T18:18:55.503+0000] {dag.py:3823} INFO - Setting next_dagrun for dataset_consumes_unknown_never_scheduled to None, run_after=None
[2026-07-21T18:18:55.506+0000] {logging_mixin.py:188} INFO - [2026-07-21T18:18:55.506+0000] {dag.py:3823} INFO - Setting next_dagrun for dataset_produces_1 to 2026-07-20 00:00:00+00:00, run_after=2026-07-21 00:00:00+00:00
[2026-07-21T18:18:55.507+0000] {logging_mixin.py:188} INFO - [2026-07-21T18:18:55.507+0000] {dag.py:3823} INFO - Setting next_dagrun for dataset_produces_2 to None, run_after=None
[2026-07-21T18:18:55.706+0000] {processor.py:183} INFO - Processing /home/airflow/.local/lib/python3.8/site-packages/airflow/example_dags/example_datasets.py took 0.284 seconds
[2026-07-21T18:19:26.399+0000] {processor.py:161} INFO - Started process (PID=1230) to work on /home/airflow/.local/lib/python3.8/site-packages/airflow/example_dags/example_datasets.py
[2026-07-21T18:19:26.400+0000] {processor.py:830} INFO - Processing file /home/airflow/.local/lib/python3.8/site-packages/airflow/example_dags/example_datasets.py for tasks to queue
[2026-07-21T18:19:26.403+0000] {logging_mixin.py:188} INFO - [2026-07-21T18:19:26.402+0000] {dagbag.py:538} INFO - Filling up the DagBag from /home/airflow/.local/lib/python3.8/site-packages/airflow/example_dags/example_datasets.py
[2026-07-21T18:19:26.414+0000] {processor.py:840} INFO - DAG(s) 'dataset_consumes_1_and_2', 'dataset_consumes_1_never_scheduled', 'dataset_produces_2', 'dataset_produces_1', 'dataset_consumes_1', 'dataset_consumes_unknown_never_scheduled' retrieved from /home/airflow/.local/lib/python3.8/site-packages/airflow/example_dags/example_datasets.py
[2026-07-21T18:19:26.447+0000] {logging_mixin.py:188} INFO - [2026-07-21T18:19:26.447+0000] {dag.py:3036} INFO - Sync 6 DAGs
[2026-07-21T18:19:26.468+0000] {logging_mixin.py:188} INFO - [2026-07-21T18:19:26.467+0000] {dag.py:3823} INFO - Setting next_dagrun for dataset_consumes_1 to None, run_after=None
[2026-07-21T18:19:26.471+0000] {logging_mixin.py:188} INFO - [2026-07-21T18:19:26.471+0000] {dag.py:3823} INFO - Setting next_dagrun for dataset_consumes_1_and_2 to None, run_after=None
[2026-07-21T18:19:26.472+0000] {logging_mixin.py:188} INFO - [2026-07-21T18:19:26.472+0000] {dag.py:3823} INFO - Setting next_dagrun for dataset_consumes_1_never_scheduled to None, run_after=None
[2026-07-21T18:19:26.473+0000] {logging_mixin.py:188} INFO - [2026-07-21T18:19:26.473+0000] {dag.py:3823} INFO - Setting next_dagrun for dataset_consumes_unknown_never_scheduled to None, run_after=None
[2026-07-21T18:19:26.476+0000] {logging_mixin.py:188} INFO - [2026-07-21T18:19:26.476+0000] {dag.py:3823} INFO - Setting next_dagrun for dataset_produces_1 to 2026-07-20 00:00:00+00:00, run_after=2026-07-21 00:00:00+00:00
[2026-07-21T18:19:26.477+0000] {logging_mixin.py:188} INFO - [2026-07-21T18:19:26.477+0000] {dag.py:3823} INFO - Setting next_dagrun for dataset_produces_2 to None, run_after=None
[2026-07-21T18:19:26.504+0000] {processor.py:183} INFO - Processing /home/airflow/.local/lib/python3.8/site-packages/airflow/example_dags/example_datasets.py took 0.110 seconds
[2026-07-21T18:19:56.894+0000] {processor.py:161} INFO - Started process (PID=1286) to work on /home/airflow/.local/lib/python3.8/site-packages/airflow/example_dags/example_datasets.py
[2026-07-21T18:19:56.895+0000] {processor.py:830} INFO - Processing file /home/airflow/.local/lib/python3.8/site-packages/airflow/example_dags/example_datasets.py for tasks to queue
[2026-07-21T18:19:56.898+0000] {logging_mixin.py:188} INFO - [2026-07-21T18:19:56.897+0000] {dagbag.py:538} INFO - Filling up the DagBag from /home/airflow/.local/lib/python3.8/site-packages/airflow/example_dags/example_datasets.py
[2026-07-21T18:19:56.907+0000] {processor.py:840} INFO - DAG(s) 'dataset_produces_1', 'dataset_consumes_unknown_never_scheduled', 'dataset_produces_2', 'dataset_consumes_1', 'dataset_consumes_1_never_scheduled', 'dataset_consumes_1_and_2' retrieved from /home/airflow/.local/lib/python3.8/site-packages/airflow/example_dags/example_datasets.py
[2026-07-21T18:19:56.940+0000] {logging_mixin.py:188} INFO - [2026-07-21T18:19:56.940+0000] {dag.py:3036} INFO - Sync 6 DAGs
[2026-07-21T18:19:56.960+0000] {logging_mixin.py:188} INFO - [2026-07-21T18:19:56.960+0000] {dag.py:3823} INFO - Setting next_dagrun for dataset_consumes_1 to None, run_after=None
[2026-07-21T18:19:56.963+0000] {logging_mixin.py:188} INFO - [2026-07-21T18:19:56.963+0000] {dag.py:3823} INFO - Setting next_dagrun for dataset_consumes_1_and_2 to None, run_after=None
[2026-07-21T18:19:56.965+0000] {logging_mixin.py:188} INFO - [2026-07-21T18:19:56.964+0000] {dag.py:3823} INFO - Setting next_dagrun for dataset_consumes_1_never_scheduled to None, run_after=None
[2026-07-21T18:19:56.966+0000] {logging_mixin.py:188} INFO - [2026-07-21T18:19:56.966+0000] {dag.py:3823} INFO - Setting next_dagrun for dataset_consumes_unknown_never_scheduled to None, run_after=None
[2026-07-21T18:19:56.968+0000] {logging_mixin.py:188} INFO - [2026-07-21T18:19:56.968+0000] {dag.py:3823} INFO - Setting next_dagrun for dataset_produces_1 to 2026-07-20 00:00:00+00:00, run_after=2026-07-21 00:00:00+00:00
[2026-07-21T18:19:56.969+0000] {logging_mixin.py:188} INFO - [2026-07-21T18:19:56.969+0000] {dag.py:3823} INFO - Setting next_dagrun for dataset_produces_2 to None, run_after=None
[2026-07-21T18:19:56.998+0000] {processor.py:183} INFO - Processing /home/airflow/.local/lib/python3.8/site-packages/airflow/example_dags/example_datasets.py took 0.108 seconds
[2026-07-21T18:20:27.520+0000] {processor.py:161} INFO - Started process (PID=1342) to work on /home/airflow/.local/lib/python3.8/site-packages/airflow/example_dags/example_datasets.py
[2026-07-21T18:20:27.521+0000] {processor.py:830} INFO - Processing file /home/airflow/.local/lib/python3.8/site-packages/airflow/example_dags/example_datasets.py for tasks to queue
[2026-07-21T18:20:27.523+0000] {logging_mixin.py:188} INFO - [2026-07-21T18:20:27.523+0000] {dagbag.py:538} INFO - Filling up the DagBag from /home/airflow/.local/lib/python3.8/site-packages/airflow/example_dags/example_datasets.py
[2026-07-21T18:20:27.533+0000] {processor.py:840} INFO - DAG(s) 'dataset_consumes_1_never_scheduled', 'dataset_consumes_1_and_2', 'dataset_consumes_unknown_never_scheduled', 'dataset_consumes_1', 'dataset_produces_2', 'dataset_produces_1' retrieved from /home/airflow/.local/lib/python3.8/site-packages/airflow/example_dags/example_datasets.py
[2026-07-21T18:20:27.566+0000] {logging_mixin.py:188} INFO - [2026-07-21T18:20:27.566+0000] {dag.py:3036} INFO - Sync 6 DAGs
[2026-07-21T18:20:27.586+0000] {logging_mixin.py:188} INFO - [2026-07-21T18:20:27.586+0000] {dag.py:3823} INFO - Setting next_dagrun for dataset_consumes_1 to None, run_after=None
[2026-07-21T18:20:27.590+0000] {logging_mixin.py:188} INFO - [2026-07-21T18:20:27.589+0000] {dag.py:3823} INFO - Setting next_dagrun for dataset_consumes_1_and_2 to None, run_after=None
[2026-07-21T18:20:27.591+0000] {logging_mixin.py:188} INFO - [2026-07-21T18:20:27.591+0000] {dag.py:3823} INFO - Setting next_dagrun for dataset_consumes_1_never_scheduled to None, run_after=None
[2026-07-21T18:20:27.592+0000] {logging_mixin.py:188} INFO - [2026-07-21T18:20:27.592+0000] {dag.py:3823} INFO - Setting next_dagrun for dataset_consumes_unknown_never_scheduled to None, run_after=None
[2026-07-21T18:20:27.594+0000] {logging_mixin.py:188} INFO - [2026-07-21T18:20:27.594+0000] {dag.py:3823} INFO - Setting next_dagrun for dataset_produces_1 to 2026-07-20 00:00:00+00:00, run_after=2026-07-21 00:00:00+00:00
[2026-07-21T18:20:27.596+0000] {logging_mixin.py:188} INFO - [2026-07-21T18:20:27.595+0000] {dag.py:3823} INFO - Setting next_dagrun for dataset_produces_2 to None, run_after=None
[2026-07-21T18:20:27.622+0000] {processor.py:183} INFO - Processing /home/airflow/.local/lib/python3.8/site-packages/airflow/example_dags/example_datasets.py took 0.106 seconds
[2026-07-21T18:20:58.003+0000] {processor.py:161} INFO - Started process (PID=1398) to work on /home/airflow/.local/lib/python3.8/site-packages/airflow/example_dags/example_datasets.py
[2026-07-21T18:20:58.005+0000] {processor.py:830} INFO - Processing file /home/airflow/.local/lib/python3.8/site-packages/airflow/example_dags/example_datasets.py for tasks to queue
[2026-07-21T18:20:58.007+0000] {logging_mixin.py:188} INFO - [2026-07-21T18:20:58.006+0000] {dagbag.py:538} INFO - Filling up the DagBag from /home/airflow/.local/lib/python3.8/site-packages/airflow/example_dags/example_datasets.py
[2026-07-21T18:20:58.016+0000] {processor.py:840} INFO - DAG(s) 'dataset_consumes_unknown_never_scheduled', 'dataset_consumes_1', 'dataset_consumes_1_and_2', 'dataset_produces_2', 'dataset_produces_1', 'dataset_consumes_1_never_scheduled' retrieved from /home/airflow/.local/lib/python3.8/site-packages/airflow/example_dags/example_datasets.py
[2026-07-21T18:20:58.051+0000] {logging_mixin.py:188} INFO - [2026-07-21T18:20:58.051+0000] {dag.py:3036} INFO - Sync 6 DAGs
[2026-07-21T18:20:58.072+0000] {logging_mixin.py:188} INFO - [2026-07-21T18:20:58.072+0000] {dag.py:3823} INFO - Setting next_dagrun for dataset_consumes_1 to None, run_after=None
[2026-07-21T18:20:58.076+0000] {logging_mixin.py:188} INFO - [2026-07-21T18:20:58.076+0000] {dag.py:3823} INFO - Setting next_dagrun for dataset_consumes_1_and_2 to None, run_after=None
[2026-07-21T18:20:58.077+0000] {logging_mixin.py:188} INFO - [2026-07-21T18:20:58.077+0000] {dag.py:3823} INFO - Setting next_dagrun for dataset_consumes_1_never_scheduled to None, run_after=None
[2026-07-21T18:20:58.078+0000] {logging_mixin.py:188} INFO - [2026-07-21T18:20:58.078+0000] {dag.py:3823} INFO - Setting next_dagrun for dataset_consumes_unknown_never_scheduled to None, run_after=None
[2026-07-21T18:20:58.081+0000] {logging_mixin.py:188} INFO - [2026-07-21T18:20:58.081+0000] {dag.py:3823} INFO - Setting next_dagrun for dataset_produces_1 to 2026-07-20 00:00:00+00:00, run_after=2026-07-21 00:00:00+00:00
[2026-07-21T18:20:58.082+0000] {logging_mixin.py:188} INFO - [2026-07-21T18:20:58.082+0000] {dag.py:3823} INFO - Setting next_dagrun for dataset_produces_2 to None, run_after=None
[2026-07-21T18:20:58.111+0000] {processor.py:183} INFO - Processing /home/airflow/.local/lib/python3.8/site-packages/airflow/example_dags/example_datasets.py took 0.112 seconds
[2026-07-21T18:21:28.801+0000] {processor.py:161} INFO - Started process (PID=1454) to work on /home/airflow/.local/lib/python3.8/site-packages/airflow/example_dags/example_datasets.py
[2026-07-21T18:21:28.802+0000] {processor.py:830} INFO - Processing file /home/airflow/.local/lib/python3.8/site-packages/airflow/example_dags/example_datasets.py for tasks to queue
[2026-07-21T18:21:28.804+0000] {logging_mixin.py:188} INFO - [2026-07-21T18:21:28.804+0000] {dagbag.py:538} INFO - Filling up the DagBag from /home/airflow/.local/lib/python3.8/site-packages/airflow/example_dags/example_datasets.py
[2026-07-21T18:21:28.814+0000] {processor.py:840} INFO - DAG(s) 'dataset_consumes_unknown_never_scheduled', 'dataset_produces_1', 'dataset_consumes_1_and_2', 'dataset_produces_2', 'dataset_consumes_1', 'dataset_consumes_1_never_scheduled' retrieved from /home/airflow/.local/lib/python3.8/site-packages/airflow/example_dags/example_datasets.py
[2026-07-21T18:21:28.850+0000] {logging_mixin.py:188} INFO - [2026-07-21T18:21:28.850+0000] {dag.py:3036} INFO - Sync 6 DAGs
[2026-07-21T18:21:28.871+0000] {logging_mixin.py:188} INFO - [2026-07-21T18:21:28.871+0000] {dag.py:3823} INFO - Setting next_dagrun for dataset_consumes_1 to None, run_after=None
[2026-07-21T18:21:29.027+0000] {logging_mixin.py:188} INFO - [2026-07-21T18:21:29.027+0000] {dag.py:3823} INFO - Setting next_dagrun for dataset_consumes_1_and_2 to None, run_after=None
[2026-07-21T18:21:29.030+0000] {logging_mixin.py:188} INFO - [2026-07-21T18:21:29.029+0000] {dag.py:3823} INFO - Setting next_dagrun for dataset_consumes_1_never_scheduled to None, run_after=None
[2026-07-21T18:21:29.031+0000] {logging_mixin.py:188} INFO - [2026-07-21T18:21:29.031+0000] {dag.py:3823} INFO - Setting next_dagrun for dataset_consumes_unknown_never_scheduled to None, run_after=None
[2026-07-21T18:21:29.034+0000] {logging_mixin.py:188} INFO - [2026-07-21T18:21:29.033+0000] {dag.py:3823} INFO - Setting next_dagrun for dataset_produces_1 to 2026-07-20 00:00:00+00:00, run_after=2026-07-21 00:00:00+00:00
[2026-07-21T18:21:29.035+0000] {logging_mixin.py:188} INFO - [2026-07-21T18:21:29.035+0000] {dag.py:3823} INFO - Setting next_dagrun for dataset_produces_2 to None, run_after=None
[2026-07-21T18:21:29.063+0000] {processor.py:183} INFO - Processing /home/airflow/.local/lib/python3.8/site-packages/airflow/example_dags/example_datasets.py took 0.266 seconds
[2026-07-21T18:21:59.173+0000] {processor.py:161} INFO - Started process (PID=1510) to work on /home/airflow/.local/lib/python3.8/site-packages/airflow/example_dags/example_datasets.py
[2026-07-21T18:21:59.175+0000] {processor.py:830} INFO - Processing file /home/airflow/.local/lib/python3.8/site-packages/airflow/example_dags/example_datasets.py for tasks to queue
[2026-07-21T18:21:59.177+0000] {logging_mixin.py:188} INFO - [2026-07-21T18:21:59.177+0000] {dagbag.py:538} INFO - Filling up the DagBag from /home/airflow/.local/lib/python3.8/site-packages/airflow/example_dags/example_datasets.py
[2026-07-21T18:21:59.187+0000] {processor.py:840} INFO - DAG(s) 'dataset_consumes_1_and_2', 'dataset_produces_1', 'dataset_consumes_1', 'dataset_consumes_unknown_never_scheduled', 'dataset_consumes_1_never_scheduled', 'dataset_produces_2' retrieved from /home/airflow/.local/lib/python3.8/site-packages/airflow/example_dags/example_datasets.py
[2026-07-21T18:21:59.220+0000] {logging_mixin.py:188} INFO - [2026-07-21T18:21:59.220+0000] {dag.py:3036} INFO - Sync 6 DAGs
[2026-07-21T18:21:59.240+0000] {logging_mixin.py:188} INFO - [2026-07-21T18:21:59.239+0000] {dag.py:3823} INFO - Setting next_dagrun for dataset_consumes_1 to None, run_after=None
[2026-07-21T18:21:59.243+0000] {logging_mixin.py:188} INFO - [2026-07-21T18:21:59.243+0000] {dag.py:3823} INFO - Setting next_dagrun for dataset_consumes_1_and_2 to None, run_after=None
[2026-07-21T18:21:59.244+0000] {logging_mixin.py:188} INFO - [2026-07-21T18:21:59.244+0000] {dag.py:3823} INFO - Setting next_dagrun for dataset_consumes_1_never_scheduled to None, run_after=None
[2026-07-21T18:21:59.245+0000] {logging_mixin.py:188} INFO - [2026-07-21T18:21:59.245+0000] {dag.py:3823} INFO - Setting next_dagrun for dataset_consumes_unknown_never_scheduled to None, run_after=None
[2026-07-21T18:21:59.248+0000] {logging_mixin.py:188} INFO - [2026-07-21T18:21:59.248+0000] {dag.py:3823} INFO - Setting next_dagrun for dataset_produces_1 to 2026-07-20 00:00:00+00:00, run_after=2026-07-21 00:00:00+00:00
[2026-07-21T18:21:59.249+0000] {logging_mixin.py:188} INFO - [2026-07-21T18:21:59.249+0000] {dag.py:3823} INFO - Setting next_dagrun for dataset_produces_2 to None, run_after=None
[2026-07-21T18:21:59.434+0000] {processor.py:183} INFO - Processing /home/airflow/.local/lib/python3.8/site-packages/airflow/example_dags/example_datasets.py took 0.264 seconds
[2026-07-21T18:22:30.237+0000] {processor.py:161} INFO - Started process (PID=1566) to work on /home/airflow/.local/lib/python3.8/site-packages/airflow/example_dags/example_datasets.py
[2026-07-21T18:22:30.238+0000] {processor.py:830} INFO - Processing file /home/airflow/.local/lib/python3.8/site-packages/airflow/example_dags/example_datasets.py for tasks to queue
[2026-07-21T18:22:30.240+0000] {logging_mixin.py:188} INFO - [2026-07-21T18:22:30.239+0000] {dagbag.py:538} INFO - Filling up the DagBag from /home/airflow/.local/lib/python3.8/site-packages/airflow/example_dags/example_datasets.py
[2026-07-21T18:22:30.249+0000] {processor.py:840} INFO - DAG(s) 'dataset_consumes_1', 'dataset_consumes_1_and_2', 'dataset_consumes_unknown_never_scheduled', 'dataset_produces_2', 'dataset_consumes_1_never_scheduled', 'dataset_produces_1' retrieved from /home/airflow/.local/lib/python3.8/site-packages/airflow/example_dags/example_datasets.py
[2026-07-21T18:22:30.283+0000] {logging_mixin.py:188} INFO - [2026-07-21T18:22:30.283+0000] {dag.py:3036} INFO - Sync 6 DAGs
[2026-07-21T18:22:30.305+0000] {logging_mixin.py:188} INFO - [2026-07-21T18:22:30.305+0000] {dag.py:3823} INFO - Setting next_dagrun for dataset_consumes_1 to None, run_after=None
[2026-07-21T18:22:30.309+0000] {logging_mixin.py:188} INFO - [2026-07-21T18:22:30.309+0000] {dag.py:3823} INFO - Setting next_dagrun for dataset_consumes_1_and_2 to None, run_after=None
[2026-07-21T18:22:30.311+0000] {logging_mixin.py:188} INFO - [2026-07-21T18:22:30.311+0000] {dag.py:3823} INFO - Setting next_dagrun for dataset_consumes_1_never_scheduled to None, run_after=None
[2026-07-21T18:22:30.313+0000] {logging_mixin.py:188} INFO - [2026-07-21T18:22:30.312+0000] {dag.py:3823} INFO - Setting next_dagrun for dataset_consumes_unknown_never_scheduled to None, run_after=None
[2026-07-21T18:22:30.316+0000] {logging_mixin.py:188} INFO - [2026-07-21T18:22:30.316+0000] {dag.py:3823} INFO - Setting next_dagrun for dataset_produces_1 to 2026-07-20 00:00:00+00:00, run_after=2026-07-21 00:00:00+00:00
[2026-07-21T18:22:30.317+0000] {logging_mixin.py:188} INFO - [2026-07-21T18:22:30.317+0000] {dag.py:3823} INFO - Setting next_dagrun for dataset_produces_2 to None, run_after=None
[2026-07-21T18:22:30.348+0000] {processor.py:183} INFO - Processing /home/airflow/.local/lib/python3.8/site-packages/airflow/example_dags/example_datasets.py took 0.115 seconds
[2026-07-21T18:23:01.466+0000] {processor.py:161} INFO - Started process (PID=1622) to work on /home/airflow/.local/lib/python3.8/site-packages/airflow/example_dags/example_datasets.py
[2026-07-21T18:23:01.467+0000] {processor.py:830} INFO - Processing file /home/airflow/.local/lib/python3.8/site-packages/airflow/example_dags/example_datasets.py for tasks to queue
[2026-07-21T18:23:01.470+0000] {logging_mixin.py:188} INFO - [2026-07-21T18:23:01.470+0000] {dagbag.py:538} INFO - Filling up the DagBag from /home/airflow/.local/lib/python3.8/site-packages/airflow/example_dags/example_datasets.py
[2026-07-21T18:23:01.481+0000] {processor.py:840} INFO - DAG(s) 'dataset_consumes_1_and_2', 'dataset_produces_2', 'dataset_consumes_1_never_scheduled', 'dataset_produces_1', 'dataset_consumes_1', 'dataset_consumes_unknown_never_scheduled' retrieved from /home/airflow/.local/lib/python3.8/site-packages/airflow/example_dags/example_datasets.py
[2026-07-21T18:23:01.695+0000] {logging_mixin.py:188} INFO - [2026-07-21T18:23:01.695+0000] {dag.py:3036} INFO - Sync 6 DAGs
[2026-07-21T18:23:01.716+0000] {logging_mixin.py:188} INFO - [2026-07-21T18:23:01.716+0000] {dag.py:3823} INFO - Setting next_dagrun for dataset_consumes_1 to None, run_after=None
[2026-07-21T18:23:01.720+0000] {logging_mixin.py:188} INFO - [2026-07-21T18:23:01.720+0000] {dag.py:3823} INFO - Setting next_dagrun for dataset_consumes_1_and_2 to None, run_after=None
[2026-07-21T18:23:01.722+0000] {logging_mixin.py:188} INFO - [2026-07-21T18:23:01.722+0000] {dag.py:3823} INFO - Setting next_dagrun for dataset_consumes_1_never_scheduled to None, run_after=None
[2026-07-21T18:23:01.723+0000] {logging_mixin.py:188} INFO - [2026-07-21T18:23:01.723+0000] {dag.py:3823} INFO - Setting next_dagrun for dataset_consumes_unknown_never_scheduled to None, run_after=None
[2026-07-21T18:23:01.725+0000] {logging_mixin.py:188} INFO - [2026-07-21T18:23:01.725+0000] {dag.py:3823} INFO - Setting next_dagrun for dataset_produces_1 to 2026-07-20 00:00:00+00:00, run_after=2026-07-21 00:00:00+00:00
[2026-07-21T18:23:01.727+0000] {logging_mixin.py:188} INFO - [2026-07-21T18:23:01.727+0000] {dag.py:3823} INFO - Setting next_dagrun for dataset_produces_2 to None, run_after=None
[2026-07-21T18:23:01.757+0000] {processor.py:183} INFO - Processing /home/airflow/.local/lib/python3.8/site-packages/airflow/example_dags/example_datasets.py took 0.296 seconds
[2026-07-21T18:23:32.478+0000] {processor.py:161} INFO - Started process (PID=1678) to work on /home/airflow/.local/lib/python3.8/site-packages/airflow/example_dags/example_datasets.py
[2026-07-21T18:23:32.479+0000] {processor.py:830} INFO - Processing file /home/airflow/.local/lib/python3.8/site-packages/airflow/example_dags/example_datasets.py for tasks to queue
[2026-07-21T18:23:32.481+0000] {logging_mixin.py:188} INFO - [2026-07-21T18:23:32.480+0000] {dagbag.py:538} INFO - Filling up the DagBag from /home/airflow/.local/lib/python3.8/site-packages/airflow/example_dags/example_datasets.py
[2026-07-21T18:23:32.490+0000] {processor.py:840} INFO - DAG(s) 'dataset_consumes_1_and_2', 'dataset_produces_1', 'dataset_consumes_unknown_never_scheduled', 'dataset_consumes_1', 'dataset_produces_2', 'dataset_consumes_1_never_scheduled' retrieved from /home/airflow/.local/lib/python3.8/site-packages/airflow/example_dags/example_datasets.py
[2026-07-21T18:23:32.523+0000] {logging_mixin.py:188} INFO - [2026-07-21T18:23:32.522+0000] {dag.py:3036} INFO - Sync 6 DAGs
[2026-07-21T18:23:32.691+0000] {logging_mixin.py:188} INFO - [2026-07-21T18:23:32.690+0000] {dag.py:3823} INFO - Setting next_dagrun for dataset_consumes_1 to None, run_after=None
[2026-07-21T18:23:32.694+0000] {logging_mixin.py:188} INFO - [2026-07-21T18:23:32.694+0000] {dag.py:3823} INFO - Setting next_dagrun for dataset_consumes_1_and_2 to None, run_after=None
[2026-07-21T18:23:32.695+0000] {logging_mixin.py:188} INFO - [2026-07-21T18:23:32.695+0000] {dag.py:3823} INFO - Setting next_dagrun for dataset_consumes_1_never_scheduled to None, run_after=None
[2026-07-21T18:23:32.696+0000] {logging_mixin.py:188} INFO - [2026-07-21T18:23:32.696+0000] {dag.py:3823} INFO - Setting next_dagrun for dataset_consumes_unknown_never_scheduled to None, run_after=None
[2026-07-21T18:23:32.699+0000] {logging_mixin.py:188} INFO - [2026-07-21T18:23:32.699+0000] {dag.py:3823} INFO - Setting next_dagrun for dataset_produces_1 to 2026-07-20 00:00:00+00:00, run_after=2026-07-21 00:00:00+00:00
[2026-07-21T18:23:32.700+0000] {logging_mixin.py:188} INFO - [2026-07-21T18:23:32.700+0000] {dag.py:3823} INFO - Setting next_dagrun for dataset_produces_2 to None, run_after=None
[2026-07-21T18:23:32.729+0000] {processor.py:183} INFO - Processing /home/airflow/.local/lib/python3.8/site-packages/airflow/example_dags/example_datasets.py took 0.255 seconds
[2026-07-21T18:24:03.410+0000] {processor.py:161} INFO - Started process (PID=1734) to work on /home/airflow/.local/lib/python3.8/site-packages/airflow/example_dags/example_datasets.py
[2026-07-21T18:24:03.411+0000] {processor.py:830} INFO - Processing file /home/airflow/.local/lib/python3.8/site-packages/airflow/example_dags/example_datasets.py for tasks to queue
[2026-07-21T18:24:03.414+0000] {logging_mixin.py:188} INFO - [2026-07-21T18:24:03.413+0000] {dagbag.py:538} INFO - Filling up the DagBag from /home/airflow/.local/lib/python3.8/site-packages/airflow/example_dags/example_datasets.py
[2026-07-21T18:24:03.424+0000] {processor.py:840} INFO - DAG(s) 'dataset_produces_2', 'dataset_produces_1', 'dataset_consumes_unknown_never_scheduled', 'dataset_consumes_1_never_scheduled', 'dataset_consumes_1', 'dataset_consumes_1_and_2' retrieved from /home/airflow/.local/lib/python3.8/site-packages/airflow/example_dags/example_datasets.py
[2026-07-21T18:24:03.465+0000] {logging_mixin.py:188} INFO - [2026-07-21T18:24:03.465+0000] {dag.py:3036} INFO - Sync 6 DAGs
[2026-07-21T18:24:03.493+0000] {logging_mixin.py:188} INFO - [2026-07-21T18:24:03.493+0000] {dag.py:3823} INFO - Setting next_dagrun for dataset_consumes_1 to None, run_after=None
[2026-07-21T18:24:03.498+0000] {logging_mixin.py:188} INFO - [2026-07-21T18:24:03.497+0000] {dag.py:3823} INFO - Setting next_dagrun for dataset_consumes_1_and_2 to None, run_after=None
[2026-07-21T18:24:03.499+0000] {logging_mixin.py:188} INFO - [2026-07-21T18:24:03.499+0000] {dag.py:3823} INFO - Setting next_dagrun for dataset_consumes_1_never_scheduled to None, run_after=None
[2026-07-21T18:24:03.501+0000] {logging_mixin.py:188} INFO - [2026-07-21T18:24:03.500+0000] {dag.py:3823} INFO - Setting next_dagrun for dataset_consumes_unknown_never_scheduled to None, run_after=None
[2026-07-21T18:24:03.504+0000] {logging_mixin.py:188} INFO - [2026-07-21T18:24:03.503+0000] {dag.py:3823} INFO - Setting next_dagrun for dataset_produces_1 to 2026-07-20 00:00:00+00:00, run_after=2026-07-21 00:00:00+00:00
[2026-07-21T18:24:03.505+0000] {logging_mixin.py:188} INFO - [2026-07-21T18:24:03.505+0000] {dag.py:3823} INFO - Setting next_dagrun for dataset_produces_2 to None, run_after=None
[2026-07-21T18:24:03.542+0000] {processor.py:183} INFO - Processing /home/airflow/.local/lib/python3.8/site-packages/airflow/example_dags/example_datasets.py took 0.136 seconds
[2026-07-21T18:24:33.808+0000] {processor.py:161} INFO - Started process (PID=1791) to work on /home/airflow/.local/lib/python3.8/site-packages/airflow/example_dags/example_datasets.py
[2026-07-21T18:24:33.810+0000] {processor.py:830} INFO - Processing file /home/airflow/.local/lib/python3.8/site-packages/airflow/example_dags/example_datasets.py for tasks to queue
[2026-07-21T18:24:33.812+0000] {logging_mixin.py:188} INFO - [2026-07-21T18:24:33.812+0000] {dagbag.py:538} INFO - Filling up the DagBag from /home/airflow/.local/lib/python3.8/site-packages/airflow/example_dags/example_datasets.py
[2026-07-21T18:24:33.824+0000] {processor.py:840} INFO - DAG(s) 'dataset_consumes_unknown_never_scheduled', 'dataset_consumes_1_and_2', 'dataset_consumes_1_never_scheduled', 'dataset_consumes_1', 'dataset_produces_2', 'dataset_produces_1' retrieved from /home/airflow/.local/lib/python3.8/site-packages/airflow/example_dags/example_datasets.py
[2026-07-21T18:24:33.864+0000] {logging_mixin.py:188} INFO - [2026-07-21T18:24:33.863+0000] {dag.py:3036} INFO - Sync 6 DAGs
[2026-07-21T18:24:33.887+0000] {logging_mixin.py:188} INFO - [2026-07-21T18:24:33.887+0000] {dag.py:3823} INFO - Setting next_dagrun for dataset_consumes_1 to None, run_after=None
[2026-07-21T18:24:33.893+0000] {logging_mixin.py:188} INFO - [2026-07-21T18:24:33.892+0000] {dag.py:3823} INFO - Setting next_dagrun for dataset_consumes_1_and_2 to None, run_after=None
[2026-07-21T18:24:33.894+0000] {logging_mixin.py:188} INFO - [2026-07-21T18:24:33.894+0000] {dag.py:3823} INFO - Setting next_dagrun for dataset_consumes_1_never_scheduled to None, run_after=None
[2026-07-21T18:24:33.896+0000] {logging_mixin.py:188} INFO - [2026-07-21T18:24:33.896+0000] {dag.py:3823} INFO - Setting next_dagrun for dataset_consumes_unknown_never_scheduled to None, run_after=None
[2026-07-21T18:24:33.899+0000] {logging_mixin.py:188} INFO - [2026-07-21T18:24:33.899+0000] {dag.py:3823} INFO - Setting next_dagrun for dataset_produces_1 to 2026-07-20 00:00:00+00:00, run_after=2026-07-21 00:00:00+00:00
[2026-07-21T18:24:33.900+0000] {logging_mixin.py:188} INFO - [2026-07-21T18:24:33.900+0000] {dag.py:3823} INFO - Setting next_dagrun for dataset_produces_2 to None, run_after=None
[2026-07-21T18:24:33.935+0000] {processor.py:183} INFO - Processing /home/airflow/.local/lib/python3.8/site-packages/airflow/example_dags/example_datasets.py took 0.132 seconds
[2026-07-21T18:25:04.048+0000] {processor.py:161} INFO - Started process (PID=1847) to work on /home/airflow/.local/lib/python3.8/site-packages/airflow/example_dags/example_datasets.py
[2026-07-21T18:25:04.049+0000] {processor.py:830} INFO - Processing file /home/airflow/.local/lib/python3.8/site-packages/airflow/example_dags/example_datasets.py for tasks to queue
[2026-07-21T18:25:04.052+0000] {logging_mixin.py:188} INFO - [2026-07-21T18:25:04.051+0000] {dagbag.py:538} INFO - Filling up the DagBag from /home/airflow/.local/lib/python3.8/site-packages/airflow/example_dags/example_datasets.py
[2026-07-21T18:25:04.062+0000] {processor.py:840} INFO - DAG(s) 'dataset_produces_2', 'dataset_consumes_1_and_2', 'dataset_consumes_unknown_never_scheduled', 'dataset_consumes_1_never_scheduled', 'dataset_consumes_1', 'dataset_produces_1' retrieved from /home/airflow/.local/lib/python3.8/site-packages/airflow/example_dags/example_datasets.py
[2026-07-21T18:25:04.104+0000] {logging_mixin.py:188} INFO - [2026-07-21T18:25:04.103+0000] {dag.py:3036} INFO - Sync 6 DAGs
[2026-07-21T18:25:04.130+0000] {logging_mixin.py:188} INFO - [2026-07-21T18:25:04.130+0000] {dag.py:3823} INFO - Setting next_dagrun for dataset_consumes_1 to None, run_after=None
[2026-07-21T18:25:04.134+0000] {logging_mixin.py:188} INFO - [2026-07-21T18:25:04.134+0000] {dag.py:3823} INFO - Setting next_dagrun for dataset_consumes_1_and_2 to None, run_after=None
[2026-07-21T18:25:04.136+0000] {logging_mixin.py:188} INFO - [2026-07-21T18:25:04.136+0000] {dag.py:3823} INFO - Setting next_dagrun for dataset_consumes_1_never_scheduled to None, run_after=None
[2026-07-21T18:25:04.137+0000] {logging_mixin.py:188} INFO - [2026-07-21T18:25:04.137+0000] {dag.py:3823} INFO - Setting next_dagrun for dataset_consumes_unknown_never_scheduled to None, run_after=None
[2026-07-21T18:25:04.140+0000] {logging_mixin.py:188} INFO - [2026-07-21T18:25:04.140+0000] {dag.py:3823} INFO - Setting next_dagrun for dataset_produces_1 to 2026-07-20 00:00:00+00:00, run_after=2026-07-21 00:00:00+00:00
[2026-07-21T18:25:04.142+0000] {logging_mixin.py:188} INFO - [2026-07-21T18:25:04.142+0000] {dag.py:3823} INFO - Setting next_dagrun for dataset_produces_2 to None, run_after=None
[2026-07-21T18:25:04.179+0000] {processor.py:183} INFO - Processing /home/airflow/.local/lib/python3.8/site-packages/airflow/example_dags/example_datasets.py took 0.135 seconds
[2026-07-21T18:25:35.253+0000] {processor.py:161} INFO - Started process (PID=1902) to work on /home/airflow/.local/lib/python3.8/site-packages/airflow/example_dags/example_datasets.py
[2026-07-21T18:25:35.254+0000] {processor.py:830} INFO - Processing file /home/airflow/.local/lib/python3.8/site-packages/airflow/example_dags/example_datasets.py for tasks to queue
[2026-07-21T18:25:35.256+0000] {logging_mixin.py:188} INFO - [2026-07-21T18:25:35.256+0000] {dagbag.py:538} INFO - Filling up the DagBag from /home/airflow/.local/lib/python3.8/site-packages/airflow/example_dags/example_datasets.py
[2026-07-21T18:25:35.269+0000] {processor.py:840} INFO - DAG(s) 'dataset_produces_1', 'dataset_consumes_1_and_2', 'dataset_consumes_unknown_never_scheduled', 'dataset_produces_2', 'dataset_consumes_1_never_scheduled', 'dataset_consumes_1' retrieved from /home/airflow/.local/lib/python3.8/site-packages/airflow/example_dags/example_datasets.py
[2026-07-21T18:25:35.310+0000] {logging_mixin.py:188} INFO - [2026-07-21T18:25:35.310+0000] {dag.py:3036} INFO - Sync 6 DAGs
[2026-07-21T18:25:35.338+0000] {logging_mixin.py:188} INFO - [2026-07-21T18:25:35.338+0000] {dag.py:3823} INFO - Setting next_dagrun for dataset_consumes_1 to None, run_after=None
[2026-07-21T18:25:35.343+0000] {logging_mixin.py:188} INFO - [2026-07-21T18:25:35.343+0000] {dag.py:3823} INFO - Setting next_dagrun for dataset_consumes_1_and_2 to None, run_after=None
[2026-07-21T18:25:35.344+0000] {logging_mixin.py:188} INFO - [2026-07-21T18:25:35.344+0000] {dag.py:3823} INFO - Setting next_dagrun for dataset_consumes_1_never_scheduled to None, run_after=None
[2026-07-21T18:25:35.346+0000] {logging_mixin.py:188} INFO - [2026-07-21T18:25:35.346+0000] {dag.py:3823} INFO - Setting next_dagrun for dataset_consumes_unknown_never_scheduled to None, run_after=None
[2026-07-21T18:25:35.349+0000] {logging_mixin.py:188} INFO - [2026-07-21T18:25:35.349+0000] {dag.py:3823} INFO - Setting next_dagrun for dataset_produces_1 to 2026-07-20 00:00:00+00:00, run_after=2026-07-21 00:00:00+00:00
[2026-07-21T18:25:35.351+0000] {logging_mixin.py:188} INFO - [2026-07-21T18:25:35.350+0000] {dag.py:3823} INFO - Setting next_dagrun for dataset_produces_2 to None, run_after=None
[2026-07-21T18:25:35.382+0000] {processor.py:183} INFO - Processing /home/airflow/.local/lib/python3.8/site-packages/airflow/example_dags/example_datasets.py took 0.132 seconds
[2026-07-21T18:26:05.949+0000] {processor.py:161} INFO - Started process (PID=1958) to work on /home/airflow/.local/lib/python3.8/site-packages/airflow/example_dags/example_datasets.py
[2026-07-21T18:26:05.950+0000] {processor.py:830} INFO - Processing file /home/airflow/.local/lib/python3.8/site-packages/airflow/example_dags/example_datasets.py for tasks to queue
[2026-07-21T18:26:05.953+0000] {logging_mixin.py:188} INFO - [2026-07-21T18:26:05.952+0000] {dagbag.py:538} INFO - Filling up the DagBag from /home/airflow/.local/lib/python3.8/site-packages/airflow/example_dags/example_datasets.py
[2026-07-21T18:26:05.963+0000] {processor.py:840} INFO - DAG(s) 'dataset_produces_1', 'dataset_consumes_1_never_scheduled', 'dataset_consumes_unknown_never_scheduled', 'dataset_consumes_1_and_2', 'dataset_consumes_1', 'dataset_produces_2' retrieved from /home/airflow/.local/lib/python3.8/site-packages/airflow/example_dags/example_datasets.py
[2026-07-21T18:26:06.006+0000] {logging_mixin.py:188} INFO - [2026-07-21T18:26:06.005+0000] {dag.py:3036} INFO - Sync 6 DAGs
[2026-07-21T18:26:06.031+0000] {logging_mixin.py:188} INFO - [2026-07-21T18:26:06.031+0000] {dag.py:3823} INFO - Setting next_dagrun for dataset_consumes_1 to None, run_after=None
[2026-07-21T18:26:06.035+0000] {logging_mixin.py:188} INFO - [2026-07-21T18:26:06.035+0000] {dag.py:3823} INFO - Setting next_dagrun for dataset_consumes_1_and_2 to None, run_after=None
[2026-07-21T18:26:06.036+0000] {logging_mixin.py:188} INFO - [2026-07-21T18:26:06.036+0000] {dag.py:3823} INFO - Setting next_dagrun for dataset_consumes_1_never_scheduled to None, run_after=None
[2026-07-21T18:26:06.038+0000] {logging_mixin.py:188} INFO - [2026-07-21T18:26:06.038+0000] {dag.py:3823} INFO - Setting next_dagrun for dataset_consumes_unknown_never_scheduled to None, run_after=None
[2026-07-21T18:26:06.041+0000] {logging_mixin.py:188} INFO - [2026-07-21T18:26:06.041+0000] {dag.py:3823} INFO - Setting next_dagrun for dataset_produces_1 to 2026-07-20 00:00:00+00:00, run_after=2026-07-21 00:00:00+00:00
[2026-07-21T18:26:06.043+0000] {logging_mixin.py:188} INFO - [2026-07-21T18:26:06.042+0000] {dag.py:3823} INFO - Setting next_dagrun for dataset_produces_2 to None, run_after=None
[2026-07-21T18:26:06.082+0000] {processor.py:183} INFO - Processing /home/airflow/.local/lib/python3.8/site-packages/airflow/example_dags/example_datasets.py took 0.138 seconds
[2026-07-21T18:26:36.674+0000] {processor.py:161} INFO - Started process (PID=2014) to work on /home/airflow/.local/lib/python3.8/site-packages/airflow/example_dags/example_datasets.py
[2026-07-21T18:26:36.675+0000] {processor.py:830} INFO - Processing file /home/airflow/.local/lib/python3.8/site-packages/airflow/example_dags/example_datasets.py for tasks to queue
[2026-07-21T18:26:36.677+0000] {logging_mixin.py:188} INFO - [2026-07-21T18:26:36.677+0000] {dagbag.py:538} INFO - Filling up the DagBag from /home/airflow/.local/lib/python3.8/site-packages/airflow/example_dags/example_datasets.py
[2026-07-21T18:26:36.687+0000] {processor.py:840} INFO - DAG(s) 'dataset_consumes_1', 'dataset_consumes_1_never_scheduled', 'dataset_produces_2', 'dataset_produces_1', 'dataset_consumes_unknown_never_scheduled', 'dataset_consumes_1_and_2' retrieved from /home/airflow/.local/lib/python3.8/site-packages/airflow/example_dags/example_datasets.py
[2026-07-21T18:26:36.722+0000] {logging_mixin.py:188} INFO - [2026-07-21T18:26:36.722+0000] {dag.py:3036} INFO - Sync 6 DAGs
[2026-07-21T18:26:36.745+0000] {logging_mixin.py:188} INFO - [2026-07-21T18:26:36.744+0000] {dag.py:3823} INFO - Setting next_dagrun for dataset_consumes_1 to None, run_after=None
[2026-07-21T18:26:36.748+0000] {logging_mixin.py:188} INFO - [2026-07-21T18:26:36.748+0000] {dag.py:3823} INFO - Setting next_dagrun for dataset_consumes_1_and_2 to None, run_after=None
[2026-07-21T18:26:36.750+0000] {logging_mixin.py:188} INFO - [2026-07-21T18:26:36.750+0000] {dag.py:3823} INFO - Setting next_dagrun for dataset_consumes_1_never_scheduled to None, run_after=None
[2026-07-21T18:26:36.751+0000] {logging_mixin.py:188} INFO - [2026-07-21T18:26:36.751+0000] {dag.py:3823} INFO - Setting next_dagrun for dataset_consumes_unknown_never_scheduled to None, run_after=None
[2026-07-21T18:26:36.754+0000] {logging_mixin.py:188} INFO - [2026-07-21T18:26:36.754+0000] {dag.py:3823} INFO - Setting next_dagrun for dataset_produces_1 to 2026-07-20 00:00:00+00:00, run_after=2026-07-21 00:00:00+00:00
[2026-07-21T18:26:36.755+0000] {logging_mixin.py:188} INFO - [2026-07-21T18:26:36.755+0000] {dag.py:3823} INFO - Setting next_dagrun for dataset_produces_2 to None, run_after=None
[2026-07-21T18:26:36.786+0000] {processor.py:183} INFO - Processing /home/airflow/.local/lib/python3.8/site-packages/airflow/example_dags/example_datasets.py took 0.117 seconds
[2026-07-21T18:27:07.039+0000] {processor.py:161} INFO - Started process (PID=2070) to work on /home/airflow/.local/lib/python3.8/site-packages/airflow/example_dags/example_datasets.py
[2026-07-21T18:27:07.040+0000] {processor.py:830} INFO - Processing file /home/airflow/.local/lib/python3.8/site-packages/airflow/example_dags/example_datasets.py for tasks to queue
[2026-07-21T18:27:07.043+0000] {logging_mixin.py:188} INFO - [2026-07-21T18:27:07.043+0000] {dagbag.py:538} INFO - Filling up the DagBag from /home/airflow/.local/lib/python3.8/site-packages/airflow/example_dags/example_datasets.py
[2026-07-21T18:27:07.055+0000] {processor.py:840} INFO - DAG(s) 'dataset_consumes_1_and_2', 'dataset_produces_2', 'dataset_consumes_unknown_never_scheduled', 'dataset_consumes_1_never_scheduled', 'dataset_consumes_1', 'dataset_produces_1' retrieved from /home/airflow/.local/lib/python3.8/site-packages/airflow/example_dags/example_datasets.py
[2026-07-21T18:27:07.092+0000] {logging_mixin.py:188} INFO - [2026-07-21T18:27:07.092+0000] {dag.py:3036} INFO - Sync 6 DAGs
[2026-07-21T18:27:07.119+0000] {logging_mixin.py:188} INFO - [2026-07-21T18:27:07.118+0000] {dag.py:3823} INFO - Setting next_dagrun for dataset_consumes_1 to None, run_after=None
[2026-07-21T18:27:07.122+0000] {logging_mixin.py:188} INFO - [2026-07-21T18:27:07.122+0000] {dag.py:3823} INFO - Setting next_dagrun for dataset_consumes_1_and_2 to None, run_after=None
[2026-07-21T18:27:07.124+0000] {logging_mixin.py:188} INFO - [2026-07-21T18:27:07.124+0000] {dag.py:3823} INFO - Setting next_dagrun for dataset_consumes_1_never_scheduled to None, run_after=None
[2026-07-21T18:27:07.125+0000] {logging_mixin.py:188} INFO - [2026-07-21T18:27:07.125+0000] {dag.py:3823} INFO - Setting next_dagrun for dataset_consumes_unknown_never_scheduled to None, run_after=None
[2026-07-21T18:27:07.128+0000] {logging_mixin.py:188} INFO - [2026-07-21T18:27:07.128+0000] {dag.py:3823} INFO - Setting next_dagrun for dataset_produces_1 to 2026-07-20 00:00:00+00:00, run_after=2026-07-21 00:00:00+00:00
[2026-07-21T18:27:07.130+0000] {logging_mixin.py:188} INFO - [2026-07-21T18:27:07.129+0000] {dag.py:3823} INFO - Setting next_dagrun for dataset_produces_2 to None, run_after=None
[2026-07-21T18:27:07.163+0000] {processor.py:183} INFO - Processing /home/airflow/.local/lib/python3.8/site-packages/airflow/example_dags/example_datasets.py took 0.129 seconds
[2026-07-21T18:27:37.748+0000] {processor.py:161} INFO - Started process (PID=2126) to work on /home/airflow/.local/lib/python3.8/site-packages/airflow/example_dags/example_datasets.py
[2026-07-21T18:27:37.750+0000] {processor.py:830} INFO - Processing file /home/airflow/.local/lib/python3.8/site-packages/airflow/example_dags/example_datasets.py for tasks to queue
[2026-07-21T18:27:37.751+0000] {logging_mixin.py:188} INFO - [2026-07-21T18:27:37.751+0000] {dagbag.py:538} INFO - Filling up the DagBag from /home/airflow/.local/lib/python3.8/site-packages/airflow/example_dags/example_datasets.py
[2026-07-21T18:27:37.761+0000] {processor.py:840} INFO - DAG(s) 'dataset_consumes_1', 'dataset_produces_2', 'dataset_consumes_1_and_2', 'dataset_consumes_unknown_never_scheduled', 'dataset_produces_1', 'dataset_consumes_1_never_scheduled' retrieved from /home/airflow/.local/lib/python3.8/site-packages/airflow/example_dags/example_datasets.py
[2026-07-21T18:27:37.794+0000] {logging_mixin.py:188} INFO - [2026-07-21T18:27:37.794+0000] {dag.py:3036} INFO - Sync 6 DAGs
[2026-07-21T18:27:37.817+0000] {logging_mixin.py:188} INFO - [2026-07-21T18:27:37.817+0000] {dag.py:3823} INFO - Setting next_dagrun for dataset_consumes_1 to None, run_after=None
[2026-07-21T18:27:37.821+0000] {logging_mixin.py:188} INFO - [2026-07-21T18:27:37.821+0000] {dag.py:3823} INFO - Setting next_dagrun for dataset_consumes_1_and_2 to None, run_after=None
[2026-07-21T18:27:37.822+0000] {logging_mixin.py:188} INFO - [2026-07-21T18:27:37.822+0000] {dag.py:3823} INFO - Setting next_dagrun for dataset_consumes_1_never_scheduled to None, run_after=None
[2026-07-21T18:27:37.823+0000] {logging_mixin.py:188} INFO - [2026-07-21T18:27:37.823+0000] {dag.py:3823} INFO - Setting next_dagrun for dataset_consumes_unknown_never_scheduled to None, run_after=None
[2026-07-21T18:27:37.826+0000] {logging_mixin.py:188} INFO - [2026-07-21T18:27:37.826+0000] {dag.py:3823} INFO - Setting next_dagrun for dataset_produces_1 to 2026-07-20 00:00:00+00:00, run_after=2026-07-21 00:00:00+00:00
[2026-07-21T18:27:37.827+0000] {logging_mixin.py:188} INFO - [2026-07-21T18:27:37.827+0000] {dag.py:3823} INFO - Setting next_dagrun for dataset_produces_2 to None, run_after=None
[2026-07-21T18:27:37.857+0000] {processor.py:183} INFO - Processing /home/airflow/.local/lib/python3.8/site-packages/airflow/example_dags/example_datasets.py took 0.112 seconds
[2026-07-21T18:28:08.368+0000] {processor.py:161} INFO - Started process (PID=2182) to work on /home/airflow/.local/lib/python3.8/site-packages/airflow/example_dags/example_datasets.py
[2026-07-21T18:28:08.369+0000] {processor.py:830} INFO - Processing file /home/airflow/.local/lib/python3.8/site-packages/airflow/example_dags/example_datasets.py for tasks to queue
[2026-07-21T18:28:08.371+0000] {logging_mixin.py:188} INFO - [2026-07-21T18:28:08.371+0000] {dagbag.py:538} INFO - Filling up the DagBag from /home/airflow/.local/lib/python3.8/site-packages/airflow/example_dags/example_datasets.py
[2026-07-21T18:28:08.381+0000] {processor.py:840} INFO - DAG(s) 'dataset_consumes_1_never_scheduled', 'dataset_produces_2', 'dataset_consumes_1', 'dataset_consumes_1_and_2', 'dataset_produces_1', 'dataset_consumes_unknown_never_scheduled' retrieved from /home/airflow/.local/lib/python3.8/site-packages/airflow/example_dags/example_datasets.py
[2026-07-21T18:28:08.416+0000] {logging_mixin.py:188} INFO - [2026-07-21T18:28:08.415+0000] {dag.py:3036} INFO - Sync 6 DAGs
[2026-07-21T18:28:08.439+0000] {logging_mixin.py:188} INFO - [2026-07-21T18:28:08.438+0000] {dag.py:3823} INFO - Setting next_dagrun for dataset_consumes_1 to None, run_after=None
[2026-07-21T18:28:08.442+0000] {logging_mixin.py:188} INFO - [2026-07-21T18:28:08.442+0000] {dag.py:3823} INFO - Setting next_dagrun for dataset_consumes_1_and_2 to None, run_after=None
[2026-07-21T18:28:08.443+0000] {logging_mixin.py:188} INFO - [2026-07-21T18:28:08.443+0000] {dag.py:3823} INFO - Setting next_dagrun for dataset_consumes_1_never_scheduled to None, run_after=None
[2026-07-21T18:28:08.444+0000] {logging_mixin.py:188} INFO - [2026-07-21T18:28:08.444+0000] {dag.py:3823} INFO - Setting next_dagrun for dataset_consumes_unknown_never_scheduled to None, run_after=None
[2026-07-21T18:28:08.447+0000] {logging_mixin.py:188} INFO - [2026-07-21T18:28:08.447+0000] {dag.py:3823} INFO - Setting next_dagrun for dataset_produces_1 to 2026-07-20 00:00:00+00:00, run_after=2026-07-21 00:00:00+00:00
[2026-07-21T18:28:08.448+0000] {logging_mixin.py:188} INFO - [2026-07-21T18:28:08.448+0000] {dag.py:3823} INFO - Setting next_dagrun for dataset_produces_2 to None, run_after=None
[2026-07-21T18:28:08.478+0000] {processor.py:183} INFO - Processing /home/airflow/.local/lib/python3.8/site-packages/airflow/example_dags/example_datasets.py took 0.113 seconds
[2026-07-21T18:28:38.735+0000] {processor.py:161} INFO - Started process (PID=2238) to work on /home/airflow/.local/lib/python3.8/site-packages/airflow/example_dags/example_datasets.py
[2026-07-21T18:28:38.736+0000] {processor.py:830} INFO - Processing file /home/airflow/.local/lib/python3.8/site-packages/airflow/example_dags/example_datasets.py for tasks to queue
[2026-07-21T18:28:38.738+0000] {logging_mixin.py:188} INFO - [2026-07-21T18:28:38.738+0000] {dagbag.py:538} INFO - Filling up the DagBag from /home/airflow/.local/lib/python3.8/site-packages/airflow/example_dags/example_datasets.py
[2026-07-21T18:28:38.748+0000] {processor.py:840} INFO - DAG(s) 'dataset_consumes_unknown_never_scheduled', 'dataset_consumes_1', 'dataset_consumes_1_never_scheduled', 'dataset_consumes_1_and_2', 'dataset_produces_1', 'dataset_produces_2' retrieved from /home/airflow/.local/lib/python3.8/site-packages/airflow/example_dags/example_datasets.py
[2026-07-21T18:28:38.778+0000] {logging_mixin.py:188} INFO - [2026-07-21T18:28:38.778+0000] {dag.py:3036} INFO - Sync 6 DAGs
[2026-07-21T18:28:38.800+0000] {logging_mixin.py:188} INFO - [2026-07-21T18:28:38.799+0000] {dag.py:3823} INFO - Setting next_dagrun for dataset_consumes_1 to None, run_after=None
[2026-07-21T18:28:38.803+0000] {logging_mixin.py:188} INFO - [2026-07-21T18:28:38.803+0000] {dag.py:3823} INFO - Setting next_dagrun for dataset_consumes_1_and_2 to None, run_after=None
[2026-07-21T18:28:38.804+0000] {logging_mixin.py:188} INFO - [2026-07-21T18:28:38.804+0000] {dag.py:3823} INFO - Setting next_dagrun for dataset_consumes_1_never_scheduled to None, run_after=None
[2026-07-21T18:28:38.806+0000] {logging_mixin.py:188} INFO - [2026-07-21T18:28:38.806+0000] {dag.py:3823} INFO - Setting next_dagrun for dataset_consumes_unknown_never_scheduled to None, run_after=None
[2026-07-21T18:28:38.808+0000] {logging_mixin.py:188} INFO - [2026-07-21T18:28:38.808+0000] {dag.py:3823} INFO - Setting next_dagrun for dataset_produces_1 to 2026-07-20 00:00:00+00:00, run_after=2026-07-21 00:00:00+00:00
[2026-07-21T18:28:38.810+0000] {logging_mixin.py:188} INFO - [2026-07-21T18:28:38.809+0000] {dag.py:3823} INFO - Setting next_dagrun for dataset_produces_2 to None, run_after=None
[2026-07-21T18:28:38.839+0000] {processor.py:183} INFO - Processing /home/airflow/.local/lib/python3.8/site-packages/airflow/example_dags/example_datasets.py took 0.108 seconds
[2026-07-21T18:29:08.926+0000] {processor.py:161} INFO - Started process (PID=2294) to work on /home/airflow/.local/lib/python3.8/site-packages/airflow/example_dags/example_datasets.py
[2026-07-21T18:29:08.927+0000] {processor.py:830} INFO - Processing file /home/airflow/.local/lib/python3.8/site-packages/airflow/example_dags/example_datasets.py for tasks to queue
[2026-07-21T18:29:08.929+0000] {logging_mixin.py:188} INFO - [2026-07-21T18:29:08.929+0000] {dagbag.py:538} INFO - Filling up the DagBag from /home/airflow/.local/lib/python3.8/site-packages/airflow/example_dags/example_datasets.py
[2026-07-21T18:29:08.938+0000] {processor.py:840} INFO - DAG(s) 'dataset_consumes_1_never_scheduled', 'dataset_produces_1', 'dataset_consumes_1_and_2', 'dataset_consumes_unknown_never_scheduled', 'dataset_produces_2', 'dataset_consumes_1' retrieved from /home/airflow/.local/lib/python3.8/site-packages/airflow/example_dags/example_datasets.py
[2026-07-21T18:29:08.972+0000] {logging_mixin.py:188} INFO - [2026-07-21T18:29:08.972+0000] {dag.py:3036} INFO - Sync 6 DAGs
[2026-07-21T18:29:08.996+0000] {logging_mixin.py:188} INFO - [2026-07-21T18:29:08.996+0000] {dag.py:3823} INFO - Setting next_dagrun for dataset_consumes_1 to None, run_after=None
[2026-07-21T18:29:08.999+0000] {logging_mixin.py:188} INFO - [2026-07-21T18:29:08.999+0000] {dag.py:3823} INFO - Setting next_dagrun for dataset_consumes_1_and_2 to None, run_after=None
[2026-07-21T18:29:09.001+0000] {logging_mixin.py:188} INFO - [2026-07-21T18:29:09.001+0000] {dag.py:3823} INFO - Setting next_dagrun for dataset_consumes_1_never_scheduled to None, run_after=None
[2026-07-21T18:29:09.002+0000] {logging_mixin.py:188} INFO - [2026-07-21T18:29:09.002+0000] {dag.py:3823} INFO - Setting next_dagrun for dataset_consumes_unknown_never_scheduled to None, run_after=None
[2026-07-21T18:29:09.005+0000] {logging_mixin.py:188} INFO - [2026-07-21T18:29:09.004+0000] {dag.py:3823} INFO - Setting next_dagrun for dataset_produces_1 to 2026-07-20 00:00:00+00:00, run_after=2026-07-21 00:00:00+00:00
[2026-07-21T18:29:09.006+0000] {logging_mixin.py:188} INFO - [2026-07-21T18:29:09.006+0000] {dag.py:3823} INFO - Setting next_dagrun for dataset_produces_2 to None, run_after=None
[2026-07-21T18:29:09.036+0000] {processor.py:183} INFO - Processing /home/airflow/.local/lib/python3.8/site-packages/airflow/example_dags/example_datasets.py took 0.114 seconds
[2026-07-21T18:29:39.646+0000] {processor.py:161} INFO - Started process (PID=2350) to work on /home/airflow/.local/lib/python3.8/site-packages/airflow/example_dags/example_datasets.py
[2026-07-21T18:29:39.647+0000] {processor.py:830} INFO - Processing file /home/airflow/.local/lib/python3.8/site-packages/airflow/example_dags/example_datasets.py for tasks to queue
[2026-07-21T18:29:39.649+0000] {logging_mixin.py:188} INFO - [2026-07-21T18:29:39.649+0000] {dagbag.py:538} INFO - Filling up the DagBag from /home/airflow/.local/lib/python3.8/site-packages/airflow/example_dags/example_datasets.py
[2026-07-21T18:29:39.659+0000] {processor.py:840} INFO - DAG(s) 'dataset_consumes_unknown_never_scheduled', 'dataset_consumes_1_never_scheduled', 'dataset_consumes_1', 'dataset_produces_2', 'dataset_consumes_1_and_2', 'dataset_produces_1' retrieved from /home/airflow/.local/lib/python3.8/site-packages/airflow/example_dags/example_datasets.py
[2026-07-21T18:29:39.692+0000] {logging_mixin.py:188} INFO - [2026-07-21T18:29:39.692+0000] {dag.py:3036} INFO - Sync 6 DAGs
[2026-07-21T18:29:39.716+0000] {logging_mixin.py:188} INFO - [2026-07-21T18:29:39.716+0000] {dag.py:3823} INFO - Setting next_dagrun for dataset_consumes_1 to None, run_after=None
[2026-07-21T18:29:39.720+0000] {logging_mixin.py:188} INFO - [2026-07-21T18:29:39.719+0000] {dag.py:3823} INFO - Setting next_dagrun for dataset_consumes_1_and_2 to None, run_after=None
[2026-07-21T18:29:39.721+0000] {logging_mixin.py:188} INFO - [2026-07-21T18:29:39.721+0000] {dag.py:3823} INFO - Setting next_dagrun for dataset_consumes_1_never_scheduled to None, run_after=None
[2026-07-21T18:29:39.726+0000] {logging_mixin.py:188} INFO - [2026-07-21T18:29:39.725+0000] {dag.py:3823} INFO - Setting next_dagrun for dataset_consumes_unknown_never_scheduled to None, run_after=None
[2026-07-21T18:29:39.729+0000] {logging_mixin.py:188} INFO - [2026-07-21T18:29:39.729+0000] {dag.py:3823} INFO - Setting next_dagrun for dataset_produces_1 to 2026-07-20 00:00:00+00:00, run_after=2026-07-21 00:00:00+00:00
[2026-07-21T18:29:39.731+0000] {logging_mixin.py:188} INFO - [2026-07-21T18:29:39.731+0000] {dag.py:3823} INFO - Setting next_dagrun for dataset_produces_2 to None, run_after=None
[2026-07-21T18:29:39.763+0000] {processor.py:183} INFO - Processing /home/airflow/.local/lib/python3.8/site-packages/airflow/example_dags/example_datasets.py took 0.121 seconds
[2026-07-21T18:30:10.111+0000] {processor.py:161} INFO - Started process (PID=2406) to work on /home/airflow/.local/lib/python3.8/site-packages/airflow/example_dags/example_datasets.py
[2026-07-21T18:30:10.112+0000] {processor.py:830} INFO - Processing file /home/airflow/.local/lib/python3.8/site-packages/airflow/example_dags/example_datasets.py for tasks to queue
[2026-07-21T18:30:10.114+0000] {logging_mixin.py:188} INFO - [2026-07-21T18:30:10.114+0000] {dagbag.py:538} INFO - Filling up the DagBag from /home/airflow/.local/lib/python3.8/site-packages/airflow/example_dags/example_datasets.py
[2026-07-21T18:30:10.124+0000] {processor.py:840} INFO - DAG(s) 'dataset_consumes_1', 'dataset_consumes_unknown_never_scheduled', 'dataset_produces_2', 'dataset_consumes_1_never_scheduled', 'dataset_consumes_1_and_2', 'dataset_produces_1' retrieved from /home/airflow/.local/lib/python3.8/site-packages/airflow/example_dags/example_datasets.py
[2026-07-21T18:30:10.156+0000] {logging_mixin.py:188} INFO - [2026-07-21T18:30:10.155+0000] {dag.py:3036} INFO - Sync 6 DAGs
[2026-07-21T18:30:10.177+0000] {logging_mixin.py:188} INFO - [2026-07-21T18:30:10.176+0000] {dag.py:3823} INFO - Setting next_dagrun for dataset_consumes_1 to None, run_after=None
[2026-07-21T18:30:10.180+0000] {logging_mixin.py:188} INFO - [2026-07-21T18:30:10.180+0000] {dag.py:3823} INFO - Setting next_dagrun for dataset_consumes_1_and_2 to None, run_after=None
[2026-07-21T18:30:10.181+0000] {logging_mixin.py:188} INFO - [2026-07-21T18:30:10.181+0000] {dag.py:3823} INFO - Setting next_dagrun for dataset_consumes_1_never_scheduled to None, run_after=None
[2026-07-21T18:30:10.182+0000] {logging_mixin.py:188} INFO - [2026-07-21T18:30:10.182+0000] {dag.py:3823} INFO - Setting next_dagrun for dataset_consumes_unknown_never_scheduled to None, run_after=None
[2026-07-21T18:30:10.185+0000] {logging_mixin.py:188} INFO - [2026-07-21T18:30:10.185+0000] {dag.py:3823} INFO - Setting next_dagrun for dataset_produces_1 to 2026-07-20 00:00:00+00:00, run_after=2026-07-21 00:00:00+00:00
[2026-07-21T18:30:10.186+0000] {logging_mixin.py:188} INFO - [2026-07-21T18:30:10.186+0000] {dag.py:3823} INFO - Setting next_dagrun for dataset_produces_2 to None, run_after=None
[2026-07-21T18:30:10.215+0000] {processor.py:183} INFO - Processing /home/airflow/.local/lib/python3.8/site-packages/airflow/example_dags/example_datasets.py took 0.109 seconds
[2026-07-21T18:30:40.380+0000] {processor.py:161} INFO - Started process (PID=2462) to work on /home/airflow/.local/lib/python3.8/site-packages/airflow/example_dags/example_datasets.py
[2026-07-21T18:30:40.381+0000] {processor.py:830} INFO - Processing file /home/airflow/.local/lib/python3.8/site-packages/airflow/example_dags/example_datasets.py for tasks to queue
[2026-07-21T18:30:40.383+0000] {logging_mixin.py:188} INFO - [2026-07-21T18:30:40.383+0000] {dagbag.py:538} INFO - Filling up the DagBag from /home/airflow/.local/lib/python3.8/site-packages/airflow/example_dags/example_datasets.py
[2026-07-21T18:30:40.394+0000] {processor.py:840} INFO - DAG(s) 'dataset_consumes_1_and_2', 'dataset_consumes_unknown_never_scheduled', 'dataset_consumes_1', 'dataset_produces_1', 'dataset_produces_2', 'dataset_consumes_1_never_scheduled' retrieved from /home/airflow/.local/lib/python3.8/site-packages/airflow/example_dags/example_datasets.py
[2026-07-21T18:30:40.427+0000] {logging_mixin.py:188} INFO - [2026-07-21T18:30:40.427+0000] {dag.py:3036} INFO - Sync 6 DAGs
[2026-07-21T18:30:40.449+0000] {logging_mixin.py:188} INFO - [2026-07-21T18:30:40.449+0000] {dag.py:3823} INFO - Setting next_dagrun for dataset_consumes_1 to None, run_after=None
[2026-07-21T18:30:40.453+0000] {logging_mixin.py:188} INFO - [2026-07-21T18:30:40.452+0000] {dag.py:3823} INFO - Setting next_dagrun for dataset_consumes_1_and_2 to None, run_after=None
[2026-07-21T18:30:40.454+0000] {logging_mixin.py:188} INFO - [2026-07-21T18:30:40.454+0000] {dag.py:3823} INFO - Setting next_dagrun for dataset_consumes_1_never_scheduled to None, run_after=None
[2026-07-21T18:30:40.455+0000] {logging_mixin.py:188} INFO - [2026-07-21T18:30:40.455+0000] {dag.py:3823} INFO - Setting next_dagrun for dataset_consumes_unknown_never_scheduled to None, run_after=None
[2026-07-21T18:30:40.458+0000] {logging_mixin.py:188} INFO - [2026-07-21T18:30:40.458+0000] {dag.py:3823} INFO - Setting next_dagrun for dataset_produces_1 to 2026-07-20 00:00:00+00:00, run_after=2026-07-21 00:00:00+00:00
[2026-07-21T18:30:40.460+0000] {logging_mixin.py:188} INFO - [2026-07-21T18:30:40.460+0000] {dag.py:3823} INFO - Setting next_dagrun for dataset_produces_2 to None, run_after=None
[2026-07-21T18:30:40.490+0000] {processor.py:183} INFO - Processing /home/airflow/.local/lib/python3.8/site-packages/airflow/example_dags/example_datasets.py took 0.114 seconds
[2026-07-21T18:31:10.791+0000] {processor.py:161} INFO - Started process (PID=2518) to work on /home/airflow/.local/lib/python3.8/site-packages/airflow/example_dags/example_datasets.py
[2026-07-21T18:31:10.792+0000] {processor.py:830} INFO - Processing file /home/airflow/.local/lib/python3.8/site-packages/airflow/example_dags/example_datasets.py for tasks to queue
[2026-07-21T18:31:10.794+0000] {logging_mixin.py:188} INFO - [2026-07-21T18:31:10.793+0000] {dagbag.py:538} INFO - Filling up the DagBag from /home/airflow/.local/lib/python3.8/site-packages/airflow/example_dags/example_datasets.py
[2026-07-21T18:31:10.803+0000] {processor.py:840} INFO - DAG(s) 'dataset_produces_2', 'dataset_produces_1', 'dataset_consumes_1_and_2', 'dataset_consumes_unknown_never_scheduled', 'dataset_consumes_1_never_scheduled', 'dataset_consumes_1' retrieved from /home/airflow/.local/lib/python3.8/site-packages/airflow/example_dags/example_datasets.py
[2026-07-21T18:31:10.845+0000] {logging_mixin.py:188} INFO - [2026-07-21T18:31:10.845+0000] {dag.py:3036} INFO - Sync 6 DAGs
[2026-07-21T18:31:10.871+0000] {logging_mixin.py:188} INFO - [2026-07-21T18:31:10.871+0000] {dag.py:3823} INFO - Setting next_dagrun for dataset_consumes_1 to None, run_after=None
[2026-07-21T18:31:10.874+0000] {logging_mixin.py:188} INFO - [2026-07-21T18:31:10.874+0000] {dag.py:3823} INFO - Setting next_dagrun for dataset_consumes_1_and_2 to None, run_after=None
[2026-07-21T18:31:10.875+0000] {logging_mixin.py:188} INFO - [2026-07-21T18:31:10.875+0000] {dag.py:3823} INFO - Setting next_dagrun for dataset_consumes_1_never_scheduled to None, run_after=None
[2026-07-21T18:31:10.877+0000] {logging_mixin.py:188} INFO - [2026-07-21T18:31:10.876+0000] {dag.py:3823} INFO - Setting next_dagrun for dataset_consumes_unknown_never_scheduled to None, run_after=None
[2026-07-21T18:31:10.879+0000] {logging_mixin.py:188} INFO - [2026-07-21T18:31:10.879+0000] {dag.py:3823} INFO - Setting next_dagrun for dataset_produces_1 to 2026-07-20 00:00:00+00:00, run_after=2026-07-21 00:00:00+00:00
[2026-07-21T18:31:10.881+0000] {logging_mixin.py:188} INFO - [2026-07-21T18:31:10.880+0000] {dag.py:3823} INFO - Setting next_dagrun for dataset_produces_2 to None, run_after=None
[2026-07-21T18:31:10.910+0000] {processor.py:183} INFO - Processing /home/airflow/.local/lib/python3.8/site-packages/airflow/example_dags/example_datasets.py took 0.123 seconds
[2026-07-21T18:34:12.180+0000] {processor.py:161} INFO - Started process (PID=66) to work on /home/airflow/.local/lib/python3.10/site-packages/airflow/example_dags/example_datasets.py
[2026-07-21T18:34:12.183+0000] {processor.py:830} INFO - Processing file /home/airflow/.local/lib/python3.10/site-packages/airflow/example_dags/example_datasets.py for tasks to queue
[2026-07-21T18:34:12.195+0000] {logging_mixin.py:188} INFO - [2026-07-21T18:34:12.195+0000] {dagbag.py:538} INFO - Filling up the DagBag from /home/airflow/.local/lib/python3.10/site-packages/airflow/example_dags/example_datasets.py
[2026-07-21T18:34:12.313+0000] {processor.py:840} INFO - DAG(s) 'dataset_produces_1', 'dataset_consumes_1_and_2', 'dataset_consumes_1_never_scheduled', 'dataset_consumes_unknown_never_scheduled', 'dataset_produces_2', 'dataset_consumes_1' retrieved from /home/airflow/.local/lib/python3.10/site-packages/airflow/example_dags/example_datasets.py
[2026-07-21T18:34:12.357+0000] {logging_mixin.py:188} INFO - [2026-07-21T18:34:12.357+0000] {dag.py:3036} INFO - Sync 6 DAGs
[2026-07-21T18:34:12.470+0000] {logging_mixin.py:188} INFO - [2026-07-21T18:34:12.469+0000] {dag.py:3823} INFO - Setting next_dagrun for dataset_consumes_1 to None, run_after=None
[2026-07-21T18:34:12.482+0000] {logging_mixin.py:188} INFO - [2026-07-21T18:34:12.481+0000] {dag.py:3823} INFO - Setting next_dagrun for dataset_consumes_1_and_2 to None, run_after=None
[2026-07-21T18:34:12.489+0000] {logging_mixin.py:188} INFO - [2026-07-21T18:34:12.489+0000] {dag.py:3823} INFO - Setting next_dagrun for dataset_consumes_1_never_scheduled to None, run_after=None
[2026-07-21T18:34:12.492+0000] {logging_mixin.py:188} INFO - [2026-07-21T18:34:12.492+0000] {dag.py:3823} INFO - Setting next_dagrun for dataset_consumes_unknown_never_scheduled to None, run_after=None
[2026-07-21T18:34:12.503+0000] {logging_mixin.py:188} INFO - [2026-07-21T18:34:12.503+0000] {dag.py:3823} INFO - Setting next_dagrun for dataset_produces_1 to 2026-07-20 00:00:00+00:00, run_after=2026-07-21 00:00:00+00:00
[2026-07-21T18:34:12.507+0000] {logging_mixin.py:188} INFO - [2026-07-21T18:34:12.506+0000] {dag.py:3823} INFO - Setting next_dagrun for dataset_produces_2 to None, run_after=None
[2026-07-21T18:34:12.605+0000] {processor.py:183} INFO - Processing /home/airflow/.local/lib/python3.10/site-packages/airflow/example_dags/example_datasets.py took 0.475 seconds
[2026-07-21T18:34:43.479+0000] {processor.py:161} INFO - Started process (PID=127) to work on /home/airflow/.local/lib/python3.10/site-packages/airflow/example_dags/example_datasets.py
[2026-07-21T18:34:43.480+0000] {processor.py:830} INFO - Processing file /home/airflow/.local/lib/python3.10/site-packages/airflow/example_dags/example_datasets.py for tasks to queue
[2026-07-21T18:34:43.483+0000] {logging_mixin.py:188} INFO - [2026-07-21T18:34:43.482+0000] {dagbag.py:538} INFO - Filling up the DagBag from /home/airflow/.local/lib/python3.10/site-packages/airflow/example_dags/example_datasets.py
[2026-07-21T18:34:43.492+0000] {processor.py:840} INFO - DAG(s) 'dataset_consumes_unknown_never_scheduled', 'dataset_consumes_1_and_2', 'dataset_produces_1', 'dataset_consumes_1_never_scheduled', 'dataset_produces_2', 'dataset_consumes_1' retrieved from /home/airflow/.local/lib/python3.10/site-packages/airflow/example_dags/example_datasets.py
[2026-07-21T18:34:43.629+0000] {logging_mixin.py:188} INFO - [2026-07-21T18:34:43.629+0000] {dag.py:3036} INFO - Sync 6 DAGs
[2026-07-21T18:34:43.648+0000] {logging_mixin.py:188} INFO - [2026-07-21T18:34:43.648+0000] {dag.py:3823} INFO - Setting next_dagrun for dataset_consumes_1 to None, run_after=None
[2026-07-21T18:34:43.651+0000] {logging_mixin.py:188} INFO - [2026-07-21T18:34:43.651+0000] {dag.py:3823} INFO - Setting next_dagrun for dataset_consumes_1_and_2 to None, run_after=None
[2026-07-21T18:34:43.652+0000] {logging_mixin.py:188} INFO - [2026-07-21T18:34:43.652+0000] {dag.py:3823} INFO - Setting next_dagrun for dataset_consumes_1_never_scheduled to None, run_after=None
[2026-07-21T18:34:43.653+0000] {logging_mixin.py:188} INFO - [2026-07-21T18:34:43.653+0000] {dag.py:3823} INFO - Setting next_dagrun for dataset_consumes_unknown_never_scheduled to None, run_after=None
[2026-07-21T18:34:43.656+0000] {logging_mixin.py:188} INFO - [2026-07-21T18:34:43.655+0000] {dag.py:3823} INFO - Setting next_dagrun for dataset_produces_1 to 2026-07-20 00:00:00+00:00, run_after=2026-07-21 00:00:00+00:00
[2026-07-21T18:34:43.657+0000] {logging_mixin.py:188} INFO - [2026-07-21T18:34:43.657+0000] {dag.py:3823} INFO - Setting next_dagrun for dataset_produces_2 to None, run_after=None
[2026-07-21T18:34:43.689+0000] {processor.py:183} INFO - Processing /home/airflow/.local/lib/python3.10/site-packages/airflow/example_dags/example_datasets.py took 0.214 seconds
[2026-07-21T18:35:13.960+0000] {processor.py:161} INFO - Started process (PID=183) to work on /home/airflow/.local/lib/python3.10/site-packages/airflow/example_dags/example_datasets.py
[2026-07-21T18:35:13.961+0000] {processor.py:830} INFO - Processing file /home/airflow/.local/lib/python3.10/site-packages/airflow/example_dags/example_datasets.py for tasks to queue
[2026-07-21T18:35:13.964+0000] {logging_mixin.py:188} INFO - [2026-07-21T18:35:13.964+0000] {dagbag.py:538} INFO - Filling up the DagBag from /home/airflow/.local/lib/python3.10/site-packages/airflow/example_dags/example_datasets.py
[2026-07-21T18:35:13.976+0000] {processor.py:840} INFO - DAG(s) 'dataset_produces_2', 'dataset_consumes_1', 'dataset_consumes_unknown_never_scheduled', 'dataset_consumes_1_never_scheduled', 'dataset_produces_1', 'dataset_consumes_1_and_2' retrieved from /home/airflow/.local/lib/python3.10/site-packages/airflow/example_dags/example_datasets.py
[2026-07-21T18:35:14.014+0000] {logging_mixin.py:188} INFO - [2026-07-21T18:35:14.014+0000] {dag.py:3036} INFO - Sync 6 DAGs
[2026-07-21T18:35:14.045+0000] {logging_mixin.py:188} INFO - [2026-07-21T18:35:14.045+0000] {dag.py:3823} INFO - Setting next_dagrun for dataset_consumes_1 to None, run_after=None
[2026-07-21T18:35:14.048+0000] {logging_mixin.py:188} INFO - [2026-07-21T18:35:14.048+0000] {dag.py:3823} INFO - Setting next_dagrun for dataset_consumes_1_and_2 to None, run_after=None
[2026-07-21T18:35:14.050+0000] {logging_mixin.py:188} INFO - [2026-07-21T18:35:14.050+0000] {dag.py:3823} INFO - Setting next_dagrun for dataset_consumes_1_never_scheduled to None, run_after=None
[2026-07-21T18:35:14.051+0000] {logging_mixin.py:188} INFO - [2026-07-21T18:35:14.051+0000] {dag.py:3823} INFO - Setting next_dagrun for dataset_consumes_unknown_never_scheduled to None, run_after=None
[2026-07-21T18:35:14.054+0000] {logging_mixin.py:188} INFO - [2026-07-21T18:35:14.053+0000] {dag.py:3823} INFO - Setting next_dagrun for dataset_produces_1 to 2026-07-20 00:00:00+00:00, run_after=2026-07-21 00:00:00+00:00
[2026-07-21T18:35:14.055+0000] {logging_mixin.py:188} INFO - [2026-07-21T18:35:14.055+0000] {dag.py:3823} INFO - Setting next_dagrun for dataset_produces_2 to None, run_after=None
[2026-07-21T18:35:14.087+0000] {processor.py:183} INFO - Processing /home/airflow/.local/lib/python3.10/site-packages/airflow/example_dags/example_datasets.py took 0.132 seconds
[2026-07-21T18:35:44.146+0000] {processor.py:161} INFO - Started process (PID=239) to work on /home/airflow/.local/lib/python3.10/site-packages/airflow/example_dags/example_datasets.py
[2026-07-21T18:35:44.147+0000] {processor.py:830} INFO - Processing file /home/airflow/.local/lib/python3.10/site-packages/airflow/example_dags/example_datasets.py for tasks to queue
[2026-07-21T18:35:44.149+0000] {logging_mixin.py:188} INFO - [2026-07-21T18:35:44.149+0000] {dagbag.py:538} INFO - Filling up the DagBag from /home/airflow/.local/lib/python3.10/site-packages/airflow/example_dags/example_datasets.py
[2026-07-21T18:35:44.158+0000] {processor.py:840} INFO - DAG(s) 'dataset_consumes_1_and_2', 'dataset_produces_1', 'dataset_produces_2', 'dataset_consumes_1_never_scheduled', 'dataset_consumes_1', 'dataset_consumes_unknown_never_scheduled' retrieved from /home/airflow/.local/lib/python3.10/site-packages/airflow/example_dags/example_datasets.py
[2026-07-21T18:35:44.194+0000] {logging_mixin.py:188} INFO - [2026-07-21T18:35:44.194+0000] {dag.py:3036} INFO - Sync 6 DAGs
[2026-07-21T18:35:44.218+0000] {logging_mixin.py:188} INFO - [2026-07-21T18:35:44.217+0000] {dag.py:3823} INFO - Setting next_dagrun for dataset_consumes_1 to None, run_after=None
[2026-07-21T18:35:44.224+0000] {logging_mixin.py:188} INFO - [2026-07-21T18:35:44.224+0000] {dag.py:3823} INFO - Setting next_dagrun for dataset_consumes_1_and_2 to None, run_after=None
[2026-07-21T18:35:44.226+0000] {logging_mixin.py:188} INFO - [2026-07-21T18:35:44.226+0000] {dag.py:3823} INFO - Setting next_dagrun for dataset_consumes_1_never_scheduled to None, run_after=None
[2026-07-21T18:35:44.228+0000] {logging_mixin.py:188} INFO - [2026-07-21T18:35:44.227+0000] {dag.py:3823} INFO - Setting next_dagrun for dataset_consumes_unknown_never_scheduled to None, run_after=None
[2026-07-21T18:35:44.232+0000] {logging_mixin.py:188} INFO - [2026-07-21T18:35:44.231+0000] {dag.py:3823} INFO - Setting next_dagrun for dataset_produces_1 to 2026-07-20 00:00:00+00:00, run_after=2026-07-21 00:00:00+00:00
[2026-07-21T18:35:44.233+0000] {logging_mixin.py:188} INFO - [2026-07-21T18:35:44.233+0000] {dag.py:3823} INFO - Setting next_dagrun for dataset_produces_2 to None, run_after=None
[2026-07-21T18:35:44.268+0000] {processor.py:183} INFO - Processing /home/airflow/.local/lib/python3.10/site-packages/airflow/example_dags/example_datasets.py took 0.126 seconds
[2026-07-21T18:36:14.726+0000] {processor.py:161} INFO - Started process (PID=295) to work on /home/airflow/.local/lib/python3.10/site-packages/airflow/example_dags/example_datasets.py
[2026-07-21T18:36:14.727+0000] {processor.py:830} INFO - Processing file /home/airflow/.local/lib/python3.10/site-packages/airflow/example_dags/example_datasets.py for tasks to queue
[2026-07-21T18:36:14.730+0000] {logging_mixin.py:188} INFO - [2026-07-21T18:36:14.730+0000] {dagbag.py:538} INFO - Filling up the DagBag from /home/airflow/.local/lib/python3.10/site-packages/airflow/example_dags/example_datasets.py
[2026-07-21T18:36:14.742+0000] {processor.py:840} INFO - DAG(s) 'dataset_consumes_1', 'dataset_consumes_1_never_scheduled', 'dataset_consumes_unknown_never_scheduled', 'dataset_produces_1', 'dataset_produces_2', 'dataset_consumes_1_and_2' retrieved from /home/airflow/.local/lib/python3.10/site-packages/airflow/example_dags/example_datasets.py
[2026-07-21T18:36:14.780+0000] {logging_mixin.py:188} INFO - [2026-07-21T18:36:14.779+0000] {dag.py:3036} INFO - Sync 6 DAGs
[2026-07-21T18:36:14.805+0000] {logging_mixin.py:188} INFO - [2026-07-21T18:36:14.804+0000] {dag.py:3823} INFO - Setting next_dagrun for dataset_consumes_1 to None, run_after=None
[2026-07-21T18:36:14.809+0000] {logging_mixin.py:188} INFO - [2026-07-21T18:36:14.809+0000] {dag.py:3823} INFO - Setting next_dagrun for dataset_consumes_1_and_2 to None, run_after=None
[2026-07-21T18:36:14.811+0000] {logging_mixin.py:188} INFO - [2026-07-21T18:36:14.810+0000] {dag.py:3823} INFO - Setting next_dagrun for dataset_consumes_1_never_scheduled to None, run_after=None
[2026-07-21T18:36:14.812+0000] {logging_mixin.py:188} INFO - [2026-07-21T18:36:14.812+0000] {dag.py:3823} INFO - Setting next_dagrun for dataset_consumes_unknown_never_scheduled to None, run_after=None
[2026-07-21T18:36:14.819+0000] {logging_mixin.py:188} INFO - [2026-07-21T18:36:14.819+0000] {dag.py:3823} INFO - Setting next_dagrun for dataset_produces_1 to 2026-07-20 00:00:00+00:00, run_after=2026-07-21 00:00:00+00:00
[2026-07-21T18:36:14.821+0000] {logging_mixin.py:188} INFO - [2026-07-21T18:36:14.821+0000] {dag.py:3823} INFO - Setting next_dagrun for dataset_produces_2 to None, run_after=None
[2026-07-21T18:36:14.857+0000] {processor.py:183} INFO - Processing /home/airflow/.local/lib/python3.10/site-packages/airflow/example_dags/example_datasets.py took 0.136 seconds
[2026-07-21T18:36:45.142+0000] {processor.py:161} INFO - Started process (PID=351) to work on /home/airflow/.local/lib/python3.10/site-packages/airflow/example_dags/example_datasets.py
[2026-07-21T18:36:45.143+0000] {processor.py:830} INFO - Processing file /home/airflow/.local/lib/python3.10/site-packages/airflow/example_dags/example_datasets.py for tasks to queue
[2026-07-21T18:36:45.145+0000] {logging_mixin.py:188} INFO - [2026-07-21T18:36:45.145+0000] {dagbag.py:538} INFO - Filling up the DagBag from /home/airflow/.local/lib/python3.10/site-packages/airflow/example_dags/example_datasets.py
[2026-07-21T18:36:45.154+0000] {processor.py:840} INFO - DAG(s) 'dataset_consumes_1_and_2', 'dataset_consumes_unknown_never_scheduled', 'dataset_produces_2', 'dataset_produces_1', 'dataset_consumes_1', 'dataset_consumes_1_never_scheduled' retrieved from /home/airflow/.local/lib/python3.10/site-packages/airflow/example_dags/example_datasets.py
[2026-07-21T18:36:45.184+0000] {logging_mixin.py:188} INFO - [2026-07-21T18:36:45.184+0000] {dag.py:3036} INFO - Sync 6 DAGs
[2026-07-21T18:36:45.203+0000] {logging_mixin.py:188} INFO - [2026-07-21T18:36:45.203+0000] {dag.py:3823} INFO - Setting next_dagrun for dataset_consumes_1 to None, run_after=None
[2026-07-21T18:36:45.206+0000] {logging_mixin.py:188} INFO - [2026-07-21T18:36:45.206+0000] {dag.py:3823} INFO - Setting next_dagrun for dataset_consumes_1_and_2 to None, run_after=None
[2026-07-21T18:36:45.207+0000] {logging_mixin.py:188} INFO - [2026-07-21T18:36:45.207+0000] {dag.py:3823} INFO - Setting next_dagrun for dataset_consumes_1_never_scheduled to None, run_after=None
[2026-07-21T18:36:45.208+0000] {logging_mixin.py:188} INFO - [2026-07-21T18:36:45.208+0000] {dag.py:3823} INFO - Setting next_dagrun for dataset_consumes_unknown_never_scheduled to None, run_after=None
[2026-07-21T18:36:45.211+0000] {logging_mixin.py:188} INFO - [2026-07-21T18:36:45.211+0000] {dag.py:3823} INFO - Setting next_dagrun for dataset_produces_1 to 2026-07-20 00:00:00+00:00, run_after=2026-07-21 00:00:00+00:00
[2026-07-21T18:36:45.212+0000] {logging_mixin.py:188} INFO - [2026-07-21T18:36:45.212+0000] {dag.py:3823} INFO - Setting next_dagrun for dataset_produces_2 to None, run_after=None
[2026-07-21T18:36:45.238+0000] {processor.py:183} INFO - Processing /home/airflow/.local/lib/python3.10/site-packages/airflow/example_dags/example_datasets.py took 0.100 seconds
[2026-07-21T18:37:15.440+0000] {processor.py:161} INFO - Started process (PID=407) to work on /home/airflow/.local/lib/python3.10/site-packages/airflow/example_dags/example_datasets.py
[2026-07-21T18:37:15.442+0000] {processor.py:830} INFO - Processing file /home/airflow/.local/lib/python3.10/site-packages/airflow/example_dags/example_datasets.py for tasks to queue
[2026-07-21T18:37:15.444+0000] {logging_mixin.py:188} INFO - [2026-07-21T18:37:15.444+0000] {dagbag.py:538} INFO - Filling up the DagBag from /home/airflow/.local/lib/python3.10/site-packages/airflow/example_dags/example_datasets.py
[2026-07-21T18:37:15.453+0000] {processor.py:840} INFO - DAG(s) 'dataset_consumes_1', 'dataset_consumes_unknown_never_scheduled', 'dataset_consumes_1_and_2', 'dataset_produces_2', 'dataset_consumes_1_never_scheduled', 'dataset_produces_1' retrieved from /home/airflow/.local/lib/python3.10/site-packages/airflow/example_dags/example_datasets.py
[2026-07-21T18:37:15.484+0000] {logging_mixin.py:188} INFO - [2026-07-21T18:37:15.484+0000] {dag.py:3036} INFO - Sync 6 DAGs
[2026-07-21T18:37:15.503+0000] {logging_mixin.py:188} INFO - [2026-07-21T18:37:15.503+0000] {dag.py:3823} INFO - Setting next_dagrun for dataset_consumes_1 to None, run_after=None
[2026-07-21T18:37:15.506+0000] {logging_mixin.py:188} INFO - [2026-07-21T18:37:15.506+0000] {dag.py:3823} INFO - Setting next_dagrun for dataset_consumes_1_and_2 to None, run_after=None
[2026-07-21T18:37:15.507+0000] {logging_mixin.py:188} INFO - [2026-07-21T18:37:15.507+0000] {dag.py:3823} INFO - Setting next_dagrun for dataset_consumes_1_never_scheduled to None, run_after=None
[2026-07-21T18:37:15.509+0000] {logging_mixin.py:188} INFO - [2026-07-21T18:37:15.509+0000] {dag.py:3823} INFO - Setting next_dagrun for dataset_consumes_unknown_never_scheduled to None, run_after=None
[2026-07-21T18:37:15.512+0000] {logging_mixin.py:188} INFO - [2026-07-21T18:37:15.512+0000] {dag.py:3823} INFO - Setting next_dagrun for dataset_produces_1 to 2026-07-20 00:00:00+00:00, run_after=2026-07-21 00:00:00+00:00
[2026-07-21T18:37:15.513+0000] {logging_mixin.py:188} INFO - [2026-07-21T18:37:15.513+0000] {dag.py:3823} INFO - Setting next_dagrun for dataset_produces_2 to None, run_after=None
[2026-07-21T18:37:15.542+0000] {processor.py:183} INFO - Processing /home/airflow/.local/lib/python3.10/site-packages/airflow/example_dags/example_datasets.py took 0.105 seconds
[2026-07-21T18:37:45.730+0000] {processor.py:161} INFO - Started process (PID=463) to work on /home/airflow/.local/lib/python3.10/site-packages/airflow/example_dags/example_datasets.py
[2026-07-21T18:37:45.731+0000] {processor.py:830} INFO - Processing file /home/airflow/.local/lib/python3.10/site-packages/airflow/example_dags/example_datasets.py for tasks to queue
[2026-07-21T18:37:45.733+0000] {logging_mixin.py:188} INFO - [2026-07-21T18:37:45.733+0000] {dagbag.py:538} INFO - Filling up the DagBag from /home/airflow/.local/lib/python3.10/site-packages/airflow/example_dags/example_datasets.py
[2026-07-21T18:37:45.742+0000] {processor.py:840} INFO - DAG(s) 'dataset_consumes_unknown_never_scheduled', 'dataset_consumes_1_never_scheduled', 'dataset_consumes_1_and_2', 'dataset_consumes_1', 'dataset_produces_1', 'dataset_produces_2' retrieved from /home/airflow/.local/lib/python3.10/site-packages/airflow/example_dags/example_datasets.py
[2026-07-21T18:37:45.771+0000] {logging_mixin.py:188} INFO - [2026-07-21T18:37:45.771+0000] {dag.py:3036} INFO - Sync 6 DAGs
[2026-07-21T18:37:45.790+0000] {logging_mixin.py:188} INFO - [2026-07-21T18:37:45.790+0000] {dag.py:3823} INFO - Setting next_dagrun for dataset_consumes_1 to None, run_after=None
[2026-07-21T18:37:45.794+0000] {logging_mixin.py:188} INFO - [2026-07-21T18:37:45.794+0000] {dag.py:3823} INFO - Setting next_dagrun for dataset_consumes_1_and_2 to None, run_after=None
[2026-07-21T18:37:45.795+0000] {logging_mixin.py:188} INFO - [2026-07-21T18:37:45.795+0000] {dag.py:3823} INFO - Setting next_dagrun for dataset_consumes_1_never_scheduled to None, run_after=None
[2026-07-21T18:37:45.796+0000] {logging_mixin.py:188} INFO - [2026-07-21T18:37:45.796+0000] {dag.py:3823} INFO - Setting next_dagrun for dataset_consumes_unknown_never_scheduled to None, run_after=None
[2026-07-21T18:37:45.798+0000] {logging_mixin.py:188} INFO - [2026-07-21T18:37:45.798+0000] {dag.py:3823} INFO - Setting next_dagrun for dataset_produces_1 to 2026-07-20 00:00:00+00:00, run_after=2026-07-21 00:00:00+00:00
[2026-07-21T18:37:45.800+0000] {logging_mixin.py:188} INFO - [2026-07-21T18:37:45.799+0000] {dag.py:3823} INFO - Setting next_dagrun for dataset_produces_2 to None, run_after=None
[2026-07-21T18:37:45.828+0000] {processor.py:183} INFO - Processing /home/airflow/.local/lib/python3.10/site-packages/airflow/example_dags/example_datasets.py took 0.102 seconds
[2026-07-21T18:38:16.339+0000] {processor.py:161} INFO - Started process (PID=519) to work on /home/airflow/.local/lib/python3.10/site-packages/airflow/example_dags/example_datasets.py
[2026-07-21T18:38:16.340+0000] {processor.py:830} INFO - Processing file /home/airflow/.local/lib/python3.10/site-packages/airflow/example_dags/example_datasets.py for tasks to queue
[2026-07-21T18:38:16.342+0000] {logging_mixin.py:188} INFO - [2026-07-21T18:38:16.342+0000] {dagbag.py:538} INFO - Filling up the DagBag from /home/airflow/.local/lib/python3.10/site-packages/airflow/example_dags/example_datasets.py
[2026-07-21T18:38:16.352+0000] {processor.py:840} INFO - DAG(s) 'dataset_consumes_unknown_never_scheduled', 'dataset_consumes_1_never_scheduled', 'dataset_consumes_1', 'dataset_consumes_1_and_2', 'dataset_produces_1', 'dataset_produces_2' retrieved from /home/airflow/.local/lib/python3.10/site-packages/airflow/example_dags/example_datasets.py
[2026-07-21T18:38:16.380+0000] {logging_mixin.py:188} INFO - [2026-07-21T18:38:16.380+0000] {dag.py:3036} INFO - Sync 6 DAGs
[2026-07-21T18:38:16.399+0000] {logging_mixin.py:188} INFO - [2026-07-21T18:38:16.399+0000] {dag.py:3823} INFO - Setting next_dagrun for dataset_consumes_1 to None, run_after=None
[2026-07-21T18:38:16.402+0000] {logging_mixin.py:188} INFO - [2026-07-21T18:38:16.402+0000] {dag.py:3823} INFO - Setting next_dagrun for dataset_consumes_1_and_2 to None, run_after=None
[2026-07-21T18:38:16.403+0000] {logging_mixin.py:188} INFO - [2026-07-21T18:38:16.403+0000] {dag.py:3823} INFO - Setting next_dagrun for dataset_consumes_1_never_scheduled to None, run_after=None
[2026-07-21T18:38:16.404+0000] {logging_mixin.py:188} INFO - [2026-07-21T18:38:16.404+0000] {dag.py:3823} INFO - Setting next_dagrun for dataset_consumes_unknown_never_scheduled to None, run_after=None
[2026-07-21T18:38:16.407+0000] {logging_mixin.py:188} INFO - [2026-07-21T18:38:16.406+0000] {dag.py:3823} INFO - Setting next_dagrun for dataset_produces_1 to 2026-07-20 00:00:00+00:00, run_after=2026-07-21 00:00:00+00:00
[2026-07-21T18:38:16.408+0000] {logging_mixin.py:188} INFO - [2026-07-21T18:38:16.408+0000] {dag.py:3823} INFO - Setting next_dagrun for dataset_produces_2 to None, run_after=None
[2026-07-21T18:38:16.436+0000] {processor.py:183} INFO - Processing /home/airflow/.local/lib/python3.10/site-packages/airflow/example_dags/example_datasets.py took 0.101 seconds
[2026-07-21T18:38:46.750+0000] {processor.py:161} INFO - Started process (PID=575) to work on /home/airflow/.local/lib/python3.10/site-packages/airflow/example_dags/example_datasets.py
[2026-07-21T18:38:46.751+0000] {processor.py:830} INFO - Processing file /home/airflow/.local/lib/python3.10/site-packages/airflow/example_dags/example_datasets.py for tasks to queue
[2026-07-21T18:38:46.754+0000] {logging_mixin.py:188} INFO - [2026-07-21T18:38:46.753+0000] {dagbag.py:538} INFO - Filling up the DagBag from /home/airflow/.local/lib/python3.10/site-packages/airflow/example_dags/example_datasets.py
[2026-07-21T18:38:46.763+0000] {processor.py:840} INFO - DAG(s) 'dataset_consumes_1_never_scheduled', 'dataset_produces_1', 'dataset_consumes_1_and_2', 'dataset_produces_2', 'dataset_consumes_1', 'dataset_consumes_unknown_never_scheduled' retrieved from /home/airflow/.local/lib/python3.10/site-packages/airflow/example_dags/example_datasets.py
[2026-07-21T18:38:46.792+0000] {logging_mixin.py:188} INFO - [2026-07-21T18:38:46.792+0000] {dag.py:3036} INFO - Sync 6 DAGs
[2026-07-21T18:38:46.811+0000] {logging_mixin.py:188} INFO - [2026-07-21T18:38:46.811+0000] {dag.py:3823} INFO - Setting next_dagrun for dataset_consumes_1 to None, run_after=None
[2026-07-21T18:38:46.815+0000] {logging_mixin.py:188} INFO - [2026-07-21T18:38:46.815+0000] {dag.py:3823} INFO - Setting next_dagrun for dataset_consumes_1_and_2 to None, run_after=None
[2026-07-21T18:38:46.817+0000] {logging_mixin.py:188} INFO - [2026-07-21T18:38:46.817+0000] {dag.py:3823} INFO - Setting next_dagrun for dataset_consumes_1_never_scheduled to None, run_after=None
[2026-07-21T18:38:46.818+0000] {logging_mixin.py:188} INFO - [2026-07-21T18:38:46.818+0000] {dag.py:3823} INFO - Setting next_dagrun for dataset_consumes_unknown_never_scheduled to None, run_after=None
[2026-07-21T18:38:46.821+0000] {logging_mixin.py:188} INFO - [2026-07-21T18:38:46.821+0000] {dag.py:3823} INFO - Setting next_dagrun for dataset_produces_1 to 2026-07-20 00:00:00+00:00, run_after=2026-07-21 00:00:00+00:00
[2026-07-21T18:38:46.822+0000] {logging_mixin.py:188} INFO - [2026-07-21T18:38:46.822+0000] {dag.py:3823} INFO - Setting next_dagrun for dataset_produces_2 to None, run_after=None
[2026-07-21T18:38:46.849+0000] {processor.py:183} INFO - Processing /home/airflow/.local/lib/python3.10/site-packages/airflow/example_dags/example_datasets.py took 0.103 seconds
[2026-07-21T18:39:17.039+0000] {processor.py:161} INFO - Started process (PID=631) to work on /home/airflow/.local/lib/python3.10/site-packages/airflow/example_dags/example_datasets.py
[2026-07-21T18:39:17.040+0000] {processor.py:830} INFO - Processing file /home/airflow/.local/lib/python3.10/site-packages/airflow/example_dags/example_datasets.py for tasks to queue
[2026-07-21T18:39:17.042+0000] {logging_mixin.py:188} INFO - [2026-07-21T18:39:17.042+0000] {dagbag.py:538} INFO - Filling up the DagBag from /home/airflow/.local/lib/python3.10/site-packages/airflow/example_dags/example_datasets.py
[2026-07-21T18:39:17.051+0000] {processor.py:840} INFO - DAG(s) 'dataset_produces_1', 'dataset_consumes_unknown_never_scheduled', 'dataset_consumes_1_and_2', 'dataset_consumes_1_never_scheduled', 'dataset_consumes_1', 'dataset_produces_2' retrieved from /home/airflow/.local/lib/python3.10/site-packages/airflow/example_dags/example_datasets.py
[2026-07-21T18:39:17.083+0000] {logging_mixin.py:188} INFO - [2026-07-21T18:39:17.083+0000] {dag.py:3036} INFO - Sync 6 DAGs
[2026-07-21T18:39:17.103+0000] {logging_mixin.py:188} INFO - [2026-07-21T18:39:17.103+0000] {dag.py:3823} INFO - Setting next_dagrun for dataset_consumes_1 to None, run_after=None
[2026-07-21T18:39:17.107+0000] {logging_mixin.py:188} INFO - [2026-07-21T18:39:17.106+0000] {dag.py:3823} INFO - Setting next_dagrun for dataset_consumes_1_and_2 to None, run_after=None
[2026-07-21T18:39:17.108+0000] {logging_mixin.py:188} INFO - [2026-07-21T18:39:17.108+0000] {dag.py:3823} INFO - Setting next_dagrun for dataset_consumes_1_never_scheduled to None, run_after=None
[2026-07-21T18:39:17.109+0000] {logging_mixin.py:188} INFO - [2026-07-21T18:39:17.109+0000] {dag.py:3823} INFO - Setting next_dagrun for dataset_consumes_unknown_never_scheduled to None, run_after=None
[2026-07-21T18:39:17.115+0000] {logging_mixin.py:188} INFO - [2026-07-21T18:39:17.114+0000] {dag.py:3823} INFO - Setting next_dagrun for dataset_produces_1 to 2026-07-20 00:00:00+00:00, run_after=2026-07-21 00:00:00+00:00
[2026-07-21T18:39:17.116+0000] {logging_mixin.py:188} INFO - [2026-07-21T18:39:17.116+0000] {dag.py:3823} INFO - Setting next_dagrun for dataset_produces_2 to None, run_after=None
[2026-07-21T18:39:17.144+0000] {processor.py:183} INFO - Processing /home/airflow/.local/lib/python3.10/site-packages/airflow/example_dags/example_datasets.py took 0.109 seconds
[2026-07-21T18:39:47.252+0000] {processor.py:161} INFO - Started process (PID=688) to work on /home/airflow/.local/lib/python3.10/site-packages/airflow/example_dags/example_datasets.py
[2026-07-21T18:39:47.253+0000] {processor.py:830} INFO - Processing file /home/airflow/.local/lib/python3.10/site-packages/airflow/example_dags/example_datasets.py for tasks to queue
[2026-07-21T18:39:47.255+0000] {logging_mixin.py:188} INFO - [2026-07-21T18:39:47.255+0000] {dagbag.py:538} INFO - Filling up the DagBag from /home/airflow/.local/lib/python3.10/site-packages/airflow/example_dags/example_datasets.py
[2026-07-21T18:39:47.264+0000] {processor.py:840} INFO - DAG(s) 'dataset_consumes_1_never_scheduled', 'dataset_consumes_1_and_2', 'dataset_consumes_1', 'dataset_produces_2', 'dataset_produces_1', 'dataset_consumes_unknown_never_scheduled' retrieved from /home/airflow/.local/lib/python3.10/site-packages/airflow/example_dags/example_datasets.py
[2026-07-21T18:39:47.296+0000] {logging_mixin.py:188} INFO - [2026-07-21T18:39:47.295+0000] {dag.py:3036} INFO - Sync 6 DAGs
[2026-07-21T18:39:47.315+0000] {logging_mixin.py:188} INFO - [2026-07-21T18:39:47.315+0000] {dag.py:3823} INFO - Setting next_dagrun for dataset_consumes_1 to None, run_after=None
[2026-07-21T18:39:47.318+0000] {logging_mixin.py:188} INFO - [2026-07-21T18:39:47.318+0000] {dag.py:3823} INFO - Setting next_dagrun for dataset_consumes_1_and_2 to None, run_after=None
[2026-07-21T18:39:47.319+0000] {logging_mixin.py:188} INFO - [2026-07-21T18:39:47.319+0000] {dag.py:3823} INFO - Setting next_dagrun for dataset_consumes_1_never_scheduled to None, run_after=None
[2026-07-21T18:39:47.320+0000] {logging_mixin.py:188} INFO - [2026-07-21T18:39:47.320+0000] {dag.py:3823} INFO - Setting next_dagrun for dataset_consumes_unknown_never_scheduled to None, run_after=None
[2026-07-21T18:39:47.322+0000] {logging_mixin.py:188} INFO - [2026-07-21T18:39:47.322+0000] {dag.py:3823} INFO - Setting next_dagrun for dataset_produces_1 to 2026-07-20 00:00:00+00:00, run_after=2026-07-21 00:00:00+00:00
[2026-07-21T18:39:47.323+0000] {logging_mixin.py:188} INFO - [2026-07-21T18:39:47.323+0000] {dag.py:3823} INFO - Setting next_dagrun for dataset_produces_2 to None, run_after=None
[2026-07-21T18:39:47.349+0000] {processor.py:183} INFO - Processing /home/airflow/.local/lib/python3.10/site-packages/airflow/example_dags/example_datasets.py took 0.102 seconds
[2026-07-21T18:40:17.838+0000] {processor.py:161} INFO - Started process (PID=743) to work on /home/airflow/.local/lib/python3.10/site-packages/airflow/example_dags/example_datasets.py
[2026-07-21T18:40:17.840+0000] {processor.py:830} INFO - Processing file /home/airflow/.local/lib/python3.10/site-packages/airflow/example_dags/example_datasets.py for tasks to queue
[2026-07-21T18:40:17.842+0000] {logging_mixin.py:188} INFO - [2026-07-21T18:40:17.841+0000] {dagbag.py:538} INFO - Filling up the DagBag from /home/airflow/.local/lib/python3.10/site-packages/airflow/example_dags/example_datasets.py
[2026-07-21T18:40:17.851+0000] {processor.py:840} INFO - DAG(s) 'dataset_produces_1', 'dataset_consumes_unknown_never_scheduled', 'dataset_consumes_1', 'dataset_consumes_1_and_2', 'dataset_produces_2', 'dataset_consumes_1_never_scheduled' retrieved from /home/airflow/.local/lib/python3.10/site-packages/airflow/example_dags/example_datasets.py
[2026-07-21T18:40:17.881+0000] {logging_mixin.py:188} INFO - [2026-07-21T18:40:17.881+0000] {dag.py:3036} INFO - Sync 6 DAGs
[2026-07-21T18:40:17.900+0000] {logging_mixin.py:188} INFO - [2026-07-21T18:40:17.900+0000] {dag.py:3823} INFO - Setting next_dagrun for dataset_consumes_1 to None, run_after=None
[2026-07-21T18:40:17.903+0000] {logging_mixin.py:188} INFO - [2026-07-21T18:40:17.903+0000] {dag.py:3823} INFO - Setting next_dagrun for dataset_consumes_1_and_2 to None, run_after=None
[2026-07-21T18:40:17.905+0000] {logging_mixin.py:188} INFO - [2026-07-21T18:40:17.905+0000] {dag.py:3823} INFO - Setting next_dagrun for dataset_consumes_1_never_scheduled to None, run_after=None
[2026-07-21T18:40:17.906+0000] {logging_mixin.py:188} INFO - [2026-07-21T18:40:17.906+0000] {dag.py:3823} INFO - Setting next_dagrun for dataset_consumes_unknown_never_scheduled to None, run_after=None
[2026-07-21T18:40:17.908+0000] {logging_mixin.py:188} INFO - [2026-07-21T18:40:17.908+0000] {dag.py:3823} INFO - Setting next_dagrun for dataset_produces_1 to 2026-07-20 00:00:00+00:00, run_after=2026-07-21 00:00:00+00:00
[2026-07-21T18:40:17.911+0000] {logging_mixin.py:188} INFO - [2026-07-21T18:40:17.911+0000] {dag.py:3823} INFO - Setting next_dagrun for dataset_produces_2 to None, run_after=None
[2026-07-21T18:40:17.938+0000] {processor.py:183} INFO - Processing /home/airflow/.local/lib/python3.10/site-packages/airflow/example_dags/example_datasets.py took 0.104 seconds
[2026-07-21T18:40:48.074+0000] {processor.py:161} INFO - Started process (PID=800) to work on /home/airflow/.local/lib/python3.10/site-packages/airflow/example_dags/example_datasets.py
[2026-07-21T18:40:48.075+0000] {processor.py:830} INFO - Processing file /home/airflow/.local/lib/python3.10/site-packages/airflow/example_dags/example_datasets.py for tasks to queue
[2026-07-21T18:40:48.077+0000] {logging_mixin.py:188} INFO - [2026-07-21T18:40:48.077+0000] {dagbag.py:538} INFO - Filling up the DagBag from /home/airflow/.local/lib/python3.10/site-packages/airflow/example_dags/example_datasets.py
[2026-07-21T18:40:48.086+0000] {processor.py:840} INFO - DAG(s) 'dataset_consumes_unknown_never_scheduled', 'dataset_produces_2', 'dataset_consumes_1_and_2', 'dataset_consumes_1_never_scheduled', 'dataset_produces_1', 'dataset_consumes_1' retrieved from /home/airflow/.local/lib/python3.10/site-packages/airflow/example_dags/example_datasets.py
[2026-07-21T18:40:48.117+0000] {logging_mixin.py:188} INFO - [2026-07-21T18:40:48.117+0000] {dag.py:3036} INFO - Sync 6 DAGs
[2026-07-21T18:40:48.138+0000] {logging_mixin.py:188} INFO - [2026-07-21T18:40:48.137+0000] {dag.py:3823} INFO - Setting next_dagrun for dataset_consumes_1 to None, run_after=None
[2026-07-21T18:40:48.141+0000] {logging_mixin.py:188} INFO - [2026-07-21T18:40:48.141+0000] {dag.py:3823} INFO - Setting next_dagrun for dataset_consumes_1_and_2 to None, run_after=None
[2026-07-21T18:40:48.142+0000] {logging_mixin.py:188} INFO - [2026-07-21T18:40:48.142+0000] {dag.py:3823} INFO - Setting next_dagrun for dataset_consumes_1_never_scheduled to None, run_after=None
[2026-07-21T18:40:48.143+0000] {logging_mixin.py:188} INFO - [2026-07-21T18:40:48.143+0000] {dag.py:3823} INFO - Setting next_dagrun for dataset_consumes_unknown_never_scheduled to None, run_after=None
[2026-07-21T18:40:48.146+0000] {logging_mixin.py:188} INFO - [2026-07-21T18:40:48.145+0000] {dag.py:3823} INFO - Setting next_dagrun for dataset_produces_1 to 2026-07-20 00:00:00+00:00, run_after=2026-07-21 00:00:00+00:00
[2026-07-21T18:40:48.147+0000] {logging_mixin.py:188} INFO - [2026-07-21T18:40:48.146+0000] {dag.py:3823} INFO - Setting next_dagrun for dataset_produces_2 to None, run_after=None
[2026-07-21T18:40:48.177+0000] {processor.py:183} INFO - Processing /home/airflow/.local/lib/python3.10/site-packages/airflow/example_dags/example_datasets.py took 0.107 seconds
[2026-07-21T18:41:18.439+0000] {processor.py:161} INFO - Started process (PID=855) to work on /home/airflow/.local/lib/python3.10/site-packages/airflow/example_dags/example_datasets.py
[2026-07-21T18:41:18.440+0000] {processor.py:830} INFO - Processing file /home/airflow/.local/lib/python3.10/site-packages/airflow/example_dags/example_datasets.py for tasks to queue
[2026-07-21T18:41:18.442+0000] {logging_mixin.py:188} INFO - [2026-07-21T18:41:18.442+0000] {dagbag.py:538} INFO - Filling up the DagBag from /home/airflow/.local/lib/python3.10/site-packages/airflow/example_dags/example_datasets.py
[2026-07-21T18:41:18.451+0000] {processor.py:840} INFO - DAG(s) 'dataset_consumes_1_never_scheduled', 'dataset_consumes_1_and_2', 'dataset_consumes_1', 'dataset_consumes_unknown_never_scheduled', 'dataset_produces_1', 'dataset_produces_2' retrieved from /home/airflow/.local/lib/python3.10/site-packages/airflow/example_dags/example_datasets.py
[2026-07-21T18:41:18.480+0000] {logging_mixin.py:188} INFO - [2026-07-21T18:41:18.480+0000] {dag.py:3036} INFO - Sync 6 DAGs
[2026-07-21T18:41:18.499+0000] {logging_mixin.py:188} INFO - [2026-07-21T18:41:18.499+0000] {dag.py:3823} INFO - Setting next_dagrun for dataset_consumes_1 to None, run_after=None
[2026-07-21T18:41:18.503+0000] {logging_mixin.py:188} INFO - [2026-07-21T18:41:18.503+0000] {dag.py:3823} INFO - Setting next_dagrun for dataset_consumes_1_and_2 to None, run_after=None
[2026-07-21T18:41:18.505+0000] {logging_mixin.py:188} INFO - [2026-07-21T18:41:18.505+0000] {dag.py:3823} INFO - Setting next_dagrun for dataset_consumes_1_never_scheduled to None, run_after=None
[2026-07-21T18:41:18.506+0000] {logging_mixin.py:188} INFO - [2026-07-21T18:41:18.506+0000] {dag.py:3823} INFO - Setting next_dagrun for dataset_consumes_unknown_never_scheduled to None, run_after=None
[2026-07-21T18:41:18.509+0000] {logging_mixin.py:188} INFO - [2026-07-21T18:41:18.509+0000] {dag.py:3823} INFO - Setting next_dagrun for dataset_produces_1 to 2026-07-20 00:00:00+00:00, run_after=2026-07-21 00:00:00+00:00
[2026-07-21T18:41:18.510+0000] {logging_mixin.py:188} INFO - [2026-07-21T18:41:18.510+0000] {dag.py:3823} INFO - Setting next_dagrun for dataset_produces_2 to None, run_after=None
[2026-07-21T18:41:18.539+0000] {processor.py:183} INFO - Processing /home/airflow/.local/lib/python3.10/site-packages/airflow/example_dags/example_datasets.py took 0.104 seconds
[2026-07-21T18:41:48.729+0000] {processor.py:161} INFO - Started process (PID=911) to work on /home/airflow/.local/lib/python3.10/site-packages/airflow/example_dags/example_datasets.py
[2026-07-21T18:41:48.730+0000] {processor.py:830} INFO - Processing file /home/airflow/.local/lib/python3.10/site-packages/airflow/example_dags/example_datasets.py for tasks to queue
[2026-07-21T18:41:48.732+0000] {logging_mixin.py:188} INFO - [2026-07-21T18:41:48.732+0000] {dagbag.py:538} INFO - Filling up the DagBag from /home/airflow/.local/lib/python3.10/site-packages/airflow/example_dags/example_datasets.py
[2026-07-21T18:41:48.742+0000] {processor.py:840} INFO - DAG(s) 'dataset_produces_2', 'dataset_consumes_1', 'dataset_consumes_unknown_never_scheduled', 'dataset_produces_1', 'dataset_consumes_1_and_2', 'dataset_consumes_1_never_scheduled' retrieved from /home/airflow/.local/lib/python3.10/site-packages/airflow/example_dags/example_datasets.py
[2026-07-21T18:41:48.774+0000] {logging_mixin.py:188} INFO - [2026-07-21T18:41:48.774+0000] {dag.py:3036} INFO - Sync 6 DAGs
[2026-07-21T18:41:48.794+0000] {logging_mixin.py:188} INFO - [2026-07-21T18:41:48.794+0000] {dag.py:3823} INFO - Setting next_dagrun for dataset_consumes_1 to None, run_after=None
[2026-07-21T18:41:48.798+0000] {logging_mixin.py:188} INFO - [2026-07-21T18:41:48.797+0000] {dag.py:3823} INFO - Setting next_dagrun for dataset_consumes_1_and_2 to None, run_after=None
[2026-07-21T18:41:48.799+0000] {logging_mixin.py:188} INFO - [2026-07-21T18:41:48.799+0000] {dag.py:3823} INFO - Setting next_dagrun for dataset_consumes_1_never_scheduled to None, run_after=None
[2026-07-21T18:41:48.800+0000] {logging_mixin.py:188} INFO - [2026-07-21T18:41:48.800+0000] {dag.py:3823} INFO - Setting next_dagrun for dataset_consumes_unknown_never_scheduled to None, run_after=None
[2026-07-21T18:41:48.803+0000] {logging_mixin.py:188} INFO - [2026-07-21T18:41:48.802+0000] {dag.py:3823} INFO - Setting next_dagrun for dataset_produces_1 to 2026-07-20 00:00:00+00:00, run_after=2026-07-21 00:00:00+00:00
[2026-07-21T18:41:48.804+0000] {logging_mixin.py:188} INFO - [2026-07-21T18:41:48.804+0000] {dag.py:3823} INFO - Setting next_dagrun for dataset_produces_2 to None, run_after=None
[2026-07-21T18:41:48.833+0000] {processor.py:183} INFO - Processing /home/airflow/.local/lib/python3.10/site-packages/airflow/example_dags/example_datasets.py took 0.108 seconds
[2026-07-21T18:42:18.946+0000] {processor.py:161} INFO - Started process (PID=967) to work on /home/airflow/.local/lib/python3.10/site-packages/airflow/example_dags/example_datasets.py
[2026-07-21T18:42:18.947+0000] {processor.py:830} INFO - Processing file /home/airflow/.local/lib/python3.10/site-packages/airflow/example_dags/example_datasets.py for tasks to queue
[2026-07-21T18:42:18.950+0000] {logging_mixin.py:188} INFO - [2026-07-21T18:42:18.949+0000] {dagbag.py:538} INFO - Filling up the DagBag from /home/airflow/.local/lib/python3.10/site-packages/airflow/example_dags/example_datasets.py
[2026-07-21T18:42:18.959+0000] {processor.py:840} INFO - DAG(s) 'dataset_produces_2', 'dataset_produces_1', 'dataset_consumes_1', 'dataset_consumes_1_and_2', 'dataset_consumes_1_never_scheduled', 'dataset_consumes_unknown_never_scheduled' retrieved from /home/airflow/.local/lib/python3.10/site-packages/airflow/example_dags/example_datasets.py
[2026-07-21T18:42:18.994+0000] {logging_mixin.py:188} INFO - [2026-07-21T18:42:18.993+0000] {dag.py:3036} INFO - Sync 6 DAGs
[2026-07-21T18:42:19.024+0000] {logging_mixin.py:188} INFO - [2026-07-21T18:42:19.024+0000] {dag.py:3823} INFO - Setting next_dagrun for dataset_consumes_1 to None, run_after=None
[2026-07-21T18:42:19.028+0000] {logging_mixin.py:188} INFO - [2026-07-21T18:42:19.028+0000] {dag.py:3823} INFO - Setting next_dagrun for dataset_consumes_1_and_2 to None, run_after=None
[2026-07-21T18:42:19.030+0000] {logging_mixin.py:188} INFO - [2026-07-21T18:42:19.030+0000] {dag.py:3823} INFO - Setting next_dagrun for dataset_consumes_1_never_scheduled to None, run_after=None
[2026-07-21T18:42:19.031+0000] {logging_mixin.py:188} INFO - [2026-07-21T18:42:19.031+0000] {dag.py:3823} INFO - Setting next_dagrun for dataset_consumes_unknown_never_scheduled to None, run_after=None
[2026-07-21T18:42:19.034+0000] {logging_mixin.py:188} INFO - [2026-07-21T18:42:19.034+0000] {dag.py:3823} INFO - Setting next_dagrun for dataset_produces_1 to 2026-07-20 00:00:00+00:00, run_after=2026-07-21 00:00:00+00:00
[2026-07-21T18:42:19.036+0000] {logging_mixin.py:188} INFO - [2026-07-21T18:42:19.035+0000] {dag.py:3823} INFO - Setting next_dagrun for dataset_produces_2 to None, run_after=None
[2026-07-21T18:42:19.069+0000] {processor.py:183} INFO - Processing /home/airflow/.local/lib/python3.10/site-packages/airflow/example_dags/example_datasets.py took 0.127 seconds
[2026-07-21T18:42:49.227+0000] {processor.py:161} INFO - Started process (PID=1024) to work on /home/airflow/.local/lib/python3.10/site-packages/airflow/example_dags/example_datasets.py
[2026-07-21T18:42:49.228+0000] {processor.py:830} INFO - Processing file /home/airflow/.local/lib/python3.10/site-packages/airflow/example_dags/example_datasets.py for tasks to queue
[2026-07-21T18:42:49.230+0000] {logging_mixin.py:188} INFO - [2026-07-21T18:42:49.230+0000] {dagbag.py:538} INFO - Filling up the DagBag from /home/airflow/.local/lib/python3.10/site-packages/airflow/example_dags/example_datasets.py
[2026-07-21T18:42:49.239+0000] {processor.py:840} INFO - DAG(s) 'dataset_consumes_1', 'dataset_consumes_1_never_scheduled', 'dataset_consumes_1_and_2', 'dataset_produces_1', 'dataset_consumes_unknown_never_scheduled', 'dataset_produces_2' retrieved from /home/airflow/.local/lib/python3.10/site-packages/airflow/example_dags/example_datasets.py
[2026-07-21T18:42:49.269+0000] {logging_mixin.py:188} INFO - [2026-07-21T18:42:49.269+0000] {dag.py:3036} INFO - Sync 6 DAGs
[2026-07-21T18:42:49.288+0000] {logging_mixin.py:188} INFO - [2026-07-21T18:42:49.288+0000] {dag.py:3823} INFO - Setting next_dagrun for dataset_consumes_1 to None, run_after=None
[2026-07-21T18:42:49.292+0000] {logging_mixin.py:188} INFO - [2026-07-21T18:42:49.292+0000] {dag.py:3823} INFO - Setting next_dagrun for dataset_consumes_1_and_2 to None, run_after=None
[2026-07-21T18:42:49.293+0000] {logging_mixin.py:188} INFO - [2026-07-21T18:42:49.293+0000] {dag.py:3823} INFO - Setting next_dagrun for dataset_consumes_1_never_scheduled to None, run_after=None
[2026-07-21T18:42:49.298+0000] {logging_mixin.py:188} INFO - [2026-07-21T18:42:49.298+0000] {dag.py:3823} INFO - Setting next_dagrun for dataset_consumes_unknown_never_scheduled to None, run_after=None
[2026-07-21T18:42:49.301+0000] {logging_mixin.py:188} INFO - [2026-07-21T18:42:49.301+0000] {dag.py:3823} INFO - Setting next_dagrun for dataset_produces_1 to 2026-07-20 00:00:00+00:00, run_after=2026-07-21 00:00:00+00:00
[2026-07-21T18:42:49.302+0000] {logging_mixin.py:188} INFO - [2026-07-21T18:42:49.302+0000] {dag.py:3823} INFO - Setting next_dagrun for dataset_produces_2 to None, run_after=None
[2026-07-21T18:42:49.331+0000] {processor.py:183} INFO - Processing /home/airflow/.local/lib/python3.10/site-packages/airflow/example_dags/example_datasets.py took 0.107 seconds
[2026-07-21T18:43:19.725+0000] {processor.py:161} INFO - Started process (PID=1080) to work on /home/airflow/.local/lib/python3.10/site-packages/airflow/example_dags/example_datasets.py
[2026-07-21T18:43:19.726+0000] {processor.py:830} INFO - Processing file /home/airflow/.local/lib/python3.10/site-packages/airflow/example_dags/example_datasets.py for tasks to queue
[2026-07-21T18:43:19.729+0000] {logging_mixin.py:188} INFO - [2026-07-21T18:43:19.729+0000] {dagbag.py:538} INFO - Filling up the DagBag from /home/airflow/.local/lib/python3.10/site-packages/airflow/example_dags/example_datasets.py
[2026-07-21T18:43:19.740+0000] {processor.py:840} INFO - DAG(s) 'dataset_consumes_1_never_scheduled', 'dataset_consumes_unknown_never_scheduled', 'dataset_produces_1', 'dataset_produces_2', 'dataset_consumes_1', 'dataset_consumes_1_and_2' retrieved from /home/airflow/.local/lib/python3.10/site-packages/airflow/example_dags/example_datasets.py
[2026-07-21T18:43:19.768+0000] {logging_mixin.py:188} INFO - [2026-07-21T18:43:19.768+0000] {dag.py:3036} INFO - Sync 6 DAGs
[2026-07-21T18:43:19.788+0000] {logging_mixin.py:188} INFO - [2026-07-21T18:43:19.788+0000] {dag.py:3823} INFO - Setting next_dagrun for dataset_consumes_1 to None, run_after=None
[2026-07-21T18:43:19.791+0000] {logging_mixin.py:188} INFO - [2026-07-21T18:43:19.791+0000] {dag.py:3823} INFO - Setting next_dagrun for dataset_consumes_1_and_2 to None, run_after=None
[2026-07-21T18:43:19.792+0000] {logging_mixin.py:188} INFO - [2026-07-21T18:43:19.792+0000] {dag.py:3823} INFO - Setting next_dagrun for dataset_consumes_1_never_scheduled to None, run_after=None
[2026-07-21T18:43:19.793+0000] {logging_mixin.py:188} INFO - [2026-07-21T18:43:19.793+0000] {dag.py:3823} INFO - Setting next_dagrun for dataset_consumes_unknown_never_scheduled to None, run_after=None
[2026-07-21T18:43:19.795+0000] {logging_mixin.py:188} INFO - [2026-07-21T18:43:19.795+0000] {dag.py:3823} INFO - Setting next_dagrun for dataset_produces_1 to 2026-07-20 00:00:00+00:00, run_after=2026-07-21 00:00:00+00:00
[2026-07-21T18:43:19.797+0000] {logging_mixin.py:188} INFO - [2026-07-21T18:43:19.796+0000] {dag.py:3823} INFO - Setting next_dagrun for dataset_produces_2 to None, run_after=None
[2026-07-21T18:43:19.823+0000] {processor.py:183} INFO - Processing /home/airflow/.local/lib/python3.10/site-packages/airflow/example_dags/example_datasets.py took 0.103 seconds
[2026-07-21T18:43:50.148+0000] {processor.py:161} INFO - Started process (PID=1136) to work on /home/airflow/.local/lib/python3.10/site-packages/airflow/example_dags/example_datasets.py
[2026-07-21T18:43:50.150+0000] {processor.py:830} INFO - Processing file /home/airflow/.local/lib/python3.10/site-packages/airflow/example_dags/example_datasets.py for tasks to queue
[2026-07-21T18:43:50.152+0000] {logging_mixin.py:188} INFO - [2026-07-21T18:43:50.152+0000] {dagbag.py:538} INFO - Filling up the DagBag from /home/airflow/.local/lib/python3.10/site-packages/airflow/example_dags/example_datasets.py
[2026-07-21T18:43:50.164+0000] {processor.py:840} INFO - DAG(s) 'dataset_consumes_unknown_never_scheduled', 'dataset_produces_1', 'dataset_consumes_1', 'dataset_produces_2', 'dataset_consumes_1_never_scheduled', 'dataset_consumes_1_and_2' retrieved from /home/airflow/.local/lib/python3.10/site-packages/airflow/example_dags/example_datasets.py
[2026-07-21T18:43:50.199+0000] {logging_mixin.py:188} INFO - [2026-07-21T18:43:50.199+0000] {dag.py:3036} INFO - Sync 6 DAGs
[2026-07-21T18:43:50.221+0000] {logging_mixin.py:188} INFO - [2026-07-21T18:43:50.221+0000] {dag.py:3823} INFO - Setting next_dagrun for dataset_consumes_1 to None, run_after=None
[2026-07-21T18:43:50.226+0000] {logging_mixin.py:188} INFO - [2026-07-21T18:43:50.226+0000] {dag.py:3823} INFO - Setting next_dagrun for dataset_consumes_1_and_2 to None, run_after=None
[2026-07-21T18:43:50.227+0000] {logging_mixin.py:188} INFO - [2026-07-21T18:43:50.227+0000] {dag.py:3823} INFO - Setting next_dagrun for dataset_consumes_1_never_scheduled to None, run_after=None
[2026-07-21T18:43:50.228+0000] {logging_mixin.py:188} INFO - [2026-07-21T18:43:50.228+0000] {dag.py:3823} INFO - Setting next_dagrun for dataset_consumes_unknown_never_scheduled to None, run_after=None
[2026-07-21T18:43:50.231+0000] {logging_mixin.py:188} INFO - [2026-07-21T18:43:50.231+0000] {dag.py:3823} INFO - Setting next_dagrun for dataset_produces_1 to 2026-07-20 00:00:00+00:00, run_after=2026-07-21 00:00:00+00:00
[2026-07-21T18:43:50.232+0000] {logging_mixin.py:188} INFO - [2026-07-21T18:43:50.232+0000] {dag.py:3823} INFO - Setting next_dagrun for dataset_produces_2 to None, run_after=None
[2026-07-21T18:43:50.261+0000] {processor.py:183} INFO - Processing /home/airflow/.local/lib/python3.10/site-packages/airflow/example_dags/example_datasets.py took 0.116 seconds
[2026-07-21T18:44:20.535+0000] {processor.py:161} INFO - Started process (PID=1192) to work on /home/airflow/.local/lib/python3.10/site-packages/airflow/example_dags/example_datasets.py
[2026-07-21T18:44:20.537+0000] {processor.py:830} INFO - Processing file /home/airflow/.local/lib/python3.10/site-packages/airflow/example_dags/example_datasets.py for tasks to queue
[2026-07-21T18:44:20.539+0000] {logging_mixin.py:188} INFO - [2026-07-21T18:44:20.539+0000] {dagbag.py:538} INFO - Filling up the DagBag from /home/airflow/.local/lib/python3.10/site-packages/airflow/example_dags/example_datasets.py
[2026-07-21T18:44:20.550+0000] {processor.py:840} INFO - DAG(s) 'dataset_produces_2', 'dataset_produces_1', 'dataset_consumes_1_never_scheduled', 'dataset_consumes_1_and_2', 'dataset_consumes_unknown_never_scheduled', 'dataset_consumes_1' retrieved from /home/airflow/.local/lib/python3.10/site-packages/airflow/example_dags/example_datasets.py
[2026-07-21T18:44:20.582+0000] {logging_mixin.py:188} INFO - [2026-07-21T18:44:20.582+0000] {dag.py:3036} INFO - Sync 6 DAGs
[2026-07-21T18:44:20.601+0000] {logging_mixin.py:188} INFO - [2026-07-21T18:44:20.601+0000] {dag.py:3823} INFO - Setting next_dagrun for dataset_consumes_1 to None, run_after=None
[2026-07-21T18:44:20.605+0000] {logging_mixin.py:188} INFO - [2026-07-21T18:44:20.604+0000] {dag.py:3823} INFO - Setting next_dagrun for dataset_consumes_1_and_2 to None, run_after=None
[2026-07-21T18:44:20.606+0000] {logging_mixin.py:188} INFO - [2026-07-21T18:44:20.606+0000] {dag.py:3823} INFO - Setting next_dagrun for dataset_consumes_1_never_scheduled to None, run_after=None
[2026-07-21T18:44:20.607+0000] {logging_mixin.py:188} INFO - [2026-07-21T18:44:20.607+0000] {dag.py:3823} INFO - Setting next_dagrun for dataset_consumes_unknown_never_scheduled to None, run_after=None
[2026-07-21T18:44:20.610+0000] {logging_mixin.py:188} INFO - [2026-07-21T18:44:20.609+0000] {dag.py:3823} INFO - Setting next_dagrun for dataset_produces_1 to 2026-07-20 00:00:00+00:00, run_after=2026-07-21 00:00:00+00:00
[2026-07-21T18:44:20.611+0000] {logging_mixin.py:188} INFO - [2026-07-21T18:44:20.611+0000] {dag.py:3823} INFO - Setting next_dagrun for dataset_produces_2 to None, run_after=None
[2026-07-21T18:44:20.641+0000] {processor.py:183} INFO - Processing /home/airflow/.local/lib/python3.10/site-packages/airflow/example_dags/example_datasets.py took 0.111 seconds
[2026-07-21T18:44:50.830+0000] {processor.py:161} INFO - Started process (PID=1248) to work on /home/airflow/.local/lib/python3.10/site-packages/airflow/example_dags/example_datasets.py
[2026-07-21T18:44:50.831+0000] {processor.py:830} INFO - Processing file /home/airflow/.local/lib/python3.10/site-packages/airflow/example_dags/example_datasets.py for tasks to queue
[2026-07-21T18:44:50.833+0000] {logging_mixin.py:188} INFO - [2026-07-21T18:44:50.833+0000] {dagbag.py:538} INFO - Filling up the DagBag from /home/airflow/.local/lib/python3.10/site-packages/airflow/example_dags/example_datasets.py
[2026-07-21T18:44:50.842+0000] {processor.py:840} INFO - DAG(s) 'dataset_consumes_1', 'dataset_consumes_unknown_never_scheduled', 'dataset_produces_1', 'dataset_consumes_1_never_scheduled', 'dataset_produces_2', 'dataset_consumes_1_and_2' retrieved from /home/airflow/.local/lib/python3.10/site-packages/airflow/example_dags/example_datasets.py
[2026-07-21T18:44:50.872+0000] {logging_mixin.py:188} INFO - [2026-07-21T18:44:50.872+0000] {dag.py:3036} INFO - Sync 6 DAGs
[2026-07-21T18:44:50.890+0000] {logging_mixin.py:188} INFO - [2026-07-21T18:44:50.890+0000] {dag.py:3823} INFO - Setting next_dagrun for dataset_consumes_1 to None, run_after=None
[2026-07-21T18:44:50.894+0000] {logging_mixin.py:188} INFO - [2026-07-21T18:44:50.894+0000] {dag.py:3823} INFO - Setting next_dagrun for dataset_consumes_1_and_2 to None, run_after=None
[2026-07-21T18:44:50.895+0000] {logging_mixin.py:188} INFO - [2026-07-21T18:44:50.895+0000] {dag.py:3823} INFO - Setting next_dagrun for dataset_consumes_1_never_scheduled to None, run_after=None
[2026-07-21T18:44:50.896+0000] {logging_mixin.py:188} INFO - [2026-07-21T18:44:50.896+0000] {dag.py:3823} INFO - Setting next_dagrun for dataset_consumes_unknown_never_scheduled to None, run_after=None
[2026-07-21T18:44:50.898+0000] {logging_mixin.py:188} INFO - [2026-07-21T18:44:50.898+0000] {dag.py:3823} INFO - Setting next_dagrun for dataset_produces_1 to 2026-07-20 00:00:00+00:00, run_after=2026-07-21 00:00:00+00:00
[2026-07-21T18:44:50.899+0000] {logging_mixin.py:188} INFO - [2026-07-21T18:44:50.899+0000] {dag.py:3823} INFO - Setting next_dagrun for dataset_produces_2 to None, run_after=None
[2026-07-21T18:44:50.927+0000] {processor.py:183} INFO - Processing /home/airflow/.local/lib/python3.10/site-packages/airflow/example_dags/example_datasets.py took 0.100 seconds
[2026-07-21T18:45:21.120+0000] {processor.py:161} INFO - Started process (PID=1304) to work on /home/airflow/.local/lib/python3.10/site-packages/airflow/example_dags/example_datasets.py
[2026-07-21T18:45:21.121+0000] {processor.py:830} INFO - Processing file /home/airflow/.local/lib/python3.10/site-packages/airflow/example_dags/example_datasets.py for tasks to queue
[2026-07-21T18:45:21.123+0000] {logging_mixin.py:188} INFO - [2026-07-21T18:45:21.123+0000] {dagbag.py:538} INFO - Filling up the DagBag from /home/airflow/.local/lib/python3.10/site-packages/airflow/example_dags/example_datasets.py
[2026-07-21T18:45:21.132+0000] {processor.py:840} INFO - DAG(s) 'dataset_consumes_unknown_never_scheduled', 'dataset_consumes_1_and_2', 'dataset_produces_2', 'dataset_consumes_1_never_scheduled', 'dataset_produces_1', 'dataset_consumes_1' retrieved from /home/airflow/.local/lib/python3.10/site-packages/airflow/example_dags/example_datasets.py
[2026-07-21T18:45:21.167+0000] {logging_mixin.py:188} INFO - [2026-07-21T18:45:21.167+0000] {dag.py:3036} INFO - Sync 6 DAGs
[2026-07-21T18:45:21.192+0000] {logging_mixin.py:188} INFO - [2026-07-21T18:45:21.191+0000] {dag.py:3823} INFO - Setting next_dagrun for dataset_consumes_1 to None, run_after=None
[2026-07-21T18:45:21.196+0000] {logging_mixin.py:188} INFO - [2026-07-21T18:45:21.196+0000] {dag.py:3823} INFO - Setting next_dagrun for dataset_consumes_1_and_2 to None, run_after=None
[2026-07-21T18:45:21.198+0000] {logging_mixin.py:188} INFO - [2026-07-21T18:45:21.198+0000] {dag.py:3823} INFO - Setting next_dagrun for dataset_consumes_1_never_scheduled to None, run_after=None
[2026-07-21T18:45:21.199+0000] {logging_mixin.py:188} INFO - [2026-07-21T18:45:21.199+0000] {dag.py:3823} INFO - Setting next_dagrun for dataset_consumes_unknown_never_scheduled to None, run_after=None
[2026-07-21T18:45:21.202+0000] {logging_mixin.py:188} INFO - [2026-07-21T18:45:21.202+0000] {dag.py:3823} INFO - Setting next_dagrun for dataset_produces_1 to 2026-07-20 00:00:00+00:00, run_after=2026-07-21 00:00:00+00:00
[2026-07-21T18:45:21.204+0000] {logging_mixin.py:188} INFO - [2026-07-21T18:45:21.203+0000] {dag.py:3823} INFO - Setting next_dagrun for dataset_produces_2 to None, run_after=None
[2026-07-21T18:45:21.241+0000] {processor.py:183} INFO - Processing /home/airflow/.local/lib/python3.10/site-packages/airflow/example_dags/example_datasets.py took 0.125 seconds
[2026-07-21T18:45:51.709+0000] {processor.py:161} INFO - Started process (PID=1360) to work on /home/airflow/.local/lib/python3.10/site-packages/airflow/example_dags/example_datasets.py
[2026-07-21T18:45:51.710+0000] {processor.py:830} INFO - Processing file /home/airflow/.local/lib/python3.10/site-packages/airflow/example_dags/example_datasets.py for tasks to queue
[2026-07-21T18:45:51.713+0000] {logging_mixin.py:188} INFO - [2026-07-21T18:45:51.712+0000] {dagbag.py:538} INFO - Filling up the DagBag from /home/airflow/.local/lib/python3.10/site-packages/airflow/example_dags/example_datasets.py
[2026-07-21T18:45:51.723+0000] {processor.py:840} INFO - DAG(s) 'dataset_produces_1', 'dataset_consumes_1', 'dataset_consumes_unknown_never_scheduled', 'dataset_produces_2', 'dataset_consumes_1_never_scheduled', 'dataset_consumes_1_and_2' retrieved from /home/airflow/.local/lib/python3.10/site-packages/airflow/example_dags/example_datasets.py
[2026-07-21T18:45:51.752+0000] {logging_mixin.py:188} INFO - [2026-07-21T18:45:51.752+0000] {dag.py:3036} INFO - Sync 6 DAGs
[2026-07-21T18:45:51.771+0000] {logging_mixin.py:188} INFO - [2026-07-21T18:45:51.770+0000] {dag.py:3823} INFO - Setting next_dagrun for dataset_consumes_1 to None, run_after=None
[2026-07-21T18:45:51.774+0000] {logging_mixin.py:188} INFO - [2026-07-21T18:45:51.774+0000] {dag.py:3823} INFO - Setting next_dagrun for dataset_consumes_1_and_2 to None, run_after=None
[2026-07-21T18:45:51.776+0000] {logging_mixin.py:188} INFO - [2026-07-21T18:45:51.776+0000] {dag.py:3823} INFO - Setting next_dagrun for dataset_consumes_1_never_scheduled to None, run_after=None
[2026-07-21T18:45:51.777+0000] {logging_mixin.py:188} INFO - [2026-07-21T18:45:51.777+0000] {dag.py:3823} INFO - Setting next_dagrun for dataset_consumes_unknown_never_scheduled to None, run_after=None
[2026-07-21T18:45:51.779+0000] {logging_mixin.py:188} INFO - [2026-07-21T18:45:51.779+0000] {dag.py:3823} INFO - Setting next_dagrun for dataset_produces_1 to 2026-07-20 00:00:00+00:00, run_after=2026-07-21 00:00:00+00:00
[2026-07-21T18:45:51.781+0000] {logging_mixin.py:188} INFO - [2026-07-21T18:45:51.781+0000] {dag.py:3823} INFO - Setting next_dagrun for dataset_produces_2 to None, run_after=None
[2026-07-21T18:45:51.808+0000] {processor.py:183} INFO - Processing /home/airflow/.local/lib/python3.10/site-packages/airflow/example_dags/example_datasets.py took 0.104 seconds
[2026-07-21T18:46:21.988+0000] {processor.py:161} INFO - Started process (PID=1416) to work on /home/airflow/.local/lib/python3.10/site-packages/airflow/example_dags/example_datasets.py
[2026-07-21T18:46:21.990+0000] {processor.py:830} INFO - Processing file /home/airflow/.local/lib/python3.10/site-packages/airflow/example_dags/example_datasets.py for tasks to queue
[2026-07-21T18:46:21.992+0000] {logging_mixin.py:188} INFO - [2026-07-21T18:46:21.992+0000] {dagbag.py:538} INFO - Filling up the DagBag from /home/airflow/.local/lib/python3.10/site-packages/airflow/example_dags/example_datasets.py
[2026-07-21T18:46:22.001+0000] {processor.py:840} INFO - DAG(s) 'dataset_produces_1', 'dataset_consumes_1', 'dataset_consumes_1_never_scheduled', 'dataset_consumes_1_and_2', 'dataset_consumes_unknown_never_scheduled', 'dataset_produces_2' retrieved from /home/airflow/.local/lib/python3.10/site-packages/airflow/example_dags/example_datasets.py
[2026-07-21T18:46:22.030+0000] {logging_mixin.py:188} INFO - [2026-07-21T18:46:22.029+0000] {dag.py:3036} INFO - Sync 6 DAGs
[2026-07-21T18:46:22.048+0000] {logging_mixin.py:188} INFO - [2026-07-21T18:46:22.048+0000] {dag.py:3823} INFO - Setting next_dagrun for dataset_consumes_1 to None, run_after=None
[2026-07-21T18:46:22.051+0000] {logging_mixin.py:188} INFO - [2026-07-21T18:46:22.051+0000] {dag.py:3823} INFO - Setting next_dagrun for dataset_consumes_1_and_2 to None, run_after=None
[2026-07-21T18:46:22.052+0000] {logging_mixin.py:188} INFO - [2026-07-21T18:46:22.052+0000] {dag.py:3823} INFO - Setting next_dagrun for dataset_consumes_1_never_scheduled to None, run_after=None
[2026-07-21T18:46:22.053+0000] {logging_mixin.py:188} INFO - [2026-07-21T18:46:22.053+0000] {dag.py:3823} INFO - Setting next_dagrun for dataset_consumes_unknown_never_scheduled to None, run_after=None
[2026-07-21T18:46:22.056+0000] {logging_mixin.py:188} INFO - [2026-07-21T18:46:22.055+0000] {dag.py:3823} INFO - Setting next_dagrun for dataset_produces_1 to 2026-07-20 00:00:00+00:00, run_after=2026-07-21 00:00:00+00:00
[2026-07-21T18:46:22.057+0000] {logging_mixin.py:188} INFO - [2026-07-21T18:46:22.057+0000] {dag.py:3823} INFO - Setting next_dagrun for dataset_produces_2 to None, run_after=None
[2026-07-21T18:46:22.084+0000] {processor.py:183} INFO - Processing /home/airflow/.local/lib/python3.10/site-packages/airflow/example_dags/example_datasets.py took 0.099 seconds
[2026-07-21T18:46:52.163+0000] {processor.py:161} INFO - Started process (PID=1472) to work on /home/airflow/.local/lib/python3.10/site-packages/airflow/example_dags/example_datasets.py
[2026-07-21T18:46:52.164+0000] {processor.py:830} INFO - Processing file /home/airflow/.local/lib/python3.10/site-packages/airflow/example_dags/example_datasets.py for tasks to queue
[2026-07-21T18:46:52.166+0000] {logging_mixin.py:188} INFO - [2026-07-21T18:46:52.166+0000] {dagbag.py:538} INFO - Filling up the DagBag from /home/airflow/.local/lib/python3.10/site-packages/airflow/example_dags/example_datasets.py
[2026-07-21T18:46:52.175+0000] {processor.py:840} INFO - DAG(s) 'dataset_consumes_unknown_never_scheduled', 'dataset_produces_1', 'dataset_consumes_1_and_2', 'dataset_consumes_1', 'dataset_produces_2', 'dataset_consumes_1_never_scheduled' retrieved from /home/airflow/.local/lib/python3.10/site-packages/airflow/example_dags/example_datasets.py
[2026-07-21T18:46:52.205+0000] {logging_mixin.py:188} INFO - [2026-07-21T18:46:52.204+0000] {dag.py:3036} INFO - Sync 6 DAGs
[2026-07-21T18:46:52.224+0000] {logging_mixin.py:188} INFO - [2026-07-21T18:46:52.223+0000] {dag.py:3823} INFO - Setting next_dagrun for dataset_consumes_1 to None, run_after=None
[2026-07-21T18:46:52.227+0000] {logging_mixin.py:188} INFO - [2026-07-21T18:46:52.227+0000] {dag.py:3823} INFO - Setting next_dagrun for dataset_consumes_1_and_2 to None, run_after=None
[2026-07-21T18:46:52.228+0000] {logging_mixin.py:188} INFO - [2026-07-21T18:46:52.228+0000] {dag.py:3823} INFO - Setting next_dagrun for dataset_consumes_1_never_scheduled to None, run_after=None
[2026-07-21T18:46:52.229+0000] {logging_mixin.py:188} INFO - [2026-07-21T18:46:52.229+0000] {dag.py:3823} INFO - Setting next_dagrun for dataset_consumes_unknown_never_scheduled to None, run_after=None
[2026-07-21T18:46:52.231+0000] {logging_mixin.py:188} INFO - [2026-07-21T18:46:52.231+0000] {dag.py:3823} INFO - Setting next_dagrun for dataset_produces_1 to 2026-07-20 00:00:00+00:00, run_after=2026-07-21 00:00:00+00:00
[2026-07-21T18:46:52.233+0000] {logging_mixin.py:188} INFO - [2026-07-21T18:46:52.232+0000] {dag.py:3823} INFO - Setting next_dagrun for dataset_produces_2 to None, run_after=None
[2026-07-21T18:46:52.260+0000] {processor.py:183} INFO - Processing /home/airflow/.local/lib/python3.10/site-packages/airflow/example_dags/example_datasets.py took 0.102 seconds
[2026-07-21T18:47:22.512+0000] {processor.py:161} INFO - Started process (PID=1528) to work on /home/airflow/.local/lib/python3.10/site-packages/airflow/example_dags/example_datasets.py
[2026-07-21T18:47:22.513+0000] {processor.py:830} INFO - Processing file /home/airflow/.local/lib/python3.10/site-packages/airflow/example_dags/example_datasets.py for tasks to queue
[2026-07-21T18:47:22.515+0000] {logging_mixin.py:188} INFO - [2026-07-21T18:47:22.515+0000] {dagbag.py:538} INFO - Filling up the DagBag from /home/airflow/.local/lib/python3.10/site-packages/airflow/example_dags/example_datasets.py
[2026-07-21T18:47:22.524+0000] {processor.py:840} INFO - DAG(s) 'dataset_consumes_1_and_2', 'dataset_consumes_1_never_scheduled', 'dataset_consumes_1', 'dataset_produces_2', 'dataset_produces_1', 'dataset_consumes_unknown_never_scheduled' retrieved from /home/airflow/.local/lib/python3.10/site-packages/airflow/example_dags/example_datasets.py
[2026-07-21T18:47:22.555+0000] {logging_mixin.py:188} INFO - [2026-07-21T18:47:22.555+0000] {dag.py:3036} INFO - Sync 6 DAGs
[2026-07-21T18:47:22.575+0000] {logging_mixin.py:188} INFO - [2026-07-21T18:47:22.575+0000] {dag.py:3823} INFO - Setting next_dagrun for dataset_consumes_1 to None, run_after=None
[2026-07-21T18:47:22.578+0000] {logging_mixin.py:188} INFO - [2026-07-21T18:47:22.578+0000] {dag.py:3823} INFO - Setting next_dagrun for dataset_consumes_1_and_2 to None, run_after=None
[2026-07-21T18:47:22.579+0000] {logging_mixin.py:188} INFO - [2026-07-21T18:47:22.579+0000] {dag.py:3823} INFO - Setting next_dagrun for dataset_consumes_1_never_scheduled to None, run_after=None
[2026-07-21T18:47:22.580+0000] {logging_mixin.py:188} INFO - [2026-07-21T18:47:22.580+0000] {dag.py:3823} INFO - Setting next_dagrun for dataset_consumes_unknown_never_scheduled to None, run_after=None
[2026-07-21T18:47:22.583+0000] {logging_mixin.py:188} INFO - [2026-07-21T18:47:22.582+0000] {dag.py:3823} INFO - Setting next_dagrun for dataset_produces_1 to 2026-07-20 00:00:00+00:00, run_after=2026-07-21 00:00:00+00:00
[2026-07-21T18:47:22.584+0000] {logging_mixin.py:188} INFO - [2026-07-21T18:47:22.584+0000] {dag.py:3823} INFO - Setting next_dagrun for dataset_produces_2 to None, run_after=None
[2026-07-21T18:47:22.612+0000] {processor.py:183} INFO - Processing /home/airflow/.local/lib/python3.10/site-packages/airflow/example_dags/example_datasets.py took 0.103 seconds
[2026-07-21T18:47:53.224+0000] {processor.py:161} INFO - Started process (PID=1584) to work on /home/airflow/.local/lib/python3.10/site-packages/airflow/example_dags/example_datasets.py
[2026-07-21T18:47:53.225+0000] {processor.py:830} INFO - Processing file /home/airflow/.local/lib/python3.10/site-packages/airflow/example_dags/example_datasets.py for tasks to queue
[2026-07-21T18:47:53.227+0000] {logging_mixin.py:188} INFO - [2026-07-21T18:47:53.227+0000] {dagbag.py:538} INFO - Filling up the DagBag from /home/airflow/.local/lib/python3.10/site-packages/airflow/example_dags/example_datasets.py
[2026-07-21T18:47:53.238+0000] {processor.py:840} INFO - DAG(s) 'dataset_consumes_1', 'dataset_produces_2', 'dataset_consumes_unknown_never_scheduled', 'dataset_consumes_1_never_scheduled', 'dataset_consumes_1_and_2', 'dataset_produces_1' retrieved from /home/airflow/.local/lib/python3.10/site-packages/airflow/example_dags/example_datasets.py
[2026-07-21T18:47:53.270+0000] {logging_mixin.py:188} INFO - [2026-07-21T18:47:53.269+0000] {dag.py:3036} INFO - Sync 6 DAGs
[2026-07-21T18:47:53.290+0000] {logging_mixin.py:188} INFO - [2026-07-21T18:47:53.289+0000] {dag.py:3823} INFO - Setting next_dagrun for dataset_consumes_1 to None, run_after=None
[2026-07-21T18:47:53.293+0000] {logging_mixin.py:188} INFO - [2026-07-21T18:47:53.293+0000] {dag.py:3823} INFO - Setting next_dagrun for dataset_consumes_1_and_2 to None, run_after=None
[2026-07-21T18:47:53.294+0000] {logging_mixin.py:188} INFO - [2026-07-21T18:47:53.294+0000] {dag.py:3823} INFO - Setting next_dagrun for dataset_consumes_1_never_scheduled to None, run_after=None
[2026-07-21T18:47:53.295+0000] {logging_mixin.py:188} INFO - [2026-07-21T18:47:53.295+0000] {dag.py:3823} INFO - Setting next_dagrun for dataset_consumes_unknown_never_scheduled to None, run_after=None
[2026-07-21T18:47:53.298+0000] {logging_mixin.py:188} INFO - [2026-07-21T18:47:53.298+0000] {dag.py:3823} INFO - Setting next_dagrun for dataset_produces_1 to 2026-07-20 00:00:00+00:00, run_after=2026-07-21 00:00:00+00:00
[2026-07-21T18:47:53.299+0000] {logging_mixin.py:188} INFO - [2026-07-21T18:47:53.299+0000] {dag.py:3823} INFO - Setting next_dagrun for dataset_produces_2 to None, run_after=None
[2026-07-21T18:47:53.327+0000] {processor.py:183} INFO - Processing /home/airflow/.local/lib/python3.10/site-packages/airflow/example_dags/example_datasets.py took 0.107 seconds
[2026-07-21T18:48:23.963+0000] {processor.py:161} INFO - Started process (PID=1640) to work on /home/airflow/.local/lib/python3.10/site-packages/airflow/example_dags/example_datasets.py
[2026-07-21T18:48:23.964+0000] {processor.py:830} INFO - Processing file /home/airflow/.local/lib/python3.10/site-packages/airflow/example_dags/example_datasets.py for tasks to queue
[2026-07-21T18:48:23.966+0000] {logging_mixin.py:188} INFO - [2026-07-21T18:48:23.966+0000] {dagbag.py:538} INFO - Filling up the DagBag from /home/airflow/.local/lib/python3.10/site-packages/airflow/example_dags/example_datasets.py
[2026-07-21T18:48:23.977+0000] {processor.py:840} INFO - DAG(s) 'dataset_consumes_1_never_scheduled', 'dataset_produces_1', 'dataset_produces_2', 'dataset_consumes_1_and_2', 'dataset_consumes_unknown_never_scheduled', 'dataset_consumes_1' retrieved from /home/airflow/.local/lib/python3.10/site-packages/airflow/example_dags/example_datasets.py
[2026-07-21T18:48:24.013+0000] {logging_mixin.py:188} INFO - [2026-07-21T18:48:24.013+0000] {dag.py:3036} INFO - Sync 6 DAGs
[2026-07-21T18:48:24.034+0000] {logging_mixin.py:188} INFO - [2026-07-21T18:48:24.034+0000] {dag.py:3823} INFO - Setting next_dagrun for dataset_consumes_1 to None, run_after=None
[2026-07-21T18:48:24.038+0000] {logging_mixin.py:188} INFO - [2026-07-21T18:48:24.037+0000] {dag.py:3823} INFO - Setting next_dagrun for dataset_consumes_1_and_2 to None, run_after=None
[2026-07-21T18:48:24.039+0000] {logging_mixin.py:188} INFO - [2026-07-21T18:48:24.039+0000] {dag.py:3823} INFO - Setting next_dagrun for dataset_consumes_1_never_scheduled to None, run_after=None
[2026-07-21T18:48:24.040+0000] {logging_mixin.py:188} INFO - [2026-07-21T18:48:24.040+0000] {dag.py:3823} INFO - Setting next_dagrun for dataset_consumes_unknown_never_scheduled to None, run_after=None
[2026-07-21T18:48:24.044+0000] {logging_mixin.py:188} INFO - [2026-07-21T18:48:24.043+0000] {dag.py:3823} INFO - Setting next_dagrun for dataset_produces_1 to 2026-07-20 00:00:00+00:00, run_after=2026-07-21 00:00:00+00:00
[2026-07-21T18:48:24.045+0000] {logging_mixin.py:188} INFO - [2026-07-21T18:48:24.045+0000] {dag.py:3823} INFO - Setting next_dagrun for dataset_produces_2 to None, run_after=None
[2026-07-21T18:48:24.080+0000] {processor.py:183} INFO - Processing /home/airflow/.local/lib/python3.10/site-packages/airflow/example_dags/example_datasets.py took 0.122 seconds
