[2026-07-21T17:56:23.114+0000] {processor.py:161} INFO - Started process (PID=57) to work on /home/airflow/.local/lib/python3.8/site-packages/airflow/example_dags/example_skip_dag.py
[2026-07-21T17:56:23.116+0000] {processor.py:830} INFO - Processing file /home/airflow/.local/lib/python3.8/site-packages/airflow/example_dags/example_skip_dag.py for tasks to queue
[2026-07-21T17:56:23.119+0000] {logging_mixin.py:188} INFO - [2026-07-21T17:56:23.119+0000] {dagbag.py:538} INFO - Filling up the DagBag from /home/airflow/.local/lib/python3.8/site-packages/airflow/example_dags/example_skip_dag.py
[2026-07-21T17:56:23.150+0000] {processor.py:840} INFO - DAG(s) 'example_skip_dag' retrieved from /home/airflow/.local/lib/python3.8/site-packages/airflow/example_dags/example_skip_dag.py
[2026-07-21T17:56:23.193+0000] {logging_mixin.py:188} INFO - [2026-07-21T17:56:23.193+0000] {dag.py:3036} INFO - Sync 1 DAGs
[2026-07-21T17:56:23.228+0000] {logging_mixin.py:188} INFO - [2026-07-21T17:56:23.227+0000] {dag.py:3823} INFO - Setting next_dagrun for example_skip_dag to 2026-07-20 00:00:00+00:00, run_after=2026-07-21 00:00:00+00:00
[2026-07-21T17:56:23.278+0000] {processor.py:183} INFO - Processing /home/airflow/.local/lib/python3.8/site-packages/airflow/example_dags/example_skip_dag.py took 0.169 seconds
[2026-07-21T17:56:53.727+0000] {processor.py:161} INFO - Started process (PID=112) to work on /home/airflow/.local/lib/python3.8/site-packages/airflow/example_dags/example_skip_dag.py
[2026-07-21T17:56:53.729+0000] {processor.py:830} INFO - Processing file /home/airflow/.local/lib/python3.8/site-packages/airflow/example_dags/example_skip_dag.py for tasks to queue
[2026-07-21T17:56:53.740+0000] {logging_mixin.py:188} INFO - [2026-07-21T17:56:53.739+0000] {dagbag.py:538} INFO - Filling up the DagBag from /home/airflow/.local/lib/python3.8/site-packages/airflow/example_dags/example_skip_dag.py
[2026-07-21T17:56:53.776+0000] {processor.py:840} INFO - DAG(s) 'example_skip_dag' retrieved from /home/airflow/.local/lib/python3.8/site-packages/airflow/example_dags/example_skip_dag.py
[2026-07-21T17:56:54.001+0000] {logging_mixin.py:188} INFO - [2026-07-21T17:56:54.001+0000] {dag.py:3036} INFO - Sync 1 DAGs
[2026-07-21T17:56:54.042+0000] {logging_mixin.py:188} INFO - [2026-07-21T17:56:54.041+0000] {dag.py:3823} INFO - Setting next_dagrun for example_skip_dag to 2026-07-20 00:00:00+00:00, run_after=2026-07-21 00:00:00+00:00
[2026-07-21T17:56:54.077+0000] {processor.py:183} INFO - Processing /home/airflow/.local/lib/python3.8/site-packages/airflow/example_dags/example_skip_dag.py took 0.373 seconds
[2026-07-21T17:57:24.542+0000] {processor.py:161} INFO - Started process (PID=175) to work on /home/airflow/.local/lib/python3.8/site-packages/airflow/example_dags/example_skip_dag.py
[2026-07-21T17:57:24.545+0000] {processor.py:830} INFO - Processing file /home/airflow/.local/lib/python3.8/site-packages/airflow/example_dags/example_skip_dag.py for tasks to queue
[2026-07-21T17:57:24.551+0000] {logging_mixin.py:188} INFO - [2026-07-21T17:57:24.550+0000] {dagbag.py:538} INFO - Filling up the DagBag from /home/airflow/.local/lib/python3.8/site-packages/airflow/example_dags/example_skip_dag.py
[2026-07-21T17:57:24.562+0000] {processor.py:840} INFO - DAG(s) 'example_skip_dag' retrieved from /home/airflow/.local/lib/python3.8/site-packages/airflow/example_dags/example_skip_dag.py
[2026-07-21T17:57:24.592+0000] {logging_mixin.py:188} INFO - [2026-07-21T17:57:24.591+0000] {dag.py:3036} INFO - Sync 1 DAGs
[2026-07-21T17:57:24.615+0000] {logging_mixin.py:188} INFO - [2026-07-21T17:57:24.615+0000] {dag.py:3823} INFO - Setting next_dagrun for example_skip_dag to 2026-07-20 00:00:00+00:00, run_after=2026-07-21 00:00:00+00:00
[2026-07-21T17:57:24.643+0000] {processor.py:183} INFO - Processing /home/airflow/.local/lib/python3.8/site-packages/airflow/example_dags/example_skip_dag.py took 0.112 seconds
[2026-07-21T17:57:54.796+0000] {processor.py:161} INFO - Started process (PID=231) to work on /home/airflow/.local/lib/python3.8/site-packages/airflow/example_dags/example_skip_dag.py
[2026-07-21T17:57:54.798+0000] {processor.py:830} INFO - Processing file /home/airflow/.local/lib/python3.8/site-packages/airflow/example_dags/example_skip_dag.py for tasks to queue
[2026-07-21T17:57:54.801+0000] {logging_mixin.py:188} INFO - [2026-07-21T17:57:54.800+0000] {dagbag.py:538} INFO - Filling up the DagBag from /home/airflow/.local/lib/python3.8/site-packages/airflow/example_dags/example_skip_dag.py
[2026-07-21T17:57:54.811+0000] {processor.py:840} INFO - DAG(s) 'example_skip_dag' retrieved from /home/airflow/.local/lib/python3.8/site-packages/airflow/example_dags/example_skip_dag.py
[2026-07-21T17:57:54.849+0000] {logging_mixin.py:188} INFO - [2026-07-21T17:57:54.849+0000] {dag.py:3036} INFO - Sync 1 DAGs
[2026-07-21T17:57:54.879+0000] {logging_mixin.py:188} INFO - [2026-07-21T17:57:54.879+0000] {dag.py:3823} INFO - Setting next_dagrun for example_skip_dag to 2026-07-20 00:00:00+00:00, run_after=2026-07-21 00:00:00+00:00
[2026-07-21T17:57:54.905+0000] {processor.py:183} INFO - Processing /home/airflow/.local/lib/python3.8/site-packages/airflow/example_dags/example_skip_dag.py took 0.116 seconds
[2026-07-21T17:58:25.094+0000] {processor.py:161} INFO - Started process (PID=287) to work on /home/airflow/.local/lib/python3.8/site-packages/airflow/example_dags/example_skip_dag.py
[2026-07-21T17:58:25.095+0000] {processor.py:830} INFO - Processing file /home/airflow/.local/lib/python3.8/site-packages/airflow/example_dags/example_skip_dag.py for tasks to queue
[2026-07-21T17:58:25.097+0000] {logging_mixin.py:188} INFO - [2026-07-21T17:58:25.097+0000] {dagbag.py:538} INFO - Filling up the DagBag from /home/airflow/.local/lib/python3.8/site-packages/airflow/example_dags/example_skip_dag.py
[2026-07-21T17:58:25.106+0000] {processor.py:840} INFO - DAG(s) 'example_skip_dag' retrieved from /home/airflow/.local/lib/python3.8/site-packages/airflow/example_dags/example_skip_dag.py
[2026-07-21T17:58:25.132+0000] {logging_mixin.py:188} INFO - [2026-07-21T17:58:25.132+0000] {dag.py:3036} INFO - Sync 1 DAGs
[2026-07-21T17:58:25.165+0000] {logging_mixin.py:188} INFO - [2026-07-21T17:58:25.164+0000] {dag.py:3823} INFO - Setting next_dagrun for example_skip_dag to 2026-07-20 00:00:00+00:00, run_after=2026-07-21 00:00:00+00:00
[2026-07-21T17:58:25.190+0000] {processor.py:183} INFO - Processing /home/airflow/.local/lib/python3.8/site-packages/airflow/example_dags/example_skip_dag.py took 0.100 seconds
[2026-07-21T17:58:55.381+0000] {processor.py:161} INFO - Started process (PID=343) to work on /home/airflow/.local/lib/python3.8/site-packages/airflow/example_dags/example_skip_dag.py
[2026-07-21T17:58:55.382+0000] {processor.py:830} INFO - Processing file /home/airflow/.local/lib/python3.8/site-packages/airflow/example_dags/example_skip_dag.py for tasks to queue
[2026-07-21T17:58:55.384+0000] {logging_mixin.py:188} INFO - [2026-07-21T17:58:55.383+0000] {dagbag.py:538} INFO - Filling up the DagBag from /home/airflow/.local/lib/python3.8/site-packages/airflow/example_dags/example_skip_dag.py
[2026-07-21T17:58:55.391+0000] {processor.py:840} INFO - DAG(s) 'example_skip_dag' retrieved from /home/airflow/.local/lib/python3.8/site-packages/airflow/example_dags/example_skip_dag.py
[2026-07-21T17:58:55.414+0000] {logging_mixin.py:188} INFO - [2026-07-21T17:58:55.413+0000] {dag.py:3036} INFO - Sync 1 DAGs
[2026-07-21T17:58:55.438+0000] {logging_mixin.py:188} INFO - [2026-07-21T17:58:55.437+0000] {dag.py:3823} INFO - Setting next_dagrun for example_skip_dag to 2026-07-20 00:00:00+00:00, run_after=2026-07-21 00:00:00+00:00
[2026-07-21T17:58:55.465+0000] {processor.py:183} INFO - Processing /home/airflow/.local/lib/python3.8/site-packages/airflow/example_dags/example_skip_dag.py took 0.088 seconds
[2026-07-21T17:59:25.761+0000] {processor.py:161} INFO - Started process (PID=399) to work on /home/airflow/.local/lib/python3.8/site-packages/airflow/example_dags/example_skip_dag.py
[2026-07-21T17:59:25.762+0000] {processor.py:830} INFO - Processing file /home/airflow/.local/lib/python3.8/site-packages/airflow/example_dags/example_skip_dag.py for tasks to queue
[2026-07-21T17:59:25.764+0000] {logging_mixin.py:188} INFO - [2026-07-21T17:59:25.763+0000] {dagbag.py:538} INFO - Filling up the DagBag from /home/airflow/.local/lib/python3.8/site-packages/airflow/example_dags/example_skip_dag.py
[2026-07-21T17:59:25.771+0000] {processor.py:840} INFO - DAG(s) 'example_skip_dag' retrieved from /home/airflow/.local/lib/python3.8/site-packages/airflow/example_dags/example_skip_dag.py
[2026-07-21T17:59:25.793+0000] {logging_mixin.py:188} INFO - [2026-07-21T17:59:25.793+0000] {dag.py:3036} INFO - Sync 1 DAGs
[2026-07-21T17:59:25.812+0000] {logging_mixin.py:188} INFO - [2026-07-21T17:59:25.812+0000] {dag.py:3823} INFO - Setting next_dagrun for example_skip_dag to 2026-07-20 00:00:00+00:00, run_after=2026-07-21 00:00:00+00:00
[2026-07-21T17:59:25.830+0000] {processor.py:183} INFO - Processing /home/airflow/.local/lib/python3.8/site-packages/airflow/example_dags/example_skip_dag.py took 0.074 seconds
[2026-07-21T17:59:56.023+0000] {processor.py:161} INFO - Started process (PID=455) to work on /home/airflow/.local/lib/python3.8/site-packages/airflow/example_dags/example_skip_dag.py
[2026-07-21T17:59:56.024+0000] {processor.py:830} INFO - Processing file /home/airflow/.local/lib/python3.8/site-packages/airflow/example_dags/example_skip_dag.py for tasks to queue
[2026-07-21T17:59:56.026+0000] {logging_mixin.py:188} INFO - [2026-07-21T17:59:56.025+0000] {dagbag.py:538} INFO - Filling up the DagBag from /home/airflow/.local/lib/python3.8/site-packages/airflow/example_dags/example_skip_dag.py
[2026-07-21T17:59:56.032+0000] {processor.py:840} INFO - DAG(s) 'example_skip_dag' retrieved from /home/airflow/.local/lib/python3.8/site-packages/airflow/example_dags/example_skip_dag.py
[2026-07-21T17:59:56.057+0000] {logging_mixin.py:188} INFO - [2026-07-21T17:59:56.057+0000] {dag.py:3036} INFO - Sync 1 DAGs
[2026-07-21T17:59:56.078+0000] {logging_mixin.py:188} INFO - [2026-07-21T17:59:56.078+0000] {dag.py:3823} INFO - Setting next_dagrun for example_skip_dag to 2026-07-20 00:00:00+00:00, run_after=2026-07-21 00:00:00+00:00
[2026-07-21T17:59:56.097+0000] {processor.py:183} INFO - Processing /home/airflow/.local/lib/python3.8/site-packages/airflow/example_dags/example_skip_dag.py took 0.078 seconds
[2026-07-21T18:00:26.417+0000] {processor.py:161} INFO - Started process (PID=511) to work on /home/airflow/.local/lib/python3.8/site-packages/airflow/example_dags/example_skip_dag.py
[2026-07-21T18:00:26.418+0000] {processor.py:830} INFO - Processing file /home/airflow/.local/lib/python3.8/site-packages/airflow/example_dags/example_skip_dag.py for tasks to queue
[2026-07-21T18:00:26.420+0000] {logging_mixin.py:188} INFO - [2026-07-21T18:00:26.420+0000] {dagbag.py:538} INFO - Filling up the DagBag from /home/airflow/.local/lib/python3.8/site-packages/airflow/example_dags/example_skip_dag.py
[2026-07-21T18:00:26.427+0000] {processor.py:840} INFO - DAG(s) 'example_skip_dag' retrieved from /home/airflow/.local/lib/python3.8/site-packages/airflow/example_dags/example_skip_dag.py
[2026-07-21T18:00:26.450+0000] {logging_mixin.py:188} INFO - [2026-07-21T18:00:26.449+0000] {dag.py:3036} INFO - Sync 1 DAGs
[2026-07-21T18:00:26.470+0000] {logging_mixin.py:188} INFO - [2026-07-21T18:00:26.470+0000] {dag.py:3823} INFO - Setting next_dagrun for example_skip_dag to 2026-07-20 00:00:00+00:00, run_after=2026-07-21 00:00:00+00:00
[2026-07-21T18:00:26.489+0000] {processor.py:183} INFO - Processing /home/airflow/.local/lib/python3.8/site-packages/airflow/example_dags/example_skip_dag.py took 0.076 seconds
[2026-07-21T18:00:56.662+0000] {processor.py:161} INFO - Started process (PID=568) to work on /home/airflow/.local/lib/python3.8/site-packages/airflow/example_dags/example_skip_dag.py
[2026-07-21T18:00:56.662+0000] {processor.py:830} INFO - Processing file /home/airflow/.local/lib/python3.8/site-packages/airflow/example_dags/example_skip_dag.py for tasks to queue
[2026-07-21T18:00:56.664+0000] {logging_mixin.py:188} INFO - [2026-07-21T18:00:56.664+0000] {dagbag.py:538} INFO - Filling up the DagBag from /home/airflow/.local/lib/python3.8/site-packages/airflow/example_dags/example_skip_dag.py
[2026-07-21T18:00:56.671+0000] {processor.py:840} INFO - DAG(s) 'example_skip_dag' retrieved from /home/airflow/.local/lib/python3.8/site-packages/airflow/example_dags/example_skip_dag.py
[2026-07-21T18:00:56.694+0000] {logging_mixin.py:188} INFO - [2026-07-21T18:00:56.694+0000] {dag.py:3036} INFO - Sync 1 DAGs
[2026-07-21T18:00:56.714+0000] {logging_mixin.py:188} INFO - [2026-07-21T18:00:56.714+0000] {dag.py:3823} INFO - Setting next_dagrun for example_skip_dag to 2026-07-20 00:00:00+00:00, run_after=2026-07-21 00:00:00+00:00
[2026-07-21T18:00:56.734+0000] {processor.py:183} INFO - Processing /home/airflow/.local/lib/python3.8/site-packages/airflow/example_dags/example_skip_dag.py took 0.076 seconds
[2026-07-21T18:01:26.833+0000] {processor.py:161} INFO - Started process (PID=624) to work on /home/airflow/.local/lib/python3.8/site-packages/airflow/example_dags/example_skip_dag.py
[2026-07-21T18:01:26.834+0000] {processor.py:830} INFO - Processing file /home/airflow/.local/lib/python3.8/site-packages/airflow/example_dags/example_skip_dag.py for tasks to queue
[2026-07-21T18:01:26.837+0000] {logging_mixin.py:188} INFO - [2026-07-21T18:01:26.836+0000] {dagbag.py:538} INFO - Filling up the DagBag from /home/airflow/.local/lib/python3.8/site-packages/airflow/example_dags/example_skip_dag.py
[2026-07-21T18:01:26.845+0000] {processor.py:840} INFO - DAG(s) 'example_skip_dag' retrieved from /home/airflow/.local/lib/python3.8/site-packages/airflow/example_dags/example_skip_dag.py
[2026-07-21T18:01:26.871+0000] {logging_mixin.py:188} INFO - [2026-07-21T18:01:26.870+0000] {dag.py:3036} INFO - Sync 1 DAGs
[2026-07-21T18:01:26.893+0000] {logging_mixin.py:188} INFO - [2026-07-21T18:01:26.893+0000] {dag.py:3823} INFO - Setting next_dagrun for example_skip_dag to 2026-07-20 00:00:00+00:00, run_after=2026-07-21 00:00:00+00:00
[2026-07-21T18:01:26.920+0000] {processor.py:183} INFO - Processing /home/airflow/.local/lib/python3.8/site-packages/airflow/example_dags/example_skip_dag.py took 0.092 seconds
[2026-07-21T18:01:57.182+0000] {processor.py:161} INFO - Started process (PID=680) to work on /home/airflow/.local/lib/python3.8/site-packages/airflow/example_dags/example_skip_dag.py
[2026-07-21T18:01:57.182+0000] {processor.py:830} INFO - Processing file /home/airflow/.local/lib/python3.8/site-packages/airflow/example_dags/example_skip_dag.py for tasks to queue
[2026-07-21T18:01:57.184+0000] {logging_mixin.py:188} INFO - [2026-07-21T18:01:57.184+0000] {dagbag.py:538} INFO - Filling up the DagBag from /home/airflow/.local/lib/python3.8/site-packages/airflow/example_dags/example_skip_dag.py
[2026-07-21T18:01:57.200+0000] {processor.py:840} INFO - DAG(s) 'example_skip_dag' retrieved from /home/airflow/.local/lib/python3.8/site-packages/airflow/example_dags/example_skip_dag.py
[2026-07-21T18:01:57.222+0000] {logging_mixin.py:188} INFO - [2026-07-21T18:01:57.221+0000] {dag.py:3036} INFO - Sync 1 DAGs
[2026-07-21T18:01:57.239+0000] {logging_mixin.py:188} INFO - [2026-07-21T18:01:57.239+0000] {dag.py:3823} INFO - Setting next_dagrun for example_skip_dag to 2026-07-20 00:00:00+00:00, run_after=2026-07-21 00:00:00+00:00
[2026-07-21T18:01:57.257+0000] {processor.py:183} INFO - Processing /home/airflow/.local/lib/python3.8/site-packages/airflow/example_dags/example_skip_dag.py took 0.079 seconds
[2026-07-21T18:02:27.692+0000] {processor.py:161} INFO - Started process (PID=736) to work on /home/airflow/.local/lib/python3.8/site-packages/airflow/example_dags/example_skip_dag.py
[2026-07-21T18:02:27.693+0000] {processor.py:830} INFO - Processing file /home/airflow/.local/lib/python3.8/site-packages/airflow/example_dags/example_skip_dag.py for tasks to queue
[2026-07-21T18:02:27.696+0000] {logging_mixin.py:188} INFO - [2026-07-21T18:02:27.695+0000] {dagbag.py:538} INFO - Filling up the DagBag from /home/airflow/.local/lib/python3.8/site-packages/airflow/example_dags/example_skip_dag.py
[2026-07-21T18:02:27.704+0000] {processor.py:840} INFO - DAG(s) 'example_skip_dag' retrieved from /home/airflow/.local/lib/python3.8/site-packages/airflow/example_dags/example_skip_dag.py
[2026-07-21T18:02:27.732+0000] {logging_mixin.py:188} INFO - [2026-07-21T18:02:27.732+0000] {dag.py:3036} INFO - Sync 1 DAGs
[2026-07-21T18:02:27.756+0000] {logging_mixin.py:188} INFO - [2026-07-21T18:02:27.756+0000] {dag.py:3823} INFO - Setting next_dagrun for example_skip_dag to 2026-07-20 00:00:00+00:00, run_after=2026-07-21 00:00:00+00:00
[2026-07-21T18:02:27.777+0000] {processor.py:183} INFO - Processing /home/airflow/.local/lib/python3.8/site-packages/airflow/example_dags/example_skip_dag.py took 0.090 seconds
[2026-07-21T18:02:58.120+0000] {processor.py:161} INFO - Started process (PID=792) to work on /home/airflow/.local/lib/python3.8/site-packages/airflow/example_dags/example_skip_dag.py
[2026-07-21T18:02:58.121+0000] {processor.py:830} INFO - Processing file /home/airflow/.local/lib/python3.8/site-packages/airflow/example_dags/example_skip_dag.py for tasks to queue
[2026-07-21T18:02:58.123+0000] {logging_mixin.py:188} INFO - [2026-07-21T18:02:58.123+0000] {dagbag.py:538} INFO - Filling up the DagBag from /home/airflow/.local/lib/python3.8/site-packages/airflow/example_dags/example_skip_dag.py
[2026-07-21T18:02:58.130+0000] {processor.py:840} INFO - DAG(s) 'example_skip_dag' retrieved from /home/airflow/.local/lib/python3.8/site-packages/airflow/example_dags/example_skip_dag.py
[2026-07-21T18:02:58.154+0000] {logging_mixin.py:188} INFO - [2026-07-21T18:02:58.154+0000] {dag.py:3036} INFO - Sync 1 DAGs
[2026-07-21T18:02:58.174+0000] {logging_mixin.py:188} INFO - [2026-07-21T18:02:58.174+0000] {dag.py:3823} INFO - Setting next_dagrun for example_skip_dag to 2026-07-20 00:00:00+00:00, run_after=2026-07-21 00:00:00+00:00
[2026-07-21T18:02:58.193+0000] {processor.py:183} INFO - Processing /home/airflow/.local/lib/python3.8/site-packages/airflow/example_dags/example_skip_dag.py took 0.077 seconds
[2026-07-21T18:03:28.262+0000] {processor.py:161} INFO - Started process (PID=848) to work on /home/airflow/.local/lib/python3.8/site-packages/airflow/example_dags/example_skip_dag.py
[2026-07-21T18:03:28.263+0000] {processor.py:830} INFO - Processing file /home/airflow/.local/lib/python3.8/site-packages/airflow/example_dags/example_skip_dag.py for tasks to queue
[2026-07-21T18:03:28.265+0000] {logging_mixin.py:188} INFO - [2026-07-21T18:03:28.264+0000] {dagbag.py:538} INFO - Filling up the DagBag from /home/airflow/.local/lib/python3.8/site-packages/airflow/example_dags/example_skip_dag.py
[2026-07-21T18:03:28.271+0000] {processor.py:840} INFO - DAG(s) 'example_skip_dag' retrieved from /home/airflow/.local/lib/python3.8/site-packages/airflow/example_dags/example_skip_dag.py
[2026-07-21T18:03:28.293+0000] {logging_mixin.py:188} INFO - [2026-07-21T18:03:28.293+0000] {dag.py:3036} INFO - Sync 1 DAGs
[2026-07-21T18:03:28.312+0000] {logging_mixin.py:188} INFO - [2026-07-21T18:03:28.312+0000] {dag.py:3823} INFO - Setting next_dagrun for example_skip_dag to 2026-07-20 00:00:00+00:00, run_after=2026-07-21 00:00:00+00:00
[2026-07-21T18:03:28.340+0000] {processor.py:183} INFO - Processing /home/airflow/.local/lib/python3.8/site-packages/airflow/example_dags/example_skip_dag.py took 0.082 seconds
[2026-07-21T18:03:58.630+0000] {processor.py:161} INFO - Started process (PID=904) to work on /home/airflow/.local/lib/python3.8/site-packages/airflow/example_dags/example_skip_dag.py
[2026-07-21T18:03:58.631+0000] {processor.py:830} INFO - Processing file /home/airflow/.local/lib/python3.8/site-packages/airflow/example_dags/example_skip_dag.py for tasks to queue
[2026-07-21T18:03:58.635+0000] {logging_mixin.py:188} INFO - [2026-07-21T18:03:58.635+0000] {dagbag.py:538} INFO - Filling up the DagBag from /home/airflow/.local/lib/python3.8/site-packages/airflow/example_dags/example_skip_dag.py
[2026-07-21T18:03:58.644+0000] {processor.py:840} INFO - DAG(s) 'example_skip_dag' retrieved from /home/airflow/.local/lib/python3.8/site-packages/airflow/example_dags/example_skip_dag.py
[2026-07-21T18:03:58.708+0000] {logging_mixin.py:188} INFO - [2026-07-21T18:03:58.707+0000] {dag.py:3036} INFO - Sync 1 DAGs
[2026-07-21T18:03:58.734+0000] {logging_mixin.py:188} INFO - [2026-07-21T18:03:58.733+0000] {dag.py:3823} INFO - Setting next_dagrun for example_skip_dag to 2026-07-20 00:00:00+00:00, run_after=2026-07-21 00:00:00+00:00
[2026-07-21T18:03:58.768+0000] {processor.py:183} INFO - Processing /home/airflow/.local/lib/python3.8/site-packages/airflow/example_dags/example_skip_dag.py took 0.143 seconds
[2026-07-21T18:04:29.106+0000] {processor.py:161} INFO - Started process (PID=960) to work on /home/airflow/.local/lib/python3.8/site-packages/airflow/example_dags/example_skip_dag.py
[2026-07-21T18:04:29.107+0000] {processor.py:830} INFO - Processing file /home/airflow/.local/lib/python3.8/site-packages/airflow/example_dags/example_skip_dag.py for tasks to queue
[2026-07-21T18:04:29.110+0000] {logging_mixin.py:188} INFO - [2026-07-21T18:04:29.110+0000] {dagbag.py:538} INFO - Filling up the DagBag from /home/airflow/.local/lib/python3.8/site-packages/airflow/example_dags/example_skip_dag.py
[2026-07-21T18:04:29.119+0000] {processor.py:840} INFO - DAG(s) 'example_skip_dag' retrieved from /home/airflow/.local/lib/python3.8/site-packages/airflow/example_dags/example_skip_dag.py
[2026-07-21T18:04:29.144+0000] {logging_mixin.py:188} INFO - [2026-07-21T18:04:29.144+0000] {dag.py:3036} INFO - Sync 1 DAGs
[2026-07-21T18:04:29.167+0000] {logging_mixin.py:188} INFO - [2026-07-21T18:04:29.166+0000] {dag.py:3823} INFO - Setting next_dagrun for example_skip_dag to 2026-07-20 00:00:00+00:00, run_after=2026-07-21 00:00:00+00:00
[2026-07-21T18:04:29.189+0000] {processor.py:183} INFO - Processing /home/airflow/.local/lib/python3.8/site-packages/airflow/example_dags/example_skip_dag.py took 0.088 seconds
[2026-07-21T18:04:59.444+0000] {processor.py:161} INFO - Started process (PID=1016) to work on /home/airflow/.local/lib/python3.8/site-packages/airflow/example_dags/example_skip_dag.py
[2026-07-21T18:04:59.445+0000] {processor.py:830} INFO - Processing file /home/airflow/.local/lib/python3.8/site-packages/airflow/example_dags/example_skip_dag.py for tasks to queue
[2026-07-21T18:04:59.447+0000] {logging_mixin.py:188} INFO - [2026-07-21T18:04:59.447+0000] {dagbag.py:538} INFO - Filling up the DagBag from /home/airflow/.local/lib/python3.8/site-packages/airflow/example_dags/example_skip_dag.py
[2026-07-21T18:04:59.458+0000] {processor.py:840} INFO - DAG(s) 'example_skip_dag' retrieved from /home/airflow/.local/lib/python3.8/site-packages/airflow/example_dags/example_skip_dag.py
[2026-07-21T18:04:59.498+0000] {logging_mixin.py:188} INFO - [2026-07-21T18:04:59.498+0000] {dag.py:3036} INFO - Sync 1 DAGs
[2026-07-21T18:04:59.540+0000] {logging_mixin.py:188} INFO - [2026-07-21T18:04:59.540+0000] {dag.py:3823} INFO - Setting next_dagrun for example_skip_dag to 2026-07-20 00:00:00+00:00, run_after=2026-07-21 00:00:00+00:00
[2026-07-21T18:04:59.569+0000] {processor.py:183} INFO - Processing /home/airflow/.local/lib/python3.8/site-packages/airflow/example_dags/example_skip_dag.py took 0.129 seconds
[2026-07-21T18:05:29.876+0000] {processor.py:161} INFO - Started process (PID=1072) to work on /home/airflow/.local/lib/python3.8/site-packages/airflow/example_dags/example_skip_dag.py
[2026-07-21T18:05:29.876+0000] {processor.py:830} INFO - Processing file /home/airflow/.local/lib/python3.8/site-packages/airflow/example_dags/example_skip_dag.py for tasks to queue
[2026-07-21T18:05:29.879+0000] {logging_mixin.py:188} INFO - [2026-07-21T18:05:29.878+0000] {dagbag.py:538} INFO - Filling up the DagBag from /home/airflow/.local/lib/python3.8/site-packages/airflow/example_dags/example_skip_dag.py
[2026-07-21T18:05:29.885+0000] {processor.py:840} INFO - DAG(s) 'example_skip_dag' retrieved from /home/airflow/.local/lib/python3.8/site-packages/airflow/example_dags/example_skip_dag.py
[2026-07-21T18:05:29.907+0000] {logging_mixin.py:188} INFO - [2026-07-21T18:05:29.907+0000] {dag.py:3036} INFO - Sync 1 DAGs
[2026-07-21T18:05:29.927+0000] {logging_mixin.py:188} INFO - [2026-07-21T18:05:29.927+0000] {dag.py:3823} INFO - Setting next_dagrun for example_skip_dag to 2026-07-20 00:00:00+00:00, run_after=2026-07-21 00:00:00+00:00
[2026-07-21T18:05:29.951+0000] {processor.py:183} INFO - Processing /home/airflow/.local/lib/python3.8/site-packages/airflow/example_dags/example_skip_dag.py took 0.079 seconds
[2026-07-21T18:06:00.561+0000] {processor.py:161} INFO - Started process (PID=1128) to work on /home/airflow/.local/lib/python3.8/site-packages/airflow/example_dags/example_skip_dag.py
[2026-07-21T18:06:00.562+0000] {processor.py:830} INFO - Processing file /home/airflow/.local/lib/python3.8/site-packages/airflow/example_dags/example_skip_dag.py for tasks to queue
[2026-07-21T18:06:00.564+0000] {logging_mixin.py:188} INFO - [2026-07-21T18:06:00.563+0000] {dagbag.py:538} INFO - Filling up the DagBag from /home/airflow/.local/lib/python3.8/site-packages/airflow/example_dags/example_skip_dag.py
[2026-07-21T18:06:00.571+0000] {processor.py:840} INFO - DAG(s) 'example_skip_dag' retrieved from /home/airflow/.local/lib/python3.8/site-packages/airflow/example_dags/example_skip_dag.py
[2026-07-21T18:06:00.593+0000] {logging_mixin.py:188} INFO - [2026-07-21T18:06:00.593+0000] {dag.py:3036} INFO - Sync 1 DAGs
[2026-07-21T18:06:00.613+0000] {logging_mixin.py:188} INFO - [2026-07-21T18:06:00.612+0000] {dag.py:3823} INFO - Setting next_dagrun for example_skip_dag to 2026-07-20 00:00:00+00:00, run_after=2026-07-21 00:00:00+00:00
[2026-07-21T18:06:00.640+0000] {processor.py:183} INFO - Processing /home/airflow/.local/lib/python3.8/site-packages/airflow/example_dags/example_skip_dag.py took 0.083 seconds
[2026-07-21T18:06:31.030+0000] {processor.py:161} INFO - Started process (PID=1184) to work on /home/airflow/.local/lib/python3.8/site-packages/airflow/example_dags/example_skip_dag.py
[2026-07-21T18:06:31.031+0000] {processor.py:830} INFO - Processing file /home/airflow/.local/lib/python3.8/site-packages/airflow/example_dags/example_skip_dag.py for tasks to queue
[2026-07-21T18:06:31.035+0000] {logging_mixin.py:188} INFO - [2026-07-21T18:06:31.034+0000] {dagbag.py:538} INFO - Filling up the DagBag from /home/airflow/.local/lib/python3.8/site-packages/airflow/example_dags/example_skip_dag.py
[2026-07-21T18:06:31.045+0000] {processor.py:840} INFO - DAG(s) 'example_skip_dag' retrieved from /home/airflow/.local/lib/python3.8/site-packages/airflow/example_dags/example_skip_dag.py
[2026-07-21T18:06:31.074+0000] {logging_mixin.py:188} INFO - [2026-07-21T18:06:31.074+0000] {dag.py:3036} INFO - Sync 1 DAGs
[2026-07-21T18:06:31.099+0000] {logging_mixin.py:188} INFO - [2026-07-21T18:06:31.098+0000] {dag.py:3823} INFO - Setting next_dagrun for example_skip_dag to 2026-07-20 00:00:00+00:00, run_after=2026-07-21 00:00:00+00:00
[2026-07-21T18:06:31.127+0000] {processor.py:183} INFO - Processing /home/airflow/.local/lib/python3.8/site-packages/airflow/example_dags/example_skip_dag.py took 0.103 seconds
[2026-07-21T18:07:01.440+0000] {processor.py:161} INFO - Started process (PID=1240) to work on /home/airflow/.local/lib/python3.8/site-packages/airflow/example_dags/example_skip_dag.py
[2026-07-21T18:07:01.441+0000] {processor.py:830} INFO - Processing file /home/airflow/.local/lib/python3.8/site-packages/airflow/example_dags/example_skip_dag.py for tasks to queue
[2026-07-21T18:07:01.443+0000] {logging_mixin.py:188} INFO - [2026-07-21T18:07:01.443+0000] {dagbag.py:538} INFO - Filling up the DagBag from /home/airflow/.local/lib/python3.8/site-packages/airflow/example_dags/example_skip_dag.py
[2026-07-21T18:07:01.450+0000] {processor.py:840} INFO - DAG(s) 'example_skip_dag' retrieved from /home/airflow/.local/lib/python3.8/site-packages/airflow/example_dags/example_skip_dag.py
[2026-07-21T18:07:01.472+0000] {logging_mixin.py:188} INFO - [2026-07-21T18:07:01.472+0000] {dag.py:3036} INFO - Sync 1 DAGs
[2026-07-21T18:07:01.492+0000] {logging_mixin.py:188} INFO - [2026-07-21T18:07:01.491+0000] {dag.py:3823} INFO - Setting next_dagrun for example_skip_dag to 2026-07-20 00:00:00+00:00, run_after=2026-07-21 00:00:00+00:00
[2026-07-21T18:07:01.521+0000] {processor.py:183} INFO - Processing /home/airflow/.local/lib/python3.8/site-packages/airflow/example_dags/example_skip_dag.py took 0.084 seconds
[2026-07-21T18:07:31.844+0000] {processor.py:161} INFO - Started process (PID=1296) to work on /home/airflow/.local/lib/python3.8/site-packages/airflow/example_dags/example_skip_dag.py
[2026-07-21T18:07:31.845+0000] {processor.py:830} INFO - Processing file /home/airflow/.local/lib/python3.8/site-packages/airflow/example_dags/example_skip_dag.py for tasks to queue
[2026-07-21T18:07:31.847+0000] {logging_mixin.py:188} INFO - [2026-07-21T18:07:31.847+0000] {dagbag.py:538} INFO - Filling up the DagBag from /home/airflow/.local/lib/python3.8/site-packages/airflow/example_dags/example_skip_dag.py
[2026-07-21T18:07:31.854+0000] {processor.py:840} INFO - DAG(s) 'example_skip_dag' retrieved from /home/airflow/.local/lib/python3.8/site-packages/airflow/example_dags/example_skip_dag.py
[2026-07-21T18:07:31.881+0000] {logging_mixin.py:188} INFO - [2026-07-21T18:07:31.881+0000] {dag.py:3036} INFO - Sync 1 DAGs
[2026-07-21T18:07:31.905+0000] {logging_mixin.py:188} INFO - [2026-07-21T18:07:31.905+0000] {dag.py:3823} INFO - Setting next_dagrun for example_skip_dag to 2026-07-20 00:00:00+00:00, run_after=2026-07-21 00:00:00+00:00
[2026-07-21T18:07:31.927+0000] {processor.py:183} INFO - Processing /home/airflow/.local/lib/python3.8/site-packages/airflow/example_dags/example_skip_dag.py took 0.086 seconds
[2026-07-21T18:09:11.020+0000] {processor.py:161} INFO - Started process (PID=91) to work on /home/airflow/.local/lib/python3.8/site-packages/airflow/example_dags/example_skip_dag.py
[2026-07-21T18:09:11.021+0000] {processor.py:830} INFO - Processing file /home/airflow/.local/lib/python3.8/site-packages/airflow/example_dags/example_skip_dag.py for tasks to queue
[2026-07-21T18:09:11.024+0000] {logging_mixin.py:188} INFO - [2026-07-21T18:09:11.024+0000] {dagbag.py:538} INFO - Filling up the DagBag from /home/airflow/.local/lib/python3.8/site-packages/airflow/example_dags/example_skip_dag.py
[2026-07-21T18:09:11.053+0000] {processor.py:840} INFO - DAG(s) 'example_skip_dag' retrieved from /home/airflow/.local/lib/python3.8/site-packages/airflow/example_dags/example_skip_dag.py
[2026-07-21T18:09:11.094+0000] {logging_mixin.py:188} INFO - [2026-07-21T18:09:11.093+0000] {dag.py:3036} INFO - Sync 1 DAGs
[2026-07-21T18:09:11.148+0000] {logging_mixin.py:188} INFO - [2026-07-21T18:09:11.148+0000] {dag.py:3823} INFO - Setting next_dagrun for example_skip_dag to 2026-07-20 00:00:00+00:00, run_after=2026-07-21 00:00:00+00:00
[2026-07-21T18:09:11.180+0000] {processor.py:183} INFO - Processing /home/airflow/.local/lib/python3.8/site-packages/airflow/example_dags/example_skip_dag.py took 0.164 seconds
[2026-07-21T18:09:41.733+0000] {processor.py:161} INFO - Started process (PID=147) to work on /home/airflow/.local/lib/python3.8/site-packages/airflow/example_dags/example_skip_dag.py
[2026-07-21T18:09:41.734+0000] {processor.py:830} INFO - Processing file /home/airflow/.local/lib/python3.8/site-packages/airflow/example_dags/example_skip_dag.py for tasks to queue
[2026-07-21T18:09:41.736+0000] {logging_mixin.py:188} INFO - [2026-07-21T18:09:41.736+0000] {dagbag.py:538} INFO - Filling up the DagBag from /home/airflow/.local/lib/python3.8/site-packages/airflow/example_dags/example_skip_dag.py
[2026-07-21T18:09:41.744+0000] {processor.py:840} INFO - DAG(s) 'example_skip_dag' retrieved from /home/airflow/.local/lib/python3.8/site-packages/airflow/example_dags/example_skip_dag.py
[2026-07-21T18:09:41.875+0000] {logging_mixin.py:188} INFO - [2026-07-21T18:09:41.875+0000] {dag.py:3036} INFO - Sync 1 DAGs
[2026-07-21T18:09:41.896+0000] {logging_mixin.py:188} INFO - [2026-07-21T18:09:41.895+0000] {dag.py:3823} INFO - Setting next_dagrun for example_skip_dag to 2026-07-20 00:00:00+00:00, run_after=2026-07-21 00:00:00+00:00
[2026-07-21T18:09:41.916+0000] {processor.py:183} INFO - Processing /home/airflow/.local/lib/python3.8/site-packages/airflow/example_dags/example_skip_dag.py took 0.187 seconds
[2026-07-21T18:10:12.061+0000] {processor.py:161} INFO - Started process (PID=209) to work on /home/airflow/.local/lib/python3.8/site-packages/airflow/example_dags/example_skip_dag.py
[2026-07-21T18:10:12.062+0000] {processor.py:830} INFO - Processing file /home/airflow/.local/lib/python3.8/site-packages/airflow/example_dags/example_skip_dag.py for tasks to queue
[2026-07-21T18:10:12.065+0000] {logging_mixin.py:188} INFO - [2026-07-21T18:10:12.065+0000] {dagbag.py:538} INFO - Filling up the DagBag from /home/airflow/.local/lib/python3.8/site-packages/airflow/example_dags/example_skip_dag.py
[2026-07-21T18:10:12.072+0000] {processor.py:840} INFO - DAG(s) 'example_skip_dag' retrieved from /home/airflow/.local/lib/python3.8/site-packages/airflow/example_dags/example_skip_dag.py
[2026-07-21T18:10:12.096+0000] {logging_mixin.py:188} INFO - [2026-07-21T18:10:12.096+0000] {dag.py:3036} INFO - Sync 1 DAGs
[2026-07-21T18:10:12.119+0000] {logging_mixin.py:188} INFO - [2026-07-21T18:10:12.119+0000] {dag.py:3823} INFO - Setting next_dagrun for example_skip_dag to 2026-07-20 00:00:00+00:00, run_after=2026-07-21 00:00:00+00:00
[2026-07-21T18:10:12.140+0000] {processor.py:183} INFO - Processing /home/airflow/.local/lib/python3.8/site-packages/airflow/example_dags/example_skip_dag.py took 0.083 seconds
[2026-07-21T18:10:42.378+0000] {processor.py:161} INFO - Started process (PID=265) to work on /home/airflow/.local/lib/python3.8/site-packages/airflow/example_dags/example_skip_dag.py
[2026-07-21T18:10:42.379+0000] {processor.py:830} INFO - Processing file /home/airflow/.local/lib/python3.8/site-packages/airflow/example_dags/example_skip_dag.py for tasks to queue
[2026-07-21T18:10:42.381+0000] {logging_mixin.py:188} INFO - [2026-07-21T18:10:42.380+0000] {dagbag.py:538} INFO - Filling up the DagBag from /home/airflow/.local/lib/python3.8/site-packages/airflow/example_dags/example_skip_dag.py
[2026-07-21T18:10:42.387+0000] {processor.py:840} INFO - DAG(s) 'example_skip_dag' retrieved from /home/airflow/.local/lib/python3.8/site-packages/airflow/example_dags/example_skip_dag.py
[2026-07-21T18:10:42.409+0000] {logging_mixin.py:188} INFO - [2026-07-21T18:10:42.409+0000] {dag.py:3036} INFO - Sync 1 DAGs
[2026-07-21T18:10:42.428+0000] {logging_mixin.py:188} INFO - [2026-07-21T18:10:42.427+0000] {dag.py:3823} INFO - Setting next_dagrun for example_skip_dag to 2026-07-20 00:00:00+00:00, run_after=2026-07-21 00:00:00+00:00
[2026-07-21T18:10:42.456+0000] {processor.py:183} INFO - Processing /home/airflow/.local/lib/python3.8/site-packages/airflow/example_dags/example_skip_dag.py took 0.081 seconds
[2026-07-21T18:11:12.898+0000] {processor.py:161} INFO - Started process (PID=321) to work on /home/airflow/.local/lib/python3.8/site-packages/airflow/example_dags/example_skip_dag.py
[2026-07-21T18:11:12.899+0000] {processor.py:830} INFO - Processing file /home/airflow/.local/lib/python3.8/site-packages/airflow/example_dags/example_skip_dag.py for tasks to queue
[2026-07-21T18:11:12.901+0000] {logging_mixin.py:188} INFO - [2026-07-21T18:11:12.900+0000] {dagbag.py:538} INFO - Filling up the DagBag from /home/airflow/.local/lib/python3.8/site-packages/airflow/example_dags/example_skip_dag.py
[2026-07-21T18:11:12.907+0000] {processor.py:840} INFO - DAG(s) 'example_skip_dag' retrieved from /home/airflow/.local/lib/python3.8/site-packages/airflow/example_dags/example_skip_dag.py
[2026-07-21T18:11:12.939+0000] {logging_mixin.py:188} INFO - [2026-07-21T18:11:12.939+0000] {dag.py:3036} INFO - Sync 1 DAGs
[2026-07-21T18:11:12.964+0000] {logging_mixin.py:188} INFO - [2026-07-21T18:11:12.964+0000] {dag.py:3823} INFO - Setting next_dagrun for example_skip_dag to 2026-07-20 00:00:00+00:00, run_after=2026-07-21 00:00:00+00:00
[2026-07-21T18:11:12.984+0000] {processor.py:183} INFO - Processing /home/airflow/.local/lib/python3.8/site-packages/airflow/example_dags/example_skip_dag.py took 0.090 seconds
[2026-07-21T18:11:43.327+0000] {processor.py:161} INFO - Started process (PID=377) to work on /home/airflow/.local/lib/python3.8/site-packages/airflow/example_dags/example_skip_dag.py
[2026-07-21T18:11:43.329+0000] {processor.py:830} INFO - Processing file /home/airflow/.local/lib/python3.8/site-packages/airflow/example_dags/example_skip_dag.py for tasks to queue
[2026-07-21T18:11:43.332+0000] {logging_mixin.py:188} INFO - [2026-07-21T18:11:43.331+0000] {dagbag.py:538} INFO - Filling up the DagBag from /home/airflow/.local/lib/python3.8/site-packages/airflow/example_dags/example_skip_dag.py
[2026-07-21T18:11:43.342+0000] {processor.py:840} INFO - DAG(s) 'example_skip_dag' retrieved from /home/airflow/.local/lib/python3.8/site-packages/airflow/example_dags/example_skip_dag.py
[2026-07-21T18:11:43.370+0000] {logging_mixin.py:188} INFO - [2026-07-21T18:11:43.370+0000] {dag.py:3036} INFO - Sync 1 DAGs
[2026-07-21T18:11:43.397+0000] {logging_mixin.py:188} INFO - [2026-07-21T18:11:43.397+0000] {dag.py:3823} INFO - Setting next_dagrun for example_skip_dag to 2026-07-20 00:00:00+00:00, run_after=2026-07-21 00:00:00+00:00
[2026-07-21T18:11:43.420+0000] {processor.py:183} INFO - Processing /home/airflow/.local/lib/python3.8/site-packages/airflow/example_dags/example_skip_dag.py took 0.097 seconds
[2026-07-21T18:12:13.959+0000] {processor.py:161} INFO - Started process (PID=433) to work on /home/airflow/.local/lib/python3.8/site-packages/airflow/example_dags/example_skip_dag.py
[2026-07-21T18:12:13.960+0000] {processor.py:830} INFO - Processing file /home/airflow/.local/lib/python3.8/site-packages/airflow/example_dags/example_skip_dag.py for tasks to queue
[2026-07-21T18:12:13.962+0000] {logging_mixin.py:188} INFO - [2026-07-21T18:12:13.962+0000] {dagbag.py:538} INFO - Filling up the DagBag from /home/airflow/.local/lib/python3.8/site-packages/airflow/example_dags/example_skip_dag.py
[2026-07-21T18:12:13.968+0000] {processor.py:840} INFO - DAG(s) 'example_skip_dag' retrieved from /home/airflow/.local/lib/python3.8/site-packages/airflow/example_dags/example_skip_dag.py
[2026-07-21T18:12:13.992+0000] {logging_mixin.py:188} INFO - [2026-07-21T18:12:13.991+0000] {dag.py:3036} INFO - Sync 1 DAGs
[2026-07-21T18:12:14.012+0000] {logging_mixin.py:188} INFO - [2026-07-21T18:12:14.012+0000] {dag.py:3823} INFO - Setting next_dagrun for example_skip_dag to 2026-07-20 00:00:00+00:00, run_after=2026-07-21 00:00:00+00:00
[2026-07-21T18:12:14.033+0000] {processor.py:183} INFO - Processing /home/airflow/.local/lib/python3.8/site-packages/airflow/example_dags/example_skip_dag.py took 0.078 seconds
[2026-07-21T18:12:44.903+0000] {processor.py:161} INFO - Started process (PID=489) to work on /home/airflow/.local/lib/python3.8/site-packages/airflow/example_dags/example_skip_dag.py
[2026-07-21T18:12:44.904+0000] {processor.py:830} INFO - Processing file /home/airflow/.local/lib/python3.8/site-packages/airflow/example_dags/example_skip_dag.py for tasks to queue
[2026-07-21T18:12:44.906+0000] {logging_mixin.py:188} INFO - [2026-07-21T18:12:44.906+0000] {dagbag.py:538} INFO - Filling up the DagBag from /home/airflow/.local/lib/python3.8/site-packages/airflow/example_dags/example_skip_dag.py
[2026-07-21T18:12:44.914+0000] {processor.py:840} INFO - DAG(s) 'example_skip_dag' retrieved from /home/airflow/.local/lib/python3.8/site-packages/airflow/example_dags/example_skip_dag.py
[2026-07-21T18:12:44.938+0000] {logging_mixin.py:188} INFO - [2026-07-21T18:12:44.938+0000] {dag.py:3036} INFO - Sync 1 DAGs
[2026-07-21T18:12:44.960+0000] {logging_mixin.py:188} INFO - [2026-07-21T18:12:44.960+0000] {dag.py:3823} INFO - Setting next_dagrun for example_skip_dag to 2026-07-20 00:00:00+00:00, run_after=2026-07-21 00:00:00+00:00
[2026-07-21T18:12:44.991+0000] {processor.py:183} INFO - Processing /home/airflow/.local/lib/python3.8/site-packages/airflow/example_dags/example_skip_dag.py took 0.093 seconds
[2026-07-21T18:13:15.605+0000] {processor.py:161} INFO - Started process (PID=545) to work on /home/airflow/.local/lib/python3.8/site-packages/airflow/example_dags/example_skip_dag.py
[2026-07-21T18:13:15.606+0000] {processor.py:830} INFO - Processing file /home/airflow/.local/lib/python3.8/site-packages/airflow/example_dags/example_skip_dag.py for tasks to queue
[2026-07-21T18:13:15.609+0000] {logging_mixin.py:188} INFO - [2026-07-21T18:13:15.608+0000] {dagbag.py:538} INFO - Filling up the DagBag from /home/airflow/.local/lib/python3.8/site-packages/airflow/example_dags/example_skip_dag.py
[2026-07-21T18:13:15.616+0000] {processor.py:840} INFO - DAG(s) 'example_skip_dag' retrieved from /home/airflow/.local/lib/python3.8/site-packages/airflow/example_dags/example_skip_dag.py
[2026-07-21T18:13:15.639+0000] {logging_mixin.py:188} INFO - [2026-07-21T18:13:15.639+0000] {dag.py:3036} INFO - Sync 1 DAGs
[2026-07-21T18:13:15.659+0000] {logging_mixin.py:188} INFO - [2026-07-21T18:13:15.659+0000] {dag.py:3823} INFO - Setting next_dagrun for example_skip_dag to 2026-07-20 00:00:00+00:00, run_after=2026-07-21 00:00:00+00:00
[2026-07-21T18:13:15.689+0000] {processor.py:183} INFO - Processing /home/airflow/.local/lib/python3.8/site-packages/airflow/example_dags/example_skip_dag.py took 0.087 seconds
[2026-07-21T18:13:46.106+0000] {processor.py:161} INFO - Started process (PID=601) to work on /home/airflow/.local/lib/python3.8/site-packages/airflow/example_dags/example_skip_dag.py
[2026-07-21T18:13:46.107+0000] {processor.py:830} INFO - Processing file /home/airflow/.local/lib/python3.8/site-packages/airflow/example_dags/example_skip_dag.py for tasks to queue
[2026-07-21T18:13:46.110+0000] {logging_mixin.py:188} INFO - [2026-07-21T18:13:46.110+0000] {dagbag.py:538} INFO - Filling up the DagBag from /home/airflow/.local/lib/python3.8/site-packages/airflow/example_dags/example_skip_dag.py
[2026-07-21T18:13:46.117+0000] {processor.py:840} INFO - DAG(s) 'example_skip_dag' retrieved from /home/airflow/.local/lib/python3.8/site-packages/airflow/example_dags/example_skip_dag.py
[2026-07-21T18:13:46.141+0000] {logging_mixin.py:188} INFO - [2026-07-21T18:13:46.141+0000] {dag.py:3036} INFO - Sync 1 DAGs
[2026-07-21T18:13:46.164+0000] {logging_mixin.py:188} INFO - [2026-07-21T18:13:46.164+0000] {dag.py:3823} INFO - Setting next_dagrun for example_skip_dag to 2026-07-20 00:00:00+00:00, run_after=2026-07-21 00:00:00+00:00
[2026-07-21T18:13:46.193+0000] {processor.py:183} INFO - Processing /home/airflow/.local/lib/python3.8/site-packages/airflow/example_dags/example_skip_dag.py took 0.090 seconds
[2026-07-21T18:14:17.055+0000] {processor.py:161} INFO - Started process (PID=657) to work on /home/airflow/.local/lib/python3.8/site-packages/airflow/example_dags/example_skip_dag.py
[2026-07-21T18:14:17.056+0000] {processor.py:830} INFO - Processing file /home/airflow/.local/lib/python3.8/site-packages/airflow/example_dags/example_skip_dag.py for tasks to queue
[2026-07-21T18:14:17.058+0000] {logging_mixin.py:188} INFO - [2026-07-21T18:14:17.057+0000] {dagbag.py:538} INFO - Filling up the DagBag from /home/airflow/.local/lib/python3.8/site-packages/airflow/example_dags/example_skip_dag.py
[2026-07-21T18:14:17.065+0000] {processor.py:840} INFO - DAG(s) 'example_skip_dag' retrieved from /home/airflow/.local/lib/python3.8/site-packages/airflow/example_dags/example_skip_dag.py
[2026-07-21T18:14:17.088+0000] {logging_mixin.py:188} INFO - [2026-07-21T18:14:17.088+0000] {dag.py:3036} INFO - Sync 1 DAGs
[2026-07-21T18:14:17.108+0000] {logging_mixin.py:188} INFO - [2026-07-21T18:14:17.107+0000] {dag.py:3823} INFO - Setting next_dagrun for example_skip_dag to 2026-07-20 00:00:00+00:00, run_after=2026-07-21 00:00:00+00:00
[2026-07-21T18:14:17.127+0000] {processor.py:183} INFO - Processing /home/airflow/.local/lib/python3.8/site-packages/airflow/example_dags/example_skip_dag.py took 0.075 seconds
[2026-07-21T18:14:47.841+0000] {processor.py:161} INFO - Started process (PID=714) to work on /home/airflow/.local/lib/python3.8/site-packages/airflow/example_dags/example_skip_dag.py
[2026-07-21T18:14:47.843+0000] {processor.py:830} INFO - Processing file /home/airflow/.local/lib/python3.8/site-packages/airflow/example_dags/example_skip_dag.py for tasks to queue
[2026-07-21T18:14:47.847+0000] {logging_mixin.py:188} INFO - [2026-07-21T18:14:47.847+0000] {dagbag.py:538} INFO - Filling up the DagBag from /home/airflow/.local/lib/python3.8/site-packages/airflow/example_dags/example_skip_dag.py
[2026-07-21T18:14:47.858+0000] {processor.py:840} INFO - DAG(s) 'example_skip_dag' retrieved from /home/airflow/.local/lib/python3.8/site-packages/airflow/example_dags/example_skip_dag.py
[2026-07-21T18:14:47.896+0000] {logging_mixin.py:188} INFO - [2026-07-21T18:14:47.895+0000] {dag.py:3036} INFO - Sync 1 DAGs
[2026-07-21T18:14:47.932+0000] {logging_mixin.py:188} INFO - [2026-07-21T18:14:47.931+0000] {dag.py:3823} INFO - Setting next_dagrun for example_skip_dag to 2026-07-20 00:00:00+00:00, run_after=2026-07-21 00:00:00+00:00
[2026-07-21T18:14:47.964+0000] {processor.py:183} INFO - Processing /home/airflow/.local/lib/python3.8/site-packages/airflow/example_dags/example_skip_dag.py took 0.128 seconds
[2026-07-21T18:15:18.873+0000] {processor.py:161} INFO - Started process (PID=770) to work on /home/airflow/.local/lib/python3.8/site-packages/airflow/example_dags/example_skip_dag.py
[2026-07-21T18:15:18.874+0000] {processor.py:830} INFO - Processing file /home/airflow/.local/lib/python3.8/site-packages/airflow/example_dags/example_skip_dag.py for tasks to queue
[2026-07-21T18:15:18.878+0000] {logging_mixin.py:188} INFO - [2026-07-21T18:15:18.877+0000] {dagbag.py:538} INFO - Filling up the DagBag from /home/airflow/.local/lib/python3.8/site-packages/airflow/example_dags/example_skip_dag.py
[2026-07-21T18:15:18.884+0000] {processor.py:840} INFO - DAG(s) 'example_skip_dag' retrieved from /home/airflow/.local/lib/python3.8/site-packages/airflow/example_dags/example_skip_dag.py
[2026-07-21T18:15:18.908+0000] {logging_mixin.py:188} INFO - [2026-07-21T18:15:18.908+0000] {dag.py:3036} INFO - Sync 1 DAGs
[2026-07-21T18:15:18.933+0000] {logging_mixin.py:188} INFO - [2026-07-21T18:15:18.933+0000] {dag.py:3823} INFO - Setting next_dagrun for example_skip_dag to 2026-07-20 00:00:00+00:00, run_after=2026-07-21 00:00:00+00:00
[2026-07-21T18:15:18.963+0000] {processor.py:183} INFO - Processing /home/airflow/.local/lib/python3.8/site-packages/airflow/example_dags/example_skip_dag.py took 0.093 seconds
[2026-07-21T18:15:49.724+0000] {processor.py:161} INFO - Started process (PID=826) to work on /home/airflow/.local/lib/python3.8/site-packages/airflow/example_dags/example_skip_dag.py
[2026-07-21T18:15:49.725+0000] {processor.py:830} INFO - Processing file /home/airflow/.local/lib/python3.8/site-packages/airflow/example_dags/example_skip_dag.py for tasks to queue
[2026-07-21T18:15:49.728+0000] {logging_mixin.py:188} INFO - [2026-07-21T18:15:49.728+0000] {dagbag.py:538} INFO - Filling up the DagBag from /home/airflow/.local/lib/python3.8/site-packages/airflow/example_dags/example_skip_dag.py
[2026-07-21T18:15:49.734+0000] {processor.py:840} INFO - DAG(s) 'example_skip_dag' retrieved from /home/airflow/.local/lib/python3.8/site-packages/airflow/example_dags/example_skip_dag.py
[2026-07-21T18:15:49.756+0000] {logging_mixin.py:188} INFO - [2026-07-21T18:15:49.756+0000] {dag.py:3036} INFO - Sync 1 DAGs
[2026-07-21T18:15:49.776+0000] {logging_mixin.py:188} INFO - [2026-07-21T18:15:49.776+0000] {dag.py:3823} INFO - Setting next_dagrun for example_skip_dag to 2026-07-20 00:00:00+00:00, run_after=2026-07-21 00:00:00+00:00
[2026-07-21T18:15:49.796+0000] {processor.py:183} INFO - Processing /home/airflow/.local/lib/python3.8/site-packages/airflow/example_dags/example_skip_dag.py took 0.075 seconds
[2026-07-21T18:16:20.426+0000] {processor.py:161} INFO - Started process (PID=882) to work on /home/airflow/.local/lib/python3.8/site-packages/airflow/example_dags/example_skip_dag.py
[2026-07-21T18:16:20.428+0000] {processor.py:830} INFO - Processing file /home/airflow/.local/lib/python3.8/site-packages/airflow/example_dags/example_skip_dag.py for tasks to queue
[2026-07-21T18:16:20.432+0000] {logging_mixin.py:188} INFO - [2026-07-21T18:16:20.431+0000] {dagbag.py:538} INFO - Filling up the DagBag from /home/airflow/.local/lib/python3.8/site-packages/airflow/example_dags/example_skip_dag.py
[2026-07-21T18:16:20.441+0000] {processor.py:840} INFO - DAG(s) 'example_skip_dag' retrieved from /home/airflow/.local/lib/python3.8/site-packages/airflow/example_dags/example_skip_dag.py
[2026-07-21T18:16:20.469+0000] {logging_mixin.py:188} INFO - [2026-07-21T18:16:20.468+0000] {dag.py:3036} INFO - Sync 1 DAGs
[2026-07-21T18:16:20.491+0000] {logging_mixin.py:188} INFO - [2026-07-21T18:16:20.491+0000] {dag.py:3823} INFO - Setting next_dagrun for example_skip_dag to 2026-07-20 00:00:00+00:00, run_after=2026-07-21 00:00:00+00:00
[2026-07-21T18:16:20.513+0000] {processor.py:183} INFO - Processing /home/airflow/.local/lib/python3.8/site-packages/airflow/example_dags/example_skip_dag.py took 0.093 seconds
[2026-07-21T18:16:50.554+0000] {processor.py:161} INFO - Started process (PID=937) to work on /home/airflow/.local/lib/python3.8/site-packages/airflow/example_dags/example_skip_dag.py
[2026-07-21T18:16:50.556+0000] {processor.py:830} INFO - Processing file /home/airflow/.local/lib/python3.8/site-packages/airflow/example_dags/example_skip_dag.py for tasks to queue
[2026-07-21T18:16:50.558+0000] {logging_mixin.py:188} INFO - [2026-07-21T18:16:50.557+0000] {dagbag.py:538} INFO - Filling up the DagBag from /home/airflow/.local/lib/python3.8/site-packages/airflow/example_dags/example_skip_dag.py
[2026-07-21T18:16:50.565+0000] {processor.py:840} INFO - DAG(s) 'example_skip_dag' retrieved from /home/airflow/.local/lib/python3.8/site-packages/airflow/example_dags/example_skip_dag.py
[2026-07-21T18:16:50.586+0000] {logging_mixin.py:188} INFO - [2026-07-21T18:16:50.586+0000] {dag.py:3036} INFO - Sync 1 DAGs
[2026-07-21T18:16:50.605+0000] {logging_mixin.py:188} INFO - [2026-07-21T18:16:50.605+0000] {dag.py:3823} INFO - Setting next_dagrun for example_skip_dag to 2026-07-20 00:00:00+00:00, run_after=2026-07-21 00:00:00+00:00
[2026-07-21T18:16:50.622+0000] {processor.py:183} INFO - Processing /home/airflow/.local/lib/python3.8/site-packages/airflow/example_dags/example_skip_dag.py took 0.071 seconds
[2026-07-21T18:17:21.058+0000] {processor.py:161} INFO - Started process (PID=994) to work on /home/airflow/.local/lib/python3.8/site-packages/airflow/example_dags/example_skip_dag.py
[2026-07-21T18:17:21.059+0000] {processor.py:830} INFO - Processing file /home/airflow/.local/lib/python3.8/site-packages/airflow/example_dags/example_skip_dag.py for tasks to queue
[2026-07-21T18:17:21.061+0000] {logging_mixin.py:188} INFO - [2026-07-21T18:17:21.061+0000] {dagbag.py:538} INFO - Filling up the DagBag from /home/airflow/.local/lib/python3.8/site-packages/airflow/example_dags/example_skip_dag.py
[2026-07-21T18:17:21.069+0000] {processor.py:840} INFO - DAG(s) 'example_skip_dag' retrieved from /home/airflow/.local/lib/python3.8/site-packages/airflow/example_dags/example_skip_dag.py
[2026-07-21T18:17:21.091+0000] {logging_mixin.py:188} INFO - [2026-07-21T18:17:21.091+0000] {dag.py:3036} INFO - Sync 1 DAGs
[2026-07-21T18:17:21.111+0000] {logging_mixin.py:188} INFO - [2026-07-21T18:17:21.110+0000] {dag.py:3823} INFO - Setting next_dagrun for example_skip_dag to 2026-07-20 00:00:00+00:00, run_after=2026-07-21 00:00:00+00:00
[2026-07-21T18:17:21.139+0000] {processor.py:183} INFO - Processing /home/airflow/.local/lib/python3.8/site-packages/airflow/example_dags/example_skip_dag.py took 0.084 seconds
[2026-07-21T18:17:51.911+0000] {processor.py:161} INFO - Started process (PID=1050) to work on /home/airflow/.local/lib/python3.8/site-packages/airflow/example_dags/example_skip_dag.py
[2026-07-21T18:17:51.913+0000] {processor.py:830} INFO - Processing file /home/airflow/.local/lib/python3.8/site-packages/airflow/example_dags/example_skip_dag.py for tasks to queue
[2026-07-21T18:17:51.915+0000] {logging_mixin.py:188} INFO - [2026-07-21T18:17:51.915+0000] {dagbag.py:538} INFO - Filling up the DagBag from /home/airflow/.local/lib/python3.8/site-packages/airflow/example_dags/example_skip_dag.py
[2026-07-21T18:17:51.924+0000] {processor.py:840} INFO - DAG(s) 'example_skip_dag' retrieved from /home/airflow/.local/lib/python3.8/site-packages/airflow/example_dags/example_skip_dag.py
[2026-07-21T18:17:51.953+0000] {logging_mixin.py:188} INFO - [2026-07-21T18:17:51.953+0000] {dag.py:3036} INFO - Sync 1 DAGs
[2026-07-21T18:17:51.980+0000] {logging_mixin.py:188} INFO - [2026-07-21T18:17:51.980+0000] {dag.py:3823} INFO - Setting next_dagrun for example_skip_dag to 2026-07-20 00:00:00+00:00, run_after=2026-07-21 00:00:00+00:00
[2026-07-21T18:17:52.001+0000] {processor.py:183} INFO - Processing /home/airflow/.local/lib/python3.8/site-packages/airflow/example_dags/example_skip_dag.py took 0.094 seconds
[2026-07-21T18:18:22.940+0000] {processor.py:161} INFO - Started process (PID=1106) to work on /home/airflow/.local/lib/python3.8/site-packages/airflow/example_dags/example_skip_dag.py
[2026-07-21T18:18:22.942+0000] {processor.py:830} INFO - Processing file /home/airflow/.local/lib/python3.8/site-packages/airflow/example_dags/example_skip_dag.py for tasks to queue
[2026-07-21T18:18:22.944+0000] {logging_mixin.py:188} INFO - [2026-07-21T18:18:22.944+0000] {dagbag.py:538} INFO - Filling up the DagBag from /home/airflow/.local/lib/python3.8/site-packages/airflow/example_dags/example_skip_dag.py
[2026-07-21T18:18:22.950+0000] {processor.py:840} INFO - DAG(s) 'example_skip_dag' retrieved from /home/airflow/.local/lib/python3.8/site-packages/airflow/example_dags/example_skip_dag.py
[2026-07-21T18:18:22.972+0000] {logging_mixin.py:188} INFO - [2026-07-21T18:18:22.972+0000] {dag.py:3036} INFO - Sync 1 DAGs
[2026-07-21T18:18:22.990+0000] {logging_mixin.py:188} INFO - [2026-07-21T18:18:22.990+0000] {dag.py:3823} INFO - Setting next_dagrun for example_skip_dag to 2026-07-20 00:00:00+00:00, run_after=2026-07-21 00:00:00+00:00
[2026-07-21T18:18:23.017+0000] {processor.py:183} INFO - Processing /home/airflow/.local/lib/python3.8/site-packages/airflow/example_dags/example_skip_dag.py took 0.080 seconds
[2026-07-21T18:18:53.618+0000] {processor.py:161} INFO - Started process (PID=1162) to work on /home/airflow/.local/lib/python3.8/site-packages/airflow/example_dags/example_skip_dag.py
[2026-07-21T18:18:53.619+0000] {processor.py:830} INFO - Processing file /home/airflow/.local/lib/python3.8/site-packages/airflow/example_dags/example_skip_dag.py for tasks to queue
[2026-07-21T18:18:53.621+0000] {logging_mixin.py:188} INFO - [2026-07-21T18:18:53.621+0000] {dagbag.py:538} INFO - Filling up the DagBag from /home/airflow/.local/lib/python3.8/site-packages/airflow/example_dags/example_skip_dag.py
[2026-07-21T18:18:53.628+0000] {processor.py:840} INFO - DAG(s) 'example_skip_dag' retrieved from /home/airflow/.local/lib/python3.8/site-packages/airflow/example_dags/example_skip_dag.py
[2026-07-21T18:18:53.650+0000] {logging_mixin.py:188} INFO - [2026-07-21T18:18:53.650+0000] {dag.py:3036} INFO - Sync 1 DAGs
[2026-07-21T18:18:53.670+0000] {logging_mixin.py:188} INFO - [2026-07-21T18:18:53.670+0000] {dag.py:3823} INFO - Setting next_dagrun for example_skip_dag to 2026-07-20 00:00:00+00:00, run_after=2026-07-21 00:00:00+00:00
[2026-07-21T18:18:53.698+0000] {processor.py:183} INFO - Processing /home/airflow/.local/lib/python3.8/site-packages/airflow/example_dags/example_skip_dag.py took 0.083 seconds
[2026-07-21T18:19:24.598+0000] {processor.py:161} INFO - Started process (PID=1218) to work on /home/airflow/.local/lib/python3.8/site-packages/airflow/example_dags/example_skip_dag.py
[2026-07-21T18:19:24.599+0000] {processor.py:830} INFO - Processing file /home/airflow/.local/lib/python3.8/site-packages/airflow/example_dags/example_skip_dag.py for tasks to queue
[2026-07-21T18:19:24.601+0000] {logging_mixin.py:188} INFO - [2026-07-21T18:19:24.600+0000] {dagbag.py:538} INFO - Filling up the DagBag from /home/airflow/.local/lib/python3.8/site-packages/airflow/example_dags/example_skip_dag.py
[2026-07-21T18:19:24.607+0000] {processor.py:840} INFO - DAG(s) 'example_skip_dag' retrieved from /home/airflow/.local/lib/python3.8/site-packages/airflow/example_dags/example_skip_dag.py
[2026-07-21T18:19:24.631+0000] {logging_mixin.py:188} INFO - [2026-07-21T18:19:24.631+0000] {dag.py:3036} INFO - Sync 1 DAGs
[2026-07-21T18:19:24.654+0000] {logging_mixin.py:188} INFO - [2026-07-21T18:19:24.653+0000] {dag.py:3823} INFO - Setting next_dagrun for example_skip_dag to 2026-07-20 00:00:00+00:00, run_after=2026-07-21 00:00:00+00:00
[2026-07-21T18:19:24.671+0000] {processor.py:183} INFO - Processing /home/airflow/.local/lib/python3.8/site-packages/airflow/example_dags/example_skip_dag.py took 0.077 seconds
[2026-07-21T18:19:55.083+0000] {processor.py:161} INFO - Started process (PID=1274) to work on /home/airflow/.local/lib/python3.8/site-packages/airflow/example_dags/example_skip_dag.py
[2026-07-21T18:19:55.085+0000] {processor.py:830} INFO - Processing file /home/airflow/.local/lib/python3.8/site-packages/airflow/example_dags/example_skip_dag.py for tasks to queue
[2026-07-21T18:19:55.086+0000] {logging_mixin.py:188} INFO - [2026-07-21T18:19:55.086+0000] {dagbag.py:538} INFO - Filling up the DagBag from /home/airflow/.local/lib/python3.8/site-packages/airflow/example_dags/example_skip_dag.py
[2026-07-21T18:19:55.093+0000] {processor.py:840} INFO - DAG(s) 'example_skip_dag' retrieved from /home/airflow/.local/lib/python3.8/site-packages/airflow/example_dags/example_skip_dag.py
[2026-07-21T18:19:55.119+0000] {logging_mixin.py:188} INFO - [2026-07-21T18:19:55.119+0000] {dag.py:3036} INFO - Sync 1 DAGs
[2026-07-21T18:19:55.141+0000] {logging_mixin.py:188} INFO - [2026-07-21T18:19:55.140+0000] {dag.py:3823} INFO - Setting next_dagrun for example_skip_dag to 2026-07-20 00:00:00+00:00, run_after=2026-07-21 00:00:00+00:00
[2026-07-21T18:19:55.161+0000] {processor.py:183} INFO - Processing /home/airflow/.local/lib/python3.8/site-packages/airflow/example_dags/example_skip_dag.py took 0.081 seconds
[2026-07-21T18:20:25.727+0000] {processor.py:161} INFO - Started process (PID=1330) to work on /home/airflow/.local/lib/python3.8/site-packages/airflow/example_dags/example_skip_dag.py
[2026-07-21T18:20:25.728+0000] {processor.py:830} INFO - Processing file /home/airflow/.local/lib/python3.8/site-packages/airflow/example_dags/example_skip_dag.py for tasks to queue
[2026-07-21T18:20:25.730+0000] {logging_mixin.py:188} INFO - [2026-07-21T18:20:25.729+0000] {dagbag.py:538} INFO - Filling up the DagBag from /home/airflow/.local/lib/python3.8/site-packages/airflow/example_dags/example_skip_dag.py
[2026-07-21T18:20:25.736+0000] {processor.py:840} INFO - DAG(s) 'example_skip_dag' retrieved from /home/airflow/.local/lib/python3.8/site-packages/airflow/example_dags/example_skip_dag.py
[2026-07-21T18:20:25.762+0000] {logging_mixin.py:188} INFO - [2026-07-21T18:20:25.761+0000] {dag.py:3036} INFO - Sync 1 DAGs
[2026-07-21T18:20:25.785+0000] {logging_mixin.py:188} INFO - [2026-07-21T18:20:25.784+0000] {dag.py:3823} INFO - Setting next_dagrun for example_skip_dag to 2026-07-20 00:00:00+00:00, run_after=2026-07-21 00:00:00+00:00
[2026-07-21T18:20:25.814+0000] {processor.py:183} INFO - Processing /home/airflow/.local/lib/python3.8/site-packages/airflow/example_dags/example_skip_dag.py took 0.090 seconds
[2026-07-21T18:20:56.539+0000] {processor.py:161} INFO - Started process (PID=1386) to work on /home/airflow/.local/lib/python3.8/site-packages/airflow/example_dags/example_skip_dag.py
[2026-07-21T18:20:56.540+0000] {processor.py:830} INFO - Processing file /home/airflow/.local/lib/python3.8/site-packages/airflow/example_dags/example_skip_dag.py for tasks to queue
[2026-07-21T18:20:56.542+0000] {logging_mixin.py:188} INFO - [2026-07-21T18:20:56.542+0000] {dagbag.py:538} INFO - Filling up the DagBag from /home/airflow/.local/lib/python3.8/site-packages/airflow/example_dags/example_skip_dag.py
[2026-07-21T18:20:56.548+0000] {processor.py:840} INFO - DAG(s) 'example_skip_dag' retrieved from /home/airflow/.local/lib/python3.8/site-packages/airflow/example_dags/example_skip_dag.py
[2026-07-21T18:20:56.573+0000] {logging_mixin.py:188} INFO - [2026-07-21T18:20:56.573+0000] {dag.py:3036} INFO - Sync 1 DAGs
[2026-07-21T18:20:56.595+0000] {logging_mixin.py:188} INFO - [2026-07-21T18:20:56.595+0000] {dag.py:3823} INFO - Setting next_dagrun for example_skip_dag to 2026-07-20 00:00:00+00:00, run_after=2026-07-21 00:00:00+00:00
[2026-07-21T18:20:56.794+0000] {processor.py:183} INFO - Processing /home/airflow/.local/lib/python3.8/site-packages/airflow/example_dags/example_skip_dag.py took 0.258 seconds
[2026-07-21T18:21:27.680+0000] {processor.py:161} INFO - Started process (PID=1442) to work on /home/airflow/.local/lib/python3.8/site-packages/airflow/example_dags/example_skip_dag.py
[2026-07-21T18:21:27.681+0000] {processor.py:830} INFO - Processing file /home/airflow/.local/lib/python3.8/site-packages/airflow/example_dags/example_skip_dag.py for tasks to queue
[2026-07-21T18:21:27.683+0000] {logging_mixin.py:188} INFO - [2026-07-21T18:21:27.683+0000] {dagbag.py:538} INFO - Filling up the DagBag from /home/airflow/.local/lib/python3.8/site-packages/airflow/example_dags/example_skip_dag.py
[2026-07-21T18:21:27.690+0000] {processor.py:840} INFO - DAG(s) 'example_skip_dag' retrieved from /home/airflow/.local/lib/python3.8/site-packages/airflow/example_dags/example_skip_dag.py
[2026-07-21T18:21:27.713+0000] {logging_mixin.py:188} INFO - [2026-07-21T18:21:27.713+0000] {dag.py:3036} INFO - Sync 1 DAGs
[2026-07-21T18:21:27.736+0000] {logging_mixin.py:188} INFO - [2026-07-21T18:21:27.735+0000] {dag.py:3823} INFO - Setting next_dagrun for example_skip_dag to 2026-07-20 00:00:00+00:00, run_after=2026-07-21 00:00:00+00:00
[2026-07-21T18:21:27.764+0000] {processor.py:183} INFO - Processing /home/airflow/.local/lib/python3.8/site-packages/airflow/example_dags/example_skip_dag.py took 0.087 seconds
[2026-07-21T18:21:58.164+0000] {processor.py:161} INFO - Started process (PID=1498) to work on /home/airflow/.local/lib/python3.8/site-packages/airflow/example_dags/example_skip_dag.py
[2026-07-21T18:21:58.165+0000] {processor.py:830} INFO - Processing file /home/airflow/.local/lib/python3.8/site-packages/airflow/example_dags/example_skip_dag.py for tasks to queue
[2026-07-21T18:21:58.167+0000] {logging_mixin.py:188} INFO - [2026-07-21T18:21:58.167+0000] {dagbag.py:538} INFO - Filling up the DagBag from /home/airflow/.local/lib/python3.8/site-packages/airflow/example_dags/example_skip_dag.py
[2026-07-21T18:21:58.175+0000] {processor.py:840} INFO - DAG(s) 'example_skip_dag' retrieved from /home/airflow/.local/lib/python3.8/site-packages/airflow/example_dags/example_skip_dag.py
[2026-07-21T18:21:58.197+0000] {logging_mixin.py:188} INFO - [2026-07-21T18:21:58.196+0000] {dag.py:3036} INFO - Sync 1 DAGs
[2026-07-21T18:21:58.218+0000] {logging_mixin.py:188} INFO - [2026-07-21T18:21:58.218+0000] {dag.py:3823} INFO - Setting next_dagrun for example_skip_dag to 2026-07-20 00:00:00+00:00, run_after=2026-07-21 00:00:00+00:00
[2026-07-21T18:21:58.238+0000] {processor.py:183} INFO - Processing /home/airflow/.local/lib/python3.8/site-packages/airflow/example_dags/example_skip_dag.py took 0.078 seconds
[2026-07-21T18:22:28.300+0000] {processor.py:161} INFO - Started process (PID=1554) to work on /home/airflow/.local/lib/python3.8/site-packages/airflow/example_dags/example_skip_dag.py
[2026-07-21T18:22:28.301+0000] {processor.py:830} INFO - Processing file /home/airflow/.local/lib/python3.8/site-packages/airflow/example_dags/example_skip_dag.py for tasks to queue
[2026-07-21T18:22:28.304+0000] {logging_mixin.py:188} INFO - [2026-07-21T18:22:28.303+0000] {dagbag.py:538} INFO - Filling up the DagBag from /home/airflow/.local/lib/python3.8/site-packages/airflow/example_dags/example_skip_dag.py
[2026-07-21T18:22:28.311+0000] {processor.py:840} INFO - DAG(s) 'example_skip_dag' retrieved from /home/airflow/.local/lib/python3.8/site-packages/airflow/example_dags/example_skip_dag.py
[2026-07-21T18:22:28.337+0000] {logging_mixin.py:188} INFO - [2026-07-21T18:22:28.336+0000] {dag.py:3036} INFO - Sync 1 DAGs
[2026-07-21T18:22:28.360+0000] {logging_mixin.py:188} INFO - [2026-07-21T18:22:28.360+0000] {dag.py:3823} INFO - Setting next_dagrun for example_skip_dag to 2026-07-20 00:00:00+00:00, run_after=2026-07-21 00:00:00+00:00
[2026-07-21T18:22:28.381+0000] {processor.py:183} INFO - Processing /home/airflow/.local/lib/python3.8/site-packages/airflow/example_dags/example_skip_dag.py took 0.085 seconds
[2026-07-21T18:22:59.266+0000] {processor.py:161} INFO - Started process (PID=1610) to work on /home/airflow/.local/lib/python3.8/site-packages/airflow/example_dags/example_skip_dag.py
[2026-07-21T18:22:59.267+0000] {processor.py:830} INFO - Processing file /home/airflow/.local/lib/python3.8/site-packages/airflow/example_dags/example_skip_dag.py for tasks to queue
[2026-07-21T18:22:59.269+0000] {logging_mixin.py:188} INFO - [2026-07-21T18:22:59.269+0000] {dagbag.py:538} INFO - Filling up the DagBag from /home/airflow/.local/lib/python3.8/site-packages/airflow/example_dags/example_skip_dag.py
[2026-07-21T18:22:59.276+0000] {processor.py:840} INFO - DAG(s) 'example_skip_dag' retrieved from /home/airflow/.local/lib/python3.8/site-packages/airflow/example_dags/example_skip_dag.py
[2026-07-21T18:22:59.301+0000] {logging_mixin.py:188} INFO - [2026-07-21T18:22:59.301+0000] {dag.py:3036} INFO - Sync 1 DAGs
[2026-07-21T18:22:59.507+0000] {logging_mixin.py:188} INFO - [2026-07-21T18:22:59.506+0000] {dag.py:3823} INFO - Setting next_dagrun for example_skip_dag to 2026-07-20 00:00:00+00:00, run_after=2026-07-21 00:00:00+00:00
[2026-07-21T18:22:59.529+0000] {processor.py:183} INFO - Processing /home/airflow/.local/lib/python3.8/site-packages/airflow/example_dags/example_skip_dag.py took 0.268 seconds
[2026-07-21T18:23:30.220+0000] {processor.py:161} INFO - Started process (PID=1666) to work on /home/airflow/.local/lib/python3.8/site-packages/airflow/example_dags/example_skip_dag.py
[2026-07-21T18:23:30.221+0000] {processor.py:830} INFO - Processing file /home/airflow/.local/lib/python3.8/site-packages/airflow/example_dags/example_skip_dag.py for tasks to queue
[2026-07-21T18:23:30.223+0000] {logging_mixin.py:188} INFO - [2026-07-21T18:23:30.222+0000] {dagbag.py:538} INFO - Filling up the DagBag from /home/airflow/.local/lib/python3.8/site-packages/airflow/example_dags/example_skip_dag.py
[2026-07-21T18:23:30.229+0000] {processor.py:840} INFO - DAG(s) 'example_skip_dag' retrieved from /home/airflow/.local/lib/python3.8/site-packages/airflow/example_dags/example_skip_dag.py
[2026-07-21T18:23:30.254+0000] {logging_mixin.py:188} INFO - [2026-07-21T18:23:30.253+0000] {dag.py:3036} INFO - Sync 1 DAGs
[2026-07-21T18:23:30.277+0000] {logging_mixin.py:188} INFO - [2026-07-21T18:23:30.276+0000] {dag.py:3823} INFO - Setting next_dagrun for example_skip_dag to 2026-07-20 00:00:00+00:00, run_after=2026-07-21 00:00:00+00:00
[2026-07-21T18:23:30.480+0000] {processor.py:183} INFO - Processing /home/airflow/.local/lib/python3.8/site-packages/airflow/example_dags/example_skip_dag.py took 0.263 seconds
[2026-07-21T18:24:00.559+0000] {processor.py:161} INFO - Started process (PID=1722) to work on /home/airflow/.local/lib/python3.8/site-packages/airflow/example_dags/example_skip_dag.py
[2026-07-21T18:24:00.561+0000] {processor.py:830} INFO - Processing file /home/airflow/.local/lib/python3.8/site-packages/airflow/example_dags/example_skip_dag.py for tasks to queue
[2026-07-21T18:24:00.564+0000] {logging_mixin.py:188} INFO - [2026-07-21T18:24:00.563+0000] {dagbag.py:538} INFO - Filling up the DagBag from /home/airflow/.local/lib/python3.8/site-packages/airflow/example_dags/example_skip_dag.py
[2026-07-21T18:24:00.571+0000] {processor.py:840} INFO - DAG(s) 'example_skip_dag' retrieved from /home/airflow/.local/lib/python3.8/site-packages/airflow/example_dags/example_skip_dag.py
[2026-07-21T18:24:00.597+0000] {logging_mixin.py:188} INFO - [2026-07-21T18:24:00.597+0000] {dag.py:3036} INFO - Sync 1 DAGs
[2026-07-21T18:24:00.619+0000] {logging_mixin.py:188} INFO - [2026-07-21T18:24:00.619+0000] {dag.py:3823} INFO - Setting next_dagrun for example_skip_dag to 2026-07-20 00:00:00+00:00, run_after=2026-07-21 00:00:00+00:00
[2026-07-21T18:24:00.642+0000] {processor.py:183} INFO - Processing /home/airflow/.local/lib/python3.8/site-packages/airflow/example_dags/example_skip_dag.py took 0.087 seconds
[2026-07-21T18:24:31.589+0000] {processor.py:161} INFO - Started process (PID=1778) to work on /home/airflow/.local/lib/python3.8/site-packages/airflow/example_dags/example_skip_dag.py
[2026-07-21T18:24:31.590+0000] {processor.py:830} INFO - Processing file /home/airflow/.local/lib/python3.8/site-packages/airflow/example_dags/example_skip_dag.py for tasks to queue
[2026-07-21T18:24:31.593+0000] {logging_mixin.py:188} INFO - [2026-07-21T18:24:31.593+0000] {dagbag.py:538} INFO - Filling up the DagBag from /home/airflow/.local/lib/python3.8/site-packages/airflow/example_dags/example_skip_dag.py
[2026-07-21T18:24:31.600+0000] {processor.py:840} INFO - DAG(s) 'example_skip_dag' retrieved from /home/airflow/.local/lib/python3.8/site-packages/airflow/example_dags/example_skip_dag.py
[2026-07-21T18:24:31.628+0000] {logging_mixin.py:188} INFO - [2026-07-21T18:24:31.627+0000] {dag.py:3036} INFO - Sync 1 DAGs
[2026-07-21T18:24:31.652+0000] {logging_mixin.py:188} INFO - [2026-07-21T18:24:31.651+0000] {dag.py:3823} INFO - Setting next_dagrun for example_skip_dag to 2026-07-20 00:00:00+00:00, run_after=2026-07-21 00:00:00+00:00
[2026-07-21T18:24:31.672+0000] {processor.py:183} INFO - Processing /home/airflow/.local/lib/python3.8/site-packages/airflow/example_dags/example_skip_dag.py took 0.087 seconds
[2026-07-21T18:25:01.832+0000] {processor.py:161} INFO - Started process (PID=1834) to work on /home/airflow/.local/lib/python3.8/site-packages/airflow/example_dags/example_skip_dag.py
[2026-07-21T18:25:01.833+0000] {processor.py:830} INFO - Processing file /home/airflow/.local/lib/python3.8/site-packages/airflow/example_dags/example_skip_dag.py for tasks to queue
[2026-07-21T18:25:01.836+0000] {logging_mixin.py:188} INFO - [2026-07-21T18:25:01.836+0000] {dagbag.py:538} INFO - Filling up the DagBag from /home/airflow/.local/lib/python3.8/site-packages/airflow/example_dags/example_skip_dag.py
[2026-07-21T18:25:01.844+0000] {processor.py:840} INFO - DAG(s) 'example_skip_dag' retrieved from /home/airflow/.local/lib/python3.8/site-packages/airflow/example_dags/example_skip_dag.py
[2026-07-21T18:25:01.879+0000] {logging_mixin.py:188} INFO - [2026-07-21T18:25:01.878+0000] {dag.py:3036} INFO - Sync 1 DAGs
[2026-07-21T18:25:01.910+0000] {logging_mixin.py:188} INFO - [2026-07-21T18:25:01.910+0000] {dag.py:3823} INFO - Setting next_dagrun for example_skip_dag to 2026-07-20 00:00:00+00:00, run_after=2026-07-21 00:00:00+00:00
[2026-07-21T18:25:01.937+0000] {processor.py:183} INFO - Processing /home/airflow/.local/lib/python3.8/site-packages/airflow/example_dags/example_skip_dag.py took 0.110 seconds
[2026-07-21T18:25:32.256+0000] {processor.py:161} INFO - Started process (PID=1890) to work on /home/airflow/.local/lib/python3.8/site-packages/airflow/example_dags/example_skip_dag.py
[2026-07-21T18:25:32.257+0000] {processor.py:830} INFO - Processing file /home/airflow/.local/lib/python3.8/site-packages/airflow/example_dags/example_skip_dag.py for tasks to queue
[2026-07-21T18:25:32.259+0000] {logging_mixin.py:188} INFO - [2026-07-21T18:25:32.259+0000] {dagbag.py:538} INFO - Filling up the DagBag from /home/airflow/.local/lib/python3.8/site-packages/airflow/example_dags/example_skip_dag.py
[2026-07-21T18:25:32.267+0000] {processor.py:840} INFO - DAG(s) 'example_skip_dag' retrieved from /home/airflow/.local/lib/python3.8/site-packages/airflow/example_dags/example_skip_dag.py
[2026-07-21T18:25:32.291+0000] {logging_mixin.py:188} INFO - [2026-07-21T18:25:32.291+0000] {dag.py:3036} INFO - Sync 1 DAGs
[2026-07-21T18:25:32.330+0000] {logging_mixin.py:188} INFO - [2026-07-21T18:25:32.330+0000] {dag.py:3823} INFO - Setting next_dagrun for example_skip_dag to 2026-07-20 00:00:00+00:00, run_after=2026-07-21 00:00:00+00:00
[2026-07-21T18:25:32.360+0000] {processor.py:183} INFO - Processing /home/airflow/.local/lib/python3.8/site-packages/airflow/example_dags/example_skip_dag.py took 0.109 seconds
[2026-07-21T18:26:02.911+0000] {processor.py:161} INFO - Started process (PID=1946) to work on /home/airflow/.local/lib/python3.8/site-packages/airflow/example_dags/example_skip_dag.py
[2026-07-21T18:26:02.913+0000] {processor.py:830} INFO - Processing file /home/airflow/.local/lib/python3.8/site-packages/airflow/example_dags/example_skip_dag.py for tasks to queue
[2026-07-21T18:26:02.917+0000] {logging_mixin.py:188} INFO - [2026-07-21T18:26:02.916+0000] {dagbag.py:538} INFO - Filling up the DagBag from /home/airflow/.local/lib/python3.8/site-packages/airflow/example_dags/example_skip_dag.py
[2026-07-21T18:26:02.927+0000] {processor.py:840} INFO - DAG(s) 'example_skip_dag' retrieved from /home/airflow/.local/lib/python3.8/site-packages/airflow/example_dags/example_skip_dag.py
[2026-07-21T18:26:02.965+0000] {logging_mixin.py:188} INFO - [2026-07-21T18:26:02.965+0000] {dag.py:3036} INFO - Sync 1 DAGs
[2026-07-21T18:26:02.996+0000] {logging_mixin.py:188} INFO - [2026-07-21T18:26:02.996+0000] {dag.py:3823} INFO - Setting next_dagrun for example_skip_dag to 2026-07-20 00:00:00+00:00, run_after=2026-07-21 00:00:00+00:00
[2026-07-21T18:26:03.024+0000] {processor.py:183} INFO - Processing /home/airflow/.local/lib/python3.8/site-packages/airflow/example_dags/example_skip_dag.py took 0.120 seconds
[2026-07-21T18:26:33.725+0000] {processor.py:161} INFO - Started process (PID=2002) to work on /home/airflow/.local/lib/python3.8/site-packages/airflow/example_dags/example_skip_dag.py
[2026-07-21T18:26:33.727+0000] {processor.py:830} INFO - Processing file /home/airflow/.local/lib/python3.8/site-packages/airflow/example_dags/example_skip_dag.py for tasks to queue
[2026-07-21T18:26:33.730+0000] {logging_mixin.py:188} INFO - [2026-07-21T18:26:33.729+0000] {dagbag.py:538} INFO - Filling up the DagBag from /home/airflow/.local/lib/python3.8/site-packages/airflow/example_dags/example_skip_dag.py
[2026-07-21T18:26:33.739+0000] {processor.py:840} INFO - DAG(s) 'example_skip_dag' retrieved from /home/airflow/.local/lib/python3.8/site-packages/airflow/example_dags/example_skip_dag.py
[2026-07-21T18:26:33.767+0000] {logging_mixin.py:188} INFO - [2026-07-21T18:26:33.767+0000] {dag.py:3036} INFO - Sync 1 DAGs
[2026-07-21T18:26:33.791+0000] {logging_mixin.py:188} INFO - [2026-07-21T18:26:33.791+0000] {dag.py:3823} INFO - Setting next_dagrun for example_skip_dag to 2026-07-20 00:00:00+00:00, run_after=2026-07-21 00:00:00+00:00
[2026-07-21T18:26:33.815+0000] {processor.py:183} INFO - Processing /home/airflow/.local/lib/python3.8/site-packages/airflow/example_dags/example_skip_dag.py took 0.095 seconds
[2026-07-21T18:27:04.209+0000] {processor.py:161} INFO - Started process (PID=2058) to work on /home/airflow/.local/lib/python3.8/site-packages/airflow/example_dags/example_skip_dag.py
[2026-07-21T18:27:04.210+0000] {processor.py:830} INFO - Processing file /home/airflow/.local/lib/python3.8/site-packages/airflow/example_dags/example_skip_dag.py for tasks to queue
[2026-07-21T18:27:04.213+0000] {logging_mixin.py:188} INFO - [2026-07-21T18:27:04.213+0000] {dagbag.py:538} INFO - Filling up the DagBag from /home/airflow/.local/lib/python3.8/site-packages/airflow/example_dags/example_skip_dag.py
[2026-07-21T18:27:04.223+0000] {processor.py:840} INFO - DAG(s) 'example_skip_dag' retrieved from /home/airflow/.local/lib/python3.8/site-packages/airflow/example_dags/example_skip_dag.py
[2026-07-21T18:27:04.250+0000] {logging_mixin.py:188} INFO - [2026-07-21T18:27:04.249+0000] {dag.py:3036} INFO - Sync 1 DAGs
[2026-07-21T18:27:04.273+0000] {logging_mixin.py:188} INFO - [2026-07-21T18:27:04.272+0000] {dag.py:3823} INFO - Setting next_dagrun for example_skip_dag to 2026-07-20 00:00:00+00:00, run_after=2026-07-21 00:00:00+00:00
[2026-07-21T18:27:04.293+0000] {processor.py:183} INFO - Processing /home/airflow/.local/lib/python3.8/site-packages/airflow/example_dags/example_skip_dag.py took 0.088 seconds
[2026-07-21T18:27:34.922+0000] {processor.py:161} INFO - Started process (PID=2114) to work on /home/airflow/.local/lib/python3.8/site-packages/airflow/example_dags/example_skip_dag.py
[2026-07-21T18:27:34.923+0000] {processor.py:830} INFO - Processing file /home/airflow/.local/lib/python3.8/site-packages/airflow/example_dags/example_skip_dag.py for tasks to queue
[2026-07-21T18:27:34.925+0000] {logging_mixin.py:188} INFO - [2026-07-21T18:27:34.925+0000] {dagbag.py:538} INFO - Filling up the DagBag from /home/airflow/.local/lib/python3.8/site-packages/airflow/example_dags/example_skip_dag.py
[2026-07-21T18:27:34.934+0000] {processor.py:840} INFO - DAG(s) 'example_skip_dag' retrieved from /home/airflow/.local/lib/python3.8/site-packages/airflow/example_dags/example_skip_dag.py
[2026-07-21T18:27:34.961+0000] {logging_mixin.py:188} INFO - [2026-07-21T18:27:34.961+0000] {dag.py:3036} INFO - Sync 1 DAGs
[2026-07-21T18:27:34.984+0000] {logging_mixin.py:188} INFO - [2026-07-21T18:27:34.984+0000] {dag.py:3823} INFO - Setting next_dagrun for example_skip_dag to 2026-07-20 00:00:00+00:00, run_after=2026-07-21 00:00:00+00:00
[2026-07-21T18:27:35.004+0000] {processor.py:183} INFO - Processing /home/airflow/.local/lib/python3.8/site-packages/airflow/example_dags/example_skip_dag.py took 0.086 seconds
[2026-07-21T18:28:05.541+0000] {processor.py:161} INFO - Started process (PID=2170) to work on /home/airflow/.local/lib/python3.8/site-packages/airflow/example_dags/example_skip_dag.py
[2026-07-21T18:28:05.542+0000] {processor.py:830} INFO - Processing file /home/airflow/.local/lib/python3.8/site-packages/airflow/example_dags/example_skip_dag.py for tasks to queue
[2026-07-21T18:28:05.544+0000] {logging_mixin.py:188} INFO - [2026-07-21T18:28:05.544+0000] {dagbag.py:538} INFO - Filling up the DagBag from /home/airflow/.local/lib/python3.8/site-packages/airflow/example_dags/example_skip_dag.py
[2026-07-21T18:28:05.554+0000] {processor.py:840} INFO - DAG(s) 'example_skip_dag' retrieved from /home/airflow/.local/lib/python3.8/site-packages/airflow/example_dags/example_skip_dag.py
[2026-07-21T18:28:05.580+0000] {logging_mixin.py:188} INFO - [2026-07-21T18:28:05.579+0000] {dag.py:3036} INFO - Sync 1 DAGs
[2026-07-21T18:28:05.602+0000] {logging_mixin.py:188} INFO - [2026-07-21T18:28:05.602+0000] {dag.py:3823} INFO - Setting next_dagrun for example_skip_dag to 2026-07-20 00:00:00+00:00, run_after=2026-07-21 00:00:00+00:00
[2026-07-21T18:28:05.622+0000] {processor.py:183} INFO - Processing /home/airflow/.local/lib/python3.8/site-packages/airflow/example_dags/example_skip_dag.py took 0.086 seconds
[2026-07-21T18:28:35.886+0000] {processor.py:161} INFO - Started process (PID=2226) to work on /home/airflow/.local/lib/python3.8/site-packages/airflow/example_dags/example_skip_dag.py
[2026-07-21T18:28:35.888+0000] {processor.py:830} INFO - Processing file /home/airflow/.local/lib/python3.8/site-packages/airflow/example_dags/example_skip_dag.py for tasks to queue
[2026-07-21T18:28:35.889+0000] {logging_mixin.py:188} INFO - [2026-07-21T18:28:35.889+0000] {dagbag.py:538} INFO - Filling up the DagBag from /home/airflow/.local/lib/python3.8/site-packages/airflow/example_dags/example_skip_dag.py
[2026-07-21T18:28:35.896+0000] {processor.py:840} INFO - DAG(s) 'example_skip_dag' retrieved from /home/airflow/.local/lib/python3.8/site-packages/airflow/example_dags/example_skip_dag.py
[2026-07-21T18:28:35.918+0000] {logging_mixin.py:188} INFO - [2026-07-21T18:28:35.918+0000] {dag.py:3036} INFO - Sync 1 DAGs
[2026-07-21T18:28:35.936+0000] {logging_mixin.py:188} INFO - [2026-07-21T18:28:35.936+0000] {dag.py:3823} INFO - Setting next_dagrun for example_skip_dag to 2026-07-20 00:00:00+00:00, run_after=2026-07-21 00:00:00+00:00
[2026-07-21T18:28:35.964+0000] {processor.py:183} INFO - Processing /home/airflow/.local/lib/python3.8/site-packages/airflow/example_dags/example_skip_dag.py took 0.081 seconds
[2026-07-21T18:29:06.173+0000] {processor.py:161} INFO - Started process (PID=2282) to work on /home/airflow/.local/lib/python3.8/site-packages/airflow/example_dags/example_skip_dag.py
[2026-07-21T18:29:06.175+0000] {processor.py:830} INFO - Processing file /home/airflow/.local/lib/python3.8/site-packages/airflow/example_dags/example_skip_dag.py for tasks to queue
[2026-07-21T18:29:06.177+0000] {logging_mixin.py:188} INFO - [2026-07-21T18:29:06.177+0000] {dagbag.py:538} INFO - Filling up the DagBag from /home/airflow/.local/lib/python3.8/site-packages/airflow/example_dags/example_skip_dag.py
[2026-07-21T18:29:06.186+0000] {processor.py:840} INFO - DAG(s) 'example_skip_dag' retrieved from /home/airflow/.local/lib/python3.8/site-packages/airflow/example_dags/example_skip_dag.py
[2026-07-21T18:29:06.212+0000] {logging_mixin.py:188} INFO - [2026-07-21T18:29:06.212+0000] {dag.py:3036} INFO - Sync 1 DAGs
[2026-07-21T18:29:06.234+0000] {logging_mixin.py:188} INFO - [2026-07-21T18:29:06.234+0000] {dag.py:3823} INFO - Setting next_dagrun for example_skip_dag to 2026-07-20 00:00:00+00:00, run_after=2026-07-21 00:00:00+00:00
[2026-07-21T18:29:06.263+0000] {processor.py:183} INFO - Processing /home/airflow/.local/lib/python3.8/site-packages/airflow/example_dags/example_skip_dag.py took 0.094 seconds
[2026-07-21T18:29:36.812+0000] {processor.py:161} INFO - Started process (PID=2338) to work on /home/airflow/.local/lib/python3.8/site-packages/airflow/example_dags/example_skip_dag.py
[2026-07-21T18:29:36.814+0000] {processor.py:830} INFO - Processing file /home/airflow/.local/lib/python3.8/site-packages/airflow/example_dags/example_skip_dag.py for tasks to queue
[2026-07-21T18:29:36.817+0000] {logging_mixin.py:188} INFO - [2026-07-21T18:29:36.817+0000] {dagbag.py:538} INFO - Filling up the DagBag from /home/airflow/.local/lib/python3.8/site-packages/airflow/example_dags/example_skip_dag.py
[2026-07-21T18:29:36.828+0000] {processor.py:840} INFO - DAG(s) 'example_skip_dag' retrieved from /home/airflow/.local/lib/python3.8/site-packages/airflow/example_dags/example_skip_dag.py
[2026-07-21T18:29:36.855+0000] {logging_mixin.py:188} INFO - [2026-07-21T18:29:36.855+0000] {dag.py:3036} INFO - Sync 1 DAGs
[2026-07-21T18:29:36.878+0000] {logging_mixin.py:188} INFO - [2026-07-21T18:29:36.877+0000] {dag.py:3823} INFO - Setting next_dagrun for example_skip_dag to 2026-07-20 00:00:00+00:00, run_after=2026-07-21 00:00:00+00:00
[2026-07-21T18:29:36.897+0000] {processor.py:183} INFO - Processing /home/airflow/.local/lib/python3.8/site-packages/airflow/example_dags/example_skip_dag.py took 0.089 seconds
[2026-07-21T18:30:07.281+0000] {processor.py:161} INFO - Started process (PID=2394) to work on /home/airflow/.local/lib/python3.8/site-packages/airflow/example_dags/example_skip_dag.py
[2026-07-21T18:30:07.282+0000] {processor.py:830} INFO - Processing file /home/airflow/.local/lib/python3.8/site-packages/airflow/example_dags/example_skip_dag.py for tasks to queue
[2026-07-21T18:30:07.284+0000] {logging_mixin.py:188} INFO - [2026-07-21T18:30:07.284+0000] {dagbag.py:538} INFO - Filling up the DagBag from /home/airflow/.local/lib/python3.8/site-packages/airflow/example_dags/example_skip_dag.py
[2026-07-21T18:30:07.292+0000] {processor.py:840} INFO - DAG(s) 'example_skip_dag' retrieved from /home/airflow/.local/lib/python3.8/site-packages/airflow/example_dags/example_skip_dag.py
[2026-07-21T18:30:07.316+0000] {logging_mixin.py:188} INFO - [2026-07-21T18:30:07.316+0000] {dag.py:3036} INFO - Sync 1 DAGs
[2026-07-21T18:30:07.340+0000] {logging_mixin.py:188} INFO - [2026-07-21T18:30:07.340+0000] {dag.py:3823} INFO - Setting next_dagrun for example_skip_dag to 2026-07-20 00:00:00+00:00, run_after=2026-07-21 00:00:00+00:00
[2026-07-21T18:30:07.368+0000] {processor.py:183} INFO - Processing /home/airflow/.local/lib/python3.8/site-packages/airflow/example_dags/example_skip_dag.py took 0.091 seconds
[2026-07-21T18:30:37.660+0000] {processor.py:161} INFO - Started process (PID=2450) to work on /home/airflow/.local/lib/python3.8/site-packages/airflow/example_dags/example_skip_dag.py
[2026-07-21T18:30:37.661+0000] {processor.py:830} INFO - Processing file /home/airflow/.local/lib/python3.8/site-packages/airflow/example_dags/example_skip_dag.py for tasks to queue
[2026-07-21T18:30:37.663+0000] {logging_mixin.py:188} INFO - [2026-07-21T18:30:37.663+0000] {dagbag.py:538} INFO - Filling up the DagBag from /home/airflow/.local/lib/python3.8/site-packages/airflow/example_dags/example_skip_dag.py
[2026-07-21T18:30:37.670+0000] {processor.py:840} INFO - DAG(s) 'example_skip_dag' retrieved from /home/airflow/.local/lib/python3.8/site-packages/airflow/example_dags/example_skip_dag.py
[2026-07-21T18:30:37.692+0000] {logging_mixin.py:188} INFO - [2026-07-21T18:30:37.692+0000] {dag.py:3036} INFO - Sync 1 DAGs
[2026-07-21T18:30:37.712+0000] {logging_mixin.py:188} INFO - [2026-07-21T18:30:37.712+0000] {dag.py:3823} INFO - Setting next_dagrun for example_skip_dag to 2026-07-20 00:00:00+00:00, run_after=2026-07-21 00:00:00+00:00
[2026-07-21T18:30:37.732+0000] {processor.py:183} INFO - Processing /home/airflow/.local/lib/python3.8/site-packages/airflow/example_dags/example_skip_dag.py took 0.075 seconds
[2026-07-21T18:31:08.038+0000] {processor.py:161} INFO - Started process (PID=2506) to work on /home/airflow/.local/lib/python3.8/site-packages/airflow/example_dags/example_skip_dag.py
[2026-07-21T18:31:08.039+0000] {processor.py:830} INFO - Processing file /home/airflow/.local/lib/python3.8/site-packages/airflow/example_dags/example_skip_dag.py for tasks to queue
[2026-07-21T18:31:08.041+0000] {logging_mixin.py:188} INFO - [2026-07-21T18:31:08.040+0000] {dagbag.py:538} INFO - Filling up the DagBag from /home/airflow/.local/lib/python3.8/site-packages/airflow/example_dags/example_skip_dag.py
[2026-07-21T18:31:08.048+0000] {processor.py:840} INFO - DAG(s) 'example_skip_dag' retrieved from /home/airflow/.local/lib/python3.8/site-packages/airflow/example_dags/example_skip_dag.py
[2026-07-21T18:31:08.075+0000] {logging_mixin.py:188} INFO - [2026-07-21T18:31:08.075+0000] {dag.py:3036} INFO - Sync 1 DAGs
[2026-07-21T18:31:08.099+0000] {logging_mixin.py:188} INFO - [2026-07-21T18:31:08.099+0000] {dag.py:3823} INFO - Setting next_dagrun for example_skip_dag to 2026-07-20 00:00:00+00:00, run_after=2026-07-21 00:00:00+00:00
[2026-07-21T18:31:08.128+0000] {processor.py:183} INFO - Processing /home/airflow/.local/lib/python3.8/site-packages/airflow/example_dags/example_skip_dag.py took 0.094 seconds
[2026-07-21T18:34:09.744+0000] {processor.py:161} INFO - Started process (PID=53) to work on /home/airflow/.local/lib/python3.10/site-packages/airflow/example_dags/example_skip_dag.py
[2026-07-21T18:34:09.749+0000] {processor.py:830} INFO - Processing file /home/airflow/.local/lib/python3.10/site-packages/airflow/example_dags/example_skip_dag.py for tasks to queue
[2026-07-21T18:34:09.763+0000] {logging_mixin.py:188} INFO - [2026-07-21T18:34:09.761+0000] {dagbag.py:538} INFO - Filling up the DagBag from /home/airflow/.local/lib/python3.10/site-packages/airflow/example_dags/example_skip_dag.py
[2026-07-21T18:34:09.838+0000] {processor.py:840} INFO - DAG(s) 'example_skip_dag' retrieved from /home/airflow/.local/lib/python3.10/site-packages/airflow/example_dags/example_skip_dag.py
[2026-07-21T18:34:09.963+0000] {logging_mixin.py:188} INFO - [2026-07-21T18:34:09.963+0000] {dag.py:3036} INFO - Sync 1 DAGs
[2026-07-21T18:34:10.079+0000] {logging_mixin.py:188} INFO - [2026-07-21T18:34:10.078+0000] {dag.py:3823} INFO - Setting next_dagrun for example_skip_dag to 2026-07-20 00:00:00+00:00, run_after=2026-07-21 00:00:00+00:00
[2026-07-21T18:34:10.142+0000] {processor.py:183} INFO - Processing /home/airflow/.local/lib/python3.10/site-packages/airflow/example_dags/example_skip_dag.py took 0.422 seconds
[2026-07-21T18:34:40.878+0000] {processor.py:161} INFO - Started process (PID=109) to work on /home/airflow/.local/lib/python3.10/site-packages/airflow/example_dags/example_skip_dag.py
[2026-07-21T18:34:40.892+0000] {processor.py:830} INFO - Processing file /home/airflow/.local/lib/python3.10/site-packages/airflow/example_dags/example_skip_dag.py for tasks to queue
[2026-07-21T18:34:40.907+0000] {logging_mixin.py:188} INFO - [2026-07-21T18:34:40.906+0000] {dagbag.py:538} INFO - Filling up the DagBag from /home/airflow/.local/lib/python3.10/site-packages/airflow/example_dags/example_skip_dag.py
[2026-07-21T18:34:40.977+0000] {processor.py:840} INFO - DAG(s) 'example_skip_dag' retrieved from /home/airflow/.local/lib/python3.10/site-packages/airflow/example_dags/example_skip_dag.py
[2026-07-21T18:34:41.302+0000] {logging_mixin.py:188} INFO - [2026-07-21T18:34:41.302+0000] {dag.py:3036} INFO - Sync 1 DAGs
[2026-07-21T18:34:41.330+0000] {logging_mixin.py:188} INFO - [2026-07-21T18:34:41.330+0000] {dag.py:3823} INFO - Setting next_dagrun for example_skip_dag to 2026-07-20 00:00:00+00:00, run_after=2026-07-21 00:00:00+00:00
[2026-07-21T18:34:41.369+0000] {processor.py:183} INFO - Processing /home/airflow/.local/lib/python3.10/site-packages/airflow/example_dags/example_skip_dag.py took 0.539 seconds
[2026-07-21T18:35:11.907+0000] {processor.py:161} INFO - Started process (PID=165) to work on /home/airflow/.local/lib/python3.10/site-packages/airflow/example_dags/example_skip_dag.py
[2026-07-21T18:35:11.908+0000] {processor.py:830} INFO - Processing file /home/airflow/.local/lib/python3.10/site-packages/airflow/example_dags/example_skip_dag.py for tasks to queue
[2026-07-21T18:35:11.911+0000] {logging_mixin.py:188} INFO - [2026-07-21T18:35:11.911+0000] {dagbag.py:538} INFO - Filling up the DagBag from /home/airflow/.local/lib/python3.10/site-packages/airflow/example_dags/example_skip_dag.py
[2026-07-21T18:35:11.920+0000] {processor.py:840} INFO - DAG(s) 'example_skip_dag' retrieved from /home/airflow/.local/lib/python3.10/site-packages/airflow/example_dags/example_skip_dag.py
[2026-07-21T18:35:11.944+0000] {logging_mixin.py:188} INFO - [2026-07-21T18:35:11.944+0000] {dag.py:3036} INFO - Sync 1 DAGs
[2026-07-21T18:35:11.966+0000] {logging_mixin.py:188} INFO - [2026-07-21T18:35:11.966+0000] {dag.py:3823} INFO - Setting next_dagrun for example_skip_dag to 2026-07-20 00:00:00+00:00, run_after=2026-07-21 00:00:00+00:00
[2026-07-21T18:35:11.985+0000] {processor.py:183} INFO - Processing /home/airflow/.local/lib/python3.10/site-packages/airflow/example_dags/example_skip_dag.py took 0.084 seconds
[2026-07-21T18:35:42.123+0000] {processor.py:161} INFO - Started process (PID=221) to work on /home/airflow/.local/lib/python3.10/site-packages/airflow/example_dags/example_skip_dag.py
[2026-07-21T18:35:42.126+0000] {processor.py:830} INFO - Processing file /home/airflow/.local/lib/python3.10/site-packages/airflow/example_dags/example_skip_dag.py for tasks to queue
[2026-07-21T18:35:42.131+0000] {logging_mixin.py:188} INFO - [2026-07-21T18:35:42.130+0000] {dagbag.py:538} INFO - Filling up the DagBag from /home/airflow/.local/lib/python3.10/site-packages/airflow/example_dags/example_skip_dag.py
[2026-07-21T18:35:42.150+0000] {processor.py:840} INFO - DAG(s) 'example_skip_dag' retrieved from /home/airflow/.local/lib/python3.10/site-packages/airflow/example_dags/example_skip_dag.py
[2026-07-21T18:35:42.208+0000] {logging_mixin.py:188} INFO - [2026-07-21T18:35:42.207+0000] {dag.py:3036} INFO - Sync 1 DAGs
[2026-07-21T18:35:42.237+0000] {logging_mixin.py:188} INFO - [2026-07-21T18:35:42.237+0000] {dag.py:3823} INFO - Setting next_dagrun for example_skip_dag to 2026-07-20 00:00:00+00:00, run_after=2026-07-21 00:00:00+00:00
[2026-07-21T18:35:42.262+0000] {processor.py:183} INFO - Processing /home/airflow/.local/lib/python3.10/site-packages/airflow/example_dags/example_skip_dag.py took 0.150 seconds
[2026-07-21T18:36:12.558+0000] {processor.py:161} INFO - Started process (PID=277) to work on /home/airflow/.local/lib/python3.10/site-packages/airflow/example_dags/example_skip_dag.py
[2026-07-21T18:36:12.559+0000] {processor.py:830} INFO - Processing file /home/airflow/.local/lib/python3.10/site-packages/airflow/example_dags/example_skip_dag.py for tasks to queue
[2026-07-21T18:36:12.562+0000] {logging_mixin.py:188} INFO - [2026-07-21T18:36:12.562+0000] {dagbag.py:538} INFO - Filling up the DagBag from /home/airflow/.local/lib/python3.10/site-packages/airflow/example_dags/example_skip_dag.py
[2026-07-21T18:36:12.571+0000] {processor.py:840} INFO - DAG(s) 'example_skip_dag' retrieved from /home/airflow/.local/lib/python3.10/site-packages/airflow/example_dags/example_skip_dag.py
[2026-07-21T18:36:12.597+0000] {logging_mixin.py:188} INFO - [2026-07-21T18:36:12.596+0000] {dag.py:3036} INFO - Sync 1 DAGs
[2026-07-21T18:36:12.618+0000] {logging_mixin.py:188} INFO - [2026-07-21T18:36:12.618+0000] {dag.py:3823} INFO - Setting next_dagrun for example_skip_dag to 2026-07-20 00:00:00+00:00, run_after=2026-07-21 00:00:00+00:00
[2026-07-21T18:36:12.645+0000] {processor.py:183} INFO - Processing /home/airflow/.local/lib/python3.10/site-packages/airflow/example_dags/example_skip_dag.py took 0.092 seconds
[2026-07-21T18:36:43.236+0000] {processor.py:161} INFO - Started process (PID=339) to work on /home/airflow/.local/lib/python3.10/site-packages/airflow/example_dags/example_skip_dag.py
[2026-07-21T18:36:43.237+0000] {processor.py:830} INFO - Processing file /home/airflow/.local/lib/python3.10/site-packages/airflow/example_dags/example_skip_dag.py for tasks to queue
[2026-07-21T18:36:43.239+0000] {logging_mixin.py:188} INFO - [2026-07-21T18:36:43.239+0000] {dagbag.py:538} INFO - Filling up the DagBag from /home/airflow/.local/lib/python3.10/site-packages/airflow/example_dags/example_skip_dag.py
[2026-07-21T18:36:43.246+0000] {processor.py:840} INFO - DAG(s) 'example_skip_dag' retrieved from /home/airflow/.local/lib/python3.10/site-packages/airflow/example_dags/example_skip_dag.py
[2026-07-21T18:36:43.271+0000] {logging_mixin.py:188} INFO - [2026-07-21T18:36:43.271+0000] {dag.py:3036} INFO - Sync 1 DAGs
[2026-07-21T18:36:43.294+0000] {logging_mixin.py:188} INFO - [2026-07-21T18:36:43.294+0000] {dag.py:3823} INFO - Setting next_dagrun for example_skip_dag to 2026-07-20 00:00:00+00:00, run_after=2026-07-21 00:00:00+00:00
[2026-07-21T18:36:43.323+0000] {processor.py:183} INFO - Processing /home/airflow/.local/lib/python3.10/site-packages/airflow/example_dags/example_skip_dag.py took 0.090 seconds
[2026-07-21T18:37:13.497+0000] {processor.py:161} INFO - Started process (PID=395) to work on /home/airflow/.local/lib/python3.10/site-packages/airflow/example_dags/example_skip_dag.py
[2026-07-21T18:37:13.498+0000] {processor.py:830} INFO - Processing file /home/airflow/.local/lib/python3.10/site-packages/airflow/example_dags/example_skip_dag.py for tasks to queue
[2026-07-21T18:37:13.500+0000] {logging_mixin.py:188} INFO - [2026-07-21T18:37:13.500+0000] {dagbag.py:538} INFO - Filling up the DagBag from /home/airflow/.local/lib/python3.10/site-packages/airflow/example_dags/example_skip_dag.py
[2026-07-21T18:37:13.509+0000] {processor.py:840} INFO - DAG(s) 'example_skip_dag' retrieved from /home/airflow/.local/lib/python3.10/site-packages/airflow/example_dags/example_skip_dag.py
[2026-07-21T18:37:13.535+0000] {logging_mixin.py:188} INFO - [2026-07-21T18:37:13.535+0000] {dag.py:3036} INFO - Sync 1 DAGs
[2026-07-21T18:37:13.557+0000] {logging_mixin.py:188} INFO - [2026-07-21T18:37:13.557+0000] {dag.py:3823} INFO - Setting next_dagrun for example_skip_dag to 2026-07-20 00:00:00+00:00, run_after=2026-07-21 00:00:00+00:00
[2026-07-21T18:37:13.588+0000] {processor.py:183} INFO - Processing /home/airflow/.local/lib/python3.10/site-packages/airflow/example_dags/example_skip_dag.py took 0.094 seconds
[2026-07-21T18:37:43.929+0000] {processor.py:161} INFO - Started process (PID=451) to work on /home/airflow/.local/lib/python3.10/site-packages/airflow/example_dags/example_skip_dag.py
[2026-07-21T18:37:43.930+0000] {processor.py:830} INFO - Processing file /home/airflow/.local/lib/python3.10/site-packages/airflow/example_dags/example_skip_dag.py for tasks to queue
[2026-07-21T18:37:43.932+0000] {logging_mixin.py:188} INFO - [2026-07-21T18:37:43.932+0000] {dagbag.py:538} INFO - Filling up the DagBag from /home/airflow/.local/lib/python3.10/site-packages/airflow/example_dags/example_skip_dag.py
[2026-07-21T18:37:43.939+0000] {processor.py:840} INFO - DAG(s) 'example_skip_dag' retrieved from /home/airflow/.local/lib/python3.10/site-packages/airflow/example_dags/example_skip_dag.py
[2026-07-21T18:37:43.961+0000] {logging_mixin.py:188} INFO - [2026-07-21T18:37:43.961+0000] {dag.py:3036} INFO - Sync 1 DAGs
[2026-07-21T18:37:43.978+0000] {logging_mixin.py:188} INFO - [2026-07-21T18:37:43.978+0000] {dag.py:3823} INFO - Setting next_dagrun for example_skip_dag to 2026-07-20 00:00:00+00:00, run_after=2026-07-21 00:00:00+00:00
[2026-07-21T18:37:44.005+0000] {processor.py:183} INFO - Processing /home/airflow/.local/lib/python3.10/site-packages/airflow/example_dags/example_skip_dag.py took 0.079 seconds
[2026-07-21T18:38:14.457+0000] {processor.py:161} INFO - Started process (PID=507) to work on /home/airflow/.local/lib/python3.10/site-packages/airflow/example_dags/example_skip_dag.py
[2026-07-21T18:38:14.458+0000] {processor.py:830} INFO - Processing file /home/airflow/.local/lib/python3.10/site-packages/airflow/example_dags/example_skip_dag.py for tasks to queue
[2026-07-21T18:38:14.461+0000] {logging_mixin.py:188} INFO - [2026-07-21T18:38:14.460+0000] {dagbag.py:538} INFO - Filling up the DagBag from /home/airflow/.local/lib/python3.10/site-packages/airflow/example_dags/example_skip_dag.py
[2026-07-21T18:38:14.470+0000] {processor.py:840} INFO - DAG(s) 'example_skip_dag' retrieved from /home/airflow/.local/lib/python3.10/site-packages/airflow/example_dags/example_skip_dag.py
[2026-07-21T18:38:14.496+0000] {logging_mixin.py:188} INFO - [2026-07-21T18:38:14.496+0000] {dag.py:3036} INFO - Sync 1 DAGs
[2026-07-21T18:38:14.517+0000] {logging_mixin.py:188} INFO - [2026-07-21T18:38:14.517+0000] {dag.py:3823} INFO - Setting next_dagrun for example_skip_dag to 2026-07-20 00:00:00+00:00, run_after=2026-07-21 00:00:00+00:00
[2026-07-21T18:38:14.535+0000] {processor.py:183} INFO - Processing /home/airflow/.local/lib/python3.10/site-packages/airflow/example_dags/example_skip_dag.py took 0.082 seconds
[2026-07-21T18:38:44.852+0000] {processor.py:161} INFO - Started process (PID=563) to work on /home/airflow/.local/lib/python3.10/site-packages/airflow/example_dags/example_skip_dag.py
[2026-07-21T18:38:44.853+0000] {processor.py:830} INFO - Processing file /home/airflow/.local/lib/python3.10/site-packages/airflow/example_dags/example_skip_dag.py for tasks to queue
[2026-07-21T18:38:44.855+0000] {logging_mixin.py:188} INFO - [2026-07-21T18:38:44.854+0000] {dagbag.py:538} INFO - Filling up the DagBag from /home/airflow/.local/lib/python3.10/site-packages/airflow/example_dags/example_skip_dag.py
[2026-07-21T18:38:44.861+0000] {processor.py:840} INFO - DAG(s) 'example_skip_dag' retrieved from /home/airflow/.local/lib/python3.10/site-packages/airflow/example_dags/example_skip_dag.py
[2026-07-21T18:38:44.886+0000] {logging_mixin.py:188} INFO - [2026-07-21T18:38:44.886+0000] {dag.py:3036} INFO - Sync 1 DAGs
[2026-07-21T18:38:44.907+0000] {logging_mixin.py:188} INFO - [2026-07-21T18:38:44.907+0000] {dag.py:3823} INFO - Setting next_dagrun for example_skip_dag to 2026-07-20 00:00:00+00:00, run_after=2026-07-21 00:00:00+00:00
[2026-07-21T18:38:44.928+0000] {processor.py:183} INFO - Processing /home/airflow/.local/lib/python3.10/site-packages/airflow/example_dags/example_skip_dag.py took 0.080 seconds
[2026-07-21T18:39:15.126+0000] {processor.py:161} INFO - Started process (PID=619) to work on /home/airflow/.local/lib/python3.10/site-packages/airflow/example_dags/example_skip_dag.py
[2026-07-21T18:39:15.127+0000] {processor.py:830} INFO - Processing file /home/airflow/.local/lib/python3.10/site-packages/airflow/example_dags/example_skip_dag.py for tasks to queue
[2026-07-21T18:39:15.129+0000] {logging_mixin.py:188} INFO - [2026-07-21T18:39:15.129+0000] {dagbag.py:538} INFO - Filling up the DagBag from /home/airflow/.local/lib/python3.10/site-packages/airflow/example_dags/example_skip_dag.py
[2026-07-21T18:39:15.137+0000] {processor.py:840} INFO - DAG(s) 'example_skip_dag' retrieved from /home/airflow/.local/lib/python3.10/site-packages/airflow/example_dags/example_skip_dag.py
[2026-07-21T18:39:15.160+0000] {logging_mixin.py:188} INFO - [2026-07-21T18:39:15.160+0000] {dag.py:3036} INFO - Sync 1 DAGs
[2026-07-21T18:39:15.181+0000] {logging_mixin.py:188} INFO - [2026-07-21T18:39:15.181+0000] {dag.py:3823} INFO - Setting next_dagrun for example_skip_dag to 2026-07-20 00:00:00+00:00, run_after=2026-07-21 00:00:00+00:00
[2026-07-21T18:39:15.205+0000] {processor.py:183} INFO - Processing /home/airflow/.local/lib/python3.10/site-packages/airflow/example_dags/example_skip_dag.py took 0.083 seconds
[2026-07-21T18:39:45.363+0000] {processor.py:161} INFO - Started process (PID=675) to work on /home/airflow/.local/lib/python3.10/site-packages/airflow/example_dags/example_skip_dag.py
[2026-07-21T18:39:45.364+0000] {processor.py:830} INFO - Processing file /home/airflow/.local/lib/python3.10/site-packages/airflow/example_dags/example_skip_dag.py for tasks to queue
[2026-07-21T18:39:45.366+0000] {logging_mixin.py:188} INFO - [2026-07-21T18:39:45.366+0000] {dagbag.py:538} INFO - Filling up the DagBag from /home/airflow/.local/lib/python3.10/site-packages/airflow/example_dags/example_skip_dag.py
[2026-07-21T18:39:45.373+0000] {processor.py:840} INFO - DAG(s) 'example_skip_dag' retrieved from /home/airflow/.local/lib/python3.10/site-packages/airflow/example_dags/example_skip_dag.py
[2026-07-21T18:39:45.398+0000] {logging_mixin.py:188} INFO - [2026-07-21T18:39:45.398+0000] {dag.py:3036} INFO - Sync 1 DAGs
[2026-07-21T18:39:45.420+0000] {logging_mixin.py:188} INFO - [2026-07-21T18:39:45.420+0000] {dag.py:3823} INFO - Setting next_dagrun for example_skip_dag to 2026-07-20 00:00:00+00:00, run_after=2026-07-21 00:00:00+00:00
[2026-07-21T18:39:45.448+0000] {processor.py:183} INFO - Processing /home/airflow/.local/lib/python3.10/site-packages/airflow/example_dags/example_skip_dag.py took 0.089 seconds
[2026-07-21T18:40:15.920+0000] {processor.py:161} INFO - Started process (PID=731) to work on /home/airflow/.local/lib/python3.10/site-packages/airflow/example_dags/example_skip_dag.py
[2026-07-21T18:40:15.921+0000] {processor.py:830} INFO - Processing file /home/airflow/.local/lib/python3.10/site-packages/airflow/example_dags/example_skip_dag.py for tasks to queue
[2026-07-21T18:40:15.924+0000] {logging_mixin.py:188} INFO - [2026-07-21T18:40:15.923+0000] {dagbag.py:538} INFO - Filling up the DagBag from /home/airflow/.local/lib/python3.10/site-packages/airflow/example_dags/example_skip_dag.py
[2026-07-21T18:40:15.933+0000] {processor.py:840} INFO - DAG(s) 'example_skip_dag' retrieved from /home/airflow/.local/lib/python3.10/site-packages/airflow/example_dags/example_skip_dag.py
[2026-07-21T18:40:15.960+0000] {logging_mixin.py:188} INFO - [2026-07-21T18:40:15.959+0000] {dag.py:3036} INFO - Sync 1 DAGs
[2026-07-21T18:40:15.982+0000] {logging_mixin.py:188} INFO - [2026-07-21T18:40:15.982+0000] {dag.py:3823} INFO - Setting next_dagrun for example_skip_dag to 2026-07-20 00:00:00+00:00, run_after=2026-07-21 00:00:00+00:00
[2026-07-21T18:40:16.011+0000] {processor.py:183} INFO - Processing /home/airflow/.local/lib/python3.10/site-packages/airflow/example_dags/example_skip_dag.py took 0.095 seconds
[2026-07-21T18:40:46.078+0000] {processor.py:161} INFO - Started process (PID=787) to work on /home/airflow/.local/lib/python3.10/site-packages/airflow/example_dags/example_skip_dag.py
[2026-07-21T18:40:46.079+0000] {processor.py:830} INFO - Processing file /home/airflow/.local/lib/python3.10/site-packages/airflow/example_dags/example_skip_dag.py for tasks to queue
[2026-07-21T18:40:46.081+0000] {logging_mixin.py:188} INFO - [2026-07-21T18:40:46.081+0000] {dagbag.py:538} INFO - Filling up the DagBag from /home/airflow/.local/lib/python3.10/site-packages/airflow/example_dags/example_skip_dag.py
[2026-07-21T18:40:46.087+0000] {processor.py:840} INFO - DAG(s) 'example_skip_dag' retrieved from /home/airflow/.local/lib/python3.10/site-packages/airflow/example_dags/example_skip_dag.py
[2026-07-21T18:40:46.109+0000] {logging_mixin.py:188} INFO - [2026-07-21T18:40:46.109+0000] {dag.py:3036} INFO - Sync 1 DAGs
[2026-07-21T18:40:46.127+0000] {logging_mixin.py:188} INFO - [2026-07-21T18:40:46.127+0000] {dag.py:3823} INFO - Setting next_dagrun for example_skip_dag to 2026-07-20 00:00:00+00:00, run_after=2026-07-21 00:00:00+00:00
[2026-07-21T18:40:46.148+0000] {processor.py:183} INFO - Processing /home/airflow/.local/lib/python3.10/site-packages/airflow/example_dags/example_skip_dag.py took 0.074 seconds
[2026-07-21T18:41:16.518+0000] {processor.py:161} INFO - Started process (PID=843) to work on /home/airflow/.local/lib/python3.10/site-packages/airflow/example_dags/example_skip_dag.py
[2026-07-21T18:41:16.519+0000] {processor.py:830} INFO - Processing file /home/airflow/.local/lib/python3.10/site-packages/airflow/example_dags/example_skip_dag.py for tasks to queue
[2026-07-21T18:41:16.522+0000] {logging_mixin.py:188} INFO - [2026-07-21T18:41:16.522+0000] {dagbag.py:538} INFO - Filling up the DagBag from /home/airflow/.local/lib/python3.10/site-packages/airflow/example_dags/example_skip_dag.py
[2026-07-21T18:41:16.531+0000] {processor.py:840} INFO - DAG(s) 'example_skip_dag' retrieved from /home/airflow/.local/lib/python3.10/site-packages/airflow/example_dags/example_skip_dag.py
[2026-07-21T18:41:16.560+0000] {logging_mixin.py:188} INFO - [2026-07-21T18:41:16.560+0000] {dag.py:3036} INFO - Sync 1 DAGs
[2026-07-21T18:41:16.583+0000] {logging_mixin.py:188} INFO - [2026-07-21T18:41:16.583+0000] {dag.py:3823} INFO - Setting next_dagrun for example_skip_dag to 2026-07-20 00:00:00+00:00, run_after=2026-07-21 00:00:00+00:00
[2026-07-21T18:41:16.613+0000] {processor.py:183} INFO - Processing /home/airflow/.local/lib/python3.10/site-packages/airflow/example_dags/example_skip_dag.py took 0.101 seconds
[2026-07-21T18:41:46.770+0000] {processor.py:161} INFO - Started process (PID=899) to work on /home/airflow/.local/lib/python3.10/site-packages/airflow/example_dags/example_skip_dag.py
[2026-07-21T18:41:46.771+0000] {processor.py:830} INFO - Processing file /home/airflow/.local/lib/python3.10/site-packages/airflow/example_dags/example_skip_dag.py for tasks to queue
[2026-07-21T18:41:46.773+0000] {logging_mixin.py:188} INFO - [2026-07-21T18:41:46.773+0000] {dagbag.py:538} INFO - Filling up the DagBag from /home/airflow/.local/lib/python3.10/site-packages/airflow/example_dags/example_skip_dag.py
[2026-07-21T18:41:46.780+0000] {processor.py:840} INFO - DAG(s) 'example_skip_dag' retrieved from /home/airflow/.local/lib/python3.10/site-packages/airflow/example_dags/example_skip_dag.py
[2026-07-21T18:41:46.803+0000] {logging_mixin.py:188} INFO - [2026-07-21T18:41:46.803+0000] {dag.py:3036} INFO - Sync 1 DAGs
[2026-07-21T18:41:46.826+0000] {logging_mixin.py:188} INFO - [2026-07-21T18:41:46.826+0000] {dag.py:3823} INFO - Setting next_dagrun for example_skip_dag to 2026-07-20 00:00:00+00:00, run_after=2026-07-21 00:00:00+00:00
[2026-07-21T18:41:46.849+0000] {processor.py:183} INFO - Processing /home/airflow/.local/lib/python3.10/site-packages/airflow/example_dags/example_skip_dag.py took 0.083 seconds
[2026-07-21T18:42:17.050+0000] {processor.py:161} INFO - Started process (PID=955) to work on /home/airflow/.local/lib/python3.10/site-packages/airflow/example_dags/example_skip_dag.py
[2026-07-21T18:42:17.051+0000] {processor.py:830} INFO - Processing file /home/airflow/.local/lib/python3.10/site-packages/airflow/example_dags/example_skip_dag.py for tasks to queue
[2026-07-21T18:42:17.054+0000] {logging_mixin.py:188} INFO - [2026-07-21T18:42:17.054+0000] {dagbag.py:538} INFO - Filling up the DagBag from /home/airflow/.local/lib/python3.10/site-packages/airflow/example_dags/example_skip_dag.py
[2026-07-21T18:42:17.060+0000] {processor.py:840} INFO - DAG(s) 'example_skip_dag' retrieved from /home/airflow/.local/lib/python3.10/site-packages/airflow/example_dags/example_skip_dag.py
[2026-07-21T18:42:17.081+0000] {logging_mixin.py:188} INFO - [2026-07-21T18:42:17.081+0000] {dag.py:3036} INFO - Sync 1 DAGs
[2026-07-21T18:42:17.100+0000] {logging_mixin.py:188} INFO - [2026-07-21T18:42:17.100+0000] {dag.py:3823} INFO - Setting next_dagrun for example_skip_dag to 2026-07-20 00:00:00+00:00, run_after=2026-07-21 00:00:00+00:00
[2026-07-21T18:42:17.118+0000] {processor.py:183} INFO - Processing /home/airflow/.local/lib/python3.10/site-packages/airflow/example_dags/example_skip_dag.py took 0.072 seconds
[2026-07-21T18:42:47.329+0000] {processor.py:161} INFO - Started process (PID=1012) to work on /home/airflow/.local/lib/python3.10/site-packages/airflow/example_dags/example_skip_dag.py
[2026-07-21T18:42:47.330+0000] {processor.py:830} INFO - Processing file /home/airflow/.local/lib/python3.10/site-packages/airflow/example_dags/example_skip_dag.py for tasks to queue
[2026-07-21T18:42:47.333+0000] {logging_mixin.py:188} INFO - [2026-07-21T18:42:47.332+0000] {dagbag.py:538} INFO - Filling up the DagBag from /home/airflow/.local/lib/python3.10/site-packages/airflow/example_dags/example_skip_dag.py
[2026-07-21T18:42:47.339+0000] {processor.py:840} INFO - DAG(s) 'example_skip_dag' retrieved from /home/airflow/.local/lib/python3.10/site-packages/airflow/example_dags/example_skip_dag.py
[2026-07-21T18:42:47.361+0000] {logging_mixin.py:188} INFO - [2026-07-21T18:42:47.361+0000] {dag.py:3036} INFO - Sync 1 DAGs
[2026-07-21T18:42:47.380+0000] {logging_mixin.py:188} INFO - [2026-07-21T18:42:47.379+0000] {dag.py:3823} INFO - Setting next_dagrun for example_skip_dag to 2026-07-20 00:00:00+00:00, run_after=2026-07-21 00:00:00+00:00
[2026-07-21T18:42:47.398+0000] {processor.py:183} INFO - Processing /home/airflow/.local/lib/python3.10/site-packages/airflow/example_dags/example_skip_dag.py took 0.073 seconds
[2026-07-21T18:43:17.778+0000] {processor.py:161} INFO - Started process (PID=1068) to work on /home/airflow/.local/lib/python3.10/site-packages/airflow/example_dags/example_skip_dag.py
[2026-07-21T18:43:17.780+0000] {processor.py:830} INFO - Processing file /home/airflow/.local/lib/python3.10/site-packages/airflow/example_dags/example_skip_dag.py for tasks to queue
[2026-07-21T18:43:17.784+0000] {logging_mixin.py:188} INFO - [2026-07-21T18:43:17.784+0000] {dagbag.py:538} INFO - Filling up the DagBag from /home/airflow/.local/lib/python3.10/site-packages/airflow/example_dags/example_skip_dag.py
[2026-07-21T18:43:17.794+0000] {processor.py:840} INFO - DAG(s) 'example_skip_dag' retrieved from /home/airflow/.local/lib/python3.10/site-packages/airflow/example_dags/example_skip_dag.py
[2026-07-21T18:43:17.822+0000] {logging_mixin.py:188} INFO - [2026-07-21T18:43:17.822+0000] {dag.py:3036} INFO - Sync 1 DAGs
[2026-07-21T18:43:17.845+0000] {logging_mixin.py:188} INFO - [2026-07-21T18:43:17.845+0000] {dag.py:3823} INFO - Setting next_dagrun for example_skip_dag to 2026-07-20 00:00:00+00:00, run_after=2026-07-21 00:00:00+00:00
[2026-07-21T18:43:17.873+0000] {processor.py:183} INFO - Processing /home/airflow/.local/lib/python3.10/site-packages/airflow/example_dags/example_skip_dag.py took 0.101 seconds
[2026-07-21T18:43:48.226+0000] {processor.py:161} INFO - Started process (PID=1124) to work on /home/airflow/.local/lib/python3.10/site-packages/airflow/example_dags/example_skip_dag.py
[2026-07-21T18:43:48.227+0000] {processor.py:830} INFO - Processing file /home/airflow/.local/lib/python3.10/site-packages/airflow/example_dags/example_skip_dag.py for tasks to queue
[2026-07-21T18:43:48.230+0000] {logging_mixin.py:188} INFO - [2026-07-21T18:43:48.229+0000] {dagbag.py:538} INFO - Filling up the DagBag from /home/airflow/.local/lib/python3.10/site-packages/airflow/example_dags/example_skip_dag.py
[2026-07-21T18:43:48.236+0000] {processor.py:840} INFO - DAG(s) 'example_skip_dag' retrieved from /home/airflow/.local/lib/python3.10/site-packages/airflow/example_dags/example_skip_dag.py
[2026-07-21T18:43:48.265+0000] {logging_mixin.py:188} INFO - [2026-07-21T18:43:48.264+0000] {dag.py:3036} INFO - Sync 1 DAGs
[2026-07-21T18:43:48.282+0000] {logging_mixin.py:188} INFO - [2026-07-21T18:43:48.282+0000] {dag.py:3823} INFO - Setting next_dagrun for example_skip_dag to 2026-07-20 00:00:00+00:00, run_after=2026-07-21 00:00:00+00:00
[2026-07-21T18:43:48.299+0000] {processor.py:183} INFO - Processing /home/airflow/.local/lib/python3.10/site-packages/airflow/example_dags/example_skip_dag.py took 0.077 seconds
[2026-07-21T18:44:18.606+0000] {processor.py:161} INFO - Started process (PID=1180) to work on /home/airflow/.local/lib/python3.10/site-packages/airflow/example_dags/example_skip_dag.py
[2026-07-21T18:44:18.607+0000] {processor.py:830} INFO - Processing file /home/airflow/.local/lib/python3.10/site-packages/airflow/example_dags/example_skip_dag.py for tasks to queue
[2026-07-21T18:44:18.609+0000] {logging_mixin.py:188} INFO - [2026-07-21T18:44:18.609+0000] {dagbag.py:538} INFO - Filling up the DagBag from /home/airflow/.local/lib/python3.10/site-packages/airflow/example_dags/example_skip_dag.py
[2026-07-21T18:44:18.616+0000] {processor.py:840} INFO - DAG(s) 'example_skip_dag' retrieved from /home/airflow/.local/lib/python3.10/site-packages/airflow/example_dags/example_skip_dag.py
[2026-07-21T18:44:18.636+0000] {logging_mixin.py:188} INFO - [2026-07-21T18:44:18.636+0000] {dag.py:3036} INFO - Sync 1 DAGs
[2026-07-21T18:44:18.654+0000] {logging_mixin.py:188} INFO - [2026-07-21T18:44:18.654+0000] {dag.py:3823} INFO - Setting next_dagrun for example_skip_dag to 2026-07-20 00:00:00+00:00, run_after=2026-07-21 00:00:00+00:00
[2026-07-21T18:44:18.681+0000] {processor.py:183} INFO - Processing /home/airflow/.local/lib/python3.10/site-packages/airflow/example_dags/example_skip_dag.py took 0.078 seconds
[2026-07-21T18:44:48.934+0000] {processor.py:161} INFO - Started process (PID=1236) to work on /home/airflow/.local/lib/python3.10/site-packages/airflow/example_dags/example_skip_dag.py
[2026-07-21T18:44:48.935+0000] {processor.py:830} INFO - Processing file /home/airflow/.local/lib/python3.10/site-packages/airflow/example_dags/example_skip_dag.py for tasks to queue
[2026-07-21T18:44:48.938+0000] {logging_mixin.py:188} INFO - [2026-07-21T18:44:48.937+0000] {dagbag.py:538} INFO - Filling up the DagBag from /home/airflow/.local/lib/python3.10/site-packages/airflow/example_dags/example_skip_dag.py
[2026-07-21T18:44:48.944+0000] {processor.py:840} INFO - DAG(s) 'example_skip_dag' retrieved from /home/airflow/.local/lib/python3.10/site-packages/airflow/example_dags/example_skip_dag.py
[2026-07-21T18:44:48.965+0000] {logging_mixin.py:188} INFO - [2026-07-21T18:44:48.965+0000] {dag.py:3036} INFO - Sync 1 DAGs
[2026-07-21T18:44:48.983+0000] {logging_mixin.py:188} INFO - [2026-07-21T18:44:48.982+0000] {dag.py:3823} INFO - Setting next_dagrun for example_skip_dag to 2026-07-20 00:00:00+00:00, run_after=2026-07-21 00:00:00+00:00
[2026-07-21T18:44:49.008+0000] {processor.py:183} INFO - Processing /home/airflow/.local/lib/python3.10/site-packages/airflow/example_dags/example_skip_dag.py took 0.077 seconds
[2026-07-21T18:45:19.226+0000] {processor.py:161} INFO - Started process (PID=1292) to work on /home/airflow/.local/lib/python3.10/site-packages/airflow/example_dags/example_skip_dag.py
[2026-07-21T18:45:19.227+0000] {processor.py:830} INFO - Processing file /home/airflow/.local/lib/python3.10/site-packages/airflow/example_dags/example_skip_dag.py for tasks to queue
[2026-07-21T18:45:19.229+0000] {logging_mixin.py:188} INFO - [2026-07-21T18:45:19.228+0000] {dagbag.py:538} INFO - Filling up the DagBag from /home/airflow/.local/lib/python3.10/site-packages/airflow/example_dags/example_skip_dag.py
[2026-07-21T18:45:19.236+0000] {processor.py:840} INFO - DAG(s) 'example_skip_dag' retrieved from /home/airflow/.local/lib/python3.10/site-packages/airflow/example_dags/example_skip_dag.py
[2026-07-21T18:45:19.258+0000] {logging_mixin.py:188} INFO - [2026-07-21T18:45:19.258+0000] {dag.py:3036} INFO - Sync 1 DAGs
[2026-07-21T18:45:19.277+0000] {logging_mixin.py:188} INFO - [2026-07-21T18:45:19.277+0000] {dag.py:3823} INFO - Setting next_dagrun for example_skip_dag to 2026-07-20 00:00:00+00:00, run_after=2026-07-21 00:00:00+00:00
[2026-07-21T18:45:19.295+0000] {processor.py:183} INFO - Processing /home/airflow/.local/lib/python3.10/site-packages/airflow/example_dags/example_skip_dag.py took 0.073 seconds
[2026-07-21T18:45:49.752+0000] {processor.py:161} INFO - Started process (PID=1348) to work on /home/airflow/.local/lib/python3.10/site-packages/airflow/example_dags/example_skip_dag.py
[2026-07-21T18:45:49.753+0000] {processor.py:830} INFO - Processing file /home/airflow/.local/lib/python3.10/site-packages/airflow/example_dags/example_skip_dag.py for tasks to queue
[2026-07-21T18:45:49.755+0000] {logging_mixin.py:188} INFO - [2026-07-21T18:45:49.754+0000] {dagbag.py:538} INFO - Filling up the DagBag from /home/airflow/.local/lib/python3.10/site-packages/airflow/example_dags/example_skip_dag.py
[2026-07-21T18:45:49.761+0000] {processor.py:840} INFO - DAG(s) 'example_skip_dag' retrieved from /home/airflow/.local/lib/python3.10/site-packages/airflow/example_dags/example_skip_dag.py
[2026-07-21T18:45:49.783+0000] {logging_mixin.py:188} INFO - [2026-07-21T18:45:49.783+0000] {dag.py:3036} INFO - Sync 1 DAGs
[2026-07-21T18:45:49.801+0000] {logging_mixin.py:188} INFO - [2026-07-21T18:45:49.801+0000] {dag.py:3823} INFO - Setting next_dagrun for example_skip_dag to 2026-07-20 00:00:00+00:00, run_after=2026-07-21 00:00:00+00:00
[2026-07-21T18:45:49.819+0000] {processor.py:183} INFO - Processing /home/airflow/.local/lib/python3.10/site-packages/airflow/example_dags/example_skip_dag.py took 0.071 seconds
[2026-07-21T18:46:19.947+0000] {processor.py:161} INFO - Started process (PID=1404) to work on /home/airflow/.local/lib/python3.10/site-packages/airflow/example_dags/example_skip_dag.py
[2026-07-21T18:46:19.948+0000] {processor.py:830} INFO - Processing file /home/airflow/.local/lib/python3.10/site-packages/airflow/example_dags/example_skip_dag.py for tasks to queue
[2026-07-21T18:46:19.950+0000] {logging_mixin.py:188} INFO - [2026-07-21T18:46:19.950+0000] {dagbag.py:538} INFO - Filling up the DagBag from /home/airflow/.local/lib/python3.10/site-packages/airflow/example_dags/example_skip_dag.py
[2026-07-21T18:46:19.957+0000] {processor.py:840} INFO - DAG(s) 'example_skip_dag' retrieved from /home/airflow/.local/lib/python3.10/site-packages/airflow/example_dags/example_skip_dag.py
[2026-07-21T18:46:19.979+0000] {logging_mixin.py:188} INFO - [2026-07-21T18:46:19.979+0000] {dag.py:3036} INFO - Sync 1 DAGs
[2026-07-21T18:46:19.996+0000] {logging_mixin.py:188} INFO - [2026-07-21T18:46:19.996+0000] {dag.py:3823} INFO - Setting next_dagrun for example_skip_dag to 2026-07-20 00:00:00+00:00, run_after=2026-07-21 00:00:00+00:00
[2026-07-21T18:46:20.014+0000] {processor.py:183} INFO - Processing /home/airflow/.local/lib/python3.10/site-packages/airflow/example_dags/example_skip_dag.py took 0.070 seconds
[2026-07-21T18:46:50.214+0000] {processor.py:161} INFO - Started process (PID=1460) to work on /home/airflow/.local/lib/python3.10/site-packages/airflow/example_dags/example_skip_dag.py
[2026-07-21T18:46:50.215+0000] {processor.py:830} INFO - Processing file /home/airflow/.local/lib/python3.10/site-packages/airflow/example_dags/example_skip_dag.py for tasks to queue
[2026-07-21T18:46:50.217+0000] {logging_mixin.py:188} INFO - [2026-07-21T18:46:50.217+0000] {dagbag.py:538} INFO - Filling up the DagBag from /home/airflow/.local/lib/python3.10/site-packages/airflow/example_dags/example_skip_dag.py
[2026-07-21T18:46:50.224+0000] {processor.py:840} INFO - DAG(s) 'example_skip_dag' retrieved from /home/airflow/.local/lib/python3.10/site-packages/airflow/example_dags/example_skip_dag.py
[2026-07-21T18:46:50.244+0000] {logging_mixin.py:188} INFO - [2026-07-21T18:46:50.244+0000] {dag.py:3036} INFO - Sync 1 DAGs
[2026-07-21T18:46:50.263+0000] {logging_mixin.py:188} INFO - [2026-07-21T18:46:50.262+0000] {dag.py:3823} INFO - Setting next_dagrun for example_skip_dag to 2026-07-20 00:00:00+00:00, run_after=2026-07-21 00:00:00+00:00
[2026-07-21T18:46:50.280+0000] {processor.py:183} INFO - Processing /home/airflow/.local/lib/python3.10/site-packages/airflow/example_dags/example_skip_dag.py took 0.070 seconds
[2026-07-21T18:47:20.454+0000] {processor.py:161} INFO - Started process (PID=1516) to work on /home/airflow/.local/lib/python3.10/site-packages/airflow/example_dags/example_skip_dag.py
[2026-07-21T18:47:20.455+0000] {processor.py:830} INFO - Processing file /home/airflow/.local/lib/python3.10/site-packages/airflow/example_dags/example_skip_dag.py for tasks to queue
[2026-07-21T18:47:20.457+0000] {logging_mixin.py:188} INFO - [2026-07-21T18:47:20.457+0000] {dagbag.py:538} INFO - Filling up the DagBag from /home/airflow/.local/lib/python3.10/site-packages/airflow/example_dags/example_skip_dag.py
[2026-07-21T18:47:20.463+0000] {processor.py:840} INFO - DAG(s) 'example_skip_dag' retrieved from /home/airflow/.local/lib/python3.10/site-packages/airflow/example_dags/example_skip_dag.py
[2026-07-21T18:47:20.485+0000] {logging_mixin.py:188} INFO - [2026-07-21T18:47:20.484+0000] {dag.py:3036} INFO - Sync 1 DAGs
[2026-07-21T18:47:20.503+0000] {logging_mixin.py:188} INFO - [2026-07-21T18:47:20.502+0000] {dag.py:3823} INFO - Setting next_dagrun for example_skip_dag to 2026-07-20 00:00:00+00:00, run_after=2026-07-21 00:00:00+00:00
[2026-07-21T18:47:20.522+0000] {processor.py:183} INFO - Processing /home/airflow/.local/lib/python3.10/site-packages/airflow/example_dags/example_skip_dag.py took 0.072 seconds
[2026-07-21T18:47:50.811+0000] {processor.py:161} INFO - Started process (PID=1570) to work on /home/airflow/.local/lib/python3.10/site-packages/airflow/example_dags/example_skip_dag.py
[2026-07-21T18:47:50.812+0000] {processor.py:830} INFO - Processing file /home/airflow/.local/lib/python3.10/site-packages/airflow/example_dags/example_skip_dag.py for tasks to queue
[2026-07-21T18:47:50.815+0000] {logging_mixin.py:188} INFO - [2026-07-21T18:47:50.815+0000] {dagbag.py:538} INFO - Filling up the DagBag from /home/airflow/.local/lib/python3.10/site-packages/airflow/example_dags/example_skip_dag.py
[2026-07-21T18:47:50.823+0000] {processor.py:840} INFO - DAG(s) 'example_skip_dag' retrieved from /home/airflow/.local/lib/python3.10/site-packages/airflow/example_dags/example_skip_dag.py
[2026-07-21T18:47:50.844+0000] {logging_mixin.py:188} INFO - [2026-07-21T18:47:50.844+0000] {dag.py:3036} INFO - Sync 1 DAGs
[2026-07-21T18:47:50.863+0000] {logging_mixin.py:188} INFO - [2026-07-21T18:47:50.863+0000] {dag.py:3823} INFO - Setting next_dagrun for example_skip_dag to 2026-07-20 00:00:00+00:00, run_after=2026-07-21 00:00:00+00:00
[2026-07-21T18:47:50.881+0000] {processor.py:183} INFO - Processing /home/airflow/.local/lib/python3.10/site-packages/airflow/example_dags/example_skip_dag.py took 0.074 seconds
[2026-07-21T18:48:21.454+0000] {processor.py:161} INFO - Started process (PID=1626) to work on /home/airflow/.local/lib/python3.10/site-packages/airflow/example_dags/example_skip_dag.py
[2026-07-21T18:48:21.455+0000] {processor.py:830} INFO - Processing file /home/airflow/.local/lib/python3.10/site-packages/airflow/example_dags/example_skip_dag.py for tasks to queue
[2026-07-21T18:48:21.458+0000] {logging_mixin.py:188} INFO - [2026-07-21T18:48:21.458+0000] {dagbag.py:538} INFO - Filling up the DagBag from /home/airflow/.local/lib/python3.10/site-packages/airflow/example_dags/example_skip_dag.py
[2026-07-21T18:48:21.466+0000] {processor.py:840} INFO - DAG(s) 'example_skip_dag' retrieved from /home/airflow/.local/lib/python3.10/site-packages/airflow/example_dags/example_skip_dag.py
[2026-07-21T18:48:21.491+0000] {logging_mixin.py:188} INFO - [2026-07-21T18:48:21.491+0000] {dag.py:3036} INFO - Sync 1 DAGs
[2026-07-21T18:48:21.512+0000] {logging_mixin.py:188} INFO - [2026-07-21T18:48:21.512+0000] {dag.py:3823} INFO - Setting next_dagrun for example_skip_dag to 2026-07-20 00:00:00+00:00, run_after=2026-07-21 00:00:00+00:00
[2026-07-21T18:48:21.532+0000] {processor.py:183} INFO - Processing /home/airflow/.local/lib/python3.10/site-packages/airflow/example_dags/example_skip_dag.py took 0.083 seconds
