[2026-07-21T17:56:24.740+0000] {processor.py:161} INFO - Started process (PID=73) to work on /home/airflow/.local/lib/python3.8/site-packages/airflow/example_dags/example_trigger_target_dag.py
[2026-07-21T17:56:24.742+0000] {processor.py:830} INFO - Processing file /home/airflow/.local/lib/python3.8/site-packages/airflow/example_dags/example_trigger_target_dag.py for tasks to queue
[2026-07-21T17:56:24.745+0000] {logging_mixin.py:188} INFO - [2026-07-21T17:56:24.744+0000] {dagbag.py:538} INFO - Filling up the DagBag from /home/airflow/.local/lib/python3.8/site-packages/airflow/example_dags/example_trigger_target_dag.py
[2026-07-21T17:56:24.768+0000] {processor.py:840} INFO - DAG(s) 'example_trigger_target_dag' retrieved from /home/airflow/.local/lib/python3.8/site-packages/airflow/example_dags/example_trigger_target_dag.py
[2026-07-21T17:56:24.792+0000] {logging_mixin.py:188} INFO - [2026-07-21T17:56:24.792+0000] {dag.py:3036} INFO - Sync 1 DAGs
[2026-07-21T17:56:24.810+0000] {logging_mixin.py:188} INFO - [2026-07-21T17:56:24.810+0000] {dag.py:3823} INFO - Setting next_dagrun for example_trigger_target_dag to None, run_after=None
[2026-07-21T17:56:24.844+0000] {processor.py:183} INFO - Processing /home/airflow/.local/lib/python3.8/site-packages/airflow/example_dags/example_trigger_target_dag.py took 0.110 seconds
[2026-07-21T17:56:55.138+0000] {processor.py:161} INFO - Started process (PID=129) to work on /home/airflow/.local/lib/python3.8/site-packages/airflow/example_dags/example_trigger_target_dag.py
[2026-07-21T17:56:55.139+0000] {processor.py:830} INFO - Processing file /home/airflow/.local/lib/python3.8/site-packages/airflow/example_dags/example_trigger_target_dag.py for tasks to queue
[2026-07-21T17:56:55.142+0000] {logging_mixin.py:188} INFO - [2026-07-21T17:56:55.141+0000] {dagbag.py:538} INFO - Filling up the DagBag from /home/airflow/.local/lib/python3.8/site-packages/airflow/example_dags/example_trigger_target_dag.py
[2026-07-21T17:56:55.149+0000] {processor.py:840} INFO - DAG(s) 'example_trigger_target_dag' retrieved from /home/airflow/.local/lib/python3.8/site-packages/airflow/example_dags/example_trigger_target_dag.py
[2026-07-21T17:56:55.248+0000] {logging_mixin.py:188} INFO - [2026-07-21T17:56:55.248+0000] {dag.py:3036} INFO - Sync 1 DAGs
[2026-07-21T17:56:55.259+0000] {logging_mixin.py:188} INFO - [2026-07-21T17:56:55.259+0000] {dag.py:3823} INFO - Setting next_dagrun for example_trigger_target_dag to None, run_after=None
[2026-07-21T17:56:55.278+0000] {processor.py:183} INFO - Processing /home/airflow/.local/lib/python3.8/site-packages/airflow/example_dags/example_trigger_target_dag.py took 0.144 seconds
[2026-07-21T17:57:25.376+0000] {processor.py:161} INFO - Started process (PID=185) to work on /home/airflow/.local/lib/python3.8/site-packages/airflow/example_dags/example_trigger_target_dag.py
[2026-07-21T17:57:25.378+0000] {processor.py:830} INFO - Processing file /home/airflow/.local/lib/python3.8/site-packages/airflow/example_dags/example_trigger_target_dag.py for tasks to queue
[2026-07-21T17:57:25.380+0000] {logging_mixin.py:188} INFO - [2026-07-21T17:57:25.379+0000] {dagbag.py:538} INFO - Filling up the DagBag from /home/airflow/.local/lib/python3.8/site-packages/airflow/example_dags/example_trigger_target_dag.py
[2026-07-21T17:57:25.386+0000] {processor.py:840} INFO - DAG(s) 'example_trigger_target_dag' retrieved from /home/airflow/.local/lib/python3.8/site-packages/airflow/example_dags/example_trigger_target_dag.py
[2026-07-21T17:57:25.411+0000] {logging_mixin.py:188} INFO - [2026-07-21T17:57:25.411+0000] {dag.py:3036} INFO - Sync 1 DAGs
[2026-07-21T17:57:25.426+0000] {logging_mixin.py:188} INFO - [2026-07-21T17:57:25.425+0000] {dag.py:3823} INFO - Setting next_dagrun for example_trigger_target_dag to None, run_after=None
[2026-07-21T17:57:25.446+0000] {processor.py:183} INFO - Processing /home/airflow/.local/lib/python3.8/site-packages/airflow/example_dags/example_trigger_target_dag.py took 0.073 seconds
[2026-07-21T17:57:55.611+0000] {processor.py:161} INFO - Started process (PID=241) to work on /home/airflow/.local/lib/python3.8/site-packages/airflow/example_dags/example_trigger_target_dag.py
[2026-07-21T17:57:55.612+0000] {processor.py:830} INFO - Processing file /home/airflow/.local/lib/python3.8/site-packages/airflow/example_dags/example_trigger_target_dag.py for tasks to queue
[2026-07-21T17:57:55.614+0000] {logging_mixin.py:188} INFO - [2026-07-21T17:57:55.614+0000] {dagbag.py:538} INFO - Filling up the DagBag from /home/airflow/.local/lib/python3.8/site-packages/airflow/example_dags/example_trigger_target_dag.py
[2026-07-21T17:57:55.622+0000] {processor.py:840} INFO - DAG(s) 'example_trigger_target_dag' retrieved from /home/airflow/.local/lib/python3.8/site-packages/airflow/example_dags/example_trigger_target_dag.py
[2026-07-21T17:57:55.647+0000] {logging_mixin.py:188} INFO - [2026-07-21T17:57:55.647+0000] {dag.py:3036} INFO - Sync 1 DAGs
[2026-07-21T17:57:55.661+0000] {logging_mixin.py:188} INFO - [2026-07-21T17:57:55.661+0000] {dag.py:3823} INFO - Setting next_dagrun for example_trigger_target_dag to None, run_after=None
[2026-07-21T17:57:55.680+0000] {processor.py:183} INFO - Processing /home/airflow/.local/lib/python3.8/site-packages/airflow/example_dags/example_trigger_target_dag.py took 0.073 seconds
[2026-07-21T17:58:25.925+0000] {processor.py:161} INFO - Started process (PID=297) to work on /home/airflow/.local/lib/python3.8/site-packages/airflow/example_dags/example_trigger_target_dag.py
[2026-07-21T17:58:25.926+0000] {processor.py:830} INFO - Processing file /home/airflow/.local/lib/python3.8/site-packages/airflow/example_dags/example_trigger_target_dag.py for tasks to queue
[2026-07-21T17:58:25.929+0000] {logging_mixin.py:188} INFO - [2026-07-21T17:58:25.928+0000] {dagbag.py:538} INFO - Filling up the DagBag from /home/airflow/.local/lib/python3.8/site-packages/airflow/example_dags/example_trigger_target_dag.py
[2026-07-21T17:58:25.935+0000] {processor.py:840} INFO - DAG(s) 'example_trigger_target_dag' retrieved from /home/airflow/.local/lib/python3.8/site-packages/airflow/example_dags/example_trigger_target_dag.py
[2026-07-21T17:58:25.955+0000] {logging_mixin.py:188} INFO - [2026-07-21T17:58:25.955+0000] {dag.py:3036} INFO - Sync 1 DAGs
[2026-07-21T17:58:25.965+0000] {logging_mixin.py:188} INFO - [2026-07-21T17:58:25.965+0000] {dag.py:3823} INFO - Setting next_dagrun for example_trigger_target_dag to None, run_after=None
[2026-07-21T17:58:25.982+0000] {processor.py:183} INFO - Processing /home/airflow/.local/lib/python3.8/site-packages/airflow/example_dags/example_trigger_target_dag.py took 0.061 seconds
[2026-07-21T17:58:56.274+0000] {processor.py:161} INFO - Started process (PID=353) to work on /home/airflow/.local/lib/python3.8/site-packages/airflow/example_dags/example_trigger_target_dag.py
[2026-07-21T17:58:56.276+0000] {processor.py:830} INFO - Processing file /home/airflow/.local/lib/python3.8/site-packages/airflow/example_dags/example_trigger_target_dag.py for tasks to queue
[2026-07-21T17:58:56.277+0000] {logging_mixin.py:188} INFO - [2026-07-21T17:58:56.277+0000] {dagbag.py:538} INFO - Filling up the DagBag from /home/airflow/.local/lib/python3.8/site-packages/airflow/example_dags/example_trigger_target_dag.py
[2026-07-21T17:58:56.284+0000] {processor.py:840} INFO - DAG(s) 'example_trigger_target_dag' retrieved from /home/airflow/.local/lib/python3.8/site-packages/airflow/example_dags/example_trigger_target_dag.py
[2026-07-21T17:58:56.305+0000] {logging_mixin.py:188} INFO - [2026-07-21T17:58:56.305+0000] {dag.py:3036} INFO - Sync 1 DAGs
[2026-07-21T17:58:56.317+0000] {logging_mixin.py:188} INFO - [2026-07-21T17:58:56.316+0000] {dag.py:3823} INFO - Setting next_dagrun for example_trigger_target_dag to None, run_after=None
[2026-07-21T17:58:56.334+0000] {processor.py:183} INFO - Processing /home/airflow/.local/lib/python3.8/site-packages/airflow/example_dags/example_trigger_target_dag.py took 0.064 seconds
[2026-07-21T17:59:26.558+0000] {processor.py:161} INFO - Started process (PID=409) to work on /home/airflow/.local/lib/python3.8/site-packages/airflow/example_dags/example_trigger_target_dag.py
[2026-07-21T17:59:26.559+0000] {processor.py:830} INFO - Processing file /home/airflow/.local/lib/python3.8/site-packages/airflow/example_dags/example_trigger_target_dag.py for tasks to queue
[2026-07-21T17:59:26.561+0000] {logging_mixin.py:188} INFO - [2026-07-21T17:59:26.561+0000] {dagbag.py:538} INFO - Filling up the DagBag from /home/airflow/.local/lib/python3.8/site-packages/airflow/example_dags/example_trigger_target_dag.py
[2026-07-21T17:59:26.567+0000] {processor.py:840} INFO - DAG(s) 'example_trigger_target_dag' retrieved from /home/airflow/.local/lib/python3.8/site-packages/airflow/example_dags/example_trigger_target_dag.py
[2026-07-21T17:59:26.589+0000] {logging_mixin.py:188} INFO - [2026-07-21T17:59:26.588+0000] {dag.py:3036} INFO - Sync 1 DAGs
[2026-07-21T17:59:26.599+0000] {logging_mixin.py:188} INFO - [2026-07-21T17:59:26.599+0000] {dag.py:3823} INFO - Setting next_dagrun for example_trigger_target_dag to None, run_after=None
[2026-07-21T17:59:26.618+0000] {processor.py:183} INFO - Processing /home/airflow/.local/lib/python3.8/site-packages/airflow/example_dags/example_trigger_target_dag.py took 0.063 seconds
[2026-07-21T17:59:56.858+0000] {processor.py:161} INFO - Started process (PID=465) to work on /home/airflow/.local/lib/python3.8/site-packages/airflow/example_dags/example_trigger_target_dag.py
[2026-07-21T17:59:56.860+0000] {processor.py:830} INFO - Processing file /home/airflow/.local/lib/python3.8/site-packages/airflow/example_dags/example_trigger_target_dag.py for tasks to queue
[2026-07-21T17:59:56.862+0000] {logging_mixin.py:188} INFO - [2026-07-21T17:59:56.861+0000] {dagbag.py:538} INFO - Filling up the DagBag from /home/airflow/.local/lib/python3.8/site-packages/airflow/example_dags/example_trigger_target_dag.py
[2026-07-21T17:59:56.868+0000] {processor.py:840} INFO - DAG(s) 'example_trigger_target_dag' retrieved from /home/airflow/.local/lib/python3.8/site-packages/airflow/example_dags/example_trigger_target_dag.py
[2026-07-21T17:59:56.889+0000] {logging_mixin.py:188} INFO - [2026-07-21T17:59:56.889+0000] {dag.py:3036} INFO - Sync 1 DAGs
[2026-07-21T17:59:56.901+0000] {logging_mixin.py:188} INFO - [2026-07-21T17:59:56.900+0000] {dag.py:3823} INFO - Setting next_dagrun for example_trigger_target_dag to None, run_after=None
[2026-07-21T17:59:56.920+0000] {processor.py:183} INFO - Processing /home/airflow/.local/lib/python3.8/site-packages/airflow/example_dags/example_trigger_target_dag.py took 0.065 seconds
[2026-07-21T18:00:27.228+0000] {processor.py:161} INFO - Started process (PID=521) to work on /home/airflow/.local/lib/python3.8/site-packages/airflow/example_dags/example_trigger_target_dag.py
[2026-07-21T18:00:27.230+0000] {processor.py:830} INFO - Processing file /home/airflow/.local/lib/python3.8/site-packages/airflow/example_dags/example_trigger_target_dag.py for tasks to queue
[2026-07-21T18:00:27.232+0000] {logging_mixin.py:188} INFO - [2026-07-21T18:00:27.231+0000] {dagbag.py:538} INFO - Filling up the DagBag from /home/airflow/.local/lib/python3.8/site-packages/airflow/example_dags/example_trigger_target_dag.py
[2026-07-21T18:00:27.238+0000] {processor.py:840} INFO - DAG(s) 'example_trigger_target_dag' retrieved from /home/airflow/.local/lib/python3.8/site-packages/airflow/example_dags/example_trigger_target_dag.py
[2026-07-21T18:00:27.260+0000] {logging_mixin.py:188} INFO - [2026-07-21T18:00:27.260+0000] {dag.py:3036} INFO - Sync 1 DAGs
[2026-07-21T18:00:27.272+0000] {logging_mixin.py:188} INFO - [2026-07-21T18:00:27.272+0000] {dag.py:3823} INFO - Setting next_dagrun for example_trigger_target_dag to None, run_after=None
[2026-07-21T18:00:27.293+0000] {processor.py:183} INFO - Processing /home/airflow/.local/lib/python3.8/site-packages/airflow/example_dags/example_trigger_target_dag.py took 0.069 seconds
[2026-07-21T18:00:57.535+0000] {processor.py:161} INFO - Started process (PID=578) to work on /home/airflow/.local/lib/python3.8/site-packages/airflow/example_dags/example_trigger_target_dag.py
[2026-07-21T18:00:57.536+0000] {processor.py:830} INFO - Processing file /home/airflow/.local/lib/python3.8/site-packages/airflow/example_dags/example_trigger_target_dag.py for tasks to queue
[2026-07-21T18:00:57.538+0000] {logging_mixin.py:188} INFO - [2026-07-21T18:00:57.538+0000] {dagbag.py:538} INFO - Filling up the DagBag from /home/airflow/.local/lib/python3.8/site-packages/airflow/example_dags/example_trigger_target_dag.py
[2026-07-21T18:00:57.545+0000] {processor.py:840} INFO - DAG(s) 'example_trigger_target_dag' retrieved from /home/airflow/.local/lib/python3.8/site-packages/airflow/example_dags/example_trigger_target_dag.py
[2026-07-21T18:00:57.565+0000] {logging_mixin.py:188} INFO - [2026-07-21T18:00:57.565+0000] {dag.py:3036} INFO - Sync 1 DAGs
[2026-07-21T18:00:57.577+0000] {logging_mixin.py:188} INFO - [2026-07-21T18:00:57.576+0000] {dag.py:3823} INFO - Setting next_dagrun for example_trigger_target_dag to None, run_after=None
[2026-07-21T18:00:57.594+0000] {processor.py:183} INFO - Processing /home/airflow/.local/lib/python3.8/site-packages/airflow/example_dags/example_trigger_target_dag.py took 0.063 seconds
[2026-07-21T18:01:27.751+0000] {processor.py:161} INFO - Started process (PID=634) to work on /home/airflow/.local/lib/python3.8/site-packages/airflow/example_dags/example_trigger_target_dag.py
[2026-07-21T18:01:27.752+0000] {processor.py:830} INFO - Processing file /home/airflow/.local/lib/python3.8/site-packages/airflow/example_dags/example_trigger_target_dag.py for tasks to queue
[2026-07-21T18:01:27.755+0000] {logging_mixin.py:188} INFO - [2026-07-21T18:01:27.754+0000] {dagbag.py:538} INFO - Filling up the DagBag from /home/airflow/.local/lib/python3.8/site-packages/airflow/example_dags/example_trigger_target_dag.py
[2026-07-21T18:01:27.761+0000] {processor.py:840} INFO - DAG(s) 'example_trigger_target_dag' retrieved from /home/airflow/.local/lib/python3.8/site-packages/airflow/example_dags/example_trigger_target_dag.py
[2026-07-21T18:01:27.781+0000] {logging_mixin.py:188} INFO - [2026-07-21T18:01:27.781+0000] {dag.py:3036} INFO - Sync 1 DAGs
[2026-07-21T18:01:27.792+0000] {logging_mixin.py:188} INFO - [2026-07-21T18:01:27.792+0000] {dag.py:3823} INFO - Setting next_dagrun for example_trigger_target_dag to None, run_after=None
[2026-07-21T18:01:27.810+0000] {processor.py:183} INFO - Processing /home/airflow/.local/lib/python3.8/site-packages/airflow/example_dags/example_trigger_target_dag.py took 0.062 seconds
[2026-07-21T18:01:57.957+0000] {processor.py:161} INFO - Started process (PID=690) to work on /home/airflow/.local/lib/python3.8/site-packages/airflow/example_dags/example_trigger_target_dag.py
[2026-07-21T18:01:57.958+0000] {processor.py:830} INFO - Processing file /home/airflow/.local/lib/python3.8/site-packages/airflow/example_dags/example_trigger_target_dag.py for tasks to queue
[2026-07-21T18:01:57.960+0000] {logging_mixin.py:188} INFO - [2026-07-21T18:01:57.960+0000] {dagbag.py:538} INFO - Filling up the DagBag from /home/airflow/.local/lib/python3.8/site-packages/airflow/example_dags/example_trigger_target_dag.py
[2026-07-21T18:01:57.966+0000] {processor.py:840} INFO - DAG(s) 'example_trigger_target_dag' retrieved from /home/airflow/.local/lib/python3.8/site-packages/airflow/example_dags/example_trigger_target_dag.py
[2026-07-21T18:01:57.988+0000] {logging_mixin.py:188} INFO - [2026-07-21T18:01:57.988+0000] {dag.py:3036} INFO - Sync 1 DAGs
[2026-07-21T18:01:57.999+0000] {logging_mixin.py:188} INFO - [2026-07-21T18:01:57.999+0000] {dag.py:3823} INFO - Setting next_dagrun for example_trigger_target_dag to None, run_after=None
[2026-07-21T18:01:58.018+0000] {processor.py:183} INFO - Processing /home/airflow/.local/lib/python3.8/site-packages/airflow/example_dags/example_trigger_target_dag.py took 0.064 seconds
[2026-07-21T18:02:28.535+0000] {processor.py:161} INFO - Started process (PID=746) to work on /home/airflow/.local/lib/python3.8/site-packages/airflow/example_dags/example_trigger_target_dag.py
[2026-07-21T18:02:28.536+0000] {processor.py:830} INFO - Processing file /home/airflow/.local/lib/python3.8/site-packages/airflow/example_dags/example_trigger_target_dag.py for tasks to queue
[2026-07-21T18:02:28.538+0000] {logging_mixin.py:188} INFO - [2026-07-21T18:02:28.538+0000] {dagbag.py:538} INFO - Filling up the DagBag from /home/airflow/.local/lib/python3.8/site-packages/airflow/example_dags/example_trigger_target_dag.py
[2026-07-21T18:02:28.545+0000] {processor.py:840} INFO - DAG(s) 'example_trigger_target_dag' retrieved from /home/airflow/.local/lib/python3.8/site-packages/airflow/example_dags/example_trigger_target_dag.py
[2026-07-21T18:02:28.569+0000] {logging_mixin.py:188} INFO - [2026-07-21T18:02:28.569+0000] {dag.py:3036} INFO - Sync 1 DAGs
[2026-07-21T18:02:28.585+0000] {logging_mixin.py:188} INFO - [2026-07-21T18:02:28.584+0000] {dag.py:3823} INFO - Setting next_dagrun for example_trigger_target_dag to None, run_after=None
[2026-07-21T18:02:28.606+0000] {processor.py:183} INFO - Processing /home/airflow/.local/lib/python3.8/site-packages/airflow/example_dags/example_trigger_target_dag.py took 0.075 seconds
[2026-07-21T18:02:58.974+0000] {processor.py:161} INFO - Started process (PID=802) to work on /home/airflow/.local/lib/python3.8/site-packages/airflow/example_dags/example_trigger_target_dag.py
[2026-07-21T18:02:58.975+0000] {processor.py:830} INFO - Processing file /home/airflow/.local/lib/python3.8/site-packages/airflow/example_dags/example_trigger_target_dag.py for tasks to queue
[2026-07-21T18:02:58.977+0000] {logging_mixin.py:188} INFO - [2026-07-21T18:02:58.977+0000] {dagbag.py:538} INFO - Filling up the DagBag from /home/airflow/.local/lib/python3.8/site-packages/airflow/example_dags/example_trigger_target_dag.py
[2026-07-21T18:02:58.984+0000] {processor.py:840} INFO - DAG(s) 'example_trigger_target_dag' retrieved from /home/airflow/.local/lib/python3.8/site-packages/airflow/example_dags/example_trigger_target_dag.py
[2026-07-21T18:02:59.008+0000] {logging_mixin.py:188} INFO - [2026-07-21T18:02:59.008+0000] {dag.py:3036} INFO - Sync 1 DAGs
[2026-07-21T18:02:59.020+0000] {logging_mixin.py:188} INFO - [2026-07-21T18:02:59.020+0000] {dag.py:3823} INFO - Setting next_dagrun for example_trigger_target_dag to None, run_after=None
[2026-07-21T18:02:59.040+0000] {processor.py:183} INFO - Processing /home/airflow/.local/lib/python3.8/site-packages/airflow/example_dags/example_trigger_target_dag.py took 0.071 seconds
[2026-07-21T18:03:29.171+0000] {processor.py:161} INFO - Started process (PID=858) to work on /home/airflow/.local/lib/python3.8/site-packages/airflow/example_dags/example_trigger_target_dag.py
[2026-07-21T18:03:29.173+0000] {processor.py:830} INFO - Processing file /home/airflow/.local/lib/python3.8/site-packages/airflow/example_dags/example_trigger_target_dag.py for tasks to queue
[2026-07-21T18:03:29.175+0000] {logging_mixin.py:188} INFO - [2026-07-21T18:03:29.174+0000] {dagbag.py:538} INFO - Filling up the DagBag from /home/airflow/.local/lib/python3.8/site-packages/airflow/example_dags/example_trigger_target_dag.py
[2026-07-21T18:03:29.182+0000] {processor.py:840} INFO - DAG(s) 'example_trigger_target_dag' retrieved from /home/airflow/.local/lib/python3.8/site-packages/airflow/example_dags/example_trigger_target_dag.py
[2026-07-21T18:03:29.203+0000] {logging_mixin.py:188} INFO - [2026-07-21T18:03:29.203+0000] {dag.py:3036} INFO - Sync 1 DAGs
[2026-07-21T18:03:29.216+0000] {logging_mixin.py:188} INFO - [2026-07-21T18:03:29.216+0000] {dag.py:3823} INFO - Setting next_dagrun for example_trigger_target_dag to None, run_after=None
[2026-07-21T18:03:29.236+0000] {processor.py:183} INFO - Processing /home/airflow/.local/lib/python3.8/site-packages/airflow/example_dags/example_trigger_target_dag.py took 0.069 seconds
[2026-07-21T18:03:59.544+0000] {processor.py:161} INFO - Started process (PID=914) to work on /home/airflow/.local/lib/python3.8/site-packages/airflow/example_dags/example_trigger_target_dag.py
[2026-07-21T18:03:59.545+0000] {processor.py:830} INFO - Processing file /home/airflow/.local/lib/python3.8/site-packages/airflow/example_dags/example_trigger_target_dag.py for tasks to queue
[2026-07-21T18:03:59.547+0000] {logging_mixin.py:188} INFO - [2026-07-21T18:03:59.547+0000] {dagbag.py:538} INFO - Filling up the DagBag from /home/airflow/.local/lib/python3.8/site-packages/airflow/example_dags/example_trigger_target_dag.py
[2026-07-21T18:03:59.554+0000] {processor.py:840} INFO - DAG(s) 'example_trigger_target_dag' retrieved from /home/airflow/.local/lib/python3.8/site-packages/airflow/example_dags/example_trigger_target_dag.py
[2026-07-21T18:03:59.575+0000] {logging_mixin.py:188} INFO - [2026-07-21T18:03:59.575+0000] {dag.py:3036} INFO - Sync 1 DAGs
[2026-07-21T18:03:59.587+0000] {logging_mixin.py:188} INFO - [2026-07-21T18:03:59.587+0000] {dag.py:3823} INFO - Setting next_dagrun for example_trigger_target_dag to None, run_after=None
[2026-07-21T18:03:59.606+0000] {processor.py:183} INFO - Processing /home/airflow/.local/lib/python3.8/site-packages/airflow/example_dags/example_trigger_target_dag.py took 0.066 seconds
[2026-07-21T18:04:29.959+0000] {processor.py:161} INFO - Started process (PID=970) to work on /home/airflow/.local/lib/python3.8/site-packages/airflow/example_dags/example_trigger_target_dag.py
[2026-07-21T18:04:29.960+0000] {processor.py:830} INFO - Processing file /home/airflow/.local/lib/python3.8/site-packages/airflow/example_dags/example_trigger_target_dag.py for tasks to queue
[2026-07-21T18:04:29.962+0000] {logging_mixin.py:188} INFO - [2026-07-21T18:04:29.962+0000] {dagbag.py:538} INFO - Filling up the DagBag from /home/airflow/.local/lib/python3.8/site-packages/airflow/example_dags/example_trigger_target_dag.py
[2026-07-21T18:04:29.969+0000] {processor.py:840} INFO - DAG(s) 'example_trigger_target_dag' retrieved from /home/airflow/.local/lib/python3.8/site-packages/airflow/example_dags/example_trigger_target_dag.py
[2026-07-21T18:04:29.991+0000] {logging_mixin.py:188} INFO - [2026-07-21T18:04:29.991+0000] {dag.py:3036} INFO - Sync 1 DAGs
[2026-07-21T18:04:30.003+0000] {logging_mixin.py:188} INFO - [2026-07-21T18:04:30.002+0000] {dag.py:3823} INFO - Setting next_dagrun for example_trigger_target_dag to None, run_after=None
[2026-07-21T18:04:30.024+0000] {processor.py:183} INFO - Processing /home/airflow/.local/lib/python3.8/site-packages/airflow/example_dags/example_trigger_target_dag.py took 0.068 seconds
[2026-07-21T18:05:00.386+0000] {processor.py:161} INFO - Started process (PID=1026) to work on /home/airflow/.local/lib/python3.8/site-packages/airflow/example_dags/example_trigger_target_dag.py
[2026-07-21T18:05:00.387+0000] {processor.py:830} INFO - Processing file /home/airflow/.local/lib/python3.8/site-packages/airflow/example_dags/example_trigger_target_dag.py for tasks to queue
[2026-07-21T18:05:00.389+0000] {logging_mixin.py:188} INFO - [2026-07-21T18:05:00.389+0000] {dagbag.py:538} INFO - Filling up the DagBag from /home/airflow/.local/lib/python3.8/site-packages/airflow/example_dags/example_trigger_target_dag.py
[2026-07-21T18:05:00.395+0000] {processor.py:840} INFO - DAG(s) 'example_trigger_target_dag' retrieved from /home/airflow/.local/lib/python3.8/site-packages/airflow/example_dags/example_trigger_target_dag.py
[2026-07-21T18:05:00.419+0000] {logging_mixin.py:188} INFO - [2026-07-21T18:05:00.418+0000] {dag.py:3036} INFO - Sync 1 DAGs
[2026-07-21T18:05:00.431+0000] {logging_mixin.py:188} INFO - [2026-07-21T18:05:00.431+0000] {dag.py:3823} INFO - Setting next_dagrun for example_trigger_target_dag to None, run_after=None
[2026-07-21T18:05:00.454+0000] {processor.py:183} INFO - Processing /home/airflow/.local/lib/python3.8/site-packages/airflow/example_dags/example_trigger_target_dag.py took 0.072 seconds
[2026-07-21T18:05:30.789+0000] {processor.py:161} INFO - Started process (PID=1082) to work on /home/airflow/.local/lib/python3.8/site-packages/airflow/example_dags/example_trigger_target_dag.py
[2026-07-21T18:05:30.791+0000] {processor.py:830} INFO - Processing file /home/airflow/.local/lib/python3.8/site-packages/airflow/example_dags/example_trigger_target_dag.py for tasks to queue
[2026-07-21T18:05:30.794+0000] {logging_mixin.py:188} INFO - [2026-07-21T18:05:30.793+0000] {dagbag.py:538} INFO - Filling up the DagBag from /home/airflow/.local/lib/python3.8/site-packages/airflow/example_dags/example_trigger_target_dag.py
[2026-07-21T18:05:30.802+0000] {processor.py:840} INFO - DAG(s) 'example_trigger_target_dag' retrieved from /home/airflow/.local/lib/python3.8/site-packages/airflow/example_dags/example_trigger_target_dag.py
[2026-07-21T18:05:30.831+0000] {logging_mixin.py:188} INFO - [2026-07-21T18:05:30.831+0000] {dag.py:3036} INFO - Sync 1 DAGs
[2026-07-21T18:05:30.857+0000] {logging_mixin.py:188} INFO - [2026-07-21T18:05:30.856+0000] {dag.py:3823} INFO - Setting next_dagrun for example_trigger_target_dag to None, run_after=None
[2026-07-21T18:05:30.894+0000] {processor.py:183} INFO - Processing /home/airflow/.local/lib/python3.8/site-packages/airflow/example_dags/example_trigger_target_dag.py took 0.112 seconds
[2026-07-21T18:06:01.334+0000] {processor.py:161} INFO - Started process (PID=1138) to work on /home/airflow/.local/lib/python3.8/site-packages/airflow/example_dags/example_trigger_target_dag.py
[2026-07-21T18:06:01.336+0000] {processor.py:830} INFO - Processing file /home/airflow/.local/lib/python3.8/site-packages/airflow/example_dags/example_trigger_target_dag.py for tasks to queue
[2026-07-21T18:06:01.338+0000] {logging_mixin.py:188} INFO - [2026-07-21T18:06:01.337+0000] {dagbag.py:538} INFO - Filling up the DagBag from /home/airflow/.local/lib/python3.8/site-packages/airflow/example_dags/example_trigger_target_dag.py
[2026-07-21T18:06:01.344+0000] {processor.py:840} INFO - DAG(s) 'example_trigger_target_dag' retrieved from /home/airflow/.local/lib/python3.8/site-packages/airflow/example_dags/example_trigger_target_dag.py
[2026-07-21T18:06:01.365+0000] {logging_mixin.py:188} INFO - [2026-07-21T18:06:01.364+0000] {dag.py:3036} INFO - Sync 1 DAGs
[2026-07-21T18:06:01.377+0000] {logging_mixin.py:188} INFO - [2026-07-21T18:06:01.376+0000] {dag.py:3823} INFO - Setting next_dagrun for example_trigger_target_dag to None, run_after=None
[2026-07-21T18:06:01.396+0000] {processor.py:183} INFO - Processing /home/airflow/.local/lib/python3.8/site-packages/airflow/example_dags/example_trigger_target_dag.py took 0.065 seconds
[2026-07-21T18:06:31.869+0000] {processor.py:161} INFO - Started process (PID=1194) to work on /home/airflow/.local/lib/python3.8/site-packages/airflow/example_dags/example_trigger_target_dag.py
[2026-07-21T18:06:31.870+0000] {processor.py:830} INFO - Processing file /home/airflow/.local/lib/python3.8/site-packages/airflow/example_dags/example_trigger_target_dag.py for tasks to queue
[2026-07-21T18:06:31.872+0000] {logging_mixin.py:188} INFO - [2026-07-21T18:06:31.872+0000] {dagbag.py:538} INFO - Filling up the DagBag from /home/airflow/.local/lib/python3.8/site-packages/airflow/example_dags/example_trigger_target_dag.py
[2026-07-21T18:06:31.878+0000] {processor.py:840} INFO - DAG(s) 'example_trigger_target_dag' retrieved from /home/airflow/.local/lib/python3.8/site-packages/airflow/example_dags/example_trigger_target_dag.py
[2026-07-21T18:06:31.899+0000] {logging_mixin.py:188} INFO - [2026-07-21T18:06:31.899+0000] {dag.py:3036} INFO - Sync 1 DAGs
[2026-07-21T18:06:31.911+0000] {logging_mixin.py:188} INFO - [2026-07-21T18:06:31.911+0000] {dag.py:3823} INFO - Setting next_dagrun for example_trigger_target_dag to None, run_after=None
[2026-07-21T18:06:31.930+0000] {processor.py:183} INFO - Processing /home/airflow/.local/lib/python3.8/site-packages/airflow/example_dags/example_trigger_target_dag.py took 0.065 seconds
[2026-07-21T18:07:02.255+0000] {processor.py:161} INFO - Started process (PID=1250) to work on /home/airflow/.local/lib/python3.8/site-packages/airflow/example_dags/example_trigger_target_dag.py
[2026-07-21T18:07:02.257+0000] {processor.py:830} INFO - Processing file /home/airflow/.local/lib/python3.8/site-packages/airflow/example_dags/example_trigger_target_dag.py for tasks to queue
[2026-07-21T18:07:02.259+0000] {logging_mixin.py:188} INFO - [2026-07-21T18:07:02.258+0000] {dagbag.py:538} INFO - Filling up the DagBag from /home/airflow/.local/lib/python3.8/site-packages/airflow/example_dags/example_trigger_target_dag.py
[2026-07-21T18:07:02.265+0000] {processor.py:840} INFO - DAG(s) 'example_trigger_target_dag' retrieved from /home/airflow/.local/lib/python3.8/site-packages/airflow/example_dags/example_trigger_target_dag.py
[2026-07-21T18:07:02.285+0000] {logging_mixin.py:188} INFO - [2026-07-21T18:07:02.285+0000] {dag.py:3036} INFO - Sync 1 DAGs
[2026-07-21T18:07:02.296+0000] {logging_mixin.py:188} INFO - [2026-07-21T18:07:02.296+0000] {dag.py:3823} INFO - Setting next_dagrun for example_trigger_target_dag to None, run_after=None
[2026-07-21T18:07:02.315+0000] {processor.py:183} INFO - Processing /home/airflow/.local/lib/python3.8/site-packages/airflow/example_dags/example_trigger_target_dag.py took 0.063 seconds
[2026-07-21T18:07:32.685+0000] {processor.py:161} INFO - Started process (PID=1306) to work on /home/airflow/.local/lib/python3.8/site-packages/airflow/example_dags/example_trigger_target_dag.py
[2026-07-21T18:07:32.686+0000] {processor.py:830} INFO - Processing file /home/airflow/.local/lib/python3.8/site-packages/airflow/example_dags/example_trigger_target_dag.py for tasks to queue
[2026-07-21T18:07:32.688+0000] {logging_mixin.py:188} INFO - [2026-07-21T18:07:32.688+0000] {dagbag.py:538} INFO - Filling up the DagBag from /home/airflow/.local/lib/python3.8/site-packages/airflow/example_dags/example_trigger_target_dag.py
[2026-07-21T18:07:32.695+0000] {processor.py:840} INFO - DAG(s) 'example_trigger_target_dag' retrieved from /home/airflow/.local/lib/python3.8/site-packages/airflow/example_dags/example_trigger_target_dag.py
[2026-07-21T18:07:32.717+0000] {logging_mixin.py:188} INFO - [2026-07-21T18:07:32.716+0000] {dag.py:3036} INFO - Sync 1 DAGs
[2026-07-21T18:07:32.727+0000] {logging_mixin.py:188} INFO - [2026-07-21T18:07:32.727+0000] {dag.py:3823} INFO - Setting next_dagrun for example_trigger_target_dag to None, run_after=None
[2026-07-21T18:07:32.744+0000] {processor.py:183} INFO - Processing /home/airflow/.local/lib/python3.8/site-packages/airflow/example_dags/example_trigger_target_dag.py took 0.063 seconds
[2026-07-21T18:09:12.046+0000] {processor.py:161} INFO - Started process (PID=107) to work on /home/airflow/.local/lib/python3.8/site-packages/airflow/example_dags/example_trigger_target_dag.py
[2026-07-21T18:09:12.049+0000] {processor.py:830} INFO - Processing file /home/airflow/.local/lib/python3.8/site-packages/airflow/example_dags/example_trigger_target_dag.py for tasks to queue
[2026-07-21T18:09:12.052+0000] {logging_mixin.py:188} INFO - [2026-07-21T18:09:12.052+0000] {dagbag.py:538} INFO - Filling up the DagBag from /home/airflow/.local/lib/python3.8/site-packages/airflow/example_dags/example_trigger_target_dag.py
[2026-07-21T18:09:12.069+0000] {processor.py:840} INFO - DAG(s) 'example_trigger_target_dag' retrieved from /home/airflow/.local/lib/python3.8/site-packages/airflow/example_dags/example_trigger_target_dag.py
[2026-07-21T18:09:12.086+0000] {logging_mixin.py:188} INFO - [2026-07-21T18:09:12.085+0000] {dag.py:3036} INFO - Sync 1 DAGs
[2026-07-21T18:09:12.106+0000] {logging_mixin.py:188} INFO - [2026-07-21T18:09:12.106+0000] {dag.py:3823} INFO - Setting next_dagrun for example_trigger_target_dag to None, run_after=None
[2026-07-21T18:09:12.136+0000] {processor.py:183} INFO - Processing /home/airflow/.local/lib/python3.8/site-packages/airflow/example_dags/example_trigger_target_dag.py took 0.096 seconds
[2026-07-21T18:09:42.730+0000] {processor.py:161} INFO - Started process (PID=163) to work on /home/airflow/.local/lib/python3.8/site-packages/airflow/example_dags/example_trigger_target_dag.py
[2026-07-21T18:09:42.731+0000] {processor.py:830} INFO - Processing file /home/airflow/.local/lib/python3.8/site-packages/airflow/example_dags/example_trigger_target_dag.py for tasks to queue
[2026-07-21T18:09:42.733+0000] {logging_mixin.py:188} INFO - [2026-07-21T18:09:42.733+0000] {dagbag.py:538} INFO - Filling up the DagBag from /home/airflow/.local/lib/python3.8/site-packages/airflow/example_dags/example_trigger_target_dag.py
[2026-07-21T18:09:42.740+0000] {processor.py:840} INFO - DAG(s) 'example_trigger_target_dag' retrieved from /home/airflow/.local/lib/python3.8/site-packages/airflow/example_dags/example_trigger_target_dag.py
[2026-07-21T18:09:42.841+0000] {logging_mixin.py:188} INFO - [2026-07-21T18:09:42.841+0000] {dag.py:3036} INFO - Sync 1 DAGs
[2026-07-21T18:09:42.852+0000] {logging_mixin.py:188} INFO - [2026-07-21T18:09:42.852+0000] {dag.py:3823} INFO - Setting next_dagrun for example_trigger_target_dag to None, run_after=None
[2026-07-21T18:09:42.871+0000] {processor.py:183} INFO - Processing /home/airflow/.local/lib/python3.8/site-packages/airflow/example_dags/example_trigger_target_dag.py took 0.146 seconds
[2026-07-21T18:10:13.806+0000] {processor.py:161} INFO - Started process (PID=219) to work on /home/airflow/.local/lib/python3.8/site-packages/airflow/example_dags/example_trigger_target_dag.py
[2026-07-21T18:10:13.807+0000] {processor.py:830} INFO - Processing file /home/airflow/.local/lib/python3.8/site-packages/airflow/example_dags/example_trigger_target_dag.py for tasks to queue
[2026-07-21T18:10:13.809+0000] {logging_mixin.py:188} INFO - [2026-07-21T18:10:13.809+0000] {dagbag.py:538} INFO - Filling up the DagBag from /home/airflow/.local/lib/python3.8/site-packages/airflow/example_dags/example_trigger_target_dag.py
[2026-07-21T18:10:13.817+0000] {processor.py:840} INFO - DAG(s) 'example_trigger_target_dag' retrieved from /home/airflow/.local/lib/python3.8/site-packages/airflow/example_dags/example_trigger_target_dag.py
[2026-07-21T18:10:13.841+0000] {logging_mixin.py:188} INFO - [2026-07-21T18:10:13.841+0000] {dag.py:3036} INFO - Sync 1 DAGs
[2026-07-21T18:10:13.856+0000] {logging_mixin.py:188} INFO - [2026-07-21T18:10:13.856+0000] {dag.py:3823} INFO - Setting next_dagrun for example_trigger_target_dag to None, run_after=None
[2026-07-21T18:10:13.887+0000] {processor.py:183} INFO - Processing /home/airflow/.local/lib/python3.8/site-packages/airflow/example_dags/example_trigger_target_dag.py took 0.085 seconds
[2026-07-21T18:10:44.192+0000] {processor.py:161} INFO - Started process (PID=275) to work on /home/airflow/.local/lib/python3.8/site-packages/airflow/example_dags/example_trigger_target_dag.py
[2026-07-21T18:10:44.193+0000] {processor.py:830} INFO - Processing file /home/airflow/.local/lib/python3.8/site-packages/airflow/example_dags/example_trigger_target_dag.py for tasks to queue
[2026-07-21T18:10:44.195+0000] {logging_mixin.py:188} INFO - [2026-07-21T18:10:44.195+0000] {dagbag.py:538} INFO - Filling up the DagBag from /home/airflow/.local/lib/python3.8/site-packages/airflow/example_dags/example_trigger_target_dag.py
[2026-07-21T18:10:44.201+0000] {processor.py:840} INFO - DAG(s) 'example_trigger_target_dag' retrieved from /home/airflow/.local/lib/python3.8/site-packages/airflow/example_dags/example_trigger_target_dag.py
[2026-07-21T18:10:44.223+0000] {logging_mixin.py:188} INFO - [2026-07-21T18:10:44.223+0000] {dag.py:3036} INFO - Sync 1 DAGs
[2026-07-21T18:10:44.235+0000] {logging_mixin.py:188} INFO - [2026-07-21T18:10:44.234+0000] {dag.py:3823} INFO - Setting next_dagrun for example_trigger_target_dag to None, run_after=None
[2026-07-21T18:10:44.253+0000] {processor.py:183} INFO - Processing /home/airflow/.local/lib/python3.8/site-packages/airflow/example_dags/example_trigger_target_dag.py took 0.065 seconds
[2026-07-21T18:11:14.634+0000] {processor.py:161} INFO - Started process (PID=331) to work on /home/airflow/.local/lib/python3.8/site-packages/airflow/example_dags/example_trigger_target_dag.py
[2026-07-21T18:11:14.636+0000] {processor.py:830} INFO - Processing file /home/airflow/.local/lib/python3.8/site-packages/airflow/example_dags/example_trigger_target_dag.py for tasks to queue
[2026-07-21T18:11:14.638+0000] {logging_mixin.py:188} INFO - [2026-07-21T18:11:14.638+0000] {dagbag.py:538} INFO - Filling up the DagBag from /home/airflow/.local/lib/python3.8/site-packages/airflow/example_dags/example_trigger_target_dag.py
[2026-07-21T18:11:14.645+0000] {processor.py:840} INFO - DAG(s) 'example_trigger_target_dag' retrieved from /home/airflow/.local/lib/python3.8/site-packages/airflow/example_dags/example_trigger_target_dag.py
[2026-07-21T18:11:14.666+0000] {logging_mixin.py:188} INFO - [2026-07-21T18:11:14.666+0000] {dag.py:3036} INFO - Sync 1 DAGs
[2026-07-21T18:11:14.678+0000] {logging_mixin.py:188} INFO - [2026-07-21T18:11:14.678+0000] {dag.py:3823} INFO - Setting next_dagrun for example_trigger_target_dag to None, run_after=None
[2026-07-21T18:11:14.697+0000] {processor.py:183} INFO - Processing /home/airflow/.local/lib/python3.8/site-packages/airflow/example_dags/example_trigger_target_dag.py took 0.067 seconds
[2026-07-21T18:11:45.099+0000] {processor.py:161} INFO - Started process (PID=387) to work on /home/airflow/.local/lib/python3.8/site-packages/airflow/example_dags/example_trigger_target_dag.py
[2026-07-21T18:11:45.100+0000] {processor.py:830} INFO - Processing file /home/airflow/.local/lib/python3.8/site-packages/airflow/example_dags/example_trigger_target_dag.py for tasks to queue
[2026-07-21T18:11:45.102+0000] {logging_mixin.py:188} INFO - [2026-07-21T18:11:45.102+0000] {dagbag.py:538} INFO - Filling up the DagBag from /home/airflow/.local/lib/python3.8/site-packages/airflow/example_dags/example_trigger_target_dag.py
[2026-07-21T18:11:45.111+0000] {processor.py:840} INFO - DAG(s) 'example_trigger_target_dag' retrieved from /home/airflow/.local/lib/python3.8/site-packages/airflow/example_dags/example_trigger_target_dag.py
[2026-07-21T18:11:45.132+0000] {logging_mixin.py:188} INFO - [2026-07-21T18:11:45.132+0000] {dag.py:3036} INFO - Sync 1 DAGs
[2026-07-21T18:11:45.144+0000] {logging_mixin.py:188} INFO - [2026-07-21T18:11:45.144+0000] {dag.py:3823} INFO - Setting next_dagrun for example_trigger_target_dag to None, run_after=None
[2026-07-21T18:11:45.163+0000] {processor.py:183} INFO - Processing /home/airflow/.local/lib/python3.8/site-packages/airflow/example_dags/example_trigger_target_dag.py took 0.068 seconds
[2026-07-21T18:12:15.686+0000] {processor.py:161} INFO - Started process (PID=443) to work on /home/airflow/.local/lib/python3.8/site-packages/airflow/example_dags/example_trigger_target_dag.py
[2026-07-21T18:12:15.687+0000] {processor.py:830} INFO - Processing file /home/airflow/.local/lib/python3.8/site-packages/airflow/example_dags/example_trigger_target_dag.py for tasks to queue
[2026-07-21T18:12:15.689+0000] {logging_mixin.py:188} INFO - [2026-07-21T18:12:15.689+0000] {dagbag.py:538} INFO - Filling up the DagBag from /home/airflow/.local/lib/python3.8/site-packages/airflow/example_dags/example_trigger_target_dag.py
[2026-07-21T18:12:15.696+0000] {processor.py:840} INFO - DAG(s) 'example_trigger_target_dag' retrieved from /home/airflow/.local/lib/python3.8/site-packages/airflow/example_dags/example_trigger_target_dag.py
[2026-07-21T18:12:15.721+0000] {logging_mixin.py:188} INFO - [2026-07-21T18:12:15.720+0000] {dag.py:3036} INFO - Sync 1 DAGs
[2026-07-21T18:12:15.734+0000] {logging_mixin.py:188} INFO - [2026-07-21T18:12:15.734+0000] {dag.py:3823} INFO - Setting next_dagrun for example_trigger_target_dag to None, run_after=None
[2026-07-21T18:12:15.756+0000] {processor.py:183} INFO - Processing /home/airflow/.local/lib/python3.8/site-packages/airflow/example_dags/example_trigger_target_dag.py took 0.073 seconds
[2026-07-21T18:12:46.640+0000] {processor.py:161} INFO - Started process (PID=499) to work on /home/airflow/.local/lib/python3.8/site-packages/airflow/example_dags/example_trigger_target_dag.py
[2026-07-21T18:12:46.642+0000] {processor.py:830} INFO - Processing file /home/airflow/.local/lib/python3.8/site-packages/airflow/example_dags/example_trigger_target_dag.py for tasks to queue
[2026-07-21T18:12:46.644+0000] {logging_mixin.py:188} INFO - [2026-07-21T18:12:46.643+0000] {dagbag.py:538} INFO - Filling up the DagBag from /home/airflow/.local/lib/python3.8/site-packages/airflow/example_dags/example_trigger_target_dag.py
[2026-07-21T18:12:46.650+0000] {processor.py:840} INFO - DAG(s) 'example_trigger_target_dag' retrieved from /home/airflow/.local/lib/python3.8/site-packages/airflow/example_dags/example_trigger_target_dag.py
[2026-07-21T18:12:46.673+0000] {logging_mixin.py:188} INFO - [2026-07-21T18:12:46.672+0000] {dag.py:3036} INFO - Sync 1 DAGs
[2026-07-21T18:12:46.684+0000] {logging_mixin.py:188} INFO - [2026-07-21T18:12:46.684+0000] {dag.py:3823} INFO - Setting next_dagrun for example_trigger_target_dag to None, run_after=None
[2026-07-21T18:12:46.704+0000] {processor.py:183} INFO - Processing /home/airflow/.local/lib/python3.8/site-packages/airflow/example_dags/example_trigger_target_dag.py took 0.068 seconds
[2026-07-21T18:13:17.265+0000] {processor.py:161} INFO - Started process (PID=555) to work on /home/airflow/.local/lib/python3.8/site-packages/airflow/example_dags/example_trigger_target_dag.py
[2026-07-21T18:13:17.266+0000] {processor.py:830} INFO - Processing file /home/airflow/.local/lib/python3.8/site-packages/airflow/example_dags/example_trigger_target_dag.py for tasks to queue
[2026-07-21T18:13:17.268+0000] {logging_mixin.py:188} INFO - [2026-07-21T18:13:17.268+0000] {dagbag.py:538} INFO - Filling up the DagBag from /home/airflow/.local/lib/python3.8/site-packages/airflow/example_dags/example_trigger_target_dag.py
[2026-07-21T18:13:17.274+0000] {processor.py:840} INFO - DAG(s) 'example_trigger_target_dag' retrieved from /home/airflow/.local/lib/python3.8/site-packages/airflow/example_dags/example_trigger_target_dag.py
[2026-07-21T18:13:17.299+0000] {logging_mixin.py:188} INFO - [2026-07-21T18:13:17.298+0000] {dag.py:3036} INFO - Sync 1 DAGs
[2026-07-21T18:13:17.311+0000] {logging_mixin.py:188} INFO - [2026-07-21T18:13:17.311+0000] {dag.py:3823} INFO - Setting next_dagrun for example_trigger_target_dag to None, run_after=None
[2026-07-21T18:13:17.331+0000] {processor.py:183} INFO - Processing /home/airflow/.local/lib/python3.8/site-packages/airflow/example_dags/example_trigger_target_dag.py took 0.070 seconds
[2026-07-21T18:13:47.845+0000] {processor.py:161} INFO - Started process (PID=611) to work on /home/airflow/.local/lib/python3.8/site-packages/airflow/example_dags/example_trigger_target_dag.py
[2026-07-21T18:13:47.846+0000] {processor.py:830} INFO - Processing file /home/airflow/.local/lib/python3.8/site-packages/airflow/example_dags/example_trigger_target_dag.py for tasks to queue
[2026-07-21T18:13:47.848+0000] {logging_mixin.py:188} INFO - [2026-07-21T18:13:47.848+0000] {dagbag.py:538} INFO - Filling up the DagBag from /home/airflow/.local/lib/python3.8/site-packages/airflow/example_dags/example_trigger_target_dag.py
[2026-07-21T18:13:47.854+0000] {processor.py:840} INFO - DAG(s) 'example_trigger_target_dag' retrieved from /home/airflow/.local/lib/python3.8/site-packages/airflow/example_dags/example_trigger_target_dag.py
[2026-07-21T18:13:47.878+0000] {logging_mixin.py:188} INFO - [2026-07-21T18:13:47.878+0000] {dag.py:3036} INFO - Sync 1 DAGs
[2026-07-21T18:13:47.891+0000] {logging_mixin.py:188} INFO - [2026-07-21T18:13:47.891+0000] {dag.py:3823} INFO - Setting next_dagrun for example_trigger_target_dag to None, run_after=None
[2026-07-21T18:13:47.911+0000] {processor.py:183} INFO - Processing /home/airflow/.local/lib/python3.8/site-packages/airflow/example_dags/example_trigger_target_dag.py took 0.070 seconds
[2026-07-21T18:14:18.787+0000] {processor.py:161} INFO - Started process (PID=667) to work on /home/airflow/.local/lib/python3.8/site-packages/airflow/example_dags/example_trigger_target_dag.py
[2026-07-21T18:14:18.788+0000] {processor.py:830} INFO - Processing file /home/airflow/.local/lib/python3.8/site-packages/airflow/example_dags/example_trigger_target_dag.py for tasks to queue
[2026-07-21T18:14:18.790+0000] {logging_mixin.py:188} INFO - [2026-07-21T18:14:18.790+0000] {dagbag.py:538} INFO - Filling up the DagBag from /home/airflow/.local/lib/python3.8/site-packages/airflow/example_dags/example_trigger_target_dag.py
[2026-07-21T18:14:18.797+0000] {processor.py:840} INFO - DAG(s) 'example_trigger_target_dag' retrieved from /home/airflow/.local/lib/python3.8/site-packages/airflow/example_dags/example_trigger_target_dag.py
[2026-07-21T18:14:18.818+0000] {logging_mixin.py:188} INFO - [2026-07-21T18:14:18.818+0000] {dag.py:3036} INFO - Sync 1 DAGs
[2026-07-21T18:14:18.831+0000] {logging_mixin.py:188} INFO - [2026-07-21T18:14:18.831+0000] {dag.py:3823} INFO - Setting next_dagrun for example_trigger_target_dag to None, run_after=None
[2026-07-21T18:14:18.850+0000] {processor.py:183} INFO - Processing /home/airflow/.local/lib/python3.8/site-packages/airflow/example_dags/example_trigger_target_dag.py took 0.068 seconds
[2026-07-21T18:14:49.770+0000] {processor.py:161} INFO - Started process (PID=724) to work on /home/airflow/.local/lib/python3.8/site-packages/airflow/example_dags/example_trigger_target_dag.py
[2026-07-21T18:14:49.772+0000] {processor.py:830} INFO - Processing file /home/airflow/.local/lib/python3.8/site-packages/airflow/example_dags/example_trigger_target_dag.py for tasks to queue
[2026-07-21T18:14:49.774+0000] {logging_mixin.py:188} INFO - [2026-07-21T18:14:49.774+0000] {dagbag.py:538} INFO - Filling up the DagBag from /home/airflow/.local/lib/python3.8/site-packages/airflow/example_dags/example_trigger_target_dag.py
[2026-07-21T18:14:49.781+0000] {processor.py:840} INFO - DAG(s) 'example_trigger_target_dag' retrieved from /home/airflow/.local/lib/python3.8/site-packages/airflow/example_dags/example_trigger_target_dag.py
[2026-07-21T18:14:49.804+0000] {logging_mixin.py:188} INFO - [2026-07-21T18:14:49.804+0000] {dag.py:3036} INFO - Sync 1 DAGs
[2026-07-21T18:14:49.821+0000] {logging_mixin.py:188} INFO - [2026-07-21T18:14:49.820+0000] {dag.py:3823} INFO - Setting next_dagrun for example_trigger_target_dag to None, run_after=None
[2026-07-21T18:14:50.049+0000] {processor.py:183} INFO - Processing /home/airflow/.local/lib/python3.8/site-packages/airflow/example_dags/example_trigger_target_dag.py took 0.283 seconds
[2026-07-21T18:15:20.669+0000] {processor.py:161} INFO - Started process (PID=780) to work on /home/airflow/.local/lib/python3.8/site-packages/airflow/example_dags/example_trigger_target_dag.py
[2026-07-21T18:15:20.670+0000] {processor.py:830} INFO - Processing file /home/airflow/.local/lib/python3.8/site-packages/airflow/example_dags/example_trigger_target_dag.py for tasks to queue
[2026-07-21T18:15:20.672+0000] {logging_mixin.py:188} INFO - [2026-07-21T18:15:20.672+0000] {dagbag.py:538} INFO - Filling up the DagBag from /home/airflow/.local/lib/python3.8/site-packages/airflow/example_dags/example_trigger_target_dag.py
[2026-07-21T18:15:20.678+0000] {processor.py:840} INFO - DAG(s) 'example_trigger_target_dag' retrieved from /home/airflow/.local/lib/python3.8/site-packages/airflow/example_dags/example_trigger_target_dag.py
[2026-07-21T18:15:20.700+0000] {logging_mixin.py:188} INFO - [2026-07-21T18:15:20.700+0000] {dag.py:3036} INFO - Sync 1 DAGs
[2026-07-21T18:15:20.712+0000] {logging_mixin.py:188} INFO - [2026-07-21T18:15:20.712+0000] {dag.py:3823} INFO - Setting next_dagrun for example_trigger_target_dag to None, run_after=None
[2026-07-21T18:15:20.732+0000] {processor.py:183} INFO - Processing /home/airflow/.local/lib/python3.8/site-packages/airflow/example_dags/example_trigger_target_dag.py took 0.067 seconds
[2026-07-21T18:15:51.473+0000] {processor.py:161} INFO - Started process (PID=836) to work on /home/airflow/.local/lib/python3.8/site-packages/airflow/example_dags/example_trigger_target_dag.py
[2026-07-21T18:15:51.475+0000] {processor.py:830} INFO - Processing file /home/airflow/.local/lib/python3.8/site-packages/airflow/example_dags/example_trigger_target_dag.py for tasks to queue
[2026-07-21T18:15:51.477+0000] {logging_mixin.py:188} INFO - [2026-07-21T18:15:51.477+0000] {dagbag.py:538} INFO - Filling up the DagBag from /home/airflow/.local/lib/python3.8/site-packages/airflow/example_dags/example_trigger_target_dag.py
[2026-07-21T18:15:51.483+0000] {processor.py:840} INFO - DAG(s) 'example_trigger_target_dag' retrieved from /home/airflow/.local/lib/python3.8/site-packages/airflow/example_dags/example_trigger_target_dag.py
[2026-07-21T18:15:51.509+0000] {logging_mixin.py:188} INFO - [2026-07-21T18:15:51.509+0000] {dag.py:3036} INFO - Sync 1 DAGs
[2026-07-21T18:15:51.521+0000] {logging_mixin.py:188} INFO - [2026-07-21T18:15:51.521+0000] {dag.py:3823} INFO - Setting next_dagrun for example_trigger_target_dag to None, run_after=None
[2026-07-21T18:15:51.542+0000] {processor.py:183} INFO - Processing /home/airflow/.local/lib/python3.8/site-packages/airflow/example_dags/example_trigger_target_dag.py took 0.073 seconds
[2026-07-21T18:16:22.166+0000] {processor.py:161} INFO - Started process (PID=892) to work on /home/airflow/.local/lib/python3.8/site-packages/airflow/example_dags/example_trigger_target_dag.py
[2026-07-21T18:16:22.167+0000] {processor.py:830} INFO - Processing file /home/airflow/.local/lib/python3.8/site-packages/airflow/example_dags/example_trigger_target_dag.py for tasks to queue
[2026-07-21T18:16:22.170+0000] {logging_mixin.py:188} INFO - [2026-07-21T18:16:22.169+0000] {dagbag.py:538} INFO - Filling up the DagBag from /home/airflow/.local/lib/python3.8/site-packages/airflow/example_dags/example_trigger_target_dag.py
[2026-07-21T18:16:22.177+0000] {processor.py:840} INFO - DAG(s) 'example_trigger_target_dag' retrieved from /home/airflow/.local/lib/python3.8/site-packages/airflow/example_dags/example_trigger_target_dag.py
[2026-07-21T18:16:22.199+0000] {logging_mixin.py:188} INFO - [2026-07-21T18:16:22.199+0000] {dag.py:3036} INFO - Sync 1 DAGs
[2026-07-21T18:16:22.212+0000] {logging_mixin.py:188} INFO - [2026-07-21T18:16:22.211+0000] {dag.py:3823} INFO - Setting next_dagrun for example_trigger_target_dag to None, run_after=None
[2026-07-21T18:16:22.234+0000] {processor.py:183} INFO - Processing /home/airflow/.local/lib/python3.8/site-packages/airflow/example_dags/example_trigger_target_dag.py took 0.072 seconds
[2026-07-21T18:16:52.454+0000] {processor.py:161} INFO - Started process (PID=948) to work on /home/airflow/.local/lib/python3.8/site-packages/airflow/example_dags/example_trigger_target_dag.py
[2026-07-21T18:16:52.456+0000] {processor.py:830} INFO - Processing file /home/airflow/.local/lib/python3.8/site-packages/airflow/example_dags/example_trigger_target_dag.py for tasks to queue
[2026-07-21T18:16:52.457+0000] {logging_mixin.py:188} INFO - [2026-07-21T18:16:52.457+0000] {dagbag.py:538} INFO - Filling up the DagBag from /home/airflow/.local/lib/python3.8/site-packages/airflow/example_dags/example_trigger_target_dag.py
[2026-07-21T18:16:52.464+0000] {processor.py:840} INFO - DAG(s) 'example_trigger_target_dag' retrieved from /home/airflow/.local/lib/python3.8/site-packages/airflow/example_dags/example_trigger_target_dag.py
[2026-07-21T18:16:52.486+0000] {logging_mixin.py:188} INFO - [2026-07-21T18:16:52.486+0000] {dag.py:3036} INFO - Sync 1 DAGs
[2026-07-21T18:16:52.499+0000] {logging_mixin.py:188} INFO - [2026-07-21T18:16:52.498+0000] {dag.py:3823} INFO - Setting next_dagrun for example_trigger_target_dag to None, run_after=None
[2026-07-21T18:16:52.518+0000] {processor.py:183} INFO - Processing /home/airflow/.local/lib/python3.8/site-packages/airflow/example_dags/example_trigger_target_dag.py took 0.068 seconds
[2026-07-21T18:17:22.695+0000] {processor.py:161} INFO - Started process (PID=1004) to work on /home/airflow/.local/lib/python3.8/site-packages/airflow/example_dags/example_trigger_target_dag.py
[2026-07-21T18:17:22.697+0000] {processor.py:830} INFO - Processing file /home/airflow/.local/lib/python3.8/site-packages/airflow/example_dags/example_trigger_target_dag.py for tasks to queue
[2026-07-21T18:17:22.699+0000] {logging_mixin.py:188} INFO - [2026-07-21T18:17:22.698+0000] {dagbag.py:538} INFO - Filling up the DagBag from /home/airflow/.local/lib/python3.8/site-packages/airflow/example_dags/example_trigger_target_dag.py
[2026-07-21T18:17:22.705+0000] {processor.py:840} INFO - DAG(s) 'example_trigger_target_dag' retrieved from /home/airflow/.local/lib/python3.8/site-packages/airflow/example_dags/example_trigger_target_dag.py
[2026-07-21T18:17:22.726+0000] {logging_mixin.py:188} INFO - [2026-07-21T18:17:22.726+0000] {dag.py:3036} INFO - Sync 1 DAGs
[2026-07-21T18:17:22.738+0000] {logging_mixin.py:188} INFO - [2026-07-21T18:17:22.738+0000] {dag.py:3823} INFO - Setting next_dagrun for example_trigger_target_dag to None, run_after=None
[2026-07-21T18:17:22.758+0000] {processor.py:183} INFO - Processing /home/airflow/.local/lib/python3.8/site-packages/airflow/example_dags/example_trigger_target_dag.py took 0.066 seconds
[2026-07-21T18:17:53.688+0000] {processor.py:161} INFO - Started process (PID=1060) to work on /home/airflow/.local/lib/python3.8/site-packages/airflow/example_dags/example_trigger_target_dag.py
[2026-07-21T18:17:53.690+0000] {processor.py:830} INFO - Processing file /home/airflow/.local/lib/python3.8/site-packages/airflow/example_dags/example_trigger_target_dag.py for tasks to queue
[2026-07-21T18:17:53.692+0000] {logging_mixin.py:188} INFO - [2026-07-21T18:17:53.691+0000] {dagbag.py:538} INFO - Filling up the DagBag from /home/airflow/.local/lib/python3.8/site-packages/airflow/example_dags/example_trigger_target_dag.py
[2026-07-21T18:17:53.698+0000] {processor.py:840} INFO - DAG(s) 'example_trigger_target_dag' retrieved from /home/airflow/.local/lib/python3.8/site-packages/airflow/example_dags/example_trigger_target_dag.py
[2026-07-21T18:17:53.719+0000] {logging_mixin.py:188} INFO - [2026-07-21T18:17:53.718+0000] {dag.py:3036} INFO - Sync 1 DAGs
[2026-07-21T18:17:53.731+0000] {logging_mixin.py:188} INFO - [2026-07-21T18:17:53.731+0000] {dag.py:3823} INFO - Setting next_dagrun for example_trigger_target_dag to None, run_after=None
[2026-07-21T18:17:53.753+0000] {processor.py:183} INFO - Processing /home/airflow/.local/lib/python3.8/site-packages/airflow/example_dags/example_trigger_target_dag.py took 0.068 seconds
[2026-07-21T18:18:24.709+0000] {processor.py:161} INFO - Started process (PID=1116) to work on /home/airflow/.local/lib/python3.8/site-packages/airflow/example_dags/example_trigger_target_dag.py
[2026-07-21T18:18:24.710+0000] {processor.py:830} INFO - Processing file /home/airflow/.local/lib/python3.8/site-packages/airflow/example_dags/example_trigger_target_dag.py for tasks to queue
[2026-07-21T18:18:24.712+0000] {logging_mixin.py:188} INFO - [2026-07-21T18:18:24.712+0000] {dagbag.py:538} INFO - Filling up the DagBag from /home/airflow/.local/lib/python3.8/site-packages/airflow/example_dags/example_trigger_target_dag.py
[2026-07-21T18:18:24.718+0000] {processor.py:840} INFO - DAG(s) 'example_trigger_target_dag' retrieved from /home/airflow/.local/lib/python3.8/site-packages/airflow/example_dags/example_trigger_target_dag.py
[2026-07-21T18:18:24.742+0000] {logging_mixin.py:188} INFO - [2026-07-21T18:18:24.741+0000] {dag.py:3036} INFO - Sync 1 DAGs
[2026-07-21T18:18:24.754+0000] {logging_mixin.py:188} INFO - [2026-07-21T18:18:24.753+0000] {dag.py:3823} INFO - Setting next_dagrun for example_trigger_target_dag to None, run_after=None
[2026-07-21T18:18:24.776+0000] {processor.py:183} INFO - Processing /home/airflow/.local/lib/python3.8/site-packages/airflow/example_dags/example_trigger_target_dag.py took 0.070 seconds
[2026-07-21T18:18:55.323+0000] {processor.py:161} INFO - Started process (PID=1172) to work on /home/airflow/.local/lib/python3.8/site-packages/airflow/example_dags/example_trigger_target_dag.py
[2026-07-21T18:18:55.324+0000] {processor.py:830} INFO - Processing file /home/airflow/.local/lib/python3.8/site-packages/airflow/example_dags/example_trigger_target_dag.py for tasks to queue
[2026-07-21T18:18:55.326+0000] {logging_mixin.py:188} INFO - [2026-07-21T18:18:55.326+0000] {dagbag.py:538} INFO - Filling up the DagBag from /home/airflow/.local/lib/python3.8/site-packages/airflow/example_dags/example_trigger_target_dag.py
[2026-07-21T18:18:55.332+0000] {processor.py:840} INFO - DAG(s) 'example_trigger_target_dag' retrieved from /home/airflow/.local/lib/python3.8/site-packages/airflow/example_dags/example_trigger_target_dag.py
[2026-07-21T18:18:55.354+0000] {logging_mixin.py:188} INFO - [2026-07-21T18:18:55.353+0000] {dag.py:3036} INFO - Sync 1 DAGs
[2026-07-21T18:18:55.365+0000] {logging_mixin.py:188} INFO - [2026-07-21T18:18:55.365+0000] {dag.py:3823} INFO - Setting next_dagrun for example_trigger_target_dag to None, run_after=None
[2026-07-21T18:18:55.384+0000] {processor.py:183} INFO - Processing /home/airflow/.local/lib/python3.8/site-packages/airflow/example_dags/example_trigger_target_dag.py took 0.064 seconds
[2026-07-21T18:19:26.298+0000] {processor.py:161} INFO - Started process (PID=1228) to work on /home/airflow/.local/lib/python3.8/site-packages/airflow/example_dags/example_trigger_target_dag.py
[2026-07-21T18:19:26.299+0000] {processor.py:830} INFO - Processing file /home/airflow/.local/lib/python3.8/site-packages/airflow/example_dags/example_trigger_target_dag.py for tasks to queue
[2026-07-21T18:19:26.301+0000] {logging_mixin.py:188} INFO - [2026-07-21T18:19:26.301+0000] {dagbag.py:538} INFO - Filling up the DagBag from /home/airflow/.local/lib/python3.8/site-packages/airflow/example_dags/example_trigger_target_dag.py
[2026-07-21T18:19:26.307+0000] {processor.py:840} INFO - DAG(s) 'example_trigger_target_dag' retrieved from /home/airflow/.local/lib/python3.8/site-packages/airflow/example_dags/example_trigger_target_dag.py
[2026-07-21T18:19:26.328+0000] {logging_mixin.py:188} INFO - [2026-07-21T18:19:26.328+0000] {dag.py:3036} INFO - Sync 1 DAGs
[2026-07-21T18:19:26.340+0000] {logging_mixin.py:188} INFO - [2026-07-21T18:19:26.339+0000] {dag.py:3823} INFO - Setting next_dagrun for example_trigger_target_dag to None, run_after=None
[2026-07-21T18:19:26.359+0000] {processor.py:183} INFO - Processing /home/airflow/.local/lib/python3.8/site-packages/airflow/example_dags/example_trigger_target_dag.py took 0.065 seconds
[2026-07-21T18:19:56.796+0000] {processor.py:161} INFO - Started process (PID=1284) to work on /home/airflow/.local/lib/python3.8/site-packages/airflow/example_dags/example_trigger_target_dag.py
[2026-07-21T18:19:56.797+0000] {processor.py:830} INFO - Processing file /home/airflow/.local/lib/python3.8/site-packages/airflow/example_dags/example_trigger_target_dag.py for tasks to queue
[2026-07-21T18:19:56.799+0000] {logging_mixin.py:188} INFO - [2026-07-21T18:19:56.799+0000] {dagbag.py:538} INFO - Filling up the DagBag from /home/airflow/.local/lib/python3.8/site-packages/airflow/example_dags/example_trigger_target_dag.py
[2026-07-21T18:19:56.805+0000] {processor.py:840} INFO - DAG(s) 'example_trigger_target_dag' retrieved from /home/airflow/.local/lib/python3.8/site-packages/airflow/example_dags/example_trigger_target_dag.py
[2026-07-21T18:19:56.826+0000] {logging_mixin.py:188} INFO - [2026-07-21T18:19:56.826+0000] {dag.py:3036} INFO - Sync 1 DAGs
[2026-07-21T18:19:56.837+0000] {logging_mixin.py:188} INFO - [2026-07-21T18:19:56.837+0000] {dag.py:3823} INFO - Setting next_dagrun for example_trigger_target_dag to None, run_after=None
[2026-07-21T18:19:56.856+0000] {processor.py:183} INFO - Processing /home/airflow/.local/lib/python3.8/site-packages/airflow/example_dags/example_trigger_target_dag.py took 0.064 seconds
[2026-07-21T18:20:27.421+0000] {processor.py:161} INFO - Started process (PID=1340) to work on /home/airflow/.local/lib/python3.8/site-packages/airflow/example_dags/example_trigger_target_dag.py
[2026-07-21T18:20:27.422+0000] {processor.py:830} INFO - Processing file /home/airflow/.local/lib/python3.8/site-packages/airflow/example_dags/example_trigger_target_dag.py for tasks to queue
[2026-07-21T18:20:27.424+0000] {logging_mixin.py:188} INFO - [2026-07-21T18:20:27.424+0000] {dagbag.py:538} INFO - Filling up the DagBag from /home/airflow/.local/lib/python3.8/site-packages/airflow/example_dags/example_trigger_target_dag.py
[2026-07-21T18:20:27.430+0000] {processor.py:840} INFO - DAG(s) 'example_trigger_target_dag' retrieved from /home/airflow/.local/lib/python3.8/site-packages/airflow/example_dags/example_trigger_target_dag.py
[2026-07-21T18:20:27.451+0000] {logging_mixin.py:188} INFO - [2026-07-21T18:20:27.451+0000] {dag.py:3036} INFO - Sync 1 DAGs
[2026-07-21T18:20:27.462+0000] {logging_mixin.py:188} INFO - [2026-07-21T18:20:27.462+0000] {dag.py:3823} INFO - Setting next_dagrun for example_trigger_target_dag to None, run_after=None
[2026-07-21T18:20:27.482+0000] {processor.py:183} INFO - Processing /home/airflow/.local/lib/python3.8/site-packages/airflow/example_dags/example_trigger_target_dag.py took 0.064 seconds
[2026-07-21T18:20:57.907+0000] {processor.py:161} INFO - Started process (PID=1396) to work on /home/airflow/.local/lib/python3.8/site-packages/airflow/example_dags/example_trigger_target_dag.py
[2026-07-21T18:20:57.908+0000] {processor.py:830} INFO - Processing file /home/airflow/.local/lib/python3.8/site-packages/airflow/example_dags/example_trigger_target_dag.py for tasks to queue
[2026-07-21T18:20:57.910+0000] {logging_mixin.py:188} INFO - [2026-07-21T18:20:57.910+0000] {dagbag.py:538} INFO - Filling up the DagBag from /home/airflow/.local/lib/python3.8/site-packages/airflow/example_dags/example_trigger_target_dag.py
[2026-07-21T18:20:57.917+0000] {processor.py:840} INFO - DAG(s) 'example_trigger_target_dag' retrieved from /home/airflow/.local/lib/python3.8/site-packages/airflow/example_dags/example_trigger_target_dag.py
[2026-07-21T18:20:57.937+0000] {logging_mixin.py:188} INFO - [2026-07-21T18:20:57.937+0000] {dag.py:3036} INFO - Sync 1 DAGs
[2026-07-21T18:20:57.949+0000] {logging_mixin.py:188} INFO - [2026-07-21T18:20:57.948+0000] {dag.py:3823} INFO - Setting next_dagrun for example_trigger_target_dag to None, run_after=None
[2026-07-21T18:20:57.968+0000] {processor.py:183} INFO - Processing /home/airflow/.local/lib/python3.8/site-packages/airflow/example_dags/example_trigger_target_dag.py took 0.065 seconds
[2026-07-21T18:21:28.698+0000] {processor.py:161} INFO - Started process (PID=1452) to work on /home/airflow/.local/lib/python3.8/site-packages/airflow/example_dags/example_trigger_target_dag.py
[2026-07-21T18:21:28.700+0000] {processor.py:830} INFO - Processing file /home/airflow/.local/lib/python3.8/site-packages/airflow/example_dags/example_trigger_target_dag.py for tasks to queue
[2026-07-21T18:21:28.702+0000] {logging_mixin.py:188} INFO - [2026-07-21T18:21:28.702+0000] {dagbag.py:538} INFO - Filling up the DagBag from /home/airflow/.local/lib/python3.8/site-packages/airflow/example_dags/example_trigger_target_dag.py
[2026-07-21T18:21:28.708+0000] {processor.py:840} INFO - DAG(s) 'example_trigger_target_dag' retrieved from /home/airflow/.local/lib/python3.8/site-packages/airflow/example_dags/example_trigger_target_dag.py
[2026-07-21T18:21:28.728+0000] {logging_mixin.py:188} INFO - [2026-07-21T18:21:28.728+0000] {dag.py:3036} INFO - Sync 1 DAGs
[2026-07-21T18:21:28.739+0000] {logging_mixin.py:188} INFO - [2026-07-21T18:21:28.739+0000] {dag.py:3823} INFO - Setting next_dagrun for example_trigger_target_dag to None, run_after=None
[2026-07-21T18:21:28.758+0000] {processor.py:183} INFO - Processing /home/airflow/.local/lib/python3.8/site-packages/airflow/example_dags/example_trigger_target_dag.py took 0.063 seconds
[2026-07-21T18:21:58.962+0000] {processor.py:161} INFO - Started process (PID=1508) to work on /home/airflow/.local/lib/python3.8/site-packages/airflow/example_dags/example_trigger_target_dag.py
[2026-07-21T18:21:58.963+0000] {processor.py:830} INFO - Processing file /home/airflow/.local/lib/python3.8/site-packages/airflow/example_dags/example_trigger_target_dag.py for tasks to queue
[2026-07-21T18:21:58.965+0000] {logging_mixin.py:188} INFO - [2026-07-21T18:21:58.965+0000] {dagbag.py:538} INFO - Filling up the DagBag from /home/airflow/.local/lib/python3.8/site-packages/airflow/example_dags/example_trigger_target_dag.py
[2026-07-21T18:21:58.972+0000] {processor.py:840} INFO - DAG(s) 'example_trigger_target_dag' retrieved from /home/airflow/.local/lib/python3.8/site-packages/airflow/example_dags/example_trigger_target_dag.py
[2026-07-21T18:21:58.992+0000] {logging_mixin.py:188} INFO - [2026-07-21T18:21:58.992+0000] {dag.py:3036} INFO - Sync 1 DAGs
[2026-07-21T18:21:59.004+0000] {logging_mixin.py:188} INFO - [2026-07-21T18:21:59.004+0000] {dag.py:3823} INFO - Setting next_dagrun for example_trigger_target_dag to None, run_after=None
[2026-07-21T18:21:59.021+0000] {processor.py:183} INFO - Processing /home/airflow/.local/lib/python3.8/site-packages/airflow/example_dags/example_trigger_target_dag.py took 0.063 seconds
[2026-07-21T18:22:29.116+0000] {processor.py:161} INFO - Started process (PID=1564) to work on /home/airflow/.local/lib/python3.8/site-packages/airflow/example_dags/example_trigger_target_dag.py
[2026-07-21T18:22:29.117+0000] {processor.py:830} INFO - Processing file /home/airflow/.local/lib/python3.8/site-packages/airflow/example_dags/example_trigger_target_dag.py for tasks to queue
[2026-07-21T18:22:29.119+0000] {logging_mixin.py:188} INFO - [2026-07-21T18:22:29.119+0000] {dagbag.py:538} INFO - Filling up the DagBag from /home/airflow/.local/lib/python3.8/site-packages/airflow/example_dags/example_trigger_target_dag.py
[2026-07-21T18:22:29.125+0000] {processor.py:840} INFO - DAG(s) 'example_trigger_target_dag' retrieved from /home/airflow/.local/lib/python3.8/site-packages/airflow/example_dags/example_trigger_target_dag.py
[2026-07-21T18:22:29.146+0000] {logging_mixin.py:188} INFO - [2026-07-21T18:22:29.146+0000] {dag.py:3036} INFO - Sync 1 DAGs
[2026-07-21T18:22:29.157+0000] {logging_mixin.py:188} INFO - [2026-07-21T18:22:29.157+0000] {dag.py:3823} INFO - Setting next_dagrun for example_trigger_target_dag to None, run_after=None
[2026-07-21T18:22:29.177+0000] {processor.py:183} INFO - Processing /home/airflow/.local/lib/python3.8/site-packages/airflow/example_dags/example_trigger_target_dag.py took 0.065 seconds
[2026-07-21T18:23:01.211+0000] {processor.py:161} INFO - Started process (PID=1620) to work on /home/airflow/.local/lib/python3.8/site-packages/airflow/example_dags/example_trigger_target_dag.py
[2026-07-21T18:23:01.213+0000] {processor.py:830} INFO - Processing file /home/airflow/.local/lib/python3.8/site-packages/airflow/example_dags/example_trigger_target_dag.py for tasks to queue
[2026-07-21T18:23:01.214+0000] {logging_mixin.py:188} INFO - [2026-07-21T18:23:01.214+0000] {dagbag.py:538} INFO - Filling up the DagBag from /home/airflow/.local/lib/python3.8/site-packages/airflow/example_dags/example_trigger_target_dag.py
[2026-07-21T18:23:01.221+0000] {processor.py:840} INFO - DAG(s) 'example_trigger_target_dag' retrieved from /home/airflow/.local/lib/python3.8/site-packages/airflow/example_dags/example_trigger_target_dag.py
[2026-07-21T18:23:01.393+0000] {logging_mixin.py:188} INFO - [2026-07-21T18:23:01.392+0000] {dag.py:3036} INFO - Sync 1 DAGs
[2026-07-21T18:23:01.402+0000] {logging_mixin.py:188} INFO - [2026-07-21T18:23:01.402+0000] {dag.py:3823} INFO - Setting next_dagrun for example_trigger_target_dag to None, run_after=None
[2026-07-21T18:23:01.421+0000] {processor.py:183} INFO - Processing /home/airflow/.local/lib/python3.8/site-packages/airflow/example_dags/example_trigger_target_dag.py took 0.213 seconds
[2026-07-21T18:23:32.216+0000] {processor.py:161} INFO - Started process (PID=1676) to work on /home/airflow/.local/lib/python3.8/site-packages/airflow/example_dags/example_trigger_target_dag.py
[2026-07-21T18:23:32.217+0000] {processor.py:830} INFO - Processing file /home/airflow/.local/lib/python3.8/site-packages/airflow/example_dags/example_trigger_target_dag.py for tasks to queue
[2026-07-21T18:23:32.219+0000] {logging_mixin.py:188} INFO - [2026-07-21T18:23:32.219+0000] {dagbag.py:538} INFO - Filling up the DagBag from /home/airflow/.local/lib/python3.8/site-packages/airflow/example_dags/example_trigger_target_dag.py
[2026-07-21T18:23:32.226+0000] {processor.py:840} INFO - DAG(s) 'example_trigger_target_dag' retrieved from /home/airflow/.local/lib/python3.8/site-packages/airflow/example_dags/example_trigger_target_dag.py
[2026-07-21T18:23:32.246+0000] {logging_mixin.py:188} INFO - [2026-07-21T18:23:32.246+0000] {dag.py:3036} INFO - Sync 1 DAGs
[2026-07-21T18:23:32.402+0000] {logging_mixin.py:188} INFO - [2026-07-21T18:23:32.402+0000] {dag.py:3823} INFO - Setting next_dagrun for example_trigger_target_dag to None, run_after=None
[2026-07-21T18:23:32.429+0000] {processor.py:183} INFO - Processing /home/airflow/.local/lib/python3.8/site-packages/airflow/example_dags/example_trigger_target_dag.py took 0.217 seconds
[2026-07-21T18:24:03.297+0000] {processor.py:161} INFO - Started process (PID=1732) to work on /home/airflow/.local/lib/python3.8/site-packages/airflow/example_dags/example_trigger_target_dag.py
[2026-07-21T18:24:03.298+0000] {processor.py:830} INFO - Processing file /home/airflow/.local/lib/python3.8/site-packages/airflow/example_dags/example_trigger_target_dag.py for tasks to queue
[2026-07-21T18:24:03.301+0000] {logging_mixin.py:188} INFO - [2026-07-21T18:24:03.300+0000] {dagbag.py:538} INFO - Filling up the DagBag from /home/airflow/.local/lib/python3.8/site-packages/airflow/example_dags/example_trigger_target_dag.py
[2026-07-21T18:24:03.308+0000] {processor.py:840} INFO - DAG(s) 'example_trigger_target_dag' retrieved from /home/airflow/.local/lib/python3.8/site-packages/airflow/example_dags/example_trigger_target_dag.py
[2026-07-21T18:24:03.331+0000] {logging_mixin.py:188} INFO - [2026-07-21T18:24:03.330+0000] {dag.py:3036} INFO - Sync 1 DAGs
[2026-07-21T18:24:03.344+0000] {logging_mixin.py:188} INFO - [2026-07-21T18:24:03.343+0000] {dag.py:3823} INFO - Setting next_dagrun for example_trigger_target_dag to None, run_after=None
[2026-07-21T18:24:03.366+0000] {processor.py:183} INFO - Processing /home/airflow/.local/lib/python3.8/site-packages/airflow/example_dags/example_trigger_target_dag.py took 0.073 seconds
[2026-07-21T18:24:33.565+0000] {processor.py:161} INFO - Started process (PID=1788) to work on /home/airflow/.local/lib/python3.8/site-packages/airflow/example_dags/example_trigger_target_dag.py
[2026-07-21T18:24:33.566+0000] {processor.py:830} INFO - Processing file /home/airflow/.local/lib/python3.8/site-packages/airflow/example_dags/example_trigger_target_dag.py for tasks to queue
[2026-07-21T18:24:33.569+0000] {logging_mixin.py:188} INFO - [2026-07-21T18:24:33.568+0000] {dagbag.py:538} INFO - Filling up the DagBag from /home/airflow/.local/lib/python3.8/site-packages/airflow/example_dags/example_trigger_target_dag.py
[2026-07-21T18:24:33.577+0000] {processor.py:840} INFO - DAG(s) 'example_trigger_target_dag' retrieved from /home/airflow/.local/lib/python3.8/site-packages/airflow/example_dags/example_trigger_target_dag.py
[2026-07-21T18:24:33.605+0000] {logging_mixin.py:188} INFO - [2026-07-21T18:24:33.604+0000] {dag.py:3036} INFO - Sync 1 DAGs
[2026-07-21T18:24:33.617+0000] {logging_mixin.py:188} INFO - [2026-07-21T18:24:33.617+0000] {dag.py:3823} INFO - Setting next_dagrun for example_trigger_target_dag to None, run_after=None
[2026-07-21T18:24:33.640+0000] {processor.py:183} INFO - Processing /home/airflow/.local/lib/python3.8/site-packages/airflow/example_dags/example_trigger_target_dag.py took 0.079 seconds
[2026-07-21T18:25:03.797+0000] {processor.py:161} INFO - Started process (PID=1844) to work on /home/airflow/.local/lib/python3.8/site-packages/airflow/example_dags/example_trigger_target_dag.py
[2026-07-21T18:25:03.798+0000] {processor.py:830} INFO - Processing file /home/airflow/.local/lib/python3.8/site-packages/airflow/example_dags/example_trigger_target_dag.py for tasks to queue
[2026-07-21T18:25:03.800+0000] {logging_mixin.py:188} INFO - [2026-07-21T18:25:03.800+0000] {dagbag.py:538} INFO - Filling up the DagBag from /home/airflow/.local/lib/python3.8/site-packages/airflow/example_dags/example_trigger_target_dag.py
[2026-07-21T18:25:03.806+0000] {processor.py:840} INFO - DAG(s) 'example_trigger_target_dag' retrieved from /home/airflow/.local/lib/python3.8/site-packages/airflow/example_dags/example_trigger_target_dag.py
[2026-07-21T18:25:03.829+0000] {logging_mixin.py:188} INFO - [2026-07-21T18:25:03.829+0000] {dag.py:3036} INFO - Sync 1 DAGs
[2026-07-21T18:25:03.842+0000] {logging_mixin.py:188} INFO - [2026-07-21T18:25:03.842+0000] {dag.py:3823} INFO - Setting next_dagrun for example_trigger_target_dag to None, run_after=None
[2026-07-21T18:25:03.863+0000] {processor.py:183} INFO - Processing /home/airflow/.local/lib/python3.8/site-packages/airflow/example_dags/example_trigger_target_dag.py took 0.071 seconds
[2026-07-21T18:25:34.231+0000] {processor.py:161} INFO - Started process (PID=1900) to work on /home/airflow/.local/lib/python3.8/site-packages/airflow/example_dags/example_trigger_target_dag.py
[2026-07-21T18:25:34.233+0000] {processor.py:830} INFO - Processing file /home/airflow/.local/lib/python3.8/site-packages/airflow/example_dags/example_trigger_target_dag.py for tasks to queue
[2026-07-21T18:25:34.235+0000] {logging_mixin.py:188} INFO - [2026-07-21T18:25:34.234+0000] {dagbag.py:538} INFO - Filling up the DagBag from /home/airflow/.local/lib/python3.8/site-packages/airflow/example_dags/example_trigger_target_dag.py
[2026-07-21T18:25:34.242+0000] {processor.py:840} INFO - DAG(s) 'example_trigger_target_dag' retrieved from /home/airflow/.local/lib/python3.8/site-packages/airflow/example_dags/example_trigger_target_dag.py
[2026-07-21T18:25:34.265+0000] {logging_mixin.py:188} INFO - [2026-07-21T18:25:34.264+0000] {dag.py:3036} INFO - Sync 1 DAGs
[2026-07-21T18:25:34.278+0000] {logging_mixin.py:188} INFO - [2026-07-21T18:25:34.277+0000] {dag.py:3823} INFO - Setting next_dagrun for example_trigger_target_dag to None, run_after=None
[2026-07-21T18:25:34.306+0000] {processor.py:183} INFO - Processing /home/airflow/.local/lib/python3.8/site-packages/airflow/example_dags/example_trigger_target_dag.py took 0.078 seconds
[2026-07-21T18:26:04.822+0000] {processor.py:161} INFO - Started process (PID=1956) to work on /home/airflow/.local/lib/python3.8/site-packages/airflow/example_dags/example_trigger_target_dag.py
[2026-07-21T18:26:04.823+0000] {processor.py:830} INFO - Processing file /home/airflow/.local/lib/python3.8/site-packages/airflow/example_dags/example_trigger_target_dag.py for tasks to queue
[2026-07-21T18:26:04.826+0000] {logging_mixin.py:188} INFO - [2026-07-21T18:26:04.825+0000] {dagbag.py:538} INFO - Filling up the DagBag from /home/airflow/.local/lib/python3.8/site-packages/airflow/example_dags/example_trigger_target_dag.py
[2026-07-21T18:26:04.832+0000] {processor.py:840} INFO - DAG(s) 'example_trigger_target_dag' retrieved from /home/airflow/.local/lib/python3.8/site-packages/airflow/example_dags/example_trigger_target_dag.py
[2026-07-21T18:26:04.856+0000] {logging_mixin.py:188} INFO - [2026-07-21T18:26:04.856+0000] {dag.py:3036} INFO - Sync 1 DAGs
[2026-07-21T18:26:04.870+0000] {logging_mixin.py:188} INFO - [2026-07-21T18:26:04.869+0000] {dag.py:3823} INFO - Setting next_dagrun for example_trigger_target_dag to None, run_after=None
[2026-07-21T18:26:04.893+0000] {processor.py:183} INFO - Processing /home/airflow/.local/lib/python3.8/site-packages/airflow/example_dags/example_trigger_target_dag.py took 0.076 seconds
[2026-07-21T18:26:35.545+0000] {processor.py:161} INFO - Started process (PID=2012) to work on /home/airflow/.local/lib/python3.8/site-packages/airflow/example_dags/example_trigger_target_dag.py
[2026-07-21T18:26:35.547+0000] {processor.py:830} INFO - Processing file /home/airflow/.local/lib/python3.8/site-packages/airflow/example_dags/example_trigger_target_dag.py for tasks to queue
[2026-07-21T18:26:35.550+0000] {logging_mixin.py:188} INFO - [2026-07-21T18:26:35.550+0000] {dagbag.py:538} INFO - Filling up the DagBag from /home/airflow/.local/lib/python3.8/site-packages/airflow/example_dags/example_trigger_target_dag.py
[2026-07-21T18:26:35.560+0000] {processor.py:840} INFO - DAG(s) 'example_trigger_target_dag' retrieved from /home/airflow/.local/lib/python3.8/site-packages/airflow/example_dags/example_trigger_target_dag.py
[2026-07-21T18:26:35.589+0000] {logging_mixin.py:188} INFO - [2026-07-21T18:26:35.589+0000] {dag.py:3036} INFO - Sync 1 DAGs
[2026-07-21T18:26:35.603+0000] {logging_mixin.py:188} INFO - [2026-07-21T18:26:35.602+0000] {dag.py:3823} INFO - Setting next_dagrun for example_trigger_target_dag to None, run_after=None
[2026-07-21T18:26:35.625+0000] {processor.py:183} INFO - Processing /home/airflow/.local/lib/python3.8/site-packages/airflow/example_dags/example_trigger_target_dag.py took 0.085 seconds
[2026-07-21T18:27:05.931+0000] {processor.py:161} INFO - Started process (PID=2068) to work on /home/airflow/.local/lib/python3.8/site-packages/airflow/example_dags/example_trigger_target_dag.py
[2026-07-21T18:27:05.933+0000] {processor.py:830} INFO - Processing file /home/airflow/.local/lib/python3.8/site-packages/airflow/example_dags/example_trigger_target_dag.py for tasks to queue
[2026-07-21T18:27:05.935+0000] {logging_mixin.py:188} INFO - [2026-07-21T18:27:05.934+0000] {dagbag.py:538} INFO - Filling up the DagBag from /home/airflow/.local/lib/python3.8/site-packages/airflow/example_dags/example_trigger_target_dag.py
[2026-07-21T18:27:05.941+0000] {processor.py:840} INFO - DAG(s) 'example_trigger_target_dag' retrieved from /home/airflow/.local/lib/python3.8/site-packages/airflow/example_dags/example_trigger_target_dag.py
[2026-07-21T18:27:05.962+0000] {logging_mixin.py:188} INFO - [2026-07-21T18:27:05.962+0000] {dag.py:3036} INFO - Sync 1 DAGs
[2026-07-21T18:27:05.973+0000] {logging_mixin.py:188} INFO - [2026-07-21T18:27:05.973+0000] {dag.py:3823} INFO - Setting next_dagrun for example_trigger_target_dag to None, run_after=None
[2026-07-21T18:27:05.990+0000] {processor.py:183} INFO - Processing /home/airflow/.local/lib/python3.8/site-packages/airflow/example_dags/example_trigger_target_dag.py took 0.063 seconds
[2026-07-21T18:27:36.645+0000] {processor.py:161} INFO - Started process (PID=2124) to work on /home/airflow/.local/lib/python3.8/site-packages/airflow/example_dags/example_trigger_target_dag.py
[2026-07-21T18:27:36.646+0000] {processor.py:830} INFO - Processing file /home/airflow/.local/lib/python3.8/site-packages/airflow/example_dags/example_trigger_target_dag.py for tasks to queue
[2026-07-21T18:27:36.648+0000] {logging_mixin.py:188} INFO - [2026-07-21T18:27:36.648+0000] {dagbag.py:538} INFO - Filling up the DagBag from /home/airflow/.local/lib/python3.8/site-packages/airflow/example_dags/example_trigger_target_dag.py
[2026-07-21T18:27:36.654+0000] {processor.py:840} INFO - DAG(s) 'example_trigger_target_dag' retrieved from /home/airflow/.local/lib/python3.8/site-packages/airflow/example_dags/example_trigger_target_dag.py
[2026-07-21T18:27:36.675+0000] {logging_mixin.py:188} INFO - [2026-07-21T18:27:36.675+0000] {dag.py:3036} INFO - Sync 1 DAGs
[2026-07-21T18:27:36.686+0000] {logging_mixin.py:188} INFO - [2026-07-21T18:27:36.686+0000] {dag.py:3823} INFO - Setting next_dagrun for example_trigger_target_dag to None, run_after=None
[2026-07-21T18:27:36.704+0000] {processor.py:183} INFO - Processing /home/airflow/.local/lib/python3.8/site-packages/airflow/example_dags/example_trigger_target_dag.py took 0.063 seconds
[2026-07-21T18:28:07.263+0000] {processor.py:161} INFO - Started process (PID=2180) to work on /home/airflow/.local/lib/python3.8/site-packages/airflow/example_dags/example_trigger_target_dag.py
[2026-07-21T18:28:07.265+0000] {processor.py:830} INFO - Processing file /home/airflow/.local/lib/python3.8/site-packages/airflow/example_dags/example_trigger_target_dag.py for tasks to queue
[2026-07-21T18:28:07.267+0000] {logging_mixin.py:188} INFO - [2026-07-21T18:28:07.266+0000] {dagbag.py:538} INFO - Filling up the DagBag from /home/airflow/.local/lib/python3.8/site-packages/airflow/example_dags/example_trigger_target_dag.py
[2026-07-21T18:28:07.272+0000] {processor.py:840} INFO - DAG(s) 'example_trigger_target_dag' retrieved from /home/airflow/.local/lib/python3.8/site-packages/airflow/example_dags/example_trigger_target_dag.py
[2026-07-21T18:28:07.293+0000] {logging_mixin.py:188} INFO - [2026-07-21T18:28:07.292+0000] {dag.py:3036} INFO - Sync 1 DAGs
[2026-07-21T18:28:07.303+0000] {logging_mixin.py:188} INFO - [2026-07-21T18:28:07.303+0000] {dag.py:3823} INFO - Setting next_dagrun for example_trigger_target_dag to None, run_after=None
[2026-07-21T18:28:07.331+0000] {processor.py:183} INFO - Processing /home/airflow/.local/lib/python3.8/site-packages/airflow/example_dags/example_trigger_target_dag.py took 0.071 seconds
[2026-07-21T18:28:37.708+0000] {processor.py:161} INFO - Started process (PID=2236) to work on /home/airflow/.local/lib/python3.8/site-packages/airflow/example_dags/example_trigger_target_dag.py
[2026-07-21T18:28:37.709+0000] {processor.py:830} INFO - Processing file /home/airflow/.local/lib/python3.8/site-packages/airflow/example_dags/example_trigger_target_dag.py for tasks to queue
[2026-07-21T18:28:37.711+0000] {logging_mixin.py:188} INFO - [2026-07-21T18:28:37.711+0000] {dagbag.py:538} INFO - Filling up the DagBag from /home/airflow/.local/lib/python3.8/site-packages/airflow/example_dags/example_trigger_target_dag.py
[2026-07-21T18:28:37.718+0000] {processor.py:840} INFO - DAG(s) 'example_trigger_target_dag' retrieved from /home/airflow/.local/lib/python3.8/site-packages/airflow/example_dags/example_trigger_target_dag.py
[2026-07-21T18:28:37.738+0000] {logging_mixin.py:188} INFO - [2026-07-21T18:28:37.738+0000] {dag.py:3036} INFO - Sync 1 DAGs
[2026-07-21T18:28:37.749+0000] {logging_mixin.py:188} INFO - [2026-07-21T18:28:37.749+0000] {dag.py:3823} INFO - Setting next_dagrun for example_trigger_target_dag to None, run_after=None
[2026-07-21T18:28:37.777+0000] {processor.py:183} INFO - Processing /home/airflow/.local/lib/python3.8/site-packages/airflow/example_dags/example_trigger_target_dag.py took 0.073 seconds
[2026-07-21T18:29:07.903+0000] {processor.py:161} INFO - Started process (PID=2292) to work on /home/airflow/.local/lib/python3.8/site-packages/airflow/example_dags/example_trigger_target_dag.py
[2026-07-21T18:29:07.904+0000] {processor.py:830} INFO - Processing file /home/airflow/.local/lib/python3.8/site-packages/airflow/example_dags/example_trigger_target_dag.py for tasks to queue
[2026-07-21T18:29:07.907+0000] {logging_mixin.py:188} INFO - [2026-07-21T18:29:07.906+0000] {dagbag.py:538} INFO - Filling up the DagBag from /home/airflow/.local/lib/python3.8/site-packages/airflow/example_dags/example_trigger_target_dag.py
[2026-07-21T18:29:07.913+0000] {processor.py:840} INFO - DAG(s) 'example_trigger_target_dag' retrieved from /home/airflow/.local/lib/python3.8/site-packages/airflow/example_dags/example_trigger_target_dag.py
[2026-07-21T18:29:07.934+0000] {logging_mixin.py:188} INFO - [2026-07-21T18:29:07.934+0000] {dag.py:3036} INFO - Sync 1 DAGs
[2026-07-21T18:29:07.945+0000] {logging_mixin.py:188} INFO - [2026-07-21T18:29:07.945+0000] {dag.py:3823} INFO - Setting next_dagrun for example_trigger_target_dag to None, run_after=None
[2026-07-21T18:29:07.972+0000] {processor.py:183} INFO - Processing /home/airflow/.local/lib/python3.8/site-packages/airflow/example_dags/example_trigger_target_dag.py took 0.073 seconds
[2026-07-21T18:29:38.545+0000] {processor.py:161} INFO - Started process (PID=2348) to work on /home/airflow/.local/lib/python3.8/site-packages/airflow/example_dags/example_trigger_target_dag.py
[2026-07-21T18:29:38.546+0000] {processor.py:830} INFO - Processing file /home/airflow/.local/lib/python3.8/site-packages/airflow/example_dags/example_trigger_target_dag.py for tasks to queue
[2026-07-21T18:29:38.548+0000] {logging_mixin.py:188} INFO - [2026-07-21T18:29:38.547+0000] {dagbag.py:538} INFO - Filling up the DagBag from /home/airflow/.local/lib/python3.8/site-packages/airflow/example_dags/example_trigger_target_dag.py
[2026-07-21T18:29:38.554+0000] {processor.py:840} INFO - DAG(s) 'example_trigger_target_dag' retrieved from /home/airflow/.local/lib/python3.8/site-packages/airflow/example_dags/example_trigger_target_dag.py
[2026-07-21T18:29:38.574+0000] {logging_mixin.py:188} INFO - [2026-07-21T18:29:38.574+0000] {dag.py:3036} INFO - Sync 1 DAGs
[2026-07-21T18:29:38.585+0000] {logging_mixin.py:188} INFO - [2026-07-21T18:29:38.585+0000] {dag.py:3823} INFO - Setting next_dagrun for example_trigger_target_dag to None, run_after=None
[2026-07-21T18:29:38.614+0000] {processor.py:183} INFO - Processing /home/airflow/.local/lib/python3.8/site-packages/airflow/example_dags/example_trigger_target_dag.py took 0.073 seconds
[2026-07-21T18:30:09.001+0000] {processor.py:161} INFO - Started process (PID=2404) to work on /home/airflow/.local/lib/python3.8/site-packages/airflow/example_dags/example_trigger_target_dag.py
[2026-07-21T18:30:09.002+0000] {processor.py:830} INFO - Processing file /home/airflow/.local/lib/python3.8/site-packages/airflow/example_dags/example_trigger_target_dag.py for tasks to queue
[2026-07-21T18:30:09.004+0000] {logging_mixin.py:188} INFO - [2026-07-21T18:30:09.004+0000] {dagbag.py:538} INFO - Filling up the DagBag from /home/airflow/.local/lib/python3.8/site-packages/airflow/example_dags/example_trigger_target_dag.py
[2026-07-21T18:30:09.010+0000] {processor.py:840} INFO - DAG(s) 'example_trigger_target_dag' retrieved from /home/airflow/.local/lib/python3.8/site-packages/airflow/example_dags/example_trigger_target_dag.py
[2026-07-21T18:30:09.031+0000] {logging_mixin.py:188} INFO - [2026-07-21T18:30:09.031+0000] {dag.py:3036} INFO - Sync 1 DAGs
[2026-07-21T18:30:09.043+0000] {logging_mixin.py:188} INFO - [2026-07-21T18:30:09.042+0000] {dag.py:3823} INFO - Setting next_dagrun for example_trigger_target_dag to None, run_after=None
[2026-07-21T18:30:09.070+0000] {processor.py:183} INFO - Processing /home/airflow/.local/lib/python3.8/site-packages/airflow/example_dags/example_trigger_target_dag.py took 0.073 seconds
[2026-07-21T18:30:39.359+0000] {processor.py:161} INFO - Started process (PID=2460) to work on /home/airflow/.local/lib/python3.8/site-packages/airflow/example_dags/example_trigger_target_dag.py
[2026-07-21T18:30:39.360+0000] {processor.py:830} INFO - Processing file /home/airflow/.local/lib/python3.8/site-packages/airflow/example_dags/example_trigger_target_dag.py for tasks to queue
[2026-07-21T18:30:39.362+0000] {logging_mixin.py:188} INFO - [2026-07-21T18:30:39.362+0000] {dagbag.py:538} INFO - Filling up the DagBag from /home/airflow/.local/lib/python3.8/site-packages/airflow/example_dags/example_trigger_target_dag.py
[2026-07-21T18:30:39.368+0000] {processor.py:840} INFO - DAG(s) 'example_trigger_target_dag' retrieved from /home/airflow/.local/lib/python3.8/site-packages/airflow/example_dags/example_trigger_target_dag.py
[2026-07-21T18:30:39.394+0000] {logging_mixin.py:188} INFO - [2026-07-21T18:30:39.394+0000] {dag.py:3036} INFO - Sync 1 DAGs
[2026-07-21T18:30:39.406+0000] {logging_mixin.py:188} INFO - [2026-07-21T18:30:39.405+0000] {dag.py:3823} INFO - Setting next_dagrun for example_trigger_target_dag to None, run_after=None
[2026-07-21T18:30:39.426+0000] {processor.py:183} INFO - Processing /home/airflow/.local/lib/python3.8/site-packages/airflow/example_dags/example_trigger_target_dag.py took 0.070 seconds
[2026-07-21T18:31:09.771+0000] {processor.py:161} INFO - Started process (PID=2516) to work on /home/airflow/.local/lib/python3.8/site-packages/airflow/example_dags/example_trigger_target_dag.py
[2026-07-21T18:31:09.773+0000] {processor.py:830} INFO - Processing file /home/airflow/.local/lib/python3.8/site-packages/airflow/example_dags/example_trigger_target_dag.py for tasks to queue
[2026-07-21T18:31:09.775+0000] {logging_mixin.py:188} INFO - [2026-07-21T18:31:09.774+0000] {dagbag.py:538} INFO - Filling up the DagBag from /home/airflow/.local/lib/python3.8/site-packages/airflow/example_dags/example_trigger_target_dag.py
[2026-07-21T18:31:09.782+0000] {processor.py:840} INFO - DAG(s) 'example_trigger_target_dag' retrieved from /home/airflow/.local/lib/python3.8/site-packages/airflow/example_dags/example_trigger_target_dag.py
[2026-07-21T18:31:09.804+0000] {logging_mixin.py:188} INFO - [2026-07-21T18:31:09.804+0000] {dag.py:3036} INFO - Sync 1 DAGs
[2026-07-21T18:31:09.817+0000] {logging_mixin.py:188} INFO - [2026-07-21T18:31:09.817+0000] {dag.py:3823} INFO - Setting next_dagrun for example_trigger_target_dag to None, run_after=None
[2026-07-21T18:31:09.839+0000] {processor.py:183} INFO - Processing /home/airflow/.local/lib/python3.8/site-packages/airflow/example_dags/example_trigger_target_dag.py took 0.072 seconds
[2026-07-21T18:34:11.863+0000] {processor.py:161} INFO - Started process (PID=63) to work on /home/airflow/.local/lib/python3.10/site-packages/airflow/example_dags/example_trigger_target_dag.py
[2026-07-21T18:34:11.872+0000] {processor.py:830} INFO - Processing file /home/airflow/.local/lib/python3.10/site-packages/airflow/example_dags/example_trigger_target_dag.py for tasks to queue
[2026-07-21T18:34:11.880+0000] {logging_mixin.py:188} INFO - [2026-07-21T18:34:11.879+0000] {dagbag.py:538} INFO - Filling up the DagBag from /home/airflow/.local/lib/python3.10/site-packages/airflow/example_dags/example_trigger_target_dag.py
[2026-07-21T18:34:11.932+0000] {processor.py:840} INFO - DAG(s) 'example_trigger_target_dag' retrieved from /home/airflow/.local/lib/python3.10/site-packages/airflow/example_dags/example_trigger_target_dag.py
[2026-07-21T18:34:11.961+0000] {logging_mixin.py:188} INFO - [2026-07-21T18:34:11.961+0000] {dag.py:3036} INFO - Sync 1 DAGs
[2026-07-21T18:34:12.001+0000] {logging_mixin.py:188} INFO - [2026-07-21T18:34:12.001+0000] {dag.py:3823} INFO - Setting next_dagrun for example_trigger_target_dag to None, run_after=None
[2026-07-21T18:34:12.038+0000] {processor.py:183} INFO - Processing /home/airflow/.local/lib/python3.10/site-packages/airflow/example_dags/example_trigger_target_dag.py took 0.193 seconds
[2026-07-21T18:34:42.261+0000] {processor.py:161} INFO - Started process (PID=119) to work on /home/airflow/.local/lib/python3.10/site-packages/airflow/example_dags/example_trigger_target_dag.py
[2026-07-21T18:34:42.263+0000] {processor.py:830} INFO - Processing file /home/airflow/.local/lib/python3.10/site-packages/airflow/example_dags/example_trigger_target_dag.py for tasks to queue
[2026-07-21T18:34:42.266+0000] {logging_mixin.py:188} INFO - [2026-07-21T18:34:42.266+0000] {dagbag.py:538} INFO - Filling up the DagBag from /home/airflow/.local/lib/python3.10/site-packages/airflow/example_dags/example_trigger_target_dag.py
[2026-07-21T18:34:42.276+0000] {processor.py:840} INFO - DAG(s) 'example_trigger_target_dag' retrieved from /home/airflow/.local/lib/python3.10/site-packages/airflow/example_dags/example_trigger_target_dag.py
[2026-07-21T18:34:42.392+0000] {logging_mixin.py:188} INFO - [2026-07-21T18:34:42.391+0000] {dag.py:3036} INFO - Sync 1 DAGs
[2026-07-21T18:34:42.403+0000] {logging_mixin.py:188} INFO - [2026-07-21T18:34:42.402+0000] {dag.py:3823} INFO - Setting next_dagrun for example_trigger_target_dag to None, run_after=None
[2026-07-21T18:34:42.421+0000] {processor.py:183} INFO - Processing /home/airflow/.local/lib/python3.10/site-packages/airflow/example_dags/example_trigger_target_dag.py took 0.167 seconds
[2026-07-21T18:35:12.841+0000] {processor.py:161} INFO - Started process (PID=181) to work on /home/airflow/.local/lib/python3.10/site-packages/airflow/example_dags/example_trigger_target_dag.py
[2026-07-21T18:35:12.842+0000] {processor.py:830} INFO - Processing file /home/airflow/.local/lib/python3.10/site-packages/airflow/example_dags/example_trigger_target_dag.py for tasks to queue
[2026-07-21T18:35:12.844+0000] {logging_mixin.py:188} INFO - [2026-07-21T18:35:12.844+0000] {dagbag.py:538} INFO - Filling up the DagBag from /home/airflow/.local/lib/python3.10/site-packages/airflow/example_dags/example_trigger_target_dag.py
[2026-07-21T18:35:12.851+0000] {processor.py:840} INFO - DAG(s) 'example_trigger_target_dag' retrieved from /home/airflow/.local/lib/python3.10/site-packages/airflow/example_dags/example_trigger_target_dag.py
[2026-07-21T18:35:12.872+0000] {logging_mixin.py:188} INFO - [2026-07-21T18:35:12.872+0000] {dag.py:3036} INFO - Sync 1 DAGs
[2026-07-21T18:35:12.883+0000] {logging_mixin.py:188} INFO - [2026-07-21T18:35:12.883+0000] {dag.py:3823} INFO - Setting next_dagrun for example_trigger_target_dag to None, run_after=None
[2026-07-21T18:35:12.902+0000] {processor.py:183} INFO - Processing /home/airflow/.local/lib/python3.10/site-packages/airflow/example_dags/example_trigger_target_dag.py took 0.065 seconds
[2026-07-21T18:35:43.022+0000] {processor.py:161} INFO - Started process (PID=237) to work on /home/airflow/.local/lib/python3.10/site-packages/airflow/example_dags/example_trigger_target_dag.py
[2026-07-21T18:35:43.024+0000] {processor.py:830} INFO - Processing file /home/airflow/.local/lib/python3.10/site-packages/airflow/example_dags/example_trigger_target_dag.py for tasks to queue
[2026-07-21T18:35:43.026+0000] {logging_mixin.py:188} INFO - [2026-07-21T18:35:43.026+0000] {dagbag.py:538} INFO - Filling up the DagBag from /home/airflow/.local/lib/python3.10/site-packages/airflow/example_dags/example_trigger_target_dag.py
[2026-07-21T18:35:43.032+0000] {processor.py:840} INFO - DAG(s) 'example_trigger_target_dag' retrieved from /home/airflow/.local/lib/python3.10/site-packages/airflow/example_dags/example_trigger_target_dag.py
[2026-07-21T18:35:43.053+0000] {logging_mixin.py:188} INFO - [2026-07-21T18:35:43.053+0000] {dag.py:3036} INFO - Sync 1 DAGs
[2026-07-21T18:35:43.064+0000] {logging_mixin.py:188} INFO - [2026-07-21T18:35:43.064+0000] {dag.py:3823} INFO - Setting next_dagrun for example_trigger_target_dag to None, run_after=None
[2026-07-21T18:35:43.083+0000] {processor.py:183} INFO - Processing /home/airflow/.local/lib/python3.10/site-packages/airflow/example_dags/example_trigger_target_dag.py took 0.065 seconds
[2026-07-21T18:36:13.592+0000] {processor.py:161} INFO - Started process (PID=293) to work on /home/airflow/.local/lib/python3.10/site-packages/airflow/example_dags/example_trigger_target_dag.py
[2026-07-21T18:36:13.594+0000] {processor.py:830} INFO - Processing file /home/airflow/.local/lib/python3.10/site-packages/airflow/example_dags/example_trigger_target_dag.py for tasks to queue
[2026-07-21T18:36:13.596+0000] {logging_mixin.py:188} INFO - [2026-07-21T18:36:13.596+0000] {dagbag.py:538} INFO - Filling up the DagBag from /home/airflow/.local/lib/python3.10/site-packages/airflow/example_dags/example_trigger_target_dag.py
[2026-07-21T18:36:13.604+0000] {processor.py:840} INFO - DAG(s) 'example_trigger_target_dag' retrieved from /home/airflow/.local/lib/python3.10/site-packages/airflow/example_dags/example_trigger_target_dag.py
[2026-07-21T18:36:13.628+0000] {logging_mixin.py:188} INFO - [2026-07-21T18:36:13.628+0000] {dag.py:3036} INFO - Sync 1 DAGs
[2026-07-21T18:36:13.640+0000] {logging_mixin.py:188} INFO - [2026-07-21T18:36:13.640+0000] {dag.py:3823} INFO - Setting next_dagrun for example_trigger_target_dag to None, run_after=None
[2026-07-21T18:36:13.663+0000] {processor.py:183} INFO - Processing /home/airflow/.local/lib/python3.10/site-packages/airflow/example_dags/example_trigger_target_dag.py took 0.076 seconds
[2026-07-21T18:36:44.024+0000] {processor.py:161} INFO - Started process (PID=349) to work on /home/airflow/.local/lib/python3.10/site-packages/airflow/example_dags/example_trigger_target_dag.py
[2026-07-21T18:36:44.026+0000] {processor.py:830} INFO - Processing file /home/airflow/.local/lib/python3.10/site-packages/airflow/example_dags/example_trigger_target_dag.py for tasks to queue
[2026-07-21T18:36:44.028+0000] {logging_mixin.py:188} INFO - [2026-07-21T18:36:44.028+0000] {dagbag.py:538} INFO - Filling up the DagBag from /home/airflow/.local/lib/python3.10/site-packages/airflow/example_dags/example_trigger_target_dag.py
[2026-07-21T18:36:44.036+0000] {processor.py:840} INFO - DAG(s) 'example_trigger_target_dag' retrieved from /home/airflow/.local/lib/python3.10/site-packages/airflow/example_dags/example_trigger_target_dag.py
[2026-07-21T18:36:44.058+0000] {logging_mixin.py:188} INFO - [2026-07-21T18:36:44.057+0000] {dag.py:3036} INFO - Sync 1 DAGs
[2026-07-21T18:36:44.068+0000] {logging_mixin.py:188} INFO - [2026-07-21T18:36:44.068+0000] {dag.py:3823} INFO - Setting next_dagrun for example_trigger_target_dag to None, run_after=None
[2026-07-21T18:36:44.085+0000] {processor.py:183} INFO - Processing /home/airflow/.local/lib/python3.10/site-packages/airflow/example_dags/example_trigger_target_dag.py took 0.066 seconds
[2026-07-21T18:37:14.321+0000] {processor.py:161} INFO - Started process (PID=405) to work on /home/airflow/.local/lib/python3.10/site-packages/airflow/example_dags/example_trigger_target_dag.py
[2026-07-21T18:37:14.322+0000] {processor.py:830} INFO - Processing file /home/airflow/.local/lib/python3.10/site-packages/airflow/example_dags/example_trigger_target_dag.py for tasks to queue
[2026-07-21T18:37:14.324+0000] {logging_mixin.py:188} INFO - [2026-07-21T18:37:14.324+0000] {dagbag.py:538} INFO - Filling up the DagBag from /home/airflow/.local/lib/python3.10/site-packages/airflow/example_dags/example_trigger_target_dag.py
[2026-07-21T18:37:14.331+0000] {processor.py:840} INFO - DAG(s) 'example_trigger_target_dag' retrieved from /home/airflow/.local/lib/python3.10/site-packages/airflow/example_dags/example_trigger_target_dag.py
[2026-07-21T18:37:14.352+0000] {logging_mixin.py:188} INFO - [2026-07-21T18:37:14.352+0000] {dag.py:3036} INFO - Sync 1 DAGs
[2026-07-21T18:37:14.363+0000] {logging_mixin.py:188} INFO - [2026-07-21T18:37:14.363+0000] {dag.py:3823} INFO - Setting next_dagrun for example_trigger_target_dag to None, run_after=None
[2026-07-21T18:37:14.381+0000] {processor.py:183} INFO - Processing /home/airflow/.local/lib/python3.10/site-packages/airflow/example_dags/example_trigger_target_dag.py took 0.064 seconds
[2026-07-21T18:37:44.705+0000] {processor.py:161} INFO - Started process (PID=461) to work on /home/airflow/.local/lib/python3.10/site-packages/airflow/example_dags/example_trigger_target_dag.py
[2026-07-21T18:37:44.706+0000] {processor.py:830} INFO - Processing file /home/airflow/.local/lib/python3.10/site-packages/airflow/example_dags/example_trigger_target_dag.py for tasks to queue
[2026-07-21T18:37:44.708+0000] {logging_mixin.py:188} INFO - [2026-07-21T18:37:44.708+0000] {dagbag.py:538} INFO - Filling up the DagBag from /home/airflow/.local/lib/python3.10/site-packages/airflow/example_dags/example_trigger_target_dag.py
[2026-07-21T18:37:44.714+0000] {processor.py:840} INFO - DAG(s) 'example_trigger_target_dag' retrieved from /home/airflow/.local/lib/python3.10/site-packages/airflow/example_dags/example_trigger_target_dag.py
[2026-07-21T18:37:44.735+0000] {logging_mixin.py:188} INFO - [2026-07-21T18:37:44.735+0000] {dag.py:3036} INFO - Sync 1 DAGs
[2026-07-21T18:37:44.747+0000] {logging_mixin.py:188} INFO - [2026-07-21T18:37:44.747+0000] {dag.py:3823} INFO - Setting next_dagrun for example_trigger_target_dag to None, run_after=None
[2026-07-21T18:37:44.766+0000] {processor.py:183} INFO - Processing /home/airflow/.local/lib/python3.10/site-packages/airflow/example_dags/example_trigger_target_dag.py took 0.065 seconds
[2026-07-21T18:38:15.228+0000] {processor.py:161} INFO - Started process (PID=517) to work on /home/airflow/.local/lib/python3.10/site-packages/airflow/example_dags/example_trigger_target_dag.py
[2026-07-21T18:38:15.230+0000] {processor.py:830} INFO - Processing file /home/airflow/.local/lib/python3.10/site-packages/airflow/example_dags/example_trigger_target_dag.py for tasks to queue
[2026-07-21T18:38:15.232+0000] {logging_mixin.py:188} INFO - [2026-07-21T18:38:15.232+0000] {dagbag.py:538} INFO - Filling up the DagBag from /home/airflow/.local/lib/python3.10/site-packages/airflow/example_dags/example_trigger_target_dag.py
[2026-07-21T18:38:15.238+0000] {processor.py:840} INFO - DAG(s) 'example_trigger_target_dag' retrieved from /home/airflow/.local/lib/python3.10/site-packages/airflow/example_dags/example_trigger_target_dag.py
[2026-07-21T18:38:15.259+0000] {logging_mixin.py:188} INFO - [2026-07-21T18:38:15.259+0000] {dag.py:3036} INFO - Sync 1 DAGs
[2026-07-21T18:38:15.270+0000] {logging_mixin.py:188} INFO - [2026-07-21T18:38:15.270+0000] {dag.py:3823} INFO - Setting next_dagrun for example_trigger_target_dag to None, run_after=None
[2026-07-21T18:38:15.287+0000] {processor.py:183} INFO - Processing /home/airflow/.local/lib/python3.10/site-packages/airflow/example_dags/example_trigger_target_dag.py took 0.063 seconds
[2026-07-21T18:38:45.633+0000] {processor.py:161} INFO - Started process (PID=573) to work on /home/airflow/.local/lib/python3.10/site-packages/airflow/example_dags/example_trigger_target_dag.py
[2026-07-21T18:38:45.634+0000] {processor.py:830} INFO - Processing file /home/airflow/.local/lib/python3.10/site-packages/airflow/example_dags/example_trigger_target_dag.py for tasks to queue
[2026-07-21T18:38:45.636+0000] {logging_mixin.py:188} INFO - [2026-07-21T18:38:45.636+0000] {dagbag.py:538} INFO - Filling up the DagBag from /home/airflow/.local/lib/python3.10/site-packages/airflow/example_dags/example_trigger_target_dag.py
[2026-07-21T18:38:45.642+0000] {processor.py:840} INFO - DAG(s) 'example_trigger_target_dag' retrieved from /home/airflow/.local/lib/python3.10/site-packages/airflow/example_dags/example_trigger_target_dag.py
[2026-07-21T18:38:45.664+0000] {logging_mixin.py:188} INFO - [2026-07-21T18:38:45.663+0000] {dag.py:3036} INFO - Sync 1 DAGs
[2026-07-21T18:38:45.675+0000] {logging_mixin.py:188} INFO - [2026-07-21T18:38:45.675+0000] {dag.py:3823} INFO - Setting next_dagrun for example_trigger_target_dag to None, run_after=None
[2026-07-21T18:38:45.692+0000] {processor.py:183} INFO - Processing /home/airflow/.local/lib/python3.10/site-packages/airflow/example_dags/example_trigger_target_dag.py took 0.062 seconds
[2026-07-21T18:39:15.921+0000] {processor.py:161} INFO - Started process (PID=629) to work on /home/airflow/.local/lib/python3.10/site-packages/airflow/example_dags/example_trigger_target_dag.py
[2026-07-21T18:39:15.922+0000] {processor.py:830} INFO - Processing file /home/airflow/.local/lib/python3.10/site-packages/airflow/example_dags/example_trigger_target_dag.py for tasks to queue
[2026-07-21T18:39:15.925+0000] {logging_mixin.py:188} INFO - [2026-07-21T18:39:15.925+0000] {dagbag.py:538} INFO - Filling up the DagBag from /home/airflow/.local/lib/python3.10/site-packages/airflow/example_dags/example_trigger_target_dag.py
[2026-07-21T18:39:15.932+0000] {processor.py:840} INFO - DAG(s) 'example_trigger_target_dag' retrieved from /home/airflow/.local/lib/python3.10/site-packages/airflow/example_dags/example_trigger_target_dag.py
[2026-07-21T18:39:15.952+0000] {logging_mixin.py:188} INFO - [2026-07-21T18:39:15.952+0000] {dag.py:3036} INFO - Sync 1 DAGs
[2026-07-21T18:39:15.964+0000] {logging_mixin.py:188} INFO - [2026-07-21T18:39:15.964+0000] {dag.py:3823} INFO - Setting next_dagrun for example_trigger_target_dag to None, run_after=None
[2026-07-21T18:39:15.982+0000] {processor.py:183} INFO - Processing /home/airflow/.local/lib/python3.10/site-packages/airflow/example_dags/example_trigger_target_dag.py took 0.065 seconds
[2026-07-21T18:39:46.039+0000] {processor.py:161} INFO - Started process (PID=685) to work on /home/airflow/.local/lib/python3.10/site-packages/airflow/example_dags/example_trigger_target_dag.py
[2026-07-21T18:39:46.040+0000] {processor.py:830} INFO - Processing file /home/airflow/.local/lib/python3.10/site-packages/airflow/example_dags/example_trigger_target_dag.py for tasks to queue
[2026-07-21T18:39:46.042+0000] {logging_mixin.py:188} INFO - [2026-07-21T18:39:46.041+0000] {dagbag.py:538} INFO - Filling up the DagBag from /home/airflow/.local/lib/python3.10/site-packages/airflow/example_dags/example_trigger_target_dag.py
[2026-07-21T18:39:46.048+0000] {processor.py:840} INFO - DAG(s) 'example_trigger_target_dag' retrieved from /home/airflow/.local/lib/python3.10/site-packages/airflow/example_dags/example_trigger_target_dag.py
[2026-07-21T18:39:46.069+0000] {logging_mixin.py:188} INFO - [2026-07-21T18:39:46.069+0000] {dag.py:3036} INFO - Sync 1 DAGs
[2026-07-21T18:39:46.080+0000] {logging_mixin.py:188} INFO - [2026-07-21T18:39:46.080+0000] {dag.py:3823} INFO - Setting next_dagrun for example_trigger_target_dag to None, run_after=None
[2026-07-21T18:39:46.097+0000] {processor.py:183} INFO - Processing /home/airflow/.local/lib/python3.10/site-packages/airflow/example_dags/example_trigger_target_dag.py took 0.063 seconds
[2026-07-21T18:40:16.721+0000] {processor.py:161} INFO - Started process (PID=741) to work on /home/airflow/.local/lib/python3.10/site-packages/airflow/example_dags/example_trigger_target_dag.py
[2026-07-21T18:40:16.722+0000] {processor.py:830} INFO - Processing file /home/airflow/.local/lib/python3.10/site-packages/airflow/example_dags/example_trigger_target_dag.py for tasks to queue
[2026-07-21T18:40:16.724+0000] {logging_mixin.py:188} INFO - [2026-07-21T18:40:16.724+0000] {dagbag.py:538} INFO - Filling up the DagBag from /home/airflow/.local/lib/python3.10/site-packages/airflow/example_dags/example_trigger_target_dag.py
[2026-07-21T18:40:16.730+0000] {processor.py:840} INFO - DAG(s) 'example_trigger_target_dag' retrieved from /home/airflow/.local/lib/python3.10/site-packages/airflow/example_dags/example_trigger_target_dag.py
[2026-07-21T18:40:16.752+0000] {logging_mixin.py:188} INFO - [2026-07-21T18:40:16.751+0000] {dag.py:3036} INFO - Sync 1 DAGs
[2026-07-21T18:40:16.763+0000] {logging_mixin.py:188} INFO - [2026-07-21T18:40:16.762+0000] {dag.py:3823} INFO - Setting next_dagrun for example_trigger_target_dag to None, run_after=None
[2026-07-21T18:40:16.781+0000] {processor.py:183} INFO - Processing /home/airflow/.local/lib/python3.10/site-packages/airflow/example_dags/example_trigger_target_dag.py took 0.064 seconds
[2026-07-21T18:40:46.862+0000] {processor.py:161} INFO - Started process (PID=797) to work on /home/airflow/.local/lib/python3.10/site-packages/airflow/example_dags/example_trigger_target_dag.py
[2026-07-21T18:40:46.863+0000] {processor.py:830} INFO - Processing file /home/airflow/.local/lib/python3.10/site-packages/airflow/example_dags/example_trigger_target_dag.py for tasks to queue
[2026-07-21T18:40:46.865+0000] {logging_mixin.py:188} INFO - [2026-07-21T18:40:46.865+0000] {dagbag.py:538} INFO - Filling up the DagBag from /home/airflow/.local/lib/python3.10/site-packages/airflow/example_dags/example_trigger_target_dag.py
[2026-07-21T18:40:46.872+0000] {processor.py:840} INFO - DAG(s) 'example_trigger_target_dag' retrieved from /home/airflow/.local/lib/python3.10/site-packages/airflow/example_dags/example_trigger_target_dag.py
[2026-07-21T18:40:46.893+0000] {logging_mixin.py:188} INFO - [2026-07-21T18:40:46.892+0000] {dag.py:3036} INFO - Sync 1 DAGs
[2026-07-21T18:40:46.903+0000] {logging_mixin.py:188} INFO - [2026-07-21T18:40:46.903+0000] {dag.py:3823} INFO - Setting next_dagrun for example_trigger_target_dag to None, run_after=None
[2026-07-21T18:40:46.920+0000] {processor.py:183} INFO - Processing /home/airflow/.local/lib/python3.10/site-packages/airflow/example_dags/example_trigger_target_dag.py took 0.062 seconds
[2026-07-21T18:41:17.330+0000] {processor.py:161} INFO - Started process (PID=853) to work on /home/airflow/.local/lib/python3.10/site-packages/airflow/example_dags/example_trigger_target_dag.py
[2026-07-21T18:41:17.331+0000] {processor.py:830} INFO - Processing file /home/airflow/.local/lib/python3.10/site-packages/airflow/example_dags/example_trigger_target_dag.py for tasks to queue
[2026-07-21T18:41:17.333+0000] {logging_mixin.py:188} INFO - [2026-07-21T18:41:17.333+0000] {dagbag.py:538} INFO - Filling up the DagBag from /home/airflow/.local/lib/python3.10/site-packages/airflow/example_dags/example_trigger_target_dag.py
[2026-07-21T18:41:17.339+0000] {processor.py:840} INFO - DAG(s) 'example_trigger_target_dag' retrieved from /home/airflow/.local/lib/python3.10/site-packages/airflow/example_dags/example_trigger_target_dag.py
[2026-07-21T18:41:17.360+0000] {logging_mixin.py:188} INFO - [2026-07-21T18:41:17.360+0000] {dag.py:3036} INFO - Sync 1 DAGs
[2026-07-21T18:41:17.371+0000] {logging_mixin.py:188} INFO - [2026-07-21T18:41:17.370+0000] {dag.py:3823} INFO - Setting next_dagrun for example_trigger_target_dag to None, run_after=None
[2026-07-21T18:41:17.389+0000] {processor.py:183} INFO - Processing /home/airflow/.local/lib/python3.10/site-packages/airflow/example_dags/example_trigger_target_dag.py took 0.063 seconds
[2026-07-21T18:41:47.614+0000] {processor.py:161} INFO - Started process (PID=909) to work on /home/airflow/.local/lib/python3.10/site-packages/airflow/example_dags/example_trigger_target_dag.py
[2026-07-21T18:41:47.615+0000] {processor.py:830} INFO - Processing file /home/airflow/.local/lib/python3.10/site-packages/airflow/example_dags/example_trigger_target_dag.py for tasks to queue
[2026-07-21T18:41:47.617+0000] {logging_mixin.py:188} INFO - [2026-07-21T18:41:47.617+0000] {dagbag.py:538} INFO - Filling up the DagBag from /home/airflow/.local/lib/python3.10/site-packages/airflow/example_dags/example_trigger_target_dag.py
[2026-07-21T18:41:47.624+0000] {processor.py:840} INFO - DAG(s) 'example_trigger_target_dag' retrieved from /home/airflow/.local/lib/python3.10/site-packages/airflow/example_dags/example_trigger_target_dag.py
[2026-07-21T18:41:47.645+0000] {logging_mixin.py:188} INFO - [2026-07-21T18:41:47.645+0000] {dag.py:3036} INFO - Sync 1 DAGs
[2026-07-21T18:41:47.656+0000] {logging_mixin.py:188} INFO - [2026-07-21T18:41:47.656+0000] {dag.py:3823} INFO - Setting next_dagrun for example_trigger_target_dag to None, run_after=None
[2026-07-21T18:41:47.675+0000] {processor.py:183} INFO - Processing /home/airflow/.local/lib/python3.10/site-packages/airflow/example_dags/example_trigger_target_dag.py took 0.065 seconds
[2026-07-21T18:42:17.831+0000] {processor.py:161} INFO - Started process (PID=965) to work on /home/airflow/.local/lib/python3.10/site-packages/airflow/example_dags/example_trigger_target_dag.py
[2026-07-21T18:42:17.832+0000] {processor.py:830} INFO - Processing file /home/airflow/.local/lib/python3.10/site-packages/airflow/example_dags/example_trigger_target_dag.py for tasks to queue
[2026-07-21T18:42:17.834+0000] {logging_mixin.py:188} INFO - [2026-07-21T18:42:17.834+0000] {dagbag.py:538} INFO - Filling up the DagBag from /home/airflow/.local/lib/python3.10/site-packages/airflow/example_dags/example_trigger_target_dag.py
[2026-07-21T18:42:17.841+0000] {processor.py:840} INFO - DAG(s) 'example_trigger_target_dag' retrieved from /home/airflow/.local/lib/python3.10/site-packages/airflow/example_dags/example_trigger_target_dag.py
[2026-07-21T18:42:17.862+0000] {logging_mixin.py:188} INFO - [2026-07-21T18:42:17.862+0000] {dag.py:3036} INFO - Sync 1 DAGs
[2026-07-21T18:42:17.873+0000] {logging_mixin.py:188} INFO - [2026-07-21T18:42:17.873+0000] {dag.py:3823} INFO - Setting next_dagrun for example_trigger_target_dag to None, run_after=None
[2026-07-21T18:42:17.891+0000] {processor.py:183} INFO - Processing /home/airflow/.local/lib/python3.10/site-packages/airflow/example_dags/example_trigger_target_dag.py took 0.064 seconds
[2026-07-21T18:42:48.110+0000] {processor.py:161} INFO - Started process (PID=1022) to work on /home/airflow/.local/lib/python3.10/site-packages/airflow/example_dags/example_trigger_target_dag.py
[2026-07-21T18:42:48.111+0000] {processor.py:830} INFO - Processing file /home/airflow/.local/lib/python3.10/site-packages/airflow/example_dags/example_trigger_target_dag.py for tasks to queue
[2026-07-21T18:42:48.113+0000] {logging_mixin.py:188} INFO - [2026-07-21T18:42:48.113+0000] {dagbag.py:538} INFO - Filling up the DagBag from /home/airflow/.local/lib/python3.10/site-packages/airflow/example_dags/example_trigger_target_dag.py
[2026-07-21T18:42:48.120+0000] {processor.py:840} INFO - DAG(s) 'example_trigger_target_dag' retrieved from /home/airflow/.local/lib/python3.10/site-packages/airflow/example_dags/example_trigger_target_dag.py
[2026-07-21T18:42:48.141+0000] {logging_mixin.py:188} INFO - [2026-07-21T18:42:48.141+0000] {dag.py:3036} INFO - Sync 1 DAGs
[2026-07-21T18:42:48.151+0000] {logging_mixin.py:188} INFO - [2026-07-21T18:42:48.151+0000] {dag.py:3823} INFO - Setting next_dagrun for example_trigger_target_dag to None, run_after=None
[2026-07-21T18:42:48.169+0000] {processor.py:183} INFO - Processing /home/airflow/.local/lib/python3.10/site-packages/airflow/example_dags/example_trigger_target_dag.py took 0.063 seconds
[2026-07-21T18:43:18.605+0000] {processor.py:161} INFO - Started process (PID=1078) to work on /home/airflow/.local/lib/python3.10/site-packages/airflow/example_dags/example_trigger_target_dag.py
[2026-07-21T18:43:18.606+0000] {processor.py:830} INFO - Processing file /home/airflow/.local/lib/python3.10/site-packages/airflow/example_dags/example_trigger_target_dag.py for tasks to queue
[2026-07-21T18:43:18.608+0000] {logging_mixin.py:188} INFO - [2026-07-21T18:43:18.608+0000] {dagbag.py:538} INFO - Filling up the DagBag from /home/airflow/.local/lib/python3.10/site-packages/airflow/example_dags/example_trigger_target_dag.py
[2026-07-21T18:43:18.614+0000] {processor.py:840} INFO - DAG(s) 'example_trigger_target_dag' retrieved from /home/airflow/.local/lib/python3.10/site-packages/airflow/example_dags/example_trigger_target_dag.py
[2026-07-21T18:43:18.636+0000] {logging_mixin.py:188} INFO - [2026-07-21T18:43:18.636+0000] {dag.py:3036} INFO - Sync 1 DAGs
[2026-07-21T18:43:18.648+0000] {logging_mixin.py:188} INFO - [2026-07-21T18:43:18.648+0000] {dag.py:3823} INFO - Setting next_dagrun for example_trigger_target_dag to None, run_after=None
[2026-07-21T18:43:18.669+0000] {processor.py:183} INFO - Processing /home/airflow/.local/lib/python3.10/site-packages/airflow/example_dags/example_trigger_target_dag.py took 0.068 seconds
[2026-07-21T18:43:49.030+0000] {processor.py:161} INFO - Started process (PID=1134) to work on /home/airflow/.local/lib/python3.10/site-packages/airflow/example_dags/example_trigger_target_dag.py
[2026-07-21T18:43:49.031+0000] {processor.py:830} INFO - Processing file /home/airflow/.local/lib/python3.10/site-packages/airflow/example_dags/example_trigger_target_dag.py for tasks to queue
[2026-07-21T18:43:49.033+0000] {logging_mixin.py:188} INFO - [2026-07-21T18:43:49.033+0000] {dagbag.py:538} INFO - Filling up the DagBag from /home/airflow/.local/lib/python3.10/site-packages/airflow/example_dags/example_trigger_target_dag.py
[2026-07-21T18:43:49.040+0000] {processor.py:840} INFO - DAG(s) 'example_trigger_target_dag' retrieved from /home/airflow/.local/lib/python3.10/site-packages/airflow/example_dags/example_trigger_target_dag.py
[2026-07-21T18:43:49.063+0000] {logging_mixin.py:188} INFO - [2026-07-21T18:43:49.063+0000] {dag.py:3036} INFO - Sync 1 DAGs
[2026-07-21T18:43:49.074+0000] {logging_mixin.py:188} INFO - [2026-07-21T18:43:49.074+0000] {dag.py:3823} INFO - Setting next_dagrun for example_trigger_target_dag to None, run_after=None
[2026-07-21T18:43:49.092+0000] {processor.py:183} INFO - Processing /home/airflow/.local/lib/python3.10/site-packages/airflow/example_dags/example_trigger_target_dag.py took 0.066 seconds
[2026-07-21T18:44:19.404+0000] {processor.py:161} INFO - Started process (PID=1190) to work on /home/airflow/.local/lib/python3.10/site-packages/airflow/example_dags/example_trigger_target_dag.py
[2026-07-21T18:44:19.406+0000] {processor.py:830} INFO - Processing file /home/airflow/.local/lib/python3.10/site-packages/airflow/example_dags/example_trigger_target_dag.py for tasks to queue
[2026-07-21T18:44:19.408+0000] {logging_mixin.py:188} INFO - [2026-07-21T18:44:19.408+0000] {dagbag.py:538} INFO - Filling up the DagBag from /home/airflow/.local/lib/python3.10/site-packages/airflow/example_dags/example_trigger_target_dag.py
[2026-07-21T18:44:19.415+0000] {processor.py:840} INFO - DAG(s) 'example_trigger_target_dag' retrieved from /home/airflow/.local/lib/python3.10/site-packages/airflow/example_dags/example_trigger_target_dag.py
[2026-07-21T18:44:19.437+0000] {logging_mixin.py:188} INFO - [2026-07-21T18:44:19.437+0000] {dag.py:3036} INFO - Sync 1 DAGs
[2026-07-21T18:44:19.448+0000] {logging_mixin.py:188} INFO - [2026-07-21T18:44:19.448+0000] {dag.py:3823} INFO - Setting next_dagrun for example_trigger_target_dag to None, run_after=None
[2026-07-21T18:44:19.465+0000] {processor.py:183} INFO - Processing /home/airflow/.local/lib/python3.10/site-packages/airflow/example_dags/example_trigger_target_dag.py took 0.065 seconds
[2026-07-21T18:44:49.715+0000] {processor.py:161} INFO - Started process (PID=1246) to work on /home/airflow/.local/lib/python3.10/site-packages/airflow/example_dags/example_trigger_target_dag.py
[2026-07-21T18:44:49.716+0000] {processor.py:830} INFO - Processing file /home/airflow/.local/lib/python3.10/site-packages/airflow/example_dags/example_trigger_target_dag.py for tasks to queue
[2026-07-21T18:44:49.718+0000] {logging_mixin.py:188} INFO - [2026-07-21T18:44:49.718+0000] {dagbag.py:538} INFO - Filling up the DagBag from /home/airflow/.local/lib/python3.10/site-packages/airflow/example_dags/example_trigger_target_dag.py
[2026-07-21T18:44:49.725+0000] {processor.py:840} INFO - DAG(s) 'example_trigger_target_dag' retrieved from /home/airflow/.local/lib/python3.10/site-packages/airflow/example_dags/example_trigger_target_dag.py
[2026-07-21T18:44:49.745+0000] {logging_mixin.py:188} INFO - [2026-07-21T18:44:49.744+0000] {dag.py:3036} INFO - Sync 1 DAGs
[2026-07-21T18:44:49.755+0000] {logging_mixin.py:188} INFO - [2026-07-21T18:44:49.755+0000] {dag.py:3823} INFO - Setting next_dagrun for example_trigger_target_dag to None, run_after=None
[2026-07-21T18:44:49.773+0000] {processor.py:183} INFO - Processing /home/airflow/.local/lib/python3.10/site-packages/airflow/example_dags/example_trigger_target_dag.py took 0.062 seconds
[2026-07-21T18:45:20.006+0000] {processor.py:161} INFO - Started process (PID=1302) to work on /home/airflow/.local/lib/python3.10/site-packages/airflow/example_dags/example_trigger_target_dag.py
[2026-07-21T18:45:20.007+0000] {processor.py:830} INFO - Processing file /home/airflow/.local/lib/python3.10/site-packages/airflow/example_dags/example_trigger_target_dag.py for tasks to queue
[2026-07-21T18:45:20.009+0000] {logging_mixin.py:188} INFO - [2026-07-21T18:45:20.009+0000] {dagbag.py:538} INFO - Filling up the DagBag from /home/airflow/.local/lib/python3.10/site-packages/airflow/example_dags/example_trigger_target_dag.py
[2026-07-21T18:45:20.016+0000] {processor.py:840} INFO - DAG(s) 'example_trigger_target_dag' retrieved from /home/airflow/.local/lib/python3.10/site-packages/airflow/example_dags/example_trigger_target_dag.py
[2026-07-21T18:45:20.036+0000] {logging_mixin.py:188} INFO - [2026-07-21T18:45:20.036+0000] {dag.py:3036} INFO - Sync 1 DAGs
[2026-07-21T18:45:20.048+0000] {logging_mixin.py:188} INFO - [2026-07-21T18:45:20.047+0000] {dag.py:3823} INFO - Setting next_dagrun for example_trigger_target_dag to None, run_after=None
[2026-07-21T18:45:20.065+0000] {processor.py:183} INFO - Processing /home/airflow/.local/lib/python3.10/site-packages/airflow/example_dags/example_trigger_target_dag.py took 0.063 seconds
[2026-07-21T18:45:50.572+0000] {processor.py:161} INFO - Started process (PID=1358) to work on /home/airflow/.local/lib/python3.10/site-packages/airflow/example_dags/example_trigger_target_dag.py
[2026-07-21T18:45:50.573+0000] {processor.py:830} INFO - Processing file /home/airflow/.local/lib/python3.10/site-packages/airflow/example_dags/example_trigger_target_dag.py for tasks to queue
[2026-07-21T18:45:50.578+0000] {logging_mixin.py:188} INFO - [2026-07-21T18:45:50.577+0000] {dagbag.py:538} INFO - Filling up the DagBag from /home/airflow/.local/lib/python3.10/site-packages/airflow/example_dags/example_trigger_target_dag.py
[2026-07-21T18:45:50.588+0000] {processor.py:840} INFO - DAG(s) 'example_trigger_target_dag' retrieved from /home/airflow/.local/lib/python3.10/site-packages/airflow/example_dags/example_trigger_target_dag.py
[2026-07-21T18:45:50.619+0000] {logging_mixin.py:188} INFO - [2026-07-21T18:45:50.619+0000] {dag.py:3036} INFO - Sync 1 DAGs
[2026-07-21T18:45:50.633+0000] {logging_mixin.py:188} INFO - [2026-07-21T18:45:50.633+0000] {dag.py:3823} INFO - Setting next_dagrun for example_trigger_target_dag to None, run_after=None
[2026-07-21T18:45:50.653+0000] {processor.py:183} INFO - Processing /home/airflow/.local/lib/python3.10/site-packages/airflow/example_dags/example_trigger_target_dag.py took 0.088 seconds
[2026-07-21T18:46:20.876+0000] {processor.py:161} INFO - Started process (PID=1414) to work on /home/airflow/.local/lib/python3.10/site-packages/airflow/example_dags/example_trigger_target_dag.py
[2026-07-21T18:46:20.877+0000] {processor.py:830} INFO - Processing file /home/airflow/.local/lib/python3.10/site-packages/airflow/example_dags/example_trigger_target_dag.py for tasks to queue
[2026-07-21T18:46:20.879+0000] {logging_mixin.py:188} INFO - [2026-07-21T18:46:20.879+0000] {dagbag.py:538} INFO - Filling up the DagBag from /home/airflow/.local/lib/python3.10/site-packages/airflow/example_dags/example_trigger_target_dag.py
[2026-07-21T18:46:20.885+0000] {processor.py:840} INFO - DAG(s) 'example_trigger_target_dag' retrieved from /home/airflow/.local/lib/python3.10/site-packages/airflow/example_dags/example_trigger_target_dag.py
[2026-07-21T18:46:20.907+0000] {logging_mixin.py:188} INFO - [2026-07-21T18:46:20.906+0000] {dag.py:3036} INFO - Sync 1 DAGs
[2026-07-21T18:46:20.917+0000] {logging_mixin.py:188} INFO - [2026-07-21T18:46:20.917+0000] {dag.py:3823} INFO - Setting next_dagrun for example_trigger_target_dag to None, run_after=None
[2026-07-21T18:46:20.937+0000] {processor.py:183} INFO - Processing /home/airflow/.local/lib/python3.10/site-packages/airflow/example_dags/example_trigger_target_dag.py took 0.066 seconds
[2026-07-21T18:46:51.040+0000] {processor.py:161} INFO - Started process (PID=1470) to work on /home/airflow/.local/lib/python3.10/site-packages/airflow/example_dags/example_trigger_target_dag.py
[2026-07-21T18:46:51.042+0000] {processor.py:830} INFO - Processing file /home/airflow/.local/lib/python3.10/site-packages/airflow/example_dags/example_trigger_target_dag.py for tasks to queue
[2026-07-21T18:46:51.044+0000] {logging_mixin.py:188} INFO - [2026-07-21T18:46:51.044+0000] {dagbag.py:538} INFO - Filling up the DagBag from /home/airflow/.local/lib/python3.10/site-packages/airflow/example_dags/example_trigger_target_dag.py
[2026-07-21T18:46:51.050+0000] {processor.py:840} INFO - DAG(s) 'example_trigger_target_dag' retrieved from /home/airflow/.local/lib/python3.10/site-packages/airflow/example_dags/example_trigger_target_dag.py
[2026-07-21T18:46:51.070+0000] {logging_mixin.py:188} INFO - [2026-07-21T18:46:51.070+0000] {dag.py:3036} INFO - Sync 1 DAGs
[2026-07-21T18:46:51.081+0000] {logging_mixin.py:188} INFO - [2026-07-21T18:46:51.081+0000] {dag.py:3823} INFO - Setting next_dagrun for example_trigger_target_dag to None, run_after=None
[2026-07-21T18:46:51.100+0000] {processor.py:183} INFO - Processing /home/airflow/.local/lib/python3.10/site-packages/airflow/example_dags/example_trigger_target_dag.py took 0.063 seconds
[2026-07-21T18:47:21.372+0000] {processor.py:161} INFO - Started process (PID=1526) to work on /home/airflow/.local/lib/python3.10/site-packages/airflow/example_dags/example_trigger_target_dag.py
[2026-07-21T18:47:21.374+0000] {processor.py:830} INFO - Processing file /home/airflow/.local/lib/python3.10/site-packages/airflow/example_dags/example_trigger_target_dag.py for tasks to queue
[2026-07-21T18:47:21.377+0000] {logging_mixin.py:188} INFO - [2026-07-21T18:47:21.376+0000] {dagbag.py:538} INFO - Filling up the DagBag from /home/airflow/.local/lib/python3.10/site-packages/airflow/example_dags/example_trigger_target_dag.py
[2026-07-21T18:47:21.384+0000] {processor.py:840} INFO - DAG(s) 'example_trigger_target_dag' retrieved from /home/airflow/.local/lib/python3.10/site-packages/airflow/example_dags/example_trigger_target_dag.py
[2026-07-21T18:47:21.409+0000] {logging_mixin.py:188} INFO - [2026-07-21T18:47:21.409+0000] {dag.py:3036} INFO - Sync 1 DAGs
[2026-07-21T18:47:21.421+0000] {logging_mixin.py:188} INFO - [2026-07-21T18:47:21.421+0000] {dag.py:3823} INFO - Setting next_dagrun for example_trigger_target_dag to None, run_after=None
[2026-07-21T18:47:21.448+0000] {processor.py:183} INFO - Processing /home/airflow/.local/lib/python3.10/site-packages/airflow/example_dags/example_trigger_target_dag.py took 0.082 seconds
[2026-07-21T18:47:52.109+0000] {processor.py:161} INFO - Started process (PID=1582) to work on /home/airflow/.local/lib/python3.10/site-packages/airflow/example_dags/example_trigger_target_dag.py
[2026-07-21T18:47:52.110+0000] {processor.py:830} INFO - Processing file /home/airflow/.local/lib/python3.10/site-packages/airflow/example_dags/example_trigger_target_dag.py for tasks to queue
[2026-07-21T18:47:52.112+0000] {logging_mixin.py:188} INFO - [2026-07-21T18:47:52.112+0000] {dagbag.py:538} INFO - Filling up the DagBag from /home/airflow/.local/lib/python3.10/site-packages/airflow/example_dags/example_trigger_target_dag.py
[2026-07-21T18:47:52.119+0000] {processor.py:840} INFO - DAG(s) 'example_trigger_target_dag' retrieved from /home/airflow/.local/lib/python3.10/site-packages/airflow/example_dags/example_trigger_target_dag.py
[2026-07-21T18:47:52.140+0000] {logging_mixin.py:188} INFO - [2026-07-21T18:47:52.140+0000] {dag.py:3036} INFO - Sync 1 DAGs
[2026-07-21T18:47:52.150+0000] {logging_mixin.py:188} INFO - [2026-07-21T18:47:52.150+0000] {dag.py:3823} INFO - Setting next_dagrun for example_trigger_target_dag to None, run_after=None
[2026-07-21T18:47:52.167+0000] {processor.py:183} INFO - Processing /home/airflow/.local/lib/python3.10/site-packages/airflow/example_dags/example_trigger_target_dag.py took 0.062 seconds
[2026-07-21T18:48:22.842+0000] {processor.py:161} INFO - Started process (PID=1638) to work on /home/airflow/.local/lib/python3.10/site-packages/airflow/example_dags/example_trigger_target_dag.py
[2026-07-21T18:48:22.844+0000] {processor.py:830} INFO - Processing file /home/airflow/.local/lib/python3.10/site-packages/airflow/example_dags/example_trigger_target_dag.py for tasks to queue
[2026-07-21T18:48:22.846+0000] {logging_mixin.py:188} INFO - [2026-07-21T18:48:22.846+0000] {dagbag.py:538} INFO - Filling up the DagBag from /home/airflow/.local/lib/python3.10/site-packages/airflow/example_dags/example_trigger_target_dag.py
[2026-07-21T18:48:22.853+0000] {processor.py:840} INFO - DAG(s) 'example_trigger_target_dag' retrieved from /home/airflow/.local/lib/python3.10/site-packages/airflow/example_dags/example_trigger_target_dag.py
[2026-07-21T18:48:22.874+0000] {logging_mixin.py:188} INFO - [2026-07-21T18:48:22.874+0000] {dag.py:3036} INFO - Sync 1 DAGs
[2026-07-21T18:48:22.886+0000] {logging_mixin.py:188} INFO - [2026-07-21T18:48:22.886+0000] {dag.py:3823} INFO - Setting next_dagrun for example_trigger_target_dag to None, run_after=None
[2026-07-21T18:48:22.908+0000] {processor.py:183} INFO - Processing /home/airflow/.local/lib/python3.10/site-packages/airflow/example_dags/example_trigger_target_dag.py took 0.071 seconds
