[2026-07-21T17:56:32.124+0000] {processor.py:161} INFO - Started process (PID=98) to work on /home/airflow/.local/lib/python3.8/site-packages/airflow/example_dags/example_task_group_decorator.py
[2026-07-21T17:56:32.126+0000] {processor.py:830} INFO - Processing file /home/airflow/.local/lib/python3.8/site-packages/airflow/example_dags/example_task_group_decorator.py for tasks to queue
[2026-07-21T17:56:32.128+0000] {logging_mixin.py:188} INFO - [2026-07-21T17:56:32.128+0000] {dagbag.py:538} INFO - Filling up the DagBag from /home/airflow/.local/lib/python3.8/site-packages/airflow/example_dags/example_task_group_decorator.py
[2026-07-21T17:56:32.144+0000] {processor.py:840} INFO - DAG(s) 'example_task_group_decorator' retrieved from /home/airflow/.local/lib/python3.8/site-packages/airflow/example_dags/example_task_group_decorator.py
[2026-07-21T17:56:32.275+0000] {logging_mixin.py:188} INFO - [2026-07-21T17:56:32.274+0000] {dag.py:3036} INFO - Sync 1 DAGs
[2026-07-21T17:56:32.305+0000] {logging_mixin.py:188} INFO - [2026-07-21T17:56:32.305+0000] {dag.py:3823} INFO - Setting next_dagrun for example_task_group_decorator to 2026-07-20 00:00:00+00:00, run_after=2026-07-21 00:00:00+00:00
[2026-07-21T17:56:32.345+0000] {processor.py:183} INFO - Processing /home/airflow/.local/lib/python3.8/site-packages/airflow/example_dags/example_task_group_decorator.py took 0.225 seconds
[2026-07-21T17:57:02.386+0000] {processor.py:161} INFO - Started process (PID=154) to work on /home/airflow/.local/lib/python3.8/site-packages/airflow/example_dags/example_task_group_decorator.py
[2026-07-21T17:57:02.387+0000] {processor.py:830} INFO - Processing file /home/airflow/.local/lib/python3.8/site-packages/airflow/example_dags/example_task_group_decorator.py for tasks to queue
[2026-07-21T17:57:02.390+0000] {logging_mixin.py:188} INFO - [2026-07-21T17:57:02.389+0000] {dagbag.py:538} INFO - Filling up the DagBag from /home/airflow/.local/lib/python3.8/site-packages/airflow/example_dags/example_task_group_decorator.py
[2026-07-21T17:57:02.403+0000] {processor.py:840} INFO - DAG(s) 'example_task_group_decorator' retrieved from /home/airflow/.local/lib/python3.8/site-packages/airflow/example_dags/example_task_group_decorator.py
[2026-07-21T17:57:02.429+0000] {logging_mixin.py:188} INFO - [2026-07-21T17:57:02.429+0000] {dag.py:3036} INFO - Sync 1 DAGs
[2026-07-21T17:57:02.450+0000] {logging_mixin.py:188} INFO - [2026-07-21T17:57:02.450+0000] {dag.py:3823} INFO - Setting next_dagrun for example_task_group_decorator to 2026-07-20 00:00:00+00:00, run_after=2026-07-21 00:00:00+00:00
[2026-07-21T17:57:02.472+0000] {processor.py:183} INFO - Processing /home/airflow/.local/lib/python3.8/site-packages/airflow/example_dags/example_task_group_decorator.py took 0.089 seconds
[2026-07-21T17:57:32.821+0000] {processor.py:161} INFO - Started process (PID=210) to work on /home/airflow/.local/lib/python3.8/site-packages/airflow/example_dags/example_task_group_decorator.py
[2026-07-21T17:57:32.822+0000] {processor.py:830} INFO - Processing file /home/airflow/.local/lib/python3.8/site-packages/airflow/example_dags/example_task_group_decorator.py for tasks to queue
[2026-07-21T17:57:32.823+0000] {logging_mixin.py:188} INFO - [2026-07-21T17:57:32.823+0000] {dagbag.py:538} INFO - Filling up the DagBag from /home/airflow/.local/lib/python3.8/site-packages/airflow/example_dags/example_task_group_decorator.py
[2026-07-21T17:57:32.836+0000] {processor.py:840} INFO - DAG(s) 'example_task_group_decorator' retrieved from /home/airflow/.local/lib/python3.8/site-packages/airflow/example_dags/example_task_group_decorator.py
[2026-07-21T17:57:32.862+0000] {logging_mixin.py:188} INFO - [2026-07-21T17:57:32.861+0000] {dag.py:3036} INFO - Sync 1 DAGs
[2026-07-21T17:57:32.882+0000] {logging_mixin.py:188} INFO - [2026-07-21T17:57:32.882+0000] {dag.py:3823} INFO - Setting next_dagrun for example_task_group_decorator to 2026-07-20 00:00:00+00:00, run_after=2026-07-21 00:00:00+00:00
[2026-07-21T17:57:32.899+0000] {processor.py:183} INFO - Processing /home/airflow/.local/lib/python3.8/site-packages/airflow/example_dags/example_task_group_decorator.py took 0.083 seconds
[2026-07-21T17:58:03.024+0000] {processor.py:161} INFO - Started process (PID=266) to work on /home/airflow/.local/lib/python3.8/site-packages/airflow/example_dags/example_task_group_decorator.py
[2026-07-21T17:58:03.025+0000] {processor.py:830} INFO - Processing file /home/airflow/.local/lib/python3.8/site-packages/airflow/example_dags/example_task_group_decorator.py for tasks to queue
[2026-07-21T17:58:03.027+0000] {logging_mixin.py:188} INFO - [2026-07-21T17:58:03.027+0000] {dagbag.py:538} INFO - Filling up the DagBag from /home/airflow/.local/lib/python3.8/site-packages/airflow/example_dags/example_task_group_decorator.py
[2026-07-21T17:58:03.040+0000] {processor.py:840} INFO - DAG(s) 'example_task_group_decorator' retrieved from /home/airflow/.local/lib/python3.8/site-packages/airflow/example_dags/example_task_group_decorator.py
[2026-07-21T17:58:03.065+0000] {logging_mixin.py:188} INFO - [2026-07-21T17:58:03.065+0000] {dag.py:3036} INFO - Sync 1 DAGs
[2026-07-21T17:58:03.085+0000] {logging_mixin.py:188} INFO - [2026-07-21T17:58:03.084+0000] {dag.py:3823} INFO - Setting next_dagrun for example_task_group_decorator to 2026-07-20 00:00:00+00:00, run_after=2026-07-21 00:00:00+00:00
[2026-07-21T17:58:03.101+0000] {processor.py:183} INFO - Processing /home/airflow/.local/lib/python3.8/site-packages/airflow/example_dags/example_task_group_decorator.py took 0.081 seconds
[2026-07-21T17:58:33.464+0000] {processor.py:161} INFO - Started process (PID=322) to work on /home/airflow/.local/lib/python3.8/site-packages/airflow/example_dags/example_task_group_decorator.py
[2026-07-21T17:58:33.465+0000] {processor.py:830} INFO - Processing file /home/airflow/.local/lib/python3.8/site-packages/airflow/example_dags/example_task_group_decorator.py for tasks to queue
[2026-07-21T17:58:33.467+0000] {logging_mixin.py:188} INFO - [2026-07-21T17:58:33.467+0000] {dagbag.py:538} INFO - Filling up the DagBag from /home/airflow/.local/lib/python3.8/site-packages/airflow/example_dags/example_task_group_decorator.py
[2026-07-21T17:58:33.481+0000] {processor.py:840} INFO - DAG(s) 'example_task_group_decorator' retrieved from /home/airflow/.local/lib/python3.8/site-packages/airflow/example_dags/example_task_group_decorator.py
[2026-07-21T17:58:33.505+0000] {logging_mixin.py:188} INFO - [2026-07-21T17:58:33.505+0000] {dag.py:3036} INFO - Sync 1 DAGs
[2026-07-21T17:58:33.525+0000] {logging_mixin.py:188} INFO - [2026-07-21T17:58:33.525+0000] {dag.py:3823} INFO - Setting next_dagrun for example_task_group_decorator to 2026-07-20 00:00:00+00:00, run_after=2026-07-21 00:00:00+00:00
[2026-07-21T17:58:33.543+0000] {processor.py:183} INFO - Processing /home/airflow/.local/lib/python3.8/site-packages/airflow/example_dags/example_task_group_decorator.py took 0.083 seconds
[2026-07-21T17:59:03.786+0000] {processor.py:161} INFO - Started process (PID=378) to work on /home/airflow/.local/lib/python3.8/site-packages/airflow/example_dags/example_task_group_decorator.py
[2026-07-21T17:59:03.787+0000] {processor.py:830} INFO - Processing file /home/airflow/.local/lib/python3.8/site-packages/airflow/example_dags/example_task_group_decorator.py for tasks to queue
[2026-07-21T17:59:03.789+0000] {logging_mixin.py:188} INFO - [2026-07-21T17:59:03.789+0000] {dagbag.py:538} INFO - Filling up the DagBag from /home/airflow/.local/lib/python3.8/site-packages/airflow/example_dags/example_task_group_decorator.py
[2026-07-21T17:59:03.804+0000] {processor.py:840} INFO - DAG(s) 'example_task_group_decorator' retrieved from /home/airflow/.local/lib/python3.8/site-packages/airflow/example_dags/example_task_group_decorator.py
[2026-07-21T17:59:03.830+0000] {logging_mixin.py:188} INFO - [2026-07-21T17:59:03.829+0000] {dag.py:3036} INFO - Sync 1 DAGs
[2026-07-21T17:59:03.851+0000] {logging_mixin.py:188} INFO - [2026-07-21T17:59:03.851+0000] {dag.py:3823} INFO - Setting next_dagrun for example_task_group_decorator to 2026-07-20 00:00:00+00:00, run_after=2026-07-21 00:00:00+00:00
[2026-07-21T17:59:03.870+0000] {processor.py:183} INFO - Processing /home/airflow/.local/lib/python3.8/site-packages/airflow/example_dags/example_task_group_decorator.py took 0.088 seconds
[2026-07-21T17:59:33.919+0000] {processor.py:161} INFO - Started process (PID=434) to work on /home/airflow/.local/lib/python3.8/site-packages/airflow/example_dags/example_task_group_decorator.py
[2026-07-21T17:59:33.920+0000] {processor.py:830} INFO - Processing file /home/airflow/.local/lib/python3.8/site-packages/airflow/example_dags/example_task_group_decorator.py for tasks to queue
[2026-07-21T17:59:33.922+0000] {logging_mixin.py:188} INFO - [2026-07-21T17:59:33.922+0000] {dagbag.py:538} INFO - Filling up the DagBag from /home/airflow/.local/lib/python3.8/site-packages/airflow/example_dags/example_task_group_decorator.py
[2026-07-21T17:59:33.936+0000] {processor.py:840} INFO - DAG(s) 'example_task_group_decorator' retrieved from /home/airflow/.local/lib/python3.8/site-packages/airflow/example_dags/example_task_group_decorator.py
[2026-07-21T17:59:33.961+0000] {logging_mixin.py:188} INFO - [2026-07-21T17:59:33.961+0000] {dag.py:3036} INFO - Sync 1 DAGs
[2026-07-21T17:59:33.983+0000] {logging_mixin.py:188} INFO - [2026-07-21T17:59:33.983+0000] {dag.py:3823} INFO - Setting next_dagrun for example_task_group_decorator to 2026-07-20 00:00:00+00:00, run_after=2026-07-21 00:00:00+00:00
[2026-07-21T17:59:34.002+0000] {processor.py:183} INFO - Processing /home/airflow/.local/lib/python3.8/site-packages/airflow/example_dags/example_task_group_decorator.py took 0.087 seconds
[2026-07-21T18:00:04.237+0000] {processor.py:161} INFO - Started process (PID=490) to work on /home/airflow/.local/lib/python3.8/site-packages/airflow/example_dags/example_task_group_decorator.py
[2026-07-21T18:00:04.238+0000] {processor.py:830} INFO - Processing file /home/airflow/.local/lib/python3.8/site-packages/airflow/example_dags/example_task_group_decorator.py for tasks to queue
[2026-07-21T18:00:04.240+0000] {logging_mixin.py:188} INFO - [2026-07-21T18:00:04.240+0000] {dagbag.py:538} INFO - Filling up the DagBag from /home/airflow/.local/lib/python3.8/site-packages/airflow/example_dags/example_task_group_decorator.py
[2026-07-21T18:00:04.253+0000] {processor.py:840} INFO - DAG(s) 'example_task_group_decorator' retrieved from /home/airflow/.local/lib/python3.8/site-packages/airflow/example_dags/example_task_group_decorator.py
[2026-07-21T18:00:04.279+0000] {logging_mixin.py:188} INFO - [2026-07-21T18:00:04.279+0000] {dag.py:3036} INFO - Sync 1 DAGs
[2026-07-21T18:00:04.299+0000] {logging_mixin.py:188} INFO - [2026-07-21T18:00:04.299+0000] {dag.py:3823} INFO - Setting next_dagrun for example_task_group_decorator to 2026-07-20 00:00:00+00:00, run_after=2026-07-21 00:00:00+00:00
[2026-07-21T18:00:04.317+0000] {processor.py:183} INFO - Processing /home/airflow/.local/lib/python3.8/site-packages/airflow/example_dags/example_task_group_decorator.py took 0.084 seconds
[2026-07-21T18:00:34.717+0000] {processor.py:161} INFO - Started process (PID=546) to work on /home/airflow/.local/lib/python3.8/site-packages/airflow/example_dags/example_task_group_decorator.py
[2026-07-21T18:00:34.719+0000] {processor.py:830} INFO - Processing file /home/airflow/.local/lib/python3.8/site-packages/airflow/example_dags/example_task_group_decorator.py for tasks to queue
[2026-07-21T18:00:34.722+0000] {logging_mixin.py:188} INFO - [2026-07-21T18:00:34.722+0000] {dagbag.py:538} INFO - Filling up the DagBag from /home/airflow/.local/lib/python3.8/site-packages/airflow/example_dags/example_task_group_decorator.py
[2026-07-21T18:00:34.741+0000] {processor.py:840} INFO - DAG(s) 'example_task_group_decorator' retrieved from /home/airflow/.local/lib/python3.8/site-packages/airflow/example_dags/example_task_group_decorator.py
[2026-07-21T18:00:34.771+0000] {logging_mixin.py:188} INFO - [2026-07-21T18:00:34.771+0000] {dag.py:3036} INFO - Sync 1 DAGs
[2026-07-21T18:00:34.793+0000] {logging_mixin.py:188} INFO - [2026-07-21T18:00:34.792+0000] {dag.py:3823} INFO - Setting next_dagrun for example_task_group_decorator to 2026-07-20 00:00:00+00:00, run_after=2026-07-21 00:00:00+00:00
[2026-07-21T18:00:34.811+0000] {processor.py:183} INFO - Processing /home/airflow/.local/lib/python3.8/site-packages/airflow/example_dags/example_task_group_decorator.py took 0.098 seconds
[2026-07-21T18:01:04.878+0000] {processor.py:161} INFO - Started process (PID=603) to work on /home/airflow/.local/lib/python3.8/site-packages/airflow/example_dags/example_task_group_decorator.py
[2026-07-21T18:01:04.879+0000] {processor.py:830} INFO - Processing file /home/airflow/.local/lib/python3.8/site-packages/airflow/example_dags/example_task_group_decorator.py for tasks to queue
[2026-07-21T18:01:04.881+0000] {logging_mixin.py:188} INFO - [2026-07-21T18:01:04.880+0000] {dagbag.py:538} INFO - Filling up the DagBag from /home/airflow/.local/lib/python3.8/site-packages/airflow/example_dags/example_task_group_decorator.py
[2026-07-21T18:01:04.894+0000] {processor.py:840} INFO - DAG(s) 'example_task_group_decorator' retrieved from /home/airflow/.local/lib/python3.8/site-packages/airflow/example_dags/example_task_group_decorator.py
[2026-07-21T18:01:04.918+0000] {logging_mixin.py:188} INFO - [2026-07-21T18:01:04.918+0000] {dag.py:3036} INFO - Sync 1 DAGs
[2026-07-21T18:01:04.939+0000] {logging_mixin.py:188} INFO - [2026-07-21T18:01:04.938+0000] {dag.py:3823} INFO - Setting next_dagrun for example_task_group_decorator to 2026-07-20 00:00:00+00:00, run_after=2026-07-21 00:00:00+00:00
[2026-07-21T18:01:04.956+0000] {processor.py:183} INFO - Processing /home/airflow/.local/lib/python3.8/site-packages/airflow/example_dags/example_task_group_decorator.py took 0.082 seconds
[2026-07-21T18:01:35.458+0000] {processor.py:161} INFO - Started process (PID=659) to work on /home/airflow/.local/lib/python3.8/site-packages/airflow/example_dags/example_task_group_decorator.py
[2026-07-21T18:01:35.460+0000] {processor.py:830} INFO - Processing file /home/airflow/.local/lib/python3.8/site-packages/airflow/example_dags/example_task_group_decorator.py for tasks to queue
[2026-07-21T18:01:35.464+0000] {logging_mixin.py:188} INFO - [2026-07-21T18:01:35.463+0000] {dagbag.py:538} INFO - Filling up the DagBag from /home/airflow/.local/lib/python3.8/site-packages/airflow/example_dags/example_task_group_decorator.py
[2026-07-21T18:01:35.484+0000] {processor.py:840} INFO - DAG(s) 'example_task_group_decorator' retrieved from /home/airflow/.local/lib/python3.8/site-packages/airflow/example_dags/example_task_group_decorator.py
[2026-07-21T18:01:35.517+0000] {logging_mixin.py:188} INFO - [2026-07-21T18:01:35.516+0000] {dag.py:3036} INFO - Sync 1 DAGs
[2026-07-21T18:01:35.548+0000] {logging_mixin.py:188} INFO - [2026-07-21T18:01:35.548+0000] {dag.py:3823} INFO - Setting next_dagrun for example_task_group_decorator to 2026-07-20 00:00:00+00:00, run_after=2026-07-21 00:00:00+00:00
[2026-07-21T18:01:35.572+0000] {processor.py:183} INFO - Processing /home/airflow/.local/lib/python3.8/site-packages/airflow/example_dags/example_task_group_decorator.py took 0.119 seconds
[2026-07-21T18:02:05.701+0000] {processor.py:161} INFO - Started process (PID=715) to work on /home/airflow/.local/lib/python3.8/site-packages/airflow/example_dags/example_task_group_decorator.py
[2026-07-21T18:02:05.702+0000] {processor.py:830} INFO - Processing file /home/airflow/.local/lib/python3.8/site-packages/airflow/example_dags/example_task_group_decorator.py for tasks to queue
[2026-07-21T18:02:05.704+0000] {logging_mixin.py:188} INFO - [2026-07-21T18:02:05.704+0000] {dagbag.py:538} INFO - Filling up the DagBag from /home/airflow/.local/lib/python3.8/site-packages/airflow/example_dags/example_task_group_decorator.py
[2026-07-21T18:02:05.719+0000] {processor.py:840} INFO - DAG(s) 'example_task_group_decorator' retrieved from /home/airflow/.local/lib/python3.8/site-packages/airflow/example_dags/example_task_group_decorator.py
[2026-07-21T18:02:05.747+0000] {logging_mixin.py:188} INFO - [2026-07-21T18:02:05.746+0000] {dag.py:3036} INFO - Sync 1 DAGs
[2026-07-21T18:02:05.767+0000] {logging_mixin.py:188} INFO - [2026-07-21T18:02:05.767+0000] {dag.py:3823} INFO - Setting next_dagrun for example_task_group_decorator to 2026-07-20 00:00:00+00:00, run_after=2026-07-21 00:00:00+00:00
[2026-07-21T18:02:05.786+0000] {processor.py:183} INFO - Processing /home/airflow/.local/lib/python3.8/site-packages/airflow/example_dags/example_task_group_decorator.py took 0.089 seconds
[2026-07-21T18:02:36.157+0000] {processor.py:161} INFO - Started process (PID=771) to work on /home/airflow/.local/lib/python3.8/site-packages/airflow/example_dags/example_task_group_decorator.py
[2026-07-21T18:02:36.158+0000] {processor.py:830} INFO - Processing file /home/airflow/.local/lib/python3.8/site-packages/airflow/example_dags/example_task_group_decorator.py for tasks to queue
[2026-07-21T18:02:36.160+0000] {logging_mixin.py:188} INFO - [2026-07-21T18:02:36.160+0000] {dagbag.py:538} INFO - Filling up the DagBag from /home/airflow/.local/lib/python3.8/site-packages/airflow/example_dags/example_task_group_decorator.py
[2026-07-21T18:02:36.174+0000] {processor.py:840} INFO - DAG(s) 'example_task_group_decorator' retrieved from /home/airflow/.local/lib/python3.8/site-packages/airflow/example_dags/example_task_group_decorator.py
[2026-07-21T18:02:36.198+0000] {logging_mixin.py:188} INFO - [2026-07-21T18:02:36.198+0000] {dag.py:3036} INFO - Sync 1 DAGs
[2026-07-21T18:02:36.219+0000] {logging_mixin.py:188} INFO - [2026-07-21T18:02:36.218+0000] {dag.py:3823} INFO - Setting next_dagrun for example_task_group_decorator to 2026-07-20 00:00:00+00:00, run_after=2026-07-21 00:00:00+00:00
[2026-07-21T18:02:36.237+0000] {processor.py:183} INFO - Processing /home/airflow/.local/lib/python3.8/site-packages/airflow/example_dags/example_task_group_decorator.py took 0.084 seconds
[2026-07-21T18:03:06.373+0000] {processor.py:161} INFO - Started process (PID=827) to work on /home/airflow/.local/lib/python3.8/site-packages/airflow/example_dags/example_task_group_decorator.py
[2026-07-21T18:03:06.374+0000] {processor.py:830} INFO - Processing file /home/airflow/.local/lib/python3.8/site-packages/airflow/example_dags/example_task_group_decorator.py for tasks to queue
[2026-07-21T18:03:06.376+0000] {logging_mixin.py:188} INFO - [2026-07-21T18:03:06.376+0000] {dagbag.py:538} INFO - Filling up the DagBag from /home/airflow/.local/lib/python3.8/site-packages/airflow/example_dags/example_task_group_decorator.py
[2026-07-21T18:03:06.390+0000] {processor.py:840} INFO - DAG(s) 'example_task_group_decorator' retrieved from /home/airflow/.local/lib/python3.8/site-packages/airflow/example_dags/example_task_group_decorator.py
[2026-07-21T18:03:06.415+0000] {logging_mixin.py:188} INFO - [2026-07-21T18:03:06.414+0000] {dag.py:3036} INFO - Sync 1 DAGs
[2026-07-21T18:03:06.435+0000] {logging_mixin.py:188} INFO - [2026-07-21T18:03:06.434+0000] {dag.py:3823} INFO - Setting next_dagrun for example_task_group_decorator to 2026-07-20 00:00:00+00:00, run_after=2026-07-21 00:00:00+00:00
[2026-07-21T18:03:06.456+0000] {processor.py:183} INFO - Processing /home/airflow/.local/lib/python3.8/site-packages/airflow/example_dags/example_task_group_decorator.py took 0.087 seconds
[2026-07-21T18:03:36.720+0000] {processor.py:161} INFO - Started process (PID=883) to work on /home/airflow/.local/lib/python3.8/site-packages/airflow/example_dags/example_task_group_decorator.py
[2026-07-21T18:03:36.721+0000] {processor.py:830} INFO - Processing file /home/airflow/.local/lib/python3.8/site-packages/airflow/example_dags/example_task_group_decorator.py for tasks to queue
[2026-07-21T18:03:36.724+0000] {logging_mixin.py:188} INFO - [2026-07-21T18:03:36.723+0000] {dagbag.py:538} INFO - Filling up the DagBag from /home/airflow/.local/lib/python3.8/site-packages/airflow/example_dags/example_task_group_decorator.py
[2026-07-21T18:03:36.737+0000] {processor.py:840} INFO - DAG(s) 'example_task_group_decorator' retrieved from /home/airflow/.local/lib/python3.8/site-packages/airflow/example_dags/example_task_group_decorator.py
[2026-07-21T18:03:36.761+0000] {logging_mixin.py:188} INFO - [2026-07-21T18:03:36.761+0000] {dag.py:3036} INFO - Sync 1 DAGs
[2026-07-21T18:03:36.782+0000] {logging_mixin.py:188} INFO - [2026-07-21T18:03:36.782+0000] {dag.py:3823} INFO - Setting next_dagrun for example_task_group_decorator to 2026-07-20 00:00:00+00:00, run_after=2026-07-21 00:00:00+00:00
[2026-07-21T18:03:36.801+0000] {processor.py:183} INFO - Processing /home/airflow/.local/lib/python3.8/site-packages/airflow/example_dags/example_task_group_decorator.py took 0.085 seconds
[2026-07-21T18:04:07.173+0000] {processor.py:161} INFO - Started process (PID=939) to work on /home/airflow/.local/lib/python3.8/site-packages/airflow/example_dags/example_task_group_decorator.py
[2026-07-21T18:04:07.174+0000] {processor.py:830} INFO - Processing file /home/airflow/.local/lib/python3.8/site-packages/airflow/example_dags/example_task_group_decorator.py for tasks to queue
[2026-07-21T18:04:07.177+0000] {logging_mixin.py:188} INFO - [2026-07-21T18:04:07.176+0000] {dagbag.py:538} INFO - Filling up the DagBag from /home/airflow/.local/lib/python3.8/site-packages/airflow/example_dags/example_task_group_decorator.py
[2026-07-21T18:04:07.192+0000] {processor.py:840} INFO - DAG(s) 'example_task_group_decorator' retrieved from /home/airflow/.local/lib/python3.8/site-packages/airflow/example_dags/example_task_group_decorator.py
[2026-07-21T18:04:07.217+0000] {logging_mixin.py:188} INFO - [2026-07-21T18:04:07.217+0000] {dag.py:3036} INFO - Sync 1 DAGs
[2026-07-21T18:04:07.238+0000] {logging_mixin.py:188} INFO - [2026-07-21T18:04:07.237+0000] {dag.py:3823} INFO - Setting next_dagrun for example_task_group_decorator to 2026-07-20 00:00:00+00:00, run_after=2026-07-21 00:00:00+00:00
[2026-07-21T18:04:07.254+0000] {processor.py:183} INFO - Processing /home/airflow/.local/lib/python3.8/site-packages/airflow/example_dags/example_task_group_decorator.py took 0.086 seconds
[2026-07-21T18:04:37.456+0000] {processor.py:161} INFO - Started process (PID=995) to work on /home/airflow/.local/lib/python3.8/site-packages/airflow/example_dags/example_task_group_decorator.py
[2026-07-21T18:04:37.457+0000] {processor.py:830} INFO - Processing file /home/airflow/.local/lib/python3.8/site-packages/airflow/example_dags/example_task_group_decorator.py for tasks to queue
[2026-07-21T18:04:37.459+0000] {logging_mixin.py:188} INFO - [2026-07-21T18:04:37.458+0000] {dagbag.py:538} INFO - Filling up the DagBag from /home/airflow/.local/lib/python3.8/site-packages/airflow/example_dags/example_task_group_decorator.py
[2026-07-21T18:04:37.473+0000] {processor.py:840} INFO - DAG(s) 'example_task_group_decorator' retrieved from /home/airflow/.local/lib/python3.8/site-packages/airflow/example_dags/example_task_group_decorator.py
[2026-07-21T18:04:37.498+0000] {logging_mixin.py:188} INFO - [2026-07-21T18:04:37.498+0000] {dag.py:3036} INFO - Sync 1 DAGs
[2026-07-21T18:04:37.518+0000] {logging_mixin.py:188} INFO - [2026-07-21T18:04:37.517+0000] {dag.py:3823} INFO - Setting next_dagrun for example_task_group_decorator to 2026-07-20 00:00:00+00:00, run_after=2026-07-21 00:00:00+00:00
[2026-07-21T18:04:37.534+0000] {processor.py:183} INFO - Processing /home/airflow/.local/lib/python3.8/site-packages/airflow/example_dags/example_task_group_decorator.py took 0.082 seconds
[2026-07-21T18:05:07.894+0000] {processor.py:161} INFO - Started process (PID=1051) to work on /home/airflow/.local/lib/python3.8/site-packages/airflow/example_dags/example_task_group_decorator.py
[2026-07-21T18:05:07.896+0000] {processor.py:830} INFO - Processing file /home/airflow/.local/lib/python3.8/site-packages/airflow/example_dags/example_task_group_decorator.py for tasks to queue
[2026-07-21T18:05:07.898+0000] {logging_mixin.py:188} INFO - [2026-07-21T18:05:07.897+0000] {dagbag.py:538} INFO - Filling up the DagBag from /home/airflow/.local/lib/python3.8/site-packages/airflow/example_dags/example_task_group_decorator.py
[2026-07-21T18:05:07.910+0000] {processor.py:840} INFO - DAG(s) 'example_task_group_decorator' retrieved from /home/airflow/.local/lib/python3.8/site-packages/airflow/example_dags/example_task_group_decorator.py
[2026-07-21T18:05:07.934+0000] {logging_mixin.py:188} INFO - [2026-07-21T18:05:07.934+0000] {dag.py:3036} INFO - Sync 1 DAGs
[2026-07-21T18:05:07.953+0000] {logging_mixin.py:188} INFO - [2026-07-21T18:05:07.952+0000] {dag.py:3823} INFO - Setting next_dagrun for example_task_group_decorator to 2026-07-20 00:00:00+00:00, run_after=2026-07-21 00:00:00+00:00
[2026-07-21T18:05:07.970+0000] {processor.py:183} INFO - Processing /home/airflow/.local/lib/python3.8/site-packages/airflow/example_dags/example_task_group_decorator.py took 0.080 seconds
[2026-07-21T18:05:38.585+0000] {processor.py:161} INFO - Started process (PID=1107) to work on /home/airflow/.local/lib/python3.8/site-packages/airflow/example_dags/example_task_group_decorator.py
[2026-07-21T18:05:38.586+0000] {processor.py:830} INFO - Processing file /home/airflow/.local/lib/python3.8/site-packages/airflow/example_dags/example_task_group_decorator.py for tasks to queue
[2026-07-21T18:05:38.588+0000] {logging_mixin.py:188} INFO - [2026-07-21T18:05:38.588+0000] {dagbag.py:538} INFO - Filling up the DagBag from /home/airflow/.local/lib/python3.8/site-packages/airflow/example_dags/example_task_group_decorator.py
[2026-07-21T18:05:38.602+0000] {processor.py:840} INFO - DAG(s) 'example_task_group_decorator' retrieved from /home/airflow/.local/lib/python3.8/site-packages/airflow/example_dags/example_task_group_decorator.py
[2026-07-21T18:05:38.628+0000] {logging_mixin.py:188} INFO - [2026-07-21T18:05:38.627+0000] {dag.py:3036} INFO - Sync 1 DAGs
[2026-07-21T18:05:38.647+0000] {logging_mixin.py:188} INFO - [2026-07-21T18:05:38.647+0000] {dag.py:3823} INFO - Setting next_dagrun for example_task_group_decorator to 2026-07-20 00:00:00+00:00, run_after=2026-07-21 00:00:00+00:00
[2026-07-21T18:05:38.667+0000] {processor.py:183} INFO - Processing /home/airflow/.local/lib/python3.8/site-packages/airflow/example_dags/example_task_group_decorator.py took 0.086 seconds
[2026-07-21T18:06:09.036+0000] {processor.py:161} INFO - Started process (PID=1163) to work on /home/airflow/.local/lib/python3.8/site-packages/airflow/example_dags/example_task_group_decorator.py
[2026-07-21T18:06:09.037+0000] {processor.py:830} INFO - Processing file /home/airflow/.local/lib/python3.8/site-packages/airflow/example_dags/example_task_group_decorator.py for tasks to queue
[2026-07-21T18:06:09.040+0000] {logging_mixin.py:188} INFO - [2026-07-21T18:06:09.040+0000] {dagbag.py:538} INFO - Filling up the DagBag from /home/airflow/.local/lib/python3.8/site-packages/airflow/example_dags/example_task_group_decorator.py
[2026-07-21T18:06:09.062+0000] {processor.py:840} INFO - DAG(s) 'example_task_group_decorator' retrieved from /home/airflow/.local/lib/python3.8/site-packages/airflow/example_dags/example_task_group_decorator.py
[2026-07-21T18:06:09.100+0000] {logging_mixin.py:188} INFO - [2026-07-21T18:06:09.099+0000] {dag.py:3036} INFO - Sync 1 DAGs
[2026-07-21T18:06:09.128+0000] {logging_mixin.py:188} INFO - [2026-07-21T18:06:09.128+0000] {dag.py:3823} INFO - Setting next_dagrun for example_task_group_decorator to 2026-07-20 00:00:00+00:00, run_after=2026-07-21 00:00:00+00:00
[2026-07-21T18:06:09.152+0000] {processor.py:183} INFO - Processing /home/airflow/.local/lib/python3.8/site-packages/airflow/example_dags/example_task_group_decorator.py took 0.121 seconds
[2026-07-21T18:06:39.513+0000] {processor.py:161} INFO - Started process (PID=1219) to work on /home/airflow/.local/lib/python3.8/site-packages/airflow/example_dags/example_task_group_decorator.py
[2026-07-21T18:06:39.514+0000] {processor.py:830} INFO - Processing file /home/airflow/.local/lib/python3.8/site-packages/airflow/example_dags/example_task_group_decorator.py for tasks to queue
[2026-07-21T18:06:39.516+0000] {logging_mixin.py:188} INFO - [2026-07-21T18:06:39.516+0000] {dagbag.py:538} INFO - Filling up the DagBag from /home/airflow/.local/lib/python3.8/site-packages/airflow/example_dags/example_task_group_decorator.py
[2026-07-21T18:06:39.530+0000] {processor.py:840} INFO - DAG(s) 'example_task_group_decorator' retrieved from /home/airflow/.local/lib/python3.8/site-packages/airflow/example_dags/example_task_group_decorator.py
[2026-07-21T18:06:39.556+0000] {logging_mixin.py:188} INFO - [2026-07-21T18:06:39.556+0000] {dag.py:3036} INFO - Sync 1 DAGs
[2026-07-21T18:06:39.578+0000] {logging_mixin.py:188} INFO - [2026-07-21T18:06:39.578+0000] {dag.py:3823} INFO - Setting next_dagrun for example_task_group_decorator to 2026-07-20 00:00:00+00:00, run_after=2026-07-21 00:00:00+00:00
[2026-07-21T18:06:39.596+0000] {processor.py:183} INFO - Processing /home/airflow/.local/lib/python3.8/site-packages/airflow/example_dags/example_task_group_decorator.py took 0.088 seconds
[2026-07-21T18:07:09.805+0000] {processor.py:161} INFO - Started process (PID=1275) to work on /home/airflow/.local/lib/python3.8/site-packages/airflow/example_dags/example_task_group_decorator.py
[2026-07-21T18:07:09.806+0000] {processor.py:830} INFO - Processing file /home/airflow/.local/lib/python3.8/site-packages/airflow/example_dags/example_task_group_decorator.py for tasks to queue
[2026-07-21T18:07:09.808+0000] {logging_mixin.py:188} INFO - [2026-07-21T18:07:09.808+0000] {dagbag.py:538} INFO - Filling up the DagBag from /home/airflow/.local/lib/python3.8/site-packages/airflow/example_dags/example_task_group_decorator.py
[2026-07-21T18:07:09.821+0000] {processor.py:840} INFO - DAG(s) 'example_task_group_decorator' retrieved from /home/airflow/.local/lib/python3.8/site-packages/airflow/example_dags/example_task_group_decorator.py
[2026-07-21T18:07:09.845+0000] {logging_mixin.py:188} INFO - [2026-07-21T18:07:09.845+0000] {dag.py:3036} INFO - Sync 1 DAGs
[2026-07-21T18:07:09.866+0000] {logging_mixin.py:188} INFO - [2026-07-21T18:07:09.866+0000] {dag.py:3823} INFO - Setting next_dagrun for example_task_group_decorator to 2026-07-20 00:00:00+00:00, run_after=2026-07-21 00:00:00+00:00
[2026-07-21T18:07:09.885+0000] {processor.py:183} INFO - Processing /home/airflow/.local/lib/python3.8/site-packages/airflow/example_dags/example_task_group_decorator.py took 0.084 seconds
[2026-07-21T18:09:14.190+0000] {processor.py:161} INFO - Started process (PID=132) to work on /home/airflow/.local/lib/python3.8/site-packages/airflow/example_dags/example_task_group_decorator.py
[2026-07-21T18:09:14.192+0000] {processor.py:830} INFO - Processing file /home/airflow/.local/lib/python3.8/site-packages/airflow/example_dags/example_task_group_decorator.py for tasks to queue
[2026-07-21T18:09:14.195+0000] {logging_mixin.py:188} INFO - [2026-07-21T18:09:14.194+0000] {dagbag.py:538} INFO - Filling up the DagBag from /home/airflow/.local/lib/python3.8/site-packages/airflow/example_dags/example_task_group_decorator.py
[2026-07-21T18:09:14.224+0000] {processor.py:840} INFO - DAG(s) 'example_task_group_decorator' retrieved from /home/airflow/.local/lib/python3.8/site-packages/airflow/example_dags/example_task_group_decorator.py
[2026-07-21T18:09:14.246+0000] {logging_mixin.py:188} INFO - [2026-07-21T18:09:14.245+0000] {dag.py:3036} INFO - Sync 1 DAGs
[2026-07-21T18:09:14.279+0000] {logging_mixin.py:188} INFO - [2026-07-21T18:09:14.279+0000] {dag.py:3823} INFO - Setting next_dagrun for example_task_group_decorator to 2026-07-20 00:00:00+00:00, run_after=2026-07-21 00:00:00+00:00
[2026-07-21T18:09:14.309+0000] {processor.py:183} INFO - Processing /home/airflow/.local/lib/python3.8/site-packages/airflow/example_dags/example_task_group_decorator.py took 0.124 seconds
[2026-07-21T18:09:45.263+0000] {processor.py:161} INFO - Started process (PID=188) to work on /home/airflow/.local/lib/python3.8/site-packages/airflow/example_dags/example_task_group_decorator.py
[2026-07-21T18:09:45.264+0000] {processor.py:830} INFO - Processing file /home/airflow/.local/lib/python3.8/site-packages/airflow/example_dags/example_task_group_decorator.py for tasks to queue
[2026-07-21T18:09:45.267+0000] {logging_mixin.py:188} INFO - [2026-07-21T18:09:45.266+0000] {dagbag.py:538} INFO - Filling up the DagBag from /home/airflow/.local/lib/python3.8/site-packages/airflow/example_dags/example_task_group_decorator.py
[2026-07-21T18:09:45.281+0000] {processor.py:840} INFO - DAG(s) 'example_task_group_decorator' retrieved from /home/airflow/.local/lib/python3.8/site-packages/airflow/example_dags/example_task_group_decorator.py
[2026-07-21T18:09:45.386+0000] {logging_mixin.py:188} INFO - [2026-07-21T18:09:45.386+0000] {dag.py:3036} INFO - Sync 1 DAGs
[2026-07-21T18:09:45.404+0000] {logging_mixin.py:188} INFO - [2026-07-21T18:09:45.403+0000] {dag.py:3823} INFO - Setting next_dagrun for example_task_group_decorator to 2026-07-20 00:00:00+00:00, run_after=2026-07-21 00:00:00+00:00
[2026-07-21T18:09:45.423+0000] {processor.py:183} INFO - Processing /home/airflow/.local/lib/python3.8/site-packages/airflow/example_dags/example_task_group_decorator.py took 0.165 seconds
[2026-07-21T18:10:15.585+0000] {processor.py:161} INFO - Started process (PID=244) to work on /home/airflow/.local/lib/python3.8/site-packages/airflow/example_dags/example_task_group_decorator.py
[2026-07-21T18:10:15.586+0000] {processor.py:830} INFO - Processing file /home/airflow/.local/lib/python3.8/site-packages/airflow/example_dags/example_task_group_decorator.py for tasks to queue
[2026-07-21T18:10:15.588+0000] {logging_mixin.py:188} INFO - [2026-07-21T18:10:15.588+0000] {dagbag.py:538} INFO - Filling up the DagBag from /home/airflow/.local/lib/python3.8/site-packages/airflow/example_dags/example_task_group_decorator.py
[2026-07-21T18:10:15.601+0000] {processor.py:840} INFO - DAG(s) 'example_task_group_decorator' retrieved from /home/airflow/.local/lib/python3.8/site-packages/airflow/example_dags/example_task_group_decorator.py
[2026-07-21T18:10:15.625+0000] {logging_mixin.py:188} INFO - [2026-07-21T18:10:15.625+0000] {dag.py:3036} INFO - Sync 1 DAGs
[2026-07-21T18:10:15.646+0000] {logging_mixin.py:188} INFO - [2026-07-21T18:10:15.646+0000] {dag.py:3823} INFO - Setting next_dagrun for example_task_group_decorator to 2026-07-20 00:00:00+00:00, run_after=2026-07-21 00:00:00+00:00
[2026-07-21T18:10:15.665+0000] {processor.py:183} INFO - Processing /home/airflow/.local/lib/python3.8/site-packages/airflow/example_dags/example_task_group_decorator.py took 0.084 seconds
[2026-07-21T18:10:45.875+0000] {processor.py:161} INFO - Started process (PID=300) to work on /home/airflow/.local/lib/python3.8/site-packages/airflow/example_dags/example_task_group_decorator.py
[2026-07-21T18:10:45.876+0000] {processor.py:830} INFO - Processing file /home/airflow/.local/lib/python3.8/site-packages/airflow/example_dags/example_task_group_decorator.py for tasks to queue
[2026-07-21T18:10:45.878+0000] {logging_mixin.py:188} INFO - [2026-07-21T18:10:45.878+0000] {dagbag.py:538} INFO - Filling up the DagBag from /home/airflow/.local/lib/python3.8/site-packages/airflow/example_dags/example_task_group_decorator.py
[2026-07-21T18:10:45.892+0000] {processor.py:840} INFO - DAG(s) 'example_task_group_decorator' retrieved from /home/airflow/.local/lib/python3.8/site-packages/airflow/example_dags/example_task_group_decorator.py
[2026-07-21T18:10:45.922+0000] {logging_mixin.py:188} INFO - [2026-07-21T18:10:45.921+0000] {dag.py:3036} INFO - Sync 1 DAGs
[2026-07-21T18:10:45.951+0000] {logging_mixin.py:188} INFO - [2026-07-21T18:10:45.951+0000] {dag.py:3823} INFO - Setting next_dagrun for example_task_group_decorator to 2026-07-20 00:00:00+00:00, run_after=2026-07-21 00:00:00+00:00
[2026-07-21T18:10:45.978+0000] {processor.py:183} INFO - Processing /home/airflow/.local/lib/python3.8/site-packages/airflow/example_dags/example_task_group_decorator.py took 0.107 seconds
[2026-07-21T18:11:16.318+0000] {processor.py:161} INFO - Started process (PID=356) to work on /home/airflow/.local/lib/python3.8/site-packages/airflow/example_dags/example_task_group_decorator.py
[2026-07-21T18:11:16.319+0000] {processor.py:830} INFO - Processing file /home/airflow/.local/lib/python3.8/site-packages/airflow/example_dags/example_task_group_decorator.py for tasks to queue
[2026-07-21T18:11:16.323+0000] {logging_mixin.py:188} INFO - [2026-07-21T18:11:16.322+0000] {dagbag.py:538} INFO - Filling up the DagBag from /home/airflow/.local/lib/python3.8/site-packages/airflow/example_dags/example_task_group_decorator.py
[2026-07-21T18:11:16.357+0000] {processor.py:840} INFO - DAG(s) 'example_task_group_decorator' retrieved from /home/airflow/.local/lib/python3.8/site-packages/airflow/example_dags/example_task_group_decorator.py
[2026-07-21T18:11:16.411+0000] {logging_mixin.py:188} INFO - [2026-07-21T18:11:16.410+0000] {dag.py:3036} INFO - Sync 1 DAGs
[2026-07-21T18:11:16.466+0000] {logging_mixin.py:188} INFO - [2026-07-21T18:11:16.466+0000] {dag.py:3823} INFO - Setting next_dagrun for example_task_group_decorator to 2026-07-20 00:00:00+00:00, run_after=2026-07-21 00:00:00+00:00
[2026-07-21T18:11:16.497+0000] {processor.py:183} INFO - Processing /home/airflow/.local/lib/python3.8/site-packages/airflow/example_dags/example_task_group_decorator.py took 0.187 seconds
[2026-07-21T18:11:46.879+0000] {processor.py:161} INFO - Started process (PID=412) to work on /home/airflow/.local/lib/python3.8/site-packages/airflow/example_dags/example_task_group_decorator.py
[2026-07-21T18:11:46.880+0000] {processor.py:830} INFO - Processing file /home/airflow/.local/lib/python3.8/site-packages/airflow/example_dags/example_task_group_decorator.py for tasks to queue
[2026-07-21T18:11:46.882+0000] {logging_mixin.py:188} INFO - [2026-07-21T18:11:46.882+0000] {dagbag.py:538} INFO - Filling up the DagBag from /home/airflow/.local/lib/python3.8/site-packages/airflow/example_dags/example_task_group_decorator.py
[2026-07-21T18:11:46.897+0000] {processor.py:840} INFO - DAG(s) 'example_task_group_decorator' retrieved from /home/airflow/.local/lib/python3.8/site-packages/airflow/example_dags/example_task_group_decorator.py
[2026-07-21T18:11:46.924+0000] {logging_mixin.py:188} INFO - [2026-07-21T18:11:46.924+0000] {dag.py:3036} INFO - Sync 1 DAGs
[2026-07-21T18:11:46.947+0000] {logging_mixin.py:188} INFO - [2026-07-21T18:11:46.947+0000] {dag.py:3823} INFO - Setting next_dagrun for example_task_group_decorator to 2026-07-20 00:00:00+00:00, run_after=2026-07-21 00:00:00+00:00
[2026-07-21T18:11:46.980+0000] {processor.py:183} INFO - Processing /home/airflow/.local/lib/python3.8/site-packages/airflow/example_dags/example_task_group_decorator.py took 0.107 seconds
[2026-07-21T18:12:17.585+0000] {processor.py:161} INFO - Started process (PID=468) to work on /home/airflow/.local/lib/python3.8/site-packages/airflow/example_dags/example_task_group_decorator.py
[2026-07-21T18:12:17.587+0000] {processor.py:830} INFO - Processing file /home/airflow/.local/lib/python3.8/site-packages/airflow/example_dags/example_task_group_decorator.py for tasks to queue
[2026-07-21T18:12:17.589+0000] {logging_mixin.py:188} INFO - [2026-07-21T18:12:17.589+0000] {dagbag.py:538} INFO - Filling up the DagBag from /home/airflow/.local/lib/python3.8/site-packages/airflow/example_dags/example_task_group_decorator.py
[2026-07-21T18:12:17.602+0000] {processor.py:840} INFO - DAG(s) 'example_task_group_decorator' retrieved from /home/airflow/.local/lib/python3.8/site-packages/airflow/example_dags/example_task_group_decorator.py
[2026-07-21T18:12:17.626+0000] {logging_mixin.py:188} INFO - [2026-07-21T18:12:17.626+0000] {dag.py:3036} INFO - Sync 1 DAGs
[2026-07-21T18:12:17.646+0000] {logging_mixin.py:188} INFO - [2026-07-21T18:12:17.645+0000] {dag.py:3823} INFO - Setting next_dagrun for example_task_group_decorator to 2026-07-20 00:00:00+00:00, run_after=2026-07-21 00:00:00+00:00
[2026-07-21T18:12:17.666+0000] {processor.py:183} INFO - Processing /home/airflow/.local/lib/python3.8/site-packages/airflow/example_dags/example_task_group_decorator.py took 0.084 seconds
[2026-07-21T18:12:48.403+0000] {processor.py:161} INFO - Started process (PID=524) to work on /home/airflow/.local/lib/python3.8/site-packages/airflow/example_dags/example_task_group_decorator.py
[2026-07-21T18:12:48.404+0000] {processor.py:830} INFO - Processing file /home/airflow/.local/lib/python3.8/site-packages/airflow/example_dags/example_task_group_decorator.py for tasks to queue
[2026-07-21T18:12:48.406+0000] {logging_mixin.py:188} INFO - [2026-07-21T18:12:48.406+0000] {dagbag.py:538} INFO - Filling up the DagBag from /home/airflow/.local/lib/python3.8/site-packages/airflow/example_dags/example_task_group_decorator.py
[2026-07-21T18:12:48.420+0000] {processor.py:840} INFO - DAG(s) 'example_task_group_decorator' retrieved from /home/airflow/.local/lib/python3.8/site-packages/airflow/example_dags/example_task_group_decorator.py
[2026-07-21T18:12:48.446+0000] {logging_mixin.py:188} INFO - [2026-07-21T18:12:48.446+0000] {dag.py:3036} INFO - Sync 1 DAGs
[2026-07-21T18:12:48.468+0000] {logging_mixin.py:188} INFO - [2026-07-21T18:12:48.467+0000] {dag.py:3823} INFO - Setting next_dagrun for example_task_group_decorator to 2026-07-20 00:00:00+00:00, run_after=2026-07-21 00:00:00+00:00
[2026-07-21T18:12:48.488+0000] {processor.py:183} INFO - Processing /home/airflow/.local/lib/python3.8/site-packages/airflow/example_dags/example_task_group_decorator.py took 0.088 seconds
[2026-07-21T18:13:19.378+0000] {processor.py:161} INFO - Started process (PID=580) to work on /home/airflow/.local/lib/python3.8/site-packages/airflow/example_dags/example_task_group_decorator.py
[2026-07-21T18:13:19.379+0000] {processor.py:830} INFO - Processing file /home/airflow/.local/lib/python3.8/site-packages/airflow/example_dags/example_task_group_decorator.py for tasks to queue
[2026-07-21T18:13:19.381+0000] {logging_mixin.py:188} INFO - [2026-07-21T18:13:19.381+0000] {dagbag.py:538} INFO - Filling up the DagBag from /home/airflow/.local/lib/python3.8/site-packages/airflow/example_dags/example_task_group_decorator.py
[2026-07-21T18:13:19.399+0000] {processor.py:840} INFO - DAG(s) 'example_task_group_decorator' retrieved from /home/airflow/.local/lib/python3.8/site-packages/airflow/example_dags/example_task_group_decorator.py
[2026-07-21T18:13:19.426+0000] {logging_mixin.py:188} INFO - [2026-07-21T18:13:19.426+0000] {dag.py:3036} INFO - Sync 1 DAGs
[2026-07-21T18:13:19.451+0000] {logging_mixin.py:188} INFO - [2026-07-21T18:13:19.450+0000] {dag.py:3823} INFO - Setting next_dagrun for example_task_group_decorator to 2026-07-20 00:00:00+00:00, run_after=2026-07-21 00:00:00+00:00
[2026-07-21T18:13:19.472+0000] {processor.py:183} INFO - Processing /home/airflow/.local/lib/python3.8/site-packages/airflow/example_dags/example_task_group_decorator.py took 0.098 seconds
[2026-07-21T18:13:49.592+0000] {processor.py:161} INFO - Started process (PID=636) to work on /home/airflow/.local/lib/python3.8/site-packages/airflow/example_dags/example_task_group_decorator.py
[2026-07-21T18:13:49.593+0000] {processor.py:830} INFO - Processing file /home/airflow/.local/lib/python3.8/site-packages/airflow/example_dags/example_task_group_decorator.py for tasks to queue
[2026-07-21T18:13:49.596+0000] {logging_mixin.py:188} INFO - [2026-07-21T18:13:49.595+0000] {dagbag.py:538} INFO - Filling up the DagBag from /home/airflow/.local/lib/python3.8/site-packages/airflow/example_dags/example_task_group_decorator.py
[2026-07-21T18:13:49.609+0000] {processor.py:840} INFO - DAG(s) 'example_task_group_decorator' retrieved from /home/airflow/.local/lib/python3.8/site-packages/airflow/example_dags/example_task_group_decorator.py
[2026-07-21T18:13:49.634+0000] {logging_mixin.py:188} INFO - [2026-07-21T18:13:49.634+0000] {dag.py:3036} INFO - Sync 1 DAGs
[2026-07-21T18:13:49.654+0000] {logging_mixin.py:188} INFO - [2026-07-21T18:13:49.654+0000] {dag.py:3823} INFO - Setting next_dagrun for example_task_group_decorator to 2026-07-20 00:00:00+00:00, run_after=2026-07-21 00:00:00+00:00
[2026-07-21T18:13:49.672+0000] {processor.py:183} INFO - Processing /home/airflow/.local/lib/python3.8/site-packages/airflow/example_dags/example_task_group_decorator.py took 0.084 seconds
[2026-07-21T18:14:20.623+0000] {processor.py:161} INFO - Started process (PID=692) to work on /home/airflow/.local/lib/python3.8/site-packages/airflow/example_dags/example_task_group_decorator.py
[2026-07-21T18:14:20.625+0000] {processor.py:830} INFO - Processing file /home/airflow/.local/lib/python3.8/site-packages/airflow/example_dags/example_task_group_decorator.py for tasks to queue
[2026-07-21T18:14:20.627+0000] {logging_mixin.py:188} INFO - [2026-07-21T18:14:20.626+0000] {dagbag.py:538} INFO - Filling up the DagBag from /home/airflow/.local/lib/python3.8/site-packages/airflow/example_dags/example_task_group_decorator.py
[2026-07-21T18:14:20.641+0000] {processor.py:840} INFO - DAG(s) 'example_task_group_decorator' retrieved from /home/airflow/.local/lib/python3.8/site-packages/airflow/example_dags/example_task_group_decorator.py
[2026-07-21T18:14:20.666+0000] {logging_mixin.py:188} INFO - [2026-07-21T18:14:20.666+0000] {dag.py:3036} INFO - Sync 1 DAGs
[2026-07-21T18:14:20.686+0000] {logging_mixin.py:188} INFO - [2026-07-21T18:14:20.686+0000] {dag.py:3823} INFO - Setting next_dagrun for example_task_group_decorator to 2026-07-20 00:00:00+00:00, run_after=2026-07-21 00:00:00+00:00
[2026-07-21T18:14:20.705+0000] {processor.py:183} INFO - Processing /home/airflow/.local/lib/python3.8/site-packages/airflow/example_dags/example_task_group_decorator.py took 0.085 seconds
[2026-07-21T18:14:51.582+0000] {processor.py:161} INFO - Started process (PID=749) to work on /home/airflow/.local/lib/python3.8/site-packages/airflow/example_dags/example_task_group_decorator.py
[2026-07-21T18:14:51.583+0000] {processor.py:830} INFO - Processing file /home/airflow/.local/lib/python3.8/site-packages/airflow/example_dags/example_task_group_decorator.py for tasks to queue
[2026-07-21T18:14:51.585+0000] {logging_mixin.py:188} INFO - [2026-07-21T18:14:51.585+0000] {dagbag.py:538} INFO - Filling up the DagBag from /home/airflow/.local/lib/python3.8/site-packages/airflow/example_dags/example_task_group_decorator.py
[2026-07-21T18:14:51.600+0000] {processor.py:840} INFO - DAG(s) 'example_task_group_decorator' retrieved from /home/airflow/.local/lib/python3.8/site-packages/airflow/example_dags/example_task_group_decorator.py
[2026-07-21T18:14:51.628+0000] {logging_mixin.py:188} INFO - [2026-07-21T18:14:51.627+0000] {dag.py:3036} INFO - Sync 1 DAGs
[2026-07-21T18:14:51.648+0000] {logging_mixin.py:188} INFO - [2026-07-21T18:14:51.648+0000] {dag.py:3823} INFO - Setting next_dagrun for example_task_group_decorator to 2026-07-20 00:00:00+00:00, run_after=2026-07-21 00:00:00+00:00
[2026-07-21T18:14:51.667+0000] {processor.py:183} INFO - Processing /home/airflow/.local/lib/python3.8/site-packages/airflow/example_dags/example_task_group_decorator.py took 0.090 seconds
[2026-07-21T18:15:22.481+0000] {processor.py:161} INFO - Started process (PID=805) to work on /home/airflow/.local/lib/python3.8/site-packages/airflow/example_dags/example_task_group_decorator.py
[2026-07-21T18:15:22.482+0000] {processor.py:830} INFO - Processing file /home/airflow/.local/lib/python3.8/site-packages/airflow/example_dags/example_task_group_decorator.py for tasks to queue
[2026-07-21T18:15:22.484+0000] {logging_mixin.py:188} INFO - [2026-07-21T18:15:22.484+0000] {dagbag.py:538} INFO - Filling up the DagBag from /home/airflow/.local/lib/python3.8/site-packages/airflow/example_dags/example_task_group_decorator.py
[2026-07-21T18:15:22.501+0000] {processor.py:840} INFO - DAG(s) 'example_task_group_decorator' retrieved from /home/airflow/.local/lib/python3.8/site-packages/airflow/example_dags/example_task_group_decorator.py
[2026-07-21T18:15:22.528+0000] {logging_mixin.py:188} INFO - [2026-07-21T18:15:22.528+0000] {dag.py:3036} INFO - Sync 1 DAGs
[2026-07-21T18:15:22.551+0000] {logging_mixin.py:188} INFO - [2026-07-21T18:15:22.550+0000] {dag.py:3823} INFO - Setting next_dagrun for example_task_group_decorator to 2026-07-20 00:00:00+00:00, run_after=2026-07-21 00:00:00+00:00
[2026-07-21T18:15:22.569+0000] {processor.py:183} INFO - Processing /home/airflow/.local/lib/python3.8/site-packages/airflow/example_dags/example_task_group_decorator.py took 0.092 seconds
[2026-07-21T18:15:53.254+0000] {processor.py:161} INFO - Started process (PID=861) to work on /home/airflow/.local/lib/python3.8/site-packages/airflow/example_dags/example_task_group_decorator.py
[2026-07-21T18:15:53.255+0000] {processor.py:830} INFO - Processing file /home/airflow/.local/lib/python3.8/site-packages/airflow/example_dags/example_task_group_decorator.py for tasks to queue
[2026-07-21T18:15:53.257+0000] {logging_mixin.py:188} INFO - [2026-07-21T18:15:53.257+0000] {dagbag.py:538} INFO - Filling up the DagBag from /home/airflow/.local/lib/python3.8/site-packages/airflow/example_dags/example_task_group_decorator.py
[2026-07-21T18:15:53.272+0000] {processor.py:840} INFO - DAG(s) 'example_task_group_decorator' retrieved from /home/airflow/.local/lib/python3.8/site-packages/airflow/example_dags/example_task_group_decorator.py
[2026-07-21T18:15:53.298+0000] {logging_mixin.py:188} INFO - [2026-07-21T18:15:53.297+0000] {dag.py:3036} INFO - Sync 1 DAGs
[2026-07-21T18:15:53.319+0000] {logging_mixin.py:188} INFO - [2026-07-21T18:15:53.319+0000] {dag.py:3823} INFO - Setting next_dagrun for example_task_group_decorator to 2026-07-20 00:00:00+00:00, run_after=2026-07-21 00:00:00+00:00
[2026-07-21T18:15:53.340+0000] {processor.py:183} INFO - Processing /home/airflow/.local/lib/python3.8/site-packages/airflow/example_dags/example_task_group_decorator.py took 0.090 seconds
[2026-07-21T18:16:24.081+0000] {processor.py:161} INFO - Started process (PID=917) to work on /home/airflow/.local/lib/python3.8/site-packages/airflow/example_dags/example_task_group_decorator.py
[2026-07-21T18:16:24.082+0000] {processor.py:830} INFO - Processing file /home/airflow/.local/lib/python3.8/site-packages/airflow/example_dags/example_task_group_decorator.py for tasks to queue
[2026-07-21T18:16:24.084+0000] {logging_mixin.py:188} INFO - [2026-07-21T18:16:24.084+0000] {dagbag.py:538} INFO - Filling up the DagBag from /home/airflow/.local/lib/python3.8/site-packages/airflow/example_dags/example_task_group_decorator.py
[2026-07-21T18:16:24.098+0000] {processor.py:840} INFO - DAG(s) 'example_task_group_decorator' retrieved from /home/airflow/.local/lib/python3.8/site-packages/airflow/example_dags/example_task_group_decorator.py
[2026-07-21T18:16:24.123+0000] {logging_mixin.py:188} INFO - [2026-07-21T18:16:24.123+0000] {dag.py:3036} INFO - Sync 1 DAGs
[2026-07-21T18:16:24.145+0000] {logging_mixin.py:188} INFO - [2026-07-21T18:16:24.145+0000] {dag.py:3823} INFO - Setting next_dagrun for example_task_group_decorator to 2026-07-20 00:00:00+00:00, run_after=2026-07-21 00:00:00+00:00
[2026-07-21T18:16:24.165+0000] {processor.py:183} INFO - Processing /home/airflow/.local/lib/python3.8/site-packages/airflow/example_dags/example_task_group_decorator.py took 0.088 seconds
[2026-07-21T18:16:54.239+0000] {processor.py:161} INFO - Started process (PID=973) to work on /home/airflow/.local/lib/python3.8/site-packages/airflow/example_dags/example_task_group_decorator.py
[2026-07-21T18:16:54.240+0000] {processor.py:830} INFO - Processing file /home/airflow/.local/lib/python3.8/site-packages/airflow/example_dags/example_task_group_decorator.py for tasks to queue
[2026-07-21T18:16:54.242+0000] {logging_mixin.py:188} INFO - [2026-07-21T18:16:54.241+0000] {dagbag.py:538} INFO - Filling up the DagBag from /home/airflow/.local/lib/python3.8/site-packages/airflow/example_dags/example_task_group_decorator.py
[2026-07-21T18:16:54.255+0000] {processor.py:840} INFO - DAG(s) 'example_task_group_decorator' retrieved from /home/airflow/.local/lib/python3.8/site-packages/airflow/example_dags/example_task_group_decorator.py
[2026-07-21T18:16:54.278+0000] {logging_mixin.py:188} INFO - [2026-07-21T18:16:54.278+0000] {dag.py:3036} INFO - Sync 1 DAGs
[2026-07-21T18:16:54.298+0000] {logging_mixin.py:188} INFO - [2026-07-21T18:16:54.297+0000] {dag.py:3823} INFO - Setting next_dagrun for example_task_group_decorator to 2026-07-20 00:00:00+00:00, run_after=2026-07-21 00:00:00+00:00
[2026-07-21T18:16:54.316+0000] {processor.py:183} INFO - Processing /home/airflow/.local/lib/python3.8/site-packages/airflow/example_dags/example_task_group_decorator.py took 0.081 seconds
[2026-07-21T18:17:24.472+0000] {processor.py:161} INFO - Started process (PID=1029) to work on /home/airflow/.local/lib/python3.8/site-packages/airflow/example_dags/example_task_group_decorator.py
[2026-07-21T18:17:24.473+0000] {processor.py:830} INFO - Processing file /home/airflow/.local/lib/python3.8/site-packages/airflow/example_dags/example_task_group_decorator.py for tasks to queue
[2026-07-21T18:17:24.476+0000] {logging_mixin.py:188} INFO - [2026-07-21T18:17:24.475+0000] {dagbag.py:538} INFO - Filling up the DagBag from /home/airflow/.local/lib/python3.8/site-packages/airflow/example_dags/example_task_group_decorator.py
[2026-07-21T18:17:24.491+0000] {processor.py:840} INFO - DAG(s) 'example_task_group_decorator' retrieved from /home/airflow/.local/lib/python3.8/site-packages/airflow/example_dags/example_task_group_decorator.py
[2026-07-21T18:17:24.518+0000] {logging_mixin.py:188} INFO - [2026-07-21T18:17:24.518+0000] {dag.py:3036} INFO - Sync 1 DAGs
[2026-07-21T18:17:24.540+0000] {logging_mixin.py:188} INFO - [2026-07-21T18:17:24.540+0000] {dag.py:3823} INFO - Setting next_dagrun for example_task_group_decorator to 2026-07-20 00:00:00+00:00, run_after=2026-07-21 00:00:00+00:00
[2026-07-21T18:17:24.560+0000] {processor.py:183} INFO - Processing /home/airflow/.local/lib/python3.8/site-packages/airflow/example_dags/example_task_group_decorator.py took 0.092 seconds
[2026-07-21T18:17:55.460+0000] {processor.py:161} INFO - Started process (PID=1085) to work on /home/airflow/.local/lib/python3.8/site-packages/airflow/example_dags/example_task_group_decorator.py
[2026-07-21T18:17:55.461+0000] {processor.py:830} INFO - Processing file /home/airflow/.local/lib/python3.8/site-packages/airflow/example_dags/example_task_group_decorator.py for tasks to queue
[2026-07-21T18:17:55.464+0000] {logging_mixin.py:188} INFO - [2026-07-21T18:17:55.463+0000] {dagbag.py:538} INFO - Filling up the DagBag from /home/airflow/.local/lib/python3.8/site-packages/airflow/example_dags/example_task_group_decorator.py
[2026-07-21T18:17:55.482+0000] {processor.py:840} INFO - DAG(s) 'example_task_group_decorator' retrieved from /home/airflow/.local/lib/python3.8/site-packages/airflow/example_dags/example_task_group_decorator.py
[2026-07-21T18:17:55.507+0000] {logging_mixin.py:188} INFO - [2026-07-21T18:17:55.506+0000] {dag.py:3036} INFO - Sync 1 DAGs
[2026-07-21T18:17:55.526+0000] {logging_mixin.py:188} INFO - [2026-07-21T18:17:55.526+0000] {dag.py:3823} INFO - Setting next_dagrun for example_task_group_decorator to 2026-07-20 00:00:00+00:00, run_after=2026-07-21 00:00:00+00:00
[2026-07-21T18:17:55.544+0000] {processor.py:183} INFO - Processing /home/airflow/.local/lib/python3.8/site-packages/airflow/example_dags/example_task_group_decorator.py took 0.089 seconds
[2026-07-21T18:18:26.455+0000] {processor.py:161} INFO - Started process (PID=1141) to work on /home/airflow/.local/lib/python3.8/site-packages/airflow/example_dags/example_task_group_decorator.py
[2026-07-21T18:18:26.457+0000] {processor.py:830} INFO - Processing file /home/airflow/.local/lib/python3.8/site-packages/airflow/example_dags/example_task_group_decorator.py for tasks to queue
[2026-07-21T18:18:26.459+0000] {logging_mixin.py:188} INFO - [2026-07-21T18:18:26.458+0000] {dagbag.py:538} INFO - Filling up the DagBag from /home/airflow/.local/lib/python3.8/site-packages/airflow/example_dags/example_task_group_decorator.py
[2026-07-21T18:18:26.474+0000] {processor.py:840} INFO - DAG(s) 'example_task_group_decorator' retrieved from /home/airflow/.local/lib/python3.8/site-packages/airflow/example_dags/example_task_group_decorator.py
[2026-07-21T18:18:26.499+0000] {logging_mixin.py:188} INFO - [2026-07-21T18:18:26.499+0000] {dag.py:3036} INFO - Sync 1 DAGs
[2026-07-21T18:18:26.521+0000] {logging_mixin.py:188} INFO - [2026-07-21T18:18:26.520+0000] {dag.py:3823} INFO - Setting next_dagrun for example_task_group_decorator to 2026-07-20 00:00:00+00:00, run_after=2026-07-21 00:00:00+00:00
[2026-07-21T18:18:26.539+0000] {processor.py:183} INFO - Processing /home/airflow/.local/lib/python3.8/site-packages/airflow/example_dags/example_task_group_decorator.py took 0.088 seconds
[2026-07-21T18:18:57.362+0000] {processor.py:161} INFO - Started process (PID=1197) to work on /home/airflow/.local/lib/python3.8/site-packages/airflow/example_dags/example_task_group_decorator.py
[2026-07-21T18:18:57.365+0000] {processor.py:830} INFO - Processing file /home/airflow/.local/lib/python3.8/site-packages/airflow/example_dags/example_task_group_decorator.py for tasks to queue
[2026-07-21T18:18:57.368+0000] {logging_mixin.py:188} INFO - [2026-07-21T18:18:57.368+0000] {dagbag.py:538} INFO - Filling up the DagBag from /home/airflow/.local/lib/python3.8/site-packages/airflow/example_dags/example_task_group_decorator.py
[2026-07-21T18:18:57.398+0000] {processor.py:840} INFO - DAG(s) 'example_task_group_decorator' retrieved from /home/airflow/.local/lib/python3.8/site-packages/airflow/example_dags/example_task_group_decorator.py
[2026-07-21T18:18:57.438+0000] {logging_mixin.py:188} INFO - [2026-07-21T18:18:57.438+0000] {dag.py:3036} INFO - Sync 1 DAGs
[2026-07-21T18:18:57.461+0000] {logging_mixin.py:188} INFO - [2026-07-21T18:18:57.461+0000] {dag.py:3823} INFO - Setting next_dagrun for example_task_group_decorator to 2026-07-20 00:00:00+00:00, run_after=2026-07-21 00:00:00+00:00
[2026-07-21T18:18:57.482+0000] {processor.py:183} INFO - Processing /home/airflow/.local/lib/python3.8/site-packages/airflow/example_dags/example_task_group_decorator.py took 0.127 seconds
[2026-07-21T18:19:27.838+0000] {processor.py:161} INFO - Started process (PID=1253) to work on /home/airflow/.local/lib/python3.8/site-packages/airflow/example_dags/example_task_group_decorator.py
[2026-07-21T18:19:27.839+0000] {processor.py:830} INFO - Processing file /home/airflow/.local/lib/python3.8/site-packages/airflow/example_dags/example_task_group_decorator.py for tasks to queue
[2026-07-21T18:19:27.841+0000] {logging_mixin.py:188} INFO - [2026-07-21T18:19:27.841+0000] {dagbag.py:538} INFO - Filling up the DagBag from /home/airflow/.local/lib/python3.8/site-packages/airflow/example_dags/example_task_group_decorator.py
[2026-07-21T18:19:27.855+0000] {processor.py:840} INFO - DAG(s) 'example_task_group_decorator' retrieved from /home/airflow/.local/lib/python3.8/site-packages/airflow/example_dags/example_task_group_decorator.py
[2026-07-21T18:19:27.880+0000] {logging_mixin.py:188} INFO - [2026-07-21T18:19:27.879+0000] {dag.py:3036} INFO - Sync 1 DAGs
[2026-07-21T18:19:27.899+0000] {logging_mixin.py:188} INFO - [2026-07-21T18:19:27.898+0000] {dag.py:3823} INFO - Setting next_dagrun for example_task_group_decorator to 2026-07-20 00:00:00+00:00, run_after=2026-07-21 00:00:00+00:00
[2026-07-21T18:19:27.917+0000] {processor.py:183} INFO - Processing /home/airflow/.local/lib/python3.8/site-packages/airflow/example_dags/example_task_group_decorator.py took 0.083 seconds
[2026-07-21T18:19:58.495+0000] {processor.py:161} INFO - Started process (PID=1309) to work on /home/airflow/.local/lib/python3.8/site-packages/airflow/example_dags/example_task_group_decorator.py
[2026-07-21T18:19:58.496+0000] {processor.py:830} INFO - Processing file /home/airflow/.local/lib/python3.8/site-packages/airflow/example_dags/example_task_group_decorator.py for tasks to queue
[2026-07-21T18:19:58.499+0000] {logging_mixin.py:188} INFO - [2026-07-21T18:19:58.498+0000] {dagbag.py:538} INFO - Filling up the DagBag from /home/airflow/.local/lib/python3.8/site-packages/airflow/example_dags/example_task_group_decorator.py
[2026-07-21T18:19:58.515+0000] {processor.py:840} INFO - DAG(s) 'example_task_group_decorator' retrieved from /home/airflow/.local/lib/python3.8/site-packages/airflow/example_dags/example_task_group_decorator.py
[2026-07-21T18:19:58.539+0000] {logging_mixin.py:188} INFO - [2026-07-21T18:19:58.539+0000] {dag.py:3036} INFO - Sync 1 DAGs
[2026-07-21T18:19:58.559+0000] {logging_mixin.py:188} INFO - [2026-07-21T18:19:58.559+0000] {dag.py:3823} INFO - Setting next_dagrun for example_task_group_decorator to 2026-07-20 00:00:00+00:00, run_after=2026-07-21 00:00:00+00:00
[2026-07-21T18:19:58.578+0000] {processor.py:183} INFO - Processing /home/airflow/.local/lib/python3.8/site-packages/airflow/example_dags/example_task_group_decorator.py took 0.086 seconds
[2026-07-21T18:20:29.177+0000] {processor.py:161} INFO - Started process (PID=1365) to work on /home/airflow/.local/lib/python3.8/site-packages/airflow/example_dags/example_task_group_decorator.py
[2026-07-21T18:20:29.178+0000] {processor.py:830} INFO - Processing file /home/airflow/.local/lib/python3.8/site-packages/airflow/example_dags/example_task_group_decorator.py for tasks to queue
[2026-07-21T18:20:29.180+0000] {logging_mixin.py:188} INFO - [2026-07-21T18:20:29.180+0000] {dagbag.py:538} INFO - Filling up the DagBag from /home/airflow/.local/lib/python3.8/site-packages/airflow/example_dags/example_task_group_decorator.py
[2026-07-21T18:20:29.195+0000] {processor.py:840} INFO - DAG(s) 'example_task_group_decorator' retrieved from /home/airflow/.local/lib/python3.8/site-packages/airflow/example_dags/example_task_group_decorator.py
[2026-07-21T18:20:29.219+0000] {logging_mixin.py:188} INFO - [2026-07-21T18:20:29.219+0000] {dag.py:3036} INFO - Sync 1 DAGs
[2026-07-21T18:20:29.240+0000] {logging_mixin.py:188} INFO - [2026-07-21T18:20:29.240+0000] {dag.py:3823} INFO - Setting next_dagrun for example_task_group_decorator to 2026-07-20 00:00:00+00:00, run_after=2026-07-21 00:00:00+00:00
[2026-07-21T18:20:29.259+0000] {processor.py:183} INFO - Processing /home/airflow/.local/lib/python3.8/site-packages/airflow/example_dags/example_task_group_decorator.py took 0.086 seconds
[2026-07-21T18:20:59.349+0000] {processor.py:161} INFO - Started process (PID=1421) to work on /home/airflow/.local/lib/python3.8/site-packages/airflow/example_dags/example_task_group_decorator.py
[2026-07-21T18:20:59.350+0000] {processor.py:830} INFO - Processing file /home/airflow/.local/lib/python3.8/site-packages/airflow/example_dags/example_task_group_decorator.py for tasks to queue
[2026-07-21T18:20:59.352+0000] {logging_mixin.py:188} INFO - [2026-07-21T18:20:59.351+0000] {dagbag.py:538} INFO - Filling up the DagBag from /home/airflow/.local/lib/python3.8/site-packages/airflow/example_dags/example_task_group_decorator.py
[2026-07-21T18:20:59.366+0000] {processor.py:840} INFO - DAG(s) 'example_task_group_decorator' retrieved from /home/airflow/.local/lib/python3.8/site-packages/airflow/example_dags/example_task_group_decorator.py
[2026-07-21T18:20:59.391+0000] {logging_mixin.py:188} INFO - [2026-07-21T18:20:59.391+0000] {dag.py:3036} INFO - Sync 1 DAGs
[2026-07-21T18:20:59.421+0000] {logging_mixin.py:188} INFO - [2026-07-21T18:20:59.420+0000] {dag.py:3823} INFO - Setting next_dagrun for example_task_group_decorator to 2026-07-20 00:00:00+00:00, run_after=2026-07-21 00:00:00+00:00
[2026-07-21T18:20:59.445+0000] {processor.py:183} INFO - Processing /home/airflow/.local/lib/python3.8/site-packages/airflow/example_dags/example_task_group_decorator.py took 0.100 seconds
[2026-07-21T18:21:31.833+0000] {processor.py:161} INFO - Started process (PID=1477) to work on /home/airflow/.local/lib/python3.8/site-packages/airflow/example_dags/example_task_group_decorator.py
[2026-07-21T18:21:31.834+0000] {processor.py:830} INFO - Processing file /home/airflow/.local/lib/python3.8/site-packages/airflow/example_dags/example_task_group_decorator.py for tasks to queue
[2026-07-21T18:21:31.836+0000] {logging_mixin.py:188} INFO - [2026-07-21T18:21:31.836+0000] {dagbag.py:538} INFO - Filling up the DagBag from /home/airflow/.local/lib/python3.8/site-packages/airflow/example_dags/example_task_group_decorator.py
[2026-07-21T18:21:31.852+0000] {processor.py:840} INFO - DAG(s) 'example_task_group_decorator' retrieved from /home/airflow/.local/lib/python3.8/site-packages/airflow/example_dags/example_task_group_decorator.py
[2026-07-21T18:21:31.880+0000] {logging_mixin.py:188} INFO - [2026-07-21T18:21:31.879+0000] {dag.py:3036} INFO - Sync 1 DAGs
[2026-07-21T18:21:31.902+0000] {logging_mixin.py:188} INFO - [2026-07-21T18:21:31.901+0000] {dag.py:3823} INFO - Setting next_dagrun for example_task_group_decorator to 2026-07-20 00:00:00+00:00, run_after=2026-07-21 00:00:00+00:00
[2026-07-21T18:21:31.922+0000] {processor.py:183} INFO - Processing /home/airflow/.local/lib/python3.8/site-packages/airflow/example_dags/example_task_group_decorator.py took 0.093 seconds
[2026-07-21T18:22:02.342+0000] {processor.py:161} INFO - Started process (PID=1533) to work on /home/airflow/.local/lib/python3.8/site-packages/airflow/example_dags/example_task_group_decorator.py
[2026-07-21T18:22:02.343+0000] {processor.py:830} INFO - Processing file /home/airflow/.local/lib/python3.8/site-packages/airflow/example_dags/example_task_group_decorator.py for tasks to queue
[2026-07-21T18:22:02.345+0000] {logging_mixin.py:188} INFO - [2026-07-21T18:22:02.345+0000] {dagbag.py:538} INFO - Filling up the DagBag from /home/airflow/.local/lib/python3.8/site-packages/airflow/example_dags/example_task_group_decorator.py
[2026-07-21T18:22:02.359+0000] {processor.py:840} INFO - DAG(s) 'example_task_group_decorator' retrieved from /home/airflow/.local/lib/python3.8/site-packages/airflow/example_dags/example_task_group_decorator.py
[2026-07-21T18:22:02.386+0000] {logging_mixin.py:188} INFO - [2026-07-21T18:22:02.385+0000] {dag.py:3036} INFO - Sync 1 DAGs
[2026-07-21T18:22:02.551+0000] {logging_mixin.py:188} INFO - [2026-07-21T18:22:02.551+0000] {dag.py:3823} INFO - Setting next_dagrun for example_task_group_decorator to 2026-07-20 00:00:00+00:00, run_after=2026-07-21 00:00:00+00:00
[2026-07-21T18:22:02.577+0000] {processor.py:183} INFO - Processing /home/airflow/.local/lib/python3.8/site-packages/airflow/example_dags/example_task_group_decorator.py took 0.239 seconds
[2026-07-21T18:22:32.800+0000] {processor.py:161} INFO - Started process (PID=1589) to work on /home/airflow/.local/lib/python3.8/site-packages/airflow/example_dags/example_task_group_decorator.py
[2026-07-21T18:22:32.801+0000] {processor.py:830} INFO - Processing file /home/airflow/.local/lib/python3.8/site-packages/airflow/example_dags/example_task_group_decorator.py for tasks to queue
[2026-07-21T18:22:32.804+0000] {logging_mixin.py:188} INFO - [2026-07-21T18:22:32.803+0000] {dagbag.py:538} INFO - Filling up the DagBag from /home/airflow/.local/lib/python3.8/site-packages/airflow/example_dags/example_task_group_decorator.py
[2026-07-21T18:22:32.818+0000] {processor.py:840} INFO - DAG(s) 'example_task_group_decorator' retrieved from /home/airflow/.local/lib/python3.8/site-packages/airflow/example_dags/example_task_group_decorator.py
[2026-07-21T18:22:32.843+0000] {logging_mixin.py:188} INFO - [2026-07-21T18:22:32.843+0000] {dag.py:3036} INFO - Sync 1 DAGs
[2026-07-21T18:22:32.865+0000] {logging_mixin.py:188} INFO - [2026-07-21T18:22:32.865+0000] {dag.py:3823} INFO - Setting next_dagrun for example_task_group_decorator to 2026-07-20 00:00:00+00:00, run_after=2026-07-21 00:00:00+00:00
[2026-07-21T18:22:32.884+0000] {processor.py:183} INFO - Processing /home/airflow/.local/lib/python3.8/site-packages/airflow/example_dags/example_task_group_decorator.py took 0.088 seconds
[2026-07-21T18:23:03.084+0000] {processor.py:161} INFO - Started process (PID=1645) to work on /home/airflow/.local/lib/python3.8/site-packages/airflow/example_dags/example_task_group_decorator.py
[2026-07-21T18:23:03.086+0000] {processor.py:830} INFO - Processing file /home/airflow/.local/lib/python3.8/site-packages/airflow/example_dags/example_task_group_decorator.py for tasks to queue
[2026-07-21T18:23:03.088+0000] {logging_mixin.py:188} INFO - [2026-07-21T18:23:03.087+0000] {dagbag.py:538} INFO - Filling up the DagBag from /home/airflow/.local/lib/python3.8/site-packages/airflow/example_dags/example_task_group_decorator.py
[2026-07-21T18:23:03.101+0000] {processor.py:840} INFO - DAG(s) 'example_task_group_decorator' retrieved from /home/airflow/.local/lib/python3.8/site-packages/airflow/example_dags/example_task_group_decorator.py
[2026-07-21T18:23:03.127+0000] {logging_mixin.py:188} INFO - [2026-07-21T18:23:03.127+0000] {dag.py:3036} INFO - Sync 1 DAGs
[2026-07-21T18:23:03.147+0000] {logging_mixin.py:188} INFO - [2026-07-21T18:23:03.147+0000] {dag.py:3823} INFO - Setting next_dagrun for example_task_group_decorator to 2026-07-20 00:00:00+00:00, run_after=2026-07-21 00:00:00+00:00
[2026-07-21T18:23:03.165+0000] {processor.py:183} INFO - Processing /home/airflow/.local/lib/python3.8/site-packages/airflow/example_dags/example_task_group_decorator.py took 0.084 seconds
[2026-07-21T18:23:36.012+0000] {processor.py:161} INFO - Started process (PID=1701) to work on /home/airflow/.local/lib/python3.8/site-packages/airflow/example_dags/example_task_group_decorator.py
[2026-07-21T18:23:36.013+0000] {processor.py:830} INFO - Processing file /home/airflow/.local/lib/python3.8/site-packages/airflow/example_dags/example_task_group_decorator.py for tasks to queue
[2026-07-21T18:23:36.015+0000] {logging_mixin.py:188} INFO - [2026-07-21T18:23:36.015+0000] {dagbag.py:538} INFO - Filling up the DagBag from /home/airflow/.local/lib/python3.8/site-packages/airflow/example_dags/example_task_group_decorator.py
[2026-07-21T18:23:36.193+0000] {processor.py:840} INFO - DAG(s) 'example_task_group_decorator' retrieved from /home/airflow/.local/lib/python3.8/site-packages/airflow/example_dags/example_task_group_decorator.py
[2026-07-21T18:23:36.214+0000] {logging_mixin.py:188} INFO - [2026-07-21T18:23:36.214+0000] {dag.py:3036} INFO - Sync 1 DAGs
[2026-07-21T18:23:36.231+0000] {logging_mixin.py:188} INFO - [2026-07-21T18:23:36.231+0000] {dag.py:3823} INFO - Setting next_dagrun for example_task_group_decorator to 2026-07-20 00:00:00+00:00, run_after=2026-07-21 00:00:00+00:00
[2026-07-21T18:23:36.250+0000] {processor.py:183} INFO - Processing /home/airflow/.local/lib/python3.8/site-packages/airflow/example_dags/example_task_group_decorator.py took 0.241 seconds
[2026-07-21T18:24:06.366+0000] {processor.py:161} INFO - Started process (PID=1757) to work on /home/airflow/.local/lib/python3.8/site-packages/airflow/example_dags/example_task_group_decorator.py
[2026-07-21T18:24:06.367+0000] {processor.py:830} INFO - Processing file /home/airflow/.local/lib/python3.8/site-packages/airflow/example_dags/example_task_group_decorator.py for tasks to queue
[2026-07-21T18:24:06.370+0000] {logging_mixin.py:188} INFO - [2026-07-21T18:24:06.369+0000] {dagbag.py:538} INFO - Filling up the DagBag from /home/airflow/.local/lib/python3.8/site-packages/airflow/example_dags/example_task_group_decorator.py
[2026-07-21T18:24:06.385+0000] {processor.py:840} INFO - DAG(s) 'example_task_group_decorator' retrieved from /home/airflow/.local/lib/python3.8/site-packages/airflow/example_dags/example_task_group_decorator.py
[2026-07-21T18:24:06.415+0000] {logging_mixin.py:188} INFO - [2026-07-21T18:24:06.415+0000] {dag.py:3036} INFO - Sync 1 DAGs
[2026-07-21T18:24:06.441+0000] {logging_mixin.py:188} INFO - [2026-07-21T18:24:06.440+0000] {dag.py:3823} INFO - Setting next_dagrun for example_task_group_decorator to 2026-07-20 00:00:00+00:00, run_after=2026-07-21 00:00:00+00:00
[2026-07-21T18:24:06.465+0000] {processor.py:183} INFO - Processing /home/airflow/.local/lib/python3.8/site-packages/airflow/example_dags/example_task_group_decorator.py took 0.103 seconds
[2026-07-21T18:24:36.558+0000] {processor.py:161} INFO - Started process (PID=1813) to work on /home/airflow/.local/lib/python3.8/site-packages/airflow/example_dags/example_task_group_decorator.py
[2026-07-21T18:24:36.559+0000] {processor.py:830} INFO - Processing file /home/airflow/.local/lib/python3.8/site-packages/airflow/example_dags/example_task_group_decorator.py for tasks to queue
[2026-07-21T18:24:36.562+0000] {logging_mixin.py:188} INFO - [2026-07-21T18:24:36.561+0000] {dagbag.py:538} INFO - Filling up the DagBag from /home/airflow/.local/lib/python3.8/site-packages/airflow/example_dags/example_task_group_decorator.py
[2026-07-21T18:24:36.578+0000] {processor.py:840} INFO - DAG(s) 'example_task_group_decorator' retrieved from /home/airflow/.local/lib/python3.8/site-packages/airflow/example_dags/example_task_group_decorator.py
[2026-07-21T18:24:36.606+0000] {logging_mixin.py:188} INFO - [2026-07-21T18:24:36.606+0000] {dag.py:3036} INFO - Sync 1 DAGs
[2026-07-21T18:24:36.633+0000] {logging_mixin.py:188} INFO - [2026-07-21T18:24:36.632+0000] {dag.py:3823} INFO - Setting next_dagrun for example_task_group_decorator to 2026-07-20 00:00:00+00:00, run_after=2026-07-21 00:00:00+00:00
[2026-07-21T18:24:36.654+0000] {processor.py:183} INFO - Processing /home/airflow/.local/lib/python3.8/site-packages/airflow/example_dags/example_task_group_decorator.py took 0.101 seconds
[2026-07-21T18:25:06.888+0000] {processor.py:161} INFO - Started process (PID=1869) to work on /home/airflow/.local/lib/python3.8/site-packages/airflow/example_dags/example_task_group_decorator.py
[2026-07-21T18:25:06.889+0000] {processor.py:830} INFO - Processing file /home/airflow/.local/lib/python3.8/site-packages/airflow/example_dags/example_task_group_decorator.py for tasks to queue
[2026-07-21T18:25:06.891+0000] {logging_mixin.py:188} INFO - [2026-07-21T18:25:06.891+0000] {dagbag.py:538} INFO - Filling up the DagBag from /home/airflow/.local/lib/python3.8/site-packages/airflow/example_dags/example_task_group_decorator.py
[2026-07-21T18:25:06.906+0000] {processor.py:840} INFO - DAG(s) 'example_task_group_decorator' retrieved from /home/airflow/.local/lib/python3.8/site-packages/airflow/example_dags/example_task_group_decorator.py
[2026-07-21T18:25:06.934+0000] {logging_mixin.py:188} INFO - [2026-07-21T18:25:06.934+0000] {dag.py:3036} INFO - Sync 1 DAGs
[2026-07-21T18:25:06.957+0000] {logging_mixin.py:188} INFO - [2026-07-21T18:25:06.957+0000] {dag.py:3823} INFO - Setting next_dagrun for example_task_group_decorator to 2026-07-20 00:00:00+00:00, run_after=2026-07-21 00:00:00+00:00
[2026-07-21T18:25:06.980+0000] {processor.py:183} INFO - Processing /home/airflow/.local/lib/python3.8/site-packages/airflow/example_dags/example_task_group_decorator.py took 0.096 seconds
[2026-07-21T18:25:37.873+0000] {processor.py:161} INFO - Started process (PID=1925) to work on /home/airflow/.local/lib/python3.8/site-packages/airflow/example_dags/example_task_group_decorator.py
[2026-07-21T18:25:37.874+0000] {processor.py:830} INFO - Processing file /home/airflow/.local/lib/python3.8/site-packages/airflow/example_dags/example_task_group_decorator.py for tasks to queue
[2026-07-21T18:25:37.876+0000] {logging_mixin.py:188} INFO - [2026-07-21T18:25:37.876+0000] {dagbag.py:538} INFO - Filling up the DagBag from /home/airflow/.local/lib/python3.8/site-packages/airflow/example_dags/example_task_group_decorator.py
[2026-07-21T18:25:37.891+0000] {processor.py:840} INFO - DAG(s) 'example_task_group_decorator' retrieved from /home/airflow/.local/lib/python3.8/site-packages/airflow/example_dags/example_task_group_decorator.py
[2026-07-21T18:25:37.918+0000] {logging_mixin.py:188} INFO - [2026-07-21T18:25:37.918+0000] {dag.py:3036} INFO - Sync 1 DAGs
[2026-07-21T18:25:37.940+0000] {logging_mixin.py:188} INFO - [2026-07-21T18:25:37.940+0000] {dag.py:3823} INFO - Setting next_dagrun for example_task_group_decorator to 2026-07-20 00:00:00+00:00, run_after=2026-07-21 00:00:00+00:00
[2026-07-21T18:25:37.961+0000] {processor.py:183} INFO - Processing /home/airflow/.local/lib/python3.8/site-packages/airflow/example_dags/example_task_group_decorator.py took 0.092 seconds
[2026-07-21T18:26:08.600+0000] {processor.py:161} INFO - Started process (PID=1981) to work on /home/airflow/.local/lib/python3.8/site-packages/airflow/example_dags/example_task_group_decorator.py
[2026-07-21T18:26:08.601+0000] {processor.py:830} INFO - Processing file /home/airflow/.local/lib/python3.8/site-packages/airflow/example_dags/example_task_group_decorator.py for tasks to queue
[2026-07-21T18:26:08.603+0000] {logging_mixin.py:188} INFO - [2026-07-21T18:26:08.603+0000] {dagbag.py:538} INFO - Filling up the DagBag from /home/airflow/.local/lib/python3.8/site-packages/airflow/example_dags/example_task_group_decorator.py
[2026-07-21T18:26:08.618+0000] {processor.py:840} INFO - DAG(s) 'example_task_group_decorator' retrieved from /home/airflow/.local/lib/python3.8/site-packages/airflow/example_dags/example_task_group_decorator.py
[2026-07-21T18:26:08.645+0000] {logging_mixin.py:188} INFO - [2026-07-21T18:26:08.645+0000] {dag.py:3036} INFO - Sync 1 DAGs
[2026-07-21T18:26:08.667+0000] {logging_mixin.py:188} INFO - [2026-07-21T18:26:08.667+0000] {dag.py:3823} INFO - Setting next_dagrun for example_task_group_decorator to 2026-07-20 00:00:00+00:00, run_after=2026-07-21 00:00:00+00:00
[2026-07-21T18:26:08.689+0000] {processor.py:183} INFO - Processing /home/airflow/.local/lib/python3.8/site-packages/airflow/example_dags/example_task_group_decorator.py took 0.092 seconds
[2026-07-21T18:26:40.183+0000] {processor.py:161} INFO - Started process (PID=2037) to work on /home/airflow/.local/lib/python3.8/site-packages/airflow/example_dags/example_task_group_decorator.py
[2026-07-21T18:26:40.185+0000] {processor.py:830} INFO - Processing file /home/airflow/.local/lib/python3.8/site-packages/airflow/example_dags/example_task_group_decorator.py for tasks to queue
[2026-07-21T18:26:40.187+0000] {logging_mixin.py:188} INFO - [2026-07-21T18:26:40.187+0000] {dagbag.py:538} INFO - Filling up the DagBag from /home/airflow/.local/lib/python3.8/site-packages/airflow/example_dags/example_task_group_decorator.py
[2026-07-21T18:26:40.207+0000] {processor.py:840} INFO - DAG(s) 'example_task_group_decorator' retrieved from /home/airflow/.local/lib/python3.8/site-packages/airflow/example_dags/example_task_group_decorator.py
[2026-07-21T18:26:40.231+0000] {logging_mixin.py:188} INFO - [2026-07-21T18:26:40.231+0000] {dag.py:3036} INFO - Sync 1 DAGs
[2026-07-21T18:26:40.253+0000] {logging_mixin.py:188} INFO - [2026-07-21T18:26:40.253+0000] {dag.py:3823} INFO - Setting next_dagrun for example_task_group_decorator to 2026-07-20 00:00:00+00:00, run_after=2026-07-21 00:00:00+00:00
[2026-07-21T18:26:40.271+0000] {processor.py:183} INFO - Processing /home/airflow/.local/lib/python3.8/site-packages/airflow/example_dags/example_task_group_decorator.py took 0.092 seconds
[2026-07-21T18:27:10.769+0000] {processor.py:161} INFO - Started process (PID=2093) to work on /home/airflow/.local/lib/python3.8/site-packages/airflow/example_dags/example_task_group_decorator.py
[2026-07-21T18:27:10.771+0000] {processor.py:830} INFO - Processing file /home/airflow/.local/lib/python3.8/site-packages/airflow/example_dags/example_task_group_decorator.py for tasks to queue
[2026-07-21T18:27:10.774+0000] {logging_mixin.py:188} INFO - [2026-07-21T18:27:10.774+0000] {dagbag.py:538} INFO - Filling up the DagBag from /home/airflow/.local/lib/python3.8/site-packages/airflow/example_dags/example_task_group_decorator.py
[2026-07-21T18:27:10.793+0000] {processor.py:840} INFO - DAG(s) 'example_task_group_decorator' retrieved from /home/airflow/.local/lib/python3.8/site-packages/airflow/example_dags/example_task_group_decorator.py
[2026-07-21T18:27:10.845+0000] {logging_mixin.py:188} INFO - [2026-07-21T18:27:10.844+0000] {dag.py:3036} INFO - Sync 1 DAGs
[2026-07-21T18:27:10.891+0000] {logging_mixin.py:188} INFO - [2026-07-21T18:27:10.890+0000] {dag.py:3823} INFO - Setting next_dagrun for example_task_group_decorator to 2026-07-20 00:00:00+00:00, run_after=2026-07-21 00:00:00+00:00
[2026-07-21T18:27:10.928+0000] {processor.py:183} INFO - Processing /home/airflow/.local/lib/python3.8/site-packages/airflow/example_dags/example_task_group_decorator.py took 0.163 seconds
[2026-07-21T18:27:41.446+0000] {processor.py:161} INFO - Started process (PID=2149) to work on /home/airflow/.local/lib/python3.8/site-packages/airflow/example_dags/example_task_group_decorator.py
[2026-07-21T18:27:41.447+0000] {processor.py:830} INFO - Processing file /home/airflow/.local/lib/python3.8/site-packages/airflow/example_dags/example_task_group_decorator.py for tasks to queue
[2026-07-21T18:27:41.450+0000] {logging_mixin.py:188} INFO - [2026-07-21T18:27:41.449+0000] {dagbag.py:538} INFO - Filling up the DagBag from /home/airflow/.local/lib/python3.8/site-packages/airflow/example_dags/example_task_group_decorator.py
[2026-07-21T18:27:41.472+0000] {processor.py:840} INFO - DAG(s) 'example_task_group_decorator' retrieved from /home/airflow/.local/lib/python3.8/site-packages/airflow/example_dags/example_task_group_decorator.py
[2026-07-21T18:27:41.509+0000] {logging_mixin.py:188} INFO - [2026-07-21T18:27:41.509+0000] {dag.py:3036} INFO - Sync 1 DAGs
[2026-07-21T18:27:41.540+0000] {logging_mixin.py:188} INFO - [2026-07-21T18:27:41.540+0000] {dag.py:3823} INFO - Setting next_dagrun for example_task_group_decorator to 2026-07-20 00:00:00+00:00, run_after=2026-07-21 00:00:00+00:00
[2026-07-21T18:27:41.567+0000] {processor.py:183} INFO - Processing /home/airflow/.local/lib/python3.8/site-packages/airflow/example_dags/example_task_group_decorator.py took 0.126 seconds
[2026-07-21T18:28:11.857+0000] {processor.py:161} INFO - Started process (PID=2205) to work on /home/airflow/.local/lib/python3.8/site-packages/airflow/example_dags/example_task_group_decorator.py
[2026-07-21T18:28:11.859+0000] {processor.py:830} INFO - Processing file /home/airflow/.local/lib/python3.8/site-packages/airflow/example_dags/example_task_group_decorator.py for tasks to queue
[2026-07-21T18:28:11.861+0000] {logging_mixin.py:188} INFO - [2026-07-21T18:28:11.860+0000] {dagbag.py:538} INFO - Filling up the DagBag from /home/airflow/.local/lib/python3.8/site-packages/airflow/example_dags/example_task_group_decorator.py
[2026-07-21T18:28:11.879+0000] {processor.py:840} INFO - DAG(s) 'example_task_group_decorator' retrieved from /home/airflow/.local/lib/python3.8/site-packages/airflow/example_dags/example_task_group_decorator.py
[2026-07-21T18:28:11.905+0000] {logging_mixin.py:188} INFO - [2026-07-21T18:28:11.905+0000] {dag.py:3036} INFO - Sync 1 DAGs
[2026-07-21T18:28:11.925+0000] {logging_mixin.py:188} INFO - [2026-07-21T18:28:11.925+0000] {dag.py:3823} INFO - Setting next_dagrun for example_task_group_decorator to 2026-07-20 00:00:00+00:00, run_after=2026-07-21 00:00:00+00:00
[2026-07-21T18:28:11.943+0000] {processor.py:183} INFO - Processing /home/airflow/.local/lib/python3.8/site-packages/airflow/example_dags/example_task_group_decorator.py took 0.089 seconds
[2026-07-21T18:28:42.174+0000] {processor.py:161} INFO - Started process (PID=2261) to work on /home/airflow/.local/lib/python3.8/site-packages/airflow/example_dags/example_task_group_decorator.py
[2026-07-21T18:28:42.175+0000] {processor.py:830} INFO - Processing file /home/airflow/.local/lib/python3.8/site-packages/airflow/example_dags/example_task_group_decorator.py for tasks to queue
[2026-07-21T18:28:42.178+0000] {logging_mixin.py:188} INFO - [2026-07-21T18:28:42.177+0000] {dagbag.py:538} INFO - Filling up the DagBag from /home/airflow/.local/lib/python3.8/site-packages/airflow/example_dags/example_task_group_decorator.py
[2026-07-21T18:28:42.194+0000] {processor.py:840} INFO - DAG(s) 'example_task_group_decorator' retrieved from /home/airflow/.local/lib/python3.8/site-packages/airflow/example_dags/example_task_group_decorator.py
[2026-07-21T18:28:42.221+0000] {logging_mixin.py:188} INFO - [2026-07-21T18:28:42.221+0000] {dag.py:3036} INFO - Sync 1 DAGs
[2026-07-21T18:28:42.242+0000] {logging_mixin.py:188} INFO - [2026-07-21T18:28:42.241+0000] {dag.py:3823} INFO - Setting next_dagrun for example_task_group_decorator to 2026-07-20 00:00:00+00:00, run_after=2026-07-21 00:00:00+00:00
[2026-07-21T18:28:42.260+0000] {processor.py:183} INFO - Processing /home/airflow/.local/lib/python3.8/site-packages/airflow/example_dags/example_task_group_decorator.py took 0.091 seconds
[2026-07-21T18:29:12.626+0000] {processor.py:161} INFO - Started process (PID=2317) to work on /home/airflow/.local/lib/python3.8/site-packages/airflow/example_dags/example_task_group_decorator.py
[2026-07-21T18:29:12.628+0000] {processor.py:830} INFO - Processing file /home/airflow/.local/lib/python3.8/site-packages/airflow/example_dags/example_task_group_decorator.py for tasks to queue
[2026-07-21T18:29:12.630+0000] {logging_mixin.py:188} INFO - [2026-07-21T18:29:12.629+0000] {dagbag.py:538} INFO - Filling up the DagBag from /home/airflow/.local/lib/python3.8/site-packages/airflow/example_dags/example_task_group_decorator.py
[2026-07-21T18:29:12.644+0000] {processor.py:840} INFO - DAG(s) 'example_task_group_decorator' retrieved from /home/airflow/.local/lib/python3.8/site-packages/airflow/example_dags/example_task_group_decorator.py
[2026-07-21T18:29:12.669+0000] {logging_mixin.py:188} INFO - [2026-07-21T18:29:12.668+0000] {dag.py:3036} INFO - Sync 1 DAGs
[2026-07-21T18:29:12.690+0000] {logging_mixin.py:188} INFO - [2026-07-21T18:29:12.689+0000] {dag.py:3823} INFO - Setting next_dagrun for example_task_group_decorator to 2026-07-20 00:00:00+00:00, run_after=2026-07-21 00:00:00+00:00
[2026-07-21T18:29:12.708+0000] {processor.py:183} INFO - Processing /home/airflow/.local/lib/python3.8/site-packages/airflow/example_dags/example_task_group_decorator.py took 0.085 seconds
[2026-07-21T18:29:43.217+0000] {processor.py:161} INFO - Started process (PID=2373) to work on /home/airflow/.local/lib/python3.8/site-packages/airflow/example_dags/example_task_group_decorator.py
[2026-07-21T18:29:43.218+0000] {processor.py:830} INFO - Processing file /home/airflow/.local/lib/python3.8/site-packages/airflow/example_dags/example_task_group_decorator.py for tasks to queue
[2026-07-21T18:29:43.220+0000] {logging_mixin.py:188} INFO - [2026-07-21T18:29:43.220+0000] {dagbag.py:538} INFO - Filling up the DagBag from /home/airflow/.local/lib/python3.8/site-packages/airflow/example_dags/example_task_group_decorator.py
[2026-07-21T18:29:43.233+0000] {processor.py:840} INFO - DAG(s) 'example_task_group_decorator' retrieved from /home/airflow/.local/lib/python3.8/site-packages/airflow/example_dags/example_task_group_decorator.py
[2026-07-21T18:29:43.257+0000] {logging_mixin.py:188} INFO - [2026-07-21T18:29:43.257+0000] {dag.py:3036} INFO - Sync 1 DAGs
[2026-07-21T18:29:43.278+0000] {logging_mixin.py:188} INFO - [2026-07-21T18:29:43.277+0000] {dag.py:3823} INFO - Setting next_dagrun for example_task_group_decorator to 2026-07-20 00:00:00+00:00, run_after=2026-07-21 00:00:00+00:00
[2026-07-21T18:29:43.296+0000] {processor.py:183} INFO - Processing /home/airflow/.local/lib/python3.8/site-packages/airflow/example_dags/example_task_group_decorator.py took 0.082 seconds
[2026-07-21T18:30:13.586+0000] {processor.py:161} INFO - Started process (PID=2429) to work on /home/airflow/.local/lib/python3.8/site-packages/airflow/example_dags/example_task_group_decorator.py
[2026-07-21T18:30:13.588+0000] {processor.py:830} INFO - Processing file /home/airflow/.local/lib/python3.8/site-packages/airflow/example_dags/example_task_group_decorator.py for tasks to queue
[2026-07-21T18:30:13.589+0000] {logging_mixin.py:188} INFO - [2026-07-21T18:30:13.589+0000] {dagbag.py:538} INFO - Filling up the DagBag from /home/airflow/.local/lib/python3.8/site-packages/airflow/example_dags/example_task_group_decorator.py
[2026-07-21T18:30:13.603+0000] {processor.py:840} INFO - DAG(s) 'example_task_group_decorator' retrieved from /home/airflow/.local/lib/python3.8/site-packages/airflow/example_dags/example_task_group_decorator.py
[2026-07-21T18:30:13.627+0000] {logging_mixin.py:188} INFO - [2026-07-21T18:30:13.627+0000] {dag.py:3036} INFO - Sync 1 DAGs
[2026-07-21T18:30:13.647+0000] {logging_mixin.py:188} INFO - [2026-07-21T18:30:13.647+0000] {dag.py:3823} INFO - Setting next_dagrun for example_task_group_decorator to 2026-07-20 00:00:00+00:00, run_after=2026-07-21 00:00:00+00:00
[2026-07-21T18:30:13.666+0000] {processor.py:183} INFO - Processing /home/airflow/.local/lib/python3.8/site-packages/airflow/example_dags/example_task_group_decorator.py took 0.083 seconds
[2026-07-21T18:30:43.967+0000] {processor.py:161} INFO - Started process (PID=2485) to work on /home/airflow/.local/lib/python3.8/site-packages/airflow/example_dags/example_task_group_decorator.py
[2026-07-21T18:30:43.968+0000] {processor.py:830} INFO - Processing file /home/airflow/.local/lib/python3.8/site-packages/airflow/example_dags/example_task_group_decorator.py for tasks to queue
[2026-07-21T18:30:43.970+0000] {logging_mixin.py:188} INFO - [2026-07-21T18:30:43.970+0000] {dagbag.py:538} INFO - Filling up the DagBag from /home/airflow/.local/lib/python3.8/site-packages/airflow/example_dags/example_task_group_decorator.py
[2026-07-21T18:30:43.984+0000] {processor.py:840} INFO - DAG(s) 'example_task_group_decorator' retrieved from /home/airflow/.local/lib/python3.8/site-packages/airflow/example_dags/example_task_group_decorator.py
[2026-07-21T18:30:44.008+0000] {logging_mixin.py:188} INFO - [2026-07-21T18:30:44.008+0000] {dag.py:3036} INFO - Sync 1 DAGs
[2026-07-21T18:30:44.028+0000] {logging_mixin.py:188} INFO - [2026-07-21T18:30:44.028+0000] {dag.py:3823} INFO - Setting next_dagrun for example_task_group_decorator to 2026-07-20 00:00:00+00:00, run_after=2026-07-21 00:00:00+00:00
[2026-07-21T18:30:44.047+0000] {processor.py:183} INFO - Processing /home/airflow/.local/lib/python3.8/site-packages/airflow/example_dags/example_task_group_decorator.py took 0.084 seconds
[2026-07-21T18:31:14.405+0000] {processor.py:161} INFO - Started process (PID=2541) to work on /home/airflow/.local/lib/python3.8/site-packages/airflow/example_dags/example_task_group_decorator.py
[2026-07-21T18:31:14.407+0000] {processor.py:830} INFO - Processing file /home/airflow/.local/lib/python3.8/site-packages/airflow/example_dags/example_task_group_decorator.py for tasks to queue
[2026-07-21T18:31:14.409+0000] {logging_mixin.py:188} INFO - [2026-07-21T18:31:14.409+0000] {dagbag.py:538} INFO - Filling up the DagBag from /home/airflow/.local/lib/python3.8/site-packages/airflow/example_dags/example_task_group_decorator.py
[2026-07-21T18:31:14.424+0000] {processor.py:840} INFO - DAG(s) 'example_task_group_decorator' retrieved from /home/airflow/.local/lib/python3.8/site-packages/airflow/example_dags/example_task_group_decorator.py
[2026-07-21T18:31:14.452+0000] {logging_mixin.py:188} INFO - [2026-07-21T18:31:14.451+0000] {dag.py:3036} INFO - Sync 1 DAGs
[2026-07-21T18:31:14.474+0000] {logging_mixin.py:188} INFO - [2026-07-21T18:31:14.473+0000] {dag.py:3823} INFO - Setting next_dagrun for example_task_group_decorator to 2026-07-20 00:00:00+00:00, run_after=2026-07-21 00:00:00+00:00
[2026-07-21T18:31:14.496+0000] {processor.py:183} INFO - Processing /home/airflow/.local/lib/python3.8/site-packages/airflow/example_dags/example_task_group_decorator.py took 0.094 seconds
[2026-07-21T18:34:15.376+0000] {processor.py:161} INFO - Started process (PID=94) to work on /home/airflow/.local/lib/python3.10/site-packages/airflow/example_dags/example_task_group_decorator.py
[2026-07-21T18:34:15.378+0000] {processor.py:830} INFO - Processing file /home/airflow/.local/lib/python3.10/site-packages/airflow/example_dags/example_task_group_decorator.py for tasks to queue
[2026-07-21T18:34:15.381+0000] {logging_mixin.py:188} INFO - [2026-07-21T18:34:15.381+0000] {dagbag.py:538} INFO - Filling up the DagBag from /home/airflow/.local/lib/python3.10/site-packages/airflow/example_dags/example_task_group_decorator.py
[2026-07-21T18:34:15.403+0000] {processor.py:840} INFO - DAG(s) 'example_task_group_decorator' retrieved from /home/airflow/.local/lib/python3.10/site-packages/airflow/example_dags/example_task_group_decorator.py
[2026-07-21T18:34:15.437+0000] {logging_mixin.py:188} INFO - [2026-07-21T18:34:15.437+0000] {dag.py:3036} INFO - Sync 1 DAGs
[2026-07-21T18:34:15.502+0000] {logging_mixin.py:188} INFO - [2026-07-21T18:34:15.501+0000] {dag.py:3823} INFO - Setting next_dagrun for example_task_group_decorator to 2026-07-20 00:00:00+00:00, run_after=2026-07-21 00:00:00+00:00
[2026-07-21T18:34:15.539+0000] {processor.py:183} INFO - Processing /home/airflow/.local/lib/python3.10/site-packages/airflow/example_dags/example_task_group_decorator.py took 0.168 seconds
[2026-07-21T18:34:45.703+0000] {processor.py:161} INFO - Started process (PID=150) to work on /home/airflow/.local/lib/python3.10/site-packages/airflow/example_dags/example_task_group_decorator.py
[2026-07-21T18:34:45.704+0000] {processor.py:830} INFO - Processing file /home/airflow/.local/lib/python3.10/site-packages/airflow/example_dags/example_task_group_decorator.py for tasks to queue
[2026-07-21T18:34:45.707+0000] {logging_mixin.py:188} INFO - [2026-07-21T18:34:45.706+0000] {dagbag.py:538} INFO - Filling up the DagBag from /home/airflow/.local/lib/python3.10/site-packages/airflow/example_dags/example_task_group_decorator.py
[2026-07-21T18:34:45.722+0000] {processor.py:840} INFO - DAG(s) 'example_task_group_decorator' retrieved from /home/airflow/.local/lib/python3.10/site-packages/airflow/example_dags/example_task_group_decorator.py
[2026-07-21T18:34:45.824+0000] {logging_mixin.py:188} INFO - [2026-07-21T18:34:45.824+0000] {dag.py:3036} INFO - Sync 1 DAGs
[2026-07-21T18:34:45.842+0000] {logging_mixin.py:188} INFO - [2026-07-21T18:34:45.842+0000] {dag.py:3823} INFO - Setting next_dagrun for example_task_group_decorator to 2026-07-20 00:00:00+00:00, run_after=2026-07-21 00:00:00+00:00
[2026-07-21T18:34:45.861+0000] {processor.py:183} INFO - Processing /home/airflow/.local/lib/python3.10/site-packages/airflow/example_dags/example_task_group_decorator.py took 0.163 seconds
[2026-07-21T18:35:16.603+0000] {processor.py:161} INFO - Started process (PID=206) to work on /home/airflow/.local/lib/python3.10/site-packages/airflow/example_dags/example_task_group_decorator.py
[2026-07-21T18:35:16.604+0000] {processor.py:830} INFO - Processing file /home/airflow/.local/lib/python3.10/site-packages/airflow/example_dags/example_task_group_decorator.py for tasks to queue
[2026-07-21T18:35:16.607+0000] {logging_mixin.py:188} INFO - [2026-07-21T18:35:16.606+0000] {dagbag.py:538} INFO - Filling up the DagBag from /home/airflow/.local/lib/python3.10/site-packages/airflow/example_dags/example_task_group_decorator.py
[2026-07-21T18:35:16.619+0000] {processor.py:840} INFO - DAG(s) 'example_task_group_decorator' retrieved from /home/airflow/.local/lib/python3.10/site-packages/airflow/example_dags/example_task_group_decorator.py
[2026-07-21T18:35:16.641+0000] {logging_mixin.py:188} INFO - [2026-07-21T18:35:16.641+0000] {dag.py:3036} INFO - Sync 1 DAGs
[2026-07-21T18:35:16.662+0000] {logging_mixin.py:188} INFO - [2026-07-21T18:35:16.661+0000] {dag.py:3823} INFO - Setting next_dagrun for example_task_group_decorator to 2026-07-20 00:00:00+00:00, run_after=2026-07-21 00:00:00+00:00
[2026-07-21T18:35:16.681+0000] {processor.py:183} INFO - Processing /home/airflow/.local/lib/python3.10/site-packages/airflow/example_dags/example_task_group_decorator.py took 0.082 seconds
[2026-07-21T18:35:47.062+0000] {processor.py:161} INFO - Started process (PID=262) to work on /home/airflow/.local/lib/python3.10/site-packages/airflow/example_dags/example_task_group_decorator.py
[2026-07-21T18:35:47.063+0000] {processor.py:830} INFO - Processing file /home/airflow/.local/lib/python3.10/site-packages/airflow/example_dags/example_task_group_decorator.py for tasks to queue
[2026-07-21T18:35:47.065+0000] {logging_mixin.py:188} INFO - [2026-07-21T18:35:47.065+0000] {dagbag.py:538} INFO - Filling up the DagBag from /home/airflow/.local/lib/python3.10/site-packages/airflow/example_dags/example_task_group_decorator.py
[2026-07-21T18:35:47.079+0000] {processor.py:840} INFO - DAG(s) 'example_task_group_decorator' retrieved from /home/airflow/.local/lib/python3.10/site-packages/airflow/example_dags/example_task_group_decorator.py
[2026-07-21T18:35:47.111+0000] {logging_mixin.py:188} INFO - [2026-07-21T18:35:47.110+0000] {dag.py:3036} INFO - Sync 1 DAGs
[2026-07-21T18:35:47.138+0000] {logging_mixin.py:188} INFO - [2026-07-21T18:35:47.137+0000] {dag.py:3823} INFO - Setting next_dagrun for example_task_group_decorator to 2026-07-20 00:00:00+00:00, run_after=2026-07-21 00:00:00+00:00
[2026-07-21T18:35:47.161+0000] {processor.py:183} INFO - Processing /home/airflow/.local/lib/python3.10/site-packages/airflow/example_dags/example_task_group_decorator.py took 0.103 seconds
[2026-07-21T18:36:17.318+0000] {processor.py:161} INFO - Started process (PID=318) to work on /home/airflow/.local/lib/python3.10/site-packages/airflow/example_dags/example_task_group_decorator.py
[2026-07-21T18:36:17.320+0000] {processor.py:830} INFO - Processing file /home/airflow/.local/lib/python3.10/site-packages/airflow/example_dags/example_task_group_decorator.py for tasks to queue
[2026-07-21T18:36:17.323+0000] {logging_mixin.py:188} INFO - [2026-07-21T18:36:17.322+0000] {dagbag.py:538} INFO - Filling up the DagBag from /home/airflow/.local/lib/python3.10/site-packages/airflow/example_dags/example_task_group_decorator.py
[2026-07-21T18:36:17.344+0000] {processor.py:840} INFO - DAG(s) 'example_task_group_decorator' retrieved from /home/airflow/.local/lib/python3.10/site-packages/airflow/example_dags/example_task_group_decorator.py
[2026-07-21T18:36:17.371+0000] {logging_mixin.py:188} INFO - [2026-07-21T18:36:17.371+0000] {dag.py:3036} INFO - Sync 1 DAGs
[2026-07-21T18:36:17.393+0000] {logging_mixin.py:188} INFO - [2026-07-21T18:36:17.392+0000] {dag.py:3823} INFO - Setting next_dagrun for example_task_group_decorator to 2026-07-20 00:00:00+00:00, run_after=2026-07-21 00:00:00+00:00
[2026-07-21T18:36:17.413+0000] {processor.py:183} INFO - Processing /home/airflow/.local/lib/python3.10/site-packages/airflow/example_dags/example_task_group_decorator.py took 0.100 seconds
[2026-07-21T18:36:47.663+0000] {processor.py:161} INFO - Started process (PID=374) to work on /home/airflow/.local/lib/python3.10/site-packages/airflow/example_dags/example_task_group_decorator.py
[2026-07-21T18:36:47.664+0000] {processor.py:830} INFO - Processing file /home/airflow/.local/lib/python3.10/site-packages/airflow/example_dags/example_task_group_decorator.py for tasks to queue
[2026-07-21T18:36:47.666+0000] {logging_mixin.py:188} INFO - [2026-07-21T18:36:47.666+0000] {dagbag.py:538} INFO - Filling up the DagBag from /home/airflow/.local/lib/python3.10/site-packages/airflow/example_dags/example_task_group_decorator.py
[2026-07-21T18:36:47.679+0000] {processor.py:840} INFO - DAG(s) 'example_task_group_decorator' retrieved from /home/airflow/.local/lib/python3.10/site-packages/airflow/example_dags/example_task_group_decorator.py
[2026-07-21T18:36:47.702+0000] {logging_mixin.py:188} INFO - [2026-07-21T18:36:47.701+0000] {dag.py:3036} INFO - Sync 1 DAGs
[2026-07-21T18:36:47.719+0000] {logging_mixin.py:188} INFO - [2026-07-21T18:36:47.719+0000] {dag.py:3823} INFO - Setting next_dagrun for example_task_group_decorator to 2026-07-20 00:00:00+00:00, run_after=2026-07-21 00:00:00+00:00
[2026-07-21T18:36:47.737+0000] {processor.py:183} INFO - Processing /home/airflow/.local/lib/python3.10/site-packages/airflow/example_dags/example_task_group_decorator.py took 0.078 seconds
[2026-07-21T18:37:18.015+0000] {processor.py:161} INFO - Started process (PID=430) to work on /home/airflow/.local/lib/python3.10/site-packages/airflow/example_dags/example_task_group_decorator.py
[2026-07-21T18:37:18.016+0000] {processor.py:830} INFO - Processing file /home/airflow/.local/lib/python3.10/site-packages/airflow/example_dags/example_task_group_decorator.py for tasks to queue
[2026-07-21T18:37:18.018+0000] {logging_mixin.py:188} INFO - [2026-07-21T18:37:18.018+0000] {dagbag.py:538} INFO - Filling up the DagBag from /home/airflow/.local/lib/python3.10/site-packages/airflow/example_dags/example_task_group_decorator.py
[2026-07-21T18:37:18.031+0000] {processor.py:840} INFO - DAG(s) 'example_task_group_decorator' retrieved from /home/airflow/.local/lib/python3.10/site-packages/airflow/example_dags/example_task_group_decorator.py
[2026-07-21T18:37:18.054+0000] {logging_mixin.py:188} INFO - [2026-07-21T18:37:18.054+0000] {dag.py:3036} INFO - Sync 1 DAGs
[2026-07-21T18:37:18.073+0000] {logging_mixin.py:188} INFO - [2026-07-21T18:37:18.073+0000] {dag.py:3823} INFO - Setting next_dagrun for example_task_group_decorator to 2026-07-20 00:00:00+00:00, run_after=2026-07-21 00:00:00+00:00
[2026-07-21T18:37:18.091+0000] {processor.py:183} INFO - Processing /home/airflow/.local/lib/python3.10/site-packages/airflow/example_dags/example_task_group_decorator.py took 0.080 seconds
[2026-07-21T18:37:48.217+0000] {processor.py:161} INFO - Started process (PID=486) to work on /home/airflow/.local/lib/python3.10/site-packages/airflow/example_dags/example_task_group_decorator.py
[2026-07-21T18:37:48.219+0000] {processor.py:830} INFO - Processing file /home/airflow/.local/lib/python3.10/site-packages/airflow/example_dags/example_task_group_decorator.py for tasks to queue
[2026-07-21T18:37:48.221+0000] {logging_mixin.py:188} INFO - [2026-07-21T18:37:48.220+0000] {dagbag.py:538} INFO - Filling up the DagBag from /home/airflow/.local/lib/python3.10/site-packages/airflow/example_dags/example_task_group_decorator.py
[2026-07-21T18:37:48.233+0000] {processor.py:840} INFO - DAG(s) 'example_task_group_decorator' retrieved from /home/airflow/.local/lib/python3.10/site-packages/airflow/example_dags/example_task_group_decorator.py
[2026-07-21T18:37:48.256+0000] {logging_mixin.py:188} INFO - [2026-07-21T18:37:48.255+0000] {dag.py:3036} INFO - Sync 1 DAGs
[2026-07-21T18:37:48.275+0000] {logging_mixin.py:188} INFO - [2026-07-21T18:37:48.274+0000] {dag.py:3823} INFO - Setting next_dagrun for example_task_group_decorator to 2026-07-20 00:00:00+00:00, run_after=2026-07-21 00:00:00+00:00
[2026-07-21T18:37:48.292+0000] {processor.py:183} INFO - Processing /home/airflow/.local/lib/python3.10/site-packages/airflow/example_dags/example_task_group_decorator.py took 0.078 seconds
[2026-07-21T18:38:18.871+0000] {processor.py:161} INFO - Started process (PID=542) to work on /home/airflow/.local/lib/python3.10/site-packages/airflow/example_dags/example_task_group_decorator.py
[2026-07-21T18:38:18.872+0000] {processor.py:830} INFO - Processing file /home/airflow/.local/lib/python3.10/site-packages/airflow/example_dags/example_task_group_decorator.py for tasks to queue
[2026-07-21T18:38:18.874+0000] {logging_mixin.py:188} INFO - [2026-07-21T18:38:18.874+0000] {dagbag.py:538} INFO - Filling up the DagBag from /home/airflow/.local/lib/python3.10/site-packages/airflow/example_dags/example_task_group_decorator.py
[2026-07-21T18:38:18.887+0000] {processor.py:840} INFO - DAG(s) 'example_task_group_decorator' retrieved from /home/airflow/.local/lib/python3.10/site-packages/airflow/example_dags/example_task_group_decorator.py
[2026-07-21T18:38:18.910+0000] {logging_mixin.py:188} INFO - [2026-07-21T18:38:18.910+0000] {dag.py:3036} INFO - Sync 1 DAGs
[2026-07-21T18:38:18.928+0000] {logging_mixin.py:188} INFO - [2026-07-21T18:38:18.928+0000] {dag.py:3823} INFO - Setting next_dagrun for example_task_group_decorator to 2026-07-20 00:00:00+00:00, run_after=2026-07-21 00:00:00+00:00
[2026-07-21T18:38:18.946+0000] {processor.py:183} INFO - Processing /home/airflow/.local/lib/python3.10/site-packages/airflow/example_dags/example_task_group_decorator.py took 0.078 seconds
[2026-07-21T18:38:49.228+0000] {processor.py:161} INFO - Started process (PID=598) to work on /home/airflow/.local/lib/python3.10/site-packages/airflow/example_dags/example_task_group_decorator.py
[2026-07-21T18:38:49.229+0000] {processor.py:830} INFO - Processing file /home/airflow/.local/lib/python3.10/site-packages/airflow/example_dags/example_task_group_decorator.py for tasks to queue
[2026-07-21T18:38:49.232+0000] {logging_mixin.py:188} INFO - [2026-07-21T18:38:49.231+0000] {dagbag.py:538} INFO - Filling up the DagBag from /home/airflow/.local/lib/python3.10/site-packages/airflow/example_dags/example_task_group_decorator.py
[2026-07-21T18:38:49.244+0000] {processor.py:840} INFO - DAG(s) 'example_task_group_decorator' retrieved from /home/airflow/.local/lib/python3.10/site-packages/airflow/example_dags/example_task_group_decorator.py
[2026-07-21T18:38:49.267+0000] {logging_mixin.py:188} INFO - [2026-07-21T18:38:49.267+0000] {dag.py:3036} INFO - Sync 1 DAGs
[2026-07-21T18:38:49.285+0000] {logging_mixin.py:188} INFO - [2026-07-21T18:38:49.285+0000] {dag.py:3823} INFO - Setting next_dagrun for example_task_group_decorator to 2026-07-20 00:00:00+00:00, run_after=2026-07-21 00:00:00+00:00
[2026-07-21T18:38:49.303+0000] {processor.py:183} INFO - Processing /home/airflow/.local/lib/python3.10/site-packages/airflow/example_dags/example_task_group_decorator.py took 0.079 seconds
[2026-07-21T18:39:19.454+0000] {processor.py:161} INFO - Started process (PID=654) to work on /home/airflow/.local/lib/python3.10/site-packages/airflow/example_dags/example_task_group_decorator.py
[2026-07-21T18:39:19.455+0000] {processor.py:830} INFO - Processing file /home/airflow/.local/lib/python3.10/site-packages/airflow/example_dags/example_task_group_decorator.py for tasks to queue
[2026-07-21T18:39:19.457+0000] {logging_mixin.py:188} INFO - [2026-07-21T18:39:19.457+0000] {dagbag.py:538} INFO - Filling up the DagBag from /home/airflow/.local/lib/python3.10/site-packages/airflow/example_dags/example_task_group_decorator.py
[2026-07-21T18:39:19.471+0000] {processor.py:840} INFO - DAG(s) 'example_task_group_decorator' retrieved from /home/airflow/.local/lib/python3.10/site-packages/airflow/example_dags/example_task_group_decorator.py
[2026-07-21T18:39:19.497+0000] {logging_mixin.py:188} INFO - [2026-07-21T18:39:19.497+0000] {dag.py:3036} INFO - Sync 1 DAGs
[2026-07-21T18:39:19.520+0000] {logging_mixin.py:188} INFO - [2026-07-21T18:39:19.520+0000] {dag.py:3823} INFO - Setting next_dagrun for example_task_group_decorator to 2026-07-20 00:00:00+00:00, run_after=2026-07-21 00:00:00+00:00
[2026-07-21T18:39:19.543+0000] {processor.py:183} INFO - Processing /home/airflow/.local/lib/python3.10/site-packages/airflow/example_dags/example_task_group_decorator.py took 0.093 seconds
[2026-07-21T18:39:49.600+0000] {processor.py:161} INFO - Started process (PID=710) to work on /home/airflow/.local/lib/python3.10/site-packages/airflow/example_dags/example_task_group_decorator.py
[2026-07-21T18:39:49.601+0000] {processor.py:830} INFO - Processing file /home/airflow/.local/lib/python3.10/site-packages/airflow/example_dags/example_task_group_decorator.py for tasks to queue
[2026-07-21T18:39:49.603+0000] {logging_mixin.py:188} INFO - [2026-07-21T18:39:49.603+0000] {dagbag.py:538} INFO - Filling up the DagBag from /home/airflow/.local/lib/python3.10/site-packages/airflow/example_dags/example_task_group_decorator.py
[2026-07-21T18:39:49.616+0000] {processor.py:840} INFO - DAG(s) 'example_task_group_decorator' retrieved from /home/airflow/.local/lib/python3.10/site-packages/airflow/example_dags/example_task_group_decorator.py
[2026-07-21T18:39:49.639+0000] {logging_mixin.py:188} INFO - [2026-07-21T18:39:49.639+0000] {dag.py:3036} INFO - Sync 1 DAGs
[2026-07-21T18:39:49.660+0000] {logging_mixin.py:188} INFO - [2026-07-21T18:39:49.660+0000] {dag.py:3823} INFO - Setting next_dagrun for example_task_group_decorator to 2026-07-20 00:00:00+00:00, run_after=2026-07-21 00:00:00+00:00
[2026-07-21T18:39:49.678+0000] {processor.py:183} INFO - Processing /home/airflow/.local/lib/python3.10/site-packages/airflow/example_dags/example_task_group_decorator.py took 0.082 seconds
[2026-07-21T18:40:20.152+0000] {processor.py:161} INFO - Started process (PID=766) to work on /home/airflow/.local/lib/python3.10/site-packages/airflow/example_dags/example_task_group_decorator.py
[2026-07-21T18:40:20.153+0000] {processor.py:830} INFO - Processing file /home/airflow/.local/lib/python3.10/site-packages/airflow/example_dags/example_task_group_decorator.py for tasks to queue
[2026-07-21T18:40:20.156+0000] {logging_mixin.py:188} INFO - [2026-07-21T18:40:20.155+0000] {dagbag.py:538} INFO - Filling up the DagBag from /home/airflow/.local/lib/python3.10/site-packages/airflow/example_dags/example_task_group_decorator.py
[2026-07-21T18:40:20.170+0000] {processor.py:840} INFO - DAG(s) 'example_task_group_decorator' retrieved from /home/airflow/.local/lib/python3.10/site-packages/airflow/example_dags/example_task_group_decorator.py
[2026-07-21T18:40:20.201+0000] {logging_mixin.py:188} INFO - [2026-07-21T18:40:20.201+0000] {dag.py:3036} INFO - Sync 1 DAGs
[2026-07-21T18:40:20.230+0000] {logging_mixin.py:188} INFO - [2026-07-21T18:40:20.229+0000] {dag.py:3823} INFO - Setting next_dagrun for example_task_group_decorator to 2026-07-20 00:00:00+00:00, run_after=2026-07-21 00:00:00+00:00
[2026-07-21T18:40:20.259+0000] {processor.py:183} INFO - Processing /home/airflow/.local/lib/python3.10/site-packages/airflow/example_dags/example_task_group_decorator.py took 0.110 seconds
[2026-07-21T18:40:50.657+0000] {processor.py:161} INFO - Started process (PID=822) to work on /home/airflow/.local/lib/python3.10/site-packages/airflow/example_dags/example_task_group_decorator.py
[2026-07-21T18:40:50.658+0000] {processor.py:830} INFO - Processing file /home/airflow/.local/lib/python3.10/site-packages/airflow/example_dags/example_task_group_decorator.py for tasks to queue
[2026-07-21T18:40:50.660+0000] {logging_mixin.py:188} INFO - [2026-07-21T18:40:50.660+0000] {dagbag.py:538} INFO - Filling up the DagBag from /home/airflow/.local/lib/python3.10/site-packages/airflow/example_dags/example_task_group_decorator.py
[2026-07-21T18:40:50.673+0000] {processor.py:840} INFO - DAG(s) 'example_task_group_decorator' retrieved from /home/airflow/.local/lib/python3.10/site-packages/airflow/example_dags/example_task_group_decorator.py
[2026-07-21T18:40:50.695+0000] {logging_mixin.py:188} INFO - [2026-07-21T18:40:50.695+0000] {dag.py:3036} INFO - Sync 1 DAGs
[2026-07-21T18:40:50.715+0000] {logging_mixin.py:188} INFO - [2026-07-21T18:40:50.715+0000] {dag.py:3823} INFO - Setting next_dagrun for example_task_group_decorator to 2026-07-20 00:00:00+00:00, run_after=2026-07-21 00:00:00+00:00
[2026-07-21T18:40:50.732+0000] {processor.py:183} INFO - Processing /home/airflow/.local/lib/python3.10/site-packages/airflow/example_dags/example_task_group_decorator.py took 0.079 seconds
[2026-07-21T18:41:20.827+0000] {processor.py:161} INFO - Started process (PID=878) to work on /home/airflow/.local/lib/python3.10/site-packages/airflow/example_dags/example_task_group_decorator.py
[2026-07-21T18:41:20.828+0000] {processor.py:830} INFO - Processing file /home/airflow/.local/lib/python3.10/site-packages/airflow/example_dags/example_task_group_decorator.py for tasks to queue
[2026-07-21T18:41:20.830+0000] {logging_mixin.py:188} INFO - [2026-07-21T18:41:20.830+0000] {dagbag.py:538} INFO - Filling up the DagBag from /home/airflow/.local/lib/python3.10/site-packages/airflow/example_dags/example_task_group_decorator.py
[2026-07-21T18:41:20.843+0000] {processor.py:840} INFO - DAG(s) 'example_task_group_decorator' retrieved from /home/airflow/.local/lib/python3.10/site-packages/airflow/example_dags/example_task_group_decorator.py
[2026-07-21T18:41:20.867+0000] {logging_mixin.py:188} INFO - [2026-07-21T18:41:20.867+0000] {dag.py:3036} INFO - Sync 1 DAGs
[2026-07-21T18:41:20.886+0000] {logging_mixin.py:188} INFO - [2026-07-21T18:41:20.886+0000] {dag.py:3823} INFO - Setting next_dagrun for example_task_group_decorator to 2026-07-20 00:00:00+00:00, run_after=2026-07-21 00:00:00+00:00
[2026-07-21T18:41:20.905+0000] {processor.py:183} INFO - Processing /home/airflow/.local/lib/python3.10/site-packages/airflow/example_dags/example_task_group_decorator.py took 0.082 seconds
[2026-07-21T18:41:51.213+0000] {processor.py:161} INFO - Started process (PID=934) to work on /home/airflow/.local/lib/python3.10/site-packages/airflow/example_dags/example_task_group_decorator.py
[2026-07-21T18:41:51.214+0000] {processor.py:830} INFO - Processing file /home/airflow/.local/lib/python3.10/site-packages/airflow/example_dags/example_task_group_decorator.py for tasks to queue
[2026-07-21T18:41:51.216+0000] {logging_mixin.py:188} INFO - [2026-07-21T18:41:51.216+0000] {dagbag.py:538} INFO - Filling up the DagBag from /home/airflow/.local/lib/python3.10/site-packages/airflow/example_dags/example_task_group_decorator.py
[2026-07-21T18:41:51.230+0000] {processor.py:840} INFO - DAG(s) 'example_task_group_decorator' retrieved from /home/airflow/.local/lib/python3.10/site-packages/airflow/example_dags/example_task_group_decorator.py
[2026-07-21T18:41:51.253+0000] {logging_mixin.py:188} INFO - [2026-07-21T18:41:51.253+0000] {dag.py:3036} INFO - Sync 1 DAGs
[2026-07-21T18:41:51.272+0000] {logging_mixin.py:188} INFO - [2026-07-21T18:41:51.272+0000] {dag.py:3823} INFO - Setting next_dagrun for example_task_group_decorator to 2026-07-20 00:00:00+00:00, run_after=2026-07-21 00:00:00+00:00
[2026-07-21T18:41:51.289+0000] {processor.py:183} INFO - Processing /home/airflow/.local/lib/python3.10/site-packages/airflow/example_dags/example_task_group_decorator.py took 0.080 seconds
[2026-07-21T18:42:21.574+0000] {processor.py:161} INFO - Started process (PID=990) to work on /home/airflow/.local/lib/python3.10/site-packages/airflow/example_dags/example_task_group_decorator.py
[2026-07-21T18:42:21.575+0000] {processor.py:830} INFO - Processing file /home/airflow/.local/lib/python3.10/site-packages/airflow/example_dags/example_task_group_decorator.py for tasks to queue
[2026-07-21T18:42:21.577+0000] {logging_mixin.py:188} INFO - [2026-07-21T18:42:21.577+0000] {dagbag.py:538} INFO - Filling up the DagBag from /home/airflow/.local/lib/python3.10/site-packages/airflow/example_dags/example_task_group_decorator.py
[2026-07-21T18:42:21.590+0000] {processor.py:840} INFO - DAG(s) 'example_task_group_decorator' retrieved from /home/airflow/.local/lib/python3.10/site-packages/airflow/example_dags/example_task_group_decorator.py
[2026-07-21T18:42:21.615+0000] {logging_mixin.py:188} INFO - [2026-07-21T18:42:21.614+0000] {dag.py:3036} INFO - Sync 1 DAGs
[2026-07-21T18:42:21.633+0000] {logging_mixin.py:188} INFO - [2026-07-21T18:42:21.633+0000] {dag.py:3823} INFO - Setting next_dagrun for example_task_group_decorator to 2026-07-20 00:00:00+00:00, run_after=2026-07-21 00:00:00+00:00
[2026-07-21T18:42:21.650+0000] {processor.py:183} INFO - Processing /home/airflow/.local/lib/python3.10/site-packages/airflow/example_dags/example_task_group_decorator.py took 0.079 seconds
[2026-07-21T18:42:52.837+0000] {processor.py:161} INFO - Started process (PID=1047) to work on /home/airflow/.local/lib/python3.10/site-packages/airflow/example_dags/example_task_group_decorator.py
[2026-07-21T18:42:52.838+0000] {processor.py:830} INFO - Processing file /home/airflow/.local/lib/python3.10/site-packages/airflow/example_dags/example_task_group_decorator.py for tasks to queue
[2026-07-21T18:42:52.840+0000] {logging_mixin.py:188} INFO - [2026-07-21T18:42:52.840+0000] {dagbag.py:538} INFO - Filling up the DagBag from /home/airflow/.local/lib/python3.10/site-packages/airflow/example_dags/example_task_group_decorator.py
[2026-07-21T18:42:52.853+0000] {processor.py:840} INFO - DAG(s) 'example_task_group_decorator' retrieved from /home/airflow/.local/lib/python3.10/site-packages/airflow/example_dags/example_task_group_decorator.py
[2026-07-21T18:42:52.879+0000] {logging_mixin.py:188} INFO - [2026-07-21T18:42:52.878+0000] {dag.py:3036} INFO - Sync 1 DAGs
[2026-07-21T18:42:52.900+0000] {logging_mixin.py:188} INFO - [2026-07-21T18:42:52.900+0000] {dag.py:3823} INFO - Setting next_dagrun for example_task_group_decorator to 2026-07-20 00:00:00+00:00, run_after=2026-07-21 00:00:00+00:00
[2026-07-21T18:42:52.919+0000] {processor.py:183} INFO - Processing /home/airflow/.local/lib/python3.10/site-packages/airflow/example_dags/example_task_group_decorator.py took 0.085 seconds
[2026-07-21T18:43:23.284+0000] {processor.py:161} INFO - Started process (PID=1103) to work on /home/airflow/.local/lib/python3.10/site-packages/airflow/example_dags/example_task_group_decorator.py
[2026-07-21T18:43:23.285+0000] {processor.py:830} INFO - Processing file /home/airflow/.local/lib/python3.10/site-packages/airflow/example_dags/example_task_group_decorator.py for tasks to queue
[2026-07-21T18:43:23.288+0000] {logging_mixin.py:188} INFO - [2026-07-21T18:43:23.287+0000] {dagbag.py:538} INFO - Filling up the DagBag from /home/airflow/.local/lib/python3.10/site-packages/airflow/example_dags/example_task_group_decorator.py
[2026-07-21T18:43:23.302+0000] {processor.py:840} INFO - DAG(s) 'example_task_group_decorator' retrieved from /home/airflow/.local/lib/python3.10/site-packages/airflow/example_dags/example_task_group_decorator.py
[2026-07-21T18:43:23.327+0000] {logging_mixin.py:188} INFO - [2026-07-21T18:43:23.327+0000] {dag.py:3036} INFO - Sync 1 DAGs
[2026-07-21T18:43:23.346+0000] {logging_mixin.py:188} INFO - [2026-07-21T18:43:23.345+0000] {dag.py:3823} INFO - Setting next_dagrun for example_task_group_decorator to 2026-07-20 00:00:00+00:00, run_after=2026-07-21 00:00:00+00:00
[2026-07-21T18:43:23.363+0000] {processor.py:183} INFO - Processing /home/airflow/.local/lib/python3.10/site-packages/airflow/example_dags/example_task_group_decorator.py took 0.083 seconds
[2026-07-21T18:43:53.687+0000] {processor.py:161} INFO - Started process (PID=1159) to work on /home/airflow/.local/lib/python3.10/site-packages/airflow/example_dags/example_task_group_decorator.py
[2026-07-21T18:43:53.688+0000] {processor.py:830} INFO - Processing file /home/airflow/.local/lib/python3.10/site-packages/airflow/example_dags/example_task_group_decorator.py for tasks to queue
[2026-07-21T18:43:53.690+0000] {logging_mixin.py:188} INFO - [2026-07-21T18:43:53.690+0000] {dagbag.py:538} INFO - Filling up the DagBag from /home/airflow/.local/lib/python3.10/site-packages/airflow/example_dags/example_task_group_decorator.py
[2026-07-21T18:43:53.703+0000] {processor.py:840} INFO - DAG(s) 'example_task_group_decorator' retrieved from /home/airflow/.local/lib/python3.10/site-packages/airflow/example_dags/example_task_group_decorator.py
[2026-07-21T18:43:53.725+0000] {logging_mixin.py:188} INFO - [2026-07-21T18:43:53.725+0000] {dag.py:3036} INFO - Sync 1 DAGs
[2026-07-21T18:43:53.744+0000] {logging_mixin.py:188} INFO - [2026-07-21T18:43:53.743+0000] {dag.py:3823} INFO - Setting next_dagrun for example_task_group_decorator to 2026-07-20 00:00:00+00:00, run_after=2026-07-21 00:00:00+00:00
[2026-07-21T18:43:53.760+0000] {processor.py:183} INFO - Processing /home/airflow/.local/lib/python3.10/site-packages/airflow/example_dags/example_task_group_decorator.py took 0.077 seconds
[2026-07-21T18:44:24.008+0000] {processor.py:161} INFO - Started process (PID=1215) to work on /home/airflow/.local/lib/python3.10/site-packages/airflow/example_dags/example_task_group_decorator.py
[2026-07-21T18:44:24.010+0000] {processor.py:830} INFO - Processing file /home/airflow/.local/lib/python3.10/site-packages/airflow/example_dags/example_task_group_decorator.py for tasks to queue
[2026-07-21T18:44:24.012+0000] {logging_mixin.py:188} INFO - [2026-07-21T18:44:24.011+0000] {dagbag.py:538} INFO - Filling up the DagBag from /home/airflow/.local/lib/python3.10/site-packages/airflow/example_dags/example_task_group_decorator.py
[2026-07-21T18:44:24.024+0000] {processor.py:840} INFO - DAG(s) 'example_task_group_decorator' retrieved from /home/airflow/.local/lib/python3.10/site-packages/airflow/example_dags/example_task_group_decorator.py
[2026-07-21T18:44:24.047+0000] {logging_mixin.py:188} INFO - [2026-07-21T18:44:24.047+0000] {dag.py:3036} INFO - Sync 1 DAGs
[2026-07-21T18:44:24.067+0000] {logging_mixin.py:188} INFO - [2026-07-21T18:44:24.067+0000] {dag.py:3823} INFO - Setting next_dagrun for example_task_group_decorator to 2026-07-20 00:00:00+00:00, run_after=2026-07-21 00:00:00+00:00
[2026-07-21T18:44:24.084+0000] {processor.py:183} INFO - Processing /home/airflow/.local/lib/python3.10/site-packages/airflow/example_dags/example_task_group_decorator.py took 0.080 seconds
[2026-07-21T18:44:54.316+0000] {processor.py:161} INFO - Started process (PID=1271) to work on /home/airflow/.local/lib/python3.10/site-packages/airflow/example_dags/example_task_group_decorator.py
[2026-07-21T18:44:54.317+0000] {processor.py:830} INFO - Processing file /home/airflow/.local/lib/python3.10/site-packages/airflow/example_dags/example_task_group_decorator.py for tasks to queue
[2026-07-21T18:44:54.319+0000] {logging_mixin.py:188} INFO - [2026-07-21T18:44:54.319+0000] {dagbag.py:538} INFO - Filling up the DagBag from /home/airflow/.local/lib/python3.10/site-packages/airflow/example_dags/example_task_group_decorator.py
[2026-07-21T18:44:54.332+0000] {processor.py:840} INFO - DAG(s) 'example_task_group_decorator' retrieved from /home/airflow/.local/lib/python3.10/site-packages/airflow/example_dags/example_task_group_decorator.py
[2026-07-21T18:44:54.355+0000] {logging_mixin.py:188} INFO - [2026-07-21T18:44:54.355+0000] {dag.py:3036} INFO - Sync 1 DAGs
[2026-07-21T18:44:54.374+0000] {logging_mixin.py:188} INFO - [2026-07-21T18:44:54.374+0000] {dag.py:3823} INFO - Setting next_dagrun for example_task_group_decorator to 2026-07-20 00:00:00+00:00, run_after=2026-07-21 00:00:00+00:00
[2026-07-21T18:44:54.394+0000] {processor.py:183} INFO - Processing /home/airflow/.local/lib/python3.10/site-packages/airflow/example_dags/example_task_group_decorator.py took 0.081 seconds
[2026-07-21T18:45:25.380+0000] {processor.py:161} INFO - Started process (PID=1327) to work on /home/airflow/.local/lib/python3.10/site-packages/airflow/example_dags/example_task_group_decorator.py
[2026-07-21T18:45:25.381+0000] {processor.py:830} INFO - Processing file /home/airflow/.local/lib/python3.10/site-packages/airflow/example_dags/example_task_group_decorator.py for tasks to queue
[2026-07-21T18:45:25.384+0000] {logging_mixin.py:188} INFO - [2026-07-21T18:45:25.383+0000] {dagbag.py:538} INFO - Filling up the DagBag from /home/airflow/.local/lib/python3.10/site-packages/airflow/example_dags/example_task_group_decorator.py
[2026-07-21T18:45:25.396+0000] {processor.py:840} INFO - DAG(s) 'example_task_group_decorator' retrieved from /home/airflow/.local/lib/python3.10/site-packages/airflow/example_dags/example_task_group_decorator.py
[2026-07-21T18:45:25.418+0000] {logging_mixin.py:188} INFO - [2026-07-21T18:45:25.418+0000] {dag.py:3036} INFO - Sync 1 DAGs
[2026-07-21T18:45:25.436+0000] {logging_mixin.py:188} INFO - [2026-07-21T18:45:25.436+0000] {dag.py:3823} INFO - Setting next_dagrun for example_task_group_decorator to 2026-07-20 00:00:00+00:00, run_after=2026-07-21 00:00:00+00:00
[2026-07-21T18:45:25.454+0000] {processor.py:183} INFO - Processing /home/airflow/.local/lib/python3.10/site-packages/airflow/example_dags/example_task_group_decorator.py took 0.077 seconds
[2026-07-21T18:45:56.006+0000] {processor.py:161} INFO - Started process (PID=1383) to work on /home/airflow/.local/lib/python3.10/site-packages/airflow/example_dags/example_task_group_decorator.py
[2026-07-21T18:45:56.007+0000] {processor.py:830} INFO - Processing file /home/airflow/.local/lib/python3.10/site-packages/airflow/example_dags/example_task_group_decorator.py for tasks to queue
[2026-07-21T18:45:56.009+0000] {logging_mixin.py:188} INFO - [2026-07-21T18:45:56.009+0000] {dagbag.py:538} INFO - Filling up the DagBag from /home/airflow/.local/lib/python3.10/site-packages/airflow/example_dags/example_task_group_decorator.py
[2026-07-21T18:45:56.021+0000] {processor.py:840} INFO - DAG(s) 'example_task_group_decorator' retrieved from /home/airflow/.local/lib/python3.10/site-packages/airflow/example_dags/example_task_group_decorator.py
[2026-07-21T18:45:56.044+0000] {logging_mixin.py:188} INFO - [2026-07-21T18:45:56.043+0000] {dag.py:3036} INFO - Sync 1 DAGs
[2026-07-21T18:45:56.063+0000] {logging_mixin.py:188} INFO - [2026-07-21T18:45:56.063+0000] {dag.py:3823} INFO - Setting next_dagrun for example_task_group_decorator to 2026-07-20 00:00:00+00:00, run_after=2026-07-21 00:00:00+00:00
[2026-07-21T18:45:56.081+0000] {processor.py:183} INFO - Processing /home/airflow/.local/lib/python3.10/site-packages/airflow/example_dags/example_task_group_decorator.py took 0.079 seconds
[2026-07-21T18:46:26.310+0000] {processor.py:161} INFO - Started process (PID=1439) to work on /home/airflow/.local/lib/python3.10/site-packages/airflow/example_dags/example_task_group_decorator.py
[2026-07-21T18:46:26.312+0000] {processor.py:830} INFO - Processing file /home/airflow/.local/lib/python3.10/site-packages/airflow/example_dags/example_task_group_decorator.py for tasks to queue
[2026-07-21T18:46:26.314+0000] {logging_mixin.py:188} INFO - [2026-07-21T18:46:26.313+0000] {dagbag.py:538} INFO - Filling up the DagBag from /home/airflow/.local/lib/python3.10/site-packages/airflow/example_dags/example_task_group_decorator.py
[2026-07-21T18:46:26.328+0000] {processor.py:840} INFO - DAG(s) 'example_task_group_decorator' retrieved from /home/airflow/.local/lib/python3.10/site-packages/airflow/example_dags/example_task_group_decorator.py
[2026-07-21T18:46:26.353+0000] {logging_mixin.py:188} INFO - [2026-07-21T18:46:26.353+0000] {dag.py:3036} INFO - Sync 1 DAGs
[2026-07-21T18:46:26.373+0000] {logging_mixin.py:188} INFO - [2026-07-21T18:46:26.373+0000] {dag.py:3823} INFO - Setting next_dagrun for example_task_group_decorator to 2026-07-20 00:00:00+00:00, run_after=2026-07-21 00:00:00+00:00
[2026-07-21T18:46:26.391+0000] {processor.py:183} INFO - Processing /home/airflow/.local/lib/python3.10/site-packages/airflow/example_dags/example_task_group_decorator.py took 0.085 seconds
[2026-07-21T18:46:56.488+0000] {processor.py:161} INFO - Started process (PID=1495) to work on /home/airflow/.local/lib/python3.10/site-packages/airflow/example_dags/example_task_group_decorator.py
[2026-07-21T18:46:56.490+0000] {processor.py:830} INFO - Processing file /home/airflow/.local/lib/python3.10/site-packages/airflow/example_dags/example_task_group_decorator.py for tasks to queue
[2026-07-21T18:46:56.492+0000] {logging_mixin.py:188} INFO - [2026-07-21T18:46:56.491+0000] {dagbag.py:538} INFO - Filling up the DagBag from /home/airflow/.local/lib/python3.10/site-packages/airflow/example_dags/example_task_group_decorator.py
[2026-07-21T18:46:56.504+0000] {processor.py:840} INFO - DAG(s) 'example_task_group_decorator' retrieved from /home/airflow/.local/lib/python3.10/site-packages/airflow/example_dags/example_task_group_decorator.py
[2026-07-21T18:46:56.527+0000] {logging_mixin.py:188} INFO - [2026-07-21T18:46:56.527+0000] {dag.py:3036} INFO - Sync 1 DAGs
[2026-07-21T18:46:56.544+0000] {logging_mixin.py:188} INFO - [2026-07-21T18:46:56.544+0000] {dag.py:3823} INFO - Setting next_dagrun for example_task_group_decorator to 2026-07-20 00:00:00+00:00, run_after=2026-07-21 00:00:00+00:00
[2026-07-21T18:46:56.562+0000] {processor.py:183} INFO - Processing /home/airflow/.local/lib/python3.10/site-packages/airflow/example_dags/example_task_group_decorator.py took 0.077 seconds
[2026-07-21T18:47:26.892+0000] {processor.py:161} INFO - Started process (PID=1551) to work on /home/airflow/.local/lib/python3.10/site-packages/airflow/example_dags/example_task_group_decorator.py
[2026-07-21T18:47:26.893+0000] {processor.py:830} INFO - Processing file /home/airflow/.local/lib/python3.10/site-packages/airflow/example_dags/example_task_group_decorator.py for tasks to queue
[2026-07-21T18:47:26.895+0000] {logging_mixin.py:188} INFO - [2026-07-21T18:47:26.895+0000] {dagbag.py:538} INFO - Filling up the DagBag from /home/airflow/.local/lib/python3.10/site-packages/airflow/example_dags/example_task_group_decorator.py
[2026-07-21T18:47:26.908+0000] {processor.py:840} INFO - DAG(s) 'example_task_group_decorator' retrieved from /home/airflow/.local/lib/python3.10/site-packages/airflow/example_dags/example_task_group_decorator.py
[2026-07-21T18:47:26.932+0000] {logging_mixin.py:188} INFO - [2026-07-21T18:47:26.931+0000] {dag.py:3036} INFO - Sync 1 DAGs
[2026-07-21T18:47:26.951+0000] {logging_mixin.py:188} INFO - [2026-07-21T18:47:26.950+0000] {dag.py:3823} INFO - Setting next_dagrun for example_task_group_decorator to 2026-07-20 00:00:00+00:00, run_after=2026-07-21 00:00:00+00:00
[2026-07-21T18:47:26.967+0000] {processor.py:183} INFO - Processing /home/airflow/.local/lib/python3.10/site-packages/airflow/example_dags/example_task_group_decorator.py took 0.078 seconds
[2026-07-21T18:47:57.528+0000] {processor.py:161} INFO - Started process (PID=1607) to work on /home/airflow/.local/lib/python3.10/site-packages/airflow/example_dags/example_task_group_decorator.py
[2026-07-21T18:47:57.530+0000] {processor.py:830} INFO - Processing file /home/airflow/.local/lib/python3.10/site-packages/airflow/example_dags/example_task_group_decorator.py for tasks to queue
[2026-07-21T18:47:57.532+0000] {logging_mixin.py:188} INFO - [2026-07-21T18:47:57.532+0000] {dagbag.py:538} INFO - Filling up the DagBag from /home/airflow/.local/lib/python3.10/site-packages/airflow/example_dags/example_task_group_decorator.py
[2026-07-21T18:47:57.544+0000] {processor.py:840} INFO - DAG(s) 'example_task_group_decorator' retrieved from /home/airflow/.local/lib/python3.10/site-packages/airflow/example_dags/example_task_group_decorator.py
[2026-07-21T18:47:57.567+0000] {logging_mixin.py:188} INFO - [2026-07-21T18:47:57.567+0000] {dag.py:3036} INFO - Sync 1 DAGs
[2026-07-21T18:47:57.585+0000] {logging_mixin.py:188} INFO - [2026-07-21T18:47:57.585+0000] {dag.py:3823} INFO - Setting next_dagrun for example_task_group_decorator to 2026-07-20 00:00:00+00:00, run_after=2026-07-21 00:00:00+00:00
[2026-07-21T18:47:57.602+0000] {processor.py:183} INFO - Processing /home/airflow/.local/lib/python3.10/site-packages/airflow/example_dags/example_task_group_decorator.py took 0.077 seconds
