[2026-07-21T17:56:27.063+0000] {processor.py:161} INFO - Started process (PID=82) to work on /home/airflow/.local/lib/python3.8/site-packages/airflow/example_dags/example_local_kubernetes_executor.py
[2026-07-21T17:56:27.078+0000] {processor.py:830} INFO - Processing file /home/airflow/.local/lib/python3.8/site-packages/airflow/example_dags/example_local_kubernetes_executor.py for tasks to queue
[2026-07-21T17:56:27.111+0000] {logging_mixin.py:188} INFO - [2026-07-21T17:56:27.107+0000] {dagbag.py:538} INFO - Filling up the DagBag from /home/airflow/.local/lib/python3.8/site-packages/airflow/example_dags/example_local_kubernetes_executor.py
[2026-07-21T17:56:27.198+0000] {processor.py:840} INFO - DAG(s) 'example_local_kubernetes_executor' retrieved from /home/airflow/.local/lib/python3.8/site-packages/airflow/example_dags/example_local_kubernetes_executor.py
[2026-07-21T17:56:27.624+0000] {logging_mixin.py:188} INFO - [2026-07-21T17:56:27.624+0000] {dag.py:3036} INFO - Sync 1 DAGs
[2026-07-21T17:56:27.671+0000] {logging_mixin.py:188} INFO - [2026-07-21T17:56:27.670+0000] {dag.py:3823} INFO - Setting next_dagrun for example_local_kubernetes_executor to None, run_after=None
[2026-07-21T17:56:27.748+0000] {processor.py:183} INFO - Processing /home/airflow/.local/lib/python3.8/site-packages/airflow/example_dags/example_local_kubernetes_executor.py took 0.757 seconds
[2026-07-21T17:56:57.980+0000] {processor.py:161} INFO - Started process (PID=138) to work on /home/airflow/.local/lib/python3.8/site-packages/airflow/example_dags/example_local_kubernetes_executor.py
[2026-07-21T17:56:57.981+0000] {processor.py:830} INFO - Processing file /home/airflow/.local/lib/python3.8/site-packages/airflow/example_dags/example_local_kubernetes_executor.py for tasks to queue
[2026-07-21T17:56:57.983+0000] {logging_mixin.py:188} INFO - [2026-07-21T17:56:57.983+0000] {dagbag.py:538} INFO - Filling up the DagBag from /home/airflow/.local/lib/python3.8/site-packages/airflow/example_dags/example_local_kubernetes_executor.py
[2026-07-21T17:56:57.991+0000] {processor.py:840} INFO - DAG(s) 'example_local_kubernetes_executor' retrieved from /home/airflow/.local/lib/python3.8/site-packages/airflow/example_dags/example_local_kubernetes_executor.py
[2026-07-21T17:56:58.024+0000] {logging_mixin.py:188} INFO - [2026-07-21T17:56:58.023+0000] {dag.py:3036} INFO - Sync 1 DAGs
[2026-07-21T17:56:58.035+0000] {logging_mixin.py:188} INFO - [2026-07-21T17:56:58.034+0000] {dag.py:3823} INFO - Setting next_dagrun for example_local_kubernetes_executor to None, run_after=None
[2026-07-21T17:56:58.053+0000] {processor.py:183} INFO - Processing /home/airflow/.local/lib/python3.8/site-packages/airflow/example_dags/example_local_kubernetes_executor.py took 0.076 seconds
[2026-07-21T17:57:28.876+0000] {processor.py:161} INFO - Started process (PID=194) to work on /home/airflow/.local/lib/python3.8/site-packages/airflow/example_dags/example_local_kubernetes_executor.py
[2026-07-21T17:57:28.877+0000] {processor.py:830} INFO - Processing file /home/airflow/.local/lib/python3.8/site-packages/airflow/example_dags/example_local_kubernetes_executor.py for tasks to queue
[2026-07-21T17:57:28.879+0000] {logging_mixin.py:188} INFO - [2026-07-21T17:57:28.879+0000] {dagbag.py:538} INFO - Filling up the DagBag from /home/airflow/.local/lib/python3.8/site-packages/airflow/example_dags/example_local_kubernetes_executor.py
[2026-07-21T17:57:28.887+0000] {processor.py:840} INFO - DAG(s) 'example_local_kubernetes_executor' retrieved from /home/airflow/.local/lib/python3.8/site-packages/airflow/example_dags/example_local_kubernetes_executor.py
[2026-07-21T17:57:28.919+0000] {logging_mixin.py:188} INFO - [2026-07-21T17:57:28.919+0000] {dag.py:3036} INFO - Sync 1 DAGs
[2026-07-21T17:57:28.930+0000] {logging_mixin.py:188} INFO - [2026-07-21T17:57:28.929+0000] {dag.py:3823} INFO - Setting next_dagrun for example_local_kubernetes_executor to None, run_after=None
[2026-07-21T17:57:28.947+0000] {processor.py:183} INFO - Processing /home/airflow/.local/lib/python3.8/site-packages/airflow/example_dags/example_local_kubernetes_executor.py took 0.074 seconds
[2026-07-21T17:57:59.109+0000] {processor.py:161} INFO - Started process (PID=250) to work on /home/airflow/.local/lib/python3.8/site-packages/airflow/example_dags/example_local_kubernetes_executor.py
[2026-07-21T17:57:59.111+0000] {processor.py:830} INFO - Processing file /home/airflow/.local/lib/python3.8/site-packages/airflow/example_dags/example_local_kubernetes_executor.py for tasks to queue
[2026-07-21T17:57:59.114+0000] {logging_mixin.py:188} INFO - [2026-07-21T17:57:59.113+0000] {dagbag.py:538} INFO - Filling up the DagBag from /home/airflow/.local/lib/python3.8/site-packages/airflow/example_dags/example_local_kubernetes_executor.py
[2026-07-21T17:57:59.126+0000] {processor.py:840} INFO - DAG(s) 'example_local_kubernetes_executor' retrieved from /home/airflow/.local/lib/python3.8/site-packages/airflow/example_dags/example_local_kubernetes_executor.py
[2026-07-21T17:57:59.170+0000] {logging_mixin.py:188} INFO - [2026-07-21T17:57:59.170+0000] {dag.py:3036} INFO - Sync 1 DAGs
[2026-07-21T17:57:59.186+0000] {logging_mixin.py:188} INFO - [2026-07-21T17:57:59.185+0000] {dag.py:3823} INFO - Setting next_dagrun for example_local_kubernetes_executor to None, run_after=None
[2026-07-21T17:57:59.204+0000] {processor.py:183} INFO - Processing /home/airflow/.local/lib/python3.8/site-packages/airflow/example_dags/example_local_kubernetes_executor.py took 0.101 seconds
[2026-07-21T17:58:29.338+0000] {processor.py:161} INFO - Started process (PID=306) to work on /home/airflow/.local/lib/python3.8/site-packages/airflow/example_dags/example_local_kubernetes_executor.py
[2026-07-21T17:58:29.339+0000] {processor.py:830} INFO - Processing file /home/airflow/.local/lib/python3.8/site-packages/airflow/example_dags/example_local_kubernetes_executor.py for tasks to queue
[2026-07-21T17:58:29.341+0000] {logging_mixin.py:188} INFO - [2026-07-21T17:58:29.340+0000] {dagbag.py:538} INFO - Filling up the DagBag from /home/airflow/.local/lib/python3.8/site-packages/airflow/example_dags/example_local_kubernetes_executor.py
[2026-07-21T17:58:29.348+0000] {processor.py:840} INFO - DAG(s) 'example_local_kubernetes_executor' retrieved from /home/airflow/.local/lib/python3.8/site-packages/airflow/example_dags/example_local_kubernetes_executor.py
[2026-07-21T17:58:29.387+0000] {logging_mixin.py:188} INFO - [2026-07-21T17:58:29.386+0000] {dag.py:3036} INFO - Sync 1 DAGs
[2026-07-21T17:58:29.402+0000] {logging_mixin.py:188} INFO - [2026-07-21T17:58:29.402+0000] {dag.py:3823} INFO - Setting next_dagrun for example_local_kubernetes_executor to None, run_after=None
[2026-07-21T17:58:29.422+0000] {processor.py:183} INFO - Processing /home/airflow/.local/lib/python3.8/site-packages/airflow/example_dags/example_local_kubernetes_executor.py took 0.087 seconds
[2026-07-21T17:58:59.772+0000] {processor.py:161} INFO - Started process (PID=362) to work on /home/airflow/.local/lib/python3.8/site-packages/airflow/example_dags/example_local_kubernetes_executor.py
[2026-07-21T17:58:59.773+0000] {processor.py:830} INFO - Processing file /home/airflow/.local/lib/python3.8/site-packages/airflow/example_dags/example_local_kubernetes_executor.py for tasks to queue
[2026-07-21T17:58:59.774+0000] {logging_mixin.py:188} INFO - [2026-07-21T17:58:59.774+0000] {dagbag.py:538} INFO - Filling up the DagBag from /home/airflow/.local/lib/python3.8/site-packages/airflow/example_dags/example_local_kubernetes_executor.py
[2026-07-21T17:58:59.782+0000] {processor.py:840} INFO - DAG(s) 'example_local_kubernetes_executor' retrieved from /home/airflow/.local/lib/python3.8/site-packages/airflow/example_dags/example_local_kubernetes_executor.py
[2026-07-21T17:58:59.815+0000] {logging_mixin.py:188} INFO - [2026-07-21T17:58:59.815+0000] {dag.py:3036} INFO - Sync 1 DAGs
[2026-07-21T17:58:59.827+0000] {logging_mixin.py:188} INFO - [2026-07-21T17:58:59.827+0000] {dag.py:3823} INFO - Setting next_dagrun for example_local_kubernetes_executor to None, run_after=None
[2026-07-21T17:58:59.845+0000] {processor.py:183} INFO - Processing /home/airflow/.local/lib/python3.8/site-packages/airflow/example_dags/example_local_kubernetes_executor.py took 0.077 seconds
[2026-07-21T17:59:29.978+0000] {processor.py:161} INFO - Started process (PID=418) to work on /home/airflow/.local/lib/python3.8/site-packages/airflow/example_dags/example_local_kubernetes_executor.py
[2026-07-21T17:59:29.979+0000] {processor.py:830} INFO - Processing file /home/airflow/.local/lib/python3.8/site-packages/airflow/example_dags/example_local_kubernetes_executor.py for tasks to queue
[2026-07-21T17:59:29.981+0000] {logging_mixin.py:188} INFO - [2026-07-21T17:59:29.981+0000] {dagbag.py:538} INFO - Filling up the DagBag from /home/airflow/.local/lib/python3.8/site-packages/airflow/example_dags/example_local_kubernetes_executor.py
[2026-07-21T17:59:29.989+0000] {processor.py:840} INFO - DAG(s) 'example_local_kubernetes_executor' retrieved from /home/airflow/.local/lib/python3.8/site-packages/airflow/example_dags/example_local_kubernetes_executor.py
[2026-07-21T17:59:30.024+0000] {logging_mixin.py:188} INFO - [2026-07-21T17:59:30.024+0000] {dag.py:3036} INFO - Sync 1 DAGs
[2026-07-21T17:59:30.035+0000] {logging_mixin.py:188} INFO - [2026-07-21T17:59:30.034+0000] {dag.py:3823} INFO - Setting next_dagrun for example_local_kubernetes_executor to None, run_after=None
[2026-07-21T17:59:30.055+0000] {processor.py:183} INFO - Processing /home/airflow/.local/lib/python3.8/site-packages/airflow/example_dags/example_local_kubernetes_executor.py took 0.080 seconds
[2026-07-21T18:00:00.294+0000] {processor.py:161} INFO - Started process (PID=474) to work on /home/airflow/.local/lib/python3.8/site-packages/airflow/example_dags/example_local_kubernetes_executor.py
[2026-07-21T18:00:00.295+0000] {processor.py:830} INFO - Processing file /home/airflow/.local/lib/python3.8/site-packages/airflow/example_dags/example_local_kubernetes_executor.py for tasks to queue
[2026-07-21T18:00:00.297+0000] {logging_mixin.py:188} INFO - [2026-07-21T18:00:00.297+0000] {dagbag.py:538} INFO - Filling up the DagBag from /home/airflow/.local/lib/python3.8/site-packages/airflow/example_dags/example_local_kubernetes_executor.py
[2026-07-21T18:00:00.304+0000] {processor.py:840} INFO - DAG(s) 'example_local_kubernetes_executor' retrieved from /home/airflow/.local/lib/python3.8/site-packages/airflow/example_dags/example_local_kubernetes_executor.py
[2026-07-21T18:00:00.342+0000] {logging_mixin.py:188} INFO - [2026-07-21T18:00:00.341+0000] {dag.py:3036} INFO - Sync 1 DAGs
[2026-07-21T18:00:00.356+0000] {logging_mixin.py:188} INFO - [2026-07-21T18:00:00.356+0000] {dag.py:3823} INFO - Setting next_dagrun for example_local_kubernetes_executor to None, run_after=None
[2026-07-21T18:00:00.383+0000] {processor.py:183} INFO - Processing /home/airflow/.local/lib/python3.8/site-packages/airflow/example_dags/example_local_kubernetes_executor.py took 0.092 seconds
[2026-07-21T18:00:30.673+0000] {processor.py:161} INFO - Started process (PID=530) to work on /home/airflow/.local/lib/python3.8/site-packages/airflow/example_dags/example_local_kubernetes_executor.py
[2026-07-21T18:00:30.675+0000] {processor.py:830} INFO - Processing file /home/airflow/.local/lib/python3.8/site-packages/airflow/example_dags/example_local_kubernetes_executor.py for tasks to queue
[2026-07-21T18:00:30.678+0000] {logging_mixin.py:188} INFO - [2026-07-21T18:00:30.678+0000] {dagbag.py:538} INFO - Filling up the DagBag from /home/airflow/.local/lib/python3.8/site-packages/airflow/example_dags/example_local_kubernetes_executor.py
[2026-07-21T18:00:30.691+0000] {processor.py:840} INFO - DAG(s) 'example_local_kubernetes_executor' retrieved from /home/airflow/.local/lib/python3.8/site-packages/airflow/example_dags/example_local_kubernetes_executor.py
[2026-07-21T18:00:30.756+0000] {logging_mixin.py:188} INFO - [2026-07-21T18:00:30.756+0000] {dag.py:3036} INFO - Sync 1 DAGs
[2026-07-21T18:00:30.777+0000] {logging_mixin.py:188} INFO - [2026-07-21T18:00:30.777+0000] {dag.py:3823} INFO - Setting next_dagrun for example_local_kubernetes_executor to None, run_after=None
[2026-07-21T18:00:30.801+0000] {processor.py:183} INFO - Processing /home/airflow/.local/lib/python3.8/site-packages/airflow/example_dags/example_local_kubernetes_executor.py took 0.135 seconds
[2026-07-21T18:01:00.949+0000] {processor.py:161} INFO - Started process (PID=587) to work on /home/airflow/.local/lib/python3.8/site-packages/airflow/example_dags/example_local_kubernetes_executor.py
[2026-07-21T18:01:00.951+0000] {processor.py:830} INFO - Processing file /home/airflow/.local/lib/python3.8/site-packages/airflow/example_dags/example_local_kubernetes_executor.py for tasks to queue
[2026-07-21T18:01:00.953+0000] {logging_mixin.py:188} INFO - [2026-07-21T18:01:00.953+0000] {dagbag.py:538} INFO - Filling up the DagBag from /home/airflow/.local/lib/python3.8/site-packages/airflow/example_dags/example_local_kubernetes_executor.py
[2026-07-21T18:01:00.963+0000] {processor.py:840} INFO - DAG(s) 'example_local_kubernetes_executor' retrieved from /home/airflow/.local/lib/python3.8/site-packages/airflow/example_dags/example_local_kubernetes_executor.py
[2026-07-21T18:01:01.003+0000] {logging_mixin.py:188} INFO - [2026-07-21T18:01:01.003+0000] {dag.py:3036} INFO - Sync 1 DAGs
[2026-07-21T18:01:01.017+0000] {logging_mixin.py:188} INFO - [2026-07-21T18:01:01.016+0000] {dag.py:3823} INFO - Setting next_dagrun for example_local_kubernetes_executor to None, run_after=None
[2026-07-21T18:01:01.038+0000] {processor.py:183} INFO - Processing /home/airflow/.local/lib/python3.8/site-packages/airflow/example_dags/example_local_kubernetes_executor.py took 0.093 seconds
[2026-07-21T18:01:31.233+0000] {processor.py:161} INFO - Started process (PID=643) to work on /home/airflow/.local/lib/python3.8/site-packages/airflow/example_dags/example_local_kubernetes_executor.py
[2026-07-21T18:01:31.234+0000] {processor.py:830} INFO - Processing file /home/airflow/.local/lib/python3.8/site-packages/airflow/example_dags/example_local_kubernetes_executor.py for tasks to queue
[2026-07-21T18:01:31.237+0000] {logging_mixin.py:188} INFO - [2026-07-21T18:01:31.236+0000] {dagbag.py:538} INFO - Filling up the DagBag from /home/airflow/.local/lib/python3.8/site-packages/airflow/example_dags/example_local_kubernetes_executor.py
[2026-07-21T18:01:31.246+0000] {processor.py:840} INFO - DAG(s) 'example_local_kubernetes_executor' retrieved from /home/airflow/.local/lib/python3.8/site-packages/airflow/example_dags/example_local_kubernetes_executor.py
[2026-07-21T18:01:31.283+0000] {logging_mixin.py:188} INFO - [2026-07-21T18:01:31.283+0000] {dag.py:3036} INFO - Sync 1 DAGs
[2026-07-21T18:01:31.297+0000] {logging_mixin.py:188} INFO - [2026-07-21T18:01:31.297+0000] {dag.py:3823} INFO - Setting next_dagrun for example_local_kubernetes_executor to None, run_after=None
[2026-07-21T18:01:31.320+0000] {processor.py:183} INFO - Processing /home/airflow/.local/lib/python3.8/site-packages/airflow/example_dags/example_local_kubernetes_executor.py took 0.091 seconds
[2026-07-21T18:02:01.491+0000] {processor.py:161} INFO - Started process (PID=699) to work on /home/airflow/.local/lib/python3.8/site-packages/airflow/example_dags/example_local_kubernetes_executor.py
[2026-07-21T18:02:01.493+0000] {processor.py:830} INFO - Processing file /home/airflow/.local/lib/python3.8/site-packages/airflow/example_dags/example_local_kubernetes_executor.py for tasks to queue
[2026-07-21T18:02:01.495+0000] {logging_mixin.py:188} INFO - [2026-07-21T18:02:01.494+0000] {dagbag.py:538} INFO - Filling up the DagBag from /home/airflow/.local/lib/python3.8/site-packages/airflow/example_dags/example_local_kubernetes_executor.py
[2026-07-21T18:02:01.503+0000] {processor.py:840} INFO - DAG(s) 'example_local_kubernetes_executor' retrieved from /home/airflow/.local/lib/python3.8/site-packages/airflow/example_dags/example_local_kubernetes_executor.py
[2026-07-21T18:02:01.537+0000] {logging_mixin.py:188} INFO - [2026-07-21T18:02:01.537+0000] {dag.py:3036} INFO - Sync 1 DAGs
[2026-07-21T18:02:01.551+0000] {logging_mixin.py:188} INFO - [2026-07-21T18:02:01.551+0000] {dag.py:3823} INFO - Setting next_dagrun for example_local_kubernetes_executor to None, run_after=None
[2026-07-21T18:02:01.573+0000] {processor.py:183} INFO - Processing /home/airflow/.local/lib/python3.8/site-packages/airflow/example_dags/example_local_kubernetes_executor.py took 0.085 seconds
[2026-07-21T18:02:32.110+0000] {processor.py:161} INFO - Started process (PID=755) to work on /home/airflow/.local/lib/python3.8/site-packages/airflow/example_dags/example_local_kubernetes_executor.py
[2026-07-21T18:02:32.111+0000] {processor.py:830} INFO - Processing file /home/airflow/.local/lib/python3.8/site-packages/airflow/example_dags/example_local_kubernetes_executor.py for tasks to queue
[2026-07-21T18:02:32.113+0000] {logging_mixin.py:188} INFO - [2026-07-21T18:02:32.113+0000] {dagbag.py:538} INFO - Filling up the DagBag from /home/airflow/.local/lib/python3.8/site-packages/airflow/example_dags/example_local_kubernetes_executor.py
[2026-07-21T18:02:32.121+0000] {processor.py:840} INFO - DAG(s) 'example_local_kubernetes_executor' retrieved from /home/airflow/.local/lib/python3.8/site-packages/airflow/example_dags/example_local_kubernetes_executor.py
[2026-07-21T18:02:32.155+0000] {logging_mixin.py:188} INFO - [2026-07-21T18:02:32.155+0000] {dag.py:3036} INFO - Sync 1 DAGs
[2026-07-21T18:02:32.167+0000] {logging_mixin.py:188} INFO - [2026-07-21T18:02:32.166+0000] {dag.py:3823} INFO - Setting next_dagrun for example_local_kubernetes_executor to None, run_after=None
[2026-07-21T18:02:32.186+0000] {processor.py:183} INFO - Processing /home/airflow/.local/lib/python3.8/site-packages/airflow/example_dags/example_local_kubernetes_executor.py took 0.079 seconds
[2026-07-21T18:03:02.450+0000] {processor.py:161} INFO - Started process (PID=811) to work on /home/airflow/.local/lib/python3.8/site-packages/airflow/example_dags/example_local_kubernetes_executor.py
[2026-07-21T18:03:02.451+0000] {processor.py:830} INFO - Processing file /home/airflow/.local/lib/python3.8/site-packages/airflow/example_dags/example_local_kubernetes_executor.py for tasks to queue
[2026-07-21T18:03:02.453+0000] {logging_mixin.py:188} INFO - [2026-07-21T18:03:02.452+0000] {dagbag.py:538} INFO - Filling up the DagBag from /home/airflow/.local/lib/python3.8/site-packages/airflow/example_dags/example_local_kubernetes_executor.py
[2026-07-21T18:03:02.462+0000] {processor.py:840} INFO - DAG(s) 'example_local_kubernetes_executor' retrieved from /home/airflow/.local/lib/python3.8/site-packages/airflow/example_dags/example_local_kubernetes_executor.py
[2026-07-21T18:03:02.499+0000] {logging_mixin.py:188} INFO - [2026-07-21T18:03:02.499+0000] {dag.py:3036} INFO - Sync 1 DAGs
[2026-07-21T18:03:02.511+0000] {logging_mixin.py:188} INFO - [2026-07-21T18:03:02.511+0000] {dag.py:3823} INFO - Setting next_dagrun for example_local_kubernetes_executor to None, run_after=None
[2026-07-21T18:03:02.534+0000] {processor.py:183} INFO - Processing /home/airflow/.local/lib/python3.8/site-packages/airflow/example_dags/example_local_kubernetes_executor.py took 0.088 seconds
[2026-07-21T18:03:32.740+0000] {processor.py:161} INFO - Started process (PID=867) to work on /home/airflow/.local/lib/python3.8/site-packages/airflow/example_dags/example_local_kubernetes_executor.py
[2026-07-21T18:03:32.742+0000] {processor.py:830} INFO - Processing file /home/airflow/.local/lib/python3.8/site-packages/airflow/example_dags/example_local_kubernetes_executor.py for tasks to queue
[2026-07-21T18:03:32.745+0000] {logging_mixin.py:188} INFO - [2026-07-21T18:03:32.745+0000] {dagbag.py:538} INFO - Filling up the DagBag from /home/airflow/.local/lib/python3.8/site-packages/airflow/example_dags/example_local_kubernetes_executor.py
[2026-07-21T18:03:32.758+0000] {processor.py:840} INFO - DAG(s) 'example_local_kubernetes_executor' retrieved from /home/airflow/.local/lib/python3.8/site-packages/airflow/example_dags/example_local_kubernetes_executor.py
[2026-07-21T18:03:32.801+0000] {logging_mixin.py:188} INFO - [2026-07-21T18:03:32.801+0000] {dag.py:3036} INFO - Sync 1 DAGs
[2026-07-21T18:03:32.813+0000] {logging_mixin.py:188} INFO - [2026-07-21T18:03:32.813+0000] {dag.py:3823} INFO - Setting next_dagrun for example_local_kubernetes_executor to None, run_after=None
[2026-07-21T18:03:32.833+0000] {processor.py:183} INFO - Processing /home/airflow/.local/lib/python3.8/site-packages/airflow/example_dags/example_local_kubernetes_executor.py took 0.098 seconds
[2026-07-21T18:04:03.055+0000] {processor.py:161} INFO - Started process (PID=923) to work on /home/airflow/.local/lib/python3.8/site-packages/airflow/example_dags/example_local_kubernetes_executor.py
[2026-07-21T18:04:03.056+0000] {processor.py:830} INFO - Processing file /home/airflow/.local/lib/python3.8/site-packages/airflow/example_dags/example_local_kubernetes_executor.py for tasks to queue
[2026-07-21T18:04:03.059+0000] {logging_mixin.py:188} INFO - [2026-07-21T18:04:03.058+0000] {dagbag.py:538} INFO - Filling up the DagBag from /home/airflow/.local/lib/python3.8/site-packages/airflow/example_dags/example_local_kubernetes_executor.py
[2026-07-21T18:04:03.069+0000] {processor.py:840} INFO - DAG(s) 'example_local_kubernetes_executor' retrieved from /home/airflow/.local/lib/python3.8/site-packages/airflow/example_dags/example_local_kubernetes_executor.py
[2026-07-21T18:04:03.107+0000] {logging_mixin.py:188} INFO - [2026-07-21T18:04:03.107+0000] {dag.py:3036} INFO - Sync 1 DAGs
[2026-07-21T18:04:03.120+0000] {logging_mixin.py:188} INFO - [2026-07-21T18:04:03.119+0000] {dag.py:3823} INFO - Setting next_dagrun for example_local_kubernetes_executor to None, run_after=None
[2026-07-21T18:04:03.142+0000] {processor.py:183} INFO - Processing /home/airflow/.local/lib/python3.8/site-packages/airflow/example_dags/example_local_kubernetes_executor.py took 0.092 seconds
[2026-07-21T18:04:33.460+0000] {processor.py:161} INFO - Started process (PID=979) to work on /home/airflow/.local/lib/python3.8/site-packages/airflow/example_dags/example_local_kubernetes_executor.py
[2026-07-21T18:04:33.461+0000] {processor.py:830} INFO - Processing file /home/airflow/.local/lib/python3.8/site-packages/airflow/example_dags/example_local_kubernetes_executor.py for tasks to queue
[2026-07-21T18:04:33.463+0000] {logging_mixin.py:188} INFO - [2026-07-21T18:04:33.463+0000] {dagbag.py:538} INFO - Filling up the DagBag from /home/airflow/.local/lib/python3.8/site-packages/airflow/example_dags/example_local_kubernetes_executor.py
[2026-07-21T18:04:33.471+0000] {processor.py:840} INFO - DAG(s) 'example_local_kubernetes_executor' retrieved from /home/airflow/.local/lib/python3.8/site-packages/airflow/example_dags/example_local_kubernetes_executor.py
[2026-07-21T18:04:33.504+0000] {logging_mixin.py:188} INFO - [2026-07-21T18:04:33.504+0000] {dag.py:3036} INFO - Sync 1 DAGs
[2026-07-21T18:04:33.516+0000] {logging_mixin.py:188} INFO - [2026-07-21T18:04:33.516+0000] {dag.py:3823} INFO - Setting next_dagrun for example_local_kubernetes_executor to None, run_after=None
[2026-07-21T18:04:33.537+0000] {processor.py:183} INFO - Processing /home/airflow/.local/lib/python3.8/site-packages/airflow/example_dags/example_local_kubernetes_executor.py took 0.081 seconds
[2026-07-21T18:05:03.870+0000] {processor.py:161} INFO - Started process (PID=1035) to work on /home/airflow/.local/lib/python3.8/site-packages/airflow/example_dags/example_local_kubernetes_executor.py
[2026-07-21T18:05:03.871+0000] {processor.py:830} INFO - Processing file /home/airflow/.local/lib/python3.8/site-packages/airflow/example_dags/example_local_kubernetes_executor.py for tasks to queue
[2026-07-21T18:05:03.873+0000] {logging_mixin.py:188} INFO - [2026-07-21T18:05:03.873+0000] {dagbag.py:538} INFO - Filling up the DagBag from /home/airflow/.local/lib/python3.8/site-packages/airflow/example_dags/example_local_kubernetes_executor.py
[2026-07-21T18:05:03.881+0000] {processor.py:840} INFO - DAG(s) 'example_local_kubernetes_executor' retrieved from /home/airflow/.local/lib/python3.8/site-packages/airflow/example_dags/example_local_kubernetes_executor.py
[2026-07-21T18:05:03.914+0000] {logging_mixin.py:188} INFO - [2026-07-21T18:05:03.914+0000] {dag.py:3036} INFO - Sync 1 DAGs
[2026-07-21T18:05:03.926+0000] {logging_mixin.py:188} INFO - [2026-07-21T18:05:03.926+0000] {dag.py:3823} INFO - Setting next_dagrun for example_local_kubernetes_executor to None, run_after=None
[2026-07-21T18:05:03.944+0000] {processor.py:183} INFO - Processing /home/airflow/.local/lib/python3.8/site-packages/airflow/example_dags/example_local_kubernetes_executor.py took 0.077 seconds
[2026-07-21T18:05:34.486+0000] {processor.py:161} INFO - Started process (PID=1091) to work on /home/airflow/.local/lib/python3.8/site-packages/airflow/example_dags/example_local_kubernetes_executor.py
[2026-07-21T18:05:34.488+0000] {processor.py:830} INFO - Processing file /home/airflow/.local/lib/python3.8/site-packages/airflow/example_dags/example_local_kubernetes_executor.py for tasks to queue
[2026-07-21T18:05:34.491+0000] {logging_mixin.py:188} INFO - [2026-07-21T18:05:34.490+0000] {dagbag.py:538} INFO - Filling up the DagBag from /home/airflow/.local/lib/python3.8/site-packages/airflow/example_dags/example_local_kubernetes_executor.py
[2026-07-21T18:05:34.500+0000] {processor.py:840} INFO - DAG(s) 'example_local_kubernetes_executor' retrieved from /home/airflow/.local/lib/python3.8/site-packages/airflow/example_dags/example_local_kubernetes_executor.py
[2026-07-21T18:05:34.541+0000] {logging_mixin.py:188} INFO - [2026-07-21T18:05:34.540+0000] {dag.py:3036} INFO - Sync 1 DAGs
[2026-07-21T18:05:34.555+0000] {logging_mixin.py:188} INFO - [2026-07-21T18:05:34.554+0000] {dag.py:3823} INFO - Setting next_dagrun for example_local_kubernetes_executor to None, run_after=None
[2026-07-21T18:05:34.577+0000] {processor.py:183} INFO - Processing /home/airflow/.local/lib/python3.8/site-packages/airflow/example_dags/example_local_kubernetes_executor.py took 0.097 seconds
[2026-07-21T18:06:04.864+0000] {processor.py:161} INFO - Started process (PID=1147) to work on /home/airflow/.local/lib/python3.8/site-packages/airflow/example_dags/example_local_kubernetes_executor.py
[2026-07-21T18:06:04.866+0000] {processor.py:830} INFO - Processing file /home/airflow/.local/lib/python3.8/site-packages/airflow/example_dags/example_local_kubernetes_executor.py for tasks to queue
[2026-07-21T18:06:04.868+0000] {logging_mixin.py:188} INFO - [2026-07-21T18:06:04.867+0000] {dagbag.py:538} INFO - Filling up the DagBag from /home/airflow/.local/lib/python3.8/site-packages/airflow/example_dags/example_local_kubernetes_executor.py
[2026-07-21T18:06:04.875+0000] {processor.py:840} INFO - DAG(s) 'example_local_kubernetes_executor' retrieved from /home/airflow/.local/lib/python3.8/site-packages/airflow/example_dags/example_local_kubernetes_executor.py
[2026-07-21T18:06:04.908+0000] {logging_mixin.py:188} INFO - [2026-07-21T18:06:04.908+0000] {dag.py:3036} INFO - Sync 1 DAGs
[2026-07-21T18:06:04.919+0000] {logging_mixin.py:188} INFO - [2026-07-21T18:06:04.919+0000] {dag.py:3823} INFO - Setting next_dagrun for example_local_kubernetes_executor to None, run_after=None
[2026-07-21T18:06:04.939+0000] {processor.py:183} INFO - Processing /home/airflow/.local/lib/python3.8/site-packages/airflow/example_dags/example_local_kubernetes_executor.py took 0.078 seconds
[2026-07-21T18:06:35.472+0000] {processor.py:161} INFO - Started process (PID=1203) to work on /home/airflow/.local/lib/python3.8/site-packages/airflow/example_dags/example_local_kubernetes_executor.py
[2026-07-21T18:06:35.474+0000] {processor.py:830} INFO - Processing file /home/airflow/.local/lib/python3.8/site-packages/airflow/example_dags/example_local_kubernetes_executor.py for tasks to queue
[2026-07-21T18:06:35.476+0000] {logging_mixin.py:188} INFO - [2026-07-21T18:06:35.476+0000] {dagbag.py:538} INFO - Filling up the DagBag from /home/airflow/.local/lib/python3.8/site-packages/airflow/example_dags/example_local_kubernetes_executor.py
[2026-07-21T18:06:35.484+0000] {processor.py:840} INFO - DAG(s) 'example_local_kubernetes_executor' retrieved from /home/airflow/.local/lib/python3.8/site-packages/airflow/example_dags/example_local_kubernetes_executor.py
[2026-07-21T18:06:35.517+0000] {logging_mixin.py:188} INFO - [2026-07-21T18:06:35.517+0000] {dag.py:3036} INFO - Sync 1 DAGs
[2026-07-21T18:06:35.530+0000] {logging_mixin.py:188} INFO - [2026-07-21T18:06:35.530+0000] {dag.py:3823} INFO - Setting next_dagrun for example_local_kubernetes_executor to None, run_after=None
[2026-07-21T18:06:35.552+0000] {processor.py:183} INFO - Processing /home/airflow/.local/lib/python3.8/site-packages/airflow/example_dags/example_local_kubernetes_executor.py took 0.083 seconds
[2026-07-21T18:07:05.741+0000] {processor.py:161} INFO - Started process (PID=1259) to work on /home/airflow/.local/lib/python3.8/site-packages/airflow/example_dags/example_local_kubernetes_executor.py
[2026-07-21T18:07:05.742+0000] {processor.py:830} INFO - Processing file /home/airflow/.local/lib/python3.8/site-packages/airflow/example_dags/example_local_kubernetes_executor.py for tasks to queue
[2026-07-21T18:07:05.744+0000] {logging_mixin.py:188} INFO - [2026-07-21T18:07:05.744+0000] {dagbag.py:538} INFO - Filling up the DagBag from /home/airflow/.local/lib/python3.8/site-packages/airflow/example_dags/example_local_kubernetes_executor.py
[2026-07-21T18:07:05.753+0000] {processor.py:840} INFO - DAG(s) 'example_local_kubernetes_executor' retrieved from /home/airflow/.local/lib/python3.8/site-packages/airflow/example_dags/example_local_kubernetes_executor.py
[2026-07-21T18:07:05.788+0000] {logging_mixin.py:188} INFO - [2026-07-21T18:07:05.788+0000] {dag.py:3036} INFO - Sync 1 DAGs
[2026-07-21T18:07:05.799+0000] {logging_mixin.py:188} INFO - [2026-07-21T18:07:05.799+0000] {dag.py:3823} INFO - Setting next_dagrun for example_local_kubernetes_executor to None, run_after=None
[2026-07-21T18:07:05.818+0000] {processor.py:183} INFO - Processing /home/airflow/.local/lib/python3.8/site-packages/airflow/example_dags/example_local_kubernetes_executor.py took 0.081 seconds
[2026-07-21T18:07:36.178+0000] {processor.py:161} INFO - Started process (PID=1315) to work on /home/airflow/.local/lib/python3.8/site-packages/airflow/example_dags/example_local_kubernetes_executor.py
[2026-07-21T18:07:36.179+0000] {processor.py:830} INFO - Processing file /home/airflow/.local/lib/python3.8/site-packages/airflow/example_dags/example_local_kubernetes_executor.py for tasks to queue
[2026-07-21T18:07:36.181+0000] {logging_mixin.py:188} INFO - [2026-07-21T18:07:36.181+0000] {dagbag.py:538} INFO - Filling up the DagBag from /home/airflow/.local/lib/python3.8/site-packages/airflow/example_dags/example_local_kubernetes_executor.py
[2026-07-21T18:07:36.189+0000] {processor.py:840} INFO - DAG(s) 'example_local_kubernetes_executor' retrieved from /home/airflow/.local/lib/python3.8/site-packages/airflow/example_dags/example_local_kubernetes_executor.py
[2026-07-21T18:07:36.225+0000] {logging_mixin.py:188} INFO - [2026-07-21T18:07:36.224+0000] {dag.py:3036} INFO - Sync 1 DAGs
[2026-07-21T18:07:36.235+0000] {logging_mixin.py:188} INFO - [2026-07-21T18:07:36.235+0000] {dag.py:3823} INFO - Setting next_dagrun for example_local_kubernetes_executor to None, run_after=None
[2026-07-21T18:07:36.259+0000] {processor.py:183} INFO - Processing /home/airflow/.local/lib/python3.8/site-packages/airflow/example_dags/example_local_kubernetes_executor.py took 0.084 seconds
[2026-07-21T18:09:12.874+0000] {processor.py:161} INFO - Started process (PID=116) to work on /home/airflow/.local/lib/python3.8/site-packages/airflow/example_dags/example_local_kubernetes_executor.py
[2026-07-21T18:09:12.876+0000] {processor.py:830} INFO - Processing file /home/airflow/.local/lib/python3.8/site-packages/airflow/example_dags/example_local_kubernetes_executor.py for tasks to queue
[2026-07-21T18:09:12.879+0000] {logging_mixin.py:188} INFO - [2026-07-21T18:09:12.878+0000] {dagbag.py:538} INFO - Filling up the DagBag from /home/airflow/.local/lib/python3.8/site-packages/airflow/example_dags/example_local_kubernetes_executor.py
[2026-07-21T18:09:12.900+0000] {processor.py:840} INFO - DAG(s) 'example_local_kubernetes_executor' retrieved from /home/airflow/.local/lib/python3.8/site-packages/airflow/example_dags/example_local_kubernetes_executor.py
[2026-07-21T18:09:12.923+0000] {logging_mixin.py:188} INFO - [2026-07-21T18:09:12.923+0000] {dag.py:3036} INFO - Sync 1 DAGs
[2026-07-21T18:09:12.949+0000] {logging_mixin.py:188} INFO - [2026-07-21T18:09:12.948+0000] {dag.py:3823} INFO - Setting next_dagrun for example_local_kubernetes_executor to None, run_after=None
[2026-07-21T18:09:12.977+0000] {processor.py:183} INFO - Processing /home/airflow/.local/lib/python3.8/site-packages/airflow/example_dags/example_local_kubernetes_executor.py took 0.108 seconds
[2026-07-21T18:09:43.650+0000] {processor.py:161} INFO - Started process (PID=172) to work on /home/airflow/.local/lib/python3.8/site-packages/airflow/example_dags/example_local_kubernetes_executor.py
[2026-07-21T18:09:43.652+0000] {processor.py:830} INFO - Processing file /home/airflow/.local/lib/python3.8/site-packages/airflow/example_dags/example_local_kubernetes_executor.py for tasks to queue
[2026-07-21T18:09:43.654+0000] {logging_mixin.py:188} INFO - [2026-07-21T18:09:43.654+0000] {dagbag.py:538} INFO - Filling up the DagBag from /home/airflow/.local/lib/python3.8/site-packages/airflow/example_dags/example_local_kubernetes_executor.py
[2026-07-21T18:09:43.663+0000] {processor.py:840} INFO - DAG(s) 'example_local_kubernetes_executor' retrieved from /home/airflow/.local/lib/python3.8/site-packages/airflow/example_dags/example_local_kubernetes_executor.py
[2026-07-21T18:09:43.788+0000] {logging_mixin.py:188} INFO - [2026-07-21T18:09:43.788+0000] {dag.py:3036} INFO - Sync 1 DAGs
[2026-07-21T18:09:43.798+0000] {logging_mixin.py:188} INFO - [2026-07-21T18:09:43.797+0000] {dag.py:3823} INFO - Setting next_dagrun for example_local_kubernetes_executor to None, run_after=None
[2026-07-21T18:09:43.817+0000] {processor.py:183} INFO - Processing /home/airflow/.local/lib/python3.8/site-packages/airflow/example_dags/example_local_kubernetes_executor.py took 0.171 seconds
[2026-07-21T18:10:14.498+0000] {processor.py:161} INFO - Started process (PID=228) to work on /home/airflow/.local/lib/python3.8/site-packages/airflow/example_dags/example_local_kubernetes_executor.py
[2026-07-21T18:10:14.500+0000] {processor.py:830} INFO - Processing file /home/airflow/.local/lib/python3.8/site-packages/airflow/example_dags/example_local_kubernetes_executor.py for tasks to queue
[2026-07-21T18:10:14.502+0000] {logging_mixin.py:188} INFO - [2026-07-21T18:10:14.502+0000] {dagbag.py:538} INFO - Filling up the DagBag from /home/airflow/.local/lib/python3.8/site-packages/airflow/example_dags/example_local_kubernetes_executor.py
[2026-07-21T18:10:14.512+0000] {processor.py:840} INFO - DAG(s) 'example_local_kubernetes_executor' retrieved from /home/airflow/.local/lib/python3.8/site-packages/airflow/example_dags/example_local_kubernetes_executor.py
[2026-07-21T18:10:14.548+0000] {logging_mixin.py:188} INFO - [2026-07-21T18:10:14.548+0000] {dag.py:3036} INFO - Sync 1 DAGs
[2026-07-21T18:10:14.561+0000] {logging_mixin.py:188} INFO - [2026-07-21T18:10:14.560+0000] {dag.py:3823} INFO - Setting next_dagrun for example_local_kubernetes_executor to None, run_after=None
[2026-07-21T18:10:14.581+0000] {processor.py:183} INFO - Processing /home/airflow/.local/lib/python3.8/site-packages/airflow/example_dags/example_local_kubernetes_executor.py took 0.087 seconds
[2026-07-21T18:10:44.741+0000] {processor.py:161} INFO - Started process (PID=284) to work on /home/airflow/.local/lib/python3.8/site-packages/airflow/example_dags/example_local_kubernetes_executor.py
[2026-07-21T18:10:44.742+0000] {processor.py:830} INFO - Processing file /home/airflow/.local/lib/python3.8/site-packages/airflow/example_dags/example_local_kubernetes_executor.py for tasks to queue
[2026-07-21T18:10:44.745+0000] {logging_mixin.py:188} INFO - [2026-07-21T18:10:44.744+0000] {dagbag.py:538} INFO - Filling up the DagBag from /home/airflow/.local/lib/python3.8/site-packages/airflow/example_dags/example_local_kubernetes_executor.py
[2026-07-21T18:10:44.754+0000] {processor.py:840} INFO - DAG(s) 'example_local_kubernetes_executor' retrieved from /home/airflow/.local/lib/python3.8/site-packages/airflow/example_dags/example_local_kubernetes_executor.py
[2026-07-21T18:10:44.793+0000] {logging_mixin.py:188} INFO - [2026-07-21T18:10:44.793+0000] {dag.py:3036} INFO - Sync 1 DAGs
[2026-07-21T18:10:44.806+0000] {logging_mixin.py:188} INFO - [2026-07-21T18:10:44.805+0000] {dag.py:3823} INFO - Setting next_dagrun for example_local_kubernetes_executor to None, run_after=None
[2026-07-21T18:10:44.824+0000] {processor.py:183} INFO - Processing /home/airflow/.local/lib/python3.8/site-packages/airflow/example_dags/example_local_kubernetes_executor.py took 0.087 seconds
[2026-07-21T18:11:15.188+0000] {processor.py:161} INFO - Started process (PID=340) to work on /home/airflow/.local/lib/python3.8/site-packages/airflow/example_dags/example_local_kubernetes_executor.py
[2026-07-21T18:11:15.189+0000] {processor.py:830} INFO - Processing file /home/airflow/.local/lib/python3.8/site-packages/airflow/example_dags/example_local_kubernetes_executor.py for tasks to queue
[2026-07-21T18:11:15.192+0000] {logging_mixin.py:188} INFO - [2026-07-21T18:11:15.191+0000] {dagbag.py:538} INFO - Filling up the DagBag from /home/airflow/.local/lib/python3.8/site-packages/airflow/example_dags/example_local_kubernetes_executor.py
[2026-07-21T18:11:15.201+0000] {processor.py:840} INFO - DAG(s) 'example_local_kubernetes_executor' retrieved from /home/airflow/.local/lib/python3.8/site-packages/airflow/example_dags/example_local_kubernetes_executor.py
[2026-07-21T18:11:15.237+0000] {logging_mixin.py:188} INFO - [2026-07-21T18:11:15.236+0000] {dag.py:3036} INFO - Sync 1 DAGs
[2026-07-21T18:11:15.249+0000] {logging_mixin.py:188} INFO - [2026-07-21T18:11:15.249+0000] {dag.py:3823} INFO - Setting next_dagrun for example_local_kubernetes_executor to None, run_after=None
[2026-07-21T18:11:15.268+0000] {processor.py:183} INFO - Processing /home/airflow/.local/lib/python3.8/site-packages/airflow/example_dags/example_local_kubernetes_executor.py took 0.084 seconds
[2026-07-21T18:11:45.703+0000] {processor.py:161} INFO - Started process (PID=396) to work on /home/airflow/.local/lib/python3.8/site-packages/airflow/example_dags/example_local_kubernetes_executor.py
[2026-07-21T18:11:45.704+0000] {processor.py:830} INFO - Processing file /home/airflow/.local/lib/python3.8/site-packages/airflow/example_dags/example_local_kubernetes_executor.py for tasks to queue
[2026-07-21T18:11:45.707+0000] {logging_mixin.py:188} INFO - [2026-07-21T18:11:45.707+0000] {dagbag.py:538} INFO - Filling up the DagBag from /home/airflow/.local/lib/python3.8/site-packages/airflow/example_dags/example_local_kubernetes_executor.py
[2026-07-21T18:11:45.717+0000] {processor.py:840} INFO - DAG(s) 'example_local_kubernetes_executor' retrieved from /home/airflow/.local/lib/python3.8/site-packages/airflow/example_dags/example_local_kubernetes_executor.py
[2026-07-21T18:11:45.755+0000] {logging_mixin.py:188} INFO - [2026-07-21T18:11:45.755+0000] {dag.py:3036} INFO - Sync 1 DAGs
[2026-07-21T18:11:45.768+0000] {logging_mixin.py:188} INFO - [2026-07-21T18:11:45.768+0000] {dag.py:3823} INFO - Setting next_dagrun for example_local_kubernetes_executor to None, run_after=None
[2026-07-21T18:11:45.789+0000] {processor.py:183} INFO - Processing /home/airflow/.local/lib/python3.8/site-packages/airflow/example_dags/example_local_kubernetes_executor.py took 0.091 seconds
[2026-07-21T18:12:16.334+0000] {processor.py:161} INFO - Started process (PID=452) to work on /home/airflow/.local/lib/python3.8/site-packages/airflow/example_dags/example_local_kubernetes_executor.py
[2026-07-21T18:12:16.335+0000] {processor.py:830} INFO - Processing file /home/airflow/.local/lib/python3.8/site-packages/airflow/example_dags/example_local_kubernetes_executor.py for tasks to queue
[2026-07-21T18:12:16.337+0000] {logging_mixin.py:188} INFO - [2026-07-21T18:12:16.337+0000] {dagbag.py:538} INFO - Filling up the DagBag from /home/airflow/.local/lib/python3.8/site-packages/airflow/example_dags/example_local_kubernetes_executor.py
[2026-07-21T18:12:16.346+0000] {processor.py:840} INFO - DAG(s) 'example_local_kubernetes_executor' retrieved from /home/airflow/.local/lib/python3.8/site-packages/airflow/example_dags/example_local_kubernetes_executor.py
[2026-07-21T18:12:16.384+0000] {logging_mixin.py:188} INFO - [2026-07-21T18:12:16.384+0000] {dag.py:3036} INFO - Sync 1 DAGs
[2026-07-21T18:12:16.397+0000] {logging_mixin.py:188} INFO - [2026-07-21T18:12:16.397+0000] {dag.py:3823} INFO - Setting next_dagrun for example_local_kubernetes_executor to None, run_after=None
[2026-07-21T18:12:16.420+0000] {processor.py:183} INFO - Processing /home/airflow/.local/lib/python3.8/site-packages/airflow/example_dags/example_local_kubernetes_executor.py took 0.090 seconds
[2026-07-21T18:12:47.229+0000] {processor.py:161} INFO - Started process (PID=508) to work on /home/airflow/.local/lib/python3.8/site-packages/airflow/example_dags/example_local_kubernetes_executor.py
[2026-07-21T18:12:47.231+0000] {processor.py:830} INFO - Processing file /home/airflow/.local/lib/python3.8/site-packages/airflow/example_dags/example_local_kubernetes_executor.py for tasks to queue
[2026-07-21T18:12:47.233+0000] {logging_mixin.py:188} INFO - [2026-07-21T18:12:47.232+0000] {dagbag.py:538} INFO - Filling up the DagBag from /home/airflow/.local/lib/python3.8/site-packages/airflow/example_dags/example_local_kubernetes_executor.py
[2026-07-21T18:12:47.242+0000] {processor.py:840} INFO - DAG(s) 'example_local_kubernetes_executor' retrieved from /home/airflow/.local/lib/python3.8/site-packages/airflow/example_dags/example_local_kubernetes_executor.py
[2026-07-21T18:12:47.277+0000] {logging_mixin.py:188} INFO - [2026-07-21T18:12:47.277+0000] {dag.py:3036} INFO - Sync 1 DAGs
[2026-07-21T18:12:47.288+0000] {logging_mixin.py:188} INFO - [2026-07-21T18:12:47.288+0000] {dag.py:3823} INFO - Setting next_dagrun for example_local_kubernetes_executor to None, run_after=None
[2026-07-21T18:12:47.308+0000] {processor.py:183} INFO - Processing /home/airflow/.local/lib/python3.8/site-packages/airflow/example_dags/example_local_kubernetes_executor.py took 0.083 seconds
[2026-07-21T18:13:17.989+0000] {processor.py:161} INFO - Started process (PID=564) to work on /home/airflow/.local/lib/python3.8/site-packages/airflow/example_dags/example_local_kubernetes_executor.py
[2026-07-21T18:13:17.990+0000] {processor.py:830} INFO - Processing file /home/airflow/.local/lib/python3.8/site-packages/airflow/example_dags/example_local_kubernetes_executor.py for tasks to queue
[2026-07-21T18:13:17.992+0000] {logging_mixin.py:188} INFO - [2026-07-21T18:13:17.992+0000] {dagbag.py:538} INFO - Filling up the DagBag from /home/airflow/.local/lib/python3.8/site-packages/airflow/example_dags/example_local_kubernetes_executor.py
[2026-07-21T18:13:18.001+0000] {processor.py:840} INFO - DAG(s) 'example_local_kubernetes_executor' retrieved from /home/airflow/.local/lib/python3.8/site-packages/airflow/example_dags/example_local_kubernetes_executor.py
[2026-07-21T18:13:18.038+0000] {logging_mixin.py:188} INFO - [2026-07-21T18:13:18.038+0000] {dag.py:3036} INFO - Sync 1 DAGs
[2026-07-21T18:13:18.052+0000] {logging_mixin.py:188} INFO - [2026-07-21T18:13:18.052+0000] {dag.py:3823} INFO - Setting next_dagrun for example_local_kubernetes_executor to None, run_after=None
[2026-07-21T18:13:18.074+0000] {processor.py:183} INFO - Processing /home/airflow/.local/lib/python3.8/site-packages/airflow/example_dags/example_local_kubernetes_executor.py took 0.090 seconds
[2026-07-21T18:13:48.437+0000] {processor.py:161} INFO - Started process (PID=620) to work on /home/airflow/.local/lib/python3.8/site-packages/airflow/example_dags/example_local_kubernetes_executor.py
[2026-07-21T18:13:48.438+0000] {processor.py:830} INFO - Processing file /home/airflow/.local/lib/python3.8/site-packages/airflow/example_dags/example_local_kubernetes_executor.py for tasks to queue
[2026-07-21T18:13:48.440+0000] {logging_mixin.py:188} INFO - [2026-07-21T18:13:48.440+0000] {dagbag.py:538} INFO - Filling up the DagBag from /home/airflow/.local/lib/python3.8/site-packages/airflow/example_dags/example_local_kubernetes_executor.py
[2026-07-21T18:13:48.449+0000] {processor.py:840} INFO - DAG(s) 'example_local_kubernetes_executor' retrieved from /home/airflow/.local/lib/python3.8/site-packages/airflow/example_dags/example_local_kubernetes_executor.py
[2026-07-21T18:13:48.487+0000] {logging_mixin.py:188} INFO - [2026-07-21T18:13:48.486+0000] {dag.py:3036} INFO - Sync 1 DAGs
[2026-07-21T18:13:48.501+0000] {logging_mixin.py:188} INFO - [2026-07-21T18:13:48.501+0000] {dag.py:3823} INFO - Setting next_dagrun for example_local_kubernetes_executor to None, run_after=None
[2026-07-21T18:13:48.521+0000] {processor.py:183} INFO - Processing /home/airflow/.local/lib/python3.8/site-packages/airflow/example_dags/example_local_kubernetes_executor.py took 0.088 seconds
[2026-07-21T18:14:19.459+0000] {processor.py:161} INFO - Started process (PID=676) to work on /home/airflow/.local/lib/python3.8/site-packages/airflow/example_dags/example_local_kubernetes_executor.py
[2026-07-21T18:14:19.461+0000] {processor.py:830} INFO - Processing file /home/airflow/.local/lib/python3.8/site-packages/airflow/example_dags/example_local_kubernetes_executor.py for tasks to queue
[2026-07-21T18:14:19.463+0000] {logging_mixin.py:188} INFO - [2026-07-21T18:14:19.463+0000] {dagbag.py:538} INFO - Filling up the DagBag from /home/airflow/.local/lib/python3.8/site-packages/airflow/example_dags/example_local_kubernetes_executor.py
[2026-07-21T18:14:19.471+0000] {processor.py:840} INFO - DAG(s) 'example_local_kubernetes_executor' retrieved from /home/airflow/.local/lib/python3.8/site-packages/airflow/example_dags/example_local_kubernetes_executor.py
[2026-07-21T18:14:19.506+0000] {logging_mixin.py:188} INFO - [2026-07-21T18:14:19.506+0000] {dag.py:3036} INFO - Sync 1 DAGs
[2026-07-21T18:14:19.518+0000] {logging_mixin.py:188} INFO - [2026-07-21T18:14:19.518+0000] {dag.py:3823} INFO - Setting next_dagrun for example_local_kubernetes_executor to None, run_after=None
[2026-07-21T18:14:19.536+0000] {processor.py:183} INFO - Processing /home/airflow/.local/lib/python3.8/site-packages/airflow/example_dags/example_local_kubernetes_executor.py took 0.081 seconds
[2026-07-21T18:14:50.494+0000] {processor.py:161} INFO - Started process (PID=733) to work on /home/airflow/.local/lib/python3.8/site-packages/airflow/example_dags/example_local_kubernetes_executor.py
[2026-07-21T18:14:50.495+0000] {processor.py:830} INFO - Processing file /home/airflow/.local/lib/python3.8/site-packages/airflow/example_dags/example_local_kubernetes_executor.py for tasks to queue
[2026-07-21T18:14:50.498+0000] {logging_mixin.py:188} INFO - [2026-07-21T18:14:50.498+0000] {dagbag.py:538} INFO - Filling up the DagBag from /home/airflow/.local/lib/python3.8/site-packages/airflow/example_dags/example_local_kubernetes_executor.py
[2026-07-21T18:14:50.508+0000] {processor.py:840} INFO - DAG(s) 'example_local_kubernetes_executor' retrieved from /home/airflow/.local/lib/python3.8/site-packages/airflow/example_dags/example_local_kubernetes_executor.py
[2026-07-21T18:14:50.549+0000] {logging_mixin.py:188} INFO - [2026-07-21T18:14:50.548+0000] {dag.py:3036} INFO - Sync 1 DAGs
[2026-07-21T18:14:50.566+0000] {logging_mixin.py:188} INFO - [2026-07-21T18:14:50.565+0000] {dag.py:3823} INFO - Setting next_dagrun for example_local_kubernetes_executor to None, run_after=None
[2026-07-21T18:14:50.588+0000] {processor.py:183} INFO - Processing /home/airflow/.local/lib/python3.8/site-packages/airflow/example_dags/example_local_kubernetes_executor.py took 0.099 seconds
[2026-07-21T18:15:21.274+0000] {processor.py:161} INFO - Started process (PID=789) to work on /home/airflow/.local/lib/python3.8/site-packages/airflow/example_dags/example_local_kubernetes_executor.py
[2026-07-21T18:15:21.276+0000] {processor.py:830} INFO - Processing file /home/airflow/.local/lib/python3.8/site-packages/airflow/example_dags/example_local_kubernetes_executor.py for tasks to queue
[2026-07-21T18:15:21.278+0000] {logging_mixin.py:188} INFO - [2026-07-21T18:15:21.278+0000] {dagbag.py:538} INFO - Filling up the DagBag from /home/airflow/.local/lib/python3.8/site-packages/airflow/example_dags/example_local_kubernetes_executor.py
[2026-07-21T18:15:21.287+0000] {processor.py:840} INFO - DAG(s) 'example_local_kubernetes_executor' retrieved from /home/airflow/.local/lib/python3.8/site-packages/airflow/example_dags/example_local_kubernetes_executor.py
[2026-07-21T18:15:21.331+0000] {logging_mixin.py:188} INFO - [2026-07-21T18:15:21.329+0000] {dag.py:3036} INFO - Sync 1 DAGs
[2026-07-21T18:15:21.350+0000] {logging_mixin.py:188} INFO - [2026-07-21T18:15:21.350+0000] {dag.py:3823} INFO - Setting next_dagrun for example_local_kubernetes_executor to None, run_after=None
[2026-07-21T18:15:21.376+0000] {processor.py:183} INFO - Processing /home/airflow/.local/lib/python3.8/site-packages/airflow/example_dags/example_local_kubernetes_executor.py took 0.106 seconds
[2026-07-21T18:15:52.066+0000] {processor.py:161} INFO - Started process (PID=845) to work on /home/airflow/.local/lib/python3.8/site-packages/airflow/example_dags/example_local_kubernetes_executor.py
[2026-07-21T18:15:52.067+0000] {processor.py:830} INFO - Processing file /home/airflow/.local/lib/python3.8/site-packages/airflow/example_dags/example_local_kubernetes_executor.py for tasks to queue
[2026-07-21T18:15:52.069+0000] {logging_mixin.py:188} INFO - [2026-07-21T18:15:52.069+0000] {dagbag.py:538} INFO - Filling up the DagBag from /home/airflow/.local/lib/python3.8/site-packages/airflow/example_dags/example_local_kubernetes_executor.py
[2026-07-21T18:15:52.078+0000] {processor.py:840} INFO - DAG(s) 'example_local_kubernetes_executor' retrieved from /home/airflow/.local/lib/python3.8/site-packages/airflow/example_dags/example_local_kubernetes_executor.py
[2026-07-21T18:15:52.114+0000] {logging_mixin.py:188} INFO - [2026-07-21T18:15:52.113+0000] {dag.py:3036} INFO - Sync 1 DAGs
[2026-07-21T18:15:52.125+0000] {logging_mixin.py:188} INFO - [2026-07-21T18:15:52.124+0000] {dag.py:3823} INFO - Setting next_dagrun for example_local_kubernetes_executor to None, run_after=None
[2026-07-21T18:15:52.146+0000] {processor.py:183} INFO - Processing /home/airflow/.local/lib/python3.8/site-packages/airflow/example_dags/example_local_kubernetes_executor.py took 0.083 seconds
[2026-07-21T18:16:22.824+0000] {processor.py:161} INFO - Started process (PID=901) to work on /home/airflow/.local/lib/python3.8/site-packages/airflow/example_dags/example_local_kubernetes_executor.py
[2026-07-21T18:16:22.826+0000] {processor.py:830} INFO - Processing file /home/airflow/.local/lib/python3.8/site-packages/airflow/example_dags/example_local_kubernetes_executor.py for tasks to queue
[2026-07-21T18:16:22.829+0000] {logging_mixin.py:188} INFO - [2026-07-21T18:16:22.828+0000] {dagbag.py:538} INFO - Filling up the DagBag from /home/airflow/.local/lib/python3.8/site-packages/airflow/example_dags/example_local_kubernetes_executor.py
[2026-07-21T18:16:22.838+0000] {processor.py:840} INFO - DAG(s) 'example_local_kubernetes_executor' retrieved from /home/airflow/.local/lib/python3.8/site-packages/airflow/example_dags/example_local_kubernetes_executor.py
[2026-07-21T18:16:22.881+0000] {logging_mixin.py:188} INFO - [2026-07-21T18:16:22.881+0000] {dag.py:3036} INFO - Sync 1 DAGs
[2026-07-21T18:16:22.896+0000] {logging_mixin.py:188} INFO - [2026-07-21T18:16:22.896+0000] {dag.py:3823} INFO - Setting next_dagrun for example_local_kubernetes_executor to None, run_after=None
[2026-07-21T18:16:22.921+0000] {processor.py:183} INFO - Processing /home/airflow/.local/lib/python3.8/site-packages/airflow/example_dags/example_local_kubernetes_executor.py took 0.101 seconds
[2026-07-21T18:16:53.061+0000] {processor.py:161} INFO - Started process (PID=957) to work on /home/airflow/.local/lib/python3.8/site-packages/airflow/example_dags/example_local_kubernetes_executor.py
[2026-07-21T18:16:53.062+0000] {processor.py:830} INFO - Processing file /home/airflow/.local/lib/python3.8/site-packages/airflow/example_dags/example_local_kubernetes_executor.py for tasks to queue
[2026-07-21T18:16:53.064+0000] {logging_mixin.py:188} INFO - [2026-07-21T18:16:53.064+0000] {dagbag.py:538} INFO - Filling up the DagBag from /home/airflow/.local/lib/python3.8/site-packages/airflow/example_dags/example_local_kubernetes_executor.py
[2026-07-21T18:16:53.075+0000] {processor.py:840} INFO - DAG(s) 'example_local_kubernetes_executor' retrieved from /home/airflow/.local/lib/python3.8/site-packages/airflow/example_dags/example_local_kubernetes_executor.py
[2026-07-21T18:16:53.113+0000] {logging_mixin.py:188} INFO - [2026-07-21T18:16:53.113+0000] {dag.py:3036} INFO - Sync 1 DAGs
[2026-07-21T18:16:53.126+0000] {logging_mixin.py:188} INFO - [2026-07-21T18:16:53.125+0000] {dag.py:3823} INFO - Setting next_dagrun for example_local_kubernetes_executor to None, run_after=None
[2026-07-21T18:16:53.146+0000] {processor.py:183} INFO - Processing /home/airflow/.local/lib/python3.8/site-packages/airflow/example_dags/example_local_kubernetes_executor.py took 0.089 seconds
[2026-07-21T18:17:23.426+0000] {processor.py:161} INFO - Started process (PID=1013) to work on /home/airflow/.local/lib/python3.8/site-packages/airflow/example_dags/example_local_kubernetes_executor.py
[2026-07-21T18:17:23.427+0000] {processor.py:830} INFO - Processing file /home/airflow/.local/lib/python3.8/site-packages/airflow/example_dags/example_local_kubernetes_executor.py for tasks to queue
[2026-07-21T18:17:23.429+0000] {logging_mixin.py:188} INFO - [2026-07-21T18:17:23.429+0000] {dagbag.py:538} INFO - Filling up the DagBag from /home/airflow/.local/lib/python3.8/site-packages/airflow/example_dags/example_local_kubernetes_executor.py
[2026-07-21T18:17:23.439+0000] {processor.py:840} INFO - DAG(s) 'example_local_kubernetes_executor' retrieved from /home/airflow/.local/lib/python3.8/site-packages/airflow/example_dags/example_local_kubernetes_executor.py
[2026-07-21T18:17:23.477+0000] {logging_mixin.py:188} INFO - [2026-07-21T18:17:23.477+0000] {dag.py:3036} INFO - Sync 1 DAGs
[2026-07-21T18:17:23.490+0000] {logging_mixin.py:188} INFO - [2026-07-21T18:17:23.490+0000] {dag.py:3823} INFO - Setting next_dagrun for example_local_kubernetes_executor to None, run_after=None
[2026-07-21T18:17:23.511+0000] {processor.py:183} INFO - Processing /home/airflow/.local/lib/python3.8/site-packages/airflow/example_dags/example_local_kubernetes_executor.py took 0.089 seconds
[2026-07-21T18:17:54.269+0000] {processor.py:161} INFO - Started process (PID=1069) to work on /home/airflow/.local/lib/python3.8/site-packages/airflow/example_dags/example_local_kubernetes_executor.py
[2026-07-21T18:17:54.270+0000] {processor.py:830} INFO - Processing file /home/airflow/.local/lib/python3.8/site-packages/airflow/example_dags/example_local_kubernetes_executor.py for tasks to queue
[2026-07-21T18:17:54.272+0000] {logging_mixin.py:188} INFO - [2026-07-21T18:17:54.272+0000] {dagbag.py:538} INFO - Filling up the DagBag from /home/airflow/.local/lib/python3.8/site-packages/airflow/example_dags/example_local_kubernetes_executor.py
[2026-07-21T18:17:54.281+0000] {processor.py:840} INFO - DAG(s) 'example_local_kubernetes_executor' retrieved from /home/airflow/.local/lib/python3.8/site-packages/airflow/example_dags/example_local_kubernetes_executor.py
[2026-07-21T18:17:54.317+0000] {logging_mixin.py:188} INFO - [2026-07-21T18:17:54.316+0000] {dag.py:3036} INFO - Sync 1 DAGs
[2026-07-21T18:17:54.329+0000] {logging_mixin.py:188} INFO - [2026-07-21T18:17:54.329+0000] {dag.py:3823} INFO - Setting next_dagrun for example_local_kubernetes_executor to None, run_after=None
[2026-07-21T18:17:54.348+0000] {processor.py:183} INFO - Processing /home/airflow/.local/lib/python3.8/site-packages/airflow/example_dags/example_local_kubernetes_executor.py took 0.083 seconds
[2026-07-21T18:18:25.295+0000] {processor.py:161} INFO - Started process (PID=1125) to work on /home/airflow/.local/lib/python3.8/site-packages/airflow/example_dags/example_local_kubernetes_executor.py
[2026-07-21T18:18:25.296+0000] {processor.py:830} INFO - Processing file /home/airflow/.local/lib/python3.8/site-packages/airflow/example_dags/example_local_kubernetes_executor.py for tasks to queue
[2026-07-21T18:18:25.298+0000] {logging_mixin.py:188} INFO - [2026-07-21T18:18:25.298+0000] {dagbag.py:538} INFO - Filling up the DagBag from /home/airflow/.local/lib/python3.8/site-packages/airflow/example_dags/example_local_kubernetes_executor.py
[2026-07-21T18:18:25.307+0000] {processor.py:840} INFO - DAG(s) 'example_local_kubernetes_executor' retrieved from /home/airflow/.local/lib/python3.8/site-packages/airflow/example_dags/example_local_kubernetes_executor.py
[2026-07-21T18:18:25.344+0000] {logging_mixin.py:188} INFO - [2026-07-21T18:18:25.344+0000] {dag.py:3036} INFO - Sync 1 DAGs
[2026-07-21T18:18:25.359+0000] {logging_mixin.py:188} INFO - [2026-07-21T18:18:25.359+0000] {dag.py:3823} INFO - Setting next_dagrun for example_local_kubernetes_executor to None, run_after=None
[2026-07-21T18:18:25.381+0000] {processor.py:183} INFO - Processing /home/airflow/.local/lib/python3.8/site-packages/airflow/example_dags/example_local_kubernetes_executor.py took 0.090 seconds
[2026-07-21T18:18:56.329+0000] {processor.py:161} INFO - Started process (PID=1181) to work on /home/airflow/.local/lib/python3.8/site-packages/airflow/example_dags/example_local_kubernetes_executor.py
[2026-07-21T18:18:56.330+0000] {processor.py:830} INFO - Processing file /home/airflow/.local/lib/python3.8/site-packages/airflow/example_dags/example_local_kubernetes_executor.py for tasks to queue
[2026-07-21T18:18:56.332+0000] {logging_mixin.py:188} INFO - [2026-07-21T18:18:56.332+0000] {dagbag.py:538} INFO - Filling up the DagBag from /home/airflow/.local/lib/python3.8/site-packages/airflow/example_dags/example_local_kubernetes_executor.py
[2026-07-21T18:18:56.341+0000] {processor.py:840} INFO - DAG(s) 'example_local_kubernetes_executor' retrieved from /home/airflow/.local/lib/python3.8/site-packages/airflow/example_dags/example_local_kubernetes_executor.py
[2026-07-21T18:18:56.377+0000] {logging_mixin.py:188} INFO - [2026-07-21T18:18:56.376+0000] {dag.py:3036} INFO - Sync 1 DAGs
[2026-07-21T18:18:56.388+0000] {logging_mixin.py:188} INFO - [2026-07-21T18:18:56.388+0000] {dag.py:3823} INFO - Setting next_dagrun for example_local_kubernetes_executor to None, run_after=None
[2026-07-21T18:18:56.411+0000] {processor.py:183} INFO - Processing /home/airflow/.local/lib/python3.8/site-packages/airflow/example_dags/example_local_kubernetes_executor.py took 0.086 seconds
[2026-07-21T18:19:26.907+0000] {processor.py:161} INFO - Started process (PID=1237) to work on /home/airflow/.local/lib/python3.8/site-packages/airflow/example_dags/example_local_kubernetes_executor.py
[2026-07-21T18:19:26.908+0000] {processor.py:830} INFO - Processing file /home/airflow/.local/lib/python3.8/site-packages/airflow/example_dags/example_local_kubernetes_executor.py for tasks to queue
[2026-07-21T18:19:26.910+0000] {logging_mixin.py:188} INFO - [2026-07-21T18:19:26.910+0000] {dagbag.py:538} INFO - Filling up the DagBag from /home/airflow/.local/lib/python3.8/site-packages/airflow/example_dags/example_local_kubernetes_executor.py
[2026-07-21T18:19:26.918+0000] {processor.py:840} INFO - DAG(s) 'example_local_kubernetes_executor' retrieved from /home/airflow/.local/lib/python3.8/site-packages/airflow/example_dags/example_local_kubernetes_executor.py
[2026-07-21T18:19:26.955+0000] {logging_mixin.py:188} INFO - [2026-07-21T18:19:26.954+0000] {dag.py:3036} INFO - Sync 1 DAGs
[2026-07-21T18:19:26.966+0000] {logging_mixin.py:188} INFO - [2026-07-21T18:19:26.966+0000] {dag.py:3823} INFO - Setting next_dagrun for example_local_kubernetes_executor to None, run_after=None
[2026-07-21T18:19:26.985+0000] {processor.py:183} INFO - Processing /home/airflow/.local/lib/python3.8/site-packages/airflow/example_dags/example_local_kubernetes_executor.py took 0.082 seconds
[2026-07-21T18:19:57.362+0000] {processor.py:161} INFO - Started process (PID=1293) to work on /home/airflow/.local/lib/python3.8/site-packages/airflow/example_dags/example_local_kubernetes_executor.py
[2026-07-21T18:19:57.363+0000] {processor.py:830} INFO - Processing file /home/airflow/.local/lib/python3.8/site-packages/airflow/example_dags/example_local_kubernetes_executor.py for tasks to queue
[2026-07-21T18:19:57.366+0000] {logging_mixin.py:188} INFO - [2026-07-21T18:19:57.365+0000] {dagbag.py:538} INFO - Filling up the DagBag from /home/airflow/.local/lib/python3.8/site-packages/airflow/example_dags/example_local_kubernetes_executor.py
[2026-07-21T18:19:57.374+0000] {processor.py:840} INFO - DAG(s) 'example_local_kubernetes_executor' retrieved from /home/airflow/.local/lib/python3.8/site-packages/airflow/example_dags/example_local_kubernetes_executor.py
[2026-07-21T18:19:57.409+0000] {logging_mixin.py:188} INFO - [2026-07-21T18:19:57.409+0000] {dag.py:3036} INFO - Sync 1 DAGs
[2026-07-21T18:19:57.420+0000] {logging_mixin.py:188} INFO - [2026-07-21T18:19:57.420+0000] {dag.py:3823} INFO - Setting next_dagrun for example_local_kubernetes_executor to None, run_after=None
[2026-07-21T18:19:57.439+0000] {processor.py:183} INFO - Processing /home/airflow/.local/lib/python3.8/site-packages/airflow/example_dags/example_local_kubernetes_executor.py took 0.080 seconds
[2026-07-21T18:20:27.992+0000] {processor.py:161} INFO - Started process (PID=1349) to work on /home/airflow/.local/lib/python3.8/site-packages/airflow/example_dags/example_local_kubernetes_executor.py
[2026-07-21T18:20:27.993+0000] {processor.py:830} INFO - Processing file /home/airflow/.local/lib/python3.8/site-packages/airflow/example_dags/example_local_kubernetes_executor.py for tasks to queue
[2026-07-21T18:20:27.997+0000] {logging_mixin.py:188} INFO - [2026-07-21T18:20:27.997+0000] {dagbag.py:538} INFO - Filling up the DagBag from /home/airflow/.local/lib/python3.8/site-packages/airflow/example_dags/example_local_kubernetes_executor.py
[2026-07-21T18:20:28.006+0000] {processor.py:840} INFO - DAG(s) 'example_local_kubernetes_executor' retrieved from /home/airflow/.local/lib/python3.8/site-packages/airflow/example_dags/example_local_kubernetes_executor.py
[2026-07-21T18:20:28.042+0000] {logging_mixin.py:188} INFO - [2026-07-21T18:20:28.041+0000] {dag.py:3036} INFO - Sync 1 DAGs
[2026-07-21T18:20:28.054+0000] {logging_mixin.py:188} INFO - [2026-07-21T18:20:28.053+0000] {dag.py:3823} INFO - Setting next_dagrun for example_local_kubernetes_executor to None, run_after=None
[2026-07-21T18:20:28.073+0000] {processor.py:183} INFO - Processing /home/airflow/.local/lib/python3.8/site-packages/airflow/example_dags/example_local_kubernetes_executor.py took 0.086 seconds
[2026-07-21T18:20:58.412+0000] {processor.py:161} INFO - Started process (PID=1405) to work on /home/airflow/.local/lib/python3.8/site-packages/airflow/example_dags/example_local_kubernetes_executor.py
[2026-07-21T18:20:58.413+0000] {processor.py:830} INFO - Processing file /home/airflow/.local/lib/python3.8/site-packages/airflow/example_dags/example_local_kubernetes_executor.py for tasks to queue
[2026-07-21T18:20:58.415+0000] {logging_mixin.py:188} INFO - [2026-07-21T18:20:58.415+0000] {dagbag.py:538} INFO - Filling up the DagBag from /home/airflow/.local/lib/python3.8/site-packages/airflow/example_dags/example_local_kubernetes_executor.py
[2026-07-21T18:20:58.424+0000] {processor.py:840} INFO - DAG(s) 'example_local_kubernetes_executor' retrieved from /home/airflow/.local/lib/python3.8/site-packages/airflow/example_dags/example_local_kubernetes_executor.py
[2026-07-21T18:20:58.459+0000] {logging_mixin.py:188} INFO - [2026-07-21T18:20:58.459+0000] {dag.py:3036} INFO - Sync 1 DAGs
[2026-07-21T18:20:58.472+0000] {logging_mixin.py:188} INFO - [2026-07-21T18:20:58.472+0000] {dag.py:3823} INFO - Setting next_dagrun for example_local_kubernetes_executor to None, run_after=None
[2026-07-21T18:20:58.490+0000] {processor.py:183} INFO - Processing /home/airflow/.local/lib/python3.8/site-packages/airflow/example_dags/example_local_kubernetes_executor.py took 0.082 seconds
[2026-07-21T18:21:29.766+0000] {processor.py:161} INFO - Started process (PID=1461) to work on /home/airflow/.local/lib/python3.8/site-packages/airflow/example_dags/example_local_kubernetes_executor.py
[2026-07-21T18:21:29.767+0000] {processor.py:830} INFO - Processing file /home/airflow/.local/lib/python3.8/site-packages/airflow/example_dags/example_local_kubernetes_executor.py for tasks to queue
[2026-07-21T18:21:29.769+0000] {logging_mixin.py:188} INFO - [2026-07-21T18:21:29.769+0000] {dagbag.py:538} INFO - Filling up the DagBag from /home/airflow/.local/lib/python3.8/site-packages/airflow/example_dags/example_local_kubernetes_executor.py
[2026-07-21T18:21:29.778+0000] {processor.py:840} INFO - DAG(s) 'example_local_kubernetes_executor' retrieved from /home/airflow/.local/lib/python3.8/site-packages/airflow/example_dags/example_local_kubernetes_executor.py
[2026-07-21T18:21:29.815+0000] {logging_mixin.py:188} INFO - [2026-07-21T18:21:29.815+0000] {dag.py:3036} INFO - Sync 1 DAGs
[2026-07-21T18:21:29.829+0000] {logging_mixin.py:188} INFO - [2026-07-21T18:21:29.828+0000] {dag.py:3823} INFO - Setting next_dagrun for example_local_kubernetes_executor to None, run_after=None
[2026-07-21T18:21:30.007+0000] {processor.py:183} INFO - Processing /home/airflow/.local/lib/python3.8/site-packages/airflow/example_dags/example_local_kubernetes_executor.py took 0.244 seconds
[2026-07-21T18:22:00.163+0000] {processor.py:161} INFO - Started process (PID=1518) to work on /home/airflow/.local/lib/python3.8/site-packages/airflow/example_dags/example_local_kubernetes_executor.py
[2026-07-21T18:22:00.164+0000] {processor.py:830} INFO - Processing file /home/airflow/.local/lib/python3.8/site-packages/airflow/example_dags/example_local_kubernetes_executor.py for tasks to queue
[2026-07-21T18:22:00.166+0000] {logging_mixin.py:188} INFO - [2026-07-21T18:22:00.166+0000] {dagbag.py:538} INFO - Filling up the DagBag from /home/airflow/.local/lib/python3.8/site-packages/airflow/example_dags/example_local_kubernetes_executor.py
[2026-07-21T18:22:00.175+0000] {processor.py:840} INFO - DAG(s) 'example_local_kubernetes_executor' retrieved from /home/airflow/.local/lib/python3.8/site-packages/airflow/example_dags/example_local_kubernetes_executor.py
[2026-07-21T18:22:00.212+0000] {logging_mixin.py:188} INFO - [2026-07-21T18:22:00.212+0000] {dag.py:3036} INFO - Sync 1 DAGs
[2026-07-21T18:22:00.224+0000] {logging_mixin.py:188} INFO - [2026-07-21T18:22:00.224+0000] {dag.py:3823} INFO - Setting next_dagrun for example_local_kubernetes_executor to None, run_after=None
[2026-07-21T18:22:00.245+0000] {processor.py:183} INFO - Processing /home/airflow/.local/lib/python3.8/site-packages/airflow/example_dags/example_local_kubernetes_executor.py took 0.086 seconds
[2026-07-21T18:22:30.745+0000] {processor.py:161} INFO - Started process (PID=1574) to work on /home/airflow/.local/lib/python3.8/site-packages/airflow/example_dags/example_local_kubernetes_executor.py
[2026-07-21T18:22:30.747+0000] {processor.py:830} INFO - Processing file /home/airflow/.local/lib/python3.8/site-packages/airflow/example_dags/example_local_kubernetes_executor.py for tasks to queue
[2026-07-21T18:22:30.749+0000] {logging_mixin.py:188} INFO - [2026-07-21T18:22:30.748+0000] {dagbag.py:538} INFO - Filling up the DagBag from /home/airflow/.local/lib/python3.8/site-packages/airflow/example_dags/example_local_kubernetes_executor.py
[2026-07-21T18:22:30.757+0000] {processor.py:840} INFO - DAG(s) 'example_local_kubernetes_executor' retrieved from /home/airflow/.local/lib/python3.8/site-packages/airflow/example_dags/example_local_kubernetes_executor.py
[2026-07-21T18:22:30.793+0000] {logging_mixin.py:188} INFO - [2026-07-21T18:22:30.793+0000] {dag.py:3036} INFO - Sync 1 DAGs
[2026-07-21T18:22:30.806+0000] {logging_mixin.py:188} INFO - [2026-07-21T18:22:30.805+0000] {dag.py:3823} INFO - Setting next_dagrun for example_local_kubernetes_executor to None, run_after=None
[2026-07-21T18:22:30.825+0000] {processor.py:183} INFO - Processing /home/airflow/.local/lib/python3.8/site-packages/airflow/example_dags/example_local_kubernetes_executor.py took 0.083 seconds
[2026-07-21T18:23:02.150+0000] {processor.py:161} INFO - Started process (PID=1629) to work on /home/airflow/.local/lib/python3.8/site-packages/airflow/example_dags/example_local_kubernetes_executor.py
[2026-07-21T18:23:02.152+0000] {processor.py:830} INFO - Processing file /home/airflow/.local/lib/python3.8/site-packages/airflow/example_dags/example_local_kubernetes_executor.py for tasks to queue
[2026-07-21T18:23:02.154+0000] {logging_mixin.py:188} INFO - [2026-07-21T18:23:02.153+0000] {dagbag.py:538} INFO - Filling up the DagBag from /home/airflow/.local/lib/python3.8/site-packages/airflow/example_dags/example_local_kubernetes_executor.py
[2026-07-21T18:23:02.162+0000] {processor.py:840} INFO - DAG(s) 'example_local_kubernetes_executor' retrieved from /home/airflow/.local/lib/python3.8/site-packages/airflow/example_dags/example_local_kubernetes_executor.py
[2026-07-21T18:23:02.198+0000] {logging_mixin.py:188} INFO - [2026-07-21T18:23:02.198+0000] {dag.py:3036} INFO - Sync 1 DAGs
[2026-07-21T18:23:02.209+0000] {logging_mixin.py:188} INFO - [2026-07-21T18:23:02.209+0000] {dag.py:3823} INFO - Setting next_dagrun for example_local_kubernetes_executor to None, run_after=None
[2026-07-21T18:23:02.230+0000] {processor.py:183} INFO - Processing /home/airflow/.local/lib/python3.8/site-packages/airflow/example_dags/example_local_kubernetes_executor.py took 0.083 seconds
[2026-07-21T18:23:33.554+0000] {processor.py:161} INFO - Started process (PID=1685) to work on /home/airflow/.local/lib/python3.8/site-packages/airflow/example_dags/example_local_kubernetes_executor.py
[2026-07-21T18:23:33.555+0000] {processor.py:830} INFO - Processing file /home/airflow/.local/lib/python3.8/site-packages/airflow/example_dags/example_local_kubernetes_executor.py for tasks to queue
[2026-07-21T18:23:33.557+0000] {logging_mixin.py:188} INFO - [2026-07-21T18:23:33.557+0000] {dagbag.py:538} INFO - Filling up the DagBag from /home/airflow/.local/lib/python3.8/site-packages/airflow/example_dags/example_local_kubernetes_executor.py
[2026-07-21T18:23:33.565+0000] {processor.py:840} INFO - DAG(s) 'example_local_kubernetes_executor' retrieved from /home/airflow/.local/lib/python3.8/site-packages/airflow/example_dags/example_local_kubernetes_executor.py
[2026-07-21T18:23:33.603+0000] {logging_mixin.py:188} INFO - [2026-07-21T18:23:33.603+0000] {dag.py:3036} INFO - Sync 1 DAGs
[2026-07-21T18:23:33.771+0000] {logging_mixin.py:188} INFO - [2026-07-21T18:23:33.770+0000] {dag.py:3823} INFO - Setting next_dagrun for example_local_kubernetes_executor to None, run_after=None
[2026-07-21T18:23:33.790+0000] {processor.py:183} INFO - Processing /home/airflow/.local/lib/python3.8/site-packages/airflow/example_dags/example_local_kubernetes_executor.py took 0.240 seconds
[2026-07-21T18:24:03.988+0000] {processor.py:161} INFO - Started process (PID=1741) to work on /home/airflow/.local/lib/python3.8/site-packages/airflow/example_dags/example_local_kubernetes_executor.py
[2026-07-21T18:24:03.989+0000] {processor.py:830} INFO - Processing file /home/airflow/.local/lib/python3.8/site-packages/airflow/example_dags/example_local_kubernetes_executor.py for tasks to queue
[2026-07-21T18:24:03.992+0000] {logging_mixin.py:188} INFO - [2026-07-21T18:24:03.991+0000] {dagbag.py:538} INFO - Filling up the DagBag from /home/airflow/.local/lib/python3.8/site-packages/airflow/example_dags/example_local_kubernetes_executor.py
[2026-07-21T18:24:04.004+0000] {processor.py:840} INFO - DAG(s) 'example_local_kubernetes_executor' retrieved from /home/airflow/.local/lib/python3.8/site-packages/airflow/example_dags/example_local_kubernetes_executor.py
[2026-07-21T18:24:04.055+0000] {logging_mixin.py:188} INFO - [2026-07-21T18:24:04.055+0000] {dag.py:3036} INFO - Sync 1 DAGs
[2026-07-21T18:24:04.072+0000] {logging_mixin.py:188} INFO - [2026-07-21T18:24:04.072+0000] {dag.py:3823} INFO - Setting next_dagrun for example_local_kubernetes_executor to None, run_after=None
[2026-07-21T18:24:04.097+0000] {processor.py:183} INFO - Processing /home/airflow/.local/lib/python3.8/site-packages/airflow/example_dags/example_local_kubernetes_executor.py took 0.113 seconds
[2026-07-21T18:24:34.222+0000] {processor.py:161} INFO - Started process (PID=1797) to work on /home/airflow/.local/lib/python3.8/site-packages/airflow/example_dags/example_local_kubernetes_executor.py
[2026-07-21T18:24:34.223+0000] {processor.py:830} INFO - Processing file /home/airflow/.local/lib/python3.8/site-packages/airflow/example_dags/example_local_kubernetes_executor.py for tasks to queue
[2026-07-21T18:24:34.225+0000] {logging_mixin.py:188} INFO - [2026-07-21T18:24:34.225+0000] {dagbag.py:538} INFO - Filling up the DagBag from /home/airflow/.local/lib/python3.8/site-packages/airflow/example_dags/example_local_kubernetes_executor.py
[2026-07-21T18:24:34.235+0000] {processor.py:840} INFO - DAG(s) 'example_local_kubernetes_executor' retrieved from /home/airflow/.local/lib/python3.8/site-packages/airflow/example_dags/example_local_kubernetes_executor.py
[2026-07-21T18:24:34.276+0000] {logging_mixin.py:188} INFO - [2026-07-21T18:24:34.276+0000] {dag.py:3036} INFO - Sync 1 DAGs
[2026-07-21T18:24:34.294+0000] {logging_mixin.py:188} INFO - [2026-07-21T18:24:34.293+0000] {dag.py:3823} INFO - Setting next_dagrun for example_local_kubernetes_executor to None, run_after=None
[2026-07-21T18:24:34.318+0000] {processor.py:183} INFO - Processing /home/airflow/.local/lib/python3.8/site-packages/airflow/example_dags/example_local_kubernetes_executor.py took 0.101 seconds
[2026-07-21T18:25:04.608+0000] {processor.py:161} INFO - Started process (PID=1853) to work on /home/airflow/.local/lib/python3.8/site-packages/airflow/example_dags/example_local_kubernetes_executor.py
[2026-07-21T18:25:04.609+0000] {processor.py:830} INFO - Processing file /home/airflow/.local/lib/python3.8/site-packages/airflow/example_dags/example_local_kubernetes_executor.py for tasks to queue
[2026-07-21T18:25:04.612+0000] {logging_mixin.py:188} INFO - [2026-07-21T18:25:04.612+0000] {dagbag.py:538} INFO - Filling up the DagBag from /home/airflow/.local/lib/python3.8/site-packages/airflow/example_dags/example_local_kubernetes_executor.py
[2026-07-21T18:25:04.622+0000] {processor.py:840} INFO - DAG(s) 'example_local_kubernetes_executor' retrieved from /home/airflow/.local/lib/python3.8/site-packages/airflow/example_dags/example_local_kubernetes_executor.py
[2026-07-21T18:25:04.661+0000] {logging_mixin.py:188} INFO - [2026-07-21T18:25:04.661+0000] {dag.py:3036} INFO - Sync 1 DAGs
[2026-07-21T18:25:04.674+0000] {logging_mixin.py:188} INFO - [2026-07-21T18:25:04.673+0000] {dag.py:3823} INFO - Setting next_dagrun for example_local_kubernetes_executor to None, run_after=None
[2026-07-21T18:25:04.694+0000] {processor.py:183} INFO - Processing /home/airflow/.local/lib/python3.8/site-packages/airflow/example_dags/example_local_kubernetes_executor.py took 0.090 seconds
[2026-07-21T18:25:35.666+0000] {processor.py:161} INFO - Started process (PID=1909) to work on /home/airflow/.local/lib/python3.8/site-packages/airflow/example_dags/example_local_kubernetes_executor.py
[2026-07-21T18:25:35.668+0000] {processor.py:830} INFO - Processing file /home/airflow/.local/lib/python3.8/site-packages/airflow/example_dags/example_local_kubernetes_executor.py for tasks to queue
[2026-07-21T18:25:35.670+0000] {logging_mixin.py:188} INFO - [2026-07-21T18:25:35.670+0000] {dagbag.py:538} INFO - Filling up the DagBag from /home/airflow/.local/lib/python3.8/site-packages/airflow/example_dags/example_local_kubernetes_executor.py
[2026-07-21T18:25:35.679+0000] {processor.py:840} INFO - DAG(s) 'example_local_kubernetes_executor' retrieved from /home/airflow/.local/lib/python3.8/site-packages/airflow/example_dags/example_local_kubernetes_executor.py
[2026-07-21T18:25:35.718+0000] {logging_mixin.py:188} INFO - [2026-07-21T18:25:35.718+0000] {dag.py:3036} INFO - Sync 1 DAGs
[2026-07-21T18:25:35.731+0000] {logging_mixin.py:188} INFO - [2026-07-21T18:25:35.730+0000] {dag.py:3823} INFO - Setting next_dagrun for example_local_kubernetes_executor to None, run_after=None
[2026-07-21T18:25:35.751+0000] {processor.py:183} INFO - Processing /home/airflow/.local/lib/python3.8/site-packages/airflow/example_dags/example_local_kubernetes_executor.py took 0.089 seconds
[2026-07-21T18:26:06.383+0000] {processor.py:161} INFO - Started process (PID=1965) to work on /home/airflow/.local/lib/python3.8/site-packages/airflow/example_dags/example_local_kubernetes_executor.py
[2026-07-21T18:26:06.384+0000] {processor.py:830} INFO - Processing file /home/airflow/.local/lib/python3.8/site-packages/airflow/example_dags/example_local_kubernetes_executor.py for tasks to queue
[2026-07-21T18:26:06.387+0000] {logging_mixin.py:188} INFO - [2026-07-21T18:26:06.387+0000] {dagbag.py:538} INFO - Filling up the DagBag from /home/airflow/.local/lib/python3.8/site-packages/airflow/example_dags/example_local_kubernetes_executor.py
[2026-07-21T18:26:06.397+0000] {processor.py:840} INFO - DAG(s) 'example_local_kubernetes_executor' retrieved from /home/airflow/.local/lib/python3.8/site-packages/airflow/example_dags/example_local_kubernetes_executor.py
[2026-07-21T18:26:06.438+0000] {logging_mixin.py:188} INFO - [2026-07-21T18:26:06.438+0000] {dag.py:3036} INFO - Sync 1 DAGs
[2026-07-21T18:26:06.457+0000] {logging_mixin.py:188} INFO - [2026-07-21T18:26:06.457+0000] {dag.py:3823} INFO - Setting next_dagrun for example_local_kubernetes_executor to None, run_after=None
[2026-07-21T18:26:06.480+0000] {processor.py:183} INFO - Processing /home/airflow/.local/lib/python3.8/site-packages/airflow/example_dags/example_local_kubernetes_executor.py took 0.101 seconds
[2026-07-21T18:26:37.186+0000] {processor.py:161} INFO - Started process (PID=2021) to work on /home/airflow/.local/lib/python3.8/site-packages/airflow/example_dags/example_local_kubernetes_executor.py
[2026-07-21T18:26:37.187+0000] {processor.py:830} INFO - Processing file /home/airflow/.local/lib/python3.8/site-packages/airflow/example_dags/example_local_kubernetes_executor.py for tasks to queue
[2026-07-21T18:26:37.190+0000] {logging_mixin.py:188} INFO - [2026-07-21T18:26:37.189+0000] {dagbag.py:538} INFO - Filling up the DagBag from /home/airflow/.local/lib/python3.8/site-packages/airflow/example_dags/example_local_kubernetes_executor.py
[2026-07-21T18:26:37.200+0000] {processor.py:840} INFO - DAG(s) 'example_local_kubernetes_executor' retrieved from /home/airflow/.local/lib/python3.8/site-packages/airflow/example_dags/example_local_kubernetes_executor.py
[2026-07-21T18:26:37.239+0000] {logging_mixin.py:188} INFO - [2026-07-21T18:26:37.239+0000] {dag.py:3036} INFO - Sync 1 DAGs
[2026-07-21T18:26:37.255+0000] {logging_mixin.py:188} INFO - [2026-07-21T18:26:37.255+0000] {dag.py:3823} INFO - Setting next_dagrun for example_local_kubernetes_executor to None, run_after=None
[2026-07-21T18:26:37.276+0000] {processor.py:183} INFO - Processing /home/airflow/.local/lib/python3.8/site-packages/airflow/example_dags/example_local_kubernetes_executor.py took 0.093 seconds
[2026-07-21T18:27:07.622+0000] {processor.py:161} INFO - Started process (PID=2077) to work on /home/airflow/.local/lib/python3.8/site-packages/airflow/example_dags/example_local_kubernetes_executor.py
[2026-07-21T18:27:07.624+0000] {processor.py:830} INFO - Processing file /home/airflow/.local/lib/python3.8/site-packages/airflow/example_dags/example_local_kubernetes_executor.py for tasks to queue
[2026-07-21T18:27:07.626+0000] {logging_mixin.py:188} INFO - [2026-07-21T18:27:07.626+0000] {dagbag.py:538} INFO - Filling up the DagBag from /home/airflow/.local/lib/python3.8/site-packages/airflow/example_dags/example_local_kubernetes_executor.py
[2026-07-21T18:27:07.636+0000] {processor.py:840} INFO - DAG(s) 'example_local_kubernetes_executor' retrieved from /home/airflow/.local/lib/python3.8/site-packages/airflow/example_dags/example_local_kubernetes_executor.py
[2026-07-21T18:27:07.682+0000] {logging_mixin.py:188} INFO - [2026-07-21T18:27:07.682+0000] {dag.py:3036} INFO - Sync 1 DAGs
[2026-07-21T18:27:07.698+0000] {logging_mixin.py:188} INFO - [2026-07-21T18:27:07.698+0000] {dag.py:3823} INFO - Setting next_dagrun for example_local_kubernetes_executor to None, run_after=None
[2026-07-21T18:27:07.723+0000] {processor.py:183} INFO - Processing /home/airflow/.local/lib/python3.8/site-packages/airflow/example_dags/example_local_kubernetes_executor.py took 0.105 seconds
[2026-07-21T18:27:38.330+0000] {processor.py:161} INFO - Started process (PID=2134) to work on /home/airflow/.local/lib/python3.8/site-packages/airflow/example_dags/example_local_kubernetes_executor.py
[2026-07-21T18:27:38.331+0000] {processor.py:830} INFO - Processing file /home/airflow/.local/lib/python3.8/site-packages/airflow/example_dags/example_local_kubernetes_executor.py for tasks to queue
[2026-07-21T18:27:38.334+0000] {logging_mixin.py:188} INFO - [2026-07-21T18:27:38.333+0000] {dagbag.py:538} INFO - Filling up the DagBag from /home/airflow/.local/lib/python3.8/site-packages/airflow/example_dags/example_local_kubernetes_executor.py
[2026-07-21T18:27:38.342+0000] {processor.py:840} INFO - DAG(s) 'example_local_kubernetes_executor' retrieved from /home/airflow/.local/lib/python3.8/site-packages/airflow/example_dags/example_local_kubernetes_executor.py
[2026-07-21T18:27:38.378+0000] {logging_mixin.py:188} INFO - [2026-07-21T18:27:38.378+0000] {dag.py:3036} INFO - Sync 1 DAGs
[2026-07-21T18:27:38.389+0000] {logging_mixin.py:188} INFO - [2026-07-21T18:27:38.389+0000] {dag.py:3823} INFO - Setting next_dagrun for example_local_kubernetes_executor to None, run_after=None
[2026-07-21T18:27:38.408+0000] {processor.py:183} INFO - Processing /home/airflow/.local/lib/python3.8/site-packages/airflow/example_dags/example_local_kubernetes_executor.py took 0.081 seconds
[2026-07-21T18:28:08.952+0000] {processor.py:161} INFO - Started process (PID=2190) to work on /home/airflow/.local/lib/python3.8/site-packages/airflow/example_dags/example_local_kubernetes_executor.py
[2026-07-21T18:28:08.953+0000] {processor.py:830} INFO - Processing file /home/airflow/.local/lib/python3.8/site-packages/airflow/example_dags/example_local_kubernetes_executor.py for tasks to queue
[2026-07-21T18:28:08.955+0000] {logging_mixin.py:188} INFO - [2026-07-21T18:28:08.955+0000] {dagbag.py:538} INFO - Filling up the DagBag from /home/airflow/.local/lib/python3.8/site-packages/airflow/example_dags/example_local_kubernetes_executor.py
[2026-07-21T18:28:08.963+0000] {processor.py:840} INFO - DAG(s) 'example_local_kubernetes_executor' retrieved from /home/airflow/.local/lib/python3.8/site-packages/airflow/example_dags/example_local_kubernetes_executor.py
[2026-07-21T18:28:08.998+0000] {logging_mixin.py:188} INFO - [2026-07-21T18:28:08.998+0000] {dag.py:3036} INFO - Sync 1 DAGs
[2026-07-21T18:28:09.010+0000] {logging_mixin.py:188} INFO - [2026-07-21T18:28:09.010+0000] {dag.py:3823} INFO - Setting next_dagrun for example_local_kubernetes_executor to None, run_after=None
[2026-07-21T18:28:09.030+0000] {processor.py:183} INFO - Processing /home/airflow/.local/lib/python3.8/site-packages/airflow/example_dags/example_local_kubernetes_executor.py took 0.082 seconds
[2026-07-21T18:28:39.222+0000] {processor.py:161} INFO - Started process (PID=2246) to work on /home/airflow/.local/lib/python3.8/site-packages/airflow/example_dags/example_local_kubernetes_executor.py
[2026-07-21T18:28:39.223+0000] {processor.py:830} INFO - Processing file /home/airflow/.local/lib/python3.8/site-packages/airflow/example_dags/example_local_kubernetes_executor.py for tasks to queue
[2026-07-21T18:28:39.226+0000] {logging_mixin.py:188} INFO - [2026-07-21T18:28:39.225+0000] {dagbag.py:538} INFO - Filling up the DagBag from /home/airflow/.local/lib/python3.8/site-packages/airflow/example_dags/example_local_kubernetes_executor.py
[2026-07-21T18:28:39.234+0000] {processor.py:840} INFO - DAG(s) 'example_local_kubernetes_executor' retrieved from /home/airflow/.local/lib/python3.8/site-packages/airflow/example_dags/example_local_kubernetes_executor.py
[2026-07-21T18:28:39.271+0000] {logging_mixin.py:188} INFO - [2026-07-21T18:28:39.271+0000] {dag.py:3036} INFO - Sync 1 DAGs
[2026-07-21T18:28:39.285+0000] {logging_mixin.py:188} INFO - [2026-07-21T18:28:39.285+0000] {dag.py:3823} INFO - Setting next_dagrun for example_local_kubernetes_executor to None, run_after=None
[2026-07-21T18:28:39.305+0000] {processor.py:183} INFO - Processing /home/airflow/.local/lib/python3.8/site-packages/airflow/example_dags/example_local_kubernetes_executor.py took 0.086 seconds
[2026-07-21T18:29:09.400+0000] {processor.py:161} INFO - Started process (PID=2301) to work on /home/airflow/.local/lib/python3.8/site-packages/airflow/example_dags/example_local_kubernetes_executor.py
[2026-07-21T18:29:09.401+0000] {processor.py:830} INFO - Processing file /home/airflow/.local/lib/python3.8/site-packages/airflow/example_dags/example_local_kubernetes_executor.py for tasks to queue
[2026-07-21T18:29:09.403+0000] {logging_mixin.py:188} INFO - [2026-07-21T18:29:09.403+0000] {dagbag.py:538} INFO - Filling up the DagBag from /home/airflow/.local/lib/python3.8/site-packages/airflow/example_dags/example_local_kubernetes_executor.py
[2026-07-21T18:29:09.412+0000] {processor.py:840} INFO - DAG(s) 'example_local_kubernetes_executor' retrieved from /home/airflow/.local/lib/python3.8/site-packages/airflow/example_dags/example_local_kubernetes_executor.py
[2026-07-21T18:29:09.448+0000] {logging_mixin.py:188} INFO - [2026-07-21T18:29:09.448+0000] {dag.py:3036} INFO - Sync 1 DAGs
[2026-07-21T18:29:09.459+0000] {logging_mixin.py:188} INFO - [2026-07-21T18:29:09.459+0000] {dag.py:3823} INFO - Setting next_dagrun for example_local_kubernetes_executor to None, run_after=None
[2026-07-21T18:29:09.479+0000] {processor.py:183} INFO - Processing /home/airflow/.local/lib/python3.8/site-packages/airflow/example_dags/example_local_kubernetes_executor.py took 0.083 seconds
[2026-07-21T18:29:40.163+0000] {processor.py:161} INFO - Started process (PID=2357) to work on /home/airflow/.local/lib/python3.8/site-packages/airflow/example_dags/example_local_kubernetes_executor.py
[2026-07-21T18:29:40.164+0000] {processor.py:830} INFO - Processing file /home/airflow/.local/lib/python3.8/site-packages/airflow/example_dags/example_local_kubernetes_executor.py for tasks to queue
[2026-07-21T18:29:40.166+0000] {logging_mixin.py:188} INFO - [2026-07-21T18:29:40.166+0000] {dagbag.py:538} INFO - Filling up the DagBag from /home/airflow/.local/lib/python3.8/site-packages/airflow/example_dags/example_local_kubernetes_executor.py
[2026-07-21T18:29:40.175+0000] {processor.py:840} INFO - DAG(s) 'example_local_kubernetes_executor' retrieved from /home/airflow/.local/lib/python3.8/site-packages/airflow/example_dags/example_local_kubernetes_executor.py
[2026-07-21T18:29:40.210+0000] {logging_mixin.py:188} INFO - [2026-07-21T18:29:40.209+0000] {dag.py:3036} INFO - Sync 1 DAGs
[2026-07-21T18:29:40.221+0000] {logging_mixin.py:188} INFO - [2026-07-21T18:29:40.221+0000] {dag.py:3823} INFO - Setting next_dagrun for example_local_kubernetes_executor to None, run_after=None
[2026-07-21T18:29:40.241+0000] {processor.py:183} INFO - Processing /home/airflow/.local/lib/python3.8/site-packages/airflow/example_dags/example_local_kubernetes_executor.py took 0.082 seconds
[2026-07-21T18:30:10.575+0000] {processor.py:161} INFO - Started process (PID=2413) to work on /home/airflow/.local/lib/python3.8/site-packages/airflow/example_dags/example_local_kubernetes_executor.py
[2026-07-21T18:30:10.576+0000] {processor.py:830} INFO - Processing file /home/airflow/.local/lib/python3.8/site-packages/airflow/example_dags/example_local_kubernetes_executor.py for tasks to queue
[2026-07-21T18:30:10.579+0000] {logging_mixin.py:188} INFO - [2026-07-21T18:30:10.578+0000] {dagbag.py:538} INFO - Filling up the DagBag from /home/airflow/.local/lib/python3.8/site-packages/airflow/example_dags/example_local_kubernetes_executor.py
[2026-07-21T18:30:10.587+0000] {processor.py:840} INFO - DAG(s) 'example_local_kubernetes_executor' retrieved from /home/airflow/.local/lib/python3.8/site-packages/airflow/example_dags/example_local_kubernetes_executor.py
[2026-07-21T18:30:10.626+0000] {logging_mixin.py:188} INFO - [2026-07-21T18:30:10.625+0000] {dag.py:3036} INFO - Sync 1 DAGs
[2026-07-21T18:30:10.639+0000] {logging_mixin.py:188} INFO - [2026-07-21T18:30:10.639+0000] {dag.py:3823} INFO - Setting next_dagrun for example_local_kubernetes_executor to None, run_after=None
[2026-07-21T18:30:10.659+0000] {processor.py:183} INFO - Processing /home/airflow/.local/lib/python3.8/site-packages/airflow/example_dags/example_local_kubernetes_executor.py took 0.087 seconds
[2026-07-21T18:30:40.857+0000] {processor.py:161} INFO - Started process (PID=2469) to work on /home/airflow/.local/lib/python3.8/site-packages/airflow/example_dags/example_local_kubernetes_executor.py
[2026-07-21T18:30:40.859+0000] {processor.py:830} INFO - Processing file /home/airflow/.local/lib/python3.8/site-packages/airflow/example_dags/example_local_kubernetes_executor.py for tasks to queue
[2026-07-21T18:30:40.861+0000] {logging_mixin.py:188} INFO - [2026-07-21T18:30:40.860+0000] {dagbag.py:538} INFO - Filling up the DagBag from /home/airflow/.local/lib/python3.8/site-packages/airflow/example_dags/example_local_kubernetes_executor.py
[2026-07-21T18:30:40.871+0000] {processor.py:840} INFO - DAG(s) 'example_local_kubernetes_executor' retrieved from /home/airflow/.local/lib/python3.8/site-packages/airflow/example_dags/example_local_kubernetes_executor.py
[2026-07-21T18:30:40.907+0000] {logging_mixin.py:188} INFO - [2026-07-21T18:30:40.907+0000] {dag.py:3036} INFO - Sync 1 DAGs
[2026-07-21T18:30:40.921+0000] {logging_mixin.py:188} INFO - [2026-07-21T18:30:40.920+0000] {dag.py:3823} INFO - Setting next_dagrun for example_local_kubernetes_executor to None, run_after=None
[2026-07-21T18:30:40.947+0000] {processor.py:183} INFO - Processing /home/airflow/.local/lib/python3.8/site-packages/airflow/example_dags/example_local_kubernetes_executor.py took 0.093 seconds
[2026-07-21T18:31:11.329+0000] {processor.py:161} INFO - Started process (PID=2525) to work on /home/airflow/.local/lib/python3.8/site-packages/airflow/example_dags/example_local_kubernetes_executor.py
[2026-07-21T18:31:11.330+0000] {processor.py:830} INFO - Processing file /home/airflow/.local/lib/python3.8/site-packages/airflow/example_dags/example_local_kubernetes_executor.py for tasks to queue
[2026-07-21T18:31:11.332+0000] {logging_mixin.py:188} INFO - [2026-07-21T18:31:11.332+0000] {dagbag.py:538} INFO - Filling up the DagBag from /home/airflow/.local/lib/python3.8/site-packages/airflow/example_dags/example_local_kubernetes_executor.py
[2026-07-21T18:31:11.341+0000] {processor.py:840} INFO - DAG(s) 'example_local_kubernetes_executor' retrieved from /home/airflow/.local/lib/python3.8/site-packages/airflow/example_dags/example_local_kubernetes_executor.py
[2026-07-21T18:31:11.376+0000] {logging_mixin.py:188} INFO - [2026-07-21T18:31:11.376+0000] {dag.py:3036} INFO - Sync 1 DAGs
[2026-07-21T18:31:11.387+0000] {logging_mixin.py:188} INFO - [2026-07-21T18:31:11.387+0000] {dag.py:3823} INFO - Setting next_dagrun for example_local_kubernetes_executor to None, run_after=None
[2026-07-21T18:31:11.406+0000] {processor.py:183} INFO - Processing /home/airflow/.local/lib/python3.8/site-packages/airflow/example_dags/example_local_kubernetes_executor.py took 0.081 seconds
[2026-07-21T18:34:13.431+0000] {processor.py:161} INFO - Started process (PID=78) to work on /home/airflow/.local/lib/python3.10/site-packages/airflow/example_dags/example_local_kubernetes_executor.py
[2026-07-21T18:34:13.435+0000] {processor.py:830} INFO - Processing file /home/airflow/.local/lib/python3.10/site-packages/airflow/example_dags/example_local_kubernetes_executor.py for tasks to queue
[2026-07-21T18:34:13.444+0000] {logging_mixin.py:188} INFO - [2026-07-21T18:34:13.444+0000] {dagbag.py:538} INFO - Filling up the DagBag from /home/airflow/.local/lib/python3.10/site-packages/airflow/example_dags/example_local_kubernetes_executor.py
[2026-07-21T18:34:13.459+0000] {processor.py:840} INFO - DAG(s) 'example_local_kubernetes_executor' retrieved from /home/airflow/.local/lib/python3.10/site-packages/airflow/example_dags/example_local_kubernetes_executor.py
[2026-07-21T18:34:13.488+0000] {logging_mixin.py:188} INFO - [2026-07-21T18:34:13.488+0000] {dag.py:3036} INFO - Sync 1 DAGs
[2026-07-21T18:34:13.537+0000] {logging_mixin.py:188} INFO - [2026-07-21T18:34:13.536+0000] {dag.py:3823} INFO - Setting next_dagrun for example_local_kubernetes_executor to None, run_after=None
[2026-07-21T18:34:13.577+0000] {processor.py:183} INFO - Processing /home/airflow/.local/lib/python3.10/site-packages/airflow/example_dags/example_local_kubernetes_executor.py took 0.174 seconds
[2026-07-21T18:34:44.109+0000] {processor.py:161} INFO - Started process (PID=134) to work on /home/airflow/.local/lib/python3.10/site-packages/airflow/example_dags/example_local_kubernetes_executor.py
[2026-07-21T18:34:44.111+0000] {processor.py:830} INFO - Processing file /home/airflow/.local/lib/python3.10/site-packages/airflow/example_dags/example_local_kubernetes_executor.py for tasks to queue
[2026-07-21T18:34:44.113+0000] {logging_mixin.py:188} INFO - [2026-07-21T18:34:44.113+0000] {dagbag.py:538} INFO - Filling up the DagBag from /home/airflow/.local/lib/python3.10/site-packages/airflow/example_dags/example_local_kubernetes_executor.py
[2026-07-21T18:34:44.124+0000] {processor.py:840} INFO - DAG(s) 'example_local_kubernetes_executor' retrieved from /home/airflow/.local/lib/python3.10/site-packages/airflow/example_dags/example_local_kubernetes_executor.py
[2026-07-21T18:34:44.242+0000] {logging_mixin.py:188} INFO - [2026-07-21T18:34:44.242+0000] {dag.py:3036} INFO - Sync 1 DAGs
[2026-07-21T18:34:44.251+0000] {logging_mixin.py:188} INFO - [2026-07-21T18:34:44.251+0000] {dag.py:3823} INFO - Setting next_dagrun for example_local_kubernetes_executor to None, run_after=None
[2026-07-21T18:34:44.272+0000] {processor.py:183} INFO - Processing /home/airflow/.local/lib/python3.10/site-packages/airflow/example_dags/example_local_kubernetes_executor.py took 0.168 seconds
[2026-07-21T18:35:14.514+0000] {processor.py:161} INFO - Started process (PID=190) to work on /home/airflow/.local/lib/python3.10/site-packages/airflow/example_dags/example_local_kubernetes_executor.py
[2026-07-21T18:35:14.516+0000] {processor.py:830} INFO - Processing file /home/airflow/.local/lib/python3.10/site-packages/airflow/example_dags/example_local_kubernetes_executor.py for tasks to queue
[2026-07-21T18:35:14.518+0000] {logging_mixin.py:188} INFO - [2026-07-21T18:35:14.518+0000] {dagbag.py:538} INFO - Filling up the DagBag from /home/airflow/.local/lib/python3.10/site-packages/airflow/example_dags/example_local_kubernetes_executor.py
[2026-07-21T18:35:14.530+0000] {processor.py:840} INFO - DAG(s) 'example_local_kubernetes_executor' retrieved from /home/airflow/.local/lib/python3.10/site-packages/airflow/example_dags/example_local_kubernetes_executor.py
[2026-07-21T18:35:14.572+0000] {logging_mixin.py:188} INFO - [2026-07-21T18:35:14.572+0000] {dag.py:3036} INFO - Sync 1 DAGs
[2026-07-21T18:35:14.584+0000] {logging_mixin.py:188} INFO - [2026-07-21T18:35:14.584+0000] {dag.py:3823} INFO - Setting next_dagrun for example_local_kubernetes_executor to None, run_after=None
[2026-07-21T18:35:14.602+0000] {processor.py:183} INFO - Processing /home/airflow/.local/lib/python3.10/site-packages/airflow/example_dags/example_local_kubernetes_executor.py took 0.093 seconds
[2026-07-21T18:35:44.659+0000] {processor.py:161} INFO - Started process (PID=246) to work on /home/airflow/.local/lib/python3.10/site-packages/airflow/example_dags/example_local_kubernetes_executor.py
[2026-07-21T18:35:44.661+0000] {processor.py:830} INFO - Processing file /home/airflow/.local/lib/python3.10/site-packages/airflow/example_dags/example_local_kubernetes_executor.py for tasks to queue
[2026-07-21T18:35:44.663+0000] {logging_mixin.py:188} INFO - [2026-07-21T18:35:44.663+0000] {dagbag.py:538} INFO - Filling up the DagBag from /home/airflow/.local/lib/python3.10/site-packages/airflow/example_dags/example_local_kubernetes_executor.py
[2026-07-21T18:35:44.674+0000] {processor.py:840} INFO - DAG(s) 'example_local_kubernetes_executor' retrieved from /home/airflow/.local/lib/python3.10/site-packages/airflow/example_dags/example_local_kubernetes_executor.py
[2026-07-21T18:35:44.721+0000] {logging_mixin.py:188} INFO - [2026-07-21T18:35:44.721+0000] {dag.py:3036} INFO - Sync 1 DAGs
[2026-07-21T18:35:44.742+0000] {logging_mixin.py:188} INFO - [2026-07-21T18:35:44.741+0000] {dag.py:3823} INFO - Setting next_dagrun for example_local_kubernetes_executor to None, run_after=None
[2026-07-21T18:35:44.763+0000] {processor.py:183} INFO - Processing /home/airflow/.local/lib/python3.10/site-packages/airflow/example_dags/example_local_kubernetes_executor.py took 0.108 seconds
[2026-07-21T18:36:15.133+0000] {processor.py:161} INFO - Started process (PID=302) to work on /home/airflow/.local/lib/python3.10/site-packages/airflow/example_dags/example_local_kubernetes_executor.py
[2026-07-21T18:36:15.135+0000] {processor.py:830} INFO - Processing file /home/airflow/.local/lib/python3.10/site-packages/airflow/example_dags/example_local_kubernetes_executor.py for tasks to queue
[2026-07-21T18:36:15.137+0000] {logging_mixin.py:188} INFO - [2026-07-21T18:36:15.137+0000] {dagbag.py:538} INFO - Filling up the DagBag from /home/airflow/.local/lib/python3.10/site-packages/airflow/example_dags/example_local_kubernetes_executor.py
[2026-07-21T18:36:15.147+0000] {processor.py:840} INFO - DAG(s) 'example_local_kubernetes_executor' retrieved from /home/airflow/.local/lib/python3.10/site-packages/airflow/example_dags/example_local_kubernetes_executor.py
[2026-07-21T18:36:15.190+0000] {logging_mixin.py:188} INFO - [2026-07-21T18:36:15.190+0000] {dag.py:3036} INFO - Sync 1 DAGs
[2026-07-21T18:36:15.203+0000] {logging_mixin.py:188} INFO - [2026-07-21T18:36:15.203+0000] {dag.py:3823} INFO - Setting next_dagrun for example_local_kubernetes_executor to None, run_after=None
[2026-07-21T18:36:15.224+0000] {processor.py:183} INFO - Processing /home/airflow/.local/lib/python3.10/site-packages/airflow/example_dags/example_local_kubernetes_executor.py took 0.095 seconds
[2026-07-21T18:36:45.581+0000] {processor.py:161} INFO - Started process (PID=358) to work on /home/airflow/.local/lib/python3.10/site-packages/airflow/example_dags/example_local_kubernetes_executor.py
[2026-07-21T18:36:45.583+0000] {processor.py:830} INFO - Processing file /home/airflow/.local/lib/python3.10/site-packages/airflow/example_dags/example_local_kubernetes_executor.py for tasks to queue
[2026-07-21T18:36:45.585+0000] {logging_mixin.py:188} INFO - [2026-07-21T18:36:45.584+0000] {dagbag.py:538} INFO - Filling up the DagBag from /home/airflow/.local/lib/python3.10/site-packages/airflow/example_dags/example_local_kubernetes_executor.py
[2026-07-21T18:36:45.593+0000] {processor.py:840} INFO - DAG(s) 'example_local_kubernetes_executor' retrieved from /home/airflow/.local/lib/python3.10/site-packages/airflow/example_dags/example_local_kubernetes_executor.py
[2026-07-21T18:36:45.629+0000] {logging_mixin.py:188} INFO - [2026-07-21T18:36:45.629+0000] {dag.py:3036} INFO - Sync 1 DAGs
[2026-07-21T18:36:45.642+0000] {logging_mixin.py:188} INFO - [2026-07-21T18:36:45.642+0000] {dag.py:3823} INFO - Setting next_dagrun for example_local_kubernetes_executor to None, run_after=None
[2026-07-21T18:36:45.660+0000] {processor.py:183} INFO - Processing /home/airflow/.local/lib/python3.10/site-packages/airflow/example_dags/example_local_kubernetes_executor.py took 0.083 seconds
[2026-07-21T18:37:16.042+0000] {processor.py:161} INFO - Started process (PID=415) to work on /home/airflow/.local/lib/python3.10/site-packages/airflow/example_dags/example_local_kubernetes_executor.py
[2026-07-21T18:37:16.044+0000] {processor.py:830} INFO - Processing file /home/airflow/.local/lib/python3.10/site-packages/airflow/example_dags/example_local_kubernetes_executor.py for tasks to queue
[2026-07-21T18:37:16.046+0000] {logging_mixin.py:188} INFO - [2026-07-21T18:37:16.046+0000] {dagbag.py:538} INFO - Filling up the DagBag from /home/airflow/.local/lib/python3.10/site-packages/airflow/example_dags/example_local_kubernetes_executor.py
[2026-07-21T18:37:16.054+0000] {processor.py:840} INFO - DAG(s) 'example_local_kubernetes_executor' retrieved from /home/airflow/.local/lib/python3.10/site-packages/airflow/example_dags/example_local_kubernetes_executor.py
[2026-07-21T18:37:16.093+0000] {logging_mixin.py:188} INFO - [2026-07-21T18:37:16.093+0000] {dag.py:3036} INFO - Sync 1 DAGs
[2026-07-21T18:37:16.107+0000] {logging_mixin.py:188} INFO - [2026-07-21T18:37:16.107+0000] {dag.py:3823} INFO - Setting next_dagrun for example_local_kubernetes_executor to None, run_after=None
[2026-07-21T18:37:16.130+0000] {processor.py:183} INFO - Processing /home/airflow/.local/lib/python3.10/site-packages/airflow/example_dags/example_local_kubernetes_executor.py took 0.092 seconds
[2026-07-21T18:37:46.172+0000] {processor.py:161} INFO - Started process (PID=470) to work on /home/airflow/.local/lib/python3.10/site-packages/airflow/example_dags/example_local_kubernetes_executor.py
[2026-07-21T18:37:46.173+0000] {processor.py:830} INFO - Processing file /home/airflow/.local/lib/python3.10/site-packages/airflow/example_dags/example_local_kubernetes_executor.py for tasks to queue
[2026-07-21T18:37:46.175+0000] {logging_mixin.py:188} INFO - [2026-07-21T18:37:46.174+0000] {dagbag.py:538} INFO - Filling up the DagBag from /home/airflow/.local/lib/python3.10/site-packages/airflow/example_dags/example_local_kubernetes_executor.py
[2026-07-21T18:37:46.183+0000] {processor.py:840} INFO - DAG(s) 'example_local_kubernetes_executor' retrieved from /home/airflow/.local/lib/python3.10/site-packages/airflow/example_dags/example_local_kubernetes_executor.py
[2026-07-21T18:37:46.220+0000] {logging_mixin.py:188} INFO - [2026-07-21T18:37:46.220+0000] {dag.py:3036} INFO - Sync 1 DAGs
[2026-07-21T18:37:46.233+0000] {logging_mixin.py:188} INFO - [2026-07-21T18:37:46.232+0000] {dag.py:3823} INFO - Setting next_dagrun for example_local_kubernetes_executor to None, run_after=None
[2026-07-21T18:37:46.253+0000] {processor.py:183} INFO - Processing /home/airflow/.local/lib/python3.10/site-packages/airflow/example_dags/example_local_kubernetes_executor.py took 0.085 seconds
[2026-07-21T18:38:16.814+0000] {processor.py:161} INFO - Started process (PID=526) to work on /home/airflow/.local/lib/python3.10/site-packages/airflow/example_dags/example_local_kubernetes_executor.py
[2026-07-21T18:38:16.815+0000] {processor.py:830} INFO - Processing file /home/airflow/.local/lib/python3.10/site-packages/airflow/example_dags/example_local_kubernetes_executor.py for tasks to queue
[2026-07-21T18:38:16.817+0000] {logging_mixin.py:188} INFO - [2026-07-21T18:38:16.817+0000] {dagbag.py:538} INFO - Filling up the DagBag from /home/airflow/.local/lib/python3.10/site-packages/airflow/example_dags/example_local_kubernetes_executor.py
[2026-07-21T18:38:16.825+0000] {processor.py:840} INFO - DAG(s) 'example_local_kubernetes_executor' retrieved from /home/airflow/.local/lib/python3.10/site-packages/airflow/example_dags/example_local_kubernetes_executor.py
[2026-07-21T18:38:16.861+0000] {logging_mixin.py:188} INFO - [2026-07-21T18:38:16.861+0000] {dag.py:3036} INFO - Sync 1 DAGs
[2026-07-21T18:38:16.872+0000] {logging_mixin.py:188} INFO - [2026-07-21T18:38:16.872+0000] {dag.py:3823} INFO - Setting next_dagrun for example_local_kubernetes_executor to None, run_after=None
[2026-07-21T18:38:16.890+0000] {processor.py:183} INFO - Processing /home/airflow/.local/lib/python3.10/site-packages/airflow/example_dags/example_local_kubernetes_executor.py took 0.080 seconds
[2026-07-21T18:38:47.205+0000] {processor.py:161} INFO - Started process (PID=582) to work on /home/airflow/.local/lib/python3.10/site-packages/airflow/example_dags/example_local_kubernetes_executor.py
[2026-07-21T18:38:47.206+0000] {processor.py:830} INFO - Processing file /home/airflow/.local/lib/python3.10/site-packages/airflow/example_dags/example_local_kubernetes_executor.py for tasks to queue
[2026-07-21T18:38:47.208+0000] {logging_mixin.py:188} INFO - [2026-07-21T18:38:47.208+0000] {dagbag.py:538} INFO - Filling up the DagBag from /home/airflow/.local/lib/python3.10/site-packages/airflow/example_dags/example_local_kubernetes_executor.py
[2026-07-21T18:38:47.216+0000] {processor.py:840} INFO - DAG(s) 'example_local_kubernetes_executor' retrieved from /home/airflow/.local/lib/python3.10/site-packages/airflow/example_dags/example_local_kubernetes_executor.py
[2026-07-21T18:38:47.253+0000] {logging_mixin.py:188} INFO - [2026-07-21T18:38:47.253+0000] {dag.py:3036} INFO - Sync 1 DAGs
[2026-07-21T18:38:47.265+0000] {logging_mixin.py:188} INFO - [2026-07-21T18:38:47.264+0000] {dag.py:3823} INFO - Setting next_dagrun for example_local_kubernetes_executor to None, run_after=None
[2026-07-21T18:38:47.282+0000] {processor.py:183} INFO - Processing /home/airflow/.local/lib/python3.10/site-packages/airflow/example_dags/example_local_kubernetes_executor.py took 0.081 seconds
[2026-07-21T18:39:17.494+0000] {processor.py:161} INFO - Started process (PID=638) to work on /home/airflow/.local/lib/python3.10/site-packages/airflow/example_dags/example_local_kubernetes_executor.py
[2026-07-21T18:39:17.495+0000] {processor.py:830} INFO - Processing file /home/airflow/.local/lib/python3.10/site-packages/airflow/example_dags/example_local_kubernetes_executor.py for tasks to queue
[2026-07-21T18:39:17.498+0000] {logging_mixin.py:188} INFO - [2026-07-21T18:39:17.497+0000] {dagbag.py:538} INFO - Filling up the DagBag from /home/airflow/.local/lib/python3.10/site-packages/airflow/example_dags/example_local_kubernetes_executor.py
[2026-07-21T18:39:17.506+0000] {processor.py:840} INFO - DAG(s) 'example_local_kubernetes_executor' retrieved from /home/airflow/.local/lib/python3.10/site-packages/airflow/example_dags/example_local_kubernetes_executor.py
[2026-07-21T18:39:17.543+0000] {logging_mixin.py:188} INFO - [2026-07-21T18:39:17.542+0000] {dag.py:3036} INFO - Sync 1 DAGs
[2026-07-21T18:39:17.554+0000] {logging_mixin.py:188} INFO - [2026-07-21T18:39:17.554+0000] {dag.py:3823} INFO - Setting next_dagrun for example_local_kubernetes_executor to None, run_after=None
[2026-07-21T18:39:17.572+0000] {processor.py:183} INFO - Processing /home/airflow/.local/lib/python3.10/site-packages/airflow/example_dags/example_local_kubernetes_executor.py took 0.082 seconds
[2026-07-21T18:39:47.632+0000] {processor.py:161} INFO - Started process (PID=694) to work on /home/airflow/.local/lib/python3.10/site-packages/airflow/example_dags/example_local_kubernetes_executor.py
[2026-07-21T18:39:47.633+0000] {processor.py:830} INFO - Processing file /home/airflow/.local/lib/python3.10/site-packages/airflow/example_dags/example_local_kubernetes_executor.py for tasks to queue
[2026-07-21T18:39:47.635+0000] {logging_mixin.py:188} INFO - [2026-07-21T18:39:47.635+0000] {dagbag.py:538} INFO - Filling up the DagBag from /home/airflow/.local/lib/python3.10/site-packages/airflow/example_dags/example_local_kubernetes_executor.py
[2026-07-21T18:39:47.644+0000] {processor.py:840} INFO - DAG(s) 'example_local_kubernetes_executor' retrieved from /home/airflow/.local/lib/python3.10/site-packages/airflow/example_dags/example_local_kubernetes_executor.py
[2026-07-21T18:39:47.680+0000] {logging_mixin.py:188} INFO - [2026-07-21T18:39:47.679+0000] {dag.py:3036} INFO - Sync 1 DAGs
[2026-07-21T18:39:47.690+0000] {logging_mixin.py:188} INFO - [2026-07-21T18:39:47.690+0000] {dag.py:3823} INFO - Setting next_dagrun for example_local_kubernetes_executor to None, run_after=None
[2026-07-21T18:39:47.708+0000] {processor.py:183} INFO - Processing /home/airflow/.local/lib/python3.10/site-packages/airflow/example_dags/example_local_kubernetes_executor.py took 0.080 seconds
[2026-07-21T18:40:18.208+0000] {processor.py:161} INFO - Started process (PID=750) to work on /home/airflow/.local/lib/python3.10/site-packages/airflow/example_dags/example_local_kubernetes_executor.py
[2026-07-21T18:40:18.209+0000] {processor.py:830} INFO - Processing file /home/airflow/.local/lib/python3.10/site-packages/airflow/example_dags/example_local_kubernetes_executor.py for tasks to queue
[2026-07-21T18:40:18.211+0000] {logging_mixin.py:188} INFO - [2026-07-21T18:40:18.211+0000] {dagbag.py:538} INFO - Filling up the DagBag from /home/airflow/.local/lib/python3.10/site-packages/airflow/example_dags/example_local_kubernetes_executor.py
[2026-07-21T18:40:18.220+0000] {processor.py:840} INFO - DAG(s) 'example_local_kubernetes_executor' retrieved from /home/airflow/.local/lib/python3.10/site-packages/airflow/example_dags/example_local_kubernetes_executor.py
[2026-07-21T18:40:18.258+0000] {logging_mixin.py:188} INFO - [2026-07-21T18:40:18.257+0000] {dag.py:3036} INFO - Sync 1 DAGs
[2026-07-21T18:40:18.271+0000] {logging_mixin.py:188} INFO - [2026-07-21T18:40:18.271+0000] {dag.py:3823} INFO - Setting next_dagrun for example_local_kubernetes_executor to None, run_after=None
[2026-07-21T18:40:18.289+0000] {processor.py:183} INFO - Processing /home/airflow/.local/lib/python3.10/site-packages/airflow/example_dags/example_local_kubernetes_executor.py took 0.085 seconds
[2026-07-21T18:40:48.578+0000] {processor.py:161} INFO - Started process (PID=806) to work on /home/airflow/.local/lib/python3.10/site-packages/airflow/example_dags/example_local_kubernetes_executor.py
[2026-07-21T18:40:48.579+0000] {processor.py:830} INFO - Processing file /home/airflow/.local/lib/python3.10/site-packages/airflow/example_dags/example_local_kubernetes_executor.py for tasks to queue
[2026-07-21T18:40:48.582+0000] {logging_mixin.py:188} INFO - [2026-07-21T18:40:48.581+0000] {dagbag.py:538} INFO - Filling up the DagBag from /home/airflow/.local/lib/python3.10/site-packages/airflow/example_dags/example_local_kubernetes_executor.py
[2026-07-21T18:40:48.592+0000] {processor.py:840} INFO - DAG(s) 'example_local_kubernetes_executor' retrieved from /home/airflow/.local/lib/python3.10/site-packages/airflow/example_dags/example_local_kubernetes_executor.py
[2026-07-21T18:40:48.632+0000] {logging_mixin.py:188} INFO - [2026-07-21T18:40:48.632+0000] {dag.py:3036} INFO - Sync 1 DAGs
[2026-07-21T18:40:48.643+0000] {logging_mixin.py:188} INFO - [2026-07-21T18:40:48.643+0000] {dag.py:3823} INFO - Setting next_dagrun for example_local_kubernetes_executor to None, run_after=None
[2026-07-21T18:40:48.661+0000] {processor.py:183} INFO - Processing /home/airflow/.local/lib/python3.10/site-packages/airflow/example_dags/example_local_kubernetes_executor.py took 0.087 seconds
[2026-07-21T18:41:18.812+0000] {processor.py:161} INFO - Started process (PID=862) to work on /home/airflow/.local/lib/python3.10/site-packages/airflow/example_dags/example_local_kubernetes_executor.py
[2026-07-21T18:41:18.814+0000] {processor.py:830} INFO - Processing file /home/airflow/.local/lib/python3.10/site-packages/airflow/example_dags/example_local_kubernetes_executor.py for tasks to queue
[2026-07-21T18:41:18.816+0000] {logging_mixin.py:188} INFO - [2026-07-21T18:41:18.816+0000] {dagbag.py:538} INFO - Filling up the DagBag from /home/airflow/.local/lib/python3.10/site-packages/airflow/example_dags/example_local_kubernetes_executor.py
[2026-07-21T18:41:18.824+0000] {processor.py:840} INFO - DAG(s) 'example_local_kubernetes_executor' retrieved from /home/airflow/.local/lib/python3.10/site-packages/airflow/example_dags/example_local_kubernetes_executor.py
[2026-07-21T18:41:18.861+0000] {logging_mixin.py:188} INFO - [2026-07-21T18:41:18.861+0000] {dag.py:3036} INFO - Sync 1 DAGs
[2026-07-21T18:41:18.873+0000] {logging_mixin.py:188} INFO - [2026-07-21T18:41:18.872+0000] {dag.py:3823} INFO - Setting next_dagrun for example_local_kubernetes_executor to None, run_after=None
[2026-07-21T18:41:18.890+0000] {processor.py:183} INFO - Processing /home/airflow/.local/lib/python3.10/site-packages/airflow/example_dags/example_local_kubernetes_executor.py took 0.082 seconds
[2026-07-21T18:41:49.190+0000] {processor.py:161} INFO - Started process (PID=918) to work on /home/airflow/.local/lib/python3.10/site-packages/airflow/example_dags/example_local_kubernetes_executor.py
[2026-07-21T18:41:49.191+0000] {processor.py:830} INFO - Processing file /home/airflow/.local/lib/python3.10/site-packages/airflow/example_dags/example_local_kubernetes_executor.py for tasks to queue
[2026-07-21T18:41:49.193+0000] {logging_mixin.py:188} INFO - [2026-07-21T18:41:49.193+0000] {dagbag.py:538} INFO - Filling up the DagBag from /home/airflow/.local/lib/python3.10/site-packages/airflow/example_dags/example_local_kubernetes_executor.py
[2026-07-21T18:41:49.202+0000] {processor.py:840} INFO - DAG(s) 'example_local_kubernetes_executor' retrieved from /home/airflow/.local/lib/python3.10/site-packages/airflow/example_dags/example_local_kubernetes_executor.py
[2026-07-21T18:41:49.239+0000] {logging_mixin.py:188} INFO - [2026-07-21T18:41:49.238+0000] {dag.py:3036} INFO - Sync 1 DAGs
[2026-07-21T18:41:49.251+0000] {logging_mixin.py:188} INFO - [2026-07-21T18:41:49.250+0000] {dag.py:3823} INFO - Setting next_dagrun for example_local_kubernetes_executor to None, run_after=None
[2026-07-21T18:41:49.271+0000] {processor.py:183} INFO - Processing /home/airflow/.local/lib/python3.10/site-packages/airflow/example_dags/example_local_kubernetes_executor.py took 0.086 seconds
[2026-07-21T18:42:19.470+0000] {processor.py:161} INFO - Started process (PID=974) to work on /home/airflow/.local/lib/python3.10/site-packages/airflow/example_dags/example_local_kubernetes_executor.py
[2026-07-21T18:42:19.471+0000] {processor.py:830} INFO - Processing file /home/airflow/.local/lib/python3.10/site-packages/airflow/example_dags/example_local_kubernetes_executor.py for tasks to queue
[2026-07-21T18:42:19.473+0000] {logging_mixin.py:188} INFO - [2026-07-21T18:42:19.473+0000] {dagbag.py:538} INFO - Filling up the DagBag from /home/airflow/.local/lib/python3.10/site-packages/airflow/example_dags/example_local_kubernetes_executor.py
[2026-07-21T18:42:19.482+0000] {processor.py:840} INFO - DAG(s) 'example_local_kubernetes_executor' retrieved from /home/airflow/.local/lib/python3.10/site-packages/airflow/example_dags/example_local_kubernetes_executor.py
[2026-07-21T18:42:19.528+0000] {logging_mixin.py:188} INFO - [2026-07-21T18:42:19.528+0000] {dag.py:3036} INFO - Sync 1 DAGs
[2026-07-21T18:42:19.542+0000] {logging_mixin.py:188} INFO - [2026-07-21T18:42:19.541+0000] {dag.py:3823} INFO - Setting next_dagrun for example_local_kubernetes_executor to None, run_after=None
[2026-07-21T18:42:19.560+0000] {processor.py:183} INFO - Processing /home/airflow/.local/lib/python3.10/site-packages/airflow/example_dags/example_local_kubernetes_executor.py took 0.094 seconds
[2026-07-21T18:42:49.697+0000] {processor.py:161} INFO - Started process (PID=1031) to work on /home/airflow/.local/lib/python3.10/site-packages/airflow/example_dags/example_local_kubernetes_executor.py
[2026-07-21T18:42:49.699+0000] {processor.py:830} INFO - Processing file /home/airflow/.local/lib/python3.10/site-packages/airflow/example_dags/example_local_kubernetes_executor.py for tasks to queue
[2026-07-21T18:42:49.701+0000] {logging_mixin.py:188} INFO - [2026-07-21T18:42:49.700+0000] {dagbag.py:538} INFO - Filling up the DagBag from /home/airflow/.local/lib/python3.10/site-packages/airflow/example_dags/example_local_kubernetes_executor.py
[2026-07-21T18:42:49.709+0000] {processor.py:840} INFO - DAG(s) 'example_local_kubernetes_executor' retrieved from /home/airflow/.local/lib/python3.10/site-packages/airflow/example_dags/example_local_kubernetes_executor.py
[2026-07-21T18:42:49.745+0000] {logging_mixin.py:188} INFO - [2026-07-21T18:42:49.745+0000] {dag.py:3036} INFO - Sync 1 DAGs
[2026-07-21T18:42:49.756+0000] {logging_mixin.py:188} INFO - [2026-07-21T18:42:49.756+0000] {dag.py:3823} INFO - Setting next_dagrun for example_local_kubernetes_executor to None, run_after=None
[2026-07-21T18:42:49.773+0000] {processor.py:183} INFO - Processing /home/airflow/.local/lib/python3.10/site-packages/airflow/example_dags/example_local_kubernetes_executor.py took 0.080 seconds
[2026-07-21T18:43:20.179+0000] {processor.py:161} INFO - Started process (PID=1087) to work on /home/airflow/.local/lib/python3.10/site-packages/airflow/example_dags/example_local_kubernetes_executor.py
[2026-07-21T18:43:20.180+0000] {processor.py:830} INFO - Processing file /home/airflow/.local/lib/python3.10/site-packages/airflow/example_dags/example_local_kubernetes_executor.py for tasks to queue
[2026-07-21T18:43:20.183+0000] {logging_mixin.py:188} INFO - [2026-07-21T18:43:20.182+0000] {dagbag.py:538} INFO - Filling up the DagBag from /home/airflow/.local/lib/python3.10/site-packages/airflow/example_dags/example_local_kubernetes_executor.py
[2026-07-21T18:43:20.191+0000] {processor.py:840} INFO - DAG(s) 'example_local_kubernetes_executor' retrieved from /home/airflow/.local/lib/python3.10/site-packages/airflow/example_dags/example_local_kubernetes_executor.py
[2026-07-21T18:43:20.228+0000] {logging_mixin.py:188} INFO - [2026-07-21T18:43:20.228+0000] {dag.py:3036} INFO - Sync 1 DAGs
[2026-07-21T18:43:20.239+0000] {logging_mixin.py:188} INFO - [2026-07-21T18:43:20.239+0000] {dag.py:3823} INFO - Setting next_dagrun for example_local_kubernetes_executor to None, run_after=None
[2026-07-21T18:43:20.257+0000] {processor.py:183} INFO - Processing /home/airflow/.local/lib/python3.10/site-packages/airflow/example_dags/example_local_kubernetes_executor.py took 0.082 seconds
[2026-07-21T18:43:50.720+0000] {processor.py:161} INFO - Started process (PID=1143) to work on /home/airflow/.local/lib/python3.10/site-packages/airflow/example_dags/example_local_kubernetes_executor.py
[2026-07-21T18:43:50.721+0000] {processor.py:830} INFO - Processing file /home/airflow/.local/lib/python3.10/site-packages/airflow/example_dags/example_local_kubernetes_executor.py for tasks to queue
[2026-07-21T18:43:50.723+0000] {logging_mixin.py:188} INFO - [2026-07-21T18:43:50.723+0000] {dagbag.py:538} INFO - Filling up the DagBag from /home/airflow/.local/lib/python3.10/site-packages/airflow/example_dags/example_local_kubernetes_executor.py
[2026-07-21T18:43:50.732+0000] {processor.py:840} INFO - DAG(s) 'example_local_kubernetes_executor' retrieved from /home/airflow/.local/lib/python3.10/site-packages/airflow/example_dags/example_local_kubernetes_executor.py
[2026-07-21T18:43:50.776+0000] {logging_mixin.py:188} INFO - [2026-07-21T18:43:50.776+0000] {dag.py:3036} INFO - Sync 1 DAGs
[2026-07-21T18:43:50.789+0000] {logging_mixin.py:188} INFO - [2026-07-21T18:43:50.789+0000] {dag.py:3823} INFO - Setting next_dagrun for example_local_kubernetes_executor to None, run_after=None
[2026-07-21T18:43:50.810+0000] {processor.py:183} INFO - Processing /home/airflow/.local/lib/python3.10/site-packages/airflow/example_dags/example_local_kubernetes_executor.py took 0.093 seconds
[2026-07-21T18:44:20.988+0000] {processor.py:161} INFO - Started process (PID=1199) to work on /home/airflow/.local/lib/python3.10/site-packages/airflow/example_dags/example_local_kubernetes_executor.py
[2026-07-21T18:44:20.990+0000] {processor.py:830} INFO - Processing file /home/airflow/.local/lib/python3.10/site-packages/airflow/example_dags/example_local_kubernetes_executor.py for tasks to queue
[2026-07-21T18:44:20.992+0000] {logging_mixin.py:188} INFO - [2026-07-21T18:44:20.992+0000] {dagbag.py:538} INFO - Filling up the DagBag from /home/airflow/.local/lib/python3.10/site-packages/airflow/example_dags/example_local_kubernetes_executor.py
[2026-07-21T18:44:21.001+0000] {processor.py:840} INFO - DAG(s) 'example_local_kubernetes_executor' retrieved from /home/airflow/.local/lib/python3.10/site-packages/airflow/example_dags/example_local_kubernetes_executor.py
[2026-07-21T18:44:21.038+0000] {logging_mixin.py:188} INFO - [2026-07-21T18:44:21.038+0000] {dag.py:3036} INFO - Sync 1 DAGs
[2026-07-21T18:44:21.048+0000] {logging_mixin.py:188} INFO - [2026-07-21T18:44:21.048+0000] {dag.py:3823} INFO - Setting next_dagrun for example_local_kubernetes_executor to None, run_after=None
[2026-07-21T18:44:21.066+0000] {processor.py:183} INFO - Processing /home/airflow/.local/lib/python3.10/site-packages/airflow/example_dags/example_local_kubernetes_executor.py took 0.082 seconds
[2026-07-21T18:44:51.279+0000] {processor.py:161} INFO - Started process (PID=1255) to work on /home/airflow/.local/lib/python3.10/site-packages/airflow/example_dags/example_local_kubernetes_executor.py
[2026-07-21T18:44:51.281+0000] {processor.py:830} INFO - Processing file /home/airflow/.local/lib/python3.10/site-packages/airflow/example_dags/example_local_kubernetes_executor.py for tasks to queue
[2026-07-21T18:44:51.283+0000] {logging_mixin.py:188} INFO - [2026-07-21T18:44:51.283+0000] {dagbag.py:538} INFO - Filling up the DagBag from /home/airflow/.local/lib/python3.10/site-packages/airflow/example_dags/example_local_kubernetes_executor.py
[2026-07-21T18:44:51.292+0000] {processor.py:840} INFO - DAG(s) 'example_local_kubernetes_executor' retrieved from /home/airflow/.local/lib/python3.10/site-packages/airflow/example_dags/example_local_kubernetes_executor.py
[2026-07-21T18:44:51.328+0000] {logging_mixin.py:188} INFO - [2026-07-21T18:44:51.328+0000] {dag.py:3036} INFO - Sync 1 DAGs
[2026-07-21T18:44:51.339+0000] {logging_mixin.py:188} INFO - [2026-07-21T18:44:51.339+0000] {dag.py:3823} INFO - Setting next_dagrun for example_local_kubernetes_executor to None, run_after=None
[2026-07-21T18:44:51.357+0000] {processor.py:183} INFO - Processing /home/airflow/.local/lib/python3.10/site-packages/airflow/example_dags/example_local_kubernetes_executor.py took 0.083 seconds
[2026-07-21T18:45:21.601+0000] {processor.py:161} INFO - Started process (PID=1312) to work on /home/airflow/.local/lib/python3.10/site-packages/airflow/example_dags/example_local_kubernetes_executor.py
[2026-07-21T18:45:21.603+0000] {processor.py:830} INFO - Processing file /home/airflow/.local/lib/python3.10/site-packages/airflow/example_dags/example_local_kubernetes_executor.py for tasks to queue
[2026-07-21T18:45:21.605+0000] {logging_mixin.py:188} INFO - [2026-07-21T18:45:21.604+0000] {dagbag.py:538} INFO - Filling up the DagBag from /home/airflow/.local/lib/python3.10/site-packages/airflow/example_dags/example_local_kubernetes_executor.py
[2026-07-21T18:45:21.613+0000] {processor.py:840} INFO - DAG(s) 'example_local_kubernetes_executor' retrieved from /home/airflow/.local/lib/python3.10/site-packages/airflow/example_dags/example_local_kubernetes_executor.py
[2026-07-21T18:45:21.648+0000] {logging_mixin.py:188} INFO - [2026-07-21T18:45:21.648+0000] {dag.py:3036} INFO - Sync 1 DAGs
[2026-07-21T18:45:21.659+0000] {logging_mixin.py:188} INFO - [2026-07-21T18:45:21.658+0000] {dag.py:3823} INFO - Setting next_dagrun for example_local_kubernetes_executor to None, run_after=None
[2026-07-21T18:45:21.676+0000] {processor.py:183} INFO - Processing /home/airflow/.local/lib/python3.10/site-packages/airflow/example_dags/example_local_kubernetes_executor.py took 0.079 seconds
[2026-07-21T18:45:52.267+0000] {processor.py:161} INFO - Started process (PID=1368) to work on /home/airflow/.local/lib/python3.10/site-packages/airflow/example_dags/example_local_kubernetes_executor.py
[2026-07-21T18:45:52.268+0000] {processor.py:830} INFO - Processing file /home/airflow/.local/lib/python3.10/site-packages/airflow/example_dags/example_local_kubernetes_executor.py for tasks to queue
[2026-07-21T18:45:52.270+0000] {logging_mixin.py:188} INFO - [2026-07-21T18:45:52.270+0000] {dagbag.py:538} INFO - Filling up the DagBag from /home/airflow/.local/lib/python3.10/site-packages/airflow/example_dags/example_local_kubernetes_executor.py
[2026-07-21T18:45:52.279+0000] {processor.py:840} INFO - DAG(s) 'example_local_kubernetes_executor' retrieved from /home/airflow/.local/lib/python3.10/site-packages/airflow/example_dags/example_local_kubernetes_executor.py
[2026-07-21T18:45:52.314+0000] {logging_mixin.py:188} INFO - [2026-07-21T18:45:52.314+0000] {dag.py:3036} INFO - Sync 1 DAGs
[2026-07-21T18:45:52.325+0000] {logging_mixin.py:188} INFO - [2026-07-21T18:45:52.325+0000] {dag.py:3823} INFO - Setting next_dagrun for example_local_kubernetes_executor to None, run_after=None
[2026-07-21T18:45:52.344+0000] {processor.py:183} INFO - Processing /home/airflow/.local/lib/python3.10/site-packages/airflow/example_dags/example_local_kubernetes_executor.py took 0.081 seconds
[2026-07-21T18:46:22.448+0000] {processor.py:161} INFO - Started process (PID=1423) to work on /home/airflow/.local/lib/python3.10/site-packages/airflow/example_dags/example_local_kubernetes_executor.py
[2026-07-21T18:46:22.449+0000] {processor.py:830} INFO - Processing file /home/airflow/.local/lib/python3.10/site-packages/airflow/example_dags/example_local_kubernetes_executor.py for tasks to queue
[2026-07-21T18:46:22.451+0000] {logging_mixin.py:188} INFO - [2026-07-21T18:46:22.451+0000] {dagbag.py:538} INFO - Filling up the DagBag from /home/airflow/.local/lib/python3.10/site-packages/airflow/example_dags/example_local_kubernetes_executor.py
[2026-07-21T18:46:22.460+0000] {processor.py:840} INFO - DAG(s) 'example_local_kubernetes_executor' retrieved from /home/airflow/.local/lib/python3.10/site-packages/airflow/example_dags/example_local_kubernetes_executor.py
[2026-07-21T18:46:22.497+0000] {logging_mixin.py:188} INFO - [2026-07-21T18:46:22.497+0000] {dag.py:3036} INFO - Sync 1 DAGs
[2026-07-21T18:46:22.508+0000] {logging_mixin.py:188} INFO - [2026-07-21T18:46:22.507+0000] {dag.py:3823} INFO - Setting next_dagrun for example_local_kubernetes_executor to None, run_after=None
[2026-07-21T18:46:22.525+0000] {processor.py:183} INFO - Processing /home/airflow/.local/lib/python3.10/site-packages/airflow/example_dags/example_local_kubernetes_executor.py took 0.081 seconds
[2026-07-21T18:46:52.614+0000] {processor.py:161} INFO - Started process (PID=1479) to work on /home/airflow/.local/lib/python3.10/site-packages/airflow/example_dags/example_local_kubernetes_executor.py
[2026-07-21T18:46:52.615+0000] {processor.py:830} INFO - Processing file /home/airflow/.local/lib/python3.10/site-packages/airflow/example_dags/example_local_kubernetes_executor.py for tasks to queue
[2026-07-21T18:46:52.617+0000] {logging_mixin.py:188} INFO - [2026-07-21T18:46:52.617+0000] {dagbag.py:538} INFO - Filling up the DagBag from /home/airflow/.local/lib/python3.10/site-packages/airflow/example_dags/example_local_kubernetes_executor.py
[2026-07-21T18:46:52.626+0000] {processor.py:840} INFO - DAG(s) 'example_local_kubernetes_executor' retrieved from /home/airflow/.local/lib/python3.10/site-packages/airflow/example_dags/example_local_kubernetes_executor.py
[2026-07-21T18:46:52.663+0000] {logging_mixin.py:188} INFO - [2026-07-21T18:46:52.663+0000] {dag.py:3036} INFO - Sync 1 DAGs
[2026-07-21T18:46:52.682+0000] {logging_mixin.py:188} INFO - [2026-07-21T18:46:52.681+0000] {dag.py:3823} INFO - Setting next_dagrun for example_local_kubernetes_executor to None, run_after=None
[2026-07-21T18:46:52.704+0000] {processor.py:183} INFO - Processing /home/airflow/.local/lib/python3.10/site-packages/airflow/example_dags/example_local_kubernetes_executor.py took 0.094 seconds
[2026-07-21T18:47:22.977+0000] {processor.py:161} INFO - Started process (PID=1535) to work on /home/airflow/.local/lib/python3.10/site-packages/airflow/example_dags/example_local_kubernetes_executor.py
[2026-07-21T18:47:22.978+0000] {processor.py:830} INFO - Processing file /home/airflow/.local/lib/python3.10/site-packages/airflow/example_dags/example_local_kubernetes_executor.py for tasks to queue
[2026-07-21T18:47:22.980+0000] {logging_mixin.py:188} INFO - [2026-07-21T18:47:22.980+0000] {dagbag.py:538} INFO - Filling up the DagBag from /home/airflow/.local/lib/python3.10/site-packages/airflow/example_dags/example_local_kubernetes_executor.py
[2026-07-21T18:47:22.988+0000] {processor.py:840} INFO - DAG(s) 'example_local_kubernetes_executor' retrieved from /home/airflow/.local/lib/python3.10/site-packages/airflow/example_dags/example_local_kubernetes_executor.py
[2026-07-21T18:47:23.024+0000] {logging_mixin.py:188} INFO - [2026-07-21T18:47:23.024+0000] {dag.py:3036} INFO - Sync 1 DAGs
[2026-07-21T18:47:23.034+0000] {logging_mixin.py:188} INFO - [2026-07-21T18:47:23.034+0000] {dag.py:3823} INFO - Setting next_dagrun for example_local_kubernetes_executor to None, run_after=None
[2026-07-21T18:47:23.054+0000] {processor.py:183} INFO - Processing /home/airflow/.local/lib/python3.10/site-packages/airflow/example_dags/example_local_kubernetes_executor.py took 0.081 seconds
[2026-07-21T18:47:53.682+0000] {processor.py:161} INFO - Started process (PID=1591) to work on /home/airflow/.local/lib/python3.10/site-packages/airflow/example_dags/example_local_kubernetes_executor.py
[2026-07-21T18:47:53.683+0000] {processor.py:830} INFO - Processing file /home/airflow/.local/lib/python3.10/site-packages/airflow/example_dags/example_local_kubernetes_executor.py for tasks to queue
[2026-07-21T18:47:53.686+0000] {logging_mixin.py:188} INFO - [2026-07-21T18:47:53.686+0000] {dagbag.py:538} INFO - Filling up the DagBag from /home/airflow/.local/lib/python3.10/site-packages/airflow/example_dags/example_local_kubernetes_executor.py
[2026-07-21T18:47:53.697+0000] {processor.py:840} INFO - DAG(s) 'example_local_kubernetes_executor' retrieved from /home/airflow/.local/lib/python3.10/site-packages/airflow/example_dags/example_local_kubernetes_executor.py
[2026-07-21T18:47:53.733+0000] {logging_mixin.py:188} INFO - [2026-07-21T18:47:53.732+0000] {dag.py:3036} INFO - Sync 1 DAGs
[2026-07-21T18:47:53.744+0000] {logging_mixin.py:188} INFO - [2026-07-21T18:47:53.743+0000] {dag.py:3823} INFO - Setting next_dagrun for example_local_kubernetes_executor to None, run_after=None
[2026-07-21T18:47:53.762+0000] {processor.py:183} INFO - Processing /home/airflow/.local/lib/python3.10/site-packages/airflow/example_dags/example_local_kubernetes_executor.py took 0.084 seconds
