[2026-07-21T17:56:31.012+0000] {processor.py:161} INFO - Started process (PID=92) to work on /home/airflow/.local/lib/python3.8/site-packages/airflow/example_dags/example_setup_teardown_taskflow.py
[2026-07-21T17:56:31.014+0000] {processor.py:830} INFO - Processing file /home/airflow/.local/lib/python3.8/site-packages/airflow/example_dags/example_setup_teardown_taskflow.py for tasks to queue
[2026-07-21T17:56:31.016+0000] {logging_mixin.py:188} INFO - [2026-07-21T17:56:31.016+0000] {dagbag.py:538} INFO - Filling up the DagBag from /home/airflow/.local/lib/python3.8/site-packages/airflow/example_dags/example_setup_teardown_taskflow.py
[2026-07-21T17:56:31.029+0000] {processor.py:840} INFO - DAG(s) 'example_setup_teardown_taskflow' retrieved from /home/airflow/.local/lib/python3.8/site-packages/airflow/example_dags/example_setup_teardown_taskflow.py
[2026-07-21T17:56:31.233+0000] {logging_mixin.py:188} INFO - [2026-07-21T17:56:31.233+0000] {dag.py:3036} INFO - Sync 1 DAGs
[2026-07-21T17:56:31.274+0000] {logging_mixin.py:188} INFO - [2026-07-21T17:56:31.274+0000] {dag.py:3823} INFO - Setting next_dagrun for example_setup_teardown_taskflow to 2026-07-20 00:00:00+00:00, run_after=2026-07-21 00:00:00+00:00
[2026-07-21T17:56:31.317+0000] {processor.py:183} INFO - Processing /home/airflow/.local/lib/python3.8/site-packages/airflow/example_dags/example_setup_teardown_taskflow.py took 0.309 seconds
[2026-07-21T17:57:01.712+0000] {processor.py:161} INFO - Started process (PID=148) to work on /home/airflow/.local/lib/python3.8/site-packages/airflow/example_dags/example_setup_teardown_taskflow.py
[2026-07-21T17:57:01.714+0000] {processor.py:830} INFO - Processing file /home/airflow/.local/lib/python3.8/site-packages/airflow/example_dags/example_setup_teardown_taskflow.py for tasks to queue
[2026-07-21T17:57:01.716+0000] {logging_mixin.py:188} INFO - [2026-07-21T17:57:01.716+0000] {dagbag.py:538} INFO - Filling up the DagBag from /home/airflow/.local/lib/python3.8/site-packages/airflow/example_dags/example_setup_teardown_taskflow.py
[2026-07-21T17:57:01.727+0000] {processor.py:840} INFO - DAG(s) 'example_setup_teardown_taskflow' retrieved from /home/airflow/.local/lib/python3.8/site-packages/airflow/example_dags/example_setup_teardown_taskflow.py
[2026-07-21T17:57:01.751+0000] {logging_mixin.py:188} INFO - [2026-07-21T17:57:01.750+0000] {dag.py:3036} INFO - Sync 1 DAGs
[2026-07-21T17:57:01.771+0000] {logging_mixin.py:188} INFO - [2026-07-21T17:57:01.771+0000] {dag.py:3823} INFO - Setting next_dagrun for example_setup_teardown_taskflow to 2026-07-20 00:00:00+00:00, run_after=2026-07-21 00:00:00+00:00
[2026-07-21T17:57:01.793+0000] {processor.py:183} INFO - Processing /home/airflow/.local/lib/python3.8/site-packages/airflow/example_dags/example_setup_teardown_taskflow.py took 0.084 seconds
[2026-07-21T17:57:32.443+0000] {processor.py:161} INFO - Started process (PID=204) to work on /home/airflow/.local/lib/python3.8/site-packages/airflow/example_dags/example_setup_teardown_taskflow.py
[2026-07-21T17:57:32.445+0000] {processor.py:830} INFO - Processing file /home/airflow/.local/lib/python3.8/site-packages/airflow/example_dags/example_setup_teardown_taskflow.py for tasks to queue
[2026-07-21T17:57:32.447+0000] {logging_mixin.py:188} INFO - [2026-07-21T17:57:32.446+0000] {dagbag.py:538} INFO - Filling up the DagBag from /home/airflow/.local/lib/python3.8/site-packages/airflow/example_dags/example_setup_teardown_taskflow.py
[2026-07-21T17:57:32.456+0000] {processor.py:840} INFO - DAG(s) 'example_setup_teardown_taskflow' retrieved from /home/airflow/.local/lib/python3.8/site-packages/airflow/example_dags/example_setup_teardown_taskflow.py
[2026-07-21T17:57:32.479+0000] {logging_mixin.py:188} INFO - [2026-07-21T17:57:32.479+0000] {dag.py:3036} INFO - Sync 1 DAGs
[2026-07-21T17:57:32.500+0000] {logging_mixin.py:188} INFO - [2026-07-21T17:57:32.499+0000] {dag.py:3823} INFO - Setting next_dagrun for example_setup_teardown_taskflow to 2026-07-20 00:00:00+00:00, run_after=2026-07-21 00:00:00+00:00
[2026-07-21T17:57:32.517+0000] {processor.py:183} INFO - Processing /home/airflow/.local/lib/python3.8/site-packages/airflow/example_dags/example_setup_teardown_taskflow.py took 0.077 seconds
[2026-07-21T17:58:02.683+0000] {processor.py:161} INFO - Started process (PID=260) to work on /home/airflow/.local/lib/python3.8/site-packages/airflow/example_dags/example_setup_teardown_taskflow.py
[2026-07-21T17:58:02.684+0000] {processor.py:830} INFO - Processing file /home/airflow/.local/lib/python3.8/site-packages/airflow/example_dags/example_setup_teardown_taskflow.py for tasks to queue
[2026-07-21T17:58:02.686+0000] {logging_mixin.py:188} INFO - [2026-07-21T17:58:02.686+0000] {dagbag.py:538} INFO - Filling up the DagBag from /home/airflow/.local/lib/python3.8/site-packages/airflow/example_dags/example_setup_teardown_taskflow.py
[2026-07-21T17:58:02.696+0000] {processor.py:840} INFO - DAG(s) 'example_setup_teardown_taskflow' retrieved from /home/airflow/.local/lib/python3.8/site-packages/airflow/example_dags/example_setup_teardown_taskflow.py
[2026-07-21T17:58:02.719+0000] {logging_mixin.py:188} INFO - [2026-07-21T17:58:02.719+0000] {dag.py:3036} INFO - Sync 1 DAGs
[2026-07-21T17:58:02.740+0000] {logging_mixin.py:188} INFO - [2026-07-21T17:58:02.739+0000] {dag.py:3823} INFO - Setting next_dagrun for example_setup_teardown_taskflow to 2026-07-20 00:00:00+00:00, run_after=2026-07-21 00:00:00+00:00
[2026-07-21T17:58:02.760+0000] {processor.py:183} INFO - Processing /home/airflow/.local/lib/python3.8/site-packages/airflow/example_dags/example_setup_teardown_taskflow.py took 0.081 seconds
[2026-07-21T17:58:33.115+0000] {processor.py:161} INFO - Started process (PID=316) to work on /home/airflow/.local/lib/python3.8/site-packages/airflow/example_dags/example_setup_teardown_taskflow.py
[2026-07-21T17:58:33.116+0000] {processor.py:830} INFO - Processing file /home/airflow/.local/lib/python3.8/site-packages/airflow/example_dags/example_setup_teardown_taskflow.py for tasks to queue
[2026-07-21T17:58:33.118+0000] {logging_mixin.py:188} INFO - [2026-07-21T17:58:33.118+0000] {dagbag.py:538} INFO - Filling up the DagBag from /home/airflow/.local/lib/python3.8/site-packages/airflow/example_dags/example_setup_teardown_taskflow.py
[2026-07-21T17:58:33.128+0000] {processor.py:840} INFO - DAG(s) 'example_setup_teardown_taskflow' retrieved from /home/airflow/.local/lib/python3.8/site-packages/airflow/example_dags/example_setup_teardown_taskflow.py
[2026-07-21T17:58:33.151+0000] {logging_mixin.py:188} INFO - [2026-07-21T17:58:33.151+0000] {dag.py:3036} INFO - Sync 1 DAGs
[2026-07-21T17:58:33.172+0000] {logging_mixin.py:188} INFO - [2026-07-21T17:58:33.172+0000] {dag.py:3823} INFO - Setting next_dagrun for example_setup_teardown_taskflow to 2026-07-20 00:00:00+00:00, run_after=2026-07-21 00:00:00+00:00
[2026-07-21T17:58:33.191+0000] {processor.py:183} INFO - Processing /home/airflow/.local/lib/python3.8/site-packages/airflow/example_dags/example_setup_teardown_taskflow.py took 0.080 seconds
[2026-07-21T17:59:03.417+0000] {processor.py:161} INFO - Started process (PID=372) to work on /home/airflow/.local/lib/python3.8/site-packages/airflow/example_dags/example_setup_teardown_taskflow.py
[2026-07-21T17:59:03.419+0000] {processor.py:830} INFO - Processing file /home/airflow/.local/lib/python3.8/site-packages/airflow/example_dags/example_setup_teardown_taskflow.py for tasks to queue
[2026-07-21T17:59:03.421+0000] {logging_mixin.py:188} INFO - [2026-07-21T17:59:03.421+0000] {dagbag.py:538} INFO - Filling up the DagBag from /home/airflow/.local/lib/python3.8/site-packages/airflow/example_dags/example_setup_teardown_taskflow.py
[2026-07-21T17:59:03.430+0000] {processor.py:840} INFO - DAG(s) 'example_setup_teardown_taskflow' retrieved from /home/airflow/.local/lib/python3.8/site-packages/airflow/example_dags/example_setup_teardown_taskflow.py
[2026-07-21T17:59:03.454+0000] {logging_mixin.py:188} INFO - [2026-07-21T17:59:03.454+0000] {dag.py:3036} INFO - Sync 1 DAGs
[2026-07-21T17:59:03.476+0000] {logging_mixin.py:188} INFO - [2026-07-21T17:59:03.476+0000] {dag.py:3823} INFO - Setting next_dagrun for example_setup_teardown_taskflow to 2026-07-20 00:00:00+00:00, run_after=2026-07-21 00:00:00+00:00
[2026-07-21T17:59:03.500+0000] {processor.py:183} INFO - Processing /home/airflow/.local/lib/python3.8/site-packages/airflow/example_dags/example_setup_teardown_taskflow.py took 0.087 seconds
[2026-07-21T17:59:33.567+0000] {processor.py:161} INFO - Started process (PID=428) to work on /home/airflow/.local/lib/python3.8/site-packages/airflow/example_dags/example_setup_teardown_taskflow.py
[2026-07-21T17:59:33.568+0000] {processor.py:830} INFO - Processing file /home/airflow/.local/lib/python3.8/site-packages/airflow/example_dags/example_setup_teardown_taskflow.py for tasks to queue
[2026-07-21T17:59:33.570+0000] {logging_mixin.py:188} INFO - [2026-07-21T17:59:33.570+0000] {dagbag.py:538} INFO - Filling up the DagBag from /home/airflow/.local/lib/python3.8/site-packages/airflow/example_dags/example_setup_teardown_taskflow.py
[2026-07-21T17:59:33.579+0000] {processor.py:840} INFO - DAG(s) 'example_setup_teardown_taskflow' retrieved from /home/airflow/.local/lib/python3.8/site-packages/airflow/example_dags/example_setup_teardown_taskflow.py
[2026-07-21T17:59:33.601+0000] {logging_mixin.py:188} INFO - [2026-07-21T17:59:33.601+0000] {dag.py:3036} INFO - Sync 1 DAGs
[2026-07-21T17:59:33.621+0000] {logging_mixin.py:188} INFO - [2026-07-21T17:59:33.621+0000] {dag.py:3823} INFO - Setting next_dagrun for example_setup_teardown_taskflow to 2026-07-20 00:00:00+00:00, run_after=2026-07-21 00:00:00+00:00
[2026-07-21T17:59:33.639+0000] {processor.py:183} INFO - Processing /home/airflow/.local/lib/python3.8/site-packages/airflow/example_dags/example_setup_teardown_taskflow.py took 0.076 seconds
[2026-07-21T18:00:03.882+0000] {processor.py:161} INFO - Started process (PID=484) to work on /home/airflow/.local/lib/python3.8/site-packages/airflow/example_dags/example_setup_teardown_taskflow.py
[2026-07-21T18:00:03.883+0000] {processor.py:830} INFO - Processing file /home/airflow/.local/lib/python3.8/site-packages/airflow/example_dags/example_setup_teardown_taskflow.py for tasks to queue
[2026-07-21T18:00:03.885+0000] {logging_mixin.py:188} INFO - [2026-07-21T18:00:03.885+0000] {dagbag.py:538} INFO - Filling up the DagBag from /home/airflow/.local/lib/python3.8/site-packages/airflow/example_dags/example_setup_teardown_taskflow.py
[2026-07-21T18:00:03.894+0000] {processor.py:840} INFO - DAG(s) 'example_setup_teardown_taskflow' retrieved from /home/airflow/.local/lib/python3.8/site-packages/airflow/example_dags/example_setup_teardown_taskflow.py
[2026-07-21T18:00:03.918+0000] {logging_mixin.py:188} INFO - [2026-07-21T18:00:03.918+0000] {dag.py:3036} INFO - Sync 1 DAGs
[2026-07-21T18:00:03.938+0000] {logging_mixin.py:188} INFO - [2026-07-21T18:00:03.938+0000] {dag.py:3823} INFO - Setting next_dagrun for example_setup_teardown_taskflow to 2026-07-20 00:00:00+00:00, run_after=2026-07-21 00:00:00+00:00
[2026-07-21T18:00:03.958+0000] {processor.py:183} INFO - Processing /home/airflow/.local/lib/python3.8/site-packages/airflow/example_dags/example_setup_teardown_taskflow.py took 0.080 seconds
[2026-07-21T18:00:34.366+0000] {processor.py:161} INFO - Started process (PID=540) to work on /home/airflow/.local/lib/python3.8/site-packages/airflow/example_dags/example_setup_teardown_taskflow.py
[2026-07-21T18:00:34.367+0000] {processor.py:830} INFO - Processing file /home/airflow/.local/lib/python3.8/site-packages/airflow/example_dags/example_setup_teardown_taskflow.py for tasks to queue
[2026-07-21T18:00:34.369+0000] {logging_mixin.py:188} INFO - [2026-07-21T18:00:34.369+0000] {dagbag.py:538} INFO - Filling up the DagBag from /home/airflow/.local/lib/python3.8/site-packages/airflow/example_dags/example_setup_teardown_taskflow.py
[2026-07-21T18:00:34.378+0000] {processor.py:840} INFO - DAG(s) 'example_setup_teardown_taskflow' retrieved from /home/airflow/.local/lib/python3.8/site-packages/airflow/example_dags/example_setup_teardown_taskflow.py
[2026-07-21T18:00:34.400+0000] {logging_mixin.py:188} INFO - [2026-07-21T18:00:34.400+0000] {dag.py:3036} INFO - Sync 1 DAGs
[2026-07-21T18:00:34.421+0000] {logging_mixin.py:188} INFO - [2026-07-21T18:00:34.420+0000] {dag.py:3823} INFO - Setting next_dagrun for example_setup_teardown_taskflow to 2026-07-20 00:00:00+00:00, run_after=2026-07-21 00:00:00+00:00
[2026-07-21T18:00:34.442+0000] {processor.py:183} INFO - Processing /home/airflow/.local/lib/python3.8/site-packages/airflow/example_dags/example_setup_teardown_taskflow.py took 0.079 seconds
[2026-07-21T18:01:04.536+0000] {processor.py:161} INFO - Started process (PID=597) to work on /home/airflow/.local/lib/python3.8/site-packages/airflow/example_dags/example_setup_teardown_taskflow.py
[2026-07-21T18:01:04.537+0000] {processor.py:830} INFO - Processing file /home/airflow/.local/lib/python3.8/site-packages/airflow/example_dags/example_setup_teardown_taskflow.py for tasks to queue
[2026-07-21T18:01:04.539+0000] {logging_mixin.py:188} INFO - [2026-07-21T18:01:04.539+0000] {dagbag.py:538} INFO - Filling up the DagBag from /home/airflow/.local/lib/python3.8/site-packages/airflow/example_dags/example_setup_teardown_taskflow.py
[2026-07-21T18:01:04.548+0000] {processor.py:840} INFO - DAG(s) 'example_setup_teardown_taskflow' retrieved from /home/airflow/.local/lib/python3.8/site-packages/airflow/example_dags/example_setup_teardown_taskflow.py
[2026-07-21T18:01:04.569+0000] {logging_mixin.py:188} INFO - [2026-07-21T18:01:04.569+0000] {dag.py:3036} INFO - Sync 1 DAGs
[2026-07-21T18:01:04.589+0000] {logging_mixin.py:188} INFO - [2026-07-21T18:01:04.589+0000] {dag.py:3823} INFO - Setting next_dagrun for example_setup_teardown_taskflow to 2026-07-20 00:00:00+00:00, run_after=2026-07-21 00:00:00+00:00
[2026-07-21T18:01:04.610+0000] {processor.py:183} INFO - Processing /home/airflow/.local/lib/python3.8/site-packages/airflow/example_dags/example_setup_teardown_taskflow.py took 0.078 seconds
[2026-07-21T18:01:34.858+0000] {processor.py:161} INFO - Started process (PID=653) to work on /home/airflow/.local/lib/python3.8/site-packages/airflow/example_dags/example_setup_teardown_taskflow.py
[2026-07-21T18:01:34.859+0000] {processor.py:830} INFO - Processing file /home/airflow/.local/lib/python3.8/site-packages/airflow/example_dags/example_setup_teardown_taskflow.py for tasks to queue
[2026-07-21T18:01:34.862+0000] {logging_mixin.py:188} INFO - [2026-07-21T18:01:34.862+0000] {dagbag.py:538} INFO - Filling up the DagBag from /home/airflow/.local/lib/python3.8/site-packages/airflow/example_dags/example_setup_teardown_taskflow.py
[2026-07-21T18:01:34.876+0000] {processor.py:840} INFO - DAG(s) 'example_setup_teardown_taskflow' retrieved from /home/airflow/.local/lib/python3.8/site-packages/airflow/example_dags/example_setup_teardown_taskflow.py
[2026-07-21T18:01:34.907+0000] {logging_mixin.py:188} INFO - [2026-07-21T18:01:34.907+0000] {dag.py:3036} INFO - Sync 1 DAGs
[2026-07-21T18:01:34.942+0000] {logging_mixin.py:188} INFO - [2026-07-21T18:01:34.942+0000] {dag.py:3823} INFO - Setting next_dagrun for example_setup_teardown_taskflow to 2026-07-20 00:00:00+00:00, run_after=2026-07-21 00:00:00+00:00
[2026-07-21T18:01:34.970+0000] {processor.py:183} INFO - Processing /home/airflow/.local/lib/python3.8/site-packages/airflow/example_dags/example_setup_teardown_taskflow.py took 0.117 seconds
[2026-07-21T18:02:05.132+0000] {processor.py:161} INFO - Started process (PID=709) to work on /home/airflow/.local/lib/python3.8/site-packages/airflow/example_dags/example_setup_teardown_taskflow.py
[2026-07-21T18:02:05.133+0000] {processor.py:830} INFO - Processing file /home/airflow/.local/lib/python3.8/site-packages/airflow/example_dags/example_setup_teardown_taskflow.py for tasks to queue
[2026-07-21T18:02:05.135+0000] {logging_mixin.py:188} INFO - [2026-07-21T18:02:05.135+0000] {dagbag.py:538} INFO - Filling up the DagBag from /home/airflow/.local/lib/python3.8/site-packages/airflow/example_dags/example_setup_teardown_taskflow.py
[2026-07-21T18:02:05.144+0000] {processor.py:840} INFO - DAG(s) 'example_setup_teardown_taskflow' retrieved from /home/airflow/.local/lib/python3.8/site-packages/airflow/example_dags/example_setup_teardown_taskflow.py
[2026-07-21T18:02:05.167+0000] {logging_mixin.py:188} INFO - [2026-07-21T18:02:05.167+0000] {dag.py:3036} INFO - Sync 1 DAGs
[2026-07-21T18:02:05.186+0000] {logging_mixin.py:188} INFO - [2026-07-21T18:02:05.186+0000] {dag.py:3823} INFO - Setting next_dagrun for example_setup_teardown_taskflow to 2026-07-20 00:00:00+00:00, run_after=2026-07-21 00:00:00+00:00
[2026-07-21T18:02:05.204+0000] {processor.py:183} INFO - Processing /home/airflow/.local/lib/python3.8/site-packages/airflow/example_dags/example_setup_teardown_taskflow.py took 0.076 seconds
[2026-07-21T18:02:35.721+0000] {processor.py:161} INFO - Started process (PID=765) to work on /home/airflow/.local/lib/python3.8/site-packages/airflow/example_dags/example_setup_teardown_taskflow.py
[2026-07-21T18:02:35.722+0000] {processor.py:830} INFO - Processing file /home/airflow/.local/lib/python3.8/site-packages/airflow/example_dags/example_setup_teardown_taskflow.py for tasks to queue
[2026-07-21T18:02:35.724+0000] {logging_mixin.py:188} INFO - [2026-07-21T18:02:35.724+0000] {dagbag.py:538} INFO - Filling up the DagBag from /home/airflow/.local/lib/python3.8/site-packages/airflow/example_dags/example_setup_teardown_taskflow.py
[2026-07-21T18:02:35.734+0000] {processor.py:840} INFO - DAG(s) 'example_setup_teardown_taskflow' retrieved from /home/airflow/.local/lib/python3.8/site-packages/airflow/example_dags/example_setup_teardown_taskflow.py
[2026-07-21T18:02:35.756+0000] {logging_mixin.py:188} INFO - [2026-07-21T18:02:35.755+0000] {dag.py:3036} INFO - Sync 1 DAGs
[2026-07-21T18:02:35.777+0000] {logging_mixin.py:188} INFO - [2026-07-21T18:02:35.777+0000] {dag.py:3823} INFO - Setting next_dagrun for example_setup_teardown_taskflow to 2026-07-20 00:00:00+00:00, run_after=2026-07-21 00:00:00+00:00
[2026-07-21T18:02:35.797+0000] {processor.py:183} INFO - Processing /home/airflow/.local/lib/python3.8/site-packages/airflow/example_dags/example_setup_teardown_taskflow.py took 0.080 seconds
[2026-07-21T18:03:06.028+0000] {processor.py:161} INFO - Started process (PID=821) to work on /home/airflow/.local/lib/python3.8/site-packages/airflow/example_dags/example_setup_teardown_taskflow.py
[2026-07-21T18:03:06.029+0000] {processor.py:830} INFO - Processing file /home/airflow/.local/lib/python3.8/site-packages/airflow/example_dags/example_setup_teardown_taskflow.py for tasks to queue
[2026-07-21T18:03:06.031+0000] {logging_mixin.py:188} INFO - [2026-07-21T18:03:06.030+0000] {dagbag.py:538} INFO - Filling up the DagBag from /home/airflow/.local/lib/python3.8/site-packages/airflow/example_dags/example_setup_teardown_taskflow.py
[2026-07-21T18:03:06.040+0000] {processor.py:840} INFO - DAG(s) 'example_setup_teardown_taskflow' retrieved from /home/airflow/.local/lib/python3.8/site-packages/airflow/example_dags/example_setup_teardown_taskflow.py
[2026-07-21T18:03:06.062+0000] {logging_mixin.py:188} INFO - [2026-07-21T18:03:06.061+0000] {dag.py:3036} INFO - Sync 1 DAGs
[2026-07-21T18:03:06.081+0000] {logging_mixin.py:188} INFO - [2026-07-21T18:03:06.081+0000] {dag.py:3823} INFO - Setting next_dagrun for example_setup_teardown_taskflow to 2026-07-20 00:00:00+00:00, run_after=2026-07-21 00:00:00+00:00
[2026-07-21T18:03:06.101+0000] {processor.py:183} INFO - Processing /home/airflow/.local/lib/python3.8/site-packages/airflow/example_dags/example_setup_teardown_taskflow.py took 0.077 seconds
[2026-07-21T18:03:36.372+0000] {processor.py:161} INFO - Started process (PID=877) to work on /home/airflow/.local/lib/python3.8/site-packages/airflow/example_dags/example_setup_teardown_taskflow.py
[2026-07-21T18:03:36.373+0000] {processor.py:830} INFO - Processing file /home/airflow/.local/lib/python3.8/site-packages/airflow/example_dags/example_setup_teardown_taskflow.py for tasks to queue
[2026-07-21T18:03:36.375+0000] {logging_mixin.py:188} INFO - [2026-07-21T18:03:36.375+0000] {dagbag.py:538} INFO - Filling up the DagBag from /home/airflow/.local/lib/python3.8/site-packages/airflow/example_dags/example_setup_teardown_taskflow.py
[2026-07-21T18:03:36.384+0000] {processor.py:840} INFO - DAG(s) 'example_setup_teardown_taskflow' retrieved from /home/airflow/.local/lib/python3.8/site-packages/airflow/example_dags/example_setup_teardown_taskflow.py
[2026-07-21T18:03:36.407+0000] {logging_mixin.py:188} INFO - [2026-07-21T18:03:36.407+0000] {dag.py:3036} INFO - Sync 1 DAGs
[2026-07-21T18:03:36.427+0000] {logging_mixin.py:188} INFO - [2026-07-21T18:03:36.426+0000] {dag.py:3823} INFO - Setting next_dagrun for example_setup_teardown_taskflow to 2026-07-20 00:00:00+00:00, run_after=2026-07-21 00:00:00+00:00
[2026-07-21T18:03:36.445+0000] {processor.py:183} INFO - Processing /home/airflow/.local/lib/python3.8/site-packages/airflow/example_dags/example_setup_teardown_taskflow.py took 0.077 seconds
[2026-07-21T18:04:06.822+0000] {processor.py:161} INFO - Started process (PID=933) to work on /home/airflow/.local/lib/python3.8/site-packages/airflow/example_dags/example_setup_teardown_taskflow.py
[2026-07-21T18:04:06.824+0000] {processor.py:830} INFO - Processing file /home/airflow/.local/lib/python3.8/site-packages/airflow/example_dags/example_setup_teardown_taskflow.py for tasks to queue
[2026-07-21T18:04:06.826+0000] {logging_mixin.py:188} INFO - [2026-07-21T18:04:06.825+0000] {dagbag.py:538} INFO - Filling up the DagBag from /home/airflow/.local/lib/python3.8/site-packages/airflow/example_dags/example_setup_teardown_taskflow.py
[2026-07-21T18:04:06.836+0000] {processor.py:840} INFO - DAG(s) 'example_setup_teardown_taskflow' retrieved from /home/airflow/.local/lib/python3.8/site-packages/airflow/example_dags/example_setup_teardown_taskflow.py
[2026-07-21T18:04:06.861+0000] {logging_mixin.py:188} INFO - [2026-07-21T18:04:06.861+0000] {dag.py:3036} INFO - Sync 1 DAGs
[2026-07-21T18:04:06.882+0000] {logging_mixin.py:188} INFO - [2026-07-21T18:04:06.882+0000] {dag.py:3823} INFO - Setting next_dagrun for example_setup_teardown_taskflow to 2026-07-20 00:00:00+00:00, run_after=2026-07-21 00:00:00+00:00
[2026-07-21T18:04:06.901+0000] {processor.py:183} INFO - Processing /home/airflow/.local/lib/python3.8/site-packages/airflow/example_dags/example_setup_teardown_taskflow.py took 0.083 seconds
[2026-07-21T18:04:37.108+0000] {processor.py:161} INFO - Started process (PID=989) to work on /home/airflow/.local/lib/python3.8/site-packages/airflow/example_dags/example_setup_teardown_taskflow.py
[2026-07-21T18:04:37.109+0000] {processor.py:830} INFO - Processing file /home/airflow/.local/lib/python3.8/site-packages/airflow/example_dags/example_setup_teardown_taskflow.py for tasks to queue
[2026-07-21T18:04:37.111+0000] {logging_mixin.py:188} INFO - [2026-07-21T18:04:37.111+0000] {dagbag.py:538} INFO - Filling up the DagBag from /home/airflow/.local/lib/python3.8/site-packages/airflow/example_dags/example_setup_teardown_taskflow.py
[2026-07-21T18:04:37.120+0000] {processor.py:840} INFO - DAG(s) 'example_setup_teardown_taskflow' retrieved from /home/airflow/.local/lib/python3.8/site-packages/airflow/example_dags/example_setup_teardown_taskflow.py
[2026-07-21T18:04:37.142+0000] {logging_mixin.py:188} INFO - [2026-07-21T18:04:37.142+0000] {dag.py:3036} INFO - Sync 1 DAGs
[2026-07-21T18:04:37.165+0000] {logging_mixin.py:188} INFO - [2026-07-21T18:04:37.165+0000] {dag.py:3823} INFO - Setting next_dagrun for example_setup_teardown_taskflow to 2026-07-20 00:00:00+00:00, run_after=2026-07-21 00:00:00+00:00
[2026-07-21T18:04:37.185+0000] {processor.py:183} INFO - Processing /home/airflow/.local/lib/python3.8/site-packages/airflow/example_dags/example_setup_teardown_taskflow.py took 0.081 seconds
[2026-07-21T18:05:07.450+0000] {processor.py:161} INFO - Started process (PID=1045) to work on /home/airflow/.local/lib/python3.8/site-packages/airflow/example_dags/example_setup_teardown_taskflow.py
[2026-07-21T18:05:07.452+0000] {processor.py:830} INFO - Processing file /home/airflow/.local/lib/python3.8/site-packages/airflow/example_dags/example_setup_teardown_taskflow.py for tasks to queue
[2026-07-21T18:05:07.454+0000] {logging_mixin.py:188} INFO - [2026-07-21T18:05:07.454+0000] {dagbag.py:538} INFO - Filling up the DagBag from /home/airflow/.local/lib/python3.8/site-packages/airflow/example_dags/example_setup_teardown_taskflow.py
[2026-07-21T18:05:07.466+0000] {processor.py:840} INFO - DAG(s) 'example_setup_teardown_taskflow' retrieved from /home/airflow/.local/lib/python3.8/site-packages/airflow/example_dags/example_setup_teardown_taskflow.py
[2026-07-21T18:05:07.493+0000] {logging_mixin.py:188} INFO - [2026-07-21T18:05:07.493+0000] {dag.py:3036} INFO - Sync 1 DAGs
[2026-07-21T18:05:07.519+0000] {logging_mixin.py:188} INFO - [2026-07-21T18:05:07.518+0000] {dag.py:3823} INFO - Setting next_dagrun for example_setup_teardown_taskflow to 2026-07-20 00:00:00+00:00, run_after=2026-07-21 00:00:00+00:00
[2026-07-21T18:05:07.539+0000] {processor.py:183} INFO - Processing /home/airflow/.local/lib/python3.8/site-packages/airflow/example_dags/example_setup_teardown_taskflow.py took 0.093 seconds
[2026-07-21T18:05:38.131+0000] {processor.py:161} INFO - Started process (PID=1101) to work on /home/airflow/.local/lib/python3.8/site-packages/airflow/example_dags/example_setup_teardown_taskflow.py
[2026-07-21T18:05:38.132+0000] {processor.py:830} INFO - Processing file /home/airflow/.local/lib/python3.8/site-packages/airflow/example_dags/example_setup_teardown_taskflow.py for tasks to queue
[2026-07-21T18:05:38.134+0000] {logging_mixin.py:188} INFO - [2026-07-21T18:05:38.134+0000] {dagbag.py:538} INFO - Filling up the DagBag from /home/airflow/.local/lib/python3.8/site-packages/airflow/example_dags/example_setup_teardown_taskflow.py
[2026-07-21T18:05:38.143+0000] {processor.py:840} INFO - DAG(s) 'example_setup_teardown_taskflow' retrieved from /home/airflow/.local/lib/python3.8/site-packages/airflow/example_dags/example_setup_teardown_taskflow.py
[2026-07-21T18:05:38.169+0000] {logging_mixin.py:188} INFO - [2026-07-21T18:05:38.168+0000] {dag.py:3036} INFO - Sync 1 DAGs
[2026-07-21T18:05:38.190+0000] {logging_mixin.py:188} INFO - [2026-07-21T18:05:38.190+0000] {dag.py:3823} INFO - Setting next_dagrun for example_setup_teardown_taskflow to 2026-07-20 00:00:00+00:00, run_after=2026-07-21 00:00:00+00:00
[2026-07-21T18:05:38.209+0000] {processor.py:183} INFO - Processing /home/airflow/.local/lib/python3.8/site-packages/airflow/example_dags/example_setup_teardown_taskflow.py took 0.081 seconds
[2026-07-21T18:06:08.540+0000] {processor.py:161} INFO - Started process (PID=1157) to work on /home/airflow/.local/lib/python3.8/site-packages/airflow/example_dags/example_setup_teardown_taskflow.py
[2026-07-21T18:06:08.541+0000] {processor.py:830} INFO - Processing file /home/airflow/.local/lib/python3.8/site-packages/airflow/example_dags/example_setup_teardown_taskflow.py for tasks to queue
[2026-07-21T18:06:08.543+0000] {logging_mixin.py:188} INFO - [2026-07-21T18:06:08.543+0000] {dagbag.py:538} INFO - Filling up the DagBag from /home/airflow/.local/lib/python3.8/site-packages/airflow/example_dags/example_setup_teardown_taskflow.py
[2026-07-21T18:06:08.552+0000] {processor.py:840} INFO - DAG(s) 'example_setup_teardown_taskflow' retrieved from /home/airflow/.local/lib/python3.8/site-packages/airflow/example_dags/example_setup_teardown_taskflow.py
[2026-07-21T18:06:08.577+0000] {logging_mixin.py:188} INFO - [2026-07-21T18:06:08.576+0000] {dag.py:3036} INFO - Sync 1 DAGs
[2026-07-21T18:06:08.607+0000] {logging_mixin.py:188} INFO - [2026-07-21T18:06:08.606+0000] {dag.py:3823} INFO - Setting next_dagrun for example_setup_teardown_taskflow to 2026-07-20 00:00:00+00:00, run_after=2026-07-21 00:00:00+00:00
[2026-07-21T18:06:08.641+0000] {processor.py:183} INFO - Processing /home/airflow/.local/lib/python3.8/site-packages/airflow/example_dags/example_setup_teardown_taskflow.py took 0.105 seconds
[2026-07-21T18:06:39.133+0000] {processor.py:161} INFO - Started process (PID=1213) to work on /home/airflow/.local/lib/python3.8/site-packages/airflow/example_dags/example_setup_teardown_taskflow.py
[2026-07-21T18:06:39.134+0000] {processor.py:830} INFO - Processing file /home/airflow/.local/lib/python3.8/site-packages/airflow/example_dags/example_setup_teardown_taskflow.py for tasks to queue
[2026-07-21T18:06:39.137+0000] {logging_mixin.py:188} INFO - [2026-07-21T18:06:39.136+0000] {dagbag.py:538} INFO - Filling up the DagBag from /home/airflow/.local/lib/python3.8/site-packages/airflow/example_dags/example_setup_teardown_taskflow.py
[2026-07-21T18:06:39.148+0000] {processor.py:840} INFO - DAG(s) 'example_setup_teardown_taskflow' retrieved from /home/airflow/.local/lib/python3.8/site-packages/airflow/example_dags/example_setup_teardown_taskflow.py
[2026-07-21T18:06:39.173+0000] {logging_mixin.py:188} INFO - [2026-07-21T18:06:39.172+0000] {dag.py:3036} INFO - Sync 1 DAGs
[2026-07-21T18:06:39.195+0000] {logging_mixin.py:188} INFO - [2026-07-21T18:06:39.195+0000] {dag.py:3823} INFO - Setting next_dagrun for example_setup_teardown_taskflow to 2026-07-20 00:00:00+00:00, run_after=2026-07-21 00:00:00+00:00
[2026-07-21T18:06:39.217+0000] {processor.py:183} INFO - Processing /home/airflow/.local/lib/python3.8/site-packages/airflow/example_dags/example_setup_teardown_taskflow.py took 0.089 seconds
[2026-07-21T18:07:09.412+0000] {processor.py:161} INFO - Started process (PID=1269) to work on /home/airflow/.local/lib/python3.8/site-packages/airflow/example_dags/example_setup_teardown_taskflow.py
[2026-07-21T18:07:09.413+0000] {processor.py:830} INFO - Processing file /home/airflow/.local/lib/python3.8/site-packages/airflow/example_dags/example_setup_teardown_taskflow.py for tasks to queue
[2026-07-21T18:07:09.415+0000] {logging_mixin.py:188} INFO - [2026-07-21T18:07:09.415+0000] {dagbag.py:538} INFO - Filling up the DagBag from /home/airflow/.local/lib/python3.8/site-packages/airflow/example_dags/example_setup_teardown_taskflow.py
[2026-07-21T18:07:09.425+0000] {processor.py:840} INFO - DAG(s) 'example_setup_teardown_taskflow' retrieved from /home/airflow/.local/lib/python3.8/site-packages/airflow/example_dags/example_setup_teardown_taskflow.py
[2026-07-21T18:07:09.446+0000] {logging_mixin.py:188} INFO - [2026-07-21T18:07:09.446+0000] {dag.py:3036} INFO - Sync 1 DAGs
[2026-07-21T18:07:09.468+0000] {logging_mixin.py:188} INFO - [2026-07-21T18:07:09.468+0000] {dag.py:3823} INFO - Setting next_dagrun for example_setup_teardown_taskflow to 2026-07-20 00:00:00+00:00, run_after=2026-07-21 00:00:00+00:00
[2026-07-21T18:07:09.495+0000] {processor.py:183} INFO - Processing /home/airflow/.local/lib/python3.8/site-packages/airflow/example_dags/example_setup_teardown_taskflow.py took 0.087 seconds
[2026-07-21T18:09:13.751+0000] {processor.py:161} INFO - Started process (PID=126) to work on /home/airflow/.local/lib/python3.8/site-packages/airflow/example_dags/example_setup_teardown_taskflow.py
[2026-07-21T18:09:13.753+0000] {processor.py:830} INFO - Processing file /home/airflow/.local/lib/python3.8/site-packages/airflow/example_dags/example_setup_teardown_taskflow.py for tasks to queue
[2026-07-21T18:09:13.756+0000] {logging_mixin.py:188} INFO - [2026-07-21T18:09:13.755+0000] {dagbag.py:538} INFO - Filling up the DagBag from /home/airflow/.local/lib/python3.8/site-packages/airflow/example_dags/example_setup_teardown_taskflow.py
[2026-07-21T18:09:13.771+0000] {processor.py:840} INFO - DAG(s) 'example_setup_teardown_taskflow' retrieved from /home/airflow/.local/lib/python3.8/site-packages/airflow/example_dags/example_setup_teardown_taskflow.py
[2026-07-21T18:09:13.794+0000] {logging_mixin.py:188} INFO - [2026-07-21T18:09:13.793+0000] {dag.py:3036} INFO - Sync 1 DAGs
[2026-07-21T18:09:13.824+0000] {logging_mixin.py:188} INFO - [2026-07-21T18:09:13.823+0000] {dag.py:3823} INFO - Setting next_dagrun for example_setup_teardown_taskflow to 2026-07-20 00:00:00+00:00, run_after=2026-07-21 00:00:00+00:00
[2026-07-21T18:09:13.853+0000] {processor.py:183} INFO - Processing /home/airflow/.local/lib/python3.8/site-packages/airflow/example_dags/example_setup_teardown_taskflow.py took 0.106 seconds
[2026-07-21T18:09:44.684+0000] {processor.py:161} INFO - Started process (PID=182) to work on /home/airflow/.local/lib/python3.8/site-packages/airflow/example_dags/example_setup_teardown_taskflow.py
[2026-07-21T18:09:44.685+0000] {processor.py:830} INFO - Processing file /home/airflow/.local/lib/python3.8/site-packages/airflow/example_dags/example_setup_teardown_taskflow.py for tasks to queue
[2026-07-21T18:09:44.687+0000] {logging_mixin.py:188} INFO - [2026-07-21T18:09:44.687+0000] {dagbag.py:538} INFO - Filling up the DagBag from /home/airflow/.local/lib/python3.8/site-packages/airflow/example_dags/example_setup_teardown_taskflow.py
[2026-07-21T18:09:44.697+0000] {processor.py:840} INFO - DAG(s) 'example_setup_teardown_taskflow' retrieved from /home/airflow/.local/lib/python3.8/site-packages/airflow/example_dags/example_setup_teardown_taskflow.py
[2026-07-21T18:09:44.800+0000] {logging_mixin.py:188} INFO - [2026-07-21T18:09:44.800+0000] {dag.py:3036} INFO - Sync 1 DAGs
[2026-07-21T18:09:44.818+0000] {logging_mixin.py:188} INFO - [2026-07-21T18:09:44.818+0000] {dag.py:3823} INFO - Setting next_dagrun for example_setup_teardown_taskflow to 2026-07-20 00:00:00+00:00, run_after=2026-07-21 00:00:00+00:00
[2026-07-21T18:09:44.837+0000] {processor.py:183} INFO - Processing /home/airflow/.local/lib/python3.8/site-packages/airflow/example_dags/example_setup_teardown_taskflow.py took 0.157 seconds
[2026-07-21T18:10:15.110+0000] {processor.py:161} INFO - Started process (PID=238) to work on /home/airflow/.local/lib/python3.8/site-packages/airflow/example_dags/example_setup_teardown_taskflow.py
[2026-07-21T18:10:15.111+0000] {processor.py:830} INFO - Processing file /home/airflow/.local/lib/python3.8/site-packages/airflow/example_dags/example_setup_teardown_taskflow.py for tasks to queue
[2026-07-21T18:10:15.113+0000] {logging_mixin.py:188} INFO - [2026-07-21T18:10:15.113+0000] {dagbag.py:538} INFO - Filling up the DagBag from /home/airflow/.local/lib/python3.8/site-packages/airflow/example_dags/example_setup_teardown_taskflow.py
[2026-07-21T18:10:15.124+0000] {processor.py:840} INFO - DAG(s) 'example_setup_teardown_taskflow' retrieved from /home/airflow/.local/lib/python3.8/site-packages/airflow/example_dags/example_setup_teardown_taskflow.py
[2026-07-21T18:10:15.148+0000] {logging_mixin.py:188} INFO - [2026-07-21T18:10:15.147+0000] {dag.py:3036} INFO - Sync 1 DAGs
[2026-07-21T18:10:15.170+0000] {logging_mixin.py:188} INFO - [2026-07-21T18:10:15.170+0000] {dag.py:3823} INFO - Setting next_dagrun for example_setup_teardown_taskflow to 2026-07-20 00:00:00+00:00, run_after=2026-07-21 00:00:00+00:00
[2026-07-21T18:10:15.189+0000] {processor.py:183} INFO - Processing /home/airflow/.local/lib/python3.8/site-packages/airflow/example_dags/example_setup_teardown_taskflow.py took 0.084 seconds
[2026-07-21T18:10:45.501+0000] {processor.py:161} INFO - Started process (PID=294) to work on /home/airflow/.local/lib/python3.8/site-packages/airflow/example_dags/example_setup_teardown_taskflow.py
[2026-07-21T18:10:45.502+0000] {processor.py:830} INFO - Processing file /home/airflow/.local/lib/python3.8/site-packages/airflow/example_dags/example_setup_teardown_taskflow.py for tasks to queue
[2026-07-21T18:10:45.504+0000] {logging_mixin.py:188} INFO - [2026-07-21T18:10:45.504+0000] {dagbag.py:538} INFO - Filling up the DagBag from /home/airflow/.local/lib/python3.8/site-packages/airflow/example_dags/example_setup_teardown_taskflow.py
[2026-07-21T18:10:45.514+0000] {processor.py:840} INFO - DAG(s) 'example_setup_teardown_taskflow' retrieved from /home/airflow/.local/lib/python3.8/site-packages/airflow/example_dags/example_setup_teardown_taskflow.py
[2026-07-21T18:10:45.538+0000] {logging_mixin.py:188} INFO - [2026-07-21T18:10:45.538+0000] {dag.py:3036} INFO - Sync 1 DAGs
[2026-07-21T18:10:45.565+0000] {logging_mixin.py:188} INFO - [2026-07-21T18:10:45.565+0000] {dag.py:3823} INFO - Setting next_dagrun for example_setup_teardown_taskflow to 2026-07-20 00:00:00+00:00, run_after=2026-07-21 00:00:00+00:00
[2026-07-21T18:10:45.585+0000] {processor.py:183} INFO - Processing /home/airflow/.local/lib/python3.8/site-packages/airflow/example_dags/example_setup_teardown_taskflow.py took 0.088 seconds
[2026-07-21T18:11:15.923+0000] {processor.py:161} INFO - Started process (PID=350) to work on /home/airflow/.local/lib/python3.8/site-packages/airflow/example_dags/example_setup_teardown_taskflow.py
[2026-07-21T18:11:15.924+0000] {processor.py:830} INFO - Processing file /home/airflow/.local/lib/python3.8/site-packages/airflow/example_dags/example_setup_teardown_taskflow.py for tasks to queue
[2026-07-21T18:11:15.927+0000] {logging_mixin.py:188} INFO - [2026-07-21T18:11:15.926+0000] {dagbag.py:538} INFO - Filling up the DagBag from /home/airflow/.local/lib/python3.8/site-packages/airflow/example_dags/example_setup_teardown_taskflow.py
[2026-07-21T18:11:15.936+0000] {processor.py:840} INFO - DAG(s) 'example_setup_teardown_taskflow' retrieved from /home/airflow/.local/lib/python3.8/site-packages/airflow/example_dags/example_setup_teardown_taskflow.py
[2026-07-21T18:11:15.960+0000] {logging_mixin.py:188} INFO - [2026-07-21T18:11:15.960+0000] {dag.py:3036} INFO - Sync 1 DAGs
[2026-07-21T18:11:15.979+0000] {logging_mixin.py:188} INFO - [2026-07-21T18:11:15.979+0000] {dag.py:3823} INFO - Setting next_dagrun for example_setup_teardown_taskflow to 2026-07-20 00:00:00+00:00, run_after=2026-07-21 00:00:00+00:00
[2026-07-21T18:11:15.998+0000] {processor.py:183} INFO - Processing /home/airflow/.local/lib/python3.8/site-packages/airflow/example_dags/example_setup_teardown_taskflow.py took 0.078 seconds
[2026-07-21T18:11:46.488+0000] {processor.py:161} INFO - Started process (PID=406) to work on /home/airflow/.local/lib/python3.8/site-packages/airflow/example_dags/example_setup_teardown_taskflow.py
[2026-07-21T18:11:46.491+0000] {processor.py:830} INFO - Processing file /home/airflow/.local/lib/python3.8/site-packages/airflow/example_dags/example_setup_teardown_taskflow.py for tasks to queue
[2026-07-21T18:11:46.493+0000] {logging_mixin.py:188} INFO - [2026-07-21T18:11:46.493+0000] {dagbag.py:538} INFO - Filling up the DagBag from /home/airflow/.local/lib/python3.8/site-packages/airflow/example_dags/example_setup_teardown_taskflow.py
[2026-07-21T18:11:46.507+0000] {processor.py:840} INFO - DAG(s) 'example_setup_teardown_taskflow' retrieved from /home/airflow/.local/lib/python3.8/site-packages/airflow/example_dags/example_setup_teardown_taskflow.py
[2026-07-21T18:11:46.530+0000] {logging_mixin.py:188} INFO - [2026-07-21T18:11:46.530+0000] {dag.py:3036} INFO - Sync 1 DAGs
[2026-07-21T18:11:46.551+0000] {logging_mixin.py:188} INFO - [2026-07-21T18:11:46.551+0000] {dag.py:3823} INFO - Setting next_dagrun for example_setup_teardown_taskflow to 2026-07-20 00:00:00+00:00, run_after=2026-07-21 00:00:00+00:00
[2026-07-21T18:11:46.574+0000] {processor.py:183} INFO - Processing /home/airflow/.local/lib/python3.8/site-packages/airflow/example_dags/example_setup_teardown_taskflow.py took 0.093 seconds
[2026-07-21T18:12:17.104+0000] {processor.py:161} INFO - Started process (PID=462) to work on /home/airflow/.local/lib/python3.8/site-packages/airflow/example_dags/example_setup_teardown_taskflow.py
[2026-07-21T18:12:17.106+0000] {processor.py:830} INFO - Processing file /home/airflow/.local/lib/python3.8/site-packages/airflow/example_dags/example_setup_teardown_taskflow.py for tasks to queue
[2026-07-21T18:12:17.107+0000] {logging_mixin.py:188} INFO - [2026-07-21T18:12:17.107+0000] {dagbag.py:538} INFO - Filling up the DagBag from /home/airflow/.local/lib/python3.8/site-packages/airflow/example_dags/example_setup_teardown_taskflow.py
[2026-07-21T18:12:17.116+0000] {processor.py:840} INFO - DAG(s) 'example_setup_teardown_taskflow' retrieved from /home/airflow/.local/lib/python3.8/site-packages/airflow/example_dags/example_setup_teardown_taskflow.py
[2026-07-21T18:12:17.137+0000] {logging_mixin.py:188} INFO - [2026-07-21T18:12:17.137+0000] {dag.py:3036} INFO - Sync 1 DAGs
[2026-07-21T18:12:17.158+0000] {logging_mixin.py:188} INFO - [2026-07-21T18:12:17.157+0000] {dag.py:3823} INFO - Setting next_dagrun for example_setup_teardown_taskflow to 2026-07-20 00:00:00+00:00, run_after=2026-07-21 00:00:00+00:00
[2026-07-21T18:12:17.177+0000] {processor.py:183} INFO - Processing /home/airflow/.local/lib/python3.8/site-packages/airflow/example_dags/example_setup_teardown_taskflow.py took 0.076 seconds
[2026-07-21T18:12:47.948+0000] {processor.py:161} INFO - Started process (PID=518) to work on /home/airflow/.local/lib/python3.8/site-packages/airflow/example_dags/example_setup_teardown_taskflow.py
[2026-07-21T18:12:47.949+0000] {processor.py:830} INFO - Processing file /home/airflow/.local/lib/python3.8/site-packages/airflow/example_dags/example_setup_teardown_taskflow.py for tasks to queue
[2026-07-21T18:12:47.951+0000] {logging_mixin.py:188} INFO - [2026-07-21T18:12:47.951+0000] {dagbag.py:538} INFO - Filling up the DagBag from /home/airflow/.local/lib/python3.8/site-packages/airflow/example_dags/example_setup_teardown_taskflow.py
[2026-07-21T18:12:47.961+0000] {processor.py:840} INFO - DAG(s) 'example_setup_teardown_taskflow' retrieved from /home/airflow/.local/lib/python3.8/site-packages/airflow/example_dags/example_setup_teardown_taskflow.py
[2026-07-21T18:12:47.984+0000] {logging_mixin.py:188} INFO - [2026-07-21T18:12:47.984+0000] {dag.py:3036} INFO - Sync 1 DAGs
[2026-07-21T18:12:48.004+0000] {logging_mixin.py:188} INFO - [2026-07-21T18:12:48.004+0000] {dag.py:3823} INFO - Setting next_dagrun for example_setup_teardown_taskflow to 2026-07-20 00:00:00+00:00, run_after=2026-07-21 00:00:00+00:00
[2026-07-21T18:12:48.024+0000] {processor.py:183} INFO - Processing /home/airflow/.local/lib/python3.8/site-packages/airflow/example_dags/example_setup_teardown_taskflow.py took 0.080 seconds
[2026-07-21T18:13:18.757+0000] {processor.py:161} INFO - Started process (PID=574) to work on /home/airflow/.local/lib/python3.8/site-packages/airflow/example_dags/example_setup_teardown_taskflow.py
[2026-07-21T18:13:18.758+0000] {processor.py:830} INFO - Processing file /home/airflow/.local/lib/python3.8/site-packages/airflow/example_dags/example_setup_teardown_taskflow.py for tasks to queue
[2026-07-21T18:13:18.761+0000] {logging_mixin.py:188} INFO - [2026-07-21T18:13:18.760+0000] {dagbag.py:538} INFO - Filling up the DagBag from /home/airflow/.local/lib/python3.8/site-packages/airflow/example_dags/example_setup_teardown_taskflow.py
[2026-07-21T18:13:18.771+0000] {processor.py:840} INFO - DAG(s) 'example_setup_teardown_taskflow' retrieved from /home/airflow/.local/lib/python3.8/site-packages/airflow/example_dags/example_setup_teardown_taskflow.py
[2026-07-21T18:13:18.796+0000] {logging_mixin.py:188} INFO - [2026-07-21T18:13:18.795+0000] {dag.py:3036} INFO - Sync 1 DAGs
[2026-07-21T18:13:18.818+0000] {logging_mixin.py:188} INFO - [2026-07-21T18:13:18.818+0000] {dag.py:3823} INFO - Setting next_dagrun for example_setup_teardown_taskflow to 2026-07-20 00:00:00+00:00, run_after=2026-07-21 00:00:00+00:00
[2026-07-21T18:13:18.839+0000] {processor.py:183} INFO - Processing /home/airflow/.local/lib/python3.8/site-packages/airflow/example_dags/example_setup_teardown_taskflow.py took 0.086 seconds
[2026-07-21T18:13:49.218+0000] {processor.py:161} INFO - Started process (PID=630) to work on /home/airflow/.local/lib/python3.8/site-packages/airflow/example_dags/example_setup_teardown_taskflow.py
[2026-07-21T18:13:49.221+0000] {processor.py:830} INFO - Processing file /home/airflow/.local/lib/python3.8/site-packages/airflow/example_dags/example_setup_teardown_taskflow.py for tasks to queue
[2026-07-21T18:13:49.228+0000] {logging_mixin.py:188} INFO - [2026-07-21T18:13:49.227+0000] {dagbag.py:538} INFO - Filling up the DagBag from /home/airflow/.local/lib/python3.8/site-packages/airflow/example_dags/example_setup_teardown_taskflow.py
[2026-07-21T18:13:49.243+0000] {processor.py:840} INFO - DAG(s) 'example_setup_teardown_taskflow' retrieved from /home/airflow/.local/lib/python3.8/site-packages/airflow/example_dags/example_setup_teardown_taskflow.py
[2026-07-21T18:13:49.273+0000] {logging_mixin.py:188} INFO - [2026-07-21T18:13:49.273+0000] {dag.py:3036} INFO - Sync 1 DAGs
[2026-07-21T18:13:49.298+0000] {logging_mixin.py:188} INFO - [2026-07-21T18:13:49.298+0000] {dag.py:3823} INFO - Setting next_dagrun for example_setup_teardown_taskflow to 2026-07-20 00:00:00+00:00, run_after=2026-07-21 00:00:00+00:00
[2026-07-21T18:13:49.320+0000] {processor.py:183} INFO - Processing /home/airflow/.local/lib/python3.8/site-packages/airflow/example_dags/example_setup_teardown_taskflow.py took 0.109 seconds
[2026-07-21T18:14:20.185+0000] {processor.py:161} INFO - Started process (PID=686) to work on /home/airflow/.local/lib/python3.8/site-packages/airflow/example_dags/example_setup_teardown_taskflow.py
[2026-07-21T18:14:20.187+0000] {processor.py:830} INFO - Processing file /home/airflow/.local/lib/python3.8/site-packages/airflow/example_dags/example_setup_teardown_taskflow.py for tasks to queue
[2026-07-21T18:14:20.189+0000] {logging_mixin.py:188} INFO - [2026-07-21T18:14:20.189+0000] {dagbag.py:538} INFO - Filling up the DagBag from /home/airflow/.local/lib/python3.8/site-packages/airflow/example_dags/example_setup_teardown_taskflow.py
[2026-07-21T18:14:20.199+0000] {processor.py:840} INFO - DAG(s) 'example_setup_teardown_taskflow' retrieved from /home/airflow/.local/lib/python3.8/site-packages/airflow/example_dags/example_setup_teardown_taskflow.py
[2026-07-21T18:14:20.222+0000] {logging_mixin.py:188} INFO - [2026-07-21T18:14:20.222+0000] {dag.py:3036} INFO - Sync 1 DAGs
[2026-07-21T18:14:20.242+0000] {logging_mixin.py:188} INFO - [2026-07-21T18:14:20.242+0000] {dag.py:3823} INFO - Setting next_dagrun for example_setup_teardown_taskflow to 2026-07-20 00:00:00+00:00, run_after=2026-07-21 00:00:00+00:00
[2026-07-21T18:14:20.261+0000] {processor.py:183} INFO - Processing /home/airflow/.local/lib/python3.8/site-packages/airflow/example_dags/example_setup_teardown_taskflow.py took 0.080 seconds
[2026-07-21T18:14:51.180+0000] {processor.py:161} INFO - Started process (PID=743) to work on /home/airflow/.local/lib/python3.8/site-packages/airflow/example_dags/example_setup_teardown_taskflow.py
[2026-07-21T18:14:51.181+0000] {processor.py:830} INFO - Processing file /home/airflow/.local/lib/python3.8/site-packages/airflow/example_dags/example_setup_teardown_taskflow.py for tasks to queue
[2026-07-21T18:14:51.186+0000] {logging_mixin.py:188} INFO - [2026-07-21T18:14:51.186+0000] {dagbag.py:538} INFO - Filling up the DagBag from /home/airflow/.local/lib/python3.8/site-packages/airflow/example_dags/example_setup_teardown_taskflow.py
[2026-07-21T18:14:51.198+0000] {processor.py:840} INFO - DAG(s) 'example_setup_teardown_taskflow' retrieved from /home/airflow/.local/lib/python3.8/site-packages/airflow/example_dags/example_setup_teardown_taskflow.py
[2026-07-21T18:14:51.222+0000] {logging_mixin.py:188} INFO - [2026-07-21T18:14:51.222+0000] {dag.py:3036} INFO - Sync 1 DAGs
[2026-07-21T18:14:51.244+0000] {logging_mixin.py:188} INFO - [2026-07-21T18:14:51.244+0000] {dag.py:3823} INFO - Setting next_dagrun for example_setup_teardown_taskflow to 2026-07-20 00:00:00+00:00, run_after=2026-07-21 00:00:00+00:00
[2026-07-21T18:14:51.265+0000] {processor.py:183} INFO - Processing /home/airflow/.local/lib/python3.8/site-packages/airflow/example_dags/example_setup_teardown_taskflow.py took 0.089 seconds
[2026-07-21T18:15:22.034+0000] {processor.py:161} INFO - Started process (PID=799) to work on /home/airflow/.local/lib/python3.8/site-packages/airflow/example_dags/example_setup_teardown_taskflow.py
[2026-07-21T18:15:22.036+0000] {processor.py:830} INFO - Processing file /home/airflow/.local/lib/python3.8/site-packages/airflow/example_dags/example_setup_teardown_taskflow.py for tasks to queue
[2026-07-21T18:15:22.038+0000] {logging_mixin.py:188} INFO - [2026-07-21T18:15:22.037+0000] {dagbag.py:538} INFO - Filling up the DagBag from /home/airflow/.local/lib/python3.8/site-packages/airflow/example_dags/example_setup_teardown_taskflow.py
[2026-07-21T18:15:22.048+0000] {processor.py:840} INFO - DAG(s) 'example_setup_teardown_taskflow' retrieved from /home/airflow/.local/lib/python3.8/site-packages/airflow/example_dags/example_setup_teardown_taskflow.py
[2026-07-21T18:15:22.073+0000] {logging_mixin.py:188} INFO - [2026-07-21T18:15:22.073+0000] {dag.py:3036} INFO - Sync 1 DAGs
[2026-07-21T18:15:22.096+0000] {logging_mixin.py:188} INFO - [2026-07-21T18:15:22.095+0000] {dag.py:3823} INFO - Setting next_dagrun for example_setup_teardown_taskflow to 2026-07-20 00:00:00+00:00, run_after=2026-07-21 00:00:00+00:00
[2026-07-21T18:15:22.115+0000] {processor.py:183} INFO - Processing /home/airflow/.local/lib/python3.8/site-packages/airflow/example_dags/example_setup_teardown_taskflow.py took 0.085 seconds
[2026-07-21T18:15:52.808+0000] {processor.py:161} INFO - Started process (PID=855) to work on /home/airflow/.local/lib/python3.8/site-packages/airflow/example_dags/example_setup_teardown_taskflow.py
[2026-07-21T18:15:52.810+0000] {processor.py:830} INFO - Processing file /home/airflow/.local/lib/python3.8/site-packages/airflow/example_dags/example_setup_teardown_taskflow.py for tasks to queue
[2026-07-21T18:15:52.812+0000] {logging_mixin.py:188} INFO - [2026-07-21T18:15:52.811+0000] {dagbag.py:538} INFO - Filling up the DagBag from /home/airflow/.local/lib/python3.8/site-packages/airflow/example_dags/example_setup_teardown_taskflow.py
[2026-07-21T18:15:52.821+0000] {processor.py:840} INFO - DAG(s) 'example_setup_teardown_taskflow' retrieved from /home/airflow/.local/lib/python3.8/site-packages/airflow/example_dags/example_setup_teardown_taskflow.py
[2026-07-21T18:15:52.842+0000] {logging_mixin.py:188} INFO - [2026-07-21T18:15:52.842+0000] {dag.py:3036} INFO - Sync 1 DAGs
[2026-07-21T18:15:52.863+0000] {logging_mixin.py:188} INFO - [2026-07-21T18:15:52.862+0000] {dag.py:3823} INFO - Setting next_dagrun for example_setup_teardown_taskflow to 2026-07-20 00:00:00+00:00, run_after=2026-07-21 00:00:00+00:00
[2026-07-21T18:15:52.883+0000] {processor.py:183} INFO - Processing /home/airflow/.local/lib/python3.8/site-packages/airflow/example_dags/example_setup_teardown_taskflow.py took 0.079 seconds
[2026-07-21T18:16:23.561+0000] {processor.py:161} INFO - Started process (PID=911) to work on /home/airflow/.local/lib/python3.8/site-packages/airflow/example_dags/example_setup_teardown_taskflow.py
[2026-07-21T18:16:23.562+0000] {processor.py:830} INFO - Processing file /home/airflow/.local/lib/python3.8/site-packages/airflow/example_dags/example_setup_teardown_taskflow.py for tasks to queue
[2026-07-21T18:16:23.564+0000] {logging_mixin.py:188} INFO - [2026-07-21T18:16:23.564+0000] {dagbag.py:538} INFO - Filling up the DagBag from /home/airflow/.local/lib/python3.8/site-packages/airflow/example_dags/example_setup_teardown_taskflow.py
[2026-07-21T18:16:23.574+0000] {processor.py:840} INFO - DAG(s) 'example_setup_teardown_taskflow' retrieved from /home/airflow/.local/lib/python3.8/site-packages/airflow/example_dags/example_setup_teardown_taskflow.py
[2026-07-21T18:16:23.597+0000] {logging_mixin.py:188} INFO - [2026-07-21T18:16:23.597+0000] {dag.py:3036} INFO - Sync 1 DAGs
[2026-07-21T18:16:23.623+0000] {logging_mixin.py:188} INFO - [2026-07-21T18:16:23.623+0000] {dag.py:3823} INFO - Setting next_dagrun for example_setup_teardown_taskflow to 2026-07-20 00:00:00+00:00, run_after=2026-07-21 00:00:00+00:00
[2026-07-21T18:16:23.645+0000] {processor.py:183} INFO - Processing /home/airflow/.local/lib/python3.8/site-packages/airflow/example_dags/example_setup_teardown_taskflow.py took 0.089 seconds
[2026-07-21T18:16:53.780+0000] {processor.py:161} INFO - Started process (PID=967) to work on /home/airflow/.local/lib/python3.8/site-packages/airflow/example_dags/example_setup_teardown_taskflow.py
[2026-07-21T18:16:53.781+0000] {processor.py:830} INFO - Processing file /home/airflow/.local/lib/python3.8/site-packages/airflow/example_dags/example_setup_teardown_taskflow.py for tasks to queue
[2026-07-21T18:16:53.783+0000] {logging_mixin.py:188} INFO - [2026-07-21T18:16:53.783+0000] {dagbag.py:538} INFO - Filling up the DagBag from /home/airflow/.local/lib/python3.8/site-packages/airflow/example_dags/example_setup_teardown_taskflow.py
[2026-07-21T18:16:53.793+0000] {processor.py:840} INFO - DAG(s) 'example_setup_teardown_taskflow' retrieved from /home/airflow/.local/lib/python3.8/site-packages/airflow/example_dags/example_setup_teardown_taskflow.py
[2026-07-21T18:16:53.815+0000] {logging_mixin.py:188} INFO - [2026-07-21T18:16:53.814+0000] {dag.py:3036} INFO - Sync 1 DAGs
[2026-07-21T18:16:53.834+0000] {logging_mixin.py:188} INFO - [2026-07-21T18:16:53.834+0000] {dag.py:3823} INFO - Setting next_dagrun for example_setup_teardown_taskflow to 2026-07-20 00:00:00+00:00, run_after=2026-07-21 00:00:00+00:00
[2026-07-21T18:16:53.854+0000] {processor.py:183} INFO - Processing /home/airflow/.local/lib/python3.8/site-packages/airflow/example_dags/example_setup_teardown_taskflow.py took 0.078 seconds
[2026-07-21T18:17:24.091+0000] {processor.py:161} INFO - Started process (PID=1023) to work on /home/airflow/.local/lib/python3.8/site-packages/airflow/example_dags/example_setup_teardown_taskflow.py
[2026-07-21T18:17:24.092+0000] {processor.py:830} INFO - Processing file /home/airflow/.local/lib/python3.8/site-packages/airflow/example_dags/example_setup_teardown_taskflow.py for tasks to queue
[2026-07-21T18:17:24.095+0000] {logging_mixin.py:188} INFO - [2026-07-21T18:17:24.094+0000] {dagbag.py:538} INFO - Filling up the DagBag from /home/airflow/.local/lib/python3.8/site-packages/airflow/example_dags/example_setup_teardown_taskflow.py
[2026-07-21T18:17:24.105+0000] {processor.py:840} INFO - DAG(s) 'example_setup_teardown_taskflow' retrieved from /home/airflow/.local/lib/python3.8/site-packages/airflow/example_dags/example_setup_teardown_taskflow.py
[2026-07-21T18:17:24.132+0000] {logging_mixin.py:188} INFO - [2026-07-21T18:17:24.132+0000] {dag.py:3036} INFO - Sync 1 DAGs
[2026-07-21T18:17:24.155+0000] {logging_mixin.py:188} INFO - [2026-07-21T18:17:24.155+0000] {dag.py:3823} INFO - Setting next_dagrun for example_setup_teardown_taskflow to 2026-07-20 00:00:00+00:00, run_after=2026-07-21 00:00:00+00:00
[2026-07-21T18:17:24.179+0000] {processor.py:183} INFO - Processing /home/airflow/.local/lib/python3.8/site-packages/airflow/example_dags/example_setup_teardown_taskflow.py took 0.091 seconds
[2026-07-21T18:17:54.979+0000] {processor.py:161} INFO - Started process (PID=1079) to work on /home/airflow/.local/lib/python3.8/site-packages/airflow/example_dags/example_setup_teardown_taskflow.py
[2026-07-21T18:17:54.981+0000] {processor.py:830} INFO - Processing file /home/airflow/.local/lib/python3.8/site-packages/airflow/example_dags/example_setup_teardown_taskflow.py for tasks to queue
[2026-07-21T18:17:54.983+0000] {logging_mixin.py:188} INFO - [2026-07-21T18:17:54.982+0000] {dagbag.py:538} INFO - Filling up the DagBag from /home/airflow/.local/lib/python3.8/site-packages/airflow/example_dags/example_setup_teardown_taskflow.py
[2026-07-21T18:17:54.992+0000] {processor.py:840} INFO - DAG(s) 'example_setup_teardown_taskflow' retrieved from /home/airflow/.local/lib/python3.8/site-packages/airflow/example_dags/example_setup_teardown_taskflow.py
[2026-07-21T18:17:55.014+0000] {logging_mixin.py:188} INFO - [2026-07-21T18:17:55.014+0000] {dag.py:3036} INFO - Sync 1 DAGs
[2026-07-21T18:17:55.033+0000] {logging_mixin.py:188} INFO - [2026-07-21T18:17:55.033+0000] {dag.py:3823} INFO - Setting next_dagrun for example_setup_teardown_taskflow to 2026-07-20 00:00:00+00:00, run_after=2026-07-21 00:00:00+00:00
[2026-07-21T18:17:55.053+0000] {processor.py:183} INFO - Processing /home/airflow/.local/lib/python3.8/site-packages/airflow/example_dags/example_setup_teardown_taskflow.py took 0.077 seconds
[2026-07-21T18:18:26.014+0000] {processor.py:161} INFO - Started process (PID=1135) to work on /home/airflow/.local/lib/python3.8/site-packages/airflow/example_dags/example_setup_teardown_taskflow.py
[2026-07-21T18:18:26.015+0000] {processor.py:830} INFO - Processing file /home/airflow/.local/lib/python3.8/site-packages/airflow/example_dags/example_setup_teardown_taskflow.py for tasks to queue
[2026-07-21T18:18:26.017+0000] {logging_mixin.py:188} INFO - [2026-07-21T18:18:26.017+0000] {dagbag.py:538} INFO - Filling up the DagBag from /home/airflow/.local/lib/python3.8/site-packages/airflow/example_dags/example_setup_teardown_taskflow.py
[2026-07-21T18:18:26.027+0000] {processor.py:840} INFO - DAG(s) 'example_setup_teardown_taskflow' retrieved from /home/airflow/.local/lib/python3.8/site-packages/airflow/example_dags/example_setup_teardown_taskflow.py
[2026-07-21T18:18:26.049+0000] {logging_mixin.py:188} INFO - [2026-07-21T18:18:26.049+0000] {dag.py:3036} INFO - Sync 1 DAGs
[2026-07-21T18:18:26.069+0000] {logging_mixin.py:188} INFO - [2026-07-21T18:18:26.068+0000] {dag.py:3823} INFO - Setting next_dagrun for example_setup_teardown_taskflow to 2026-07-20 00:00:00+00:00, run_after=2026-07-21 00:00:00+00:00
[2026-07-21T18:18:26.087+0000] {processor.py:183} INFO - Processing /home/airflow/.local/lib/python3.8/site-packages/airflow/example_dags/example_setup_teardown_taskflow.py took 0.077 seconds
[2026-07-21T18:18:56.973+0000] {processor.py:161} INFO - Started process (PID=1191) to work on /home/airflow/.local/lib/python3.8/site-packages/airflow/example_dags/example_setup_teardown_taskflow.py
[2026-07-21T18:18:56.974+0000] {processor.py:830} INFO - Processing file /home/airflow/.local/lib/python3.8/site-packages/airflow/example_dags/example_setup_teardown_taskflow.py for tasks to queue
[2026-07-21T18:18:56.976+0000] {logging_mixin.py:188} INFO - [2026-07-21T18:18:56.976+0000] {dagbag.py:538} INFO - Filling up the DagBag from /home/airflow/.local/lib/python3.8/site-packages/airflow/example_dags/example_setup_teardown_taskflow.py
[2026-07-21T18:18:56.988+0000] {processor.py:840} INFO - DAG(s) 'example_setup_teardown_taskflow' retrieved from /home/airflow/.local/lib/python3.8/site-packages/airflow/example_dags/example_setup_teardown_taskflow.py
[2026-07-21T18:18:57.012+0000] {logging_mixin.py:188} INFO - [2026-07-21T18:18:57.011+0000] {dag.py:3036} INFO - Sync 1 DAGs
[2026-07-21T18:18:57.035+0000] {logging_mixin.py:188} INFO - [2026-07-21T18:18:57.035+0000] {dag.py:3823} INFO - Setting next_dagrun for example_setup_teardown_taskflow to 2026-07-20 00:00:00+00:00, run_after=2026-07-21 00:00:00+00:00
[2026-07-21T18:18:57.057+0000] {processor.py:183} INFO - Processing /home/airflow/.local/lib/python3.8/site-packages/airflow/example_dags/example_setup_teardown_taskflow.py took 0.088 seconds
[2026-07-21T18:19:27.494+0000] {processor.py:161} INFO - Started process (PID=1247) to work on /home/airflow/.local/lib/python3.8/site-packages/airflow/example_dags/example_setup_teardown_taskflow.py
[2026-07-21T18:19:27.495+0000] {processor.py:830} INFO - Processing file /home/airflow/.local/lib/python3.8/site-packages/airflow/example_dags/example_setup_teardown_taskflow.py for tasks to queue
[2026-07-21T18:19:27.497+0000] {logging_mixin.py:188} INFO - [2026-07-21T18:19:27.497+0000] {dagbag.py:538} INFO - Filling up the DagBag from /home/airflow/.local/lib/python3.8/site-packages/airflow/example_dags/example_setup_teardown_taskflow.py
[2026-07-21T18:19:27.506+0000] {processor.py:840} INFO - DAG(s) 'example_setup_teardown_taskflow' retrieved from /home/airflow/.local/lib/python3.8/site-packages/airflow/example_dags/example_setup_teardown_taskflow.py
[2026-07-21T18:19:27.528+0000] {logging_mixin.py:188} INFO - [2026-07-21T18:19:27.528+0000] {dag.py:3036} INFO - Sync 1 DAGs
[2026-07-21T18:19:27.548+0000] {logging_mixin.py:188} INFO - [2026-07-21T18:19:27.548+0000] {dag.py:3823} INFO - Setting next_dagrun for example_setup_teardown_taskflow to 2026-07-20 00:00:00+00:00, run_after=2026-07-21 00:00:00+00:00
[2026-07-21T18:19:27.568+0000] {processor.py:183} INFO - Processing /home/airflow/.local/lib/python3.8/site-packages/airflow/example_dags/example_setup_teardown_taskflow.py took 0.078 seconds
[2026-07-21T18:19:58.069+0000] {processor.py:161} INFO - Started process (PID=1303) to work on /home/airflow/.local/lib/python3.8/site-packages/airflow/example_dags/example_setup_teardown_taskflow.py
[2026-07-21T18:19:58.070+0000] {processor.py:830} INFO - Processing file /home/airflow/.local/lib/python3.8/site-packages/airflow/example_dags/example_setup_teardown_taskflow.py for tasks to queue
[2026-07-21T18:19:58.073+0000] {logging_mixin.py:188} INFO - [2026-07-21T18:19:58.072+0000] {dagbag.py:538} INFO - Filling up the DagBag from /home/airflow/.local/lib/python3.8/site-packages/airflow/example_dags/example_setup_teardown_taskflow.py
[2026-07-21T18:19:58.082+0000] {processor.py:840} INFO - DAG(s) 'example_setup_teardown_taskflow' retrieved from /home/airflow/.local/lib/python3.8/site-packages/airflow/example_dags/example_setup_teardown_taskflow.py
[2026-07-21T18:19:58.105+0000] {logging_mixin.py:188} INFO - [2026-07-21T18:19:58.105+0000] {dag.py:3036} INFO - Sync 1 DAGs
[2026-07-21T18:19:58.125+0000] {logging_mixin.py:188} INFO - [2026-07-21T18:19:58.125+0000] {dag.py:3823} INFO - Setting next_dagrun for example_setup_teardown_taskflow to 2026-07-20 00:00:00+00:00, run_after=2026-07-21 00:00:00+00:00
[2026-07-21T18:19:58.142+0000] {processor.py:183} INFO - Processing /home/airflow/.local/lib/python3.8/site-packages/airflow/example_dags/example_setup_teardown_taskflow.py took 0.077 seconds
[2026-07-21T18:20:28.718+0000] {processor.py:161} INFO - Started process (PID=1359) to work on /home/airflow/.local/lib/python3.8/site-packages/airflow/example_dags/example_setup_teardown_taskflow.py
[2026-07-21T18:20:28.719+0000] {processor.py:830} INFO - Processing file /home/airflow/.local/lib/python3.8/site-packages/airflow/example_dags/example_setup_teardown_taskflow.py for tasks to queue
[2026-07-21T18:20:28.721+0000] {logging_mixin.py:188} INFO - [2026-07-21T18:20:28.721+0000] {dagbag.py:538} INFO - Filling up the DagBag from /home/airflow/.local/lib/python3.8/site-packages/airflow/example_dags/example_setup_teardown_taskflow.py
[2026-07-21T18:20:28.731+0000] {processor.py:840} INFO - DAG(s) 'example_setup_teardown_taskflow' retrieved from /home/airflow/.local/lib/python3.8/site-packages/airflow/example_dags/example_setup_teardown_taskflow.py
[2026-07-21T18:20:28.753+0000] {logging_mixin.py:188} INFO - [2026-07-21T18:20:28.752+0000] {dag.py:3036} INFO - Sync 1 DAGs
[2026-07-21T18:20:28.772+0000] {logging_mixin.py:188} INFO - [2026-07-21T18:20:28.772+0000] {dag.py:3823} INFO - Setting next_dagrun for example_setup_teardown_taskflow to 2026-07-20 00:00:00+00:00, run_after=2026-07-21 00:00:00+00:00
[2026-07-21T18:20:28.792+0000] {processor.py:183} INFO - Processing /home/airflow/.local/lib/python3.8/site-packages/airflow/example_dags/example_setup_teardown_taskflow.py took 0.077 seconds
[2026-07-21T18:20:59.001+0000] {processor.py:161} INFO - Started process (PID=1415) to work on /home/airflow/.local/lib/python3.8/site-packages/airflow/example_dags/example_setup_teardown_taskflow.py
[2026-07-21T18:20:59.002+0000] {processor.py:830} INFO - Processing file /home/airflow/.local/lib/python3.8/site-packages/airflow/example_dags/example_setup_teardown_taskflow.py for tasks to queue
[2026-07-21T18:20:59.004+0000] {logging_mixin.py:188} INFO - [2026-07-21T18:20:59.004+0000] {dagbag.py:538} INFO - Filling up the DagBag from /home/airflow/.local/lib/python3.8/site-packages/airflow/example_dags/example_setup_teardown_taskflow.py
[2026-07-21T18:20:59.014+0000] {processor.py:840} INFO - DAG(s) 'example_setup_teardown_taskflow' retrieved from /home/airflow/.local/lib/python3.8/site-packages/airflow/example_dags/example_setup_teardown_taskflow.py
[2026-07-21T18:20:59.036+0000] {logging_mixin.py:188} INFO - [2026-07-21T18:20:59.036+0000] {dag.py:3036} INFO - Sync 1 DAGs
[2026-07-21T18:20:59.056+0000] {logging_mixin.py:188} INFO - [2026-07-21T18:20:59.056+0000] {dag.py:3823} INFO - Setting next_dagrun for example_setup_teardown_taskflow to 2026-07-20 00:00:00+00:00, run_after=2026-07-21 00:00:00+00:00
[2026-07-21T18:20:59.075+0000] {processor.py:183} INFO - Processing /home/airflow/.local/lib/python3.8/site-packages/airflow/example_dags/example_setup_teardown_taskflow.py took 0.077 seconds
[2026-07-21T18:21:31.096+0000] {processor.py:161} INFO - Started process (PID=1471) to work on /home/airflow/.local/lib/python3.8/site-packages/airflow/example_dags/example_setup_teardown_taskflow.py
[2026-07-21T18:21:31.097+0000] {processor.py:830} INFO - Processing file /home/airflow/.local/lib/python3.8/site-packages/airflow/example_dags/example_setup_teardown_taskflow.py for tasks to queue
[2026-07-21T18:21:31.099+0000] {logging_mixin.py:188} INFO - [2026-07-21T18:21:31.099+0000] {dagbag.py:538} INFO - Filling up the DagBag from /home/airflow/.local/lib/python3.8/site-packages/airflow/example_dags/example_setup_teardown_taskflow.py
[2026-07-21T18:21:31.109+0000] {processor.py:840} INFO - DAG(s) 'example_setup_teardown_taskflow' retrieved from /home/airflow/.local/lib/python3.8/site-packages/airflow/example_dags/example_setup_teardown_taskflow.py
[2026-07-21T18:21:31.132+0000] {logging_mixin.py:188} INFO - [2026-07-21T18:21:31.131+0000] {dag.py:3036} INFO - Sync 1 DAGs
[2026-07-21T18:21:31.307+0000] {logging_mixin.py:188} INFO - [2026-07-21T18:21:31.307+0000] {dag.py:3823} INFO - Setting next_dagrun for example_setup_teardown_taskflow to 2026-07-20 00:00:00+00:00, run_after=2026-07-21 00:00:00+00:00
[2026-07-21T18:21:31.326+0000] {processor.py:183} INFO - Processing /home/airflow/.local/lib/python3.8/site-packages/airflow/example_dags/example_setup_teardown_taskflow.py took 0.233 seconds
[2026-07-21T18:22:01.379+0000] {processor.py:161} INFO - Started process (PID=1527) to work on /home/airflow/.local/lib/python3.8/site-packages/airflow/example_dags/example_setup_teardown_taskflow.py
[2026-07-21T18:22:01.381+0000] {processor.py:830} INFO - Processing file /home/airflow/.local/lib/python3.8/site-packages/airflow/example_dags/example_setup_teardown_taskflow.py for tasks to queue
[2026-07-21T18:22:01.383+0000] {logging_mixin.py:188} INFO - [2026-07-21T18:22:01.382+0000] {dagbag.py:538} INFO - Filling up the DagBag from /home/airflow/.local/lib/python3.8/site-packages/airflow/example_dags/example_setup_teardown_taskflow.py
[2026-07-21T18:22:01.392+0000] {processor.py:840} INFO - DAG(s) 'example_setup_teardown_taskflow' retrieved from /home/airflow/.local/lib/python3.8/site-packages/airflow/example_dags/example_setup_teardown_taskflow.py
[2026-07-21T18:22:01.415+0000] {logging_mixin.py:188} INFO - [2026-07-21T18:22:01.414+0000] {dag.py:3036} INFO - Sync 1 DAGs
[2026-07-21T18:22:01.434+0000] {logging_mixin.py:188} INFO - [2026-07-21T18:22:01.434+0000] {dag.py:3823} INFO - Setting next_dagrun for example_setup_teardown_taskflow to 2026-07-20 00:00:00+00:00, run_after=2026-07-21 00:00:00+00:00
[2026-07-21T18:22:01.603+0000] {processor.py:183} INFO - Processing /home/airflow/.local/lib/python3.8/site-packages/airflow/example_dags/example_setup_teardown_taskflow.py took 0.228 seconds
[2026-07-21T18:22:32.447+0000] {processor.py:161} INFO - Started process (PID=1583) to work on /home/airflow/.local/lib/python3.8/site-packages/airflow/example_dags/example_setup_teardown_taskflow.py
[2026-07-21T18:22:32.448+0000] {processor.py:830} INFO - Processing file /home/airflow/.local/lib/python3.8/site-packages/airflow/example_dags/example_setup_teardown_taskflow.py for tasks to queue
[2026-07-21T18:22:32.450+0000] {logging_mixin.py:188} INFO - [2026-07-21T18:22:32.450+0000] {dagbag.py:538} INFO - Filling up the DagBag from /home/airflow/.local/lib/python3.8/site-packages/airflow/example_dags/example_setup_teardown_taskflow.py
[2026-07-21T18:22:32.459+0000] {processor.py:840} INFO - DAG(s) 'example_setup_teardown_taskflow' retrieved from /home/airflow/.local/lib/python3.8/site-packages/airflow/example_dags/example_setup_teardown_taskflow.py
[2026-07-21T18:22:32.484+0000] {logging_mixin.py:188} INFO - [2026-07-21T18:22:32.484+0000] {dag.py:3036} INFO - Sync 1 DAGs
[2026-07-21T18:22:32.504+0000] {logging_mixin.py:188} INFO - [2026-07-21T18:22:32.503+0000] {dag.py:3823} INFO - Setting next_dagrun for example_setup_teardown_taskflow to 2026-07-20 00:00:00+00:00, run_after=2026-07-21 00:00:00+00:00
[2026-07-21T18:22:32.525+0000] {processor.py:183} INFO - Processing /home/airflow/.local/lib/python3.8/site-packages/airflow/example_dags/example_setup_teardown_taskflow.py took 0.081 seconds
[2026-07-21T18:23:02.737+0000] {processor.py:161} INFO - Started process (PID=1639) to work on /home/airflow/.local/lib/python3.8/site-packages/airflow/example_dags/example_setup_teardown_taskflow.py
[2026-07-21T18:23:02.738+0000] {processor.py:830} INFO - Processing file /home/airflow/.local/lib/python3.8/site-packages/airflow/example_dags/example_setup_teardown_taskflow.py for tasks to queue
[2026-07-21T18:23:02.740+0000] {logging_mixin.py:188} INFO - [2026-07-21T18:23:02.740+0000] {dagbag.py:538} INFO - Filling up the DagBag from /home/airflow/.local/lib/python3.8/site-packages/airflow/example_dags/example_setup_teardown_taskflow.py
[2026-07-21T18:23:02.750+0000] {processor.py:840} INFO - DAG(s) 'example_setup_teardown_taskflow' retrieved from /home/airflow/.local/lib/python3.8/site-packages/airflow/example_dags/example_setup_teardown_taskflow.py
[2026-07-21T18:23:02.772+0000] {logging_mixin.py:188} INFO - [2026-07-21T18:23:02.772+0000] {dag.py:3036} INFO - Sync 1 DAGs
[2026-07-21T18:23:02.792+0000] {logging_mixin.py:188} INFO - [2026-07-21T18:23:02.792+0000] {dag.py:3823} INFO - Setting next_dagrun for example_setup_teardown_taskflow to 2026-07-20 00:00:00+00:00, run_after=2026-07-21 00:00:00+00:00
[2026-07-21T18:23:02.810+0000] {processor.py:183} INFO - Processing /home/airflow/.local/lib/python3.8/site-packages/airflow/example_dags/example_setup_teardown_taskflow.py took 0.077 seconds
[2026-07-21T18:23:34.935+0000] {processor.py:161} INFO - Started process (PID=1695) to work on /home/airflow/.local/lib/python3.8/site-packages/airflow/example_dags/example_setup_teardown_taskflow.py
[2026-07-21T18:23:34.936+0000] {processor.py:830} INFO - Processing file /home/airflow/.local/lib/python3.8/site-packages/airflow/example_dags/example_setup_teardown_taskflow.py for tasks to queue
[2026-07-21T18:23:34.938+0000] {logging_mixin.py:188} INFO - [2026-07-21T18:23:34.938+0000] {dagbag.py:538} INFO - Filling up the DagBag from /home/airflow/.local/lib/python3.8/site-packages/airflow/example_dags/example_setup_teardown_taskflow.py
[2026-07-21T18:23:34.947+0000] {processor.py:840} INFO - DAG(s) 'example_setup_teardown_taskflow' retrieved from /home/airflow/.local/lib/python3.8/site-packages/airflow/example_dags/example_setup_teardown_taskflow.py
[2026-07-21T18:23:35.122+0000] {logging_mixin.py:188} INFO - [2026-07-21T18:23:35.122+0000] {dag.py:3036} INFO - Sync 1 DAGs
[2026-07-21T18:23:35.138+0000] {logging_mixin.py:188} INFO - [2026-07-21T18:23:35.138+0000] {dag.py:3823} INFO - Setting next_dagrun for example_setup_teardown_taskflow to 2026-07-20 00:00:00+00:00, run_after=2026-07-21 00:00:00+00:00
[2026-07-21T18:23:35.157+0000] {processor.py:183} INFO - Processing /home/airflow/.local/lib/python3.8/site-packages/airflow/example_dags/example_setup_teardown_taskflow.py took 0.226 seconds
[2026-07-21T18:24:05.841+0000] {processor.py:161} INFO - Started process (PID=1751) to work on /home/airflow/.local/lib/python3.8/site-packages/airflow/example_dags/example_setup_teardown_taskflow.py
[2026-07-21T18:24:05.842+0000] {processor.py:830} INFO - Processing file /home/airflow/.local/lib/python3.8/site-packages/airflow/example_dags/example_setup_teardown_taskflow.py for tasks to queue
[2026-07-21T18:24:05.844+0000] {logging_mixin.py:188} INFO - [2026-07-21T18:24:05.844+0000] {dagbag.py:538} INFO - Filling up the DagBag from /home/airflow/.local/lib/python3.8/site-packages/airflow/example_dags/example_setup_teardown_taskflow.py
[2026-07-21T18:24:05.855+0000] {processor.py:840} INFO - DAG(s) 'example_setup_teardown_taskflow' retrieved from /home/airflow/.local/lib/python3.8/site-packages/airflow/example_dags/example_setup_teardown_taskflow.py
[2026-07-21T18:24:05.880+0000] {logging_mixin.py:188} INFO - [2026-07-21T18:24:05.880+0000] {dag.py:3036} INFO - Sync 1 DAGs
[2026-07-21T18:24:05.905+0000] {logging_mixin.py:188} INFO - [2026-07-21T18:24:05.904+0000] {dag.py:3823} INFO - Setting next_dagrun for example_setup_teardown_taskflow to 2026-07-20 00:00:00+00:00, run_after=2026-07-21 00:00:00+00:00
[2026-07-21T18:24:05.926+0000] {processor.py:183} INFO - Processing /home/airflow/.local/lib/python3.8/site-packages/airflow/example_dags/example_setup_teardown_taskflow.py took 0.089 seconds
[2026-07-21T18:24:36.035+0000] {processor.py:161} INFO - Started process (PID=1807) to work on /home/airflow/.local/lib/python3.8/site-packages/airflow/example_dags/example_setup_teardown_taskflow.py
[2026-07-21T18:24:36.036+0000] {processor.py:830} INFO - Processing file /home/airflow/.local/lib/python3.8/site-packages/airflow/example_dags/example_setup_teardown_taskflow.py for tasks to queue
[2026-07-21T18:24:36.038+0000] {logging_mixin.py:188} INFO - [2026-07-21T18:24:36.038+0000] {dagbag.py:538} INFO - Filling up the DagBag from /home/airflow/.local/lib/python3.8/site-packages/airflow/example_dags/example_setup_teardown_taskflow.py
[2026-07-21T18:24:36.049+0000] {processor.py:840} INFO - DAG(s) 'example_setup_teardown_taskflow' retrieved from /home/airflow/.local/lib/python3.8/site-packages/airflow/example_dags/example_setup_teardown_taskflow.py
[2026-07-21T18:24:36.072+0000] {logging_mixin.py:188} INFO - [2026-07-21T18:24:36.072+0000] {dag.py:3036} INFO - Sync 1 DAGs
[2026-07-21T18:24:36.094+0000] {logging_mixin.py:188} INFO - [2026-07-21T18:24:36.094+0000] {dag.py:3823} INFO - Setting next_dagrun for example_setup_teardown_taskflow to 2026-07-20 00:00:00+00:00, run_after=2026-07-21 00:00:00+00:00
[2026-07-21T18:24:36.115+0000] {processor.py:183} INFO - Processing /home/airflow/.local/lib/python3.8/site-packages/airflow/example_dags/example_setup_teardown_taskflow.py took 0.085 seconds
[2026-07-21T18:25:06.379+0000] {processor.py:161} INFO - Started process (PID=1863) to work on /home/airflow/.local/lib/python3.8/site-packages/airflow/example_dags/example_setup_teardown_taskflow.py
[2026-07-21T18:25:06.380+0000] {processor.py:830} INFO - Processing file /home/airflow/.local/lib/python3.8/site-packages/airflow/example_dags/example_setup_teardown_taskflow.py for tasks to queue
[2026-07-21T18:25:06.382+0000] {logging_mixin.py:188} INFO - [2026-07-21T18:25:06.382+0000] {dagbag.py:538} INFO - Filling up the DagBag from /home/airflow/.local/lib/python3.8/site-packages/airflow/example_dags/example_setup_teardown_taskflow.py
[2026-07-21T18:25:06.392+0000] {processor.py:840} INFO - DAG(s) 'example_setup_teardown_taskflow' retrieved from /home/airflow/.local/lib/python3.8/site-packages/airflow/example_dags/example_setup_teardown_taskflow.py
[2026-07-21T18:25:06.415+0000] {logging_mixin.py:188} INFO - [2026-07-21T18:25:06.415+0000] {dag.py:3036} INFO - Sync 1 DAGs
[2026-07-21T18:25:06.438+0000] {logging_mixin.py:188} INFO - [2026-07-21T18:25:06.438+0000] {dag.py:3823} INFO - Setting next_dagrun for example_setup_teardown_taskflow to 2026-07-20 00:00:00+00:00, run_after=2026-07-21 00:00:00+00:00
[2026-07-21T18:25:06.463+0000] {processor.py:183} INFO - Processing /home/airflow/.local/lib/python3.8/site-packages/airflow/example_dags/example_setup_teardown_taskflow.py took 0.089 seconds
[2026-07-21T18:25:37.350+0000] {processor.py:161} INFO - Started process (PID=1919) to work on /home/airflow/.local/lib/python3.8/site-packages/airflow/example_dags/example_setup_teardown_taskflow.py
[2026-07-21T18:25:37.351+0000] {processor.py:830} INFO - Processing file /home/airflow/.local/lib/python3.8/site-packages/airflow/example_dags/example_setup_teardown_taskflow.py for tasks to queue
[2026-07-21T18:25:37.354+0000] {logging_mixin.py:188} INFO - [2026-07-21T18:25:37.353+0000] {dagbag.py:538} INFO - Filling up the DagBag from /home/airflow/.local/lib/python3.8/site-packages/airflow/example_dags/example_setup_teardown_taskflow.py
[2026-07-21T18:25:37.365+0000] {processor.py:840} INFO - DAG(s) 'example_setup_teardown_taskflow' retrieved from /home/airflow/.local/lib/python3.8/site-packages/airflow/example_dags/example_setup_teardown_taskflow.py
[2026-07-21T18:25:37.389+0000] {logging_mixin.py:188} INFO - [2026-07-21T18:25:37.389+0000] {dag.py:3036} INFO - Sync 1 DAGs
[2026-07-21T18:25:37.411+0000] {logging_mixin.py:188} INFO - [2026-07-21T18:25:37.411+0000] {dag.py:3823} INFO - Setting next_dagrun for example_setup_teardown_taskflow to 2026-07-20 00:00:00+00:00, run_after=2026-07-21 00:00:00+00:00
[2026-07-21T18:25:37.432+0000] {processor.py:183} INFO - Processing /home/airflow/.local/lib/python3.8/site-packages/airflow/example_dags/example_setup_teardown_taskflow.py took 0.086 seconds
[2026-07-21T18:26:08.076+0000] {processor.py:161} INFO - Started process (PID=1975) to work on /home/airflow/.local/lib/python3.8/site-packages/airflow/example_dags/example_setup_teardown_taskflow.py
[2026-07-21T18:26:08.077+0000] {processor.py:830} INFO - Processing file /home/airflow/.local/lib/python3.8/site-packages/airflow/example_dags/example_setup_teardown_taskflow.py for tasks to queue
[2026-07-21T18:26:08.079+0000] {logging_mixin.py:188} INFO - [2026-07-21T18:26:08.079+0000] {dagbag.py:538} INFO - Filling up the DagBag from /home/airflow/.local/lib/python3.8/site-packages/airflow/example_dags/example_setup_teardown_taskflow.py
[2026-07-21T18:26:08.089+0000] {processor.py:840} INFO - DAG(s) 'example_setup_teardown_taskflow' retrieved from /home/airflow/.local/lib/python3.8/site-packages/airflow/example_dags/example_setup_teardown_taskflow.py
[2026-07-21T18:26:08.116+0000] {logging_mixin.py:188} INFO - [2026-07-21T18:26:08.116+0000] {dag.py:3036} INFO - Sync 1 DAGs
[2026-07-21T18:26:08.142+0000] {logging_mixin.py:188} INFO - [2026-07-21T18:26:08.142+0000] {dag.py:3823} INFO - Setting next_dagrun for example_setup_teardown_taskflow to 2026-07-20 00:00:00+00:00, run_after=2026-07-21 00:00:00+00:00
[2026-07-21T18:26:08.163+0000] {processor.py:183} INFO - Processing /home/airflow/.local/lib/python3.8/site-packages/airflow/example_dags/example_setup_teardown_taskflow.py took 0.092 seconds
[2026-07-21T18:26:39.733+0000] {processor.py:161} INFO - Started process (PID=2031) to work on /home/airflow/.local/lib/python3.8/site-packages/airflow/example_dags/example_setup_teardown_taskflow.py
[2026-07-21T18:26:39.735+0000] {processor.py:830} INFO - Processing file /home/airflow/.local/lib/python3.8/site-packages/airflow/example_dags/example_setup_teardown_taskflow.py for tasks to queue
[2026-07-21T18:26:39.737+0000] {logging_mixin.py:188} INFO - [2026-07-21T18:26:39.737+0000] {dagbag.py:538} INFO - Filling up the DagBag from /home/airflow/.local/lib/python3.8/site-packages/airflow/example_dags/example_setup_teardown_taskflow.py
[2026-07-21T18:26:39.751+0000] {processor.py:840} INFO - DAG(s) 'example_setup_teardown_taskflow' retrieved from /home/airflow/.local/lib/python3.8/site-packages/airflow/example_dags/example_setup_teardown_taskflow.py
[2026-07-21T18:26:39.781+0000] {logging_mixin.py:188} INFO - [2026-07-21T18:26:39.780+0000] {dag.py:3036} INFO - Sync 1 DAGs
[2026-07-21T18:26:39.804+0000] {logging_mixin.py:188} INFO - [2026-07-21T18:26:39.804+0000] {dag.py:3823} INFO - Setting next_dagrun for example_setup_teardown_taskflow to 2026-07-20 00:00:00+00:00, run_after=2026-07-21 00:00:00+00:00
[2026-07-21T18:26:39.824+0000] {processor.py:183} INFO - Processing /home/airflow/.local/lib/python3.8/site-packages/airflow/example_dags/example_setup_teardown_taskflow.py took 0.096 seconds
[2026-07-21T18:27:10.323+0000] {processor.py:161} INFO - Started process (PID=2087) to work on /home/airflow/.local/lib/python3.8/site-packages/airflow/example_dags/example_setup_teardown_taskflow.py
[2026-07-21T18:27:10.325+0000] {processor.py:830} INFO - Processing file /home/airflow/.local/lib/python3.8/site-packages/airflow/example_dags/example_setup_teardown_taskflow.py for tasks to queue
[2026-07-21T18:27:10.327+0000] {logging_mixin.py:188} INFO - [2026-07-21T18:27:10.326+0000] {dagbag.py:538} INFO - Filling up the DagBag from /home/airflow/.local/lib/python3.8/site-packages/airflow/example_dags/example_setup_teardown_taskflow.py
[2026-07-21T18:27:10.336+0000] {processor.py:840} INFO - DAG(s) 'example_setup_teardown_taskflow' retrieved from /home/airflow/.local/lib/python3.8/site-packages/airflow/example_dags/example_setup_teardown_taskflow.py
[2026-07-21T18:27:10.359+0000] {logging_mixin.py:188} INFO - [2026-07-21T18:27:10.359+0000] {dag.py:3036} INFO - Sync 1 DAGs
[2026-07-21T18:27:10.377+0000] {logging_mixin.py:188} INFO - [2026-07-21T18:27:10.377+0000] {dag.py:3823} INFO - Setting next_dagrun for example_setup_teardown_taskflow to 2026-07-20 00:00:00+00:00, run_after=2026-07-21 00:00:00+00:00
[2026-07-21T18:27:10.398+0000] {processor.py:183} INFO - Processing /home/airflow/.local/lib/python3.8/site-packages/airflow/example_dags/example_setup_teardown_taskflow.py took 0.078 seconds
[2026-07-21T18:27:40.870+0000] {processor.py:161} INFO - Started process (PID=2143) to work on /home/airflow/.local/lib/python3.8/site-packages/airflow/example_dags/example_setup_teardown_taskflow.py
[2026-07-21T18:27:40.872+0000] {processor.py:830} INFO - Processing file /home/airflow/.local/lib/python3.8/site-packages/airflow/example_dags/example_setup_teardown_taskflow.py for tasks to queue
[2026-07-21T18:27:40.881+0000] {logging_mixin.py:188} INFO - [2026-07-21T18:27:40.880+0000] {dagbag.py:538} INFO - Filling up the DagBag from /home/airflow/.local/lib/python3.8/site-packages/airflow/example_dags/example_setup_teardown_taskflow.py
[2026-07-21T18:27:40.898+0000] {processor.py:840} INFO - DAG(s) 'example_setup_teardown_taskflow' retrieved from /home/airflow/.local/lib/python3.8/site-packages/airflow/example_dags/example_setup_teardown_taskflow.py
[2026-07-21T18:27:40.943+0000] {logging_mixin.py:188} INFO - [2026-07-21T18:27:40.943+0000] {dag.py:3036} INFO - Sync 1 DAGs
[2026-07-21T18:27:40.981+0000] {logging_mixin.py:188} INFO - [2026-07-21T18:27:40.980+0000] {dag.py:3823} INFO - Setting next_dagrun for example_setup_teardown_taskflow to 2026-07-20 00:00:00+00:00, run_after=2026-07-21 00:00:00+00:00
[2026-07-21T18:27:41.012+0000] {processor.py:183} INFO - Processing /home/airflow/.local/lib/python3.8/site-packages/airflow/example_dags/example_setup_teardown_taskflow.py took 0.148 seconds
[2026-07-21T18:28:11.431+0000] {processor.py:161} INFO - Started process (PID=2199) to work on /home/airflow/.local/lib/python3.8/site-packages/airflow/example_dags/example_setup_teardown_taskflow.py
[2026-07-21T18:28:11.432+0000] {processor.py:830} INFO - Processing file /home/airflow/.local/lib/python3.8/site-packages/airflow/example_dags/example_setup_teardown_taskflow.py for tasks to queue
[2026-07-21T18:28:11.434+0000] {logging_mixin.py:188} INFO - [2026-07-21T18:28:11.433+0000] {dagbag.py:538} INFO - Filling up the DagBag from /home/airflow/.local/lib/python3.8/site-packages/airflow/example_dags/example_setup_teardown_taskflow.py
[2026-07-21T18:28:11.443+0000] {processor.py:840} INFO - DAG(s) 'example_setup_teardown_taskflow' retrieved from /home/airflow/.local/lib/python3.8/site-packages/airflow/example_dags/example_setup_teardown_taskflow.py
[2026-07-21T18:28:11.464+0000] {logging_mixin.py:188} INFO - [2026-07-21T18:28:11.464+0000] {dag.py:3036} INFO - Sync 1 DAGs
[2026-07-21T18:28:11.483+0000] {logging_mixin.py:188} INFO - [2026-07-21T18:28:11.483+0000] {dag.py:3823} INFO - Setting next_dagrun for example_setup_teardown_taskflow to 2026-07-20 00:00:00+00:00, run_after=2026-07-21 00:00:00+00:00
[2026-07-21T18:28:11.501+0000] {processor.py:183} INFO - Processing /home/airflow/.local/lib/python3.8/site-packages/airflow/example_dags/example_setup_teardown_taskflow.py took 0.074 seconds
[2026-07-21T18:28:41.811+0000] {processor.py:161} INFO - Started process (PID=2255) to work on /home/airflow/.local/lib/python3.8/site-packages/airflow/example_dags/example_setup_teardown_taskflow.py
[2026-07-21T18:28:41.812+0000] {processor.py:830} INFO - Processing file /home/airflow/.local/lib/python3.8/site-packages/airflow/example_dags/example_setup_teardown_taskflow.py for tasks to queue
[2026-07-21T18:28:41.814+0000] {logging_mixin.py:188} INFO - [2026-07-21T18:28:41.814+0000] {dagbag.py:538} INFO - Filling up the DagBag from /home/airflow/.local/lib/python3.8/site-packages/airflow/example_dags/example_setup_teardown_taskflow.py
[2026-07-21T18:28:41.825+0000] {processor.py:840} INFO - DAG(s) 'example_setup_teardown_taskflow' retrieved from /home/airflow/.local/lib/python3.8/site-packages/airflow/example_dags/example_setup_teardown_taskflow.py
[2026-07-21T18:28:41.848+0000] {logging_mixin.py:188} INFO - [2026-07-21T18:28:41.848+0000] {dag.py:3036} INFO - Sync 1 DAGs
[2026-07-21T18:28:41.868+0000] {logging_mixin.py:188} INFO - [2026-07-21T18:28:41.868+0000] {dag.py:3823} INFO - Setting next_dagrun for example_setup_teardown_taskflow to 2026-07-20 00:00:00+00:00, run_after=2026-07-21 00:00:00+00:00
[2026-07-21T18:28:41.887+0000] {processor.py:183} INFO - Processing /home/airflow/.local/lib/python3.8/site-packages/airflow/example_dags/example_setup_teardown_taskflow.py took 0.080 seconds
[2026-07-21T18:29:12.189+0000] {processor.py:161} INFO - Started process (PID=2311) to work on /home/airflow/.local/lib/python3.8/site-packages/airflow/example_dags/example_setup_teardown_taskflow.py
[2026-07-21T18:29:12.190+0000] {processor.py:830} INFO - Processing file /home/airflow/.local/lib/python3.8/site-packages/airflow/example_dags/example_setup_teardown_taskflow.py for tasks to queue
[2026-07-21T18:29:12.192+0000] {logging_mixin.py:188} INFO - [2026-07-21T18:29:12.192+0000] {dagbag.py:538} INFO - Filling up the DagBag from /home/airflow/.local/lib/python3.8/site-packages/airflow/example_dags/example_setup_teardown_taskflow.py
[2026-07-21T18:29:12.201+0000] {processor.py:840} INFO - DAG(s) 'example_setup_teardown_taskflow' retrieved from /home/airflow/.local/lib/python3.8/site-packages/airflow/example_dags/example_setup_teardown_taskflow.py
[2026-07-21T18:29:12.223+0000] {logging_mixin.py:188} INFO - [2026-07-21T18:29:12.223+0000] {dag.py:3036} INFO - Sync 1 DAGs
[2026-07-21T18:29:12.243+0000] {logging_mixin.py:188} INFO - [2026-07-21T18:29:12.242+0000] {dag.py:3823} INFO - Setting next_dagrun for example_setup_teardown_taskflow to 2026-07-20 00:00:00+00:00, run_after=2026-07-21 00:00:00+00:00
[2026-07-21T18:29:12.260+0000] {processor.py:183} INFO - Processing /home/airflow/.local/lib/python3.8/site-packages/airflow/example_dags/example_setup_teardown_taskflow.py took 0.074 seconds
[2026-07-21T18:29:42.754+0000] {processor.py:161} INFO - Started process (PID=2367) to work on /home/airflow/.local/lib/python3.8/site-packages/airflow/example_dags/example_setup_teardown_taskflow.py
[2026-07-21T18:29:42.755+0000] {processor.py:830} INFO - Processing file /home/airflow/.local/lib/python3.8/site-packages/airflow/example_dags/example_setup_teardown_taskflow.py for tasks to queue
[2026-07-21T18:29:42.757+0000] {logging_mixin.py:188} INFO - [2026-07-21T18:29:42.757+0000] {dagbag.py:538} INFO - Filling up the DagBag from /home/airflow/.local/lib/python3.8/site-packages/airflow/example_dags/example_setup_teardown_taskflow.py
[2026-07-21T18:29:42.767+0000] {processor.py:840} INFO - DAG(s) 'example_setup_teardown_taskflow' retrieved from /home/airflow/.local/lib/python3.8/site-packages/airflow/example_dags/example_setup_teardown_taskflow.py
[2026-07-21T18:29:42.789+0000] {logging_mixin.py:188} INFO - [2026-07-21T18:29:42.789+0000] {dag.py:3036} INFO - Sync 1 DAGs
[2026-07-21T18:29:42.809+0000] {logging_mixin.py:188} INFO - [2026-07-21T18:29:42.809+0000] {dag.py:3823} INFO - Setting next_dagrun for example_setup_teardown_taskflow to 2026-07-20 00:00:00+00:00, run_after=2026-07-21 00:00:00+00:00
[2026-07-21T18:29:42.827+0000] {processor.py:183} INFO - Processing /home/airflow/.local/lib/python3.8/site-packages/airflow/example_dags/example_setup_teardown_taskflow.py took 0.076 seconds
[2026-07-21T18:30:13.109+0000] {processor.py:161} INFO - Started process (PID=2423) to work on /home/airflow/.local/lib/python3.8/site-packages/airflow/example_dags/example_setup_teardown_taskflow.py
[2026-07-21T18:30:13.110+0000] {processor.py:830} INFO - Processing file /home/airflow/.local/lib/python3.8/site-packages/airflow/example_dags/example_setup_teardown_taskflow.py for tasks to queue
[2026-07-21T18:30:13.112+0000] {logging_mixin.py:188} INFO - [2026-07-21T18:30:13.112+0000] {dagbag.py:538} INFO - Filling up the DagBag from /home/airflow/.local/lib/python3.8/site-packages/airflow/example_dags/example_setup_teardown_taskflow.py
[2026-07-21T18:30:13.122+0000] {processor.py:840} INFO - DAG(s) 'example_setup_teardown_taskflow' retrieved from /home/airflow/.local/lib/python3.8/site-packages/airflow/example_dags/example_setup_teardown_taskflow.py
[2026-07-21T18:30:13.148+0000] {logging_mixin.py:188} INFO - [2026-07-21T18:30:13.148+0000] {dag.py:3036} INFO - Sync 1 DAGs
[2026-07-21T18:30:13.168+0000] {logging_mixin.py:188} INFO - [2026-07-21T18:30:13.168+0000] {dag.py:3823} INFO - Setting next_dagrun for example_setup_teardown_taskflow to 2026-07-20 00:00:00+00:00, run_after=2026-07-21 00:00:00+00:00
[2026-07-21T18:30:13.194+0000] {processor.py:183} INFO - Processing /home/airflow/.local/lib/python3.8/site-packages/airflow/example_dags/example_setup_teardown_taskflow.py took 0.089 seconds
[2026-07-21T18:30:43.525+0000] {processor.py:161} INFO - Started process (PID=2479) to work on /home/airflow/.local/lib/python3.8/site-packages/airflow/example_dags/example_setup_teardown_taskflow.py
[2026-07-21T18:30:43.526+0000] {processor.py:830} INFO - Processing file /home/airflow/.local/lib/python3.8/site-packages/airflow/example_dags/example_setup_teardown_taskflow.py for tasks to queue
[2026-07-21T18:30:43.528+0000] {logging_mixin.py:188} INFO - [2026-07-21T18:30:43.528+0000] {dagbag.py:538} INFO - Filling up the DagBag from /home/airflow/.local/lib/python3.8/site-packages/airflow/example_dags/example_setup_teardown_taskflow.py
[2026-07-21T18:30:43.538+0000] {processor.py:840} INFO - DAG(s) 'example_setup_teardown_taskflow' retrieved from /home/airflow/.local/lib/python3.8/site-packages/airflow/example_dags/example_setup_teardown_taskflow.py
[2026-07-21T18:30:43.561+0000] {logging_mixin.py:188} INFO - [2026-07-21T18:30:43.561+0000] {dag.py:3036} INFO - Sync 1 DAGs
[2026-07-21T18:30:43.581+0000] {logging_mixin.py:188} INFO - [2026-07-21T18:30:43.581+0000] {dag.py:3823} INFO - Setting next_dagrun for example_setup_teardown_taskflow to 2026-07-20 00:00:00+00:00, run_after=2026-07-21 00:00:00+00:00
[2026-07-21T18:30:43.599+0000] {processor.py:183} INFO - Processing /home/airflow/.local/lib/python3.8/site-packages/airflow/example_dags/example_setup_teardown_taskflow.py took 0.078 seconds
[2026-07-21T18:31:13.942+0000] {processor.py:161} INFO - Started process (PID=2535) to work on /home/airflow/.local/lib/python3.8/site-packages/airflow/example_dags/example_setup_teardown_taskflow.py
[2026-07-21T18:31:13.943+0000] {processor.py:830} INFO - Processing file /home/airflow/.local/lib/python3.8/site-packages/airflow/example_dags/example_setup_teardown_taskflow.py for tasks to queue
[2026-07-21T18:31:13.946+0000] {logging_mixin.py:188} INFO - [2026-07-21T18:31:13.945+0000] {dagbag.py:538} INFO - Filling up the DagBag from /home/airflow/.local/lib/python3.8/site-packages/airflow/example_dags/example_setup_teardown_taskflow.py
[2026-07-21T18:31:13.955+0000] {processor.py:840} INFO - DAG(s) 'example_setup_teardown_taskflow' retrieved from /home/airflow/.local/lib/python3.8/site-packages/airflow/example_dags/example_setup_teardown_taskflow.py
[2026-07-21T18:31:13.980+0000] {logging_mixin.py:188} INFO - [2026-07-21T18:31:13.980+0000] {dag.py:3036} INFO - Sync 1 DAGs
[2026-07-21T18:31:14.002+0000] {logging_mixin.py:188} INFO - [2026-07-21T18:31:14.002+0000] {dag.py:3823} INFO - Setting next_dagrun for example_setup_teardown_taskflow to 2026-07-20 00:00:00+00:00, run_after=2026-07-21 00:00:00+00:00
[2026-07-21T18:31:14.026+0000] {processor.py:183} INFO - Processing /home/airflow/.local/lib/python3.8/site-packages/airflow/example_dags/example_setup_teardown_taskflow.py took 0.088 seconds
[2026-07-21T18:34:14.772+0000] {processor.py:161} INFO - Started process (PID=88) to work on /home/airflow/.local/lib/python3.10/site-packages/airflow/example_dags/example_setup_teardown_taskflow.py
[2026-07-21T18:34:14.780+0000] {processor.py:830} INFO - Processing file /home/airflow/.local/lib/python3.10/site-packages/airflow/example_dags/example_setup_teardown_taskflow.py for tasks to queue
[2026-07-21T18:34:14.794+0000] {logging_mixin.py:188} INFO - [2026-07-21T18:34:14.793+0000] {dagbag.py:538} INFO - Filling up the DagBag from /home/airflow/.local/lib/python3.10/site-packages/airflow/example_dags/example_setup_teardown_taskflow.py
[2026-07-21T18:34:14.850+0000] {processor.py:840} INFO - DAG(s) 'example_setup_teardown_taskflow' retrieved from /home/airflow/.local/lib/python3.10/site-packages/airflow/example_dags/example_setup_teardown_taskflow.py
[2026-07-21T18:34:14.873+0000] {logging_mixin.py:188} INFO - [2026-07-21T18:34:14.873+0000] {dag.py:3036} INFO - Sync 1 DAGs
[2026-07-21T18:34:14.914+0000] {logging_mixin.py:188} INFO - [2026-07-21T18:34:14.914+0000] {dag.py:3823} INFO - Setting next_dagrun for example_setup_teardown_taskflow to 2026-07-20 00:00:00+00:00, run_after=2026-07-21 00:00:00+00:00
[2026-07-21T18:34:14.971+0000] {processor.py:183} INFO - Processing /home/airflow/.local/lib/python3.10/site-packages/airflow/example_dags/example_setup_teardown_taskflow.py took 0.214 seconds
[2026-07-21T18:34:45.086+0000] {processor.py:161} INFO - Started process (PID=144) to work on /home/airflow/.local/lib/python3.10/site-packages/airflow/example_dags/example_setup_teardown_taskflow.py
[2026-07-21T18:34:45.088+0000] {processor.py:830} INFO - Processing file /home/airflow/.local/lib/python3.10/site-packages/airflow/example_dags/example_setup_teardown_taskflow.py for tasks to queue
[2026-07-21T18:34:45.090+0000] {logging_mixin.py:188} INFO - [2026-07-21T18:34:45.090+0000] {dagbag.py:538} INFO - Filling up the DagBag from /home/airflow/.local/lib/python3.10/site-packages/airflow/example_dags/example_setup_teardown_taskflow.py
[2026-07-21T18:34:45.102+0000] {processor.py:840} INFO - DAG(s) 'example_setup_teardown_taskflow' retrieved from /home/airflow/.local/lib/python3.10/site-packages/airflow/example_dags/example_setup_teardown_taskflow.py
[2026-07-21T18:34:45.200+0000] {logging_mixin.py:188} INFO - [2026-07-21T18:34:45.200+0000] {dag.py:3036} INFO - Sync 1 DAGs
[2026-07-21T18:34:45.220+0000] {logging_mixin.py:188} INFO - [2026-07-21T18:34:45.220+0000] {dag.py:3823} INFO - Setting next_dagrun for example_setup_teardown_taskflow to 2026-07-20 00:00:00+00:00, run_after=2026-07-21 00:00:00+00:00
[2026-07-21T18:34:45.240+0000] {processor.py:183} INFO - Processing /home/airflow/.local/lib/python3.10/site-packages/airflow/example_dags/example_setup_teardown_taskflow.py took 0.158 seconds
[2026-07-21T18:35:16.134+0000] {processor.py:161} INFO - Started process (PID=200) to work on /home/airflow/.local/lib/python3.10/site-packages/airflow/example_dags/example_setup_teardown_taskflow.py
[2026-07-21T18:35:16.136+0000] {processor.py:830} INFO - Processing file /home/airflow/.local/lib/python3.10/site-packages/airflow/example_dags/example_setup_teardown_taskflow.py for tasks to queue
[2026-07-21T18:35:16.138+0000] {logging_mixin.py:188} INFO - [2026-07-21T18:35:16.137+0000] {dagbag.py:538} INFO - Filling up the DagBag from /home/airflow/.local/lib/python3.10/site-packages/airflow/example_dags/example_setup_teardown_taskflow.py
[2026-07-21T18:35:16.147+0000] {processor.py:840} INFO - DAG(s) 'example_setup_teardown_taskflow' retrieved from /home/airflow/.local/lib/python3.10/site-packages/airflow/example_dags/example_setup_teardown_taskflow.py
[2026-07-21T18:35:16.170+0000] {logging_mixin.py:188} INFO - [2026-07-21T18:35:16.169+0000] {dag.py:3036} INFO - Sync 1 DAGs
[2026-07-21T18:35:16.189+0000] {logging_mixin.py:188} INFO - [2026-07-21T18:35:16.189+0000] {dag.py:3823} INFO - Setting next_dagrun for example_setup_teardown_taskflow to 2026-07-20 00:00:00+00:00, run_after=2026-07-21 00:00:00+00:00
[2026-07-21T18:35:16.207+0000] {processor.py:183} INFO - Processing /home/airflow/.local/lib/python3.10/site-packages/airflow/example_dags/example_setup_teardown_taskflow.py took 0.077 seconds
[2026-07-21T18:35:46.493+0000] {processor.py:161} INFO - Started process (PID=256) to work on /home/airflow/.local/lib/python3.10/site-packages/airflow/example_dags/example_setup_teardown_taskflow.py
[2026-07-21T18:35:46.496+0000] {processor.py:830} INFO - Processing file /home/airflow/.local/lib/python3.10/site-packages/airflow/example_dags/example_setup_teardown_taskflow.py for tasks to queue
[2026-07-21T18:35:46.500+0000] {logging_mixin.py:188} INFO - [2026-07-21T18:35:46.500+0000] {dagbag.py:538} INFO - Filling up the DagBag from /home/airflow/.local/lib/python3.10/site-packages/airflow/example_dags/example_setup_teardown_taskflow.py
[2026-07-21T18:35:46.516+0000] {processor.py:840} INFO - DAG(s) 'example_setup_teardown_taskflow' retrieved from /home/airflow/.local/lib/python3.10/site-packages/airflow/example_dags/example_setup_teardown_taskflow.py
[2026-07-21T18:35:46.549+0000] {logging_mixin.py:188} INFO - [2026-07-21T18:35:46.549+0000] {dag.py:3036} INFO - Sync 1 DAGs
[2026-07-21T18:35:46.580+0000] {logging_mixin.py:188} INFO - [2026-07-21T18:35:46.580+0000] {dag.py:3823} INFO - Setting next_dagrun for example_setup_teardown_taskflow to 2026-07-20 00:00:00+00:00, run_after=2026-07-21 00:00:00+00:00
[2026-07-21T18:35:46.603+0000] {processor.py:183} INFO - Processing /home/airflow/.local/lib/python3.10/site-packages/airflow/example_dags/example_setup_teardown_taskflow.py took 0.119 seconds
[2026-07-21T18:36:16.711+0000] {processor.py:161} INFO - Started process (PID=312) to work on /home/airflow/.local/lib/python3.10/site-packages/airflow/example_dags/example_setup_teardown_taskflow.py
[2026-07-21T18:36:16.712+0000] {processor.py:830} INFO - Processing file /home/airflow/.local/lib/python3.10/site-packages/airflow/example_dags/example_setup_teardown_taskflow.py for tasks to queue
[2026-07-21T18:36:16.714+0000] {logging_mixin.py:188} INFO - [2026-07-21T18:36:16.714+0000] {dagbag.py:538} INFO - Filling up the DagBag from /home/airflow/.local/lib/python3.10/site-packages/airflow/example_dags/example_setup_teardown_taskflow.py
[2026-07-21T18:36:16.723+0000] {processor.py:840} INFO - DAG(s) 'example_setup_teardown_taskflow' retrieved from /home/airflow/.local/lib/python3.10/site-packages/airflow/example_dags/example_setup_teardown_taskflow.py
[2026-07-21T18:36:16.744+0000] {logging_mixin.py:188} INFO - [2026-07-21T18:36:16.744+0000] {dag.py:3036} INFO - Sync 1 DAGs
[2026-07-21T18:36:16.766+0000] {logging_mixin.py:188} INFO - [2026-07-21T18:36:16.766+0000] {dag.py:3823} INFO - Setting next_dagrun for example_setup_teardown_taskflow to 2026-07-20 00:00:00+00:00, run_after=2026-07-21 00:00:00+00:00
[2026-07-21T18:36:16.786+0000] {processor.py:183} INFO - Processing /home/airflow/.local/lib/python3.10/site-packages/airflow/example_dags/example_setup_teardown_taskflow.py took 0.079 seconds
[2026-07-21T18:36:47.185+0000] {processor.py:161} INFO - Started process (PID=368) to work on /home/airflow/.local/lib/python3.10/site-packages/airflow/example_dags/example_setup_teardown_taskflow.py
[2026-07-21T18:36:47.189+0000] {processor.py:830} INFO - Processing file /home/airflow/.local/lib/python3.10/site-packages/airflow/example_dags/example_setup_teardown_taskflow.py for tasks to queue
[2026-07-21T18:36:47.192+0000] {logging_mixin.py:188} INFO - [2026-07-21T18:36:47.191+0000] {dagbag.py:538} INFO - Filling up the DagBag from /home/airflow/.local/lib/python3.10/site-packages/airflow/example_dags/example_setup_teardown_taskflow.py
[2026-07-21T18:36:47.202+0000] {processor.py:840} INFO - DAG(s) 'example_setup_teardown_taskflow' retrieved from /home/airflow/.local/lib/python3.10/site-packages/airflow/example_dags/example_setup_teardown_taskflow.py
[2026-07-21T18:36:47.226+0000] {logging_mixin.py:188} INFO - [2026-07-21T18:36:47.226+0000] {dag.py:3036} INFO - Sync 1 DAGs
[2026-07-21T18:36:47.247+0000] {logging_mixin.py:188} INFO - [2026-07-21T18:36:47.247+0000] {dag.py:3823} INFO - Setting next_dagrun for example_setup_teardown_taskflow to 2026-07-20 00:00:00+00:00, run_after=2026-07-21 00:00:00+00:00
[2026-07-21T18:36:47.268+0000] {processor.py:183} INFO - Processing /home/airflow/.local/lib/python3.10/site-packages/airflow/example_dags/example_setup_teardown_taskflow.py took 0.086 seconds
[2026-07-21T18:37:17.561+0000] {processor.py:161} INFO - Started process (PID=424) to work on /home/airflow/.local/lib/python3.10/site-packages/airflow/example_dags/example_setup_teardown_taskflow.py
[2026-07-21T18:37:17.562+0000] {processor.py:830} INFO - Processing file /home/airflow/.local/lib/python3.10/site-packages/airflow/example_dags/example_setup_teardown_taskflow.py for tasks to queue
[2026-07-21T18:37:17.564+0000] {logging_mixin.py:188} INFO - [2026-07-21T18:37:17.564+0000] {dagbag.py:538} INFO - Filling up the DagBag from /home/airflow/.local/lib/python3.10/site-packages/airflow/example_dags/example_setup_teardown_taskflow.py
[2026-07-21T18:37:17.573+0000] {processor.py:840} INFO - DAG(s) 'example_setup_teardown_taskflow' retrieved from /home/airflow/.local/lib/python3.10/site-packages/airflow/example_dags/example_setup_teardown_taskflow.py
[2026-07-21T18:37:17.593+0000] {logging_mixin.py:188} INFO - [2026-07-21T18:37:17.593+0000] {dag.py:3036} INFO - Sync 1 DAGs
[2026-07-21T18:37:17.611+0000] {logging_mixin.py:188} INFO - [2026-07-21T18:37:17.611+0000] {dag.py:3823} INFO - Setting next_dagrun for example_setup_teardown_taskflow to 2026-07-20 00:00:00+00:00, run_after=2026-07-21 00:00:00+00:00
[2026-07-21T18:37:17.631+0000] {processor.py:183} INFO - Processing /home/airflow/.local/lib/python3.10/site-packages/airflow/example_dags/example_setup_teardown_taskflow.py took 0.073 seconds
[2026-07-21T18:37:47.764+0000] {processor.py:161} INFO - Started process (PID=480) to work on /home/airflow/.local/lib/python3.10/site-packages/airflow/example_dags/example_setup_teardown_taskflow.py
[2026-07-21T18:37:47.765+0000] {processor.py:830} INFO - Processing file /home/airflow/.local/lib/python3.10/site-packages/airflow/example_dags/example_setup_teardown_taskflow.py for tasks to queue
[2026-07-21T18:37:47.768+0000] {logging_mixin.py:188} INFO - [2026-07-21T18:37:47.767+0000] {dagbag.py:538} INFO - Filling up the DagBag from /home/airflow/.local/lib/python3.10/site-packages/airflow/example_dags/example_setup_teardown_taskflow.py
[2026-07-21T18:37:47.777+0000] {processor.py:840} INFO - DAG(s) 'example_setup_teardown_taskflow' retrieved from /home/airflow/.local/lib/python3.10/site-packages/airflow/example_dags/example_setup_teardown_taskflow.py
[2026-07-21T18:37:47.798+0000] {logging_mixin.py:188} INFO - [2026-07-21T18:37:47.798+0000] {dag.py:3036} INFO - Sync 1 DAGs
[2026-07-21T18:37:47.816+0000] {logging_mixin.py:188} INFO - [2026-07-21T18:37:47.816+0000] {dag.py:3823} INFO - Setting next_dagrun for example_setup_teardown_taskflow to 2026-07-20 00:00:00+00:00, run_after=2026-07-21 00:00:00+00:00
[2026-07-21T18:37:47.845+0000] {processor.py:183} INFO - Processing /home/airflow/.local/lib/python3.10/site-packages/airflow/example_dags/example_setup_teardown_taskflow.py took 0.084 seconds
[2026-07-21T18:38:18.421+0000] {processor.py:161} INFO - Started process (PID=536) to work on /home/airflow/.local/lib/python3.10/site-packages/airflow/example_dags/example_setup_teardown_taskflow.py
[2026-07-21T18:38:18.422+0000] {processor.py:830} INFO - Processing file /home/airflow/.local/lib/python3.10/site-packages/airflow/example_dags/example_setup_teardown_taskflow.py for tasks to queue
[2026-07-21T18:38:18.424+0000] {logging_mixin.py:188} INFO - [2026-07-21T18:38:18.424+0000] {dagbag.py:538} INFO - Filling up the DagBag from /home/airflow/.local/lib/python3.10/site-packages/airflow/example_dags/example_setup_teardown_taskflow.py
[2026-07-21T18:38:18.433+0000] {processor.py:840} INFO - DAG(s) 'example_setup_teardown_taskflow' retrieved from /home/airflow/.local/lib/python3.10/site-packages/airflow/example_dags/example_setup_teardown_taskflow.py
[2026-07-21T18:38:18.452+0000] {logging_mixin.py:188} INFO - [2026-07-21T18:38:18.452+0000] {dag.py:3036} INFO - Sync 1 DAGs
[2026-07-21T18:38:18.471+0000] {logging_mixin.py:188} INFO - [2026-07-21T18:38:18.470+0000] {dag.py:3823} INFO - Setting next_dagrun for example_setup_teardown_taskflow to 2026-07-20 00:00:00+00:00, run_after=2026-07-21 00:00:00+00:00
[2026-07-21T18:38:18.489+0000] {processor.py:183} INFO - Processing /home/airflow/.local/lib/python3.10/site-packages/airflow/example_dags/example_setup_teardown_taskflow.py took 0.072 seconds
[2026-07-21T18:38:48.774+0000] {processor.py:161} INFO - Started process (PID=592) to work on /home/airflow/.local/lib/python3.10/site-packages/airflow/example_dags/example_setup_teardown_taskflow.py
[2026-07-21T18:38:48.775+0000] {processor.py:830} INFO - Processing file /home/airflow/.local/lib/python3.10/site-packages/airflow/example_dags/example_setup_teardown_taskflow.py for tasks to queue
[2026-07-21T18:38:48.777+0000] {logging_mixin.py:188} INFO - [2026-07-21T18:38:48.777+0000] {dagbag.py:538} INFO - Filling up the DagBag from /home/airflow/.local/lib/python3.10/site-packages/airflow/example_dags/example_setup_teardown_taskflow.py
[2026-07-21T18:38:48.786+0000] {processor.py:840} INFO - DAG(s) 'example_setup_teardown_taskflow' retrieved from /home/airflow/.local/lib/python3.10/site-packages/airflow/example_dags/example_setup_teardown_taskflow.py
[2026-07-21T18:38:48.805+0000] {logging_mixin.py:188} INFO - [2026-07-21T18:38:48.804+0000] {dag.py:3036} INFO - Sync 1 DAGs
[2026-07-21T18:38:48.823+0000] {logging_mixin.py:188} INFO - [2026-07-21T18:38:48.823+0000] {dag.py:3823} INFO - Setting next_dagrun for example_setup_teardown_taskflow to 2026-07-20 00:00:00+00:00, run_after=2026-07-21 00:00:00+00:00
[2026-07-21T18:38:48.849+0000] {processor.py:183} INFO - Processing /home/airflow/.local/lib/python3.10/site-packages/airflow/example_dags/example_setup_teardown_taskflow.py took 0.079 seconds
[2026-07-21T18:39:19.002+0000] {processor.py:161} INFO - Started process (PID=648) to work on /home/airflow/.local/lib/python3.10/site-packages/airflow/example_dags/example_setup_teardown_taskflow.py
[2026-07-21T18:39:19.003+0000] {processor.py:830} INFO - Processing file /home/airflow/.local/lib/python3.10/site-packages/airflow/example_dags/example_setup_teardown_taskflow.py for tasks to queue
[2026-07-21T18:39:19.006+0000] {logging_mixin.py:188} INFO - [2026-07-21T18:39:19.005+0000] {dagbag.py:538} INFO - Filling up the DagBag from /home/airflow/.local/lib/python3.10/site-packages/airflow/example_dags/example_setup_teardown_taskflow.py
[2026-07-21T18:39:19.017+0000] {processor.py:840} INFO - DAG(s) 'example_setup_teardown_taskflow' retrieved from /home/airflow/.local/lib/python3.10/site-packages/airflow/example_dags/example_setup_teardown_taskflow.py
[2026-07-21T18:39:19.039+0000] {logging_mixin.py:188} INFO - [2026-07-21T18:39:19.039+0000] {dag.py:3036} INFO - Sync 1 DAGs
[2026-07-21T18:39:19.058+0000] {logging_mixin.py:188} INFO - [2026-07-21T18:39:19.058+0000] {dag.py:3823} INFO - Setting next_dagrun for example_setup_teardown_taskflow to 2026-07-20 00:00:00+00:00, run_after=2026-07-21 00:00:00+00:00
[2026-07-21T18:39:19.075+0000] {processor.py:183} INFO - Processing /home/airflow/.local/lib/python3.10/site-packages/airflow/example_dags/example_setup_teardown_taskflow.py took 0.080 seconds
[2026-07-21T18:39:49.139+0000] {processor.py:161} INFO - Started process (PID=704) to work on /home/airflow/.local/lib/python3.10/site-packages/airflow/example_dags/example_setup_teardown_taskflow.py
[2026-07-21T18:39:49.140+0000] {processor.py:830} INFO - Processing file /home/airflow/.local/lib/python3.10/site-packages/airflow/example_dags/example_setup_teardown_taskflow.py for tasks to queue
[2026-07-21T18:39:49.143+0000] {logging_mixin.py:188} INFO - [2026-07-21T18:39:49.143+0000] {dagbag.py:538} INFO - Filling up the DagBag from /home/airflow/.local/lib/python3.10/site-packages/airflow/example_dags/example_setup_teardown_taskflow.py
[2026-07-21T18:39:49.154+0000] {processor.py:840} INFO - DAG(s) 'example_setup_teardown_taskflow' retrieved from /home/airflow/.local/lib/python3.10/site-packages/airflow/example_dags/example_setup_teardown_taskflow.py
[2026-07-21T18:39:49.175+0000] {logging_mixin.py:188} INFO - [2026-07-21T18:39:49.175+0000] {dag.py:3036} INFO - Sync 1 DAGs
[2026-07-21T18:39:49.197+0000] {logging_mixin.py:188} INFO - [2026-07-21T18:39:49.196+0000] {dag.py:3823} INFO - Setting next_dagrun for example_setup_teardown_taskflow to 2026-07-20 00:00:00+00:00, run_after=2026-07-21 00:00:00+00:00
[2026-07-21T18:39:49.214+0000] {processor.py:183} INFO - Processing /home/airflow/.local/lib/python3.10/site-packages/airflow/example_dags/example_setup_teardown_taskflow.py took 0.079 seconds
[2026-07-21T18:40:19.729+0000] {processor.py:161} INFO - Started process (PID=760) to work on /home/airflow/.local/lib/python3.10/site-packages/airflow/example_dags/example_setup_teardown_taskflow.py
[2026-07-21T18:40:19.731+0000] {processor.py:830} INFO - Processing file /home/airflow/.local/lib/python3.10/site-packages/airflow/example_dags/example_setup_teardown_taskflow.py for tasks to queue
[2026-07-21T18:40:19.732+0000] {logging_mixin.py:188} INFO - [2026-07-21T18:40:19.732+0000] {dagbag.py:538} INFO - Filling up the DagBag from /home/airflow/.local/lib/python3.10/site-packages/airflow/example_dags/example_setup_teardown_taskflow.py
[2026-07-21T18:40:19.741+0000] {processor.py:840} INFO - DAG(s) 'example_setup_teardown_taskflow' retrieved from /home/airflow/.local/lib/python3.10/site-packages/airflow/example_dags/example_setup_teardown_taskflow.py
[2026-07-21T18:40:19.761+0000] {logging_mixin.py:188} INFO - [2026-07-21T18:40:19.761+0000] {dag.py:3036} INFO - Sync 1 DAGs
[2026-07-21T18:40:19.780+0000] {logging_mixin.py:188} INFO - [2026-07-21T18:40:19.780+0000] {dag.py:3823} INFO - Setting next_dagrun for example_setup_teardown_taskflow to 2026-07-20 00:00:00+00:00, run_after=2026-07-21 00:00:00+00:00
[2026-07-21T18:40:19.798+0000] {processor.py:183} INFO - Processing /home/airflow/.local/lib/python3.10/site-packages/airflow/example_dags/example_setup_teardown_taskflow.py took 0.073 seconds
[2026-07-21T18:40:50.140+0000] {processor.py:161} INFO - Started process (PID=816) to work on /home/airflow/.local/lib/python3.10/site-packages/airflow/example_dags/example_setup_teardown_taskflow.py
[2026-07-21T18:40:50.141+0000] {processor.py:830} INFO - Processing file /home/airflow/.local/lib/python3.10/site-packages/airflow/example_dags/example_setup_teardown_taskflow.py for tasks to queue
[2026-07-21T18:40:50.143+0000] {logging_mixin.py:188} INFO - [2026-07-21T18:40:50.143+0000] {dagbag.py:538} INFO - Filling up the DagBag from /home/airflow/.local/lib/python3.10/site-packages/airflow/example_dags/example_setup_teardown_taskflow.py
[2026-07-21T18:40:50.153+0000] {processor.py:840} INFO - DAG(s) 'example_setup_teardown_taskflow' retrieved from /home/airflow/.local/lib/python3.10/site-packages/airflow/example_dags/example_setup_teardown_taskflow.py
[2026-07-21T18:40:50.172+0000] {logging_mixin.py:188} INFO - [2026-07-21T18:40:50.172+0000] {dag.py:3036} INFO - Sync 1 DAGs
[2026-07-21T18:40:50.191+0000] {logging_mixin.py:188} INFO - [2026-07-21T18:40:50.191+0000] {dag.py:3823} INFO - Setting next_dagrun for example_setup_teardown_taskflow to 2026-07-20 00:00:00+00:00, run_after=2026-07-21 00:00:00+00:00
[2026-07-21T18:40:50.226+0000] {processor.py:183} INFO - Processing /home/airflow/.local/lib/python3.10/site-packages/airflow/example_dags/example_setup_teardown_taskflow.py took 0.089 seconds
[2026-07-21T18:41:20.364+0000] {processor.py:161} INFO - Started process (PID=872) to work on /home/airflow/.local/lib/python3.10/site-packages/airflow/example_dags/example_setup_teardown_taskflow.py
[2026-07-21T18:41:20.366+0000] {processor.py:830} INFO - Processing file /home/airflow/.local/lib/python3.10/site-packages/airflow/example_dags/example_setup_teardown_taskflow.py for tasks to queue
[2026-07-21T18:41:20.369+0000] {logging_mixin.py:188} INFO - [2026-07-21T18:41:20.369+0000] {dagbag.py:538} INFO - Filling up the DagBag from /home/airflow/.local/lib/python3.10/site-packages/airflow/example_dags/example_setup_teardown_taskflow.py
[2026-07-21T18:41:20.382+0000] {processor.py:840} INFO - DAG(s) 'example_setup_teardown_taskflow' retrieved from /home/airflow/.local/lib/python3.10/site-packages/airflow/example_dags/example_setup_teardown_taskflow.py
[2026-07-21T18:41:20.405+0000] {logging_mixin.py:188} INFO - [2026-07-21T18:41:20.405+0000] {dag.py:3036} INFO - Sync 1 DAGs
[2026-07-21T18:41:20.424+0000] {logging_mixin.py:188} INFO - [2026-07-21T18:41:20.424+0000] {dag.py:3823} INFO - Setting next_dagrun for example_setup_teardown_taskflow to 2026-07-20 00:00:00+00:00, run_after=2026-07-21 00:00:00+00:00
[2026-07-21T18:41:20.445+0000] {processor.py:183} INFO - Processing /home/airflow/.local/lib/python3.10/site-packages/airflow/example_dags/example_setup_teardown_taskflow.py took 0.086 seconds
[2026-07-21T18:41:50.752+0000] {processor.py:161} INFO - Started process (PID=928) to work on /home/airflow/.local/lib/python3.10/site-packages/airflow/example_dags/example_setup_teardown_taskflow.py
[2026-07-21T18:41:50.754+0000] {processor.py:830} INFO - Processing file /home/airflow/.local/lib/python3.10/site-packages/airflow/example_dags/example_setup_teardown_taskflow.py for tasks to queue
[2026-07-21T18:41:50.756+0000] {logging_mixin.py:188} INFO - [2026-07-21T18:41:50.755+0000] {dagbag.py:538} INFO - Filling up the DagBag from /home/airflow/.local/lib/python3.10/site-packages/airflow/example_dags/example_setup_teardown_taskflow.py
[2026-07-21T18:41:50.765+0000] {processor.py:840} INFO - DAG(s) 'example_setup_teardown_taskflow' retrieved from /home/airflow/.local/lib/python3.10/site-packages/airflow/example_dags/example_setup_teardown_taskflow.py
[2026-07-21T18:41:50.784+0000] {logging_mixin.py:188} INFO - [2026-07-21T18:41:50.784+0000] {dag.py:3036} INFO - Sync 1 DAGs
[2026-07-21T18:41:50.802+0000] {logging_mixin.py:188} INFO - [2026-07-21T18:41:50.802+0000] {dag.py:3823} INFO - Setting next_dagrun for example_setup_teardown_taskflow to 2026-07-20 00:00:00+00:00, run_after=2026-07-21 00:00:00+00:00
[2026-07-21T18:41:50.830+0000] {processor.py:183} INFO - Processing /home/airflow/.local/lib/python3.10/site-packages/airflow/example_dags/example_setup_teardown_taskflow.py took 0.081 seconds
[2026-07-21T18:42:21.099+0000] {processor.py:161} INFO - Started process (PID=984) to work on /home/airflow/.local/lib/python3.10/site-packages/airflow/example_dags/example_setup_teardown_taskflow.py
[2026-07-21T18:42:21.100+0000] {processor.py:830} INFO - Processing file /home/airflow/.local/lib/python3.10/site-packages/airflow/example_dags/example_setup_teardown_taskflow.py for tasks to queue
[2026-07-21T18:42:21.102+0000] {logging_mixin.py:188} INFO - [2026-07-21T18:42:21.102+0000] {dagbag.py:538} INFO - Filling up the DagBag from /home/airflow/.local/lib/python3.10/site-packages/airflow/example_dags/example_setup_teardown_taskflow.py
[2026-07-21T18:42:21.111+0000] {processor.py:840} INFO - DAG(s) 'example_setup_teardown_taskflow' retrieved from /home/airflow/.local/lib/python3.10/site-packages/airflow/example_dags/example_setup_teardown_taskflow.py
[2026-07-21T18:42:21.132+0000] {logging_mixin.py:188} INFO - [2026-07-21T18:42:21.132+0000] {dag.py:3036} INFO - Sync 1 DAGs
[2026-07-21T18:42:21.157+0000] {logging_mixin.py:188} INFO - [2026-07-21T18:42:21.156+0000] {dag.py:3823} INFO - Setting next_dagrun for example_setup_teardown_taskflow to 2026-07-20 00:00:00+00:00, run_after=2026-07-21 00:00:00+00:00
[2026-07-21T18:42:21.177+0000] {processor.py:183} INFO - Processing /home/airflow/.local/lib/python3.10/site-packages/airflow/example_dags/example_setup_teardown_taskflow.py took 0.082 seconds
[2026-07-21T18:42:51.441+0000] {processor.py:161} INFO - Started process (PID=1041) to work on /home/airflow/.local/lib/python3.10/site-packages/airflow/example_dags/example_setup_teardown_taskflow.py
[2026-07-21T18:42:51.443+0000] {processor.py:830} INFO - Processing file /home/airflow/.local/lib/python3.10/site-packages/airflow/example_dags/example_setup_teardown_taskflow.py for tasks to queue
[2026-07-21T18:42:51.445+0000] {logging_mixin.py:188} INFO - [2026-07-21T18:42:51.444+0000] {dagbag.py:538} INFO - Filling up the DagBag from /home/airflow/.local/lib/python3.10/site-packages/airflow/example_dags/example_setup_teardown_taskflow.py
[2026-07-21T18:42:51.454+0000] {processor.py:840} INFO - DAG(s) 'example_setup_teardown_taskflow' retrieved from /home/airflow/.local/lib/python3.10/site-packages/airflow/example_dags/example_setup_teardown_taskflow.py
[2026-07-21T18:42:51.477+0000] {logging_mixin.py:188} INFO - [2026-07-21T18:42:51.477+0000] {dag.py:3036} INFO - Sync 1 DAGs
[2026-07-21T18:42:51.505+0000] {logging_mixin.py:188} INFO - [2026-07-21T18:42:51.505+0000] {dag.py:3823} INFO - Setting next_dagrun for example_setup_teardown_taskflow to 2026-07-20 00:00:00+00:00, run_after=2026-07-21 00:00:00+00:00
[2026-07-21T18:42:51.525+0000] {processor.py:183} INFO - Processing /home/airflow/.local/lib/python3.10/site-packages/airflow/example_dags/example_setup_teardown_taskflow.py took 0.087 seconds
[2026-07-21T18:43:21.830+0000] {processor.py:161} INFO - Started process (PID=1097) to work on /home/airflow/.local/lib/python3.10/site-packages/airflow/example_dags/example_setup_teardown_taskflow.py
[2026-07-21T18:43:21.831+0000] {processor.py:830} INFO - Processing file /home/airflow/.local/lib/python3.10/site-packages/airflow/example_dags/example_setup_teardown_taskflow.py for tasks to queue
[2026-07-21T18:43:21.832+0000] {logging_mixin.py:188} INFO - [2026-07-21T18:43:21.832+0000] {dagbag.py:538} INFO - Filling up the DagBag from /home/airflow/.local/lib/python3.10/site-packages/airflow/example_dags/example_setup_teardown_taskflow.py
[2026-07-21T18:43:21.842+0000] {processor.py:840} INFO - DAG(s) 'example_setup_teardown_taskflow' retrieved from /home/airflow/.local/lib/python3.10/site-packages/airflow/example_dags/example_setup_teardown_taskflow.py
[2026-07-21T18:43:21.862+0000] {logging_mixin.py:188} INFO - [2026-07-21T18:43:21.862+0000] {dag.py:3036} INFO - Sync 1 DAGs
[2026-07-21T18:43:21.880+0000] {logging_mixin.py:188} INFO - [2026-07-21T18:43:21.879+0000] {dag.py:3823} INFO - Setting next_dagrun for example_setup_teardown_taskflow to 2026-07-20 00:00:00+00:00, run_after=2026-07-21 00:00:00+00:00
[2026-07-21T18:43:21.905+0000] {processor.py:183} INFO - Processing /home/airflow/.local/lib/python3.10/site-packages/airflow/example_dags/example_setup_teardown_taskflow.py took 0.078 seconds
[2026-07-21T18:43:52.297+0000] {processor.py:161} INFO - Started process (PID=1153) to work on /home/airflow/.local/lib/python3.10/site-packages/airflow/example_dags/example_setup_teardown_taskflow.py
[2026-07-21T18:43:52.298+0000] {processor.py:830} INFO - Processing file /home/airflow/.local/lib/python3.10/site-packages/airflow/example_dags/example_setup_teardown_taskflow.py for tasks to queue
[2026-07-21T18:43:52.300+0000] {logging_mixin.py:188} INFO - [2026-07-21T18:43:52.300+0000] {dagbag.py:538} INFO - Filling up the DagBag from /home/airflow/.local/lib/python3.10/site-packages/airflow/example_dags/example_setup_teardown_taskflow.py
[2026-07-21T18:43:52.309+0000] {processor.py:840} INFO - DAG(s) 'example_setup_teardown_taskflow' retrieved from /home/airflow/.local/lib/python3.10/site-packages/airflow/example_dags/example_setup_teardown_taskflow.py
[2026-07-21T18:43:52.329+0000] {logging_mixin.py:188} INFO - [2026-07-21T18:43:52.329+0000] {dag.py:3036} INFO - Sync 1 DAGs
[2026-07-21T18:43:52.348+0000] {logging_mixin.py:188} INFO - [2026-07-21T18:43:52.348+0000] {dag.py:3823} INFO - Setting next_dagrun for example_setup_teardown_taskflow to 2026-07-20 00:00:00+00:00, run_after=2026-07-21 00:00:00+00:00
[2026-07-21T18:43:52.367+0000] {processor.py:183} INFO - Processing /home/airflow/.local/lib/python3.10/site-packages/airflow/example_dags/example_setup_teardown_taskflow.py took 0.073 seconds
[2026-07-21T18:44:22.645+0000] {processor.py:161} INFO - Started process (PID=1209) to work on /home/airflow/.local/lib/python3.10/site-packages/airflow/example_dags/example_setup_teardown_taskflow.py
[2026-07-21T18:44:22.647+0000] {processor.py:830} INFO - Processing file /home/airflow/.local/lib/python3.10/site-packages/airflow/example_dags/example_setup_teardown_taskflow.py for tasks to queue
[2026-07-21T18:44:22.650+0000] {logging_mixin.py:188} INFO - [2026-07-21T18:44:22.650+0000] {dagbag.py:538} INFO - Filling up the DagBag from /home/airflow/.local/lib/python3.10/site-packages/airflow/example_dags/example_setup_teardown_taskflow.py
[2026-07-21T18:44:22.663+0000] {processor.py:840} INFO - DAG(s) 'example_setup_teardown_taskflow' retrieved from /home/airflow/.local/lib/python3.10/site-packages/airflow/example_dags/example_setup_teardown_taskflow.py
[2026-07-21T18:44:22.688+0000] {logging_mixin.py:188} INFO - [2026-07-21T18:44:22.687+0000] {dag.py:3036} INFO - Sync 1 DAGs
[2026-07-21T18:44:22.713+0000] {logging_mixin.py:188} INFO - [2026-07-21T18:44:22.712+0000] {dag.py:3823} INFO - Setting next_dagrun for example_setup_teardown_taskflow to 2026-07-20 00:00:00+00:00, run_after=2026-07-21 00:00:00+00:00
[2026-07-21T18:44:22.734+0000] {processor.py:183} INFO - Processing /home/airflow/.local/lib/python3.10/site-packages/airflow/example_dags/example_setup_teardown_taskflow.py took 0.094 seconds
[2026-07-21T18:44:52.871+0000] {processor.py:161} INFO - Started process (PID=1265) to work on /home/airflow/.local/lib/python3.10/site-packages/airflow/example_dags/example_setup_teardown_taskflow.py
[2026-07-21T18:44:52.872+0000] {processor.py:830} INFO - Processing file /home/airflow/.local/lib/python3.10/site-packages/airflow/example_dags/example_setup_teardown_taskflow.py for tasks to queue
[2026-07-21T18:44:52.874+0000] {logging_mixin.py:188} INFO - [2026-07-21T18:44:52.874+0000] {dagbag.py:538} INFO - Filling up the DagBag from /home/airflow/.local/lib/python3.10/site-packages/airflow/example_dags/example_setup_teardown_taskflow.py
[2026-07-21T18:44:52.883+0000] {processor.py:840} INFO - DAG(s) 'example_setup_teardown_taskflow' retrieved from /home/airflow/.local/lib/python3.10/site-packages/airflow/example_dags/example_setup_teardown_taskflow.py
[2026-07-21T18:44:52.903+0000] {logging_mixin.py:188} INFO - [2026-07-21T18:44:52.903+0000] {dag.py:3036} INFO - Sync 1 DAGs
[2026-07-21T18:44:52.922+0000] {logging_mixin.py:188} INFO - [2026-07-21T18:44:52.922+0000] {dag.py:3823} INFO - Setting next_dagrun for example_setup_teardown_taskflow to 2026-07-20 00:00:00+00:00, run_after=2026-07-21 00:00:00+00:00
[2026-07-21T18:44:52.941+0000] {processor.py:183} INFO - Processing /home/airflow/.local/lib/python3.10/site-packages/airflow/example_dags/example_setup_teardown_taskflow.py took 0.075 seconds
[2026-07-21T18:45:23.052+0000] {processor.py:161} INFO - Started process (PID=1321) to work on /home/airflow/.local/lib/python3.10/site-packages/airflow/example_dags/example_setup_teardown_taskflow.py
[2026-07-21T18:45:23.053+0000] {processor.py:830} INFO - Processing file /home/airflow/.local/lib/python3.10/site-packages/airflow/example_dags/example_setup_teardown_taskflow.py for tasks to queue
[2026-07-21T18:45:23.055+0000] {logging_mixin.py:188} INFO - [2026-07-21T18:45:23.055+0000] {dagbag.py:538} INFO - Filling up the DagBag from /home/airflow/.local/lib/python3.10/site-packages/airflow/example_dags/example_setup_teardown_taskflow.py
[2026-07-21T18:45:23.064+0000] {processor.py:840} INFO - DAG(s) 'example_setup_teardown_taskflow' retrieved from /home/airflow/.local/lib/python3.10/site-packages/airflow/example_dags/example_setup_teardown_taskflow.py
[2026-07-21T18:45:23.084+0000] {logging_mixin.py:188} INFO - [2026-07-21T18:45:23.084+0000] {dag.py:3036} INFO - Sync 1 DAGs
[2026-07-21T18:45:23.102+0000] {logging_mixin.py:188} INFO - [2026-07-21T18:45:23.102+0000] {dag.py:3823} INFO - Setting next_dagrun for example_setup_teardown_taskflow to 2026-07-20 00:00:00+00:00, run_after=2026-07-21 00:00:00+00:00
[2026-07-21T18:45:23.120+0000] {processor.py:183} INFO - Processing /home/airflow/.local/lib/python3.10/site-packages/airflow/example_dags/example_setup_teardown_taskflow.py took 0.072 seconds
[2026-07-21T18:45:53.736+0000] {processor.py:161} INFO - Started process (PID=1377) to work on /home/airflow/.local/lib/python3.10/site-packages/airflow/example_dags/example_setup_teardown_taskflow.py
[2026-07-21T18:45:53.737+0000] {processor.py:830} INFO - Processing file /home/airflow/.local/lib/python3.10/site-packages/airflow/example_dags/example_setup_teardown_taskflow.py for tasks to queue
[2026-07-21T18:45:53.739+0000] {logging_mixin.py:188} INFO - [2026-07-21T18:45:53.739+0000] {dagbag.py:538} INFO - Filling up the DagBag from /home/airflow/.local/lib/python3.10/site-packages/airflow/example_dags/example_setup_teardown_taskflow.py
[2026-07-21T18:45:53.749+0000] {processor.py:840} INFO - DAG(s) 'example_setup_teardown_taskflow' retrieved from /home/airflow/.local/lib/python3.10/site-packages/airflow/example_dags/example_setup_teardown_taskflow.py
[2026-07-21T18:45:53.768+0000] {logging_mixin.py:188} INFO - [2026-07-21T18:45:53.768+0000] {dag.py:3036} INFO - Sync 1 DAGs
[2026-07-21T18:45:53.787+0000] {logging_mixin.py:188} INFO - [2026-07-21T18:45:53.787+0000] {dag.py:3823} INFO - Setting next_dagrun for example_setup_teardown_taskflow to 2026-07-20 00:00:00+00:00, run_after=2026-07-21 00:00:00+00:00
[2026-07-21T18:45:53.806+0000] {processor.py:183} INFO - Processing /home/airflow/.local/lib/python3.10/site-packages/airflow/example_dags/example_setup_teardown_taskflow.py took 0.074 seconds
[2026-07-21T18:46:24.026+0000] {processor.py:161} INFO - Started process (PID=1433) to work on /home/airflow/.local/lib/python3.10/site-packages/airflow/example_dags/example_setup_teardown_taskflow.py
[2026-07-21T18:46:24.027+0000] {processor.py:830} INFO - Processing file /home/airflow/.local/lib/python3.10/site-packages/airflow/example_dags/example_setup_teardown_taskflow.py for tasks to queue
[2026-07-21T18:46:24.029+0000] {logging_mixin.py:188} INFO - [2026-07-21T18:46:24.029+0000] {dagbag.py:538} INFO - Filling up the DagBag from /home/airflow/.local/lib/python3.10/site-packages/airflow/example_dags/example_setup_teardown_taskflow.py
[2026-07-21T18:46:24.038+0000] {processor.py:840} INFO - DAG(s) 'example_setup_teardown_taskflow' retrieved from /home/airflow/.local/lib/python3.10/site-packages/airflow/example_dags/example_setup_teardown_taskflow.py
[2026-07-21T18:46:24.058+0000] {logging_mixin.py:188} INFO - [2026-07-21T18:46:24.058+0000] {dag.py:3036} INFO - Sync 1 DAGs
[2026-07-21T18:46:24.075+0000] {logging_mixin.py:188} INFO - [2026-07-21T18:46:24.075+0000] {dag.py:3823} INFO - Setting next_dagrun for example_setup_teardown_taskflow to 2026-07-20 00:00:00+00:00, run_after=2026-07-21 00:00:00+00:00
[2026-07-21T18:46:24.093+0000] {processor.py:183} INFO - Processing /home/airflow/.local/lib/python3.10/site-packages/airflow/example_dags/example_setup_teardown_taskflow.py took 0.071 seconds
[2026-07-21T18:46:54.216+0000] {processor.py:161} INFO - Started process (PID=1489) to work on /home/airflow/.local/lib/python3.10/site-packages/airflow/example_dags/example_setup_teardown_taskflow.py
[2026-07-21T18:46:54.217+0000] {processor.py:830} INFO - Processing file /home/airflow/.local/lib/python3.10/site-packages/airflow/example_dags/example_setup_teardown_taskflow.py for tasks to queue
[2026-07-21T18:46:54.219+0000] {logging_mixin.py:188} INFO - [2026-07-21T18:46:54.219+0000] {dagbag.py:538} INFO - Filling up the DagBag from /home/airflow/.local/lib/python3.10/site-packages/airflow/example_dags/example_setup_teardown_taskflow.py
[2026-07-21T18:46:54.228+0000] {processor.py:840} INFO - DAG(s) 'example_setup_teardown_taskflow' retrieved from /home/airflow/.local/lib/python3.10/site-packages/airflow/example_dags/example_setup_teardown_taskflow.py
[2026-07-21T18:46:54.248+0000] {logging_mixin.py:188} INFO - [2026-07-21T18:46:54.247+0000] {dag.py:3036} INFO - Sync 1 DAGs
[2026-07-21T18:46:54.266+0000] {logging_mixin.py:188} INFO - [2026-07-21T18:46:54.266+0000] {dag.py:3823} INFO - Setting next_dagrun for example_setup_teardown_taskflow to 2026-07-20 00:00:00+00:00, run_after=2026-07-21 00:00:00+00:00
[2026-07-21T18:46:54.285+0000] {processor.py:183} INFO - Processing /home/airflow/.local/lib/python3.10/site-packages/airflow/example_dags/example_setup_teardown_taskflow.py took 0.072 seconds
[2026-07-21T18:47:24.605+0000] {processor.py:161} INFO - Started process (PID=1545) to work on /home/airflow/.local/lib/python3.10/site-packages/airflow/example_dags/example_setup_teardown_taskflow.py
[2026-07-21T18:47:24.606+0000] {processor.py:830} INFO - Processing file /home/airflow/.local/lib/python3.10/site-packages/airflow/example_dags/example_setup_teardown_taskflow.py for tasks to queue
[2026-07-21T18:47:24.608+0000] {logging_mixin.py:188} INFO - [2026-07-21T18:47:24.608+0000] {dagbag.py:538} INFO - Filling up the DagBag from /home/airflow/.local/lib/python3.10/site-packages/airflow/example_dags/example_setup_teardown_taskflow.py
[2026-07-21T18:47:24.618+0000] {processor.py:840} INFO - DAG(s) 'example_setup_teardown_taskflow' retrieved from /home/airflow/.local/lib/python3.10/site-packages/airflow/example_dags/example_setup_teardown_taskflow.py
[2026-07-21T18:47:24.640+0000] {logging_mixin.py:188} INFO - [2026-07-21T18:47:24.640+0000] {dag.py:3036} INFO - Sync 1 DAGs
[2026-07-21T18:47:24.659+0000] {logging_mixin.py:188} INFO - [2026-07-21T18:47:24.659+0000] {dag.py:3823} INFO - Setting next_dagrun for example_setup_teardown_taskflow to 2026-07-20 00:00:00+00:00, run_after=2026-07-21 00:00:00+00:00
[2026-07-21T18:47:24.678+0000] {processor.py:183} INFO - Processing /home/airflow/.local/lib/python3.10/site-packages/airflow/example_dags/example_setup_teardown_taskflow.py took 0.078 seconds
[2026-07-21T18:47:55.179+0000] {processor.py:161} INFO - Started process (PID=1601) to work on /home/airflow/.local/lib/python3.10/site-packages/airflow/example_dags/example_setup_teardown_taskflow.py
[2026-07-21T18:47:55.180+0000] {processor.py:830} INFO - Processing file /home/airflow/.local/lib/python3.10/site-packages/airflow/example_dags/example_setup_teardown_taskflow.py for tasks to queue
[2026-07-21T18:47:55.182+0000] {logging_mixin.py:188} INFO - [2026-07-21T18:47:55.182+0000] {dagbag.py:538} INFO - Filling up the DagBag from /home/airflow/.local/lib/python3.10/site-packages/airflow/example_dags/example_setup_teardown_taskflow.py
[2026-07-21T18:47:55.191+0000] {processor.py:840} INFO - DAG(s) 'example_setup_teardown_taskflow' retrieved from /home/airflow/.local/lib/python3.10/site-packages/airflow/example_dags/example_setup_teardown_taskflow.py
[2026-07-21T18:47:55.212+0000] {logging_mixin.py:188} INFO - [2026-07-21T18:47:55.212+0000] {dag.py:3036} INFO - Sync 1 DAGs
[2026-07-21T18:47:55.232+0000] {logging_mixin.py:188} INFO - [2026-07-21T18:47:55.232+0000] {dag.py:3823} INFO - Setting next_dagrun for example_setup_teardown_taskflow to 2026-07-20 00:00:00+00:00, run_after=2026-07-21 00:00:00+00:00
[2026-07-21T18:47:55.251+0000] {processor.py:183} INFO - Processing /home/airflow/.local/lib/python3.10/site-packages/airflow/example_dags/example_setup_teardown_taskflow.py took 0.075 seconds
