[2026-07-21T17:56:25.995+0000] {processor.py:161} INFO - Started process (PID=80) to work on /home/airflow/.local/lib/python3.8/site-packages/airflow/example_dags/example_task_group.py
[2026-07-21T17:56:26.009+0000] {processor.py:830} INFO - Processing file /home/airflow/.local/lib/python3.8/site-packages/airflow/example_dags/example_task_group.py for tasks to queue
[2026-07-21T17:56:26.033+0000] {logging_mixin.py:188} INFO - [2026-07-21T17:56:26.030+0000] {dagbag.py:538} INFO - Filling up the DagBag from /home/airflow/.local/lib/python3.8/site-packages/airflow/example_dags/example_task_group.py
[2026-07-21T17:56:26.125+0000] {processor.py:840} INFO - DAG(s) 'example_task_group' retrieved from /home/airflow/.local/lib/python3.8/site-packages/airflow/example_dags/example_task_group.py
[2026-07-21T17:56:26.694+0000] {logging_mixin.py:188} INFO - [2026-07-21T17:56:26.693+0000] {dag.py:3036} INFO - Sync 1 DAGs
[2026-07-21T17:56:26.792+0000] {logging_mixin.py:188} INFO - [2026-07-21T17:56:26.792+0000] {dag.py:3823} INFO - Setting next_dagrun for example_task_group to 2026-07-20 00:00:00+00:00, run_after=2026-07-21 00:00:00+00:00
[2026-07-21T17:56:26.880+0000] {processor.py:183} INFO - Processing /home/airflow/.local/lib/python3.8/site-packages/airflow/example_dags/example_task_group.py took 0.937 seconds
[2026-07-21T17:56:56.962+0000] {processor.py:161} INFO - Started process (PID=136) to work on /home/airflow/.local/lib/python3.8/site-packages/airflow/example_dags/example_task_group.py
[2026-07-21T17:56:56.964+0000] {processor.py:830} INFO - Processing file /home/airflow/.local/lib/python3.8/site-packages/airflow/example_dags/example_task_group.py for tasks to queue
[2026-07-21T17:56:56.966+0000] {logging_mixin.py:188} INFO - [2026-07-21T17:56:56.965+0000] {dagbag.py:538} INFO - Filling up the DagBag from /home/airflow/.local/lib/python3.8/site-packages/airflow/example_dags/example_task_group.py
[2026-07-21T17:56:56.973+0000] {processor.py:840} INFO - DAG(s) 'example_task_group' retrieved from /home/airflow/.local/lib/python3.8/site-packages/airflow/example_dags/example_task_group.py
[2026-07-21T17:56:56.996+0000] {logging_mixin.py:188} INFO - [2026-07-21T17:56:56.996+0000] {dag.py:3036} INFO - Sync 1 DAGs
[2026-07-21T17:56:57.015+0000] {logging_mixin.py:188} INFO - [2026-07-21T17:56:57.015+0000] {dag.py:3823} INFO - Setting next_dagrun for example_task_group to 2026-07-20 00:00:00+00:00, run_after=2026-07-21 00:00:00+00:00
[2026-07-21T17:56:57.034+0000] {processor.py:183} INFO - Processing /home/airflow/.local/lib/python3.8/site-packages/airflow/example_dags/example_task_group.py took 0.076 seconds
[2026-07-21T17:57:27.853+0000] {processor.py:161} INFO - Started process (PID=192) to work on /home/airflow/.local/lib/python3.8/site-packages/airflow/example_dags/example_task_group.py
[2026-07-21T17:57:27.854+0000] {processor.py:830} INFO - Processing file /home/airflow/.local/lib/python3.8/site-packages/airflow/example_dags/example_task_group.py for tasks to queue
[2026-07-21T17:57:27.856+0000] {logging_mixin.py:188} INFO - [2026-07-21T17:57:27.856+0000] {dagbag.py:538} INFO - Filling up the DagBag from /home/airflow/.local/lib/python3.8/site-packages/airflow/example_dags/example_task_group.py
[2026-07-21T17:57:27.863+0000] {processor.py:840} INFO - DAG(s) 'example_task_group' retrieved from /home/airflow/.local/lib/python3.8/site-packages/airflow/example_dags/example_task_group.py
[2026-07-21T17:57:27.885+0000] {logging_mixin.py:188} INFO - [2026-07-21T17:57:27.885+0000] {dag.py:3036} INFO - Sync 1 DAGs
[2026-07-21T17:57:27.903+0000] {logging_mixin.py:188} INFO - [2026-07-21T17:57:27.903+0000] {dag.py:3823} INFO - Setting next_dagrun for example_task_group to 2026-07-20 00:00:00+00:00, run_after=2026-07-21 00:00:00+00:00
[2026-07-21T17:57:27.921+0000] {processor.py:183} INFO - Processing /home/airflow/.local/lib/python3.8/site-packages/airflow/example_dags/example_task_group.py took 0.072 seconds
[2026-07-21T17:57:58.085+0000] {processor.py:161} INFO - Started process (PID=248) to work on /home/airflow/.local/lib/python3.8/site-packages/airflow/example_dags/example_task_group.py
[2026-07-21T17:57:58.086+0000] {processor.py:830} INFO - Processing file /home/airflow/.local/lib/python3.8/site-packages/airflow/example_dags/example_task_group.py for tasks to queue
[2026-07-21T17:57:58.088+0000] {logging_mixin.py:188} INFO - [2026-07-21T17:57:58.088+0000] {dagbag.py:538} INFO - Filling up the DagBag from /home/airflow/.local/lib/python3.8/site-packages/airflow/example_dags/example_task_group.py
[2026-07-21T17:57:58.095+0000] {processor.py:840} INFO - DAG(s) 'example_task_group' retrieved from /home/airflow/.local/lib/python3.8/site-packages/airflow/example_dags/example_task_group.py
[2026-07-21T17:57:58.118+0000] {logging_mixin.py:188} INFO - [2026-07-21T17:57:58.118+0000] {dag.py:3036} INFO - Sync 1 DAGs
[2026-07-21T17:57:58.138+0000] {logging_mixin.py:188} INFO - [2026-07-21T17:57:58.138+0000] {dag.py:3823} INFO - Setting next_dagrun for example_task_group to 2026-07-20 00:00:00+00:00, run_after=2026-07-21 00:00:00+00:00
[2026-07-21T17:57:58.157+0000] {processor.py:183} INFO - Processing /home/airflow/.local/lib/python3.8/site-packages/airflow/example_dags/example_task_group.py took 0.075 seconds
[2026-07-21T17:58:28.313+0000] {processor.py:161} INFO - Started process (PID=304) to work on /home/airflow/.local/lib/python3.8/site-packages/airflow/example_dags/example_task_group.py
[2026-07-21T17:58:28.314+0000] {processor.py:830} INFO - Processing file /home/airflow/.local/lib/python3.8/site-packages/airflow/example_dags/example_task_group.py for tasks to queue
[2026-07-21T17:58:28.316+0000] {logging_mixin.py:188} INFO - [2026-07-21T17:58:28.316+0000] {dagbag.py:538} INFO - Filling up the DagBag from /home/airflow/.local/lib/python3.8/site-packages/airflow/example_dags/example_task_group.py
[2026-07-21T17:58:28.323+0000] {processor.py:840} INFO - DAG(s) 'example_task_group' retrieved from /home/airflow/.local/lib/python3.8/site-packages/airflow/example_dags/example_task_group.py
[2026-07-21T17:58:28.345+0000] {logging_mixin.py:188} INFO - [2026-07-21T17:58:28.345+0000] {dag.py:3036} INFO - Sync 1 DAGs
[2026-07-21T17:58:28.365+0000] {logging_mixin.py:188} INFO - [2026-07-21T17:58:28.365+0000] {dag.py:3823} INFO - Setting next_dagrun for example_task_group to 2026-07-20 00:00:00+00:00, run_after=2026-07-21 00:00:00+00:00
[2026-07-21T17:58:28.382+0000] {processor.py:183} INFO - Processing /home/airflow/.local/lib/python3.8/site-packages/airflow/example_dags/example_task_group.py took 0.073 seconds
[2026-07-21T17:58:58.746+0000] {processor.py:161} INFO - Started process (PID=360) to work on /home/airflow/.local/lib/python3.8/site-packages/airflow/example_dags/example_task_group.py
[2026-07-21T17:58:58.747+0000] {processor.py:830} INFO - Processing file /home/airflow/.local/lib/python3.8/site-packages/airflow/example_dags/example_task_group.py for tasks to queue
[2026-07-21T17:58:58.749+0000] {logging_mixin.py:188} INFO - [2026-07-21T17:58:58.749+0000] {dagbag.py:538} INFO - Filling up the DagBag from /home/airflow/.local/lib/python3.8/site-packages/airflow/example_dags/example_task_group.py
[2026-07-21T17:58:58.756+0000] {processor.py:840} INFO - DAG(s) 'example_task_group' retrieved from /home/airflow/.local/lib/python3.8/site-packages/airflow/example_dags/example_task_group.py
[2026-07-21T17:58:58.779+0000] {logging_mixin.py:188} INFO - [2026-07-21T17:58:58.779+0000] {dag.py:3036} INFO - Sync 1 DAGs
[2026-07-21T17:58:58.799+0000] {logging_mixin.py:188} INFO - [2026-07-21T17:58:58.798+0000] {dag.py:3823} INFO - Setting next_dagrun for example_task_group to 2026-07-20 00:00:00+00:00, run_after=2026-07-21 00:00:00+00:00
[2026-07-21T17:58:58.817+0000] {processor.py:183} INFO - Processing /home/airflow/.local/lib/python3.8/site-packages/airflow/example_dags/example_task_group.py took 0.074 seconds
[2026-07-21T17:59:28.957+0000] {processor.py:161} INFO - Started process (PID=416) to work on /home/airflow/.local/lib/python3.8/site-packages/airflow/example_dags/example_task_group.py
[2026-07-21T17:59:28.958+0000] {processor.py:830} INFO - Processing file /home/airflow/.local/lib/python3.8/site-packages/airflow/example_dags/example_task_group.py for tasks to queue
[2026-07-21T17:59:28.960+0000] {logging_mixin.py:188} INFO - [2026-07-21T17:59:28.960+0000] {dagbag.py:538} INFO - Filling up the DagBag from /home/airflow/.local/lib/python3.8/site-packages/airflow/example_dags/example_task_group.py
[2026-07-21T17:59:28.968+0000] {processor.py:840} INFO - DAG(s) 'example_task_group' retrieved from /home/airflow/.local/lib/python3.8/site-packages/airflow/example_dags/example_task_group.py
[2026-07-21T17:59:28.989+0000] {logging_mixin.py:188} INFO - [2026-07-21T17:59:28.989+0000] {dag.py:3036} INFO - Sync 1 DAGs
[2026-07-21T17:59:29.009+0000] {logging_mixin.py:188} INFO - [2026-07-21T17:59:29.009+0000] {dag.py:3823} INFO - Setting next_dagrun for example_task_group to 2026-07-20 00:00:00+00:00, run_after=2026-07-21 00:00:00+00:00
[2026-07-21T17:59:29.028+0000] {processor.py:183} INFO - Processing /home/airflow/.local/lib/python3.8/site-packages/airflow/example_dags/example_task_group.py took 0.074 seconds
[2026-07-21T17:59:59.270+0000] {processor.py:161} INFO - Started process (PID=472) to work on /home/airflow/.local/lib/python3.8/site-packages/airflow/example_dags/example_task_group.py
[2026-07-21T17:59:59.271+0000] {processor.py:830} INFO - Processing file /home/airflow/.local/lib/python3.8/site-packages/airflow/example_dags/example_task_group.py for tasks to queue
[2026-07-21T17:59:59.273+0000] {logging_mixin.py:188} INFO - [2026-07-21T17:59:59.273+0000] {dagbag.py:538} INFO - Filling up the DagBag from /home/airflow/.local/lib/python3.8/site-packages/airflow/example_dags/example_task_group.py
[2026-07-21T17:59:59.281+0000] {processor.py:840} INFO - DAG(s) 'example_task_group' retrieved from /home/airflow/.local/lib/python3.8/site-packages/airflow/example_dags/example_task_group.py
[2026-07-21T17:59:59.304+0000] {logging_mixin.py:188} INFO - [2026-07-21T17:59:59.304+0000] {dag.py:3036} INFO - Sync 1 DAGs
[2026-07-21T17:59:59.325+0000] {logging_mixin.py:188} INFO - [2026-07-21T17:59:59.325+0000] {dag.py:3823} INFO - Setting next_dagrun for example_task_group to 2026-07-20 00:00:00+00:00, run_after=2026-07-21 00:00:00+00:00
[2026-07-21T17:59:59.344+0000] {processor.py:183} INFO - Processing /home/airflow/.local/lib/python3.8/site-packages/airflow/example_dags/example_task_group.py took 0.078 seconds
[2026-07-21T18:00:29.632+0000] {processor.py:161} INFO - Started process (PID=528) to work on /home/airflow/.local/lib/python3.8/site-packages/airflow/example_dags/example_task_group.py
[2026-07-21T18:00:29.633+0000] {processor.py:830} INFO - Processing file /home/airflow/.local/lib/python3.8/site-packages/airflow/example_dags/example_task_group.py for tasks to queue
[2026-07-21T18:00:29.635+0000] {logging_mixin.py:188} INFO - [2026-07-21T18:00:29.635+0000] {dagbag.py:538} INFO - Filling up the DagBag from /home/airflow/.local/lib/python3.8/site-packages/airflow/example_dags/example_task_group.py
[2026-07-21T18:00:29.643+0000] {processor.py:840} INFO - DAG(s) 'example_task_group' retrieved from /home/airflow/.local/lib/python3.8/site-packages/airflow/example_dags/example_task_group.py
[2026-07-21T18:00:29.665+0000] {logging_mixin.py:188} INFO - [2026-07-21T18:00:29.665+0000] {dag.py:3036} INFO - Sync 1 DAGs
[2026-07-21T18:00:29.684+0000] {logging_mixin.py:188} INFO - [2026-07-21T18:00:29.684+0000] {dag.py:3823} INFO - Setting next_dagrun for example_task_group to 2026-07-20 00:00:00+00:00, run_after=2026-07-21 00:00:00+00:00
[2026-07-21T18:00:29.704+0000] {processor.py:183} INFO - Processing /home/airflow/.local/lib/python3.8/site-packages/airflow/example_dags/example_task_group.py took 0.076 seconds
[2026-07-21T18:00:59.926+0000] {processor.py:161} INFO - Started process (PID=585) to work on /home/airflow/.local/lib/python3.8/site-packages/airflow/example_dags/example_task_group.py
[2026-07-21T18:00:59.927+0000] {processor.py:830} INFO - Processing file /home/airflow/.local/lib/python3.8/site-packages/airflow/example_dags/example_task_group.py for tasks to queue
[2026-07-21T18:00:59.929+0000] {logging_mixin.py:188} INFO - [2026-07-21T18:00:59.929+0000] {dagbag.py:538} INFO - Filling up the DagBag from /home/airflow/.local/lib/python3.8/site-packages/airflow/example_dags/example_task_group.py
[2026-07-21T18:00:59.937+0000] {processor.py:840} INFO - DAG(s) 'example_task_group' retrieved from /home/airflow/.local/lib/python3.8/site-packages/airflow/example_dags/example_task_group.py
[2026-07-21T18:00:59.959+0000] {logging_mixin.py:188} INFO - [2026-07-21T18:00:59.959+0000] {dag.py:3036} INFO - Sync 1 DAGs
[2026-07-21T18:00:59.979+0000] {logging_mixin.py:188} INFO - [2026-07-21T18:00:59.979+0000] {dag.py:3823} INFO - Setting next_dagrun for example_task_group to 2026-07-20 00:00:00+00:00, run_after=2026-07-21 00:00:00+00:00
[2026-07-21T18:00:59.997+0000] {processor.py:183} INFO - Processing /home/airflow/.local/lib/python3.8/site-packages/airflow/example_dags/example_task_group.py took 0.074 seconds
[2026-07-21T18:01:30.213+0000] {processor.py:161} INFO - Started process (PID=641) to work on /home/airflow/.local/lib/python3.8/site-packages/airflow/example_dags/example_task_group.py
[2026-07-21T18:01:30.214+0000] {processor.py:830} INFO - Processing file /home/airflow/.local/lib/python3.8/site-packages/airflow/example_dags/example_task_group.py for tasks to queue
[2026-07-21T18:01:30.217+0000] {logging_mixin.py:188} INFO - [2026-07-21T18:01:30.216+0000] {dagbag.py:538} INFO - Filling up the DagBag from /home/airflow/.local/lib/python3.8/site-packages/airflow/example_dags/example_task_group.py
[2026-07-21T18:01:30.228+0000] {processor.py:840} INFO - DAG(s) 'example_task_group' retrieved from /home/airflow/.local/lib/python3.8/site-packages/airflow/example_dags/example_task_group.py
[2026-07-21T18:01:30.257+0000] {logging_mixin.py:188} INFO - [2026-07-21T18:01:30.257+0000] {dag.py:3036} INFO - Sync 1 DAGs
[2026-07-21T18:01:30.281+0000] {logging_mixin.py:188} INFO - [2026-07-21T18:01:30.281+0000] {dag.py:3823} INFO - Setting next_dagrun for example_task_group to 2026-07-20 00:00:00+00:00, run_after=2026-07-21 00:00:00+00:00
[2026-07-21T18:01:30.302+0000] {processor.py:183} INFO - Processing /home/airflow/.local/lib/python3.8/site-packages/airflow/example_dags/example_task_group.py took 0.094 seconds
[2026-07-21T18:02:00.470+0000] {processor.py:161} INFO - Started process (PID=697) to work on /home/airflow/.local/lib/python3.8/site-packages/airflow/example_dags/example_task_group.py
[2026-07-21T18:02:00.471+0000] {processor.py:830} INFO - Processing file /home/airflow/.local/lib/python3.8/site-packages/airflow/example_dags/example_task_group.py for tasks to queue
[2026-07-21T18:02:00.473+0000] {logging_mixin.py:188} INFO - [2026-07-21T18:02:00.473+0000] {dagbag.py:538} INFO - Filling up the DagBag from /home/airflow/.local/lib/python3.8/site-packages/airflow/example_dags/example_task_group.py
[2026-07-21T18:02:00.480+0000] {processor.py:840} INFO - DAG(s) 'example_task_group' retrieved from /home/airflow/.local/lib/python3.8/site-packages/airflow/example_dags/example_task_group.py
[2026-07-21T18:02:00.502+0000] {logging_mixin.py:188} INFO - [2026-07-21T18:02:00.502+0000] {dag.py:3036} INFO - Sync 1 DAGs
[2026-07-21T18:02:00.523+0000] {logging_mixin.py:188} INFO - [2026-07-21T18:02:00.523+0000] {dag.py:3823} INFO - Setting next_dagrun for example_task_group to 2026-07-20 00:00:00+00:00, run_after=2026-07-21 00:00:00+00:00
[2026-07-21T18:02:00.544+0000] {processor.py:183} INFO - Processing /home/airflow/.local/lib/python3.8/site-packages/airflow/example_dags/example_task_group.py took 0.077 seconds
[2026-07-21T18:02:30.990+0000] {processor.py:161} INFO - Started process (PID=753) to work on /home/airflow/.local/lib/python3.8/site-packages/airflow/example_dags/example_task_group.py
[2026-07-21T18:02:30.991+0000] {processor.py:830} INFO - Processing file /home/airflow/.local/lib/python3.8/site-packages/airflow/example_dags/example_task_group.py for tasks to queue
[2026-07-21T18:02:30.993+0000] {logging_mixin.py:188} INFO - [2026-07-21T18:02:30.993+0000] {dagbag.py:538} INFO - Filling up the DagBag from /home/airflow/.local/lib/python3.8/site-packages/airflow/example_dags/example_task_group.py
[2026-07-21T18:02:31.001+0000] {processor.py:840} INFO - DAG(s) 'example_task_group' retrieved from /home/airflow/.local/lib/python3.8/site-packages/airflow/example_dags/example_task_group.py
[2026-07-21T18:02:31.026+0000] {logging_mixin.py:188} INFO - [2026-07-21T18:02:31.026+0000] {dag.py:3036} INFO - Sync 1 DAGs
[2026-07-21T18:02:31.048+0000] {logging_mixin.py:188} INFO - [2026-07-21T18:02:31.048+0000] {dag.py:3823} INFO - Setting next_dagrun for example_task_group to 2026-07-20 00:00:00+00:00, run_after=2026-07-21 00:00:00+00:00
[2026-07-21T18:02:31.068+0000] {processor.py:183} INFO - Processing /home/airflow/.local/lib/python3.8/site-packages/airflow/example_dags/example_task_group.py took 0.082 seconds
[2026-07-21T18:03:01.429+0000] {processor.py:161} INFO - Started process (PID=809) to work on /home/airflow/.local/lib/python3.8/site-packages/airflow/example_dags/example_task_group.py
[2026-07-21T18:03:01.431+0000] {processor.py:830} INFO - Processing file /home/airflow/.local/lib/python3.8/site-packages/airflow/example_dags/example_task_group.py for tasks to queue
[2026-07-21T18:03:01.433+0000] {logging_mixin.py:188} INFO - [2026-07-21T18:03:01.432+0000] {dagbag.py:538} INFO - Filling up the DagBag from /home/airflow/.local/lib/python3.8/site-packages/airflow/example_dags/example_task_group.py
[2026-07-21T18:03:01.440+0000] {processor.py:840} INFO - DAG(s) 'example_task_group' retrieved from /home/airflow/.local/lib/python3.8/site-packages/airflow/example_dags/example_task_group.py
[2026-07-21T18:03:01.463+0000] {logging_mixin.py:188} INFO - [2026-07-21T18:03:01.463+0000] {dag.py:3036} INFO - Sync 1 DAGs
[2026-07-21T18:03:01.483+0000] {logging_mixin.py:188} INFO - [2026-07-21T18:03:01.482+0000] {dag.py:3823} INFO - Setting next_dagrun for example_task_group to 2026-07-20 00:00:00+00:00, run_after=2026-07-21 00:00:00+00:00
[2026-07-21T18:03:01.502+0000] {processor.py:183} INFO - Processing /home/airflow/.local/lib/python3.8/site-packages/airflow/example_dags/example_task_group.py took 0.076 seconds
[2026-07-21T18:03:31.718+0000] {processor.py:161} INFO - Started process (PID=865) to work on /home/airflow/.local/lib/python3.8/site-packages/airflow/example_dags/example_task_group.py
[2026-07-21T18:03:31.719+0000] {processor.py:830} INFO - Processing file /home/airflow/.local/lib/python3.8/site-packages/airflow/example_dags/example_task_group.py for tasks to queue
[2026-07-21T18:03:31.722+0000] {logging_mixin.py:188} INFO - [2026-07-21T18:03:31.721+0000] {dagbag.py:538} INFO - Filling up the DagBag from /home/airflow/.local/lib/python3.8/site-packages/airflow/example_dags/example_task_group.py
[2026-07-21T18:03:31.729+0000] {processor.py:840} INFO - DAG(s) 'example_task_group' retrieved from /home/airflow/.local/lib/python3.8/site-packages/airflow/example_dags/example_task_group.py
[2026-07-21T18:03:31.752+0000] {logging_mixin.py:188} INFO - [2026-07-21T18:03:31.752+0000] {dag.py:3036} INFO - Sync 1 DAGs
[2026-07-21T18:03:31.772+0000] {logging_mixin.py:188} INFO - [2026-07-21T18:03:31.772+0000] {dag.py:3823} INFO - Setting next_dagrun for example_task_group to 2026-07-20 00:00:00+00:00, run_after=2026-07-21 00:00:00+00:00
[2026-07-21T18:03:31.791+0000] {processor.py:183} INFO - Processing /home/airflow/.local/lib/python3.8/site-packages/airflow/example_dags/example_task_group.py took 0.077 seconds
[2026-07-21T18:04:02.030+0000] {processor.py:161} INFO - Started process (PID=921) to work on /home/airflow/.local/lib/python3.8/site-packages/airflow/example_dags/example_task_group.py
[2026-07-21T18:04:02.032+0000] {processor.py:830} INFO - Processing file /home/airflow/.local/lib/python3.8/site-packages/airflow/example_dags/example_task_group.py for tasks to queue
[2026-07-21T18:04:02.034+0000] {logging_mixin.py:188} INFO - [2026-07-21T18:04:02.034+0000] {dagbag.py:538} INFO - Filling up the DagBag from /home/airflow/.local/lib/python3.8/site-packages/airflow/example_dags/example_task_group.py
[2026-07-21T18:04:02.041+0000] {processor.py:840} INFO - DAG(s) 'example_task_group' retrieved from /home/airflow/.local/lib/python3.8/site-packages/airflow/example_dags/example_task_group.py
[2026-07-21T18:04:02.064+0000] {logging_mixin.py:188} INFO - [2026-07-21T18:04:02.064+0000] {dag.py:3036} INFO - Sync 1 DAGs
[2026-07-21T18:04:02.084+0000] {logging_mixin.py:188} INFO - [2026-07-21T18:04:02.084+0000] {dag.py:3823} INFO - Setting next_dagrun for example_task_group to 2026-07-20 00:00:00+00:00, run_after=2026-07-21 00:00:00+00:00
[2026-07-21T18:04:02.104+0000] {processor.py:183} INFO - Processing /home/airflow/.local/lib/python3.8/site-packages/airflow/example_dags/example_task_group.py took 0.077 seconds
[2026-07-21T18:04:32.435+0000] {processor.py:161} INFO - Started process (PID=977) to work on /home/airflow/.local/lib/python3.8/site-packages/airflow/example_dags/example_task_group.py
[2026-07-21T18:04:32.436+0000] {processor.py:830} INFO - Processing file /home/airflow/.local/lib/python3.8/site-packages/airflow/example_dags/example_task_group.py for tasks to queue
[2026-07-21T18:04:32.438+0000] {logging_mixin.py:188} INFO - [2026-07-21T18:04:32.438+0000] {dagbag.py:538} INFO - Filling up the DagBag from /home/airflow/.local/lib/python3.8/site-packages/airflow/example_dags/example_task_group.py
[2026-07-21T18:04:32.446+0000] {processor.py:840} INFO - DAG(s) 'example_task_group' retrieved from /home/airflow/.local/lib/python3.8/site-packages/airflow/example_dags/example_task_group.py
[2026-07-21T18:04:32.468+0000] {logging_mixin.py:188} INFO - [2026-07-21T18:04:32.468+0000] {dag.py:3036} INFO - Sync 1 DAGs
[2026-07-21T18:04:32.487+0000] {logging_mixin.py:188} INFO - [2026-07-21T18:04:32.487+0000] {dag.py:3823} INFO - Setting next_dagrun for example_task_group to 2026-07-20 00:00:00+00:00, run_after=2026-07-21 00:00:00+00:00
[2026-07-21T18:04:32.506+0000] {processor.py:183} INFO - Processing /home/airflow/.local/lib/python3.8/site-packages/airflow/example_dags/example_task_group.py took 0.074 seconds
[2026-07-21T18:05:02.847+0000] {processor.py:161} INFO - Started process (PID=1033) to work on /home/airflow/.local/lib/python3.8/site-packages/airflow/example_dags/example_task_group.py
[2026-07-21T18:05:02.849+0000] {processor.py:830} INFO - Processing file /home/airflow/.local/lib/python3.8/site-packages/airflow/example_dags/example_task_group.py for tasks to queue
[2026-07-21T18:05:02.851+0000] {logging_mixin.py:188} INFO - [2026-07-21T18:05:02.851+0000] {dagbag.py:538} INFO - Filling up the DagBag from /home/airflow/.local/lib/python3.8/site-packages/airflow/example_dags/example_task_group.py
[2026-07-21T18:05:02.859+0000] {processor.py:840} INFO - DAG(s) 'example_task_group' retrieved from /home/airflow/.local/lib/python3.8/site-packages/airflow/example_dags/example_task_group.py
[2026-07-21T18:05:02.883+0000] {logging_mixin.py:188} INFO - [2026-07-21T18:05:02.883+0000] {dag.py:3036} INFO - Sync 1 DAGs
[2026-07-21T18:05:02.903+0000] {logging_mixin.py:188} INFO - [2026-07-21T18:05:02.903+0000] {dag.py:3823} INFO - Setting next_dagrun for example_task_group to 2026-07-20 00:00:00+00:00, run_after=2026-07-21 00:00:00+00:00
[2026-07-21T18:05:02.921+0000] {processor.py:183} INFO - Processing /home/airflow/.local/lib/python3.8/site-packages/airflow/example_dags/example_task_group.py took 0.078 seconds
[2026-07-21T18:05:33.467+0000] {processor.py:161} INFO - Started process (PID=1089) to work on /home/airflow/.local/lib/python3.8/site-packages/airflow/example_dags/example_task_group.py
[2026-07-21T18:05:33.468+0000] {processor.py:830} INFO - Processing file /home/airflow/.local/lib/python3.8/site-packages/airflow/example_dags/example_task_group.py for tasks to queue
[2026-07-21T18:05:33.470+0000] {logging_mixin.py:188} INFO - [2026-07-21T18:05:33.470+0000] {dagbag.py:538} INFO - Filling up the DagBag from /home/airflow/.local/lib/python3.8/site-packages/airflow/example_dags/example_task_group.py
[2026-07-21T18:05:33.477+0000] {processor.py:840} INFO - DAG(s) 'example_task_group' retrieved from /home/airflow/.local/lib/python3.8/site-packages/airflow/example_dags/example_task_group.py
[2026-07-21T18:05:33.501+0000] {logging_mixin.py:188} INFO - [2026-07-21T18:05:33.501+0000] {dag.py:3036} INFO - Sync 1 DAGs
[2026-07-21T18:05:33.524+0000] {logging_mixin.py:188} INFO - [2026-07-21T18:05:33.524+0000] {dag.py:3823} INFO - Setting next_dagrun for example_task_group to 2026-07-20 00:00:00+00:00, run_after=2026-07-21 00:00:00+00:00
[2026-07-21T18:05:33.543+0000] {processor.py:183} INFO - Processing /home/airflow/.local/lib/python3.8/site-packages/airflow/example_dags/example_task_group.py took 0.081 seconds
[2026-07-21T18:06:03.842+0000] {processor.py:161} INFO - Started process (PID=1145) to work on /home/airflow/.local/lib/python3.8/site-packages/airflow/example_dags/example_task_group.py
[2026-07-21T18:06:03.843+0000] {processor.py:830} INFO - Processing file /home/airflow/.local/lib/python3.8/site-packages/airflow/example_dags/example_task_group.py for tasks to queue
[2026-07-21T18:06:03.845+0000] {logging_mixin.py:188} INFO - [2026-07-21T18:06:03.844+0000] {dagbag.py:538} INFO - Filling up the DagBag from /home/airflow/.local/lib/python3.8/site-packages/airflow/example_dags/example_task_group.py
[2026-07-21T18:06:03.852+0000] {processor.py:840} INFO - DAG(s) 'example_task_group' retrieved from /home/airflow/.local/lib/python3.8/site-packages/airflow/example_dags/example_task_group.py
[2026-07-21T18:06:03.874+0000] {logging_mixin.py:188} INFO - [2026-07-21T18:06:03.874+0000] {dag.py:3036} INFO - Sync 1 DAGs
[2026-07-21T18:06:03.893+0000] {logging_mixin.py:188} INFO - [2026-07-21T18:06:03.893+0000] {dag.py:3823} INFO - Setting next_dagrun for example_task_group to 2026-07-20 00:00:00+00:00, run_after=2026-07-21 00:00:00+00:00
[2026-07-21T18:06:03.912+0000] {processor.py:183} INFO - Processing /home/airflow/.local/lib/python3.8/site-packages/airflow/example_dags/example_task_group.py took 0.075 seconds
[2026-07-21T18:06:34.455+0000] {processor.py:161} INFO - Started process (PID=1201) to work on /home/airflow/.local/lib/python3.8/site-packages/airflow/example_dags/example_task_group.py
[2026-07-21T18:06:34.456+0000] {processor.py:830} INFO - Processing file /home/airflow/.local/lib/python3.8/site-packages/airflow/example_dags/example_task_group.py for tasks to queue
[2026-07-21T18:06:34.459+0000] {logging_mixin.py:188} INFO - [2026-07-21T18:06:34.458+0000] {dagbag.py:538} INFO - Filling up the DagBag from /home/airflow/.local/lib/python3.8/site-packages/airflow/example_dags/example_task_group.py
[2026-07-21T18:06:34.466+0000] {processor.py:840} INFO - DAG(s) 'example_task_group' retrieved from /home/airflow/.local/lib/python3.8/site-packages/airflow/example_dags/example_task_group.py
[2026-07-21T18:06:34.489+0000] {logging_mixin.py:188} INFO - [2026-07-21T18:06:34.488+0000] {dag.py:3036} INFO - Sync 1 DAGs
[2026-07-21T18:06:34.508+0000] {logging_mixin.py:188} INFO - [2026-07-21T18:06:34.508+0000] {dag.py:3823} INFO - Setting next_dagrun for example_task_group to 2026-07-20 00:00:00+00:00, run_after=2026-07-21 00:00:00+00:00
[2026-07-21T18:06:34.528+0000] {processor.py:183} INFO - Processing /home/airflow/.local/lib/python3.8/site-packages/airflow/example_dags/example_task_group.py took 0.077 seconds
[2026-07-21T18:07:04.722+0000] {processor.py:161} INFO - Started process (PID=1257) to work on /home/airflow/.local/lib/python3.8/site-packages/airflow/example_dags/example_task_group.py
[2026-07-21T18:07:04.723+0000] {processor.py:830} INFO - Processing file /home/airflow/.local/lib/python3.8/site-packages/airflow/example_dags/example_task_group.py for tasks to queue
[2026-07-21T18:07:04.726+0000] {logging_mixin.py:188} INFO - [2026-07-21T18:07:04.725+0000] {dagbag.py:538} INFO - Filling up the DagBag from /home/airflow/.local/lib/python3.8/site-packages/airflow/example_dags/example_task_group.py
[2026-07-21T18:07:04.734+0000] {processor.py:840} INFO - DAG(s) 'example_task_group' retrieved from /home/airflow/.local/lib/python3.8/site-packages/airflow/example_dags/example_task_group.py
[2026-07-21T18:07:04.762+0000] {logging_mixin.py:188} INFO - [2026-07-21T18:07:04.762+0000] {dag.py:3036} INFO - Sync 1 DAGs
[2026-07-21T18:07:04.785+0000] {logging_mixin.py:188} INFO - [2026-07-21T18:07:04.785+0000] {dag.py:3823} INFO - Setting next_dagrun for example_task_group to 2026-07-20 00:00:00+00:00, run_after=2026-07-21 00:00:00+00:00
[2026-07-21T18:07:04.809+0000] {processor.py:183} INFO - Processing /home/airflow/.local/lib/python3.8/site-packages/airflow/example_dags/example_task_group.py took 0.092 seconds
[2026-07-21T18:07:35.053+0000] {processor.py:161} INFO - Started process (PID=1313) to work on /home/airflow/.local/lib/python3.8/site-packages/airflow/example_dags/example_task_group.py
[2026-07-21T18:07:35.054+0000] {processor.py:830} INFO - Processing file /home/airflow/.local/lib/python3.8/site-packages/airflow/example_dags/example_task_group.py for tasks to queue
[2026-07-21T18:07:35.056+0000] {logging_mixin.py:188} INFO - [2026-07-21T18:07:35.056+0000] {dagbag.py:538} INFO - Filling up the DagBag from /home/airflow/.local/lib/python3.8/site-packages/airflow/example_dags/example_task_group.py
[2026-07-21T18:07:35.064+0000] {processor.py:840} INFO - DAG(s) 'example_task_group' retrieved from /home/airflow/.local/lib/python3.8/site-packages/airflow/example_dags/example_task_group.py
[2026-07-21T18:07:35.087+0000] {logging_mixin.py:188} INFO - [2026-07-21T18:07:35.087+0000] {dag.py:3036} INFO - Sync 1 DAGs
[2026-07-21T18:07:35.107+0000] {logging_mixin.py:188} INFO - [2026-07-21T18:07:35.107+0000] {dag.py:3823} INFO - Setting next_dagrun for example_task_group to 2026-07-20 00:00:00+00:00, run_after=2026-07-21 00:00:00+00:00
[2026-07-21T18:07:35.127+0000] {processor.py:183} INFO - Processing /home/airflow/.local/lib/python3.8/site-packages/airflow/example_dags/example_task_group.py took 0.077 seconds
[2026-07-21T18:09:12.570+0000] {processor.py:161} INFO - Started process (PID=114) to work on /home/airflow/.local/lib/python3.8/site-packages/airflow/example_dags/example_task_group.py
[2026-07-21T18:09:12.572+0000] {processor.py:830} INFO - Processing file /home/airflow/.local/lib/python3.8/site-packages/airflow/example_dags/example_task_group.py for tasks to queue
[2026-07-21T18:09:12.575+0000] {logging_mixin.py:188} INFO - [2026-07-21T18:09:12.574+0000] {dagbag.py:538} INFO - Filling up the DagBag from /home/airflow/.local/lib/python3.8/site-packages/airflow/example_dags/example_task_group.py
[2026-07-21T18:09:12.596+0000] {processor.py:840} INFO - DAG(s) 'example_task_group' retrieved from /home/airflow/.local/lib/python3.8/site-packages/airflow/example_dags/example_task_group.py
[2026-07-21T18:09:12.620+0000] {logging_mixin.py:188} INFO - [2026-07-21T18:09:12.619+0000] {dag.py:3036} INFO - Sync 1 DAGs
[2026-07-21T18:09:12.655+0000] {logging_mixin.py:188} INFO - [2026-07-21T18:09:12.654+0000] {dag.py:3823} INFO - Setting next_dagrun for example_task_group to 2026-07-20 00:00:00+00:00, run_after=2026-07-21 00:00:00+00:00
[2026-07-21T18:09:12.681+0000] {processor.py:183} INFO - Processing /home/airflow/.local/lib/python3.8/site-packages/airflow/example_dags/example_task_group.py took 0.117 seconds
[2026-07-21T18:09:43.437+0000] {processor.py:161} INFO - Started process (PID=170) to work on /home/airflow/.local/lib/python3.8/site-packages/airflow/example_dags/example_task_group.py
[2026-07-21T18:09:43.438+0000] {processor.py:830} INFO - Processing file /home/airflow/.local/lib/python3.8/site-packages/airflow/example_dags/example_task_group.py for tasks to queue
[2026-07-21T18:09:43.440+0000] {logging_mixin.py:188} INFO - [2026-07-21T18:09:43.440+0000] {dagbag.py:538} INFO - Filling up the DagBag from /home/airflow/.local/lib/python3.8/site-packages/airflow/example_dags/example_task_group.py
[2026-07-21T18:09:43.450+0000] {processor.py:840} INFO - DAG(s) 'example_task_group' retrieved from /home/airflow/.local/lib/python3.8/site-packages/airflow/example_dags/example_task_group.py
[2026-07-21T18:09:43.565+0000] {logging_mixin.py:188} INFO - [2026-07-21T18:09:43.565+0000] {dag.py:3036} INFO - Sync 1 DAGs
[2026-07-21T18:09:43.588+0000] {logging_mixin.py:188} INFO - [2026-07-21T18:09:43.588+0000] {dag.py:3823} INFO - Setting next_dagrun for example_task_group to 2026-07-20 00:00:00+00:00, run_after=2026-07-21 00:00:00+00:00
[2026-07-21T18:09:43.607+0000] {processor.py:183} INFO - Processing /home/airflow/.local/lib/python3.8/site-packages/airflow/example_dags/example_task_group.py took 0.175 seconds
[2026-07-21T18:10:14.374+0000] {processor.py:161} INFO - Started process (PID=226) to work on /home/airflow/.local/lib/python3.8/site-packages/airflow/example_dags/example_task_group.py
[2026-07-21T18:10:14.375+0000] {processor.py:830} INFO - Processing file /home/airflow/.local/lib/python3.8/site-packages/airflow/example_dags/example_task_group.py for tasks to queue
[2026-07-21T18:10:14.379+0000] {logging_mixin.py:188} INFO - [2026-07-21T18:10:14.379+0000] {dagbag.py:538} INFO - Filling up the DagBag from /home/airflow/.local/lib/python3.8/site-packages/airflow/example_dags/example_task_group.py
[2026-07-21T18:10:14.386+0000] {processor.py:840} INFO - DAG(s) 'example_task_group' retrieved from /home/airflow/.local/lib/python3.8/site-packages/airflow/example_dags/example_task_group.py
[2026-07-21T18:10:14.414+0000] {logging_mixin.py:188} INFO - [2026-07-21T18:10:14.414+0000] {dag.py:3036} INFO - Sync 1 DAGs
[2026-07-21T18:10:14.438+0000] {logging_mixin.py:188} INFO - [2026-07-21T18:10:14.438+0000] {dag.py:3823} INFO - Setting next_dagrun for example_task_group to 2026-07-20 00:00:00+00:00, run_after=2026-07-21 00:00:00+00:00
[2026-07-21T18:10:14.460+0000] {processor.py:183} INFO - Processing /home/airflow/.local/lib/python3.8/site-packages/airflow/example_dags/example_task_group.py took 0.091 seconds
[2026-07-21T18:10:44.627+0000] {processor.py:161} INFO - Started process (PID=282) to work on /home/airflow/.local/lib/python3.8/site-packages/airflow/example_dags/example_task_group.py
[2026-07-21T18:10:44.628+0000] {processor.py:830} INFO - Processing file /home/airflow/.local/lib/python3.8/site-packages/airflow/example_dags/example_task_group.py for tasks to queue
[2026-07-21T18:10:44.630+0000] {logging_mixin.py:188} INFO - [2026-07-21T18:10:44.630+0000] {dagbag.py:538} INFO - Filling up the DagBag from /home/airflow/.local/lib/python3.8/site-packages/airflow/example_dags/example_task_group.py
[2026-07-21T18:10:44.638+0000] {processor.py:840} INFO - DAG(s) 'example_task_group' retrieved from /home/airflow/.local/lib/python3.8/site-packages/airflow/example_dags/example_task_group.py
[2026-07-21T18:10:44.664+0000] {logging_mixin.py:188} INFO - [2026-07-21T18:10:44.664+0000] {dag.py:3036} INFO - Sync 1 DAGs
[2026-07-21T18:10:44.685+0000] {logging_mixin.py:188} INFO - [2026-07-21T18:10:44.685+0000] {dag.py:3823} INFO - Setting next_dagrun for example_task_group to 2026-07-20 00:00:00+00:00, run_after=2026-07-21 00:00:00+00:00
[2026-07-21T18:10:44.703+0000] {processor.py:183} INFO - Processing /home/airflow/.local/lib/python3.8/site-packages/airflow/example_dags/example_task_group.py took 0.080 seconds
[2026-07-21T18:11:15.070+0000] {processor.py:161} INFO - Started process (PID=338) to work on /home/airflow/.local/lib/python3.8/site-packages/airflow/example_dags/example_task_group.py
[2026-07-21T18:11:15.071+0000] {processor.py:830} INFO - Processing file /home/airflow/.local/lib/python3.8/site-packages/airflow/example_dags/example_task_group.py for tasks to queue
[2026-07-21T18:11:15.073+0000] {logging_mixin.py:188} INFO - [2026-07-21T18:11:15.073+0000] {dagbag.py:538} INFO - Filling up the DagBag from /home/airflow/.local/lib/python3.8/site-packages/airflow/example_dags/example_task_group.py
[2026-07-21T18:11:15.084+0000] {processor.py:840} INFO - DAG(s) 'example_task_group' retrieved from /home/airflow/.local/lib/python3.8/site-packages/airflow/example_dags/example_task_group.py
[2026-07-21T18:11:15.107+0000] {logging_mixin.py:188} INFO - [2026-07-21T18:11:15.107+0000] {dag.py:3036} INFO - Sync 1 DAGs
[2026-07-21T18:11:15.129+0000] {logging_mixin.py:188} INFO - [2026-07-21T18:11:15.129+0000] {dag.py:3823} INFO - Setting next_dagrun for example_task_group to 2026-07-20 00:00:00+00:00, run_after=2026-07-21 00:00:00+00:00
[2026-07-21T18:11:15.150+0000] {processor.py:183} INFO - Processing /home/airflow/.local/lib/python3.8/site-packages/airflow/example_dags/example_task_group.py took 0.083 seconds
[2026-07-21T18:11:45.584+0000] {processor.py:161} INFO - Started process (PID=394) to work on /home/airflow/.local/lib/python3.8/site-packages/airflow/example_dags/example_task_group.py
[2026-07-21T18:11:45.586+0000] {processor.py:830} INFO - Processing file /home/airflow/.local/lib/python3.8/site-packages/airflow/example_dags/example_task_group.py for tasks to queue
[2026-07-21T18:11:45.588+0000] {logging_mixin.py:188} INFO - [2026-07-21T18:11:45.587+0000] {dagbag.py:538} INFO - Filling up the DagBag from /home/airflow/.local/lib/python3.8/site-packages/airflow/example_dags/example_task_group.py
[2026-07-21T18:11:45.596+0000] {processor.py:840} INFO - DAG(s) 'example_task_group' retrieved from /home/airflow/.local/lib/python3.8/site-packages/airflow/example_dags/example_task_group.py
[2026-07-21T18:11:45.620+0000] {logging_mixin.py:188} INFO - [2026-07-21T18:11:45.620+0000] {dag.py:3036} INFO - Sync 1 DAGs
[2026-07-21T18:11:45.645+0000] {logging_mixin.py:188} INFO - [2026-07-21T18:11:45.645+0000] {dag.py:3823} INFO - Setting next_dagrun for example_task_group to 2026-07-20 00:00:00+00:00, run_after=2026-07-21 00:00:00+00:00
[2026-07-21T18:11:45.666+0000] {processor.py:183} INFO - Processing /home/airflow/.local/lib/python3.8/site-packages/airflow/example_dags/example_task_group.py took 0.086 seconds
[2026-07-21T18:12:16.208+0000] {processor.py:161} INFO - Started process (PID=450) to work on /home/airflow/.local/lib/python3.8/site-packages/airflow/example_dags/example_task_group.py
[2026-07-21T18:12:16.210+0000] {processor.py:830} INFO - Processing file /home/airflow/.local/lib/python3.8/site-packages/airflow/example_dags/example_task_group.py for tasks to queue
[2026-07-21T18:12:16.213+0000] {logging_mixin.py:188} INFO - [2026-07-21T18:12:16.212+0000] {dagbag.py:538} INFO - Filling up the DagBag from /home/airflow/.local/lib/python3.8/site-packages/airflow/example_dags/example_task_group.py
[2026-07-21T18:12:16.224+0000] {processor.py:840} INFO - DAG(s) 'example_task_group' retrieved from /home/airflow/.local/lib/python3.8/site-packages/airflow/example_dags/example_task_group.py
[2026-07-21T18:12:16.249+0000] {logging_mixin.py:188} INFO - [2026-07-21T18:12:16.249+0000] {dag.py:3036} INFO - Sync 1 DAGs
[2026-07-21T18:12:16.273+0000] {logging_mixin.py:188} INFO - [2026-07-21T18:12:16.272+0000] {dag.py:3823} INFO - Setting next_dagrun for example_task_group to 2026-07-20 00:00:00+00:00, run_after=2026-07-21 00:00:00+00:00
[2026-07-21T18:12:16.297+0000] {processor.py:183} INFO - Processing /home/airflow/.local/lib/python3.8/site-packages/airflow/example_dags/example_task_group.py took 0.094 seconds
[2026-07-21T18:12:47.113+0000] {processor.py:161} INFO - Started process (PID=506) to work on /home/airflow/.local/lib/python3.8/site-packages/airflow/example_dags/example_task_group.py
[2026-07-21T18:12:47.114+0000] {processor.py:830} INFO - Processing file /home/airflow/.local/lib/python3.8/site-packages/airflow/example_dags/example_task_group.py for tasks to queue
[2026-07-21T18:12:47.116+0000] {logging_mixin.py:188} INFO - [2026-07-21T18:12:47.116+0000] {dagbag.py:538} INFO - Filling up the DagBag from /home/airflow/.local/lib/python3.8/site-packages/airflow/example_dags/example_task_group.py
[2026-07-21T18:12:47.124+0000] {processor.py:840} INFO - DAG(s) 'example_task_group' retrieved from /home/airflow/.local/lib/python3.8/site-packages/airflow/example_dags/example_task_group.py
[2026-07-21T18:12:47.148+0000] {logging_mixin.py:188} INFO - [2026-07-21T18:12:47.148+0000] {dag.py:3036} INFO - Sync 1 DAGs
[2026-07-21T18:12:47.171+0000] {logging_mixin.py:188} INFO - [2026-07-21T18:12:47.171+0000] {dag.py:3823} INFO - Setting next_dagrun for example_task_group to 2026-07-20 00:00:00+00:00, run_after=2026-07-21 00:00:00+00:00
[2026-07-21T18:12:47.192+0000] {processor.py:183} INFO - Processing /home/airflow/.local/lib/python3.8/site-packages/airflow/example_dags/example_task_group.py took 0.083 seconds
[2026-07-21T18:13:17.769+0000] {processor.py:161} INFO - Started process (PID=562) to work on /home/airflow/.local/lib/python3.8/site-packages/airflow/example_dags/example_task_group.py
[2026-07-21T18:13:17.771+0000] {processor.py:830} INFO - Processing file /home/airflow/.local/lib/python3.8/site-packages/airflow/example_dags/example_task_group.py for tasks to queue
[2026-07-21T18:13:17.773+0000] {logging_mixin.py:188} INFO - [2026-07-21T18:13:17.773+0000] {dagbag.py:538} INFO - Filling up the DagBag from /home/airflow/.local/lib/python3.8/site-packages/airflow/example_dags/example_task_group.py
[2026-07-21T18:13:17.782+0000] {processor.py:840} INFO - DAG(s) 'example_task_group' retrieved from /home/airflow/.local/lib/python3.8/site-packages/airflow/example_dags/example_task_group.py
[2026-07-21T18:13:17.806+0000] {logging_mixin.py:188} INFO - [2026-07-21T18:13:17.806+0000] {dag.py:3036} INFO - Sync 1 DAGs
[2026-07-21T18:13:17.828+0000] {logging_mixin.py:188} INFO - [2026-07-21T18:13:17.827+0000] {dag.py:3823} INFO - Setting next_dagrun for example_task_group to 2026-07-20 00:00:00+00:00, run_after=2026-07-21 00:00:00+00:00
[2026-07-21T18:13:17.848+0000] {processor.py:183} INFO - Processing /home/airflow/.local/lib/python3.8/site-packages/airflow/example_dags/example_task_group.py took 0.083 seconds
[2026-07-21T18:13:48.326+0000] {processor.py:161} INFO - Started process (PID=618) to work on /home/airflow/.local/lib/python3.8/site-packages/airflow/example_dags/example_task_group.py
[2026-07-21T18:13:48.327+0000] {processor.py:830} INFO - Processing file /home/airflow/.local/lib/python3.8/site-packages/airflow/example_dags/example_task_group.py for tasks to queue
[2026-07-21T18:13:48.329+0000] {logging_mixin.py:188} INFO - [2026-07-21T18:13:48.329+0000] {dagbag.py:538} INFO - Filling up the DagBag from /home/airflow/.local/lib/python3.8/site-packages/airflow/example_dags/example_task_group.py
[2026-07-21T18:13:48.337+0000] {processor.py:840} INFO - DAG(s) 'example_task_group' retrieved from /home/airflow/.local/lib/python3.8/site-packages/airflow/example_dags/example_task_group.py
[2026-07-21T18:13:48.361+0000] {logging_mixin.py:188} INFO - [2026-07-21T18:13:48.360+0000] {dag.py:3036} INFO - Sync 1 DAGs
[2026-07-21T18:13:48.381+0000] {logging_mixin.py:188} INFO - [2026-07-21T18:13:48.381+0000] {dag.py:3823} INFO - Setting next_dagrun for example_task_group to 2026-07-20 00:00:00+00:00, run_after=2026-07-21 00:00:00+00:00
[2026-07-21T18:13:48.402+0000] {processor.py:183} INFO - Processing /home/airflow/.local/lib/python3.8/site-packages/airflow/example_dags/example_task_group.py took 0.080 seconds
[2026-07-21T18:14:19.349+0000] {processor.py:161} INFO - Started process (PID=674) to work on /home/airflow/.local/lib/python3.8/site-packages/airflow/example_dags/example_task_group.py
[2026-07-21T18:14:19.351+0000] {processor.py:830} INFO - Processing file /home/airflow/.local/lib/python3.8/site-packages/airflow/example_dags/example_task_group.py for tasks to queue
[2026-07-21T18:14:19.353+0000] {logging_mixin.py:188} INFO - [2026-07-21T18:14:19.352+0000] {dagbag.py:538} INFO - Filling up the DagBag from /home/airflow/.local/lib/python3.8/site-packages/airflow/example_dags/example_task_group.py
[2026-07-21T18:14:19.360+0000] {processor.py:840} INFO - DAG(s) 'example_task_group' retrieved from /home/airflow/.local/lib/python3.8/site-packages/airflow/example_dags/example_task_group.py
[2026-07-21T18:14:19.383+0000] {logging_mixin.py:188} INFO - [2026-07-21T18:14:19.383+0000] {dag.py:3036} INFO - Sync 1 DAGs
[2026-07-21T18:14:19.404+0000] {logging_mixin.py:188} INFO - [2026-07-21T18:14:19.403+0000] {dag.py:3823} INFO - Setting next_dagrun for example_task_group to 2026-07-20 00:00:00+00:00, run_after=2026-07-21 00:00:00+00:00
[2026-07-21T18:14:19.423+0000] {processor.py:183} INFO - Processing /home/airflow/.local/lib/python3.8/site-packages/airflow/example_dags/example_task_group.py took 0.078 seconds
[2026-07-21T18:14:50.371+0000] {processor.py:161} INFO - Started process (PID=731) to work on /home/airflow/.local/lib/python3.8/site-packages/airflow/example_dags/example_task_group.py
[2026-07-21T18:14:50.373+0000] {processor.py:830} INFO - Processing file /home/airflow/.local/lib/python3.8/site-packages/airflow/example_dags/example_task_group.py for tasks to queue
[2026-07-21T18:14:50.375+0000] {logging_mixin.py:188} INFO - [2026-07-21T18:14:50.375+0000] {dagbag.py:538} INFO - Filling up the DagBag from /home/airflow/.local/lib/python3.8/site-packages/airflow/example_dags/example_task_group.py
[2026-07-21T18:14:50.383+0000] {processor.py:840} INFO - DAG(s) 'example_task_group' retrieved from /home/airflow/.local/lib/python3.8/site-packages/airflow/example_dags/example_task_group.py
[2026-07-21T18:14:50.407+0000] {logging_mixin.py:188} INFO - [2026-07-21T18:14:50.406+0000] {dag.py:3036} INFO - Sync 1 DAGs
[2026-07-21T18:14:50.429+0000] {logging_mixin.py:188} INFO - [2026-07-21T18:14:50.429+0000] {dag.py:3823} INFO - Setting next_dagrun for example_task_group to 2026-07-20 00:00:00+00:00, run_after=2026-07-21 00:00:00+00:00
[2026-07-21T18:14:50.450+0000] {processor.py:183} INFO - Processing /home/airflow/.local/lib/python3.8/site-packages/airflow/example_dags/example_task_group.py took 0.082 seconds
[2026-07-21T18:15:21.163+0000] {processor.py:161} INFO - Started process (PID=787) to work on /home/airflow/.local/lib/python3.8/site-packages/airflow/example_dags/example_task_group.py
[2026-07-21T18:15:21.165+0000] {processor.py:830} INFO - Processing file /home/airflow/.local/lib/python3.8/site-packages/airflow/example_dags/example_task_group.py for tasks to queue
[2026-07-21T18:15:21.167+0000] {logging_mixin.py:188} INFO - [2026-07-21T18:15:21.167+0000] {dagbag.py:538} INFO - Filling up the DagBag from /home/airflow/.local/lib/python3.8/site-packages/airflow/example_dags/example_task_group.py
[2026-07-21T18:15:21.175+0000] {processor.py:840} INFO - DAG(s) 'example_task_group' retrieved from /home/airflow/.local/lib/python3.8/site-packages/airflow/example_dags/example_task_group.py
[2026-07-21T18:15:21.199+0000] {logging_mixin.py:188} INFO - [2026-07-21T18:15:21.198+0000] {dag.py:3036} INFO - Sync 1 DAGs
[2026-07-21T18:15:21.220+0000] {logging_mixin.py:188} INFO - [2026-07-21T18:15:21.220+0000] {dag.py:3823} INFO - Setting next_dagrun for example_task_group to 2026-07-20 00:00:00+00:00, run_after=2026-07-21 00:00:00+00:00
[2026-07-21T18:15:21.239+0000] {processor.py:183} INFO - Processing /home/airflow/.local/lib/python3.8/site-packages/airflow/example_dags/example_task_group.py took 0.080 seconds
[2026-07-21T18:15:51.954+0000] {processor.py:161} INFO - Started process (PID=843) to work on /home/airflow/.local/lib/python3.8/site-packages/airflow/example_dags/example_task_group.py
[2026-07-21T18:15:51.956+0000] {processor.py:830} INFO - Processing file /home/airflow/.local/lib/python3.8/site-packages/airflow/example_dags/example_task_group.py for tasks to queue
[2026-07-21T18:15:51.958+0000] {logging_mixin.py:188} INFO - [2026-07-21T18:15:51.957+0000] {dagbag.py:538} INFO - Filling up the DagBag from /home/airflow/.local/lib/python3.8/site-packages/airflow/example_dags/example_task_group.py
[2026-07-21T18:15:51.968+0000] {processor.py:840} INFO - DAG(s) 'example_task_group' retrieved from /home/airflow/.local/lib/python3.8/site-packages/airflow/example_dags/example_task_group.py
[2026-07-21T18:15:51.991+0000] {logging_mixin.py:188} INFO - [2026-07-21T18:15:51.991+0000] {dag.py:3036} INFO - Sync 1 DAGs
[2026-07-21T18:15:52.013+0000] {logging_mixin.py:188} INFO - [2026-07-21T18:15:52.012+0000] {dag.py:3823} INFO - Setting next_dagrun for example_task_group to 2026-07-20 00:00:00+00:00, run_after=2026-07-21 00:00:00+00:00
[2026-07-21T18:15:52.032+0000] {processor.py:183} INFO - Processing /home/airflow/.local/lib/python3.8/site-packages/airflow/example_dags/example_task_group.py took 0.082 seconds
[2026-07-21T18:16:22.698+0000] {processor.py:161} INFO - Started process (PID=899) to work on /home/airflow/.local/lib/python3.8/site-packages/airflow/example_dags/example_task_group.py
[2026-07-21T18:16:22.699+0000] {processor.py:830} INFO - Processing file /home/airflow/.local/lib/python3.8/site-packages/airflow/example_dags/example_task_group.py for tasks to queue
[2026-07-21T18:16:22.701+0000] {logging_mixin.py:188} INFO - [2026-07-21T18:16:22.701+0000] {dagbag.py:538} INFO - Filling up the DagBag from /home/airflow/.local/lib/python3.8/site-packages/airflow/example_dags/example_task_group.py
[2026-07-21T18:16:22.709+0000] {processor.py:840} INFO - DAG(s) 'example_task_group' retrieved from /home/airflow/.local/lib/python3.8/site-packages/airflow/example_dags/example_task_group.py
[2026-07-21T18:16:22.737+0000] {logging_mixin.py:188} INFO - [2026-07-21T18:16:22.736+0000] {dag.py:3036} INFO - Sync 1 DAGs
[2026-07-21T18:16:22.761+0000] {logging_mixin.py:188} INFO - [2026-07-21T18:16:22.761+0000] {dag.py:3823} INFO - Setting next_dagrun for example_task_group to 2026-07-20 00:00:00+00:00, run_after=2026-07-21 00:00:00+00:00
[2026-07-21T18:16:22.784+0000] {processor.py:183} INFO - Processing /home/airflow/.local/lib/python3.8/site-packages/airflow/example_dags/example_task_group.py took 0.090 seconds
[2026-07-21T18:16:52.945+0000] {processor.py:161} INFO - Started process (PID=955) to work on /home/airflow/.local/lib/python3.8/site-packages/airflow/example_dags/example_task_group.py
[2026-07-21T18:16:52.946+0000] {processor.py:830} INFO - Processing file /home/airflow/.local/lib/python3.8/site-packages/airflow/example_dags/example_task_group.py for tasks to queue
[2026-07-21T18:16:52.948+0000] {logging_mixin.py:188} INFO - [2026-07-21T18:16:52.948+0000] {dagbag.py:538} INFO - Filling up the DagBag from /home/airflow/.local/lib/python3.8/site-packages/airflow/example_dags/example_task_group.py
[2026-07-21T18:16:52.956+0000] {processor.py:840} INFO - DAG(s) 'example_task_group' retrieved from /home/airflow/.local/lib/python3.8/site-packages/airflow/example_dags/example_task_group.py
[2026-07-21T18:16:52.982+0000] {logging_mixin.py:188} INFO - [2026-07-21T18:16:52.982+0000] {dag.py:3036} INFO - Sync 1 DAGs
[2026-07-21T18:16:53.005+0000] {logging_mixin.py:188} INFO - [2026-07-21T18:16:53.005+0000] {dag.py:3823} INFO - Setting next_dagrun for example_task_group to 2026-07-20 00:00:00+00:00, run_after=2026-07-21 00:00:00+00:00
[2026-07-21T18:16:53.025+0000] {processor.py:183} INFO - Processing /home/airflow/.local/lib/python3.8/site-packages/airflow/example_dags/example_task_group.py took 0.084 seconds
[2026-07-21T18:17:23.192+0000] {processor.py:161} INFO - Started process (PID=1011) to work on /home/airflow/.local/lib/python3.8/site-packages/airflow/example_dags/example_task_group.py
[2026-07-21T18:17:23.193+0000] {processor.py:830} INFO - Processing file /home/airflow/.local/lib/python3.8/site-packages/airflow/example_dags/example_task_group.py for tasks to queue
[2026-07-21T18:17:23.196+0000] {logging_mixin.py:188} INFO - [2026-07-21T18:17:23.196+0000] {dagbag.py:538} INFO - Filling up the DagBag from /home/airflow/.local/lib/python3.8/site-packages/airflow/example_dags/example_task_group.py
[2026-07-21T18:17:23.205+0000] {processor.py:840} INFO - DAG(s) 'example_task_group' retrieved from /home/airflow/.local/lib/python3.8/site-packages/airflow/example_dags/example_task_group.py
[2026-07-21T18:17:23.232+0000] {logging_mixin.py:188} INFO - [2026-07-21T18:17:23.231+0000] {dag.py:3036} INFO - Sync 1 DAGs
[2026-07-21T18:17:23.254+0000] {logging_mixin.py:188} INFO - [2026-07-21T18:17:23.254+0000] {dag.py:3823} INFO - Setting next_dagrun for example_task_group to 2026-07-20 00:00:00+00:00, run_after=2026-07-21 00:00:00+00:00
[2026-07-21T18:17:23.275+0000] {processor.py:183} INFO - Processing /home/airflow/.local/lib/python3.8/site-packages/airflow/example_dags/example_task_group.py took 0.087 seconds
[2026-07-21T18:17:54.156+0000] {processor.py:161} INFO - Started process (PID=1067) to work on /home/airflow/.local/lib/python3.8/site-packages/airflow/example_dags/example_task_group.py
[2026-07-21T18:17:54.158+0000] {processor.py:830} INFO - Processing file /home/airflow/.local/lib/python3.8/site-packages/airflow/example_dags/example_task_group.py for tasks to queue
[2026-07-21T18:17:54.160+0000] {logging_mixin.py:188} INFO - [2026-07-21T18:17:54.160+0000] {dagbag.py:538} INFO - Filling up the DagBag from /home/airflow/.local/lib/python3.8/site-packages/airflow/example_dags/example_task_group.py
[2026-07-21T18:17:54.168+0000] {processor.py:840} INFO - DAG(s) 'example_task_group' retrieved from /home/airflow/.local/lib/python3.8/site-packages/airflow/example_dags/example_task_group.py
[2026-07-21T18:17:54.192+0000] {logging_mixin.py:188} INFO - [2026-07-21T18:17:54.192+0000] {dag.py:3036} INFO - Sync 1 DAGs
[2026-07-21T18:17:54.213+0000] {logging_mixin.py:188} INFO - [2026-07-21T18:17:54.213+0000] {dag.py:3823} INFO - Setting next_dagrun for example_task_group to 2026-07-20 00:00:00+00:00, run_after=2026-07-21 00:00:00+00:00
[2026-07-21T18:17:54.232+0000] {processor.py:183} INFO - Processing /home/airflow/.local/lib/python3.8/site-packages/airflow/example_dags/example_task_group.py took 0.080 seconds
[2026-07-21T18:18:25.083+0000] {processor.py:161} INFO - Started process (PID=1123) to work on /home/airflow/.local/lib/python3.8/site-packages/airflow/example_dags/example_task_group.py
[2026-07-21T18:18:25.084+0000] {processor.py:830} INFO - Processing file /home/airflow/.local/lib/python3.8/site-packages/airflow/example_dags/example_task_group.py for tasks to queue
[2026-07-21T18:18:25.087+0000] {logging_mixin.py:188} INFO - [2026-07-21T18:18:25.086+0000] {dagbag.py:538} INFO - Filling up the DagBag from /home/airflow/.local/lib/python3.8/site-packages/airflow/example_dags/example_task_group.py
[2026-07-21T18:18:25.095+0000] {processor.py:840} INFO - DAG(s) 'example_task_group' retrieved from /home/airflow/.local/lib/python3.8/site-packages/airflow/example_dags/example_task_group.py
[2026-07-21T18:18:25.119+0000] {logging_mixin.py:188} INFO - [2026-07-21T18:18:25.118+0000] {dag.py:3036} INFO - Sync 1 DAGs
[2026-07-21T18:18:25.139+0000] {logging_mixin.py:188} INFO - [2026-07-21T18:18:25.139+0000] {dag.py:3823} INFO - Setting next_dagrun for example_task_group to 2026-07-20 00:00:00+00:00, run_after=2026-07-21 00:00:00+00:00
[2026-07-21T18:18:25.160+0000] {processor.py:183} INFO - Processing /home/airflow/.local/lib/python3.8/site-packages/airflow/example_dags/example_task_group.py took 0.082 seconds
[2026-07-21T18:18:56.088+0000] {processor.py:161} INFO - Started process (PID=1179) to work on /home/airflow/.local/lib/python3.8/site-packages/airflow/example_dags/example_task_group.py
[2026-07-21T18:18:56.089+0000] {processor.py:830} INFO - Processing file /home/airflow/.local/lib/python3.8/site-packages/airflow/example_dags/example_task_group.py for tasks to queue
[2026-07-21T18:18:56.091+0000] {logging_mixin.py:188} INFO - [2026-07-21T18:18:56.091+0000] {dagbag.py:538} INFO - Filling up the DagBag from /home/airflow/.local/lib/python3.8/site-packages/airflow/example_dags/example_task_group.py
[2026-07-21T18:18:56.098+0000] {processor.py:840} INFO - DAG(s) 'example_task_group' retrieved from /home/airflow/.local/lib/python3.8/site-packages/airflow/example_dags/example_task_group.py
[2026-07-21T18:18:56.124+0000] {logging_mixin.py:188} INFO - [2026-07-21T18:18:56.123+0000] {dag.py:3036} INFO - Sync 1 DAGs
[2026-07-21T18:18:56.148+0000] {logging_mixin.py:188} INFO - [2026-07-21T18:18:56.148+0000] {dag.py:3823} INFO - Setting next_dagrun for example_task_group to 2026-07-20 00:00:00+00:00, run_after=2026-07-21 00:00:00+00:00
[2026-07-21T18:18:56.176+0000] {processor.py:183} INFO - Processing /home/airflow/.local/lib/python3.8/site-packages/airflow/example_dags/example_task_group.py took 0.092 seconds
[2026-07-21T18:19:26.782+0000] {processor.py:161} INFO - Started process (PID=1235) to work on /home/airflow/.local/lib/python3.8/site-packages/airflow/example_dags/example_task_group.py
[2026-07-21T18:19:26.783+0000] {processor.py:830} INFO - Processing file /home/airflow/.local/lib/python3.8/site-packages/airflow/example_dags/example_task_group.py for tasks to queue
[2026-07-21T18:19:26.785+0000] {logging_mixin.py:188} INFO - [2026-07-21T18:19:26.785+0000] {dagbag.py:538} INFO - Filling up the DagBag from /home/airflow/.local/lib/python3.8/site-packages/airflow/example_dags/example_task_group.py
[2026-07-21T18:19:26.792+0000] {processor.py:840} INFO - DAG(s) 'example_task_group' retrieved from /home/airflow/.local/lib/python3.8/site-packages/airflow/example_dags/example_task_group.py
[2026-07-21T18:19:26.815+0000] {logging_mixin.py:188} INFO - [2026-07-21T18:19:26.815+0000] {dag.py:3036} INFO - Sync 1 DAGs
[2026-07-21T18:19:26.835+0000] {logging_mixin.py:188} INFO - [2026-07-21T18:19:26.834+0000] {dag.py:3823} INFO - Setting next_dagrun for example_task_group to 2026-07-20 00:00:00+00:00, run_after=2026-07-21 00:00:00+00:00
[2026-07-21T18:19:26.854+0000] {processor.py:183} INFO - Processing /home/airflow/.local/lib/python3.8/site-packages/airflow/example_dags/example_task_group.py took 0.076 seconds
[2026-07-21T18:19:57.253+0000] {processor.py:161} INFO - Started process (PID=1291) to work on /home/airflow/.local/lib/python3.8/site-packages/airflow/example_dags/example_task_group.py
[2026-07-21T18:19:57.254+0000] {processor.py:830} INFO - Processing file /home/airflow/.local/lib/python3.8/site-packages/airflow/example_dags/example_task_group.py for tasks to queue
[2026-07-21T18:19:57.256+0000] {logging_mixin.py:188} INFO - [2026-07-21T18:19:57.256+0000] {dagbag.py:538} INFO - Filling up the DagBag from /home/airflow/.local/lib/python3.8/site-packages/airflow/example_dags/example_task_group.py
[2026-07-21T18:19:57.264+0000] {processor.py:840} INFO - DAG(s) 'example_task_group' retrieved from /home/airflow/.local/lib/python3.8/site-packages/airflow/example_dags/example_task_group.py
[2026-07-21T18:19:57.287+0000] {logging_mixin.py:188} INFO - [2026-07-21T18:19:57.287+0000] {dag.py:3036} INFO - Sync 1 DAGs
[2026-07-21T18:19:57.309+0000] {logging_mixin.py:188} INFO - [2026-07-21T18:19:57.308+0000] {dag.py:3823} INFO - Setting next_dagrun for example_task_group to 2026-07-20 00:00:00+00:00, run_after=2026-07-21 00:00:00+00:00
[2026-07-21T18:19:57.328+0000] {processor.py:183} INFO - Processing /home/airflow/.local/lib/python3.8/site-packages/airflow/example_dags/example_task_group.py took 0.079 seconds
[2026-07-21T18:20:27.884+0000] {processor.py:161} INFO - Started process (PID=1347) to work on /home/airflow/.local/lib/python3.8/site-packages/airflow/example_dags/example_task_group.py
[2026-07-21T18:20:27.885+0000] {processor.py:830} INFO - Processing file /home/airflow/.local/lib/python3.8/site-packages/airflow/example_dags/example_task_group.py for tasks to queue
[2026-07-21T18:20:27.887+0000] {logging_mixin.py:188} INFO - [2026-07-21T18:20:27.887+0000] {dagbag.py:538} INFO - Filling up the DagBag from /home/airflow/.local/lib/python3.8/site-packages/airflow/example_dags/example_task_group.py
[2026-07-21T18:20:27.896+0000] {processor.py:840} INFO - DAG(s) 'example_task_group' retrieved from /home/airflow/.local/lib/python3.8/site-packages/airflow/example_dags/example_task_group.py
[2026-07-21T18:20:27.919+0000] {logging_mixin.py:188} INFO - [2026-07-21T18:20:27.919+0000] {dag.py:3036} INFO - Sync 1 DAGs
[2026-07-21T18:20:27.939+0000] {logging_mixin.py:188} INFO - [2026-07-21T18:20:27.939+0000] {dag.py:3823} INFO - Setting next_dagrun for example_task_group to 2026-07-20 00:00:00+00:00, run_after=2026-07-21 00:00:00+00:00
[2026-07-21T18:20:27.958+0000] {processor.py:183} INFO - Processing /home/airflow/.local/lib/python3.8/site-packages/airflow/example_dags/example_task_group.py took 0.078 seconds
[2026-07-21T18:20:58.305+0000] {processor.py:161} INFO - Started process (PID=1403) to work on /home/airflow/.local/lib/python3.8/site-packages/airflow/example_dags/example_task_group.py
[2026-07-21T18:20:58.306+0000] {processor.py:830} INFO - Processing file /home/airflow/.local/lib/python3.8/site-packages/airflow/example_dags/example_task_group.py for tasks to queue
[2026-07-21T18:20:58.308+0000] {logging_mixin.py:188} INFO - [2026-07-21T18:20:58.308+0000] {dagbag.py:538} INFO - Filling up the DagBag from /home/airflow/.local/lib/python3.8/site-packages/airflow/example_dags/example_task_group.py
[2026-07-21T18:20:58.316+0000] {processor.py:840} INFO - DAG(s) 'example_task_group' retrieved from /home/airflow/.local/lib/python3.8/site-packages/airflow/example_dags/example_task_group.py
[2026-07-21T18:20:58.338+0000] {logging_mixin.py:188} INFO - [2026-07-21T18:20:58.337+0000] {dag.py:3036} INFO - Sync 1 DAGs
[2026-07-21T18:20:58.357+0000] {logging_mixin.py:188} INFO - [2026-07-21T18:20:58.357+0000] {dag.py:3823} INFO - Setting next_dagrun for example_task_group to 2026-07-20 00:00:00+00:00, run_after=2026-07-21 00:00:00+00:00
[2026-07-21T18:20:58.375+0000] {processor.py:183} INFO - Processing /home/airflow/.local/lib/python3.8/site-packages/airflow/example_dags/example_task_group.py took 0.074 seconds
[2026-07-21T18:21:29.446+0000] {processor.py:161} INFO - Started process (PID=1459) to work on /home/airflow/.local/lib/python3.8/site-packages/airflow/example_dags/example_task_group.py
[2026-07-21T18:21:29.448+0000] {processor.py:830} INFO - Processing file /home/airflow/.local/lib/python3.8/site-packages/airflow/example_dags/example_task_group.py for tasks to queue
[2026-07-21T18:21:29.451+0000] {logging_mixin.py:188} INFO - [2026-07-21T18:21:29.451+0000] {dagbag.py:538} INFO - Filling up the DagBag from /home/airflow/.local/lib/python3.8/site-packages/airflow/example_dags/example_task_group.py
[2026-07-21T18:21:29.461+0000] {processor.py:840} INFO - DAG(s) 'example_task_group' retrieved from /home/airflow/.local/lib/python3.8/site-packages/airflow/example_dags/example_task_group.py
[2026-07-21T18:21:29.501+0000] {logging_mixin.py:188} INFO - [2026-07-21T18:21:29.500+0000] {dag.py:3036} INFO - Sync 1 DAGs
[2026-07-21T18:21:29.539+0000] {logging_mixin.py:188} INFO - [2026-07-21T18:21:29.538+0000] {dag.py:3823} INFO - Setting next_dagrun for example_task_group to 2026-07-20 00:00:00+00:00, run_after=2026-07-21 00:00:00+00:00
[2026-07-21T18:21:29.722+0000] {processor.py:183} INFO - Processing /home/airflow/.local/lib/python3.8/site-packages/airflow/example_dags/example_task_group.py took 0.280 seconds
[2026-07-21T18:21:59.847+0000] {processor.py:161} INFO - Started process (PID=1515) to work on /home/airflow/.local/lib/python3.8/site-packages/airflow/example_dags/example_task_group.py
[2026-07-21T18:21:59.849+0000] {processor.py:830} INFO - Processing file /home/airflow/.local/lib/python3.8/site-packages/airflow/example_dags/example_task_group.py for tasks to queue
[2026-07-21T18:21:59.851+0000] {logging_mixin.py:188} INFO - [2026-07-21T18:21:59.850+0000] {dagbag.py:538} INFO - Filling up the DagBag from /home/airflow/.local/lib/python3.8/site-packages/airflow/example_dags/example_task_group.py
[2026-07-21T18:21:59.859+0000] {processor.py:840} INFO - DAG(s) 'example_task_group' retrieved from /home/airflow/.local/lib/python3.8/site-packages/airflow/example_dags/example_task_group.py
[2026-07-21T18:21:59.882+0000] {logging_mixin.py:188} INFO - [2026-07-21T18:21:59.882+0000] {dag.py:3036} INFO - Sync 1 DAGs
[2026-07-21T18:21:59.904+0000] {logging_mixin.py:188} INFO - [2026-07-21T18:21:59.903+0000] {dag.py:3823} INFO - Setting next_dagrun for example_task_group to 2026-07-20 00:00:00+00:00, run_after=2026-07-21 00:00:00+00:00
[2026-07-21T18:21:59.924+0000] {processor.py:183} INFO - Processing /home/airflow/.local/lib/python3.8/site-packages/airflow/example_dags/example_task_group.py took 0.080 seconds
[2026-07-21T18:22:30.629+0000] {processor.py:161} INFO - Started process (PID=1571) to work on /home/airflow/.local/lib/python3.8/site-packages/airflow/example_dags/example_task_group.py
[2026-07-21T18:22:30.631+0000] {processor.py:830} INFO - Processing file /home/airflow/.local/lib/python3.8/site-packages/airflow/example_dags/example_task_group.py for tasks to queue
[2026-07-21T18:22:30.633+0000] {logging_mixin.py:188} INFO - [2026-07-21T18:22:30.633+0000] {dagbag.py:538} INFO - Filling up the DagBag from /home/airflow/.local/lib/python3.8/site-packages/airflow/example_dags/example_task_group.py
[2026-07-21T18:22:30.641+0000] {processor.py:840} INFO - DAG(s) 'example_task_group' retrieved from /home/airflow/.local/lib/python3.8/site-packages/airflow/example_dags/example_task_group.py
[2026-07-21T18:22:30.663+0000] {logging_mixin.py:188} INFO - [2026-07-21T18:22:30.663+0000] {dag.py:3036} INFO - Sync 1 DAGs
[2026-07-21T18:22:30.685+0000] {logging_mixin.py:188} INFO - [2026-07-21T18:22:30.684+0000] {dag.py:3823} INFO - Setting next_dagrun for example_task_group to 2026-07-20 00:00:00+00:00, run_after=2026-07-21 00:00:00+00:00
[2026-07-21T18:22:30.703+0000] {processor.py:183} INFO - Processing /home/airflow/.local/lib/python3.8/site-packages/airflow/example_dags/example_task_group.py took 0.078 seconds
[2026-07-21T18:23:02.051+0000] {processor.py:161} INFO - Started process (PID=1627) to work on /home/airflow/.local/lib/python3.8/site-packages/airflow/example_dags/example_task_group.py
[2026-07-21T18:23:02.053+0000] {processor.py:830} INFO - Processing file /home/airflow/.local/lib/python3.8/site-packages/airflow/example_dags/example_task_group.py for tasks to queue
[2026-07-21T18:23:02.055+0000] {logging_mixin.py:188} INFO - [2026-07-21T18:23:02.055+0000] {dagbag.py:538} INFO - Filling up the DagBag from /home/airflow/.local/lib/python3.8/site-packages/airflow/example_dags/example_task_group.py
[2026-07-21T18:23:02.063+0000] {processor.py:840} INFO - DAG(s) 'example_task_group' retrieved from /home/airflow/.local/lib/python3.8/site-packages/airflow/example_dags/example_task_group.py
[2026-07-21T18:23:02.084+0000] {logging_mixin.py:188} INFO - [2026-07-21T18:23:02.083+0000] {dag.py:3036} INFO - Sync 1 DAGs
[2026-07-21T18:23:02.103+0000] {logging_mixin.py:188} INFO - [2026-07-21T18:23:02.103+0000] {dag.py:3823} INFO - Setting next_dagrun for example_task_group to 2026-07-20 00:00:00+00:00, run_after=2026-07-21 00:00:00+00:00
[2026-07-21T18:23:02.122+0000] {processor.py:183} INFO - Processing /home/airflow/.local/lib/python3.8/site-packages/airflow/example_dags/example_task_group.py took 0.074 seconds
[2026-07-21T18:23:33.279+0000] {processor.py:161} INFO - Started process (PID=1683) to work on /home/airflow/.local/lib/python3.8/site-packages/airflow/example_dags/example_task_group.py
[2026-07-21T18:23:33.280+0000] {processor.py:830} INFO - Processing file /home/airflow/.local/lib/python3.8/site-packages/airflow/example_dags/example_task_group.py for tasks to queue
[2026-07-21T18:23:33.282+0000] {logging_mixin.py:188} INFO - [2026-07-21T18:23:33.282+0000] {dagbag.py:538} INFO - Filling up the DagBag from /home/airflow/.local/lib/python3.8/site-packages/airflow/example_dags/example_task_group.py
[2026-07-21T18:23:33.290+0000] {processor.py:840} INFO - DAG(s) 'example_task_group' retrieved from /home/airflow/.local/lib/python3.8/site-packages/airflow/example_dags/example_task_group.py
[2026-07-21T18:23:33.315+0000] {logging_mixin.py:188} INFO - [2026-07-21T18:23:33.315+0000] {dag.py:3036} INFO - Sync 1 DAGs
[2026-07-21T18:23:33.493+0000] {logging_mixin.py:188} INFO - [2026-07-21T18:23:33.493+0000] {dag.py:3823} INFO - Setting next_dagrun for example_task_group to 2026-07-20 00:00:00+00:00, run_after=2026-07-21 00:00:00+00:00
[2026-07-21T18:23:33.510+0000] {processor.py:183} INFO - Processing /home/airflow/.local/lib/python3.8/site-packages/airflow/example_dags/example_task_group.py took 0.235 seconds
[2026-07-21T18:24:03.737+0000] {processor.py:161} INFO - Started process (PID=1739) to work on /home/airflow/.local/lib/python3.8/site-packages/airflow/example_dags/example_task_group.py
[2026-07-21T18:24:03.739+0000] {processor.py:830} INFO - Processing file /home/airflow/.local/lib/python3.8/site-packages/airflow/example_dags/example_task_group.py for tasks to queue
[2026-07-21T18:24:03.741+0000] {logging_mixin.py:188} INFO - [2026-07-21T18:24:03.741+0000] {dagbag.py:538} INFO - Filling up the DagBag from /home/airflow/.local/lib/python3.8/site-packages/airflow/example_dags/example_task_group.py
[2026-07-21T18:24:03.751+0000] {processor.py:840} INFO - DAG(s) 'example_task_group' retrieved from /home/airflow/.local/lib/python3.8/site-packages/airflow/example_dags/example_task_group.py
[2026-07-21T18:24:03.776+0000] {logging_mixin.py:188} INFO - [2026-07-21T18:24:03.776+0000] {dag.py:3036} INFO - Sync 1 DAGs
[2026-07-21T18:24:03.800+0000] {logging_mixin.py:188} INFO - [2026-07-21T18:24:03.800+0000] {dag.py:3823} INFO - Setting next_dagrun for example_task_group to 2026-07-20 00:00:00+00:00, run_after=2026-07-21 00:00:00+00:00
[2026-07-21T18:24:03.821+0000] {processor.py:183} INFO - Processing /home/airflow/.local/lib/python3.8/site-packages/airflow/example_dags/example_task_group.py took 0.089 seconds
[2026-07-21T18:24:34.093+0000] {processor.py:161} INFO - Started process (PID=1795) to work on /home/airflow/.local/lib/python3.8/site-packages/airflow/example_dags/example_task_group.py
[2026-07-21T18:24:34.094+0000] {processor.py:830} INFO - Processing file /home/airflow/.local/lib/python3.8/site-packages/airflow/example_dags/example_task_group.py for tasks to queue
[2026-07-21T18:24:34.097+0000] {logging_mixin.py:188} INFO - [2026-07-21T18:24:34.097+0000] {dagbag.py:538} INFO - Filling up the DagBag from /home/airflow/.local/lib/python3.8/site-packages/airflow/example_dags/example_task_group.py
[2026-07-21T18:24:34.106+0000] {processor.py:840} INFO - DAG(s) 'example_task_group' retrieved from /home/airflow/.local/lib/python3.8/site-packages/airflow/example_dags/example_task_group.py
[2026-07-21T18:24:34.132+0000] {logging_mixin.py:188} INFO - [2026-07-21T18:24:34.132+0000] {dag.py:3036} INFO - Sync 1 DAGs
[2026-07-21T18:24:34.156+0000] {logging_mixin.py:188} INFO - [2026-07-21T18:24:34.155+0000] {dag.py:3823} INFO - Setting next_dagrun for example_task_group to 2026-07-20 00:00:00+00:00, run_after=2026-07-21 00:00:00+00:00
[2026-07-21T18:24:34.181+0000] {processor.py:183} INFO - Processing /home/airflow/.local/lib/python3.8/site-packages/airflow/example_dags/example_task_group.py took 0.092 seconds
[2026-07-21T18:25:04.493+0000] {processor.py:161} INFO - Started process (PID=1851) to work on /home/airflow/.local/lib/python3.8/site-packages/airflow/example_dags/example_task_group.py
[2026-07-21T18:25:04.494+0000] {processor.py:830} INFO - Processing file /home/airflow/.local/lib/python3.8/site-packages/airflow/example_dags/example_task_group.py for tasks to queue
[2026-07-21T18:25:04.497+0000] {logging_mixin.py:188} INFO - [2026-07-21T18:25:04.497+0000] {dagbag.py:538} INFO - Filling up the DagBag from /home/airflow/.local/lib/python3.8/site-packages/airflow/example_dags/example_task_group.py
[2026-07-21T18:25:04.506+0000] {processor.py:840} INFO - DAG(s) 'example_task_group' retrieved from /home/airflow/.local/lib/python3.8/site-packages/airflow/example_dags/example_task_group.py
[2026-07-21T18:25:04.530+0000] {logging_mixin.py:188} INFO - [2026-07-21T18:25:04.530+0000] {dag.py:3036} INFO - Sync 1 DAGs
[2026-07-21T18:25:04.552+0000] {logging_mixin.py:188} INFO - [2026-07-21T18:25:04.552+0000] {dag.py:3823} INFO - Setting next_dagrun for example_task_group to 2026-07-20 00:00:00+00:00, run_after=2026-07-21 00:00:00+00:00
[2026-07-21T18:25:04.575+0000] {processor.py:183} INFO - Processing /home/airflow/.local/lib/python3.8/site-packages/airflow/example_dags/example_task_group.py took 0.086 seconds
[2026-07-21T18:25:35.549+0000] {processor.py:161} INFO - Started process (PID=1907) to work on /home/airflow/.local/lib/python3.8/site-packages/airflow/example_dags/example_task_group.py
[2026-07-21T18:25:35.550+0000] {processor.py:830} INFO - Processing file /home/airflow/.local/lib/python3.8/site-packages/airflow/example_dags/example_task_group.py for tasks to queue
[2026-07-21T18:25:35.552+0000] {logging_mixin.py:188} INFO - [2026-07-21T18:25:35.552+0000] {dagbag.py:538} INFO - Filling up the DagBag from /home/airflow/.local/lib/python3.8/site-packages/airflow/example_dags/example_task_group.py
[2026-07-21T18:25:35.560+0000] {processor.py:840} INFO - DAG(s) 'example_task_group' retrieved from /home/airflow/.local/lib/python3.8/site-packages/airflow/example_dags/example_task_group.py
[2026-07-21T18:25:35.585+0000] {logging_mixin.py:188} INFO - [2026-07-21T18:25:35.585+0000] {dag.py:3036} INFO - Sync 1 DAGs
[2026-07-21T18:25:35.607+0000] {logging_mixin.py:188} INFO - [2026-07-21T18:25:35.607+0000] {dag.py:3823} INFO - Setting next_dagrun for example_task_group to 2026-07-20 00:00:00+00:00, run_after=2026-07-21 00:00:00+00:00
[2026-07-21T18:25:35.628+0000] {processor.py:183} INFO - Processing /home/airflow/.local/lib/python3.8/site-packages/airflow/example_dags/example_task_group.py took 0.084 seconds
[2026-07-21T18:26:06.258+0000] {processor.py:161} INFO - Started process (PID=1963) to work on /home/airflow/.local/lib/python3.8/site-packages/airflow/example_dags/example_task_group.py
[2026-07-21T18:26:06.260+0000] {processor.py:830} INFO - Processing file /home/airflow/.local/lib/python3.8/site-packages/airflow/example_dags/example_task_group.py for tasks to queue
[2026-07-21T18:26:06.262+0000] {logging_mixin.py:188} INFO - [2026-07-21T18:26:06.261+0000] {dagbag.py:538} INFO - Filling up the DagBag from /home/airflow/.local/lib/python3.8/site-packages/airflow/example_dags/example_task_group.py
[2026-07-21T18:26:06.270+0000] {processor.py:840} INFO - DAG(s) 'example_task_group' retrieved from /home/airflow/.local/lib/python3.8/site-packages/airflow/example_dags/example_task_group.py
[2026-07-21T18:26:06.295+0000] {logging_mixin.py:188} INFO - [2026-07-21T18:26:06.295+0000] {dag.py:3036} INFO - Sync 1 DAGs
[2026-07-21T18:26:06.317+0000] {logging_mixin.py:188} INFO - [2026-07-21T18:26:06.317+0000] {dag.py:3823} INFO - Setting next_dagrun for example_task_group to 2026-07-20 00:00:00+00:00, run_after=2026-07-21 00:00:00+00:00
[2026-07-21T18:26:06.337+0000] {processor.py:183} INFO - Processing /home/airflow/.local/lib/python3.8/site-packages/airflow/example_dags/example_task_group.py took 0.083 seconds
[2026-07-21T18:26:36.951+0000] {processor.py:161} INFO - Started process (PID=2019) to work on /home/airflow/.local/lib/python3.8/site-packages/airflow/example_dags/example_task_group.py
[2026-07-21T18:26:36.953+0000] {processor.py:830} INFO - Processing file /home/airflow/.local/lib/python3.8/site-packages/airflow/example_dags/example_task_group.py for tasks to queue
[2026-07-21T18:26:36.955+0000] {logging_mixin.py:188} INFO - [2026-07-21T18:26:36.954+0000] {dagbag.py:538} INFO - Filling up the DagBag from /home/airflow/.local/lib/python3.8/site-packages/airflow/example_dags/example_task_group.py
[2026-07-21T18:26:36.963+0000] {processor.py:840} INFO - DAG(s) 'example_task_group' retrieved from /home/airflow/.local/lib/python3.8/site-packages/airflow/example_dags/example_task_group.py
[2026-07-21T18:26:36.987+0000] {logging_mixin.py:188} INFO - [2026-07-21T18:26:36.987+0000] {dag.py:3036} INFO - Sync 1 DAGs
[2026-07-21T18:26:37.009+0000] {logging_mixin.py:188} INFO - [2026-07-21T18:26:37.009+0000] {dag.py:3823} INFO - Setting next_dagrun for example_task_group to 2026-07-20 00:00:00+00:00, run_after=2026-07-21 00:00:00+00:00
[2026-07-21T18:26:37.029+0000] {processor.py:183} INFO - Processing /home/airflow/.local/lib/python3.8/site-packages/airflow/example_dags/example_task_group.py took 0.082 seconds
[2026-07-21T18:27:07.345+0000] {processor.py:161} INFO - Started process (PID=2075) to work on /home/airflow/.local/lib/python3.8/site-packages/airflow/example_dags/example_task_group.py
[2026-07-21T18:27:07.346+0000] {processor.py:830} INFO - Processing file /home/airflow/.local/lib/python3.8/site-packages/airflow/example_dags/example_task_group.py for tasks to queue
[2026-07-21T18:27:07.349+0000] {logging_mixin.py:188} INFO - [2026-07-21T18:27:07.349+0000] {dagbag.py:538} INFO - Filling up the DagBag from /home/airflow/.local/lib/python3.8/site-packages/airflow/example_dags/example_task_group.py
[2026-07-21T18:27:07.360+0000] {processor.py:840} INFO - DAG(s) 'example_task_group' retrieved from /home/airflow/.local/lib/python3.8/site-packages/airflow/example_dags/example_task_group.py
[2026-07-21T18:27:07.391+0000] {logging_mixin.py:188} INFO - [2026-07-21T18:27:07.391+0000] {dag.py:3036} INFO - Sync 1 DAGs
[2026-07-21T18:27:07.421+0000] {logging_mixin.py:188} INFO - [2026-07-21T18:27:07.421+0000] {dag.py:3823} INFO - Setting next_dagrun for example_task_group to 2026-07-20 00:00:00+00:00, run_after=2026-07-21 00:00:00+00:00
[2026-07-21T18:27:07.447+0000] {processor.py:183} INFO - Processing /home/airflow/.local/lib/python3.8/site-packages/airflow/example_dags/example_task_group.py took 0.107 seconds
[2026-07-21T18:27:38.006+0000] {processor.py:161} INFO - Started process (PID=2131) to work on /home/airflow/.local/lib/python3.8/site-packages/airflow/example_dags/example_task_group.py
[2026-07-21T18:27:38.007+0000] {processor.py:830} INFO - Processing file /home/airflow/.local/lib/python3.8/site-packages/airflow/example_dags/example_task_group.py for tasks to queue
[2026-07-21T18:27:38.010+0000] {logging_mixin.py:188} INFO - [2026-07-21T18:27:38.009+0000] {dagbag.py:538} INFO - Filling up the DagBag from /home/airflow/.local/lib/python3.8/site-packages/airflow/example_dags/example_task_group.py
[2026-07-21T18:27:38.019+0000] {processor.py:840} INFO - DAG(s) 'example_task_group' retrieved from /home/airflow/.local/lib/python3.8/site-packages/airflow/example_dags/example_task_group.py
[2026-07-21T18:27:38.041+0000] {logging_mixin.py:188} INFO - [2026-07-21T18:27:38.040+0000] {dag.py:3036} INFO - Sync 1 DAGs
[2026-07-21T18:27:38.059+0000] {logging_mixin.py:188} INFO - [2026-07-21T18:27:38.059+0000] {dag.py:3823} INFO - Setting next_dagrun for example_task_group to 2026-07-20 00:00:00+00:00, run_after=2026-07-21 00:00:00+00:00
[2026-07-21T18:27:38.079+0000] {processor.py:183} INFO - Processing /home/airflow/.local/lib/python3.8/site-packages/airflow/example_dags/example_task_group.py took 0.078 seconds
[2026-07-21T18:28:08.745+0000] {processor.py:161} INFO - Started process (PID=2187) to work on /home/airflow/.local/lib/python3.8/site-packages/airflow/example_dags/example_task_group.py
[2026-07-21T18:28:08.746+0000] {processor.py:830} INFO - Processing file /home/airflow/.local/lib/python3.8/site-packages/airflow/example_dags/example_task_group.py for tasks to queue
[2026-07-21T18:28:08.748+0000] {logging_mixin.py:188} INFO - [2026-07-21T18:28:08.748+0000] {dagbag.py:538} INFO - Filling up the DagBag from /home/airflow/.local/lib/python3.8/site-packages/airflow/example_dags/example_task_group.py
[2026-07-21T18:28:08.755+0000] {processor.py:840} INFO - DAG(s) 'example_task_group' retrieved from /home/airflow/.local/lib/python3.8/site-packages/airflow/example_dags/example_task_group.py
[2026-07-21T18:28:08.778+0000] {logging_mixin.py:188} INFO - [2026-07-21T18:28:08.777+0000] {dag.py:3036} INFO - Sync 1 DAGs
[2026-07-21T18:28:08.798+0000] {logging_mixin.py:188} INFO - [2026-07-21T18:28:08.797+0000] {dag.py:3823} INFO - Setting next_dagrun for example_task_group to 2026-07-20 00:00:00+00:00, run_after=2026-07-21 00:00:00+00:00
[2026-07-21T18:28:08.816+0000] {processor.py:183} INFO - Processing /home/airflow/.local/lib/python3.8/site-packages/airflow/example_dags/example_task_group.py took 0.075 seconds
[2026-07-21T18:28:39.107+0000] {processor.py:161} INFO - Started process (PID=2243) to work on /home/airflow/.local/lib/python3.8/site-packages/airflow/example_dags/example_task_group.py
[2026-07-21T18:28:39.108+0000] {processor.py:830} INFO - Processing file /home/airflow/.local/lib/python3.8/site-packages/airflow/example_dags/example_task_group.py for tasks to queue
[2026-07-21T18:28:39.110+0000] {logging_mixin.py:188} INFO - [2026-07-21T18:28:39.109+0000] {dagbag.py:538} INFO - Filling up the DagBag from /home/airflow/.local/lib/python3.8/site-packages/airflow/example_dags/example_task_group.py
[2026-07-21T18:28:39.117+0000] {processor.py:840} INFO - DAG(s) 'example_task_group' retrieved from /home/airflow/.local/lib/python3.8/site-packages/airflow/example_dags/example_task_group.py
[2026-07-21T18:28:39.140+0000] {logging_mixin.py:188} INFO - [2026-07-21T18:28:39.139+0000] {dag.py:3036} INFO - Sync 1 DAGs
[2026-07-21T18:28:39.159+0000] {logging_mixin.py:188} INFO - [2026-07-21T18:28:39.159+0000] {dag.py:3823} INFO - Setting next_dagrun for example_task_group to 2026-07-20 00:00:00+00:00, run_after=2026-07-21 00:00:00+00:00
[2026-07-21T18:28:39.179+0000] {processor.py:183} INFO - Processing /home/airflow/.local/lib/python3.8/site-packages/airflow/example_dags/example_task_group.py took 0.076 seconds
[2026-07-21T18:29:09.293+0000] {processor.py:161} INFO - Started process (PID=2299) to work on /home/airflow/.local/lib/python3.8/site-packages/airflow/example_dags/example_task_group.py
[2026-07-21T18:29:09.294+0000] {processor.py:830} INFO - Processing file /home/airflow/.local/lib/python3.8/site-packages/airflow/example_dags/example_task_group.py for tasks to queue
[2026-07-21T18:29:09.296+0000] {logging_mixin.py:188} INFO - [2026-07-21T18:29:09.296+0000] {dagbag.py:538} INFO - Filling up the DagBag from /home/airflow/.local/lib/python3.8/site-packages/airflow/example_dags/example_task_group.py
[2026-07-21T18:29:09.304+0000] {processor.py:840} INFO - DAG(s) 'example_task_group' retrieved from /home/airflow/.local/lib/python3.8/site-packages/airflow/example_dags/example_task_group.py
[2026-07-21T18:29:09.325+0000] {logging_mixin.py:188} INFO - [2026-07-21T18:29:09.325+0000] {dag.py:3036} INFO - Sync 1 DAGs
[2026-07-21T18:29:09.344+0000] {logging_mixin.py:188} INFO - [2026-07-21T18:29:09.344+0000] {dag.py:3823} INFO - Setting next_dagrun for example_task_group to 2026-07-20 00:00:00+00:00, run_after=2026-07-21 00:00:00+00:00
[2026-07-21T18:29:09.364+0000] {processor.py:183} INFO - Processing /home/airflow/.local/lib/python3.8/site-packages/airflow/example_dags/example_task_group.py took 0.075 seconds
[2026-07-21T18:29:39.941+0000] {processor.py:161} INFO - Started process (PID=2355) to work on /home/airflow/.local/lib/python3.8/site-packages/airflow/example_dags/example_task_group.py
[2026-07-21T18:29:39.943+0000] {processor.py:830} INFO - Processing file /home/airflow/.local/lib/python3.8/site-packages/airflow/example_dags/example_task_group.py for tasks to queue
[2026-07-21T18:29:39.946+0000] {logging_mixin.py:188} INFO - [2026-07-21T18:29:39.946+0000] {dagbag.py:538} INFO - Filling up the DagBag from /home/airflow/.local/lib/python3.8/site-packages/airflow/example_dags/example_task_group.py
[2026-07-21T18:29:39.956+0000] {processor.py:840} INFO - DAG(s) 'example_task_group' retrieved from /home/airflow/.local/lib/python3.8/site-packages/airflow/example_dags/example_task_group.py
[2026-07-21T18:29:39.983+0000] {logging_mixin.py:188} INFO - [2026-07-21T18:29:39.983+0000] {dag.py:3036} INFO - Sync 1 DAGs
[2026-07-21T18:29:40.009+0000] {logging_mixin.py:188} INFO - [2026-07-21T18:29:40.009+0000] {dag.py:3823} INFO - Setting next_dagrun for example_task_group to 2026-07-20 00:00:00+00:00, run_after=2026-07-21 00:00:00+00:00
[2026-07-21T18:29:40.029+0000] {processor.py:183} INFO - Processing /home/airflow/.local/lib/python3.8/site-packages/airflow/example_dags/example_task_group.py took 0.092 seconds
[2026-07-21T18:30:10.369+0000] {processor.py:161} INFO - Started process (PID=2411) to work on /home/airflow/.local/lib/python3.8/site-packages/airflow/example_dags/example_task_group.py
[2026-07-21T18:30:10.371+0000] {processor.py:830} INFO - Processing file /home/airflow/.local/lib/python3.8/site-packages/airflow/example_dags/example_task_group.py for tasks to queue
[2026-07-21T18:30:10.373+0000] {logging_mixin.py:188} INFO - [2026-07-21T18:30:10.373+0000] {dagbag.py:538} INFO - Filling up the DagBag from /home/airflow/.local/lib/python3.8/site-packages/airflow/example_dags/example_task_group.py
[2026-07-21T18:30:10.382+0000] {processor.py:840} INFO - DAG(s) 'example_task_group' retrieved from /home/airflow/.local/lib/python3.8/site-packages/airflow/example_dags/example_task_group.py
[2026-07-21T18:30:10.405+0000] {logging_mixin.py:188} INFO - [2026-07-21T18:30:10.404+0000] {dag.py:3036} INFO - Sync 1 DAGs
[2026-07-21T18:30:10.424+0000] {logging_mixin.py:188} INFO - [2026-07-21T18:30:10.424+0000] {dag.py:3823} INFO - Setting next_dagrun for example_task_group to 2026-07-20 00:00:00+00:00, run_after=2026-07-21 00:00:00+00:00
[2026-07-21T18:30:10.443+0000] {processor.py:183} INFO - Processing /home/airflow/.local/lib/python3.8/site-packages/airflow/example_dags/example_task_group.py took 0.078 seconds
[2026-07-21T18:30:40.643+0000] {processor.py:161} INFO - Started process (PID=2467) to work on /home/airflow/.local/lib/python3.8/site-packages/airflow/example_dags/example_task_group.py
[2026-07-21T18:30:40.644+0000] {processor.py:830} INFO - Processing file /home/airflow/.local/lib/python3.8/site-packages/airflow/example_dags/example_task_group.py for tasks to queue
[2026-07-21T18:30:40.646+0000] {logging_mixin.py:188} INFO - [2026-07-21T18:30:40.646+0000] {dagbag.py:538} INFO - Filling up the DagBag from /home/airflow/.local/lib/python3.8/site-packages/airflow/example_dags/example_task_group.py
[2026-07-21T18:30:40.654+0000] {processor.py:840} INFO - DAG(s) 'example_task_group' retrieved from /home/airflow/.local/lib/python3.8/site-packages/airflow/example_dags/example_task_group.py
[2026-07-21T18:30:40.677+0000] {logging_mixin.py:188} INFO - [2026-07-21T18:30:40.677+0000] {dag.py:3036} INFO - Sync 1 DAGs
[2026-07-21T18:30:40.697+0000] {logging_mixin.py:188} INFO - [2026-07-21T18:30:40.697+0000] {dag.py:3823} INFO - Setting next_dagrun for example_task_group to 2026-07-20 00:00:00+00:00, run_after=2026-07-21 00:00:00+00:00
[2026-07-21T18:30:40.717+0000] {processor.py:183} INFO - Processing /home/airflow/.local/lib/python3.8/site-packages/airflow/example_dags/example_task_group.py took 0.079 seconds
[2026-07-21T18:31:11.116+0000] {processor.py:161} INFO - Started process (PID=2523) to work on /home/airflow/.local/lib/python3.8/site-packages/airflow/example_dags/example_task_group.py
[2026-07-21T18:31:11.117+0000] {processor.py:830} INFO - Processing file /home/airflow/.local/lib/python3.8/site-packages/airflow/example_dags/example_task_group.py for tasks to queue
[2026-07-21T18:31:11.119+0000] {logging_mixin.py:188} INFO - [2026-07-21T18:31:11.119+0000] {dagbag.py:538} INFO - Filling up the DagBag from /home/airflow/.local/lib/python3.8/site-packages/airflow/example_dags/example_task_group.py
[2026-07-21T18:31:11.127+0000] {processor.py:840} INFO - DAG(s) 'example_task_group' retrieved from /home/airflow/.local/lib/python3.8/site-packages/airflow/example_dags/example_task_group.py
[2026-07-21T18:31:11.153+0000] {logging_mixin.py:188} INFO - [2026-07-21T18:31:11.152+0000] {dag.py:3036} INFO - Sync 1 DAGs
[2026-07-21T18:31:11.175+0000] {logging_mixin.py:188} INFO - [2026-07-21T18:31:11.175+0000] {dag.py:3823} INFO - Setting next_dagrun for example_task_group to 2026-07-20 00:00:00+00:00, run_after=2026-07-21 00:00:00+00:00
[2026-07-21T18:31:11.194+0000] {processor.py:183} INFO - Processing /home/airflow/.local/lib/python3.8/site-packages/airflow/example_dags/example_task_group.py took 0.082 seconds
[2026-07-21T18:34:13.122+0000] {processor.py:161} INFO - Started process (PID=76) to work on /home/airflow/.local/lib/python3.10/site-packages/airflow/example_dags/example_task_group.py
[2026-07-21T18:34:13.129+0000] {processor.py:830} INFO - Processing file /home/airflow/.local/lib/python3.10/site-packages/airflow/example_dags/example_task_group.py for tasks to queue
[2026-07-21T18:34:13.143+0000] {logging_mixin.py:188} INFO - [2026-07-21T18:34:13.141+0000] {dagbag.py:538} INFO - Filling up the DagBag from /home/airflow/.local/lib/python3.10/site-packages/airflow/example_dags/example_task_group.py
[2026-07-21T18:34:13.203+0000] {processor.py:840} INFO - DAG(s) 'example_task_group' retrieved from /home/airflow/.local/lib/python3.10/site-packages/airflow/example_dags/example_task_group.py
[2026-07-21T18:34:13.264+0000] {logging_mixin.py:188} INFO - [2026-07-21T18:34:13.263+0000] {dag.py:3036} INFO - Sync 1 DAGs
[2026-07-21T18:34:13.297+0000] {logging_mixin.py:188} INFO - [2026-07-21T18:34:13.296+0000] {dag.py:3823} INFO - Setting next_dagrun for example_task_group to 2026-07-20 00:00:00+00:00, run_after=2026-07-21 00:00:00+00:00
[2026-07-21T18:34:13.327+0000] {processor.py:183} INFO - Processing /home/airflow/.local/lib/python3.10/site-packages/airflow/example_dags/example_task_group.py took 0.219 seconds
[2026-07-21T18:34:43.915+0000] {processor.py:161} INFO - Started process (PID=132) to work on /home/airflow/.local/lib/python3.10/site-packages/airflow/example_dags/example_task_group.py
[2026-07-21T18:34:43.917+0000] {processor.py:830} INFO - Processing file /home/airflow/.local/lib/python3.10/site-packages/airflow/example_dags/example_task_group.py for tasks to queue
[2026-07-21T18:34:43.919+0000] {logging_mixin.py:188} INFO - [2026-07-21T18:34:43.919+0000] {dagbag.py:538} INFO - Filling up the DagBag from /home/airflow/.local/lib/python3.10/site-packages/airflow/example_dags/example_task_group.py
[2026-07-21T18:34:43.929+0000] {processor.py:840} INFO - DAG(s) 'example_task_group' retrieved from /home/airflow/.local/lib/python3.10/site-packages/airflow/example_dags/example_task_group.py
[2026-07-21T18:34:44.028+0000] {logging_mixin.py:188} INFO - [2026-07-21T18:34:44.028+0000] {dag.py:3036} INFO - Sync 1 DAGs
[2026-07-21T18:34:44.047+0000] {logging_mixin.py:188} INFO - [2026-07-21T18:34:44.046+0000] {dag.py:3823} INFO - Setting next_dagrun for example_task_group to 2026-07-20 00:00:00+00:00, run_after=2026-07-21 00:00:00+00:00
[2026-07-21T18:34:44.066+0000] {processor.py:183} INFO - Processing /home/airflow/.local/lib/python3.10/site-packages/airflow/example_dags/example_task_group.py took 0.155 seconds
[2026-07-21T18:35:14.280+0000] {processor.py:161} INFO - Started process (PID=188) to work on /home/airflow/.local/lib/python3.10/site-packages/airflow/example_dags/example_task_group.py
[2026-07-21T18:35:14.282+0000] {processor.py:830} INFO - Processing file /home/airflow/.local/lib/python3.10/site-packages/airflow/example_dags/example_task_group.py for tasks to queue
[2026-07-21T18:35:14.285+0000] {logging_mixin.py:188} INFO - [2026-07-21T18:35:14.284+0000] {dagbag.py:538} INFO - Filling up the DagBag from /home/airflow/.local/lib/python3.10/site-packages/airflow/example_dags/example_task_group.py
[2026-07-21T18:35:14.293+0000] {processor.py:840} INFO - DAG(s) 'example_task_group' retrieved from /home/airflow/.local/lib/python3.10/site-packages/airflow/example_dags/example_task_group.py
[2026-07-21T18:35:14.321+0000] {logging_mixin.py:188} INFO - [2026-07-21T18:35:14.320+0000] {dag.py:3036} INFO - Sync 1 DAGs
[2026-07-21T18:35:14.345+0000] {logging_mixin.py:188} INFO - [2026-07-21T18:35:14.344+0000] {dag.py:3823} INFO - Setting next_dagrun for example_task_group to 2026-07-20 00:00:00+00:00, run_after=2026-07-21 00:00:00+00:00
[2026-07-21T18:35:14.364+0000] {processor.py:183} INFO - Processing /home/airflow/.local/lib/python3.10/site-packages/airflow/example_dags/example_task_group.py took 0.090 seconds
[2026-07-21T18:35:44.432+0000] {processor.py:161} INFO - Started process (PID=244) to work on /home/airflow/.local/lib/python3.10/site-packages/airflow/example_dags/example_task_group.py
[2026-07-21T18:35:44.433+0000] {processor.py:830} INFO - Processing file /home/airflow/.local/lib/python3.10/site-packages/airflow/example_dags/example_task_group.py for tasks to queue
[2026-07-21T18:35:44.435+0000] {logging_mixin.py:188} INFO - [2026-07-21T18:35:44.435+0000] {dagbag.py:538} INFO - Filling up the DagBag from /home/airflow/.local/lib/python3.10/site-packages/airflow/example_dags/example_task_group.py
[2026-07-21T18:35:44.443+0000] {processor.py:840} INFO - DAG(s) 'example_task_group' retrieved from /home/airflow/.local/lib/python3.10/site-packages/airflow/example_dags/example_task_group.py
[2026-07-21T18:35:44.467+0000] {logging_mixin.py:188} INFO - [2026-07-21T18:35:44.467+0000] {dag.py:3036} INFO - Sync 1 DAGs
[2026-07-21T18:35:44.492+0000] {logging_mixin.py:188} INFO - [2026-07-21T18:35:44.492+0000] {dag.py:3823} INFO - Setting next_dagrun for example_task_group to 2026-07-20 00:00:00+00:00, run_after=2026-07-21 00:00:00+00:00
[2026-07-21T18:35:44.511+0000] {processor.py:183} INFO - Processing /home/airflow/.local/lib/python3.10/site-packages/airflow/example_dags/example_task_group.py took 0.083 seconds
[2026-07-21T18:36:15.010+0000] {processor.py:161} INFO - Started process (PID=300) to work on /home/airflow/.local/lib/python3.10/site-packages/airflow/example_dags/example_task_group.py
[2026-07-21T18:36:15.011+0000] {processor.py:830} INFO - Processing file /home/airflow/.local/lib/python3.10/site-packages/airflow/example_dags/example_task_group.py for tasks to queue
[2026-07-21T18:36:15.014+0000] {logging_mixin.py:188} INFO - [2026-07-21T18:36:15.014+0000] {dagbag.py:538} INFO - Filling up the DagBag from /home/airflow/.local/lib/python3.10/site-packages/airflow/example_dags/example_task_group.py
[2026-07-21T18:36:15.023+0000] {processor.py:840} INFO - DAG(s) 'example_task_group' retrieved from /home/airflow/.local/lib/python3.10/site-packages/airflow/example_dags/example_task_group.py
[2026-07-21T18:36:15.047+0000] {logging_mixin.py:188} INFO - [2026-07-21T18:36:15.046+0000] {dag.py:3036} INFO - Sync 1 DAGs
[2026-07-21T18:36:15.069+0000] {logging_mixin.py:188} INFO - [2026-07-21T18:36:15.068+0000] {dag.py:3823} INFO - Setting next_dagrun for example_task_group to 2026-07-20 00:00:00+00:00, run_after=2026-07-21 00:00:00+00:00
[2026-07-21T18:36:15.088+0000] {processor.py:183} INFO - Processing /home/airflow/.local/lib/python3.10/site-packages/airflow/example_dags/example_task_group.py took 0.082 seconds
[2026-07-21T18:36:45.382+0000] {processor.py:161} INFO - Started process (PID=356) to work on /home/airflow/.local/lib/python3.10/site-packages/airflow/example_dags/example_task_group.py
[2026-07-21T18:36:45.384+0000] {processor.py:830} INFO - Processing file /home/airflow/.local/lib/python3.10/site-packages/airflow/example_dags/example_task_group.py for tasks to queue
[2026-07-21T18:36:45.386+0000] {logging_mixin.py:188} INFO - [2026-07-21T18:36:45.385+0000] {dagbag.py:538} INFO - Filling up the DagBag from /home/airflow/.local/lib/python3.10/site-packages/airflow/example_dags/example_task_group.py
[2026-07-21T18:36:45.393+0000] {processor.py:840} INFO - DAG(s) 'example_task_group' retrieved from /home/airflow/.local/lib/python3.10/site-packages/airflow/example_dags/example_task_group.py
[2026-07-21T18:36:45.415+0000] {logging_mixin.py:188} INFO - [2026-07-21T18:36:45.415+0000] {dag.py:3036} INFO - Sync 1 DAGs
[2026-07-21T18:36:45.433+0000] {logging_mixin.py:188} INFO - [2026-07-21T18:36:45.433+0000] {dag.py:3823} INFO - Setting next_dagrun for example_task_group to 2026-07-20 00:00:00+00:00, run_after=2026-07-21 00:00:00+00:00
[2026-07-21T18:36:45.451+0000] {processor.py:183} INFO - Processing /home/airflow/.local/lib/python3.10/site-packages/airflow/example_dags/example_task_group.py took 0.072 seconds
[2026-07-21T18:37:15.825+0000] {processor.py:161} INFO - Started process (PID=412) to work on /home/airflow/.local/lib/python3.10/site-packages/airflow/example_dags/example_task_group.py
[2026-07-21T18:37:15.826+0000] {processor.py:830} INFO - Processing file /home/airflow/.local/lib/python3.10/site-packages/airflow/example_dags/example_task_group.py for tasks to queue
[2026-07-21T18:37:15.829+0000] {logging_mixin.py:188} INFO - [2026-07-21T18:37:15.828+0000] {dagbag.py:538} INFO - Filling up the DagBag from /home/airflow/.local/lib/python3.10/site-packages/airflow/example_dags/example_task_group.py
[2026-07-21T18:37:15.837+0000] {processor.py:840} INFO - DAG(s) 'example_task_group' retrieved from /home/airflow/.local/lib/python3.10/site-packages/airflow/example_dags/example_task_group.py
[2026-07-21T18:37:15.860+0000] {logging_mixin.py:188} INFO - [2026-07-21T18:37:15.860+0000] {dag.py:3036} INFO - Sync 1 DAGs
[2026-07-21T18:37:15.881+0000] {logging_mixin.py:188} INFO - [2026-07-21T18:37:15.881+0000] {dag.py:3823} INFO - Setting next_dagrun for example_task_group to 2026-07-20 00:00:00+00:00, run_after=2026-07-21 00:00:00+00:00
[2026-07-21T18:37:15.900+0000] {processor.py:183} INFO - Processing /home/airflow/.local/lib/python3.10/site-packages/airflow/example_dags/example_task_group.py took 0.079 seconds
[2026-07-21T18:37:45.971+0000] {processor.py:161} INFO - Started process (PID=468) to work on /home/airflow/.local/lib/python3.10/site-packages/airflow/example_dags/example_task_group.py
[2026-07-21T18:37:45.972+0000] {processor.py:830} INFO - Processing file /home/airflow/.local/lib/python3.10/site-packages/airflow/example_dags/example_task_group.py for tasks to queue
[2026-07-21T18:37:45.974+0000] {logging_mixin.py:188} INFO - [2026-07-21T18:37:45.974+0000] {dagbag.py:538} INFO - Filling up the DagBag from /home/airflow/.local/lib/python3.10/site-packages/airflow/example_dags/example_task_group.py
[2026-07-21T18:37:45.982+0000] {processor.py:840} INFO - DAG(s) 'example_task_group' retrieved from /home/airflow/.local/lib/python3.10/site-packages/airflow/example_dags/example_task_group.py
[2026-07-21T18:37:46.004+0000] {logging_mixin.py:188} INFO - [2026-07-21T18:37:46.004+0000] {dag.py:3036} INFO - Sync 1 DAGs
[2026-07-21T18:37:46.021+0000] {logging_mixin.py:188} INFO - [2026-07-21T18:37:46.021+0000] {dag.py:3823} INFO - Setting next_dagrun for example_task_group to 2026-07-20 00:00:00+00:00, run_after=2026-07-21 00:00:00+00:00
[2026-07-21T18:37:46.039+0000] {processor.py:183} INFO - Processing /home/airflow/.local/lib/python3.10/site-packages/airflow/example_dags/example_task_group.py took 0.072 seconds
[2026-07-21T18:38:16.695+0000] {processor.py:161} INFO - Started process (PID=524) to work on /home/airflow/.local/lib/python3.10/site-packages/airflow/example_dags/example_task_group.py
[2026-07-21T18:38:16.697+0000] {processor.py:830} INFO - Processing file /home/airflow/.local/lib/python3.10/site-packages/airflow/example_dags/example_task_group.py for tasks to queue
[2026-07-21T18:38:16.700+0000] {logging_mixin.py:188} INFO - [2026-07-21T18:38:16.699+0000] {dagbag.py:538} INFO - Filling up the DagBag from /home/airflow/.local/lib/python3.10/site-packages/airflow/example_dags/example_task_group.py
[2026-07-21T18:38:16.711+0000] {processor.py:840} INFO - DAG(s) 'example_task_group' retrieved from /home/airflow/.local/lib/python3.10/site-packages/airflow/example_dags/example_task_group.py
[2026-07-21T18:38:16.741+0000] {logging_mixin.py:188} INFO - [2026-07-21T18:38:16.741+0000] {dag.py:3036} INFO - Sync 1 DAGs
[2026-07-21T18:38:16.762+0000] {logging_mixin.py:188} INFO - [2026-07-21T18:38:16.762+0000] {dag.py:3823} INFO - Setting next_dagrun for example_task_group to 2026-07-20 00:00:00+00:00, run_after=2026-07-21 00:00:00+00:00
[2026-07-21T18:38:16.781+0000] {processor.py:183} INFO - Processing /home/airflow/.local/lib/python3.10/site-packages/airflow/example_dags/example_task_group.py took 0.091 seconds
[2026-07-21T18:38:46.997+0000] {processor.py:161} INFO - Started process (PID=580) to work on /home/airflow/.local/lib/python3.10/site-packages/airflow/example_dags/example_task_group.py
[2026-07-21T18:38:46.998+0000] {processor.py:830} INFO - Processing file /home/airflow/.local/lib/python3.10/site-packages/airflow/example_dags/example_task_group.py for tasks to queue
[2026-07-21T18:38:46.999+0000] {logging_mixin.py:188} INFO - [2026-07-21T18:38:46.999+0000] {dagbag.py:538} INFO - Filling up the DagBag from /home/airflow/.local/lib/python3.10/site-packages/airflow/example_dags/example_task_group.py
[2026-07-21T18:38:47.007+0000] {processor.py:840} INFO - DAG(s) 'example_task_group' retrieved from /home/airflow/.local/lib/python3.10/site-packages/airflow/example_dags/example_task_group.py
[2026-07-21T18:38:47.029+0000] {logging_mixin.py:188} INFO - [2026-07-21T18:38:47.029+0000] {dag.py:3036} INFO - Sync 1 DAGs
[2026-07-21T18:38:47.048+0000] {logging_mixin.py:188} INFO - [2026-07-21T18:38:47.047+0000] {dag.py:3823} INFO - Setting next_dagrun for example_task_group to 2026-07-20 00:00:00+00:00, run_after=2026-07-21 00:00:00+00:00
[2026-07-21T18:38:47.065+0000] {processor.py:183} INFO - Processing /home/airflow/.local/lib/python3.10/site-packages/airflow/example_dags/example_task_group.py took 0.073 seconds
[2026-07-21T18:39:17.289+0000] {processor.py:161} INFO - Started process (PID=636) to work on /home/airflow/.local/lib/python3.10/site-packages/airflow/example_dags/example_task_group.py
[2026-07-21T18:39:17.290+0000] {processor.py:830} INFO - Processing file /home/airflow/.local/lib/python3.10/site-packages/airflow/example_dags/example_task_group.py for tasks to queue
[2026-07-21T18:39:17.293+0000] {logging_mixin.py:188} INFO - [2026-07-21T18:39:17.292+0000] {dagbag.py:538} INFO - Filling up the DagBag from /home/airflow/.local/lib/python3.10/site-packages/airflow/example_dags/example_task_group.py
[2026-07-21T18:39:17.301+0000] {processor.py:840} INFO - DAG(s) 'example_task_group' retrieved from /home/airflow/.local/lib/python3.10/site-packages/airflow/example_dags/example_task_group.py
[2026-07-21T18:39:17.323+0000] {logging_mixin.py:188} INFO - [2026-07-21T18:39:17.323+0000] {dag.py:3036} INFO - Sync 1 DAGs
[2026-07-21T18:39:17.341+0000] {logging_mixin.py:188} INFO - [2026-07-21T18:39:17.341+0000] {dag.py:3823} INFO - Setting next_dagrun for example_task_group to 2026-07-20 00:00:00+00:00, run_after=2026-07-21 00:00:00+00:00
[2026-07-21T18:39:17.359+0000] {processor.py:183} INFO - Processing /home/airflow/.local/lib/python3.10/site-packages/airflow/example_dags/example_task_group.py took 0.074 seconds
[2026-07-21T18:39:47.519+0000] {processor.py:161} INFO - Started process (PID=692) to work on /home/airflow/.local/lib/python3.10/site-packages/airflow/example_dags/example_task_group.py
[2026-07-21T18:39:47.520+0000] {processor.py:830} INFO - Processing file /home/airflow/.local/lib/python3.10/site-packages/airflow/example_dags/example_task_group.py for tasks to queue
[2026-07-21T18:39:47.523+0000] {logging_mixin.py:188} INFO - [2026-07-21T18:39:47.523+0000] {dagbag.py:538} INFO - Filling up the DagBag from /home/airflow/.local/lib/python3.10/site-packages/airflow/example_dags/example_task_group.py
[2026-07-21T18:39:47.532+0000] {processor.py:840} INFO - DAG(s) 'example_task_group' retrieved from /home/airflow/.local/lib/python3.10/site-packages/airflow/example_dags/example_task_group.py
[2026-07-21T18:39:47.556+0000] {logging_mixin.py:188} INFO - [2026-07-21T18:39:47.555+0000] {dag.py:3036} INFO - Sync 1 DAGs
[2026-07-21T18:39:47.576+0000] {logging_mixin.py:188} INFO - [2026-07-21T18:39:47.576+0000] {dag.py:3823} INFO - Setting next_dagrun for example_task_group to 2026-07-20 00:00:00+00:00, run_after=2026-07-21 00:00:00+00:00
[2026-07-21T18:39:47.593+0000] {processor.py:183} INFO - Processing /home/airflow/.local/lib/python3.10/site-packages/airflow/example_dags/example_task_group.py took 0.078 seconds
[2026-07-21T18:40:18.091+0000] {processor.py:161} INFO - Started process (PID=748) to work on /home/airflow/.local/lib/python3.10/site-packages/airflow/example_dags/example_task_group.py
[2026-07-21T18:40:18.092+0000] {processor.py:830} INFO - Processing file /home/airflow/.local/lib/python3.10/site-packages/airflow/example_dags/example_task_group.py for tasks to queue
[2026-07-21T18:40:18.094+0000] {logging_mixin.py:188} INFO - [2026-07-21T18:40:18.094+0000] {dagbag.py:538} INFO - Filling up the DagBag from /home/airflow/.local/lib/python3.10/site-packages/airflow/example_dags/example_task_group.py
[2026-07-21T18:40:18.102+0000] {processor.py:840} INFO - DAG(s) 'example_task_group' retrieved from /home/airflow/.local/lib/python3.10/site-packages/airflow/example_dags/example_task_group.py
[2026-07-21T18:40:18.126+0000] {logging_mixin.py:188} INFO - [2026-07-21T18:40:18.126+0000] {dag.py:3036} INFO - Sync 1 DAGs
[2026-07-21T18:40:18.150+0000] {logging_mixin.py:188} INFO - [2026-07-21T18:40:18.150+0000] {dag.py:3823} INFO - Setting next_dagrun for example_task_group to 2026-07-20 00:00:00+00:00, run_after=2026-07-21 00:00:00+00:00
[2026-07-21T18:40:18.169+0000] {processor.py:183} INFO - Processing /home/airflow/.local/lib/python3.10/site-packages/airflow/example_dags/example_task_group.py took 0.082 seconds
[2026-07-21T18:40:48.468+0000] {processor.py:161} INFO - Started process (PID=804) to work on /home/airflow/.local/lib/python3.10/site-packages/airflow/example_dags/example_task_group.py
[2026-07-21T18:40:48.469+0000] {processor.py:830} INFO - Processing file /home/airflow/.local/lib/python3.10/site-packages/airflow/example_dags/example_task_group.py for tasks to queue
[2026-07-21T18:40:48.471+0000] {logging_mixin.py:188} INFO - [2026-07-21T18:40:48.471+0000] {dagbag.py:538} INFO - Filling up the DagBag from /home/airflow/.local/lib/python3.10/site-packages/airflow/example_dags/example_task_group.py
[2026-07-21T18:40:48.479+0000] {processor.py:840} INFO - DAG(s) 'example_task_group' retrieved from /home/airflow/.local/lib/python3.10/site-packages/airflow/example_dags/example_task_group.py
[2026-07-21T18:40:48.501+0000] {logging_mixin.py:188} INFO - [2026-07-21T18:40:48.501+0000] {dag.py:3036} INFO - Sync 1 DAGs
[2026-07-21T18:40:48.520+0000] {logging_mixin.py:188} INFO - [2026-07-21T18:40:48.520+0000] {dag.py:3823} INFO - Setting next_dagrun for example_task_group to 2026-07-20 00:00:00+00:00, run_after=2026-07-21 00:00:00+00:00
[2026-07-21T18:40:48.538+0000] {processor.py:183} INFO - Processing /home/airflow/.local/lib/python3.10/site-packages/airflow/example_dags/example_task_group.py took 0.074 seconds
[2026-07-21T18:41:18.702+0000] {processor.py:161} INFO - Started process (PID=860) to work on /home/airflow/.local/lib/python3.10/site-packages/airflow/example_dags/example_task_group.py
[2026-07-21T18:41:18.703+0000] {processor.py:830} INFO - Processing file /home/airflow/.local/lib/python3.10/site-packages/airflow/example_dags/example_task_group.py for tasks to queue
[2026-07-21T18:41:18.706+0000] {logging_mixin.py:188} INFO - [2026-07-21T18:41:18.705+0000] {dagbag.py:538} INFO - Filling up the DagBag from /home/airflow/.local/lib/python3.10/site-packages/airflow/example_dags/example_task_group.py
[2026-07-21T18:41:18.715+0000] {processor.py:840} INFO - DAG(s) 'example_task_group' retrieved from /home/airflow/.local/lib/python3.10/site-packages/airflow/example_dags/example_task_group.py
[2026-07-21T18:41:18.738+0000] {logging_mixin.py:188} INFO - [2026-07-21T18:41:18.738+0000] {dag.py:3036} INFO - Sync 1 DAGs
[2026-07-21T18:41:18.756+0000] {logging_mixin.py:188} INFO - [2026-07-21T18:41:18.756+0000] {dag.py:3823} INFO - Setting next_dagrun for example_task_group to 2026-07-20 00:00:00+00:00, run_after=2026-07-21 00:00:00+00:00
[2026-07-21T18:41:18.775+0000] {processor.py:183} INFO - Processing /home/airflow/.local/lib/python3.10/site-packages/airflow/example_dags/example_task_group.py took 0.077 seconds
[2026-07-21T18:41:48.986+0000] {processor.py:161} INFO - Started process (PID=916) to work on /home/airflow/.local/lib/python3.10/site-packages/airflow/example_dags/example_task_group.py
[2026-07-21T18:41:48.987+0000] {processor.py:830} INFO - Processing file /home/airflow/.local/lib/python3.10/site-packages/airflow/example_dags/example_task_group.py for tasks to queue
[2026-07-21T18:41:48.989+0000] {logging_mixin.py:188} INFO - [2026-07-21T18:41:48.989+0000] {dagbag.py:538} INFO - Filling up the DagBag from /home/airflow/.local/lib/python3.10/site-packages/airflow/example_dags/example_task_group.py
[2026-07-21T18:41:48.997+0000] {processor.py:840} INFO - DAG(s) 'example_task_group' retrieved from /home/airflow/.local/lib/python3.10/site-packages/airflow/example_dags/example_task_group.py
[2026-07-21T18:41:49.018+0000] {logging_mixin.py:188} INFO - [2026-07-21T18:41:49.018+0000] {dag.py:3036} INFO - Sync 1 DAGs
[2026-07-21T18:41:49.037+0000] {logging_mixin.py:188} INFO - [2026-07-21T18:41:49.037+0000] {dag.py:3823} INFO - Setting next_dagrun for example_task_group to 2026-07-20 00:00:00+00:00, run_after=2026-07-21 00:00:00+00:00
[2026-07-21T18:41:49.054+0000] {processor.py:183} INFO - Processing /home/airflow/.local/lib/python3.10/site-packages/airflow/example_dags/example_task_group.py took 0.071 seconds
[2026-07-21T18:42:19.253+0000] {processor.py:161} INFO - Started process (PID=972) to work on /home/airflow/.local/lib/python3.10/site-packages/airflow/example_dags/example_task_group.py
[2026-07-21T18:42:19.254+0000] {processor.py:830} INFO - Processing file /home/airflow/.local/lib/python3.10/site-packages/airflow/example_dags/example_task_group.py for tasks to queue
[2026-07-21T18:42:19.256+0000] {logging_mixin.py:188} INFO - [2026-07-21T18:42:19.256+0000] {dagbag.py:538} INFO - Filling up the DagBag from /home/airflow/.local/lib/python3.10/site-packages/airflow/example_dags/example_task_group.py
[2026-07-21T18:42:19.264+0000] {processor.py:840} INFO - DAG(s) 'example_task_group' retrieved from /home/airflow/.local/lib/python3.10/site-packages/airflow/example_dags/example_task_group.py
[2026-07-21T18:42:19.285+0000] {logging_mixin.py:188} INFO - [2026-07-21T18:42:19.285+0000] {dag.py:3036} INFO - Sync 1 DAGs
[2026-07-21T18:42:19.306+0000] {logging_mixin.py:188} INFO - [2026-07-21T18:42:19.305+0000] {dag.py:3823} INFO - Setting next_dagrun for example_task_group to 2026-07-20 00:00:00+00:00, run_after=2026-07-21 00:00:00+00:00
[2026-07-21T18:42:19.325+0000] {processor.py:183} INFO - Processing /home/airflow/.local/lib/python3.10/site-packages/airflow/example_dags/example_task_group.py took 0.076 seconds
[2026-07-21T18:42:49.595+0000] {processor.py:161} INFO - Started process (PID=1029) to work on /home/airflow/.local/lib/python3.10/site-packages/airflow/example_dags/example_task_group.py
[2026-07-21T18:42:49.596+0000] {processor.py:830} INFO - Processing file /home/airflow/.local/lib/python3.10/site-packages/airflow/example_dags/example_task_group.py for tasks to queue
[2026-07-21T18:42:49.599+0000] {logging_mixin.py:188} INFO - [2026-07-21T18:42:49.598+0000] {dagbag.py:538} INFO - Filling up the DagBag from /home/airflow/.local/lib/python3.10/site-packages/airflow/example_dags/example_task_group.py
[2026-07-21T18:42:49.606+0000] {processor.py:840} INFO - DAG(s) 'example_task_group' retrieved from /home/airflow/.local/lib/python3.10/site-packages/airflow/example_dags/example_task_group.py
[2026-07-21T18:42:49.628+0000] {logging_mixin.py:188} INFO - [2026-07-21T18:42:49.627+0000] {dag.py:3036} INFO - Sync 1 DAGs
[2026-07-21T18:42:49.646+0000] {logging_mixin.py:188} INFO - [2026-07-21T18:42:49.646+0000] {dag.py:3823} INFO - Setting next_dagrun for example_task_group to 2026-07-20 00:00:00+00:00, run_after=2026-07-21 00:00:00+00:00
[2026-07-21T18:42:49.663+0000] {processor.py:183} INFO - Processing /home/airflow/.local/lib/python3.10/site-packages/airflow/example_dags/example_task_group.py took 0.072 seconds
[2026-07-21T18:43:19.972+0000] {processor.py:161} INFO - Started process (PID=1085) to work on /home/airflow/.local/lib/python3.10/site-packages/airflow/example_dags/example_task_group.py
[2026-07-21T18:43:19.973+0000] {processor.py:830} INFO - Processing file /home/airflow/.local/lib/python3.10/site-packages/airflow/example_dags/example_task_group.py for tasks to queue
[2026-07-21T18:43:19.976+0000] {logging_mixin.py:188} INFO - [2026-07-21T18:43:19.975+0000] {dagbag.py:538} INFO - Filling up the DagBag from /home/airflow/.local/lib/python3.10/site-packages/airflow/example_dags/example_task_group.py
[2026-07-21T18:43:19.984+0000] {processor.py:840} INFO - DAG(s) 'example_task_group' retrieved from /home/airflow/.local/lib/python3.10/site-packages/airflow/example_dags/example_task_group.py
[2026-07-21T18:43:20.011+0000] {logging_mixin.py:188} INFO - [2026-07-21T18:43:20.011+0000] {dag.py:3036} INFO - Sync 1 DAGs
[2026-07-21T18:43:20.030+0000] {logging_mixin.py:188} INFO - [2026-07-21T18:43:20.030+0000] {dag.py:3823} INFO - Setting next_dagrun for example_task_group to 2026-07-20 00:00:00+00:00, run_after=2026-07-21 00:00:00+00:00
[2026-07-21T18:43:20.047+0000] {processor.py:183} INFO - Processing /home/airflow/.local/lib/python3.10/site-packages/airflow/example_dags/example_task_group.py took 0.079 seconds
[2026-07-21T18:43:50.606+0000] {processor.py:161} INFO - Started process (PID=1141) to work on /home/airflow/.local/lib/python3.10/site-packages/airflow/example_dags/example_task_group.py
[2026-07-21T18:43:50.607+0000] {processor.py:830} INFO - Processing file /home/airflow/.local/lib/python3.10/site-packages/airflow/example_dags/example_task_group.py for tasks to queue
[2026-07-21T18:43:50.609+0000] {logging_mixin.py:188} INFO - [2026-07-21T18:43:50.609+0000] {dagbag.py:538} INFO - Filling up the DagBag from /home/airflow/.local/lib/python3.10/site-packages/airflow/example_dags/example_task_group.py
[2026-07-21T18:43:50.617+0000] {processor.py:840} INFO - DAG(s) 'example_task_group' retrieved from /home/airflow/.local/lib/python3.10/site-packages/airflow/example_dags/example_task_group.py
[2026-07-21T18:43:50.638+0000] {logging_mixin.py:188} INFO - [2026-07-21T18:43:50.638+0000] {dag.py:3036} INFO - Sync 1 DAGs
[2026-07-21T18:43:50.658+0000] {logging_mixin.py:188} INFO - [2026-07-21T18:43:50.657+0000] {dag.py:3823} INFO - Setting next_dagrun for example_task_group to 2026-07-20 00:00:00+00:00, run_after=2026-07-21 00:00:00+00:00
[2026-07-21T18:43:50.675+0000] {processor.py:183} INFO - Processing /home/airflow/.local/lib/python3.10/site-packages/airflow/example_dags/example_task_group.py took 0.073 seconds
[2026-07-21T18:44:20.787+0000] {processor.py:161} INFO - Started process (PID=1197) to work on /home/airflow/.local/lib/python3.10/site-packages/airflow/example_dags/example_task_group.py
[2026-07-21T18:44:20.788+0000] {processor.py:830} INFO - Processing file /home/airflow/.local/lib/python3.10/site-packages/airflow/example_dags/example_task_group.py for tasks to queue
[2026-07-21T18:44:20.791+0000] {logging_mixin.py:188} INFO - [2026-07-21T18:44:20.790+0000] {dagbag.py:538} INFO - Filling up the DagBag from /home/airflow/.local/lib/python3.10/site-packages/airflow/example_dags/example_task_group.py
[2026-07-21T18:44:20.798+0000] {processor.py:840} INFO - DAG(s) 'example_task_group' retrieved from /home/airflow/.local/lib/python3.10/site-packages/airflow/example_dags/example_task_group.py
[2026-07-21T18:44:20.821+0000] {logging_mixin.py:188} INFO - [2026-07-21T18:44:20.820+0000] {dag.py:3036} INFO - Sync 1 DAGs
[2026-07-21T18:44:20.839+0000] {logging_mixin.py:188} INFO - [2026-07-21T18:44:20.838+0000] {dag.py:3823} INFO - Setting next_dagrun for example_task_group to 2026-07-20 00:00:00+00:00, run_after=2026-07-21 00:00:00+00:00
[2026-07-21T18:44:20.855+0000] {processor.py:183} INFO - Processing /home/airflow/.local/lib/python3.10/site-packages/airflow/example_dags/example_task_group.py took 0.072 seconds
[2026-07-21T18:44:51.072+0000] {processor.py:161} INFO - Started process (PID=1253) to work on /home/airflow/.local/lib/python3.10/site-packages/airflow/example_dags/example_task_group.py
[2026-07-21T18:44:51.073+0000] {processor.py:830} INFO - Processing file /home/airflow/.local/lib/python3.10/site-packages/airflow/example_dags/example_task_group.py for tasks to queue
[2026-07-21T18:44:51.075+0000] {logging_mixin.py:188} INFO - [2026-07-21T18:44:51.075+0000] {dagbag.py:538} INFO - Filling up the DagBag from /home/airflow/.local/lib/python3.10/site-packages/airflow/example_dags/example_task_group.py
[2026-07-21T18:44:51.084+0000] {processor.py:840} INFO - DAG(s) 'example_task_group' retrieved from /home/airflow/.local/lib/python3.10/site-packages/airflow/example_dags/example_task_group.py
[2026-07-21T18:44:51.104+0000] {logging_mixin.py:188} INFO - [2026-07-21T18:44:51.104+0000] {dag.py:3036} INFO - Sync 1 DAGs
[2026-07-21T18:44:51.124+0000] {logging_mixin.py:188} INFO - [2026-07-21T18:44:51.123+0000] {dag.py:3823} INFO - Setting next_dagrun for example_task_group to 2026-07-20 00:00:00+00:00, run_after=2026-07-21 00:00:00+00:00
[2026-07-21T18:44:51.141+0000] {processor.py:183} INFO - Processing /home/airflow/.local/lib/python3.10/site-packages/airflow/example_dags/example_task_group.py took 0.073 seconds
[2026-07-21T18:45:21.419+0000] {processor.py:161} INFO - Started process (PID=1309) to work on /home/airflow/.local/lib/python3.10/site-packages/airflow/example_dags/example_task_group.py
[2026-07-21T18:45:21.420+0000] {processor.py:830} INFO - Processing file /home/airflow/.local/lib/python3.10/site-packages/airflow/example_dags/example_task_group.py for tasks to queue
[2026-07-21T18:45:21.423+0000] {logging_mixin.py:188} INFO - [2026-07-21T18:45:21.422+0000] {dagbag.py:538} INFO - Filling up the DagBag from /home/airflow/.local/lib/python3.10/site-packages/airflow/example_dags/example_task_group.py
[2026-07-21T18:45:21.430+0000] {processor.py:840} INFO - DAG(s) 'example_task_group' retrieved from /home/airflow/.local/lib/python3.10/site-packages/airflow/example_dags/example_task_group.py
[2026-07-21T18:45:21.452+0000] {logging_mixin.py:188} INFO - [2026-07-21T18:45:21.452+0000] {dag.py:3036} INFO - Sync 1 DAGs
[2026-07-21T18:45:21.473+0000] {logging_mixin.py:188} INFO - [2026-07-21T18:45:21.473+0000] {dag.py:3823} INFO - Setting next_dagrun for example_task_group to 2026-07-20 00:00:00+00:00, run_after=2026-07-21 00:00:00+00:00
[2026-07-21T18:45:21.492+0000] {processor.py:183} INFO - Processing /home/airflow/.local/lib/python3.10/site-packages/airflow/example_dags/example_task_group.py took 0.077 seconds
[2026-07-21T18:45:51.962+0000] {processor.py:161} INFO - Started process (PID=1365) to work on /home/airflow/.local/lib/python3.10/site-packages/airflow/example_dags/example_task_group.py
[2026-07-21T18:45:51.963+0000] {processor.py:830} INFO - Processing file /home/airflow/.local/lib/python3.10/site-packages/airflow/example_dags/example_task_group.py for tasks to queue
[2026-07-21T18:45:51.966+0000] {logging_mixin.py:188} INFO - [2026-07-21T18:45:51.965+0000] {dagbag.py:538} INFO - Filling up the DagBag from /home/airflow/.local/lib/python3.10/site-packages/airflow/example_dags/example_task_group.py
[2026-07-21T18:45:51.973+0000] {processor.py:840} INFO - DAG(s) 'example_task_group' retrieved from /home/airflow/.local/lib/python3.10/site-packages/airflow/example_dags/example_task_group.py
[2026-07-21T18:45:51.996+0000] {logging_mixin.py:188} INFO - [2026-07-21T18:45:51.995+0000] {dag.py:3036} INFO - Sync 1 DAGs
[2026-07-21T18:45:52.014+0000] {logging_mixin.py:188} INFO - [2026-07-21T18:45:52.014+0000] {dag.py:3823} INFO - Setting next_dagrun for example_task_group to 2026-07-20 00:00:00+00:00, run_after=2026-07-21 00:00:00+00:00
[2026-07-21T18:45:52.031+0000] {processor.py:183} INFO - Processing /home/airflow/.local/lib/python3.10/site-packages/airflow/example_dags/example_task_group.py took 0.073 seconds
[2026-07-21T18:46:22.349+0000] {processor.py:161} INFO - Started process (PID=1421) to work on /home/airflow/.local/lib/python3.10/site-packages/airflow/example_dags/example_task_group.py
[2026-07-21T18:46:22.350+0000] {processor.py:830} INFO - Processing file /home/airflow/.local/lib/python3.10/site-packages/airflow/example_dags/example_task_group.py for tasks to queue
[2026-07-21T18:46:22.352+0000] {logging_mixin.py:188} INFO - [2026-07-21T18:46:22.352+0000] {dagbag.py:538} INFO - Filling up the DagBag from /home/airflow/.local/lib/python3.10/site-packages/airflow/example_dags/example_task_group.py
[2026-07-21T18:46:22.359+0000] {processor.py:840} INFO - DAG(s) 'example_task_group' retrieved from /home/airflow/.local/lib/python3.10/site-packages/airflow/example_dags/example_task_group.py
[2026-07-21T18:46:22.380+0000] {logging_mixin.py:188} INFO - [2026-07-21T18:46:22.380+0000] {dag.py:3036} INFO - Sync 1 DAGs
[2026-07-21T18:46:22.399+0000] {logging_mixin.py:188} INFO - [2026-07-21T18:46:22.398+0000] {dag.py:3823} INFO - Setting next_dagrun for example_task_group to 2026-07-20 00:00:00+00:00, run_after=2026-07-21 00:00:00+00:00
[2026-07-21T18:46:22.416+0000] {processor.py:183} INFO - Processing /home/airflow/.local/lib/python3.10/site-packages/airflow/example_dags/example_task_group.py took 0.071 seconds
[2026-07-21T18:46:52.513+0000] {processor.py:161} INFO - Started process (PID=1477) to work on /home/airflow/.local/lib/python3.10/site-packages/airflow/example_dags/example_task_group.py
[2026-07-21T18:46:52.514+0000] {processor.py:830} INFO - Processing file /home/airflow/.local/lib/python3.10/site-packages/airflow/example_dags/example_task_group.py for tasks to queue
[2026-07-21T18:46:52.516+0000] {logging_mixin.py:188} INFO - [2026-07-21T18:46:52.516+0000] {dagbag.py:538} INFO - Filling up the DagBag from /home/airflow/.local/lib/python3.10/site-packages/airflow/example_dags/example_task_group.py
[2026-07-21T18:46:52.524+0000] {processor.py:840} INFO - DAG(s) 'example_task_group' retrieved from /home/airflow/.local/lib/python3.10/site-packages/airflow/example_dags/example_task_group.py
[2026-07-21T18:46:52.545+0000] {logging_mixin.py:188} INFO - [2026-07-21T18:46:52.544+0000] {dag.py:3036} INFO - Sync 1 DAGs
[2026-07-21T18:46:52.563+0000] {logging_mixin.py:188} INFO - [2026-07-21T18:46:52.563+0000] {dag.py:3823} INFO - Setting next_dagrun for example_task_group to 2026-07-20 00:00:00+00:00, run_after=2026-07-21 00:00:00+00:00
[2026-07-21T18:46:52.580+0000] {processor.py:183} INFO - Processing /home/airflow/.local/lib/python3.10/site-packages/airflow/example_dags/example_task_group.py took 0.071 seconds
[2026-07-21T18:47:22.774+0000] {processor.py:161} INFO - Started process (PID=1533) to work on /home/airflow/.local/lib/python3.10/site-packages/airflow/example_dags/example_task_group.py
[2026-07-21T18:47:22.775+0000] {processor.py:830} INFO - Processing file /home/airflow/.local/lib/python3.10/site-packages/airflow/example_dags/example_task_group.py for tasks to queue
[2026-07-21T18:47:22.778+0000] {logging_mixin.py:188} INFO - [2026-07-21T18:47:22.778+0000] {dagbag.py:538} INFO - Filling up the DagBag from /home/airflow/.local/lib/python3.10/site-packages/airflow/example_dags/example_task_group.py
[2026-07-21T18:47:22.786+0000] {processor.py:840} INFO - DAG(s) 'example_task_group' retrieved from /home/airflow/.local/lib/python3.10/site-packages/airflow/example_dags/example_task_group.py
[2026-07-21T18:47:22.809+0000] {logging_mixin.py:188} INFO - [2026-07-21T18:47:22.808+0000] {dag.py:3036} INFO - Sync 1 DAGs
[2026-07-21T18:47:22.828+0000] {logging_mixin.py:188} INFO - [2026-07-21T18:47:22.827+0000] {dag.py:3823} INFO - Setting next_dagrun for example_task_group to 2026-07-20 00:00:00+00:00, run_after=2026-07-21 00:00:00+00:00
[2026-07-21T18:47:22.846+0000] {processor.py:183} INFO - Processing /home/airflow/.local/lib/python3.10/site-packages/airflow/example_dags/example_task_group.py took 0.077 seconds
[2026-07-21T18:47:53.471+0000] {processor.py:161} INFO - Started process (PID=1589) to work on /home/airflow/.local/lib/python3.10/site-packages/airflow/example_dags/example_task_group.py
[2026-07-21T18:47:53.473+0000] {processor.py:830} INFO - Processing file /home/airflow/.local/lib/python3.10/site-packages/airflow/example_dags/example_task_group.py for tasks to queue
[2026-07-21T18:47:53.475+0000] {logging_mixin.py:188} INFO - [2026-07-21T18:47:53.475+0000] {dagbag.py:538} INFO - Filling up the DagBag from /home/airflow/.local/lib/python3.10/site-packages/airflow/example_dags/example_task_group.py
[2026-07-21T18:47:53.482+0000] {processor.py:840} INFO - DAG(s) 'example_task_group' retrieved from /home/airflow/.local/lib/python3.10/site-packages/airflow/example_dags/example_task_group.py
[2026-07-21T18:47:53.503+0000] {logging_mixin.py:188} INFO - [2026-07-21T18:47:53.503+0000] {dag.py:3036} INFO - Sync 1 DAGs
[2026-07-21T18:47:53.522+0000] {logging_mixin.py:188} INFO - [2026-07-21T18:47:53.521+0000] {dag.py:3823} INFO - Setting next_dagrun for example_task_group to 2026-07-20 00:00:00+00:00, run_after=2026-07-21 00:00:00+00:00
[2026-07-21T18:47:53.541+0000] {processor.py:183} INFO - Processing /home/airflow/.local/lib/python3.10/site-packages/airflow/example_dags/example_task_group.py took 0.074 seconds
