[2026-07-21T17:56:31.724+0000] {processor.py:161} INFO - Started process (PID=96) to work on /home/airflow/.local/lib/python3.8/site-packages/airflow/example_dags/example_kubernetes_executor.py
[2026-07-21T17:56:31.726+0000] {processor.py:830} INFO - Processing file /home/airflow/.local/lib/python3.8/site-packages/airflow/example_dags/example_kubernetes_executor.py for tasks to queue
[2026-07-21T17:56:31.729+0000] {logging_mixin.py:188} INFO - [2026-07-21T17:56:31.728+0000] {dagbag.py:538} INFO - Filling up the DagBag from /home/airflow/.local/lib/python3.8/site-packages/airflow/example_dags/example_kubernetes_executor.py
[2026-07-21T17:56:31.770+0000] {processor.py:840} INFO - DAG(s) 'example_kubernetes_executor' retrieved from /home/airflow/.local/lib/python3.8/site-packages/airflow/example_dags/example_kubernetes_executor.py
[2026-07-21T17:56:32.020+0000] {logging_mixin.py:188} INFO - [2026-07-21T17:56:32.020+0000] {dag.py:3036} INFO - Sync 1 DAGs
[2026-07-21T17:56:32.045+0000] {logging_mixin.py:188} INFO - [2026-07-21T17:56:32.045+0000] {dag.py:3823} INFO - Setting next_dagrun for example_kubernetes_executor to None, run_after=None
[2026-07-21T17:56:32.083+0000] {processor.py:183} INFO - Processing /home/airflow/.local/lib/python3.8/site-packages/airflow/example_dags/example_kubernetes_executor.py took 0.364 seconds
[2026-07-21T17:57:02.266+0000] {processor.py:161} INFO - Started process (PID=152) to work on /home/airflow/.local/lib/python3.8/site-packages/airflow/example_dags/example_kubernetes_executor.py
[2026-07-21T17:57:02.268+0000] {processor.py:830} INFO - Processing file /home/airflow/.local/lib/python3.8/site-packages/airflow/example_dags/example_kubernetes_executor.py for tasks to queue
[2026-07-21T17:57:02.271+0000] {logging_mixin.py:188} INFO - [2026-07-21T17:57:02.270+0000] {dagbag.py:538} INFO - Filling up the DagBag from /home/airflow/.local/lib/python3.8/site-packages/airflow/example_dags/example_kubernetes_executor.py
[2026-07-21T17:57:02.287+0000] {processor.py:840} INFO - DAG(s) 'example_kubernetes_executor' retrieved from /home/airflow/.local/lib/python3.8/site-packages/airflow/example_dags/example_kubernetes_executor.py
[2026-07-21T17:57:02.327+0000] {logging_mixin.py:188} INFO - [2026-07-21T17:57:02.327+0000] {dag.py:3036} INFO - Sync 1 DAGs
[2026-07-21T17:57:02.342+0000] {logging_mixin.py:188} INFO - [2026-07-21T17:57:02.342+0000] {dag.py:3823} INFO - Setting next_dagrun for example_kubernetes_executor to None, run_after=None
[2026-07-21T17:57:02.367+0000] {processor.py:183} INFO - Processing /home/airflow/.local/lib/python3.8/site-packages/airflow/example_dags/example_kubernetes_executor.py took 0.108 seconds
[2026-07-21T17:57:32.673+0000] {processor.py:161} INFO - Started process (PID=208) to work on /home/airflow/.local/lib/python3.8/site-packages/airflow/example_dags/example_kubernetes_executor.py
[2026-07-21T17:57:32.676+0000] {processor.py:830} INFO - Processing file /home/airflow/.local/lib/python3.8/site-packages/airflow/example_dags/example_kubernetes_executor.py for tasks to queue
[2026-07-21T17:57:32.681+0000] {logging_mixin.py:188} INFO - [2026-07-21T17:57:32.680+0000] {dagbag.py:538} INFO - Filling up the DagBag from /home/airflow/.local/lib/python3.8/site-packages/airflow/example_dags/example_kubernetes_executor.py
[2026-07-21T17:57:32.701+0000] {processor.py:840} INFO - DAG(s) 'example_kubernetes_executor' retrieved from /home/airflow/.local/lib/python3.8/site-packages/airflow/example_dags/example_kubernetes_executor.py
[2026-07-21T17:57:32.747+0000] {logging_mixin.py:188} INFO - [2026-07-21T17:57:32.747+0000] {dag.py:3036} INFO - Sync 1 DAGs
[2026-07-21T17:57:32.762+0000] {logging_mixin.py:188} INFO - [2026-07-21T17:57:32.761+0000] {dag.py:3823} INFO - Setting next_dagrun for example_kubernetes_executor to None, run_after=None
[2026-07-21T17:57:32.782+0000] {processor.py:183} INFO - Processing /home/airflow/.local/lib/python3.8/site-packages/airflow/example_dags/example_kubernetes_executor.py took 0.115 seconds
[2026-07-21T17:58:02.905+0000] {processor.py:161} INFO - Started process (PID=264) to work on /home/airflow/.local/lib/python3.8/site-packages/airflow/example_dags/example_kubernetes_executor.py
[2026-07-21T17:58:02.906+0000] {processor.py:830} INFO - Processing file /home/airflow/.local/lib/python3.8/site-packages/airflow/example_dags/example_kubernetes_executor.py for tasks to queue
[2026-07-21T17:58:02.908+0000] {logging_mixin.py:188} INFO - [2026-07-21T17:58:02.907+0000] {dagbag.py:538} INFO - Filling up the DagBag from /home/airflow/.local/lib/python3.8/site-packages/airflow/example_dags/example_kubernetes_executor.py
[2026-07-21T17:58:02.921+0000] {processor.py:840} INFO - DAG(s) 'example_kubernetes_executor' retrieved from /home/airflow/.local/lib/python3.8/site-packages/airflow/example_dags/example_kubernetes_executor.py
[2026-07-21T17:58:02.958+0000] {logging_mixin.py:188} INFO - [2026-07-21T17:58:02.958+0000] {dag.py:3036} INFO - Sync 1 DAGs
[2026-07-21T17:58:02.969+0000] {logging_mixin.py:188} INFO - [2026-07-21T17:58:02.969+0000] {dag.py:3823} INFO - Setting next_dagrun for example_kubernetes_executor to None, run_after=None
[2026-07-21T17:58:02.987+0000] {processor.py:183} INFO - Processing /home/airflow/.local/lib/python3.8/site-packages/airflow/example_dags/example_kubernetes_executor.py took 0.087 seconds
[2026-07-21T17:58:33.342+0000] {processor.py:161} INFO - Started process (PID=320) to work on /home/airflow/.local/lib/python3.8/site-packages/airflow/example_dags/example_kubernetes_executor.py
[2026-07-21T17:58:33.344+0000] {processor.py:830} INFO - Processing file /home/airflow/.local/lib/python3.8/site-packages/airflow/example_dags/example_kubernetes_executor.py for tasks to queue
[2026-07-21T17:58:33.346+0000] {logging_mixin.py:188} INFO - [2026-07-21T17:58:33.345+0000] {dagbag.py:538} INFO - Filling up the DagBag from /home/airflow/.local/lib/python3.8/site-packages/airflow/example_dags/example_kubernetes_executor.py
[2026-07-21T17:58:33.359+0000] {processor.py:840} INFO - DAG(s) 'example_kubernetes_executor' retrieved from /home/airflow/.local/lib/python3.8/site-packages/airflow/example_dags/example_kubernetes_executor.py
[2026-07-21T17:58:33.397+0000] {logging_mixin.py:188} INFO - [2026-07-21T17:58:33.396+0000] {dag.py:3036} INFO - Sync 1 DAGs
[2026-07-21T17:58:33.407+0000] {logging_mixin.py:188} INFO - [2026-07-21T17:58:33.407+0000] {dag.py:3823} INFO - Setting next_dagrun for example_kubernetes_executor to None, run_after=None
[2026-07-21T17:58:33.427+0000] {processor.py:183} INFO - Processing /home/airflow/.local/lib/python3.8/site-packages/airflow/example_dags/example_kubernetes_executor.py took 0.088 seconds
[2026-07-21T17:59:03.657+0000] {processor.py:161} INFO - Started process (PID=376) to work on /home/airflow/.local/lib/python3.8/site-packages/airflow/example_dags/example_kubernetes_executor.py
[2026-07-21T17:59:03.658+0000] {processor.py:830} INFO - Processing file /home/airflow/.local/lib/python3.8/site-packages/airflow/example_dags/example_kubernetes_executor.py for tasks to queue
[2026-07-21T17:59:03.660+0000] {logging_mixin.py:188} INFO - [2026-07-21T17:59:03.660+0000] {dagbag.py:538} INFO - Filling up the DagBag from /home/airflow/.local/lib/python3.8/site-packages/airflow/example_dags/example_kubernetes_executor.py
[2026-07-21T17:59:03.673+0000] {processor.py:840} INFO - DAG(s) 'example_kubernetes_executor' retrieved from /home/airflow/.local/lib/python3.8/site-packages/airflow/example_dags/example_kubernetes_executor.py
[2026-07-21T17:59:03.714+0000] {logging_mixin.py:188} INFO - [2026-07-21T17:59:03.714+0000] {dag.py:3036} INFO - Sync 1 DAGs
[2026-07-21T17:59:03.728+0000] {logging_mixin.py:188} INFO - [2026-07-21T17:59:03.728+0000] {dag.py:3823} INFO - Setting next_dagrun for example_kubernetes_executor to None, run_after=None
[2026-07-21T17:59:03.749+0000] {processor.py:183} INFO - Processing /home/airflow/.local/lib/python3.8/site-packages/airflow/example_dags/example_kubernetes_executor.py took 0.096 seconds
[2026-07-21T17:59:33.789+0000] {processor.py:161} INFO - Started process (PID=432) to work on /home/airflow/.local/lib/python3.8/site-packages/airflow/example_dags/example_kubernetes_executor.py
[2026-07-21T17:59:33.790+0000] {processor.py:830} INFO - Processing file /home/airflow/.local/lib/python3.8/site-packages/airflow/example_dags/example_kubernetes_executor.py for tasks to queue
[2026-07-21T17:59:33.792+0000] {logging_mixin.py:188} INFO - [2026-07-21T17:59:33.792+0000] {dagbag.py:538} INFO - Filling up the DagBag from /home/airflow/.local/lib/python3.8/site-packages/airflow/example_dags/example_kubernetes_executor.py
[2026-07-21T17:59:33.808+0000] {processor.py:840} INFO - DAG(s) 'example_kubernetes_executor' retrieved from /home/airflow/.local/lib/python3.8/site-packages/airflow/example_dags/example_kubernetes_executor.py
[2026-07-21T17:59:33.849+0000] {logging_mixin.py:188} INFO - [2026-07-21T17:59:33.849+0000] {dag.py:3036} INFO - Sync 1 DAGs
[2026-07-21T17:59:33.861+0000] {logging_mixin.py:188} INFO - [2026-07-21T17:59:33.861+0000] {dag.py:3823} INFO - Setting next_dagrun for example_kubernetes_executor to None, run_after=None
[2026-07-21T17:59:33.881+0000] {processor.py:183} INFO - Processing /home/airflow/.local/lib/python3.8/site-packages/airflow/example_dags/example_kubernetes_executor.py took 0.096 seconds
[2026-07-21T18:00:04.110+0000] {processor.py:161} INFO - Started process (PID=488) to work on /home/airflow/.local/lib/python3.8/site-packages/airflow/example_dags/example_kubernetes_executor.py
[2026-07-21T18:00:04.111+0000] {processor.py:830} INFO - Processing file /home/airflow/.local/lib/python3.8/site-packages/airflow/example_dags/example_kubernetes_executor.py for tasks to queue
[2026-07-21T18:00:04.113+0000] {logging_mixin.py:188} INFO - [2026-07-21T18:00:04.113+0000] {dagbag.py:538} INFO - Filling up the DagBag from /home/airflow/.local/lib/python3.8/site-packages/airflow/example_dags/example_kubernetes_executor.py
[2026-07-21T18:00:04.127+0000] {processor.py:840} INFO - DAG(s) 'example_kubernetes_executor' retrieved from /home/airflow/.local/lib/python3.8/site-packages/airflow/example_dags/example_kubernetes_executor.py
[2026-07-21T18:00:04.165+0000] {logging_mixin.py:188} INFO - [2026-07-21T18:00:04.164+0000] {dag.py:3036} INFO - Sync 1 DAGs
[2026-07-21T18:00:04.179+0000] {logging_mixin.py:188} INFO - [2026-07-21T18:00:04.179+0000] {dag.py:3823} INFO - Setting next_dagrun for example_kubernetes_executor to None, run_after=None
[2026-07-21T18:00:04.200+0000] {processor.py:183} INFO - Processing /home/airflow/.local/lib/python3.8/site-packages/airflow/example_dags/example_kubernetes_executor.py took 0.094 seconds
[2026-07-21T18:00:34.591+0000] {processor.py:161} INFO - Started process (PID=544) to work on /home/airflow/.local/lib/python3.8/site-packages/airflow/example_dags/example_kubernetes_executor.py
[2026-07-21T18:00:34.592+0000] {processor.py:830} INFO - Processing file /home/airflow/.local/lib/python3.8/site-packages/airflow/example_dags/example_kubernetes_executor.py for tasks to queue
[2026-07-21T18:00:34.594+0000] {logging_mixin.py:188} INFO - [2026-07-21T18:00:34.594+0000] {dagbag.py:538} INFO - Filling up the DagBag from /home/airflow/.local/lib/python3.8/site-packages/airflow/example_dags/example_kubernetes_executor.py
[2026-07-21T18:00:34.607+0000] {processor.py:840} INFO - DAG(s) 'example_kubernetes_executor' retrieved from /home/airflow/.local/lib/python3.8/site-packages/airflow/example_dags/example_kubernetes_executor.py
[2026-07-21T18:00:34.646+0000] {logging_mixin.py:188} INFO - [2026-07-21T18:00:34.646+0000] {dag.py:3036} INFO - Sync 1 DAGs
[2026-07-21T18:00:34.658+0000] {logging_mixin.py:188} INFO - [2026-07-21T18:00:34.658+0000] {dag.py:3823} INFO - Setting next_dagrun for example_kubernetes_executor to None, run_after=None
[2026-07-21T18:00:34.678+0000] {processor.py:183} INFO - Processing /home/airflow/.local/lib/python3.8/site-packages/airflow/example_dags/example_kubernetes_executor.py took 0.091 seconds
[2026-07-21T18:01:04.757+0000] {processor.py:161} INFO - Started process (PID=601) to work on /home/airflow/.local/lib/python3.8/site-packages/airflow/example_dags/example_kubernetes_executor.py
[2026-07-21T18:01:04.758+0000] {processor.py:830} INFO - Processing file /home/airflow/.local/lib/python3.8/site-packages/airflow/example_dags/example_kubernetes_executor.py for tasks to queue
[2026-07-21T18:01:04.760+0000] {logging_mixin.py:188} INFO - [2026-07-21T18:01:04.760+0000] {dagbag.py:538} INFO - Filling up the DagBag from /home/airflow/.local/lib/python3.8/site-packages/airflow/example_dags/example_kubernetes_executor.py
[2026-07-21T18:01:04.773+0000] {processor.py:840} INFO - DAG(s) 'example_kubernetes_executor' retrieved from /home/airflow/.local/lib/python3.8/site-packages/airflow/example_dags/example_kubernetes_executor.py
[2026-07-21T18:01:04.810+0000] {logging_mixin.py:188} INFO - [2026-07-21T18:01:04.809+0000] {dag.py:3036} INFO - Sync 1 DAGs
[2026-07-21T18:01:04.824+0000] {logging_mixin.py:188} INFO - [2026-07-21T18:01:04.824+0000] {dag.py:3823} INFO - Setting next_dagrun for example_kubernetes_executor to None, run_after=None
[2026-07-21T18:01:04.843+0000] {processor.py:183} INFO - Processing /home/airflow/.local/lib/python3.8/site-packages/airflow/example_dags/example_kubernetes_executor.py took 0.090 seconds
[2026-07-21T18:01:35.302+0000] {processor.py:161} INFO - Started process (PID=657) to work on /home/airflow/.local/lib/python3.8/site-packages/airflow/example_dags/example_kubernetes_executor.py
[2026-07-21T18:01:35.303+0000] {processor.py:830} INFO - Processing file /home/airflow/.local/lib/python3.8/site-packages/airflow/example_dags/example_kubernetes_executor.py for tasks to queue
[2026-07-21T18:01:35.305+0000] {logging_mixin.py:188} INFO - [2026-07-21T18:01:35.305+0000] {dagbag.py:538} INFO - Filling up the DagBag from /home/airflow/.local/lib/python3.8/site-packages/airflow/example_dags/example_kubernetes_executor.py
[2026-07-21T18:01:35.319+0000] {processor.py:840} INFO - DAG(s) 'example_kubernetes_executor' retrieved from /home/airflow/.local/lib/python3.8/site-packages/airflow/example_dags/example_kubernetes_executor.py
[2026-07-21T18:01:35.367+0000] {logging_mixin.py:188} INFO - [2026-07-21T18:01:35.366+0000] {dag.py:3036} INFO - Sync 1 DAGs
[2026-07-21T18:01:35.383+0000] {logging_mixin.py:188} INFO - [2026-07-21T18:01:35.383+0000] {dag.py:3823} INFO - Setting next_dagrun for example_kubernetes_executor to None, run_after=None
[2026-07-21T18:01:35.407+0000] {processor.py:183} INFO - Processing /home/airflow/.local/lib/python3.8/site-packages/airflow/example_dags/example_kubernetes_executor.py took 0.110 seconds
[2026-07-21T18:02:05.463+0000] {processor.py:161} INFO - Started process (PID=713) to work on /home/airflow/.local/lib/python3.8/site-packages/airflow/example_dags/example_kubernetes_executor.py
[2026-07-21T18:02:05.464+0000] {processor.py:830} INFO - Processing file /home/airflow/.local/lib/python3.8/site-packages/airflow/example_dags/example_kubernetes_executor.py for tasks to queue
[2026-07-21T18:02:05.466+0000] {logging_mixin.py:188} INFO - [2026-07-21T18:02:05.466+0000] {dagbag.py:538} INFO - Filling up the DagBag from /home/airflow/.local/lib/python3.8/site-packages/airflow/example_dags/example_kubernetes_executor.py
[2026-07-21T18:02:05.479+0000] {processor.py:840} INFO - DAG(s) 'example_kubernetes_executor' retrieved from /home/airflow/.local/lib/python3.8/site-packages/airflow/example_dags/example_kubernetes_executor.py
[2026-07-21T18:02:05.520+0000] {logging_mixin.py:188} INFO - [2026-07-21T18:02:05.520+0000] {dag.py:3036} INFO - Sync 1 DAGs
[2026-07-21T18:02:05.532+0000] {logging_mixin.py:188} INFO - [2026-07-21T18:02:05.532+0000] {dag.py:3823} INFO - Setting next_dagrun for example_kubernetes_executor to None, run_after=None
[2026-07-21T18:02:05.552+0000] {processor.py:183} INFO - Processing /home/airflow/.local/lib/python3.8/site-packages/airflow/example_dags/example_kubernetes_executor.py took 0.093 seconds
[2026-07-21T18:02:36.047+0000] {processor.py:161} INFO - Started process (PID=769) to work on /home/airflow/.local/lib/python3.8/site-packages/airflow/example_dags/example_kubernetes_executor.py
[2026-07-21T18:02:36.048+0000] {processor.py:830} INFO - Processing file /home/airflow/.local/lib/python3.8/site-packages/airflow/example_dags/example_kubernetes_executor.py for tasks to queue
[2026-07-21T18:02:36.051+0000] {logging_mixin.py:188} INFO - [2026-07-21T18:02:36.050+0000] {dagbag.py:538} INFO - Filling up the DagBag from /home/airflow/.local/lib/python3.8/site-packages/airflow/example_dags/example_kubernetes_executor.py
[2026-07-21T18:02:36.065+0000] {processor.py:840} INFO - DAG(s) 'example_kubernetes_executor' retrieved from /home/airflow/.local/lib/python3.8/site-packages/airflow/example_dags/example_kubernetes_executor.py
[2026-07-21T18:02:36.106+0000] {logging_mixin.py:188} INFO - [2026-07-21T18:02:36.105+0000] {dag.py:3036} INFO - Sync 1 DAGs
[2026-07-21T18:02:36.119+0000] {logging_mixin.py:188} INFO - [2026-07-21T18:02:36.119+0000] {dag.py:3823} INFO - Setting next_dagrun for example_kubernetes_executor to None, run_after=None
[2026-07-21T18:02:36.139+0000] {processor.py:183} INFO - Processing /home/airflow/.local/lib/python3.8/site-packages/airflow/example_dags/example_kubernetes_executor.py took 0.096 seconds
[2026-07-21T18:03:06.246+0000] {processor.py:161} INFO - Started process (PID=825) to work on /home/airflow/.local/lib/python3.8/site-packages/airflow/example_dags/example_kubernetes_executor.py
[2026-07-21T18:03:06.247+0000] {processor.py:830} INFO - Processing file /home/airflow/.local/lib/python3.8/site-packages/airflow/example_dags/example_kubernetes_executor.py for tasks to queue
[2026-07-21T18:03:06.249+0000] {logging_mixin.py:188} INFO - [2026-07-21T18:03:06.249+0000] {dagbag.py:538} INFO - Filling up the DagBag from /home/airflow/.local/lib/python3.8/site-packages/airflow/example_dags/example_kubernetes_executor.py
[2026-07-21T18:03:06.262+0000] {processor.py:840} INFO - DAG(s) 'example_kubernetes_executor' retrieved from /home/airflow/.local/lib/python3.8/site-packages/airflow/example_dags/example_kubernetes_executor.py
[2026-07-21T18:03:06.300+0000] {logging_mixin.py:188} INFO - [2026-07-21T18:03:06.299+0000] {dag.py:3036} INFO - Sync 1 DAGs
[2026-07-21T18:03:06.311+0000] {logging_mixin.py:188} INFO - [2026-07-21T18:03:06.310+0000] {dag.py:3823} INFO - Setting next_dagrun for example_kubernetes_executor to None, run_after=None
[2026-07-21T18:03:06.335+0000] {processor.py:183} INFO - Processing /home/airflow/.local/lib/python3.8/site-packages/airflow/example_dags/example_kubernetes_executor.py took 0.093 seconds
[2026-07-21T18:03:36.596+0000] {processor.py:161} INFO - Started process (PID=881) to work on /home/airflow/.local/lib/python3.8/site-packages/airflow/example_dags/example_kubernetes_executor.py
[2026-07-21T18:03:36.597+0000] {processor.py:830} INFO - Processing file /home/airflow/.local/lib/python3.8/site-packages/airflow/example_dags/example_kubernetes_executor.py for tasks to queue
[2026-07-21T18:03:36.599+0000] {logging_mixin.py:188} INFO - [2026-07-21T18:03:36.598+0000] {dagbag.py:538} INFO - Filling up the DagBag from /home/airflow/.local/lib/python3.8/site-packages/airflow/example_dags/example_kubernetes_executor.py
[2026-07-21T18:03:36.613+0000] {processor.py:840} INFO - DAG(s) 'example_kubernetes_executor' retrieved from /home/airflow/.local/lib/python3.8/site-packages/airflow/example_dags/example_kubernetes_executor.py
[2026-07-21T18:03:36.651+0000] {logging_mixin.py:188} INFO - [2026-07-21T18:03:36.651+0000] {dag.py:3036} INFO - Sync 1 DAGs
[2026-07-21T18:03:36.662+0000] {logging_mixin.py:188} INFO - [2026-07-21T18:03:36.662+0000] {dag.py:3823} INFO - Setting next_dagrun for example_kubernetes_executor to None, run_after=None
[2026-07-21T18:03:36.682+0000] {processor.py:183} INFO - Processing /home/airflow/.local/lib/python3.8/site-packages/airflow/example_dags/example_kubernetes_executor.py took 0.090 seconds
[2026-07-21T18:04:07.053+0000] {processor.py:161} INFO - Started process (PID=937) to work on /home/airflow/.local/lib/python3.8/site-packages/airflow/example_dags/example_kubernetes_executor.py
[2026-07-21T18:04:07.054+0000] {processor.py:830} INFO - Processing file /home/airflow/.local/lib/python3.8/site-packages/airflow/example_dags/example_kubernetes_executor.py for tasks to queue
[2026-07-21T18:04:07.056+0000] {logging_mixin.py:188} INFO - [2026-07-21T18:04:07.056+0000] {dagbag.py:538} INFO - Filling up the DagBag from /home/airflow/.local/lib/python3.8/site-packages/airflow/example_dags/example_kubernetes_executor.py
[2026-07-21T18:04:07.069+0000] {processor.py:840} INFO - DAG(s) 'example_kubernetes_executor' retrieved from /home/airflow/.local/lib/python3.8/site-packages/airflow/example_dags/example_kubernetes_executor.py
[2026-07-21T18:04:07.106+0000] {logging_mixin.py:188} INFO - [2026-07-21T18:04:07.106+0000] {dag.py:3036} INFO - Sync 1 DAGs
[2026-07-21T18:04:07.117+0000] {logging_mixin.py:188} INFO - [2026-07-21T18:04:07.116+0000] {dag.py:3823} INFO - Setting next_dagrun for example_kubernetes_executor to None, run_after=None
[2026-07-21T18:04:07.136+0000] {processor.py:183} INFO - Processing /home/airflow/.local/lib/python3.8/site-packages/airflow/example_dags/example_kubernetes_executor.py took 0.087 seconds
[2026-07-21T18:04:37.332+0000] {processor.py:161} INFO - Started process (PID=993) to work on /home/airflow/.local/lib/python3.8/site-packages/airflow/example_dags/example_kubernetes_executor.py
[2026-07-21T18:04:37.333+0000] {processor.py:830} INFO - Processing file /home/airflow/.local/lib/python3.8/site-packages/airflow/example_dags/example_kubernetes_executor.py for tasks to queue
[2026-07-21T18:04:37.335+0000] {logging_mixin.py:188} INFO - [2026-07-21T18:04:37.335+0000] {dagbag.py:538} INFO - Filling up the DagBag from /home/airflow/.local/lib/python3.8/site-packages/airflow/example_dags/example_kubernetes_executor.py
[2026-07-21T18:04:37.348+0000] {processor.py:840} INFO - DAG(s) 'example_kubernetes_executor' retrieved from /home/airflow/.local/lib/python3.8/site-packages/airflow/example_dags/example_kubernetes_executor.py
[2026-07-21T18:04:37.387+0000] {logging_mixin.py:188} INFO - [2026-07-21T18:04:37.387+0000] {dag.py:3036} INFO - Sync 1 DAGs
[2026-07-21T18:04:37.399+0000] {logging_mixin.py:188} INFO - [2026-07-21T18:04:37.398+0000] {dag.py:3823} INFO - Setting next_dagrun for example_kubernetes_executor to None, run_after=None
[2026-07-21T18:04:37.418+0000] {processor.py:183} INFO - Processing /home/airflow/.local/lib/python3.8/site-packages/airflow/example_dags/example_kubernetes_executor.py took 0.090 seconds
[2026-07-21T18:05:07.791+0000] {processor.py:161} INFO - Started process (PID=1049) to work on /home/airflow/.local/lib/python3.8/site-packages/airflow/example_dags/example_kubernetes_executor.py
[2026-07-21T18:05:07.792+0000] {processor.py:830} INFO - Processing file /home/airflow/.local/lib/python3.8/site-packages/airflow/example_dags/example_kubernetes_executor.py for tasks to queue
[2026-07-21T18:05:07.795+0000] {logging_mixin.py:188} INFO - [2026-07-21T18:05:07.794+0000] {dagbag.py:538} INFO - Filling up the DagBag from /home/airflow/.local/lib/python3.8/site-packages/airflow/example_dags/example_kubernetes_executor.py
[2026-07-21T18:05:07.809+0000] {processor.py:840} INFO - DAG(s) 'example_kubernetes_executor' retrieved from /home/airflow/.local/lib/python3.8/site-packages/airflow/example_dags/example_kubernetes_executor.py
[2026-07-21T18:05:07.851+0000] {logging_mixin.py:188} INFO - [2026-07-21T18:05:07.851+0000] {dag.py:3036} INFO - Sync 1 DAGs
[2026-07-21T18:05:07.863+0000] {logging_mixin.py:188} INFO - [2026-07-21T18:05:07.863+0000] {dag.py:3823} INFO - Setting next_dagrun for example_kubernetes_executor to None, run_after=None
[2026-07-21T18:05:07.882+0000] {processor.py:183} INFO - Processing /home/airflow/.local/lib/python3.8/site-packages/airflow/example_dags/example_kubernetes_executor.py took 0.096 seconds
[2026-07-21T18:05:38.458+0000] {processor.py:161} INFO - Started process (PID=1106) to work on /home/airflow/.local/lib/python3.8/site-packages/airflow/example_dags/example_kubernetes_executor.py
[2026-07-21T18:05:38.459+0000] {processor.py:830} INFO - Processing file /home/airflow/.local/lib/python3.8/site-packages/airflow/example_dags/example_kubernetes_executor.py for tasks to queue
[2026-07-21T18:05:38.461+0000] {logging_mixin.py:188} INFO - [2026-07-21T18:05:38.461+0000] {dagbag.py:538} INFO - Filling up the DagBag from /home/airflow/.local/lib/python3.8/site-packages/airflow/example_dags/example_kubernetes_executor.py
[2026-07-21T18:05:38.475+0000] {processor.py:840} INFO - DAG(s) 'example_kubernetes_executor' retrieved from /home/airflow/.local/lib/python3.8/site-packages/airflow/example_dags/example_kubernetes_executor.py
[2026-07-21T18:05:38.514+0000] {logging_mixin.py:188} INFO - [2026-07-21T18:05:38.514+0000] {dag.py:3036} INFO - Sync 1 DAGs
[2026-07-21T18:05:38.525+0000] {logging_mixin.py:188} INFO - [2026-07-21T18:05:38.525+0000] {dag.py:3823} INFO - Setting next_dagrun for example_kubernetes_executor to None, run_after=None
[2026-07-21T18:05:38.544+0000] {processor.py:183} INFO - Processing /home/airflow/.local/lib/python3.8/site-packages/airflow/example_dags/example_kubernetes_executor.py took 0.089 seconds
[2026-07-21T18:06:08.876+0000] {processor.py:161} INFO - Started process (PID=1161) to work on /home/airflow/.local/lib/python3.8/site-packages/airflow/example_dags/example_kubernetes_executor.py
[2026-07-21T18:06:08.877+0000] {processor.py:830} INFO - Processing file /home/airflow/.local/lib/python3.8/site-packages/airflow/example_dags/example_kubernetes_executor.py for tasks to queue
[2026-07-21T18:06:08.879+0000] {logging_mixin.py:188} INFO - [2026-07-21T18:06:08.879+0000] {dagbag.py:538} INFO - Filling up the DagBag from /home/airflow/.local/lib/python3.8/site-packages/airflow/example_dags/example_kubernetes_executor.py
[2026-07-21T18:06:08.899+0000] {processor.py:840} INFO - DAG(s) 'example_kubernetes_executor' retrieved from /home/airflow/.local/lib/python3.8/site-packages/airflow/example_dags/example_kubernetes_executor.py
[2026-07-21T18:06:08.948+0000] {logging_mixin.py:188} INFO - [2026-07-21T18:06:08.947+0000] {dag.py:3036} INFO - Sync 1 DAGs
[2026-07-21T18:06:08.964+0000] {logging_mixin.py:188} INFO - [2026-07-21T18:06:08.963+0000] {dag.py:3823} INFO - Setting next_dagrun for example_kubernetes_executor to None, run_after=None
[2026-07-21T18:06:08.990+0000] {processor.py:183} INFO - Processing /home/airflow/.local/lib/python3.8/site-packages/airflow/example_dags/example_kubernetes_executor.py took 0.118 seconds
[2026-07-21T18:06:39.371+0000] {processor.py:161} INFO - Started process (PID=1217) to work on /home/airflow/.local/lib/python3.8/site-packages/airflow/example_dags/example_kubernetes_executor.py
[2026-07-21T18:06:39.372+0000] {processor.py:830} INFO - Processing file /home/airflow/.local/lib/python3.8/site-packages/airflow/example_dags/example_kubernetes_executor.py for tasks to queue
[2026-07-21T18:06:39.375+0000] {logging_mixin.py:188} INFO - [2026-07-21T18:06:39.374+0000] {dagbag.py:538} INFO - Filling up the DagBag from /home/airflow/.local/lib/python3.8/site-packages/airflow/example_dags/example_kubernetes_executor.py
[2026-07-21T18:06:39.389+0000] {processor.py:840} INFO - DAG(s) 'example_kubernetes_executor' retrieved from /home/airflow/.local/lib/python3.8/site-packages/airflow/example_dags/example_kubernetes_executor.py
[2026-07-21T18:06:39.440+0000] {logging_mixin.py:188} INFO - [2026-07-21T18:06:39.439+0000] {dag.py:3036} INFO - Sync 1 DAGs
[2026-07-21T18:06:39.452+0000] {logging_mixin.py:188} INFO - [2026-07-21T18:06:39.452+0000] {dag.py:3823} INFO - Setting next_dagrun for example_kubernetes_executor to None, run_after=None
[2026-07-21T18:06:39.474+0000] {processor.py:183} INFO - Processing /home/airflow/.local/lib/python3.8/site-packages/airflow/example_dags/example_kubernetes_executor.py took 0.106 seconds
[2026-07-21T18:07:09.681+0000] {processor.py:161} INFO - Started process (PID=1273) to work on /home/airflow/.local/lib/python3.8/site-packages/airflow/example_dags/example_kubernetes_executor.py
[2026-07-21T18:07:09.682+0000] {processor.py:830} INFO - Processing file /home/airflow/.local/lib/python3.8/site-packages/airflow/example_dags/example_kubernetes_executor.py for tasks to queue
[2026-07-21T18:07:09.684+0000] {logging_mixin.py:188} INFO - [2026-07-21T18:07:09.684+0000] {dagbag.py:538} INFO - Filling up the DagBag from /home/airflow/.local/lib/python3.8/site-packages/airflow/example_dags/example_kubernetes_executor.py
[2026-07-21T18:07:09.697+0000] {processor.py:840} INFO - DAG(s) 'example_kubernetes_executor' retrieved from /home/airflow/.local/lib/python3.8/site-packages/airflow/example_dags/example_kubernetes_executor.py
[2026-07-21T18:07:09.734+0000] {logging_mixin.py:188} INFO - [2026-07-21T18:07:09.734+0000] {dag.py:3036} INFO - Sync 1 DAGs
[2026-07-21T18:07:09.745+0000] {logging_mixin.py:188} INFO - [2026-07-21T18:07:09.745+0000] {dag.py:3823} INFO - Setting next_dagrun for example_kubernetes_executor to None, run_after=None
[2026-07-21T18:07:09.767+0000] {processor.py:183} INFO - Processing /home/airflow/.local/lib/python3.8/site-packages/airflow/example_dags/example_kubernetes_executor.py took 0.089 seconds
[2026-07-21T18:09:14.041+0000] {processor.py:161} INFO - Started process (PID=130) to work on /home/airflow/.local/lib/python3.8/site-packages/airflow/example_dags/example_kubernetes_executor.py
[2026-07-21T18:09:14.044+0000] {processor.py:830} INFO - Processing file /home/airflow/.local/lib/python3.8/site-packages/airflow/example_dags/example_kubernetes_executor.py for tasks to queue
[2026-07-21T18:09:14.047+0000] {logging_mixin.py:188} INFO - [2026-07-21T18:09:14.047+0000] {dagbag.py:538} INFO - Filling up the DagBag from /home/airflow/.local/lib/python3.8/site-packages/airflow/example_dags/example_kubernetes_executor.py
[2026-07-21T18:09:14.075+0000] {processor.py:840} INFO - DAG(s) 'example_kubernetes_executor' retrieved from /home/airflow/.local/lib/python3.8/site-packages/airflow/example_dags/example_kubernetes_executor.py
[2026-07-21T18:09:14.094+0000] {logging_mixin.py:188} INFO - [2026-07-21T18:09:14.094+0000] {dag.py:3036} INFO - Sync 1 DAGs
[2026-07-21T18:09:14.115+0000] {logging_mixin.py:188} INFO - [2026-07-21T18:09:14.114+0000] {dag.py:3823} INFO - Setting next_dagrun for example_kubernetes_executor to None, run_after=None
[2026-07-21T18:09:14.146+0000] {processor.py:183} INFO - Processing /home/airflow/.local/lib/python3.8/site-packages/airflow/example_dags/example_kubernetes_executor.py took 0.112 seconds
[2026-07-21T18:09:45.055+0000] {processor.py:161} INFO - Started process (PID=186) to work on /home/airflow/.local/lib/python3.8/site-packages/airflow/example_dags/example_kubernetes_executor.py
[2026-07-21T18:09:45.056+0000] {processor.py:830} INFO - Processing file /home/airflow/.local/lib/python3.8/site-packages/airflow/example_dags/example_kubernetes_executor.py for tasks to queue
[2026-07-21T18:09:45.058+0000] {logging_mixin.py:188} INFO - [2026-07-21T18:09:45.058+0000] {dagbag.py:538} INFO - Filling up the DagBag from /home/airflow/.local/lib/python3.8/site-packages/airflow/example_dags/example_kubernetes_executor.py
[2026-07-21T18:09:45.074+0000] {processor.py:840} INFO - DAG(s) 'example_kubernetes_executor' retrieved from /home/airflow/.local/lib/python3.8/site-packages/airflow/example_dags/example_kubernetes_executor.py
[2026-07-21T18:09:45.195+0000] {logging_mixin.py:188} INFO - [2026-07-21T18:09:45.195+0000] {dag.py:3036} INFO - Sync 1 DAGs
[2026-07-21T18:09:45.204+0000] {logging_mixin.py:188} INFO - [2026-07-21T18:09:45.204+0000] {dag.py:3823} INFO - Setting next_dagrun for example_kubernetes_executor to None, run_after=None
[2026-07-21T18:09:45.224+0000] {processor.py:183} INFO - Processing /home/airflow/.local/lib/python3.8/site-packages/airflow/example_dags/example_kubernetes_executor.py took 0.174 seconds
[2026-07-21T18:10:15.335+0000] {processor.py:161} INFO - Started process (PID=242) to work on /home/airflow/.local/lib/python3.8/site-packages/airflow/example_dags/example_kubernetes_executor.py
[2026-07-21T18:10:15.337+0000] {processor.py:830} INFO - Processing file /home/airflow/.local/lib/python3.8/site-packages/airflow/example_dags/example_kubernetes_executor.py for tasks to queue
[2026-07-21T18:10:15.339+0000] {logging_mixin.py:188} INFO - [2026-07-21T18:10:15.338+0000] {dagbag.py:538} INFO - Filling up the DagBag from /home/airflow/.local/lib/python3.8/site-packages/airflow/example_dags/example_kubernetes_executor.py
[2026-07-21T18:10:15.352+0000] {processor.py:840} INFO - DAG(s) 'example_kubernetes_executor' retrieved from /home/airflow/.local/lib/python3.8/site-packages/airflow/example_dags/example_kubernetes_executor.py
[2026-07-21T18:10:15.390+0000] {logging_mixin.py:188} INFO - [2026-07-21T18:10:15.389+0000] {dag.py:3036} INFO - Sync 1 DAGs
[2026-07-21T18:10:15.402+0000] {logging_mixin.py:188} INFO - [2026-07-21T18:10:15.401+0000] {dag.py:3823} INFO - Setting next_dagrun for example_kubernetes_executor to None, run_after=None
[2026-07-21T18:10:15.421+0000] {processor.py:183} INFO - Processing /home/airflow/.local/lib/python3.8/site-packages/airflow/example_dags/example_kubernetes_executor.py took 0.089 seconds
[2026-07-21T18:10:45.742+0000] {processor.py:161} INFO - Started process (PID=298) to work on /home/airflow/.local/lib/python3.8/site-packages/airflow/example_dags/example_kubernetes_executor.py
[2026-07-21T18:10:45.744+0000] {processor.py:830} INFO - Processing file /home/airflow/.local/lib/python3.8/site-packages/airflow/example_dags/example_kubernetes_executor.py for tasks to queue
[2026-07-21T18:10:45.746+0000] {logging_mixin.py:188} INFO - [2026-07-21T18:10:45.745+0000] {dagbag.py:538} INFO - Filling up the DagBag from /home/airflow/.local/lib/python3.8/site-packages/airflow/example_dags/example_kubernetes_executor.py
[2026-07-21T18:10:45.759+0000] {processor.py:840} INFO - DAG(s) 'example_kubernetes_executor' retrieved from /home/airflow/.local/lib/python3.8/site-packages/airflow/example_dags/example_kubernetes_executor.py
[2026-07-21T18:10:45.801+0000] {logging_mixin.py:188} INFO - [2026-07-21T18:10:45.801+0000] {dag.py:3036} INFO - Sync 1 DAGs
[2026-07-21T18:10:45.814+0000] {logging_mixin.py:188} INFO - [2026-07-21T18:10:45.814+0000] {dag.py:3823} INFO - Setting next_dagrun for example_kubernetes_executor to None, run_after=None
[2026-07-21T18:10:45.834+0000] {processor.py:183} INFO - Processing /home/airflow/.local/lib/python3.8/site-packages/airflow/example_dags/example_kubernetes_executor.py took 0.096 seconds
[2026-07-21T18:11:16.168+0000] {processor.py:161} INFO - Started process (PID=354) to work on /home/airflow/.local/lib/python3.8/site-packages/airflow/example_dags/example_kubernetes_executor.py
[2026-07-21T18:11:16.170+0000] {processor.py:830} INFO - Processing file /home/airflow/.local/lib/python3.8/site-packages/airflow/example_dags/example_kubernetes_executor.py for tasks to queue
[2026-07-21T18:11:16.173+0000] {logging_mixin.py:188} INFO - [2026-07-21T18:11:16.173+0000] {dagbag.py:538} INFO - Filling up the DagBag from /home/airflow/.local/lib/python3.8/site-packages/airflow/example_dags/example_kubernetes_executor.py
[2026-07-21T18:11:16.188+0000] {processor.py:840} INFO - DAG(s) 'example_kubernetes_executor' retrieved from /home/airflow/.local/lib/python3.8/site-packages/airflow/example_dags/example_kubernetes_executor.py
[2026-07-21T18:11:16.232+0000] {logging_mixin.py:188} INFO - [2026-07-21T18:11:16.232+0000] {dag.py:3036} INFO - Sync 1 DAGs
[2026-07-21T18:11:16.246+0000] {logging_mixin.py:188} INFO - [2026-07-21T18:11:16.246+0000] {dag.py:3823} INFO - Setting next_dagrun for example_kubernetes_executor to None, run_after=None
[2026-07-21T18:11:16.267+0000] {processor.py:183} INFO - Processing /home/airflow/.local/lib/python3.8/site-packages/airflow/example_dags/example_kubernetes_executor.py took 0.103 seconds
[2026-07-21T18:11:46.743+0000] {processor.py:161} INFO - Started process (PID=410) to work on /home/airflow/.local/lib/python3.8/site-packages/airflow/example_dags/example_kubernetes_executor.py
[2026-07-21T18:11:46.744+0000] {processor.py:830} INFO - Processing file /home/airflow/.local/lib/python3.8/site-packages/airflow/example_dags/example_kubernetes_executor.py for tasks to queue
[2026-07-21T18:11:46.746+0000] {logging_mixin.py:188} INFO - [2026-07-21T18:11:46.745+0000] {dagbag.py:538} INFO - Filling up the DagBag from /home/airflow/.local/lib/python3.8/site-packages/airflow/example_dags/example_kubernetes_executor.py
[2026-07-21T18:11:46.760+0000] {processor.py:840} INFO - DAG(s) 'example_kubernetes_executor' retrieved from /home/airflow/.local/lib/python3.8/site-packages/airflow/example_dags/example_kubernetes_executor.py
[2026-07-21T18:11:46.800+0000] {logging_mixin.py:188} INFO - [2026-07-21T18:11:46.800+0000] {dag.py:3036} INFO - Sync 1 DAGs
[2026-07-21T18:11:46.813+0000] {logging_mixin.py:188} INFO - [2026-07-21T18:11:46.813+0000] {dag.py:3823} INFO - Setting next_dagrun for example_kubernetes_executor to None, run_after=None
[2026-07-21T18:11:46.837+0000] {processor.py:183} INFO - Processing /home/airflow/.local/lib/python3.8/site-packages/airflow/example_dags/example_kubernetes_executor.py took 0.098 seconds
[2026-07-21T18:12:17.448+0000] {processor.py:161} INFO - Started process (PID=466) to work on /home/airflow/.local/lib/python3.8/site-packages/airflow/example_dags/example_kubernetes_executor.py
[2026-07-21T18:12:17.450+0000] {processor.py:830} INFO - Processing file /home/airflow/.local/lib/python3.8/site-packages/airflow/example_dags/example_kubernetes_executor.py for tasks to queue
[2026-07-21T18:12:17.452+0000] {logging_mixin.py:188} INFO - [2026-07-21T18:12:17.452+0000] {dagbag.py:538} INFO - Filling up the DagBag from /home/airflow/.local/lib/python3.8/site-packages/airflow/example_dags/example_kubernetes_executor.py
[2026-07-21T18:12:17.468+0000] {processor.py:840} INFO - DAG(s) 'example_kubernetes_executor' retrieved from /home/airflow/.local/lib/python3.8/site-packages/airflow/example_dags/example_kubernetes_executor.py
[2026-07-21T18:12:17.510+0000] {logging_mixin.py:188} INFO - [2026-07-21T18:12:17.510+0000] {dag.py:3036} INFO - Sync 1 DAGs
[2026-07-21T18:12:17.523+0000] {logging_mixin.py:188} INFO - [2026-07-21T18:12:17.523+0000] {dag.py:3823} INFO - Setting next_dagrun for example_kubernetes_executor to None, run_after=None
[2026-07-21T18:12:17.543+0000] {processor.py:183} INFO - Processing /home/airflow/.local/lib/python3.8/site-packages/airflow/example_dags/example_kubernetes_executor.py took 0.099 seconds
[2026-07-21T18:12:48.294+0000] {processor.py:161} INFO - Started process (PID=522) to work on /home/airflow/.local/lib/python3.8/site-packages/airflow/example_dags/example_kubernetes_executor.py
[2026-07-21T18:12:48.295+0000] {processor.py:830} INFO - Processing file /home/airflow/.local/lib/python3.8/site-packages/airflow/example_dags/example_kubernetes_executor.py for tasks to queue
[2026-07-21T18:12:48.297+0000] {logging_mixin.py:188} INFO - [2026-07-21T18:12:48.296+0000] {dagbag.py:538} INFO - Filling up the DagBag from /home/airflow/.local/lib/python3.8/site-packages/airflow/example_dags/example_kubernetes_executor.py
[2026-07-21T18:12:48.310+0000] {processor.py:840} INFO - DAG(s) 'example_kubernetes_executor' retrieved from /home/airflow/.local/lib/python3.8/site-packages/airflow/example_dags/example_kubernetes_executor.py
[2026-07-21T18:12:48.349+0000] {logging_mixin.py:188} INFO - [2026-07-21T18:12:48.349+0000] {dag.py:3036} INFO - Sync 1 DAGs
[2026-07-21T18:12:48.363+0000] {logging_mixin.py:188} INFO - [2026-07-21T18:12:48.363+0000] {dag.py:3823} INFO - Setting next_dagrun for example_kubernetes_executor to None, run_after=None
[2026-07-21T18:12:48.384+0000] {processor.py:183} INFO - Processing /home/airflow/.local/lib/python3.8/site-packages/airflow/example_dags/example_kubernetes_executor.py took 0.094 seconds
[2026-07-21T18:13:19.206+0000] {processor.py:161} INFO - Started process (PID=578) to work on /home/airflow/.local/lib/python3.8/site-packages/airflow/example_dags/example_kubernetes_executor.py
[2026-07-21T18:13:19.208+0000] {processor.py:830} INFO - Processing file /home/airflow/.local/lib/python3.8/site-packages/airflow/example_dags/example_kubernetes_executor.py for tasks to queue
[2026-07-21T18:13:19.214+0000] {logging_mixin.py:188} INFO - [2026-07-21T18:13:19.213+0000] {dagbag.py:538} INFO - Filling up the DagBag from /home/airflow/.local/lib/python3.8/site-packages/airflow/example_dags/example_kubernetes_executor.py
[2026-07-21T18:13:19.253+0000] {processor.py:840} INFO - DAG(s) 'example_kubernetes_executor' retrieved from /home/airflow/.local/lib/python3.8/site-packages/airflow/example_dags/example_kubernetes_executor.py
[2026-07-21T18:13:19.320+0000] {logging_mixin.py:188} INFO - [2026-07-21T18:13:19.320+0000] {dag.py:3036} INFO - Sync 1 DAGs
[2026-07-21T18:13:19.336+0000] {logging_mixin.py:188} INFO - [2026-07-21T18:13:19.336+0000] {dag.py:3823} INFO - Setting next_dagrun for example_kubernetes_executor to None, run_after=None
[2026-07-21T18:13:19.359+0000] {processor.py:183} INFO - Processing /home/airflow/.local/lib/python3.8/site-packages/airflow/example_dags/example_kubernetes_executor.py took 0.161 seconds
[2026-07-21T18:13:49.460+0000] {processor.py:161} INFO - Started process (PID=634) to work on /home/airflow/.local/lib/python3.8/site-packages/airflow/example_dags/example_kubernetes_executor.py
[2026-07-21T18:13:49.461+0000] {processor.py:830} INFO - Processing file /home/airflow/.local/lib/python3.8/site-packages/airflow/example_dags/example_kubernetes_executor.py for tasks to queue
[2026-07-21T18:13:49.464+0000] {logging_mixin.py:188} INFO - [2026-07-21T18:13:49.463+0000] {dagbag.py:538} INFO - Filling up the DagBag from /home/airflow/.local/lib/python3.8/site-packages/airflow/example_dags/example_kubernetes_executor.py
[2026-07-21T18:13:49.479+0000] {processor.py:840} INFO - DAG(s) 'example_kubernetes_executor' retrieved from /home/airflow/.local/lib/python3.8/site-packages/airflow/example_dags/example_kubernetes_executor.py
[2026-07-21T18:13:49.517+0000] {logging_mixin.py:188} INFO - [2026-07-21T18:13:49.517+0000] {dag.py:3036} INFO - Sync 1 DAGs
[2026-07-21T18:13:49.528+0000] {logging_mixin.py:188} INFO - [2026-07-21T18:13:49.528+0000] {dag.py:3823} INFO - Setting next_dagrun for example_kubernetes_executor to None, run_after=None
[2026-07-21T18:13:49.547+0000] {processor.py:183} INFO - Processing /home/airflow/.local/lib/python3.8/site-packages/airflow/example_dags/example_kubernetes_executor.py took 0.091 seconds
[2026-07-21T18:14:20.519+0000] {processor.py:161} INFO - Started process (PID=690) to work on /home/airflow/.local/lib/python3.8/site-packages/airflow/example_dags/example_kubernetes_executor.py
[2026-07-21T18:14:20.520+0000] {processor.py:830} INFO - Processing file /home/airflow/.local/lib/python3.8/site-packages/airflow/example_dags/example_kubernetes_executor.py for tasks to queue
[2026-07-21T18:14:20.522+0000] {logging_mixin.py:188} INFO - [2026-07-21T18:14:20.522+0000] {dagbag.py:538} INFO - Filling up the DagBag from /home/airflow/.local/lib/python3.8/site-packages/airflow/example_dags/example_kubernetes_executor.py
[2026-07-21T18:14:20.536+0000] {processor.py:840} INFO - DAG(s) 'example_kubernetes_executor' retrieved from /home/airflow/.local/lib/python3.8/site-packages/airflow/example_dags/example_kubernetes_executor.py
[2026-07-21T18:14:20.575+0000] {logging_mixin.py:188} INFO - [2026-07-21T18:14:20.574+0000] {dag.py:3036} INFO - Sync 1 DAGs
[2026-07-21T18:14:20.586+0000] {logging_mixin.py:188} INFO - [2026-07-21T18:14:20.585+0000] {dag.py:3823} INFO - Setting next_dagrun for example_kubernetes_executor to None, run_after=None
[2026-07-21T18:14:20.604+0000] {processor.py:183} INFO - Processing /home/airflow/.local/lib/python3.8/site-packages/airflow/example_dags/example_kubernetes_executor.py took 0.090 seconds
[2026-07-21T18:14:51.435+0000] {processor.py:161} INFO - Started process (PID=747) to work on /home/airflow/.local/lib/python3.8/site-packages/airflow/example_dags/example_kubernetes_executor.py
[2026-07-21T18:14:51.437+0000] {processor.py:830} INFO - Processing file /home/airflow/.local/lib/python3.8/site-packages/airflow/example_dags/example_kubernetes_executor.py for tasks to queue
[2026-07-21T18:14:51.439+0000] {logging_mixin.py:188} INFO - [2026-07-21T18:14:51.438+0000] {dagbag.py:538} INFO - Filling up the DagBag from /home/airflow/.local/lib/python3.8/site-packages/airflow/example_dags/example_kubernetes_executor.py
[2026-07-21T18:14:51.453+0000] {processor.py:840} INFO - DAG(s) 'example_kubernetes_executor' retrieved from /home/airflow/.local/lib/python3.8/site-packages/airflow/example_dags/example_kubernetes_executor.py
[2026-07-21T18:14:51.500+0000] {logging_mixin.py:188} INFO - [2026-07-21T18:14:51.500+0000] {dag.py:3036} INFO - Sync 1 DAGs
[2026-07-21T18:14:51.512+0000] {logging_mixin.py:188} INFO - [2026-07-21T18:14:51.512+0000] {dag.py:3823} INFO - Setting next_dagrun for example_kubernetes_executor to None, run_after=None
[2026-07-21T18:14:51.535+0000] {processor.py:183} INFO - Processing /home/airflow/.local/lib/python3.8/site-packages/airflow/example_dags/example_kubernetes_executor.py took 0.103 seconds
[2026-07-21T18:15:22.375+0000] {processor.py:161} INFO - Started process (PID=803) to work on /home/airflow/.local/lib/python3.8/site-packages/airflow/example_dags/example_kubernetes_executor.py
[2026-07-21T18:15:22.376+0000] {processor.py:830} INFO - Processing file /home/airflow/.local/lib/python3.8/site-packages/airflow/example_dags/example_kubernetes_executor.py for tasks to queue
[2026-07-21T18:15:22.378+0000] {logging_mixin.py:188} INFO - [2026-07-21T18:15:22.378+0000] {dagbag.py:538} INFO - Filling up the DagBag from /home/airflow/.local/lib/python3.8/site-packages/airflow/example_dags/example_kubernetes_executor.py
[2026-07-21T18:15:22.392+0000] {processor.py:840} INFO - DAG(s) 'example_kubernetes_executor' retrieved from /home/airflow/.local/lib/python3.8/site-packages/airflow/example_dags/example_kubernetes_executor.py
[2026-07-21T18:15:22.431+0000] {logging_mixin.py:188} INFO - [2026-07-21T18:15:22.431+0000] {dag.py:3036} INFO - Sync 1 DAGs
[2026-07-21T18:15:22.443+0000] {logging_mixin.py:188} INFO - [2026-07-21T18:15:22.442+0000] {dag.py:3823} INFO - Setting next_dagrun for example_kubernetes_executor to None, run_after=None
[2026-07-21T18:15:22.462+0000] {processor.py:183} INFO - Processing /home/airflow/.local/lib/python3.8/site-packages/airflow/example_dags/example_kubernetes_executor.py took 0.091 seconds
[2026-07-21T18:15:53.145+0000] {processor.py:161} INFO - Started process (PID=859) to work on /home/airflow/.local/lib/python3.8/site-packages/airflow/example_dags/example_kubernetes_executor.py
[2026-07-21T18:15:53.147+0000] {processor.py:830} INFO - Processing file /home/airflow/.local/lib/python3.8/site-packages/airflow/example_dags/example_kubernetes_executor.py for tasks to queue
[2026-07-21T18:15:53.149+0000] {logging_mixin.py:188} INFO - [2026-07-21T18:15:53.149+0000] {dagbag.py:538} INFO - Filling up the DagBag from /home/airflow/.local/lib/python3.8/site-packages/airflow/example_dags/example_kubernetes_executor.py
[2026-07-21T18:15:53.163+0000] {processor.py:840} INFO - DAG(s) 'example_kubernetes_executor' retrieved from /home/airflow/.local/lib/python3.8/site-packages/airflow/example_dags/example_kubernetes_executor.py
[2026-07-21T18:15:53.201+0000] {logging_mixin.py:188} INFO - [2026-07-21T18:15:53.201+0000] {dag.py:3036} INFO - Sync 1 DAGs
[2026-07-21T18:15:53.216+0000] {logging_mixin.py:188} INFO - [2026-07-21T18:15:53.215+0000] {dag.py:3823} INFO - Setting next_dagrun for example_kubernetes_executor to None, run_after=None
[2026-07-21T18:15:53.235+0000] {processor.py:183} INFO - Processing /home/airflow/.local/lib/python3.8/site-packages/airflow/example_dags/example_kubernetes_executor.py took 0.094 seconds
[2026-07-21T18:16:23.944+0000] {processor.py:161} INFO - Started process (PID=915) to work on /home/airflow/.local/lib/python3.8/site-packages/airflow/example_dags/example_kubernetes_executor.py
[2026-07-21T18:16:23.946+0000] {processor.py:830} INFO - Processing file /home/airflow/.local/lib/python3.8/site-packages/airflow/example_dags/example_kubernetes_executor.py for tasks to queue
[2026-07-21T18:16:23.948+0000] {logging_mixin.py:188} INFO - [2026-07-21T18:16:23.948+0000] {dagbag.py:538} INFO - Filling up the DagBag from /home/airflow/.local/lib/python3.8/site-packages/airflow/example_dags/example_kubernetes_executor.py
[2026-07-21T18:16:23.963+0000] {processor.py:840} INFO - DAG(s) 'example_kubernetes_executor' retrieved from /home/airflow/.local/lib/python3.8/site-packages/airflow/example_dags/example_kubernetes_executor.py
[2026-07-21T18:16:24.004+0000] {logging_mixin.py:188} INFO - [2026-07-21T18:16:24.004+0000] {dag.py:3036} INFO - Sync 1 DAGs
[2026-07-21T18:16:24.017+0000] {logging_mixin.py:188} INFO - [2026-07-21T18:16:24.016+0000] {dag.py:3823} INFO - Setting next_dagrun for example_kubernetes_executor to None, run_after=None
[2026-07-21T18:16:24.037+0000] {processor.py:183} INFO - Processing /home/airflow/.local/lib/python3.8/site-packages/airflow/example_dags/example_kubernetes_executor.py took 0.097 seconds
[2026-07-21T18:16:54.111+0000] {processor.py:161} INFO - Started process (PID=971) to work on /home/airflow/.local/lib/python3.8/site-packages/airflow/example_dags/example_kubernetes_executor.py
[2026-07-21T18:16:54.113+0000] {processor.py:830} INFO - Processing file /home/airflow/.local/lib/python3.8/site-packages/airflow/example_dags/example_kubernetes_executor.py for tasks to queue
[2026-07-21T18:16:54.115+0000] {logging_mixin.py:188} INFO - [2026-07-21T18:16:54.114+0000] {dagbag.py:538} INFO - Filling up the DagBag from /home/airflow/.local/lib/python3.8/site-packages/airflow/example_dags/example_kubernetes_executor.py
[2026-07-21T18:16:54.128+0000] {processor.py:840} INFO - DAG(s) 'example_kubernetes_executor' retrieved from /home/airflow/.local/lib/python3.8/site-packages/airflow/example_dags/example_kubernetes_executor.py
[2026-07-21T18:16:54.167+0000] {logging_mixin.py:188} INFO - [2026-07-21T18:16:54.166+0000] {dag.py:3036} INFO - Sync 1 DAGs
[2026-07-21T18:16:54.178+0000] {logging_mixin.py:188} INFO - [2026-07-21T18:16:54.178+0000] {dag.py:3823} INFO - Setting next_dagrun for example_kubernetes_executor to None, run_after=None
[2026-07-21T18:16:54.196+0000] {processor.py:183} INFO - Processing /home/airflow/.local/lib/python3.8/site-packages/airflow/example_dags/example_kubernetes_executor.py took 0.089 seconds
[2026-07-21T18:17:24.338+0000] {processor.py:161} INFO - Started process (PID=1027) to work on /home/airflow/.local/lib/python3.8/site-packages/airflow/example_dags/example_kubernetes_executor.py
[2026-07-21T18:17:24.339+0000] {processor.py:830} INFO - Processing file /home/airflow/.local/lib/python3.8/site-packages/airflow/example_dags/example_kubernetes_executor.py for tasks to queue
[2026-07-21T18:17:24.341+0000] {logging_mixin.py:188} INFO - [2026-07-21T18:17:24.341+0000] {dagbag.py:538} INFO - Filling up the DagBag from /home/airflow/.local/lib/python3.8/site-packages/airflow/example_dags/example_kubernetes_executor.py
[2026-07-21T18:17:24.356+0000] {processor.py:840} INFO - DAG(s) 'example_kubernetes_executor' retrieved from /home/airflow/.local/lib/python3.8/site-packages/airflow/example_dags/example_kubernetes_executor.py
[2026-07-21T18:17:24.399+0000] {logging_mixin.py:188} INFO - [2026-07-21T18:17:24.398+0000] {dag.py:3036} INFO - Sync 1 DAGs
[2026-07-21T18:17:24.410+0000] {logging_mixin.py:188} INFO - [2026-07-21T18:17:24.410+0000] {dag.py:3823} INFO - Setting next_dagrun for example_kubernetes_executor to None, run_after=None
[2026-07-21T18:17:24.433+0000] {processor.py:183} INFO - Processing /home/airflow/.local/lib/python3.8/site-packages/airflow/example_dags/example_kubernetes_executor.py took 0.099 seconds
[2026-07-21T18:17:55.315+0000] {processor.py:161} INFO - Started process (PID=1083) to work on /home/airflow/.local/lib/python3.8/site-packages/airflow/example_dags/example_kubernetes_executor.py
[2026-07-21T18:17:55.317+0000] {processor.py:830} INFO - Processing file /home/airflow/.local/lib/python3.8/site-packages/airflow/example_dags/example_kubernetes_executor.py for tasks to queue
[2026-07-21T18:17:55.319+0000] {logging_mixin.py:188} INFO - [2026-07-21T18:17:55.318+0000] {dagbag.py:538} INFO - Filling up the DagBag from /home/airflow/.local/lib/python3.8/site-packages/airflow/example_dags/example_kubernetes_executor.py
[2026-07-21T18:17:55.333+0000] {processor.py:840} INFO - DAG(s) 'example_kubernetes_executor' retrieved from /home/airflow/.local/lib/python3.8/site-packages/airflow/example_dags/example_kubernetes_executor.py
[2026-07-21T18:17:55.374+0000] {logging_mixin.py:188} INFO - [2026-07-21T18:17:55.374+0000] {dag.py:3036} INFO - Sync 1 DAGs
[2026-07-21T18:17:55.386+0000] {logging_mixin.py:188} INFO - [2026-07-21T18:17:55.386+0000] {dag.py:3823} INFO - Setting next_dagrun for example_kubernetes_executor to None, run_after=None
[2026-07-21T18:17:55.405+0000] {processor.py:183} INFO - Processing /home/airflow/.local/lib/python3.8/site-packages/airflow/example_dags/example_kubernetes_executor.py took 0.094 seconds
[2026-07-21T18:18:26.350+0000] {processor.py:161} INFO - Started process (PID=1139) to work on /home/airflow/.local/lib/python3.8/site-packages/airflow/example_dags/example_kubernetes_executor.py
[2026-07-21T18:18:26.352+0000] {processor.py:830} INFO - Processing file /home/airflow/.local/lib/python3.8/site-packages/airflow/example_dags/example_kubernetes_executor.py for tasks to queue
[2026-07-21T18:18:26.354+0000] {logging_mixin.py:188} INFO - [2026-07-21T18:18:26.354+0000] {dagbag.py:538} INFO - Filling up the DagBag from /home/airflow/.local/lib/python3.8/site-packages/airflow/example_dags/example_kubernetes_executor.py
[2026-07-21T18:18:26.371+0000] {processor.py:840} INFO - DAG(s) 'example_kubernetes_executor' retrieved from /home/airflow/.local/lib/python3.8/site-packages/airflow/example_dags/example_kubernetes_executor.py
[2026-07-21T18:18:26.410+0000] {logging_mixin.py:188} INFO - [2026-07-21T18:18:26.410+0000] {dag.py:3036} INFO - Sync 1 DAGs
[2026-07-21T18:18:26.421+0000] {logging_mixin.py:188} INFO - [2026-07-21T18:18:26.420+0000] {dag.py:3823} INFO - Setting next_dagrun for example_kubernetes_executor to None, run_after=None
[2026-07-21T18:18:26.440+0000] {processor.py:183} INFO - Processing /home/airflow/.local/lib/python3.8/site-packages/airflow/example_dags/example_kubernetes_executor.py took 0.094 seconds
[2026-07-21T18:18:57.209+0000] {processor.py:161} INFO - Started process (PID=1195) to work on /home/airflow/.local/lib/python3.8/site-packages/airflow/example_dags/example_kubernetes_executor.py
[2026-07-21T18:18:57.210+0000] {processor.py:830} INFO - Processing file /home/airflow/.local/lib/python3.8/site-packages/airflow/example_dags/example_kubernetes_executor.py for tasks to queue
[2026-07-21T18:18:57.212+0000] {logging_mixin.py:188} INFO - [2026-07-21T18:18:57.212+0000] {dagbag.py:538} INFO - Filling up the DagBag from /home/airflow/.local/lib/python3.8/site-packages/airflow/example_dags/example_kubernetes_executor.py
[2026-07-21T18:18:57.227+0000] {processor.py:840} INFO - DAG(s) 'example_kubernetes_executor' retrieved from /home/airflow/.local/lib/python3.8/site-packages/airflow/example_dags/example_kubernetes_executor.py
[2026-07-21T18:18:57.269+0000] {logging_mixin.py:188} INFO - [2026-07-21T18:18:57.269+0000] {dag.py:3036} INFO - Sync 1 DAGs
[2026-07-21T18:18:57.283+0000] {logging_mixin.py:188} INFO - [2026-07-21T18:18:57.282+0000] {dag.py:3823} INFO - Setting next_dagrun for example_kubernetes_executor to None, run_after=None
[2026-07-21T18:18:57.304+0000] {processor.py:183} INFO - Processing /home/airflow/.local/lib/python3.8/site-packages/airflow/example_dags/example_kubernetes_executor.py took 0.099 seconds
[2026-07-21T18:19:27.708+0000] {processor.py:161} INFO - Started process (PID=1251) to work on /home/airflow/.local/lib/python3.8/site-packages/airflow/example_dags/example_kubernetes_executor.py
[2026-07-21T18:19:27.709+0000] {processor.py:830} INFO - Processing file /home/airflow/.local/lib/python3.8/site-packages/airflow/example_dags/example_kubernetes_executor.py for tasks to queue
[2026-07-21T18:19:27.711+0000] {logging_mixin.py:188} INFO - [2026-07-21T18:19:27.711+0000] {dagbag.py:538} INFO - Filling up the DagBag from /home/airflow/.local/lib/python3.8/site-packages/airflow/example_dags/example_kubernetes_executor.py
[2026-07-21T18:19:27.725+0000] {processor.py:840} INFO - DAG(s) 'example_kubernetes_executor' retrieved from /home/airflow/.local/lib/python3.8/site-packages/airflow/example_dags/example_kubernetes_executor.py
[2026-07-21T18:19:27.763+0000] {logging_mixin.py:188} INFO - [2026-07-21T18:19:27.763+0000] {dag.py:3036} INFO - Sync 1 DAGs
[2026-07-21T18:19:27.775+0000] {logging_mixin.py:188} INFO - [2026-07-21T18:19:27.774+0000] {dag.py:3823} INFO - Setting next_dagrun for example_kubernetes_executor to None, run_after=None
[2026-07-21T18:19:27.797+0000] {processor.py:183} INFO - Processing /home/airflow/.local/lib/python3.8/site-packages/airflow/example_dags/example_kubernetes_executor.py took 0.093 seconds
[2026-07-21T18:19:58.390+0000] {processor.py:161} INFO - Started process (PID=1307) to work on /home/airflow/.local/lib/python3.8/site-packages/airflow/example_dags/example_kubernetes_executor.py
[2026-07-21T18:19:58.391+0000] {processor.py:830} INFO - Processing file /home/airflow/.local/lib/python3.8/site-packages/airflow/example_dags/example_kubernetes_executor.py for tasks to queue
[2026-07-21T18:19:58.393+0000] {logging_mixin.py:188} INFO - [2026-07-21T18:19:58.393+0000] {dagbag.py:538} INFO - Filling up the DagBag from /home/airflow/.local/lib/python3.8/site-packages/airflow/example_dags/example_kubernetes_executor.py
[2026-07-21T18:19:58.407+0000] {processor.py:840} INFO - DAG(s) 'example_kubernetes_executor' retrieved from /home/airflow/.local/lib/python3.8/site-packages/airflow/example_dags/example_kubernetes_executor.py
[2026-07-21T18:19:58.445+0000] {logging_mixin.py:188} INFO - [2026-07-21T18:19:58.444+0000] {dag.py:3036} INFO - Sync 1 DAGs
[2026-07-21T18:19:58.458+0000] {logging_mixin.py:188} INFO - [2026-07-21T18:19:58.458+0000] {dag.py:3823} INFO - Setting next_dagrun for example_kubernetes_executor to None, run_after=None
[2026-07-21T18:19:58.477+0000] {processor.py:183} INFO - Processing /home/airflow/.local/lib/python3.8/site-packages/airflow/example_dags/example_kubernetes_executor.py took 0.091 seconds
[2026-07-21T18:20:29.055+0000] {processor.py:161} INFO - Started process (PID=1363) to work on /home/airflow/.local/lib/python3.8/site-packages/airflow/example_dags/example_kubernetes_executor.py
[2026-07-21T18:20:29.056+0000] {processor.py:830} INFO - Processing file /home/airflow/.local/lib/python3.8/site-packages/airflow/example_dags/example_kubernetes_executor.py for tasks to queue
[2026-07-21T18:20:29.058+0000] {logging_mixin.py:188} INFO - [2026-07-21T18:20:29.058+0000] {dagbag.py:538} INFO - Filling up the DagBag from /home/airflow/.local/lib/python3.8/site-packages/airflow/example_dags/example_kubernetes_executor.py
[2026-07-21T18:20:29.071+0000] {processor.py:840} INFO - DAG(s) 'example_kubernetes_executor' retrieved from /home/airflow/.local/lib/python3.8/site-packages/airflow/example_dags/example_kubernetes_executor.py
[2026-07-21T18:20:29.108+0000] {logging_mixin.py:188} INFO - [2026-07-21T18:20:29.108+0000] {dag.py:3036} INFO - Sync 1 DAGs
[2026-07-21T18:20:29.120+0000] {logging_mixin.py:188} INFO - [2026-07-21T18:20:29.119+0000] {dag.py:3823} INFO - Setting next_dagrun for example_kubernetes_executor to None, run_after=None
[2026-07-21T18:20:29.138+0000] {processor.py:183} INFO - Processing /home/airflow/.local/lib/python3.8/site-packages/airflow/example_dags/example_kubernetes_executor.py took 0.087 seconds
[2026-07-21T18:20:59.226+0000] {processor.py:161} INFO - Started process (PID=1419) to work on /home/airflow/.local/lib/python3.8/site-packages/airflow/example_dags/example_kubernetes_executor.py
[2026-07-21T18:20:59.227+0000] {processor.py:830} INFO - Processing file /home/airflow/.local/lib/python3.8/site-packages/airflow/example_dags/example_kubernetes_executor.py for tasks to queue
[2026-07-21T18:20:59.230+0000] {logging_mixin.py:188} INFO - [2026-07-21T18:20:59.229+0000] {dagbag.py:538} INFO - Filling up the DagBag from /home/airflow/.local/lib/python3.8/site-packages/airflow/example_dags/example_kubernetes_executor.py
[2026-07-21T18:20:59.244+0000] {processor.py:840} INFO - DAG(s) 'example_kubernetes_executor' retrieved from /home/airflow/.local/lib/python3.8/site-packages/airflow/example_dags/example_kubernetes_executor.py
[2026-07-21T18:20:59.282+0000] {logging_mixin.py:188} INFO - [2026-07-21T18:20:59.282+0000] {dag.py:3036} INFO - Sync 1 DAGs
[2026-07-21T18:20:59.294+0000] {logging_mixin.py:188} INFO - [2026-07-21T18:20:59.294+0000] {dag.py:3823} INFO - Setting next_dagrun for example_kubernetes_executor to None, run_after=None
[2026-07-21T18:20:59.312+0000] {processor.py:183} INFO - Processing /home/airflow/.local/lib/python3.8/site-packages/airflow/example_dags/example_kubernetes_executor.py took 0.090 seconds
[2026-07-21T18:21:31.650+0000] {processor.py:161} INFO - Started process (PID=1475) to work on /home/airflow/.local/lib/python3.8/site-packages/airflow/example_dags/example_kubernetes_executor.py
[2026-07-21T18:21:31.651+0000] {processor.py:830} INFO - Processing file /home/airflow/.local/lib/python3.8/site-packages/airflow/example_dags/example_kubernetes_executor.py for tasks to queue
[2026-07-21T18:21:31.653+0000] {logging_mixin.py:188} INFO - [2026-07-21T18:21:31.653+0000] {dagbag.py:538} INFO - Filling up the DagBag from /home/airflow/.local/lib/python3.8/site-packages/airflow/example_dags/example_kubernetes_executor.py
[2026-07-21T18:21:31.668+0000] {processor.py:840} INFO - DAG(s) 'example_kubernetes_executor' retrieved from /home/airflow/.local/lib/python3.8/site-packages/airflow/example_dags/example_kubernetes_executor.py
[2026-07-21T18:21:31.871+0000] {logging_mixin.py:188} INFO - [2026-07-21T18:21:31.870+0000] {dag.py:3036} INFO - Sync 1 DAGs
[2026-07-21T18:21:31.880+0000] {logging_mixin.py:188} INFO - [2026-07-21T18:21:31.880+0000] {dag.py:3823} INFO - Setting next_dagrun for example_kubernetes_executor to None, run_after=None
[2026-07-21T18:21:31.898+0000] {processor.py:183} INFO - Processing /home/airflow/.local/lib/python3.8/site-packages/airflow/example_dags/example_kubernetes_executor.py took 0.253 seconds
[2026-07-21T18:22:02.066+0000] {processor.py:161} INFO - Started process (PID=1531) to work on /home/airflow/.local/lib/python3.8/site-packages/airflow/example_dags/example_kubernetes_executor.py
[2026-07-21T18:22:02.067+0000] {processor.py:830} INFO - Processing file /home/airflow/.local/lib/python3.8/site-packages/airflow/example_dags/example_kubernetes_executor.py for tasks to queue
[2026-07-21T18:22:02.069+0000] {logging_mixin.py:188} INFO - [2026-07-21T18:22:02.069+0000] {dagbag.py:538} INFO - Filling up the DagBag from /home/airflow/.local/lib/python3.8/site-packages/airflow/example_dags/example_kubernetes_executor.py
[2026-07-21T18:22:02.082+0000] {processor.py:840} INFO - DAG(s) 'example_kubernetes_executor' retrieved from /home/airflow/.local/lib/python3.8/site-packages/airflow/example_dags/example_kubernetes_executor.py
[2026-07-21T18:22:02.118+0000] {logging_mixin.py:188} INFO - [2026-07-21T18:22:02.118+0000] {dag.py:3036} INFO - Sync 1 DAGs
[2026-07-21T18:22:02.282+0000] {logging_mixin.py:188} INFO - [2026-07-21T18:22:02.281+0000] {dag.py:3823} INFO - Setting next_dagrun for example_kubernetes_executor to None, run_after=None
[2026-07-21T18:22:02.301+0000] {processor.py:183} INFO - Processing /home/airflow/.local/lib/python3.8/site-packages/airflow/example_dags/example_kubernetes_executor.py took 0.239 seconds
[2026-07-21T18:22:32.674+0000] {processor.py:161} INFO - Started process (PID=1587) to work on /home/airflow/.local/lib/python3.8/site-packages/airflow/example_dags/example_kubernetes_executor.py
[2026-07-21T18:22:32.676+0000] {processor.py:830} INFO - Processing file /home/airflow/.local/lib/python3.8/site-packages/airflow/example_dags/example_kubernetes_executor.py for tasks to queue
[2026-07-21T18:22:32.677+0000] {logging_mixin.py:188} INFO - [2026-07-21T18:22:32.677+0000] {dagbag.py:538} INFO - Filling up the DagBag from /home/airflow/.local/lib/python3.8/site-packages/airflow/example_dags/example_kubernetes_executor.py
[2026-07-21T18:22:32.692+0000] {processor.py:840} INFO - DAG(s) 'example_kubernetes_executor' retrieved from /home/airflow/.local/lib/python3.8/site-packages/airflow/example_dags/example_kubernetes_executor.py
[2026-07-21T18:22:32.731+0000] {logging_mixin.py:188} INFO - [2026-07-21T18:22:32.731+0000] {dag.py:3036} INFO - Sync 1 DAGs
[2026-07-21T18:22:32.743+0000] {logging_mixin.py:188} INFO - [2026-07-21T18:22:32.743+0000] {dag.py:3823} INFO - Setting next_dagrun for example_kubernetes_executor to None, run_after=None
[2026-07-21T18:22:32.762+0000] {processor.py:183} INFO - Processing /home/airflow/.local/lib/python3.8/site-packages/airflow/example_dags/example_kubernetes_executor.py took 0.093 seconds
[2026-07-21T18:23:02.956+0000] {processor.py:161} INFO - Started process (PID=1643) to work on /home/airflow/.local/lib/python3.8/site-packages/airflow/example_dags/example_kubernetes_executor.py
[2026-07-21T18:23:02.958+0000] {processor.py:830} INFO - Processing file /home/airflow/.local/lib/python3.8/site-packages/airflow/example_dags/example_kubernetes_executor.py for tasks to queue
[2026-07-21T18:23:02.960+0000] {logging_mixin.py:188} INFO - [2026-07-21T18:23:02.960+0000] {dagbag.py:538} INFO - Filling up the DagBag from /home/airflow/.local/lib/python3.8/site-packages/airflow/example_dags/example_kubernetes_executor.py
[2026-07-21T18:23:02.978+0000] {processor.py:840} INFO - DAG(s) 'example_kubernetes_executor' retrieved from /home/airflow/.local/lib/python3.8/site-packages/airflow/example_dags/example_kubernetes_executor.py
[2026-07-21T18:23:03.018+0000] {logging_mixin.py:188} INFO - [2026-07-21T18:23:03.018+0000] {dag.py:3036} INFO - Sync 1 DAGs
[2026-07-21T18:23:03.030+0000] {logging_mixin.py:188} INFO - [2026-07-21T18:23:03.030+0000] {dag.py:3823} INFO - Setting next_dagrun for example_kubernetes_executor to None, run_after=None
[2026-07-21T18:23:03.049+0000] {processor.py:183} INFO - Processing /home/airflow/.local/lib/python3.8/site-packages/airflow/example_dags/example_kubernetes_executor.py took 0.097 seconds
[2026-07-21T18:23:35.738+0000] {processor.py:161} INFO - Started process (PID=1699) to work on /home/airflow/.local/lib/python3.8/site-packages/airflow/example_dags/example_kubernetes_executor.py
[2026-07-21T18:23:35.739+0000] {processor.py:830} INFO - Processing file /home/airflow/.local/lib/python3.8/site-packages/airflow/example_dags/example_kubernetes_executor.py for tasks to queue
[2026-07-21T18:23:35.741+0000] {logging_mixin.py:188} INFO - [2026-07-21T18:23:35.741+0000] {dagbag.py:538} INFO - Filling up the DagBag from /home/airflow/.local/lib/python3.8/site-packages/airflow/example_dags/example_kubernetes_executor.py
[2026-07-21T18:23:35.755+0000] {processor.py:840} INFO - DAG(s) 'example_kubernetes_executor' retrieved from /home/airflow/.local/lib/python3.8/site-packages/airflow/example_dags/example_kubernetes_executor.py
[2026-07-21T18:23:35.935+0000] {logging_mixin.py:188} INFO - [2026-07-21T18:23:35.935+0000] {dag.py:3036} INFO - Sync 1 DAGs
[2026-07-21T18:23:35.944+0000] {logging_mixin.py:188} INFO - [2026-07-21T18:23:35.944+0000] {dag.py:3823} INFO - Setting next_dagrun for example_kubernetes_executor to None, run_after=None
[2026-07-21T18:23:35.963+0000] {processor.py:183} INFO - Processing /home/airflow/.local/lib/python3.8/site-packages/airflow/example_dags/example_kubernetes_executor.py took 0.229 seconds
[2026-07-21T18:24:06.222+0000] {processor.py:161} INFO - Started process (PID=1755) to work on /home/airflow/.local/lib/python3.8/site-packages/airflow/example_dags/example_kubernetes_executor.py
[2026-07-21T18:24:06.223+0000] {processor.py:830} INFO - Processing file /home/airflow/.local/lib/python3.8/site-packages/airflow/example_dags/example_kubernetes_executor.py for tasks to queue
[2026-07-21T18:24:06.226+0000] {logging_mixin.py:188} INFO - [2026-07-21T18:24:06.225+0000] {dagbag.py:538} INFO - Filling up the DagBag from /home/airflow/.local/lib/python3.8/site-packages/airflow/example_dags/example_kubernetes_executor.py
[2026-07-21T18:24:06.241+0000] {processor.py:840} INFO - DAG(s) 'example_kubernetes_executor' retrieved from /home/airflow/.local/lib/python3.8/site-packages/airflow/example_dags/example_kubernetes_executor.py
[2026-07-21T18:24:06.284+0000] {logging_mixin.py:188} INFO - [2026-07-21T18:24:06.284+0000] {dag.py:3036} INFO - Sync 1 DAGs
[2026-07-21T18:24:06.297+0000] {logging_mixin.py:188} INFO - [2026-07-21T18:24:06.296+0000] {dag.py:3823} INFO - Setting next_dagrun for example_kubernetes_executor to None, run_after=None
[2026-07-21T18:24:06.317+0000] {processor.py:183} INFO - Processing /home/airflow/.local/lib/python3.8/site-packages/airflow/example_dags/example_kubernetes_executor.py took 0.100 seconds
[2026-07-21T18:24:36.414+0000] {processor.py:161} INFO - Started process (PID=1811) to work on /home/airflow/.local/lib/python3.8/site-packages/airflow/example_dags/example_kubernetes_executor.py
[2026-07-21T18:24:36.415+0000] {processor.py:830} INFO - Processing file /home/airflow/.local/lib/python3.8/site-packages/airflow/example_dags/example_kubernetes_executor.py for tasks to queue
[2026-07-21T18:24:36.418+0000] {logging_mixin.py:188} INFO - [2026-07-21T18:24:36.417+0000] {dagbag.py:538} INFO - Filling up the DagBag from /home/airflow/.local/lib/python3.8/site-packages/airflow/example_dags/example_kubernetes_executor.py
[2026-07-21T18:24:36.432+0000] {processor.py:840} INFO - DAG(s) 'example_kubernetes_executor' retrieved from /home/airflow/.local/lib/python3.8/site-packages/airflow/example_dags/example_kubernetes_executor.py
[2026-07-21T18:24:36.475+0000] {logging_mixin.py:188} INFO - [2026-07-21T18:24:36.475+0000] {dag.py:3036} INFO - Sync 1 DAGs
[2026-07-21T18:24:36.487+0000] {logging_mixin.py:188} INFO - [2026-07-21T18:24:36.487+0000] {dag.py:3823} INFO - Setting next_dagrun for example_kubernetes_executor to None, run_after=None
[2026-07-21T18:24:36.507+0000] {processor.py:183} INFO - Processing /home/airflow/.local/lib/python3.8/site-packages/airflow/example_dags/example_kubernetes_executor.py took 0.097 seconds
[2026-07-21T18:25:06.745+0000] {processor.py:161} INFO - Started process (PID=1867) to work on /home/airflow/.local/lib/python3.8/site-packages/airflow/example_dags/example_kubernetes_executor.py
[2026-07-21T18:25:06.746+0000] {processor.py:830} INFO - Processing file /home/airflow/.local/lib/python3.8/site-packages/airflow/example_dags/example_kubernetes_executor.py for tasks to queue
[2026-07-21T18:25:06.748+0000] {logging_mixin.py:188} INFO - [2026-07-21T18:25:06.748+0000] {dagbag.py:538} INFO - Filling up the DagBag from /home/airflow/.local/lib/python3.8/site-packages/airflow/example_dags/example_kubernetes_executor.py
[2026-07-21T18:25:06.763+0000] {processor.py:840} INFO - DAG(s) 'example_kubernetes_executor' retrieved from /home/airflow/.local/lib/python3.8/site-packages/airflow/example_dags/example_kubernetes_executor.py
[2026-07-21T18:25:06.805+0000] {logging_mixin.py:188} INFO - [2026-07-21T18:25:06.805+0000] {dag.py:3036} INFO - Sync 1 DAGs
[2026-07-21T18:25:06.819+0000] {logging_mixin.py:188} INFO - [2026-07-21T18:25:06.819+0000] {dag.py:3823} INFO - Setting next_dagrun for example_kubernetes_executor to None, run_after=None
[2026-07-21T18:25:06.840+0000] {processor.py:183} INFO - Processing /home/airflow/.local/lib/python3.8/site-packages/airflow/example_dags/example_kubernetes_executor.py took 0.100 seconds
[2026-07-21T18:25:37.727+0000] {processor.py:161} INFO - Started process (PID=1923) to work on /home/airflow/.local/lib/python3.8/site-packages/airflow/example_dags/example_kubernetes_executor.py
[2026-07-21T18:25:37.729+0000] {processor.py:830} INFO - Processing file /home/airflow/.local/lib/python3.8/site-packages/airflow/example_dags/example_kubernetes_executor.py for tasks to queue
[2026-07-21T18:25:37.731+0000] {logging_mixin.py:188} INFO - [2026-07-21T18:25:37.731+0000] {dagbag.py:538} INFO - Filling up the DagBag from /home/airflow/.local/lib/python3.8/site-packages/airflow/example_dags/example_kubernetes_executor.py
[2026-07-21T18:25:37.747+0000] {processor.py:840} INFO - DAG(s) 'example_kubernetes_executor' retrieved from /home/airflow/.local/lib/python3.8/site-packages/airflow/example_dags/example_kubernetes_executor.py
[2026-07-21T18:25:37.790+0000] {logging_mixin.py:188} INFO - [2026-07-21T18:25:37.790+0000] {dag.py:3036} INFO - Sync 1 DAGs
[2026-07-21T18:25:37.803+0000] {logging_mixin.py:188} INFO - [2026-07-21T18:25:37.802+0000] {dag.py:3823} INFO - Setting next_dagrun for example_kubernetes_executor to None, run_after=None
[2026-07-21T18:25:37.824+0000] {processor.py:183} INFO - Processing /home/airflow/.local/lib/python3.8/site-packages/airflow/example_dags/example_kubernetes_executor.py took 0.101 seconds
[2026-07-21T18:26:08.457+0000] {processor.py:161} INFO - Started process (PID=1979) to work on /home/airflow/.local/lib/python3.8/site-packages/airflow/example_dags/example_kubernetes_executor.py
[2026-07-21T18:26:08.459+0000] {processor.py:830} INFO - Processing file /home/airflow/.local/lib/python3.8/site-packages/airflow/example_dags/example_kubernetes_executor.py for tasks to queue
[2026-07-21T18:26:08.461+0000] {logging_mixin.py:188} INFO - [2026-07-21T18:26:08.461+0000] {dagbag.py:538} INFO - Filling up the DagBag from /home/airflow/.local/lib/python3.8/site-packages/airflow/example_dags/example_kubernetes_executor.py
[2026-07-21T18:26:08.477+0000] {processor.py:840} INFO - DAG(s) 'example_kubernetes_executor' retrieved from /home/airflow/.local/lib/python3.8/site-packages/airflow/example_dags/example_kubernetes_executor.py
[2026-07-21T18:26:08.522+0000] {logging_mixin.py:188} INFO - [2026-07-21T18:26:08.521+0000] {dag.py:3036} INFO - Sync 1 DAGs
[2026-07-21T18:26:08.534+0000] {logging_mixin.py:188} INFO - [2026-07-21T18:26:08.533+0000] {dag.py:3823} INFO - Setting next_dagrun for example_kubernetes_executor to None, run_after=None
[2026-07-21T18:26:08.553+0000] {processor.py:183} INFO - Processing /home/airflow/.local/lib/python3.8/site-packages/airflow/example_dags/example_kubernetes_executor.py took 0.101 seconds
[2026-07-21T18:26:40.079+0000] {processor.py:161} INFO - Started process (PID=2035) to work on /home/airflow/.local/lib/python3.8/site-packages/airflow/example_dags/example_kubernetes_executor.py
[2026-07-21T18:26:40.080+0000] {processor.py:830} INFO - Processing file /home/airflow/.local/lib/python3.8/site-packages/airflow/example_dags/example_kubernetes_executor.py for tasks to queue
[2026-07-21T18:26:40.082+0000] {logging_mixin.py:188} INFO - [2026-07-21T18:26:40.082+0000] {dagbag.py:538} INFO - Filling up the DagBag from /home/airflow/.local/lib/python3.8/site-packages/airflow/example_dags/example_kubernetes_executor.py
[2026-07-21T18:26:40.095+0000] {processor.py:840} INFO - DAG(s) 'example_kubernetes_executor' retrieved from /home/airflow/.local/lib/python3.8/site-packages/airflow/example_dags/example_kubernetes_executor.py
[2026-07-21T18:26:40.138+0000] {logging_mixin.py:188} INFO - [2026-07-21T18:26:40.137+0000] {dag.py:3036} INFO - Sync 1 DAGs
[2026-07-21T18:26:40.148+0000] {logging_mixin.py:188} INFO - [2026-07-21T18:26:40.148+0000] {dag.py:3823} INFO - Setting next_dagrun for example_kubernetes_executor to None, run_after=None
[2026-07-21T18:26:40.167+0000] {processor.py:183} INFO - Processing /home/airflow/.local/lib/python3.8/site-packages/airflow/example_dags/example_kubernetes_executor.py took 0.092 seconds
[2026-07-21T18:27:10.655+0000] {processor.py:161} INFO - Started process (PID=2091) to work on /home/airflow/.local/lib/python3.8/site-packages/airflow/example_dags/example_kubernetes_executor.py
[2026-07-21T18:27:10.657+0000] {processor.py:830} INFO - Processing file /home/airflow/.local/lib/python3.8/site-packages/airflow/example_dags/example_kubernetes_executor.py for tasks to queue
[2026-07-21T18:27:10.659+0000] {logging_mixin.py:188} INFO - [2026-07-21T18:27:10.658+0000] {dagbag.py:538} INFO - Filling up the DagBag from /home/airflow/.local/lib/python3.8/site-packages/airflow/example_dags/example_kubernetes_executor.py
[2026-07-21T18:27:10.673+0000] {processor.py:840} INFO - DAG(s) 'example_kubernetes_executor' retrieved from /home/airflow/.local/lib/python3.8/site-packages/airflow/example_dags/example_kubernetes_executor.py
[2026-07-21T18:27:10.714+0000] {logging_mixin.py:188} INFO - [2026-07-21T18:27:10.714+0000] {dag.py:3036} INFO - Sync 1 DAGs
[2026-07-21T18:27:10.726+0000] {logging_mixin.py:188} INFO - [2026-07-21T18:27:10.725+0000] {dag.py:3823} INFO - Setting next_dagrun for example_kubernetes_executor to None, run_after=None
[2026-07-21T18:27:10.744+0000] {processor.py:183} INFO - Processing /home/airflow/.local/lib/python3.8/site-packages/airflow/example_dags/example_kubernetes_executor.py took 0.093 seconds
[2026-07-21T18:27:41.305+0000] {processor.py:161} INFO - Started process (PID=2147) to work on /home/airflow/.local/lib/python3.8/site-packages/airflow/example_dags/example_kubernetes_executor.py
[2026-07-21T18:27:41.306+0000] {processor.py:830} INFO - Processing file /home/airflow/.local/lib/python3.8/site-packages/airflow/example_dags/example_kubernetes_executor.py for tasks to queue
[2026-07-21T18:27:41.308+0000] {logging_mixin.py:188} INFO - [2026-07-21T18:27:41.308+0000] {dagbag.py:538} INFO - Filling up the DagBag from /home/airflow/.local/lib/python3.8/site-packages/airflow/example_dags/example_kubernetes_executor.py
[2026-07-21T18:27:41.321+0000] {processor.py:840} INFO - DAG(s) 'example_kubernetes_executor' retrieved from /home/airflow/.local/lib/python3.8/site-packages/airflow/example_dags/example_kubernetes_executor.py
[2026-07-21T18:27:41.370+0000] {logging_mixin.py:188} INFO - [2026-07-21T18:27:41.370+0000] {dag.py:3036} INFO - Sync 1 DAGs
[2026-07-21T18:27:41.386+0000] {logging_mixin.py:188} INFO - [2026-07-21T18:27:41.386+0000] {dag.py:3823} INFO - Setting next_dagrun for example_kubernetes_executor to None, run_after=None
[2026-07-21T18:27:41.408+0000] {processor.py:183} INFO - Processing /home/airflow/.local/lib/python3.8/site-packages/airflow/example_dags/example_kubernetes_executor.py took 0.107 seconds
[2026-07-21T18:28:11.746+0000] {processor.py:161} INFO - Started process (PID=2203) to work on /home/airflow/.local/lib/python3.8/site-packages/airflow/example_dags/example_kubernetes_executor.py
[2026-07-21T18:28:11.747+0000] {processor.py:830} INFO - Processing file /home/airflow/.local/lib/python3.8/site-packages/airflow/example_dags/example_kubernetes_executor.py for tasks to queue
[2026-07-21T18:28:11.749+0000] {logging_mixin.py:188} INFO - [2026-07-21T18:28:11.749+0000] {dagbag.py:538} INFO - Filling up the DagBag from /home/airflow/.local/lib/python3.8/site-packages/airflow/example_dags/example_kubernetes_executor.py
[2026-07-21T18:28:11.763+0000] {processor.py:840} INFO - DAG(s) 'example_kubernetes_executor' retrieved from /home/airflow/.local/lib/python3.8/site-packages/airflow/example_dags/example_kubernetes_executor.py
[2026-07-21T18:28:11.804+0000] {logging_mixin.py:188} INFO - [2026-07-21T18:28:11.804+0000] {dag.py:3036} INFO - Sync 1 DAGs
[2026-07-21T18:28:11.818+0000] {logging_mixin.py:188} INFO - [2026-07-21T18:28:11.818+0000] {dag.py:3823} INFO - Setting next_dagrun for example_kubernetes_executor to None, run_after=None
[2026-07-21T18:28:11.838+0000] {processor.py:183} INFO - Processing /home/airflow/.local/lib/python3.8/site-packages/airflow/example_dags/example_kubernetes_executor.py took 0.096 seconds
[2026-07-21T18:28:42.046+0000] {processor.py:161} INFO - Started process (PID=2259) to work on /home/airflow/.local/lib/python3.8/site-packages/airflow/example_dags/example_kubernetes_executor.py
[2026-07-21T18:28:42.047+0000] {processor.py:830} INFO - Processing file /home/airflow/.local/lib/python3.8/site-packages/airflow/example_dags/example_kubernetes_executor.py for tasks to queue
[2026-07-21T18:28:42.049+0000] {logging_mixin.py:188} INFO - [2026-07-21T18:28:42.049+0000] {dagbag.py:538} INFO - Filling up the DagBag from /home/airflow/.local/lib/python3.8/site-packages/airflow/example_dags/example_kubernetes_executor.py
[2026-07-21T18:28:42.062+0000] {processor.py:840} INFO - DAG(s) 'example_kubernetes_executor' retrieved from /home/airflow/.local/lib/python3.8/site-packages/airflow/example_dags/example_kubernetes_executor.py
[2026-07-21T18:28:42.100+0000] {logging_mixin.py:188} INFO - [2026-07-21T18:28:42.100+0000] {dag.py:3036} INFO - Sync 1 DAGs
[2026-07-21T18:28:42.111+0000] {logging_mixin.py:188} INFO - [2026-07-21T18:28:42.111+0000] {dag.py:3823} INFO - Setting next_dagrun for example_kubernetes_executor to None, run_after=None
[2026-07-21T18:28:42.130+0000] {processor.py:183} INFO - Processing /home/airflow/.local/lib/python3.8/site-packages/airflow/example_dags/example_kubernetes_executor.py took 0.088 seconds
[2026-07-21T18:29:12.521+0000] {processor.py:161} INFO - Started process (PID=2315) to work on /home/airflow/.local/lib/python3.8/site-packages/airflow/example_dags/example_kubernetes_executor.py
[2026-07-21T18:29:12.522+0000] {processor.py:830} INFO - Processing file /home/airflow/.local/lib/python3.8/site-packages/airflow/example_dags/example_kubernetes_executor.py for tasks to queue
[2026-07-21T18:29:12.524+0000] {logging_mixin.py:188} INFO - [2026-07-21T18:29:12.524+0000] {dagbag.py:538} INFO - Filling up the DagBag from /home/airflow/.local/lib/python3.8/site-packages/airflow/example_dags/example_kubernetes_executor.py
[2026-07-21T18:29:12.538+0000] {processor.py:840} INFO - DAG(s) 'example_kubernetes_executor' retrieved from /home/airflow/.local/lib/python3.8/site-packages/airflow/example_dags/example_kubernetes_executor.py
[2026-07-21T18:29:12.577+0000] {logging_mixin.py:188} INFO - [2026-07-21T18:29:12.577+0000] {dag.py:3036} INFO - Sync 1 DAGs
[2026-07-21T18:29:12.590+0000] {logging_mixin.py:188} INFO - [2026-07-21T18:29:12.589+0000] {dag.py:3823} INFO - Setting next_dagrun for example_kubernetes_executor to None, run_after=None
[2026-07-21T18:29:12.609+0000] {processor.py:183} INFO - Processing /home/airflow/.local/lib/python3.8/site-packages/airflow/example_dags/example_kubernetes_executor.py took 0.093 seconds
[2026-07-21T18:29:43.097+0000] {processor.py:161} INFO - Started process (PID=2371) to work on /home/airflow/.local/lib/python3.8/site-packages/airflow/example_dags/example_kubernetes_executor.py
[2026-07-21T18:29:43.099+0000] {processor.py:830} INFO - Processing file /home/airflow/.local/lib/python3.8/site-packages/airflow/example_dags/example_kubernetes_executor.py for tasks to queue
[2026-07-21T18:29:43.101+0000] {logging_mixin.py:188} INFO - [2026-07-21T18:29:43.100+0000] {dagbag.py:538} INFO - Filling up the DagBag from /home/airflow/.local/lib/python3.8/site-packages/airflow/example_dags/example_kubernetes_executor.py
[2026-07-21T18:29:43.115+0000] {processor.py:840} INFO - DAG(s) 'example_kubernetes_executor' retrieved from /home/airflow/.local/lib/python3.8/site-packages/airflow/example_dags/example_kubernetes_executor.py
[2026-07-21T18:29:43.161+0000] {logging_mixin.py:188} INFO - [2026-07-21T18:29:43.161+0000] {dag.py:3036} INFO - Sync 1 DAGs
[2026-07-21T18:29:43.174+0000] {logging_mixin.py:188} INFO - [2026-07-21T18:29:43.174+0000] {dag.py:3823} INFO - Setting next_dagrun for example_kubernetes_executor to None, run_after=None
[2026-07-21T18:29:43.196+0000] {processor.py:183} INFO - Processing /home/airflow/.local/lib/python3.8/site-packages/airflow/example_dags/example_kubernetes_executor.py took 0.102 seconds
[2026-07-21T18:30:13.478+0000] {processor.py:161} INFO - Started process (PID=2427) to work on /home/airflow/.local/lib/python3.8/site-packages/airflow/example_dags/example_kubernetes_executor.py
[2026-07-21T18:30:13.479+0000] {processor.py:830} INFO - Processing file /home/airflow/.local/lib/python3.8/site-packages/airflow/example_dags/example_kubernetes_executor.py for tasks to queue
[2026-07-21T18:30:13.481+0000] {logging_mixin.py:188} INFO - [2026-07-21T18:30:13.481+0000] {dagbag.py:538} INFO - Filling up the DagBag from /home/airflow/.local/lib/python3.8/site-packages/airflow/example_dags/example_kubernetes_executor.py
[2026-07-21T18:30:13.495+0000] {processor.py:840} INFO - DAG(s) 'example_kubernetes_executor' retrieved from /home/airflow/.local/lib/python3.8/site-packages/airflow/example_dags/example_kubernetes_executor.py
[2026-07-21T18:30:13.535+0000] {logging_mixin.py:188} INFO - [2026-07-21T18:30:13.535+0000] {dag.py:3036} INFO - Sync 1 DAGs
[2026-07-21T18:30:13.548+0000] {logging_mixin.py:188} INFO - [2026-07-21T18:30:13.548+0000] {dag.py:3823} INFO - Setting next_dagrun for example_kubernetes_executor to None, run_after=None
[2026-07-21T18:30:13.568+0000] {processor.py:183} INFO - Processing /home/airflow/.local/lib/python3.8/site-packages/airflow/example_dags/example_kubernetes_executor.py took 0.094 seconds
[2026-07-21T18:30:43.861+0000] {processor.py:161} INFO - Started process (PID=2483) to work on /home/airflow/.local/lib/python3.8/site-packages/airflow/example_dags/example_kubernetes_executor.py
[2026-07-21T18:30:43.863+0000] {processor.py:830} INFO - Processing file /home/airflow/.local/lib/python3.8/site-packages/airflow/example_dags/example_kubernetes_executor.py for tasks to queue
[2026-07-21T18:30:43.865+0000] {logging_mixin.py:188} INFO - [2026-07-21T18:30:43.864+0000] {dagbag.py:538} INFO - Filling up the DagBag from /home/airflow/.local/lib/python3.8/site-packages/airflow/example_dags/example_kubernetes_executor.py
[2026-07-21T18:30:43.878+0000] {processor.py:840} INFO - DAG(s) 'example_kubernetes_executor' retrieved from /home/airflow/.local/lib/python3.8/site-packages/airflow/example_dags/example_kubernetes_executor.py
[2026-07-21T18:30:43.917+0000] {logging_mixin.py:188} INFO - [2026-07-21T18:30:43.917+0000] {dag.py:3036} INFO - Sync 1 DAGs
[2026-07-21T18:30:43.929+0000] {logging_mixin.py:188} INFO - [2026-07-21T18:30:43.928+0000] {dag.py:3823} INFO - Setting next_dagrun for example_kubernetes_executor to None, run_after=None
[2026-07-21T18:30:43.948+0000] {processor.py:183} INFO - Processing /home/airflow/.local/lib/python3.8/site-packages/airflow/example_dags/example_kubernetes_executor.py took 0.091 seconds
[2026-07-21T18:31:14.288+0000] {processor.py:161} INFO - Started process (PID=2539) to work on /home/airflow/.local/lib/python3.8/site-packages/airflow/example_dags/example_kubernetes_executor.py
[2026-07-21T18:31:14.290+0000] {processor.py:830} INFO - Processing file /home/airflow/.local/lib/python3.8/site-packages/airflow/example_dags/example_kubernetes_executor.py for tasks to queue
[2026-07-21T18:31:14.292+0000] {logging_mixin.py:188} INFO - [2026-07-21T18:31:14.292+0000] {dagbag.py:538} INFO - Filling up the DagBag from /home/airflow/.local/lib/python3.8/site-packages/airflow/example_dags/example_kubernetes_executor.py
[2026-07-21T18:31:14.305+0000] {processor.py:840} INFO - DAG(s) 'example_kubernetes_executor' retrieved from /home/airflow/.local/lib/python3.8/site-packages/airflow/example_dags/example_kubernetes_executor.py
[2026-07-21T18:31:14.344+0000] {logging_mixin.py:188} INFO - [2026-07-21T18:31:14.343+0000] {dag.py:3036} INFO - Sync 1 DAGs
[2026-07-21T18:31:14.358+0000] {logging_mixin.py:188} INFO - [2026-07-21T18:31:14.358+0000] {dag.py:3823} INFO - Setting next_dagrun for example_kubernetes_executor to None, run_after=None
[2026-07-21T18:31:14.384+0000] {processor.py:183} INFO - Processing /home/airflow/.local/lib/python3.8/site-packages/airflow/example_dags/example_kubernetes_executor.py took 0.100 seconds
[2026-07-21T18:34:15.179+0000] {processor.py:161} INFO - Started process (PID=92) to work on /home/airflow/.local/lib/python3.10/site-packages/airflow/example_dags/example_kubernetes_executor.py
[2026-07-21T18:34:15.182+0000] {processor.py:830} INFO - Processing file /home/airflow/.local/lib/python3.10/site-packages/airflow/example_dags/example_kubernetes_executor.py for tasks to queue
[2026-07-21T18:34:15.187+0000] {logging_mixin.py:188} INFO - [2026-07-21T18:34:15.186+0000] {dagbag.py:538} INFO - Filling up the DagBag from /home/airflow/.local/lib/python3.10/site-packages/airflow/example_dags/example_kubernetes_executor.py
[2026-07-21T18:34:15.215+0000] {processor.py:840} INFO - DAG(s) 'example_kubernetes_executor' retrieved from /home/airflow/.local/lib/python3.10/site-packages/airflow/example_dags/example_kubernetes_executor.py
[2026-07-21T18:34:15.236+0000] {logging_mixin.py:188} INFO - [2026-07-21T18:34:15.236+0000] {dag.py:3036} INFO - Sync 1 DAGs
[2026-07-21T18:34:15.284+0000] {logging_mixin.py:188} INFO - [2026-07-21T18:34:15.284+0000] {dag.py:3823} INFO - Setting next_dagrun for example_kubernetes_executor to None, run_after=None
[2026-07-21T18:34:15.327+0000] {processor.py:183} INFO - Processing /home/airflow/.local/lib/python3.10/site-packages/airflow/example_dags/example_kubernetes_executor.py took 0.157 seconds
[2026-07-21T18:34:45.461+0000] {processor.py:161} INFO - Started process (PID=148) to work on /home/airflow/.local/lib/python3.10/site-packages/airflow/example_dags/example_kubernetes_executor.py
[2026-07-21T18:34:45.463+0000] {processor.py:830} INFO - Processing file /home/airflow/.local/lib/python3.10/site-packages/airflow/example_dags/example_kubernetes_executor.py for tasks to queue
[2026-07-21T18:34:45.466+0000] {logging_mixin.py:188} INFO - [2026-07-21T18:34:45.465+0000] {dagbag.py:538} INFO - Filling up the DagBag from /home/airflow/.local/lib/python3.10/site-packages/airflow/example_dags/example_kubernetes_executor.py
[2026-07-21T18:34:45.481+0000] {processor.py:840} INFO - DAG(s) 'example_kubernetes_executor' retrieved from /home/airflow/.local/lib/python3.10/site-packages/airflow/example_dags/example_kubernetes_executor.py
[2026-07-21T18:34:45.610+0000] {logging_mixin.py:188} INFO - [2026-07-21T18:34:45.609+0000] {dag.py:3036} INFO - Sync 1 DAGs
[2026-07-21T18:34:45.621+0000] {logging_mixin.py:188} INFO - [2026-07-21T18:34:45.620+0000] {dag.py:3823} INFO - Setting next_dagrun for example_kubernetes_executor to None, run_after=None
[2026-07-21T18:34:45.653+0000] {processor.py:183} INFO - Processing /home/airflow/.local/lib/python3.10/site-packages/airflow/example_dags/example_kubernetes_executor.py took 0.196 seconds
[2026-07-21T18:35:16.470+0000] {processor.py:161} INFO - Started process (PID=204) to work on /home/airflow/.local/lib/python3.10/site-packages/airflow/example_dags/example_kubernetes_executor.py
[2026-07-21T18:35:16.471+0000] {processor.py:830} INFO - Processing file /home/airflow/.local/lib/python3.10/site-packages/airflow/example_dags/example_kubernetes_executor.py for tasks to queue
[2026-07-21T18:35:16.474+0000] {logging_mixin.py:188} INFO - [2026-07-21T18:35:16.474+0000] {dagbag.py:538} INFO - Filling up the DagBag from /home/airflow/.local/lib/python3.10/site-packages/airflow/example_dags/example_kubernetes_executor.py
[2026-07-21T18:35:16.487+0000] {processor.py:840} INFO - DAG(s) 'example_kubernetes_executor' retrieved from /home/airflow/.local/lib/python3.10/site-packages/airflow/example_dags/example_kubernetes_executor.py
[2026-07-21T18:35:16.528+0000] {logging_mixin.py:188} INFO - [2026-07-21T18:35:16.528+0000] {dag.py:3036} INFO - Sync 1 DAGs
[2026-07-21T18:35:16.540+0000] {logging_mixin.py:188} INFO - [2026-07-21T18:35:16.540+0000] {dag.py:3823} INFO - Setting next_dagrun for example_kubernetes_executor to None, run_after=None
[2026-07-21T18:35:16.559+0000] {processor.py:183} INFO - Processing /home/airflow/.local/lib/python3.10/site-packages/airflow/example_dags/example_kubernetes_executor.py took 0.094 seconds
[2026-07-21T18:35:46.890+0000] {processor.py:161} INFO - Started process (PID=260) to work on /home/airflow/.local/lib/python3.10/site-packages/airflow/example_dags/example_kubernetes_executor.py
[2026-07-21T18:35:46.892+0000] {processor.py:830} INFO - Processing file /home/airflow/.local/lib/python3.10/site-packages/airflow/example_dags/example_kubernetes_executor.py for tasks to queue
[2026-07-21T18:35:46.894+0000] {logging_mixin.py:188} INFO - [2026-07-21T18:35:46.893+0000] {dagbag.py:538} INFO - Filling up the DagBag from /home/airflow/.local/lib/python3.10/site-packages/airflow/example_dags/example_kubernetes_executor.py
[2026-07-21T18:35:46.909+0000] {processor.py:840} INFO - DAG(s) 'example_kubernetes_executor' retrieved from /home/airflow/.local/lib/python3.10/site-packages/airflow/example_dags/example_kubernetes_executor.py
[2026-07-21T18:35:46.971+0000] {logging_mixin.py:188} INFO - [2026-07-21T18:35:46.970+0000] {dag.py:3036} INFO - Sync 1 DAGs
[2026-07-21T18:35:46.990+0000] {logging_mixin.py:188} INFO - [2026-07-21T18:35:46.989+0000] {dag.py:3823} INFO - Setting next_dagrun for example_kubernetes_executor to None, run_after=None
[2026-07-21T18:35:47.015+0000] {processor.py:183} INFO - Processing /home/airflow/.local/lib/python3.10/site-packages/airflow/example_dags/example_kubernetes_executor.py took 0.131 seconds
[2026-07-21T18:36:17.153+0000] {processor.py:161} INFO - Started process (PID=316) to work on /home/airflow/.local/lib/python3.10/site-packages/airflow/example_dags/example_kubernetes_executor.py
[2026-07-21T18:36:17.154+0000] {processor.py:830} INFO - Processing file /home/airflow/.local/lib/python3.10/site-packages/airflow/example_dags/example_kubernetes_executor.py for tasks to queue
[2026-07-21T18:36:17.157+0000] {logging_mixin.py:188} INFO - [2026-07-21T18:36:17.156+0000] {dagbag.py:538} INFO - Filling up the DagBag from /home/airflow/.local/lib/python3.10/site-packages/airflow/example_dags/example_kubernetes_executor.py
[2026-07-21T18:36:17.172+0000] {processor.py:840} INFO - DAG(s) 'example_kubernetes_executor' retrieved from /home/airflow/.local/lib/python3.10/site-packages/airflow/example_dags/example_kubernetes_executor.py
[2026-07-21T18:36:17.211+0000] {logging_mixin.py:188} INFO - [2026-07-21T18:36:17.210+0000] {dag.py:3036} INFO - Sync 1 DAGs
[2026-07-21T18:36:17.223+0000] {logging_mixin.py:188} INFO - [2026-07-21T18:36:17.222+0000] {dag.py:3823} INFO - Setting next_dagrun for example_kubernetes_executor to None, run_after=None
[2026-07-21T18:36:17.244+0000] {processor.py:183} INFO - Processing /home/airflow/.local/lib/python3.10/site-packages/airflow/example_dags/example_kubernetes_executor.py took 0.096 seconds
[2026-07-21T18:36:47.529+0000] {processor.py:161} INFO - Started process (PID=372) to work on /home/airflow/.local/lib/python3.10/site-packages/airflow/example_dags/example_kubernetes_executor.py
[2026-07-21T18:36:47.530+0000] {processor.py:830} INFO - Processing file /home/airflow/.local/lib/python3.10/site-packages/airflow/example_dags/example_kubernetes_executor.py for tasks to queue
[2026-07-21T18:36:47.533+0000] {logging_mixin.py:188} INFO - [2026-07-21T18:36:47.532+0000] {dagbag.py:538} INFO - Filling up the DagBag from /home/airflow/.local/lib/python3.10/site-packages/airflow/example_dags/example_kubernetes_executor.py
[2026-07-21T18:36:47.547+0000] {processor.py:840} INFO - DAG(s) 'example_kubernetes_executor' retrieved from /home/airflow/.local/lib/python3.10/site-packages/airflow/example_dags/example_kubernetes_executor.py
[2026-07-21T18:36:47.587+0000] {logging_mixin.py:188} INFO - [2026-07-21T18:36:47.587+0000] {dag.py:3036} INFO - Sync 1 DAGs
[2026-07-21T18:36:47.599+0000] {logging_mixin.py:188} INFO - [2026-07-21T18:36:47.599+0000] {dag.py:3823} INFO - Setting next_dagrun for example_kubernetes_executor to None, run_after=None
[2026-07-21T18:36:47.617+0000] {processor.py:183} INFO - Processing /home/airflow/.local/lib/python3.10/site-packages/airflow/example_dags/example_kubernetes_executor.py took 0.092 seconds
[2026-07-21T18:37:17.889+0000] {processor.py:161} INFO - Started process (PID=428) to work on /home/airflow/.local/lib/python3.10/site-packages/airflow/example_dags/example_kubernetes_executor.py
[2026-07-21T18:37:17.890+0000] {processor.py:830} INFO - Processing file /home/airflow/.local/lib/python3.10/site-packages/airflow/example_dags/example_kubernetes_executor.py for tasks to queue
[2026-07-21T18:37:17.893+0000] {logging_mixin.py:188} INFO - [2026-07-21T18:37:17.892+0000] {dagbag.py:538} INFO - Filling up the DagBag from /home/airflow/.local/lib/python3.10/site-packages/airflow/example_dags/example_kubernetes_executor.py
[2026-07-21T18:37:17.906+0000] {processor.py:840} INFO - DAG(s) 'example_kubernetes_executor' retrieved from /home/airflow/.local/lib/python3.10/site-packages/airflow/example_dags/example_kubernetes_executor.py
[2026-07-21T18:37:17.944+0000] {logging_mixin.py:188} INFO - [2026-07-21T18:37:17.944+0000] {dag.py:3036} INFO - Sync 1 DAGs
[2026-07-21T18:37:17.954+0000] {logging_mixin.py:188} INFO - [2026-07-21T18:37:17.954+0000] {dag.py:3823} INFO - Setting next_dagrun for example_kubernetes_executor to None, run_after=None
[2026-07-21T18:37:17.971+0000] {processor.py:183} INFO - Processing /home/airflow/.local/lib/python3.10/site-packages/airflow/example_dags/example_kubernetes_executor.py took 0.086 seconds
[2026-07-21T18:37:48.090+0000] {processor.py:161} INFO - Started process (PID=484) to work on /home/airflow/.local/lib/python3.10/site-packages/airflow/example_dags/example_kubernetes_executor.py
[2026-07-21T18:37:48.091+0000] {processor.py:830} INFO - Processing file /home/airflow/.local/lib/python3.10/site-packages/airflow/example_dags/example_kubernetes_executor.py for tasks to queue
[2026-07-21T18:37:48.093+0000] {logging_mixin.py:188} INFO - [2026-07-21T18:37:48.093+0000] {dagbag.py:538} INFO - Filling up the DagBag from /home/airflow/.local/lib/python3.10/site-packages/airflow/example_dags/example_kubernetes_executor.py
[2026-07-21T18:37:48.105+0000] {processor.py:840} INFO - DAG(s) 'example_kubernetes_executor' retrieved from /home/airflow/.local/lib/python3.10/site-packages/airflow/example_dags/example_kubernetes_executor.py
[2026-07-21T18:37:48.144+0000] {logging_mixin.py:188} INFO - [2026-07-21T18:37:48.144+0000] {dag.py:3036} INFO - Sync 1 DAGs
[2026-07-21T18:37:48.155+0000] {logging_mixin.py:188} INFO - [2026-07-21T18:37:48.155+0000] {dag.py:3823} INFO - Setting next_dagrun for example_kubernetes_executor to None, run_after=None
[2026-07-21T18:37:48.174+0000] {processor.py:183} INFO - Processing /home/airflow/.local/lib/python3.10/site-packages/airflow/example_dags/example_kubernetes_executor.py took 0.088 seconds
[2026-07-21T18:38:18.744+0000] {processor.py:161} INFO - Started process (PID=540) to work on /home/airflow/.local/lib/python3.10/site-packages/airflow/example_dags/example_kubernetes_executor.py
[2026-07-21T18:38:18.746+0000] {processor.py:830} INFO - Processing file /home/airflow/.local/lib/python3.10/site-packages/airflow/example_dags/example_kubernetes_executor.py for tasks to queue
[2026-07-21T18:38:18.748+0000] {logging_mixin.py:188} INFO - [2026-07-21T18:38:18.747+0000] {dagbag.py:538} INFO - Filling up the DagBag from /home/airflow/.local/lib/python3.10/site-packages/airflow/example_dags/example_kubernetes_executor.py
[2026-07-21T18:38:18.761+0000] {processor.py:840} INFO - DAG(s) 'example_kubernetes_executor' retrieved from /home/airflow/.local/lib/python3.10/site-packages/airflow/example_dags/example_kubernetes_executor.py
[2026-07-21T18:38:18.800+0000] {logging_mixin.py:188} INFO - [2026-07-21T18:38:18.800+0000] {dag.py:3036} INFO - Sync 1 DAGs
[2026-07-21T18:38:18.810+0000] {logging_mixin.py:188} INFO - [2026-07-21T18:38:18.810+0000] {dag.py:3823} INFO - Setting next_dagrun for example_kubernetes_executor to None, run_after=None
[2026-07-21T18:38:18.828+0000] {processor.py:183} INFO - Processing /home/airflow/.local/lib/python3.10/site-packages/airflow/example_dags/example_kubernetes_executor.py took 0.087 seconds
[2026-07-21T18:38:49.102+0000] {processor.py:161} INFO - Started process (PID=596) to work on /home/airflow/.local/lib/python3.10/site-packages/airflow/example_dags/example_kubernetes_executor.py
[2026-07-21T18:38:49.104+0000] {processor.py:830} INFO - Processing file /home/airflow/.local/lib/python3.10/site-packages/airflow/example_dags/example_kubernetes_executor.py for tasks to queue
[2026-07-21T18:38:49.106+0000] {logging_mixin.py:188} INFO - [2026-07-21T18:38:49.105+0000] {dagbag.py:538} INFO - Filling up the DagBag from /home/airflow/.local/lib/python3.10/site-packages/airflow/example_dags/example_kubernetes_executor.py
[2026-07-21T18:38:49.118+0000] {processor.py:840} INFO - DAG(s) 'example_kubernetes_executor' retrieved from /home/airflow/.local/lib/python3.10/site-packages/airflow/example_dags/example_kubernetes_executor.py
[2026-07-21T18:38:49.156+0000] {logging_mixin.py:188} INFO - [2026-07-21T18:38:49.155+0000] {dag.py:3036} INFO - Sync 1 DAGs
[2026-07-21T18:38:49.166+0000] {logging_mixin.py:188} INFO - [2026-07-21T18:38:49.166+0000] {dag.py:3823} INFO - Setting next_dagrun for example_kubernetes_executor to None, run_after=None
[2026-07-21T18:38:49.184+0000] {processor.py:183} INFO - Processing /home/airflow/.local/lib/python3.10/site-packages/airflow/example_dags/example_kubernetes_executor.py took 0.085 seconds
[2026-07-21T18:39:19.323+0000] {processor.py:161} INFO - Started process (PID=652) to work on /home/airflow/.local/lib/python3.10/site-packages/airflow/example_dags/example_kubernetes_executor.py
[2026-07-21T18:39:19.324+0000] {processor.py:830} INFO - Processing file /home/airflow/.local/lib/python3.10/site-packages/airflow/example_dags/example_kubernetes_executor.py for tasks to queue
[2026-07-21T18:39:19.327+0000] {logging_mixin.py:188} INFO - [2026-07-21T18:39:19.326+0000] {dagbag.py:538} INFO - Filling up the DagBag from /home/airflow/.local/lib/python3.10/site-packages/airflow/example_dags/example_kubernetes_executor.py
[2026-07-21T18:39:19.340+0000] {processor.py:840} INFO - DAG(s) 'example_kubernetes_executor' retrieved from /home/airflow/.local/lib/python3.10/site-packages/airflow/example_dags/example_kubernetes_executor.py
[2026-07-21T18:39:19.377+0000] {logging_mixin.py:188} INFO - [2026-07-21T18:39:19.377+0000] {dag.py:3036} INFO - Sync 1 DAGs
[2026-07-21T18:39:19.388+0000] {logging_mixin.py:188} INFO - [2026-07-21T18:39:19.388+0000] {dag.py:3823} INFO - Setting next_dagrun for example_kubernetes_executor to None, run_after=None
[2026-07-21T18:39:19.407+0000] {processor.py:183} INFO - Processing /home/airflow/.local/lib/python3.10/site-packages/airflow/example_dags/example_kubernetes_executor.py took 0.087 seconds
[2026-07-21T18:39:49.466+0000] {processor.py:161} INFO - Started process (PID=708) to work on /home/airflow/.local/lib/python3.10/site-packages/airflow/example_dags/example_kubernetes_executor.py
[2026-07-21T18:39:49.467+0000] {processor.py:830} INFO - Processing file /home/airflow/.local/lib/python3.10/site-packages/airflow/example_dags/example_kubernetes_executor.py for tasks to queue
[2026-07-21T18:39:49.470+0000] {logging_mixin.py:188} INFO - [2026-07-21T18:39:49.469+0000] {dagbag.py:538} INFO - Filling up the DagBag from /home/airflow/.local/lib/python3.10/site-packages/airflow/example_dags/example_kubernetes_executor.py
[2026-07-21T18:39:49.484+0000] {processor.py:840} INFO - DAG(s) 'example_kubernetes_executor' retrieved from /home/airflow/.local/lib/python3.10/site-packages/airflow/example_dags/example_kubernetes_executor.py
[2026-07-21T18:39:49.527+0000] {logging_mixin.py:188} INFO - [2026-07-21T18:39:49.526+0000] {dag.py:3036} INFO - Sync 1 DAGs
[2026-07-21T18:39:49.538+0000] {logging_mixin.py:188} INFO - [2026-07-21T18:39:49.538+0000] {dag.py:3823} INFO - Setting next_dagrun for example_kubernetes_executor to None, run_after=None
[2026-07-21T18:39:49.555+0000] {processor.py:183} INFO - Processing /home/airflow/.local/lib/python3.10/site-packages/airflow/example_dags/example_kubernetes_executor.py took 0.093 seconds
[2026-07-21T18:40:20.045+0000] {processor.py:161} INFO - Started process (PID=764) to work on /home/airflow/.local/lib/python3.10/site-packages/airflow/example_dags/example_kubernetes_executor.py
[2026-07-21T18:40:20.046+0000] {processor.py:830} INFO - Processing file /home/airflow/.local/lib/python3.10/site-packages/airflow/example_dags/example_kubernetes_executor.py for tasks to queue
[2026-07-21T18:40:20.048+0000] {logging_mixin.py:188} INFO - [2026-07-21T18:40:20.048+0000] {dagbag.py:538} INFO - Filling up the DagBag from /home/airflow/.local/lib/python3.10/site-packages/airflow/example_dags/example_kubernetes_executor.py
[2026-07-21T18:40:20.061+0000] {processor.py:840} INFO - DAG(s) 'example_kubernetes_executor' retrieved from /home/airflow/.local/lib/python3.10/site-packages/airflow/example_dags/example_kubernetes_executor.py
[2026-07-21T18:40:20.103+0000] {logging_mixin.py:188} INFO - [2026-07-21T18:40:20.103+0000] {dag.py:3036} INFO - Sync 1 DAGs
[2026-07-21T18:40:20.116+0000] {logging_mixin.py:188} INFO - [2026-07-21T18:40:20.116+0000] {dag.py:3823} INFO - Setting next_dagrun for example_kubernetes_executor to None, run_after=None
[2026-07-21T18:40:20.134+0000] {processor.py:183} INFO - Processing /home/airflow/.local/lib/python3.10/site-packages/airflow/example_dags/example_kubernetes_executor.py took 0.093 seconds
[2026-07-21T18:40:50.530+0000] {processor.py:161} INFO - Started process (PID=820) to work on /home/airflow/.local/lib/python3.10/site-packages/airflow/example_dags/example_kubernetes_executor.py
[2026-07-21T18:40:50.531+0000] {processor.py:830} INFO - Processing file /home/airflow/.local/lib/python3.10/site-packages/airflow/example_dags/example_kubernetes_executor.py for tasks to queue
[2026-07-21T18:40:50.533+0000] {logging_mixin.py:188} INFO - [2026-07-21T18:40:50.533+0000] {dagbag.py:538} INFO - Filling up the DagBag from /home/airflow/.local/lib/python3.10/site-packages/airflow/example_dags/example_kubernetes_executor.py
[2026-07-21T18:40:50.546+0000] {processor.py:840} INFO - DAG(s) 'example_kubernetes_executor' retrieved from /home/airflow/.local/lib/python3.10/site-packages/airflow/example_dags/example_kubernetes_executor.py
[2026-07-21T18:40:50.585+0000] {logging_mixin.py:188} INFO - [2026-07-21T18:40:50.584+0000] {dag.py:3036} INFO - Sync 1 DAGs
[2026-07-21T18:40:50.596+0000] {logging_mixin.py:188} INFO - [2026-07-21T18:40:50.596+0000] {dag.py:3823} INFO - Setting next_dagrun for example_kubernetes_executor to None, run_after=None
[2026-07-21T18:40:50.613+0000] {processor.py:183} INFO - Processing /home/airflow/.local/lib/python3.10/site-packages/airflow/example_dags/example_kubernetes_executor.py took 0.087 seconds
[2026-07-21T18:41:20.694+0000] {processor.py:161} INFO - Started process (PID=876) to work on /home/airflow/.local/lib/python3.10/site-packages/airflow/example_dags/example_kubernetes_executor.py
[2026-07-21T18:41:20.695+0000] {processor.py:830} INFO - Processing file /home/airflow/.local/lib/python3.10/site-packages/airflow/example_dags/example_kubernetes_executor.py for tasks to queue
[2026-07-21T18:41:20.697+0000] {logging_mixin.py:188} INFO - [2026-07-21T18:41:20.697+0000] {dagbag.py:538} INFO - Filling up the DagBag from /home/airflow/.local/lib/python3.10/site-packages/airflow/example_dags/example_kubernetes_executor.py
[2026-07-21T18:41:20.711+0000] {processor.py:840} INFO - DAG(s) 'example_kubernetes_executor' retrieved from /home/airflow/.local/lib/python3.10/site-packages/airflow/example_dags/example_kubernetes_executor.py
[2026-07-21T18:41:20.752+0000] {logging_mixin.py:188} INFO - [2026-07-21T18:41:20.752+0000] {dag.py:3036} INFO - Sync 1 DAGs
[2026-07-21T18:41:20.763+0000] {logging_mixin.py:188} INFO - [2026-07-21T18:41:20.763+0000] {dag.py:3823} INFO - Setting next_dagrun for example_kubernetes_executor to None, run_after=None
[2026-07-21T18:41:20.782+0000] {processor.py:183} INFO - Processing /home/airflow/.local/lib/python3.10/site-packages/airflow/example_dags/example_kubernetes_executor.py took 0.091 seconds
[2026-07-21T18:41:51.078+0000] {processor.py:161} INFO - Started process (PID=932) to work on /home/airflow/.local/lib/python3.10/site-packages/airflow/example_dags/example_kubernetes_executor.py
[2026-07-21T18:41:51.079+0000] {processor.py:830} INFO - Processing file /home/airflow/.local/lib/python3.10/site-packages/airflow/example_dags/example_kubernetes_executor.py for tasks to queue
[2026-07-21T18:41:51.082+0000] {logging_mixin.py:188} INFO - [2026-07-21T18:41:51.081+0000] {dagbag.py:538} INFO - Filling up the DagBag from /home/airflow/.local/lib/python3.10/site-packages/airflow/example_dags/example_kubernetes_executor.py
[2026-07-21T18:41:51.095+0000] {processor.py:840} INFO - DAG(s) 'example_kubernetes_executor' retrieved from /home/airflow/.local/lib/python3.10/site-packages/airflow/example_dags/example_kubernetes_executor.py
[2026-07-21T18:41:51.135+0000] {logging_mixin.py:188} INFO - [2026-07-21T18:41:51.135+0000] {dag.py:3036} INFO - Sync 1 DAGs
[2026-07-21T18:41:51.147+0000] {logging_mixin.py:188} INFO - [2026-07-21T18:41:51.147+0000] {dag.py:3823} INFO - Setting next_dagrun for example_kubernetes_executor to None, run_after=None
[2026-07-21T18:41:51.167+0000] {processor.py:183} INFO - Processing /home/airflow/.local/lib/python3.10/site-packages/airflow/example_dags/example_kubernetes_executor.py took 0.093 seconds
[2026-07-21T18:42:21.442+0000] {processor.py:161} INFO - Started process (PID=988) to work on /home/airflow/.local/lib/python3.10/site-packages/airflow/example_dags/example_kubernetes_executor.py
[2026-07-21T18:42:21.443+0000] {processor.py:830} INFO - Processing file /home/airflow/.local/lib/python3.10/site-packages/airflow/example_dags/example_kubernetes_executor.py for tasks to queue
[2026-07-21T18:42:21.446+0000] {logging_mixin.py:188} INFO - [2026-07-21T18:42:21.445+0000] {dagbag.py:538} INFO - Filling up the DagBag from /home/airflow/.local/lib/python3.10/site-packages/airflow/example_dags/example_kubernetes_executor.py
[2026-07-21T18:42:21.459+0000] {processor.py:840} INFO - DAG(s) 'example_kubernetes_executor' retrieved from /home/airflow/.local/lib/python3.10/site-packages/airflow/example_dags/example_kubernetes_executor.py
[2026-07-21T18:42:21.499+0000] {logging_mixin.py:188} INFO - [2026-07-21T18:42:21.499+0000] {dag.py:3036} INFO - Sync 1 DAGs
[2026-07-21T18:42:21.511+0000] {logging_mixin.py:188} INFO - [2026-07-21T18:42:21.511+0000] {dag.py:3823} INFO - Setting next_dagrun for example_kubernetes_executor to None, run_after=None
[2026-07-21T18:42:21.528+0000] {processor.py:183} INFO - Processing /home/airflow/.local/lib/python3.10/site-packages/airflow/example_dags/example_kubernetes_executor.py took 0.090 seconds
[2026-07-21T18:42:52.714+0000] {processor.py:161} INFO - Started process (PID=1045) to work on /home/airflow/.local/lib/python3.10/site-packages/airflow/example_dags/example_kubernetes_executor.py
[2026-07-21T18:42:52.715+0000] {processor.py:830} INFO - Processing file /home/airflow/.local/lib/python3.10/site-packages/airflow/example_dags/example_kubernetes_executor.py for tasks to queue
[2026-07-21T18:42:52.717+0000] {logging_mixin.py:188} INFO - [2026-07-21T18:42:52.717+0000] {dagbag.py:538} INFO - Filling up the DagBag from /home/airflow/.local/lib/python3.10/site-packages/airflow/example_dags/example_kubernetes_executor.py
[2026-07-21T18:42:52.730+0000] {processor.py:840} INFO - DAG(s) 'example_kubernetes_executor' retrieved from /home/airflow/.local/lib/python3.10/site-packages/airflow/example_dags/example_kubernetes_executor.py
[2026-07-21T18:42:52.773+0000] {logging_mixin.py:188} INFO - [2026-07-21T18:42:52.773+0000] {dag.py:3036} INFO - Sync 1 DAGs
[2026-07-21T18:42:52.787+0000] {logging_mixin.py:188} INFO - [2026-07-21T18:42:52.786+0000] {dag.py:3823} INFO - Setting next_dagrun for example_kubernetes_executor to None, run_after=None
[2026-07-21T18:42:52.807+0000] {processor.py:183} INFO - Processing /home/airflow/.local/lib/python3.10/site-packages/airflow/example_dags/example_kubernetes_executor.py took 0.097 seconds
[2026-07-21T18:43:23.160+0000] {processor.py:161} INFO - Started process (PID=1101) to work on /home/airflow/.local/lib/python3.10/site-packages/airflow/example_dags/example_kubernetes_executor.py
[2026-07-21T18:43:23.161+0000] {processor.py:830} INFO - Processing file /home/airflow/.local/lib/python3.10/site-packages/airflow/example_dags/example_kubernetes_executor.py for tasks to queue
[2026-07-21T18:43:23.163+0000] {logging_mixin.py:188} INFO - [2026-07-21T18:43:23.163+0000] {dagbag.py:538} INFO - Filling up the DagBag from /home/airflow/.local/lib/python3.10/site-packages/airflow/example_dags/example_kubernetes_executor.py
[2026-07-21T18:43:23.177+0000] {processor.py:840} INFO - DAG(s) 'example_kubernetes_executor' retrieved from /home/airflow/.local/lib/python3.10/site-packages/airflow/example_dags/example_kubernetes_executor.py
[2026-07-21T18:43:23.224+0000] {logging_mixin.py:188} INFO - [2026-07-21T18:43:23.224+0000] {dag.py:3036} INFO - Sync 1 DAGs
[2026-07-21T18:43:23.237+0000] {logging_mixin.py:188} INFO - [2026-07-21T18:43:23.237+0000] {dag.py:3823} INFO - Setting next_dagrun for example_kubernetes_executor to None, run_after=None
[2026-07-21T18:43:23.258+0000] {processor.py:183} INFO - Processing /home/airflow/.local/lib/python3.10/site-packages/airflow/example_dags/example_kubernetes_executor.py took 0.102 seconds
[2026-07-21T18:43:53.576+0000] {processor.py:161} INFO - Started process (PID=1157) to work on /home/airflow/.local/lib/python3.10/site-packages/airflow/example_dags/example_kubernetes_executor.py
[2026-07-21T18:43:53.577+0000] {processor.py:830} INFO - Processing file /home/airflow/.local/lib/python3.10/site-packages/airflow/example_dags/example_kubernetes_executor.py for tasks to queue
[2026-07-21T18:43:53.580+0000] {logging_mixin.py:188} INFO - [2026-07-21T18:43:53.579+0000] {dagbag.py:538} INFO - Filling up the DagBag from /home/airflow/.local/lib/python3.10/site-packages/airflow/example_dags/example_kubernetes_executor.py
[2026-07-21T18:43:53.593+0000] {processor.py:840} INFO - DAG(s) 'example_kubernetes_executor' retrieved from /home/airflow/.local/lib/python3.10/site-packages/airflow/example_dags/example_kubernetes_executor.py
[2026-07-21T18:43:53.631+0000] {logging_mixin.py:188} INFO - [2026-07-21T18:43:53.631+0000] {dag.py:3036} INFO - Sync 1 DAGs
[2026-07-21T18:43:53.642+0000] {logging_mixin.py:188} INFO - [2026-07-21T18:43:53.642+0000] {dag.py:3823} INFO - Setting next_dagrun for example_kubernetes_executor to None, run_after=None
[2026-07-21T18:43:53.659+0000] {processor.py:183} INFO - Processing /home/airflow/.local/lib/python3.10/site-packages/airflow/example_dags/example_kubernetes_executor.py took 0.087 seconds
[2026-07-21T18:44:24.007+0000] {processor.py:161} INFO - Started process (PID=1214) to work on /home/airflow/.local/lib/python3.10/site-packages/airflow/example_dags/example_kubernetes_executor.py
[2026-07-21T18:44:24.008+0000] {processor.py:830} INFO - Processing file /home/airflow/.local/lib/python3.10/site-packages/airflow/example_dags/example_kubernetes_executor.py for tasks to queue
[2026-07-21T18:44:24.010+0000] {logging_mixin.py:188} INFO - [2026-07-21T18:44:24.010+0000] {dagbag.py:538} INFO - Filling up the DagBag from /home/airflow/.local/lib/python3.10/site-packages/airflow/example_dags/example_kubernetes_executor.py
[2026-07-21T18:44:24.023+0000] {processor.py:840} INFO - DAG(s) 'example_kubernetes_executor' retrieved from /home/airflow/.local/lib/python3.10/site-packages/airflow/example_dags/example_kubernetes_executor.py
[2026-07-21T18:44:24.062+0000] {logging_mixin.py:188} INFO - [2026-07-21T18:44:24.061+0000] {dag.py:3036} INFO - Sync 1 DAGs
[2026-07-21T18:44:24.073+0000] {logging_mixin.py:188} INFO - [2026-07-21T18:44:24.073+0000] {dag.py:3823} INFO - Setting next_dagrun for example_kubernetes_executor to None, run_after=None
[2026-07-21T18:44:24.091+0000] {processor.py:183} INFO - Processing /home/airflow/.local/lib/python3.10/site-packages/airflow/example_dags/example_kubernetes_executor.py took 0.088 seconds
[2026-07-21T18:44:54.200+0000] {processor.py:161} INFO - Started process (PID=1269) to work on /home/airflow/.local/lib/python3.10/site-packages/airflow/example_dags/example_kubernetes_executor.py
[2026-07-21T18:44:54.202+0000] {processor.py:830} INFO - Processing file /home/airflow/.local/lib/python3.10/site-packages/airflow/example_dags/example_kubernetes_executor.py for tasks to queue
[2026-07-21T18:44:54.204+0000] {logging_mixin.py:188} INFO - [2026-07-21T18:44:54.204+0000] {dagbag.py:538} INFO - Filling up the DagBag from /home/airflow/.local/lib/python3.10/site-packages/airflow/example_dags/example_kubernetes_executor.py
[2026-07-21T18:44:54.217+0000] {processor.py:840} INFO - DAG(s) 'example_kubernetes_executor' retrieved from /home/airflow/.local/lib/python3.10/site-packages/airflow/example_dags/example_kubernetes_executor.py
[2026-07-21T18:44:54.260+0000] {logging_mixin.py:188} INFO - [2026-07-21T18:44:54.260+0000] {dag.py:3036} INFO - Sync 1 DAGs
[2026-07-21T18:44:54.273+0000] {logging_mixin.py:188} INFO - [2026-07-21T18:44:54.273+0000] {dag.py:3823} INFO - Setting next_dagrun for example_kubernetes_executor to None, run_after=None
[2026-07-21T18:44:54.292+0000] {processor.py:183} INFO - Processing /home/airflow/.local/lib/python3.10/site-packages/airflow/example_dags/example_kubernetes_executor.py took 0.095 seconds
[2026-07-21T18:45:25.279+0000] {processor.py:161} INFO - Started process (PID=1325) to work on /home/airflow/.local/lib/python3.10/site-packages/airflow/example_dags/example_kubernetes_executor.py
[2026-07-21T18:45:25.280+0000] {processor.py:830} INFO - Processing file /home/airflow/.local/lib/python3.10/site-packages/airflow/example_dags/example_kubernetes_executor.py for tasks to queue
[2026-07-21T18:45:25.282+0000] {logging_mixin.py:188} INFO - [2026-07-21T18:45:25.282+0000] {dagbag.py:538} INFO - Filling up the DagBag from /home/airflow/.local/lib/python3.10/site-packages/airflow/example_dags/example_kubernetes_executor.py
[2026-07-21T18:45:25.295+0000] {processor.py:840} INFO - DAG(s) 'example_kubernetes_executor' retrieved from /home/airflow/.local/lib/python3.10/site-packages/airflow/example_dags/example_kubernetes_executor.py
[2026-07-21T18:45:25.331+0000] {logging_mixin.py:188} INFO - [2026-07-21T18:45:25.331+0000] {dag.py:3036} INFO - Sync 1 DAGs
[2026-07-21T18:45:25.341+0000] {logging_mixin.py:188} INFO - [2026-07-21T18:45:25.341+0000] {dag.py:3823} INFO - Setting next_dagrun for example_kubernetes_executor to None, run_after=None
[2026-07-21T18:45:25.358+0000] {processor.py:183} INFO - Processing /home/airflow/.local/lib/python3.10/site-packages/airflow/example_dags/example_kubernetes_executor.py took 0.084 seconds
[2026-07-21T18:45:55.891+0000] {processor.py:161} INFO - Started process (PID=1381) to work on /home/airflow/.local/lib/python3.10/site-packages/airflow/example_dags/example_kubernetes_executor.py
[2026-07-21T18:45:55.893+0000] {processor.py:830} INFO - Processing file /home/airflow/.local/lib/python3.10/site-packages/airflow/example_dags/example_kubernetes_executor.py for tasks to queue
[2026-07-21T18:45:55.895+0000] {logging_mixin.py:188} INFO - [2026-07-21T18:45:55.895+0000] {dagbag.py:538} INFO - Filling up the DagBag from /home/airflow/.local/lib/python3.10/site-packages/airflow/example_dags/example_kubernetes_executor.py
[2026-07-21T18:45:55.908+0000] {processor.py:840} INFO - DAG(s) 'example_kubernetes_executor' retrieved from /home/airflow/.local/lib/python3.10/site-packages/airflow/example_dags/example_kubernetes_executor.py
[2026-07-21T18:45:55.948+0000] {logging_mixin.py:188} INFO - [2026-07-21T18:45:55.948+0000] {dag.py:3036} INFO - Sync 1 DAGs
[2026-07-21T18:45:55.959+0000] {logging_mixin.py:188} INFO - [2026-07-21T18:45:55.959+0000] {dag.py:3823} INFO - Setting next_dagrun for example_kubernetes_executor to None, run_after=None
[2026-07-21T18:45:55.979+0000] {processor.py:183} INFO - Processing /home/airflow/.local/lib/python3.10/site-packages/airflow/example_dags/example_kubernetes_executor.py took 0.092 seconds
[2026-07-21T18:46:26.197+0000] {processor.py:161} INFO - Started process (PID=1437) to work on /home/airflow/.local/lib/python3.10/site-packages/airflow/example_dags/example_kubernetes_executor.py
[2026-07-21T18:46:26.198+0000] {processor.py:830} INFO - Processing file /home/airflow/.local/lib/python3.10/site-packages/airflow/example_dags/example_kubernetes_executor.py for tasks to queue
[2026-07-21T18:46:26.200+0000] {logging_mixin.py:188} INFO - [2026-07-21T18:46:26.200+0000] {dagbag.py:538} INFO - Filling up the DagBag from /home/airflow/.local/lib/python3.10/site-packages/airflow/example_dags/example_kubernetes_executor.py
[2026-07-21T18:46:26.213+0000] {processor.py:840} INFO - DAG(s) 'example_kubernetes_executor' retrieved from /home/airflow/.local/lib/python3.10/site-packages/airflow/example_dags/example_kubernetes_executor.py
[2026-07-21T18:46:26.251+0000] {logging_mixin.py:188} INFO - [2026-07-21T18:46:26.251+0000] {dag.py:3036} INFO - Sync 1 DAGs
[2026-07-21T18:46:26.261+0000] {logging_mixin.py:188} INFO - [2026-07-21T18:46:26.261+0000] {dag.py:3823} INFO - Setting next_dagrun for example_kubernetes_executor to None, run_after=None
[2026-07-21T18:46:26.278+0000] {processor.py:183} INFO - Processing /home/airflow/.local/lib/python3.10/site-packages/airflow/example_dags/example_kubernetes_executor.py took 0.085 seconds
[2026-07-21T18:46:56.375+0000] {processor.py:161} INFO - Started process (PID=1493) to work on /home/airflow/.local/lib/python3.10/site-packages/airflow/example_dags/example_kubernetes_executor.py
[2026-07-21T18:46:56.376+0000] {processor.py:830} INFO - Processing file /home/airflow/.local/lib/python3.10/site-packages/airflow/example_dags/example_kubernetes_executor.py for tasks to queue
[2026-07-21T18:46:56.378+0000] {logging_mixin.py:188} INFO - [2026-07-21T18:46:56.378+0000] {dagbag.py:538} INFO - Filling up the DagBag from /home/airflow/.local/lib/python3.10/site-packages/airflow/example_dags/example_kubernetes_executor.py
[2026-07-21T18:46:56.390+0000] {processor.py:840} INFO - DAG(s) 'example_kubernetes_executor' retrieved from /home/airflow/.local/lib/python3.10/site-packages/airflow/example_dags/example_kubernetes_executor.py
[2026-07-21T18:46:56.428+0000] {logging_mixin.py:188} INFO - [2026-07-21T18:46:56.428+0000] {dag.py:3036} INFO - Sync 1 DAGs
[2026-07-21T18:46:56.439+0000] {logging_mixin.py:188} INFO - [2026-07-21T18:46:56.438+0000] {dag.py:3823} INFO - Setting next_dagrun for example_kubernetes_executor to None, run_after=None
[2026-07-21T18:46:56.455+0000] {processor.py:183} INFO - Processing /home/airflow/.local/lib/python3.10/site-packages/airflow/example_dags/example_kubernetes_executor.py took 0.085 seconds
[2026-07-21T18:47:26.774+0000] {processor.py:161} INFO - Started process (PID=1549) to work on /home/airflow/.local/lib/python3.10/site-packages/airflow/example_dags/example_kubernetes_executor.py
[2026-07-21T18:47:26.775+0000] {processor.py:830} INFO - Processing file /home/airflow/.local/lib/python3.10/site-packages/airflow/example_dags/example_kubernetes_executor.py for tasks to queue
[2026-07-21T18:47:26.777+0000] {logging_mixin.py:188} INFO - [2026-07-21T18:47:26.777+0000] {dagbag.py:538} INFO - Filling up the DagBag from /home/airflow/.local/lib/python3.10/site-packages/airflow/example_dags/example_kubernetes_executor.py
[2026-07-21T18:47:26.790+0000] {processor.py:840} INFO - DAG(s) 'example_kubernetes_executor' retrieved from /home/airflow/.local/lib/python3.10/site-packages/airflow/example_dags/example_kubernetes_executor.py
[2026-07-21T18:47:26.829+0000] {logging_mixin.py:188} INFO - [2026-07-21T18:47:26.828+0000] {dag.py:3036} INFO - Sync 1 DAGs
[2026-07-21T18:47:26.842+0000] {logging_mixin.py:188} INFO - [2026-07-21T18:47:26.842+0000] {dag.py:3823} INFO - Setting next_dagrun for example_kubernetes_executor to None, run_after=None
[2026-07-21T18:47:26.861+0000] {processor.py:183} INFO - Processing /home/airflow/.local/lib/python3.10/site-packages/airflow/example_dags/example_kubernetes_executor.py took 0.091 seconds
[2026-07-21T18:47:57.413+0000] {processor.py:161} INFO - Started process (PID=1605) to work on /home/airflow/.local/lib/python3.10/site-packages/airflow/example_dags/example_kubernetes_executor.py
[2026-07-21T18:47:57.415+0000] {processor.py:830} INFO - Processing file /home/airflow/.local/lib/python3.10/site-packages/airflow/example_dags/example_kubernetes_executor.py for tasks to queue
[2026-07-21T18:47:57.417+0000] {logging_mixin.py:188} INFO - [2026-07-21T18:47:57.417+0000] {dagbag.py:538} INFO - Filling up the DagBag from /home/airflow/.local/lib/python3.10/site-packages/airflow/example_dags/example_kubernetes_executor.py
[2026-07-21T18:47:57.429+0000] {processor.py:840} INFO - DAG(s) 'example_kubernetes_executor' retrieved from /home/airflow/.local/lib/python3.10/site-packages/airflow/example_dags/example_kubernetes_executor.py
[2026-07-21T18:47:57.469+0000] {logging_mixin.py:188} INFO - [2026-07-21T18:47:57.469+0000] {dag.py:3036} INFO - Sync 1 DAGs
[2026-07-21T18:47:57.480+0000] {logging_mixin.py:188} INFO - [2026-07-21T18:47:57.480+0000] {dag.py:3823} INFO - Setting next_dagrun for example_kubernetes_executor to None, run_after=None
[2026-07-21T18:47:57.498+0000] {processor.py:183} INFO - Processing /home/airflow/.local/lib/python3.10/site-packages/airflow/example_dags/example_kubernetes_executor.py took 0.088 seconds
