[2026-07-21T17:56:24.026+0000] {processor.py:161} INFO - Started process (PID=67) to work on /home/airflow/.local/lib/python3.8/site-packages/airflow/example_dags/example_branch_python_dop_operator_3.py
[2026-07-21T17:56:24.029+0000] {processor.py:830} INFO - Processing file /home/airflow/.local/lib/python3.8/site-packages/airflow/example_dags/example_branch_python_dop_operator_3.py for tasks to queue
[2026-07-21T17:56:24.036+0000] {logging_mixin.py:188} INFO - [2026-07-21T17:56:24.034+0000] {dagbag.py:538} INFO - Filling up the DagBag from /home/airflow/.local/lib/python3.8/site-packages/airflow/example_dags/example_branch_python_dop_operator_3.py
[2026-07-21T17:56:24.061+0000] {processor.py:840} INFO - DAG(s) 'example_branch_dop_operator_v3' retrieved from /home/airflow/.local/lib/python3.8/site-packages/airflow/example_dags/example_branch_python_dop_operator_3.py
[2026-07-21T17:56:24.092+0000] {logging_mixin.py:188} INFO - [2026-07-21T17:56:24.091+0000] {dag.py:3036} INFO - Sync 1 DAGs
[2026-07-21T17:56:24.145+0000] {logging_mixin.py:188} INFO - [2026-07-21T17:56:24.145+0000] {dag.py:3823} INFO - Setting next_dagrun for example_branch_dop_operator_v3 to 2026-07-21 17:55:00+00:00, run_after=2026-07-21 17:56:00+00:00
[2026-07-21T17:56:24.188+0000] {processor.py:183} INFO - Processing /home/airflow/.local/lib/python3.8/site-packages/airflow/example_dags/example_branch_python_dop_operator_3.py took 0.168 seconds
[2026-07-21T17:56:54.546+0000] {processor.py:161} INFO - Started process (PID=123) to work on /home/airflow/.local/lib/python3.8/site-packages/airflow/example_dags/example_branch_python_dop_operator_3.py
[2026-07-21T17:56:54.548+0000] {processor.py:830} INFO - Processing file /home/airflow/.local/lib/python3.8/site-packages/airflow/example_dags/example_branch_python_dop_operator_3.py for tasks to queue
[2026-07-21T17:56:54.550+0000] {logging_mixin.py:188} INFO - [2026-07-21T17:56:54.550+0000] {dagbag.py:538} INFO - Filling up the DagBag from /home/airflow/.local/lib/python3.8/site-packages/airflow/example_dags/example_branch_python_dop_operator_3.py
[2026-07-21T17:56:54.560+0000] {processor.py:840} INFO - DAG(s) 'example_branch_dop_operator_v3' retrieved from /home/airflow/.local/lib/python3.8/site-packages/airflow/example_dags/example_branch_python_dop_operator_3.py
[2026-07-21T17:56:54.659+0000] {logging_mixin.py:188} INFO - [2026-07-21T17:56:54.659+0000] {dag.py:3036} INFO - Sync 1 DAGs
[2026-07-21T17:56:54.685+0000] {logging_mixin.py:188} INFO - [2026-07-21T17:56:54.685+0000] {dag.py:3823} INFO - Setting next_dagrun for example_branch_dop_operator_v3 to 2026-07-21 17:55:00+00:00, run_after=2026-07-21 17:56:00+00:00
[2026-07-21T17:56:54.709+0000] {processor.py:183} INFO - Processing /home/airflow/.local/lib/python3.8/site-packages/airflow/example_dags/example_branch_python_dop_operator_3.py took 0.167 seconds
[2026-07-21T17:57:24.915+0000] {processor.py:161} INFO - Started process (PID=179) to work on /home/airflow/.local/lib/python3.8/site-packages/airflow/example_dags/example_branch_python_dop_operator_3.py
[2026-07-21T17:57:24.916+0000] {processor.py:830} INFO - Processing file /home/airflow/.local/lib/python3.8/site-packages/airflow/example_dags/example_branch_python_dop_operator_3.py for tasks to queue
[2026-07-21T17:57:24.919+0000] {logging_mixin.py:188} INFO - [2026-07-21T17:57:24.919+0000] {dagbag.py:538} INFO - Filling up the DagBag from /home/airflow/.local/lib/python3.8/site-packages/airflow/example_dags/example_branch_python_dop_operator_3.py
[2026-07-21T17:57:24.927+0000] {processor.py:840} INFO - DAG(s) 'example_branch_dop_operator_v3' retrieved from /home/airflow/.local/lib/python3.8/site-packages/airflow/example_dags/example_branch_python_dop_operator_3.py
[2026-07-21T17:57:24.948+0000] {logging_mixin.py:188} INFO - [2026-07-21T17:57:24.948+0000] {dag.py:3036} INFO - Sync 1 DAGs
[2026-07-21T17:57:24.972+0000] {logging_mixin.py:188} INFO - [2026-07-21T17:57:24.971+0000] {dag.py:3823} INFO - Setting next_dagrun for example_branch_dop_operator_v3 to 2026-07-21 17:56:00+00:00, run_after=2026-07-21 17:57:00+00:00
[2026-07-21T17:57:24.992+0000] {processor.py:183} INFO - Processing /home/airflow/.local/lib/python3.8/site-packages/airflow/example_dags/example_branch_python_dop_operator_3.py took 0.081 seconds
[2026-07-21T17:57:55.163+0000] {processor.py:161} INFO - Started process (PID=235) to work on /home/airflow/.local/lib/python3.8/site-packages/airflow/example_dags/example_branch_python_dop_operator_3.py
[2026-07-21T17:57:55.164+0000] {processor.py:830} INFO - Processing file /home/airflow/.local/lib/python3.8/site-packages/airflow/example_dags/example_branch_python_dop_operator_3.py for tasks to queue
[2026-07-21T17:57:55.167+0000] {logging_mixin.py:188} INFO - [2026-07-21T17:57:55.167+0000] {dagbag.py:538} INFO - Filling up the DagBag from /home/airflow/.local/lib/python3.8/site-packages/airflow/example_dags/example_branch_python_dop_operator_3.py
[2026-07-21T17:57:55.177+0000] {processor.py:840} INFO - DAG(s) 'example_branch_dop_operator_v3' retrieved from /home/airflow/.local/lib/python3.8/site-packages/airflow/example_dags/example_branch_python_dop_operator_3.py
[2026-07-21T17:57:55.199+0000] {logging_mixin.py:188} INFO - [2026-07-21T17:57:55.199+0000] {dag.py:3036} INFO - Sync 1 DAGs
[2026-07-21T17:57:55.225+0000] {logging_mixin.py:188} INFO - [2026-07-21T17:57:55.225+0000] {dag.py:3823} INFO - Setting next_dagrun for example_branch_dop_operator_v3 to 2026-07-21 17:56:00+00:00, run_after=2026-07-21 17:57:00+00:00
[2026-07-21T17:57:55.244+0000] {processor.py:183} INFO - Processing /home/airflow/.local/lib/python3.8/site-packages/airflow/example_dags/example_branch_python_dop_operator_3.py took 0.085 seconds
[2026-07-21T17:58:25.461+0000] {processor.py:161} INFO - Started process (PID=291) to work on /home/airflow/.local/lib/python3.8/site-packages/airflow/example_dags/example_branch_python_dop_operator_3.py
[2026-07-21T17:58:25.463+0000] {processor.py:830} INFO - Processing file /home/airflow/.local/lib/python3.8/site-packages/airflow/example_dags/example_branch_python_dop_operator_3.py for tasks to queue
[2026-07-21T17:58:25.465+0000] {logging_mixin.py:188} INFO - [2026-07-21T17:58:25.465+0000] {dagbag.py:538} INFO - Filling up the DagBag from /home/airflow/.local/lib/python3.8/site-packages/airflow/example_dags/example_branch_python_dop_operator_3.py
[2026-07-21T17:58:25.475+0000] {processor.py:840} INFO - DAG(s) 'example_branch_dop_operator_v3' retrieved from /home/airflow/.local/lib/python3.8/site-packages/airflow/example_dags/example_branch_python_dop_operator_3.py
[2026-07-21T17:58:25.498+0000] {logging_mixin.py:188} INFO - [2026-07-21T17:58:25.498+0000] {dag.py:3036} INFO - Sync 1 DAGs
[2026-07-21T17:58:25.522+0000] {logging_mixin.py:188} INFO - [2026-07-21T17:58:25.522+0000] {dag.py:3823} INFO - Setting next_dagrun for example_branch_dop_operator_v3 to 2026-07-21 17:57:00+00:00, run_after=2026-07-21 17:58:00+00:00
[2026-07-21T17:58:25.541+0000] {processor.py:183} INFO - Processing /home/airflow/.local/lib/python3.8/site-packages/airflow/example_dags/example_branch_python_dop_operator_3.py took 0.083 seconds
[2026-07-21T17:58:55.785+0000] {processor.py:161} INFO - Started process (PID=347) to work on /home/airflow/.local/lib/python3.8/site-packages/airflow/example_dags/example_branch_python_dop_operator_3.py
[2026-07-21T17:58:55.786+0000] {processor.py:830} INFO - Processing file /home/airflow/.local/lib/python3.8/site-packages/airflow/example_dags/example_branch_python_dop_operator_3.py for tasks to queue
[2026-07-21T17:58:55.788+0000] {logging_mixin.py:188} INFO - [2026-07-21T17:58:55.788+0000] {dagbag.py:538} INFO - Filling up the DagBag from /home/airflow/.local/lib/python3.8/site-packages/airflow/example_dags/example_branch_python_dop_operator_3.py
[2026-07-21T17:58:55.797+0000] {processor.py:840} INFO - DAG(s) 'example_branch_dop_operator_v3' retrieved from /home/airflow/.local/lib/python3.8/site-packages/airflow/example_dags/example_branch_python_dop_operator_3.py
[2026-07-21T17:58:55.819+0000] {logging_mixin.py:188} INFO - [2026-07-21T17:58:55.818+0000] {dag.py:3036} INFO - Sync 1 DAGs
[2026-07-21T17:58:55.842+0000] {logging_mixin.py:188} INFO - [2026-07-21T17:58:55.841+0000] {dag.py:3823} INFO - Setting next_dagrun for example_branch_dop_operator_v3 to 2026-07-21 17:57:00+00:00, run_after=2026-07-21 17:58:00+00:00
[2026-07-21T17:58:55.861+0000] {processor.py:183} INFO - Processing /home/airflow/.local/lib/python3.8/site-packages/airflow/example_dags/example_branch_python_dop_operator_3.py took 0.080 seconds
[2026-07-21T17:59:26.089+0000] {processor.py:161} INFO - Started process (PID=403) to work on /home/airflow/.local/lib/python3.8/site-packages/airflow/example_dags/example_branch_python_dop_operator_3.py
[2026-07-21T17:59:26.090+0000] {processor.py:830} INFO - Processing file /home/airflow/.local/lib/python3.8/site-packages/airflow/example_dags/example_branch_python_dop_operator_3.py for tasks to queue
[2026-07-21T17:59:26.092+0000] {logging_mixin.py:188} INFO - [2026-07-21T17:59:26.092+0000] {dagbag.py:538} INFO - Filling up the DagBag from /home/airflow/.local/lib/python3.8/site-packages/airflow/example_dags/example_branch_python_dop_operator_3.py
[2026-07-21T17:59:26.101+0000] {processor.py:840} INFO - DAG(s) 'example_branch_dop_operator_v3' retrieved from /home/airflow/.local/lib/python3.8/site-packages/airflow/example_dags/example_branch_python_dop_operator_3.py
[2026-07-21T17:59:26.127+0000] {logging_mixin.py:188} INFO - [2026-07-21T17:59:26.127+0000] {dag.py:3036} INFO - Sync 1 DAGs
[2026-07-21T17:59:26.154+0000] {logging_mixin.py:188} INFO - [2026-07-21T17:59:26.153+0000] {dag.py:3823} INFO - Setting next_dagrun for example_branch_dop_operator_v3 to 2026-07-21 17:58:00+00:00, run_after=2026-07-21 17:59:00+00:00
[2026-07-21T17:59:26.178+0000] {processor.py:183} INFO - Processing /home/airflow/.local/lib/python3.8/site-packages/airflow/example_dags/example_branch_python_dop_operator_3.py took 0.092 seconds
[2026-07-21T17:59:56.371+0000] {processor.py:161} INFO - Started process (PID=459) to work on /home/airflow/.local/lib/python3.8/site-packages/airflow/example_dags/example_branch_python_dop_operator_3.py
[2026-07-21T17:59:56.372+0000] {processor.py:830} INFO - Processing file /home/airflow/.local/lib/python3.8/site-packages/airflow/example_dags/example_branch_python_dop_operator_3.py for tasks to queue
[2026-07-21T17:59:56.374+0000] {logging_mixin.py:188} INFO - [2026-07-21T17:59:56.374+0000] {dagbag.py:538} INFO - Filling up the DagBag from /home/airflow/.local/lib/python3.8/site-packages/airflow/example_dags/example_branch_python_dop_operator_3.py
[2026-07-21T17:59:56.384+0000] {processor.py:840} INFO - DAG(s) 'example_branch_dop_operator_v3' retrieved from /home/airflow/.local/lib/python3.8/site-packages/airflow/example_dags/example_branch_python_dop_operator_3.py
[2026-07-21T17:59:56.406+0000] {logging_mixin.py:188} INFO - [2026-07-21T17:59:56.405+0000] {dag.py:3036} INFO - Sync 1 DAGs
[2026-07-21T17:59:56.430+0000] {logging_mixin.py:188} INFO - [2026-07-21T17:59:56.429+0000] {dag.py:3823} INFO - Setting next_dagrun for example_branch_dop_operator_v3 to 2026-07-21 17:58:00+00:00, run_after=2026-07-21 17:59:00+00:00
[2026-07-21T17:59:56.448+0000] {processor.py:183} INFO - Processing /home/airflow/.local/lib/python3.8/site-packages/airflow/example_dags/example_branch_python_dop_operator_3.py took 0.082 seconds
[2026-07-21T18:00:26.765+0000] {processor.py:161} INFO - Started process (PID=515) to work on /home/airflow/.local/lib/python3.8/site-packages/airflow/example_dags/example_branch_python_dop_operator_3.py
[2026-07-21T18:00:26.766+0000] {processor.py:830} INFO - Processing file /home/airflow/.local/lib/python3.8/site-packages/airflow/example_dags/example_branch_python_dop_operator_3.py for tasks to queue
[2026-07-21T18:00:26.768+0000] {logging_mixin.py:188} INFO - [2026-07-21T18:00:26.768+0000] {dagbag.py:538} INFO - Filling up the DagBag from /home/airflow/.local/lib/python3.8/site-packages/airflow/example_dags/example_branch_python_dop_operator_3.py
[2026-07-21T18:00:26.777+0000] {processor.py:840} INFO - DAG(s) 'example_branch_dop_operator_v3' retrieved from /home/airflow/.local/lib/python3.8/site-packages/airflow/example_dags/example_branch_python_dop_operator_3.py
[2026-07-21T18:00:26.800+0000] {logging_mixin.py:188} INFO - [2026-07-21T18:00:26.799+0000] {dag.py:3036} INFO - Sync 1 DAGs
[2026-07-21T18:00:26.824+0000] {logging_mixin.py:188} INFO - [2026-07-21T18:00:26.824+0000] {dag.py:3823} INFO - Setting next_dagrun for example_branch_dop_operator_v3 to 2026-07-21 17:59:00+00:00, run_after=2026-07-21 18:00:00+00:00
[2026-07-21T18:00:26.843+0000] {processor.py:183} INFO - Processing /home/airflow/.local/lib/python3.8/site-packages/airflow/example_dags/example_branch_python_dop_operator_3.py took 0.083 seconds
[2026-07-21T18:00:57.015+0000] {processor.py:161} INFO - Started process (PID=572) to work on /home/airflow/.local/lib/python3.8/site-packages/airflow/example_dags/example_branch_python_dop_operator_3.py
[2026-07-21T18:00:57.017+0000] {processor.py:830} INFO - Processing file /home/airflow/.local/lib/python3.8/site-packages/airflow/example_dags/example_branch_python_dop_operator_3.py for tasks to queue
[2026-07-21T18:00:57.019+0000] {logging_mixin.py:188} INFO - [2026-07-21T18:00:57.019+0000] {dagbag.py:538} INFO - Filling up the DagBag from /home/airflow/.local/lib/python3.8/site-packages/airflow/example_dags/example_branch_python_dop_operator_3.py
[2026-07-21T18:00:57.028+0000] {processor.py:840} INFO - DAG(s) 'example_branch_dop_operator_v3' retrieved from /home/airflow/.local/lib/python3.8/site-packages/airflow/example_dags/example_branch_python_dop_operator_3.py
[2026-07-21T18:00:57.050+0000] {logging_mixin.py:188} INFO - [2026-07-21T18:00:57.050+0000] {dag.py:3036} INFO - Sync 1 DAGs
[2026-07-21T18:00:57.075+0000] {logging_mixin.py:188} INFO - [2026-07-21T18:00:57.075+0000] {dag.py:3823} INFO - Setting next_dagrun for example_branch_dop_operator_v3 to 2026-07-21 17:59:00+00:00, run_after=2026-07-21 18:00:00+00:00
[2026-07-21T18:00:57.093+0000] {processor.py:183} INFO - Processing /home/airflow/.local/lib/python3.8/site-packages/airflow/example_dags/example_branch_python_dop_operator_3.py took 0.081 seconds
[2026-07-21T18:01:27.183+0000] {processor.py:161} INFO - Started process (PID=628) to work on /home/airflow/.local/lib/python3.8/site-packages/airflow/example_dags/example_branch_python_dop_operator_3.py
[2026-07-21T18:01:27.185+0000] {processor.py:830} INFO - Processing file /home/airflow/.local/lib/python3.8/site-packages/airflow/example_dags/example_branch_python_dop_operator_3.py for tasks to queue
[2026-07-21T18:01:27.187+0000] {logging_mixin.py:188} INFO - [2026-07-21T18:01:27.187+0000] {dagbag.py:538} INFO - Filling up the DagBag from /home/airflow/.local/lib/python3.8/site-packages/airflow/example_dags/example_branch_python_dop_operator_3.py
[2026-07-21T18:01:27.196+0000] {processor.py:840} INFO - DAG(s) 'example_branch_dop_operator_v3' retrieved from /home/airflow/.local/lib/python3.8/site-packages/airflow/example_dags/example_branch_python_dop_operator_3.py
[2026-07-21T18:01:27.219+0000] {logging_mixin.py:188} INFO - [2026-07-21T18:01:27.219+0000] {dag.py:3036} INFO - Sync 1 DAGs
[2026-07-21T18:01:27.243+0000] {logging_mixin.py:188} INFO - [2026-07-21T18:01:27.243+0000] {dag.py:3823} INFO - Setting next_dagrun for example_branch_dop_operator_v3 to 2026-07-21 18:00:00+00:00, run_after=2026-07-21 18:01:00+00:00
[2026-07-21T18:01:27.262+0000] {processor.py:183} INFO - Processing /home/airflow/.local/lib/python3.8/site-packages/airflow/example_dags/example_branch_python_dop_operator_3.py took 0.082 seconds
[2026-07-21T18:01:57.518+0000] {processor.py:161} INFO - Started process (PID=684) to work on /home/airflow/.local/lib/python3.8/site-packages/airflow/example_dags/example_branch_python_dop_operator_3.py
[2026-07-21T18:01:57.519+0000] {processor.py:830} INFO - Processing file /home/airflow/.local/lib/python3.8/site-packages/airflow/example_dags/example_branch_python_dop_operator_3.py for tasks to queue
[2026-07-21T18:01:57.522+0000] {logging_mixin.py:188} INFO - [2026-07-21T18:01:57.521+0000] {dagbag.py:538} INFO - Filling up the DagBag from /home/airflow/.local/lib/python3.8/site-packages/airflow/example_dags/example_branch_python_dop_operator_3.py
[2026-07-21T18:01:57.532+0000] {processor.py:840} INFO - DAG(s) 'example_branch_dop_operator_v3' retrieved from /home/airflow/.local/lib/python3.8/site-packages/airflow/example_dags/example_branch_python_dop_operator_3.py
[2026-07-21T18:01:57.553+0000] {logging_mixin.py:188} INFO - [2026-07-21T18:01:57.553+0000] {dag.py:3036} INFO - Sync 1 DAGs
[2026-07-21T18:01:57.577+0000] {logging_mixin.py:188} INFO - [2026-07-21T18:01:57.577+0000] {dag.py:3823} INFO - Setting next_dagrun for example_branch_dop_operator_v3 to 2026-07-21 18:00:00+00:00, run_after=2026-07-21 18:01:00+00:00
[2026-07-21T18:01:57.595+0000] {processor.py:183} INFO - Processing /home/airflow/.local/lib/python3.8/site-packages/airflow/example_dags/example_branch_python_dop_operator_3.py took 0.082 seconds
[2026-07-21T18:02:28.052+0000] {processor.py:161} INFO - Started process (PID=740) to work on /home/airflow/.local/lib/python3.8/site-packages/airflow/example_dags/example_branch_python_dop_operator_3.py
[2026-07-21T18:02:28.054+0000] {processor.py:830} INFO - Processing file /home/airflow/.local/lib/python3.8/site-packages/airflow/example_dags/example_branch_python_dop_operator_3.py for tasks to queue
[2026-07-21T18:02:28.056+0000] {logging_mixin.py:188} INFO - [2026-07-21T18:02:28.056+0000] {dagbag.py:538} INFO - Filling up the DagBag from /home/airflow/.local/lib/python3.8/site-packages/airflow/example_dags/example_branch_python_dop_operator_3.py
[2026-07-21T18:02:28.065+0000] {processor.py:840} INFO - DAG(s) 'example_branch_dop_operator_v3' retrieved from /home/airflow/.local/lib/python3.8/site-packages/airflow/example_dags/example_branch_python_dop_operator_3.py
[2026-07-21T18:02:28.088+0000] {logging_mixin.py:188} INFO - [2026-07-21T18:02:28.087+0000] {dag.py:3036} INFO - Sync 1 DAGs
[2026-07-21T18:02:28.112+0000] {logging_mixin.py:188} INFO - [2026-07-21T18:02:28.111+0000] {dag.py:3823} INFO - Setting next_dagrun for example_branch_dop_operator_v3 to 2026-07-21 18:01:00+00:00, run_after=2026-07-21 18:02:00+00:00
[2026-07-21T18:02:28.131+0000] {processor.py:183} INFO - Processing /home/airflow/.local/lib/python3.8/site-packages/airflow/example_dags/example_branch_python_dop_operator_3.py took 0.083 seconds
[2026-07-21T18:02:58.476+0000] {processor.py:161} INFO - Started process (PID=796) to work on /home/airflow/.local/lib/python3.8/site-packages/airflow/example_dags/example_branch_python_dop_operator_3.py
[2026-07-21T18:02:58.477+0000] {processor.py:830} INFO - Processing file /home/airflow/.local/lib/python3.8/site-packages/airflow/example_dags/example_branch_python_dop_operator_3.py for tasks to queue
[2026-07-21T18:02:58.480+0000] {logging_mixin.py:188} INFO - [2026-07-21T18:02:58.479+0000] {dagbag.py:538} INFO - Filling up the DagBag from /home/airflow/.local/lib/python3.8/site-packages/airflow/example_dags/example_branch_python_dop_operator_3.py
[2026-07-21T18:02:58.489+0000] {processor.py:840} INFO - DAG(s) 'example_branch_dop_operator_v3' retrieved from /home/airflow/.local/lib/python3.8/site-packages/airflow/example_dags/example_branch_python_dop_operator_3.py
[2026-07-21T18:02:58.513+0000] {logging_mixin.py:188} INFO - [2026-07-21T18:02:58.513+0000] {dag.py:3036} INFO - Sync 1 DAGs
[2026-07-21T18:02:58.541+0000] {logging_mixin.py:188} INFO - [2026-07-21T18:02:58.541+0000] {dag.py:3823} INFO - Setting next_dagrun for example_branch_dop_operator_v3 to 2026-07-21 18:01:00+00:00, run_after=2026-07-21 18:02:00+00:00
[2026-07-21T18:02:58.561+0000] {processor.py:183} INFO - Processing /home/airflow/.local/lib/python3.8/site-packages/airflow/example_dags/example_branch_python_dop_operator_3.py took 0.089 seconds
[2026-07-21T18:03:28.608+0000] {processor.py:161} INFO - Started process (PID=852) to work on /home/airflow/.local/lib/python3.8/site-packages/airflow/example_dags/example_branch_python_dop_operator_3.py
[2026-07-21T18:03:28.609+0000] {processor.py:830} INFO - Processing file /home/airflow/.local/lib/python3.8/site-packages/airflow/example_dags/example_branch_python_dop_operator_3.py for tasks to queue
[2026-07-21T18:03:28.611+0000] {logging_mixin.py:188} INFO - [2026-07-21T18:03:28.611+0000] {dagbag.py:538} INFO - Filling up the DagBag from /home/airflow/.local/lib/python3.8/site-packages/airflow/example_dags/example_branch_python_dop_operator_3.py
[2026-07-21T18:03:28.620+0000] {processor.py:840} INFO - DAG(s) 'example_branch_dop_operator_v3' retrieved from /home/airflow/.local/lib/python3.8/site-packages/airflow/example_dags/example_branch_python_dop_operator_3.py
[2026-07-21T18:03:28.642+0000] {logging_mixin.py:188} INFO - [2026-07-21T18:03:28.642+0000] {dag.py:3036} INFO - Sync 1 DAGs
[2026-07-21T18:03:28.665+0000] {logging_mixin.py:188} INFO - [2026-07-21T18:03:28.665+0000] {dag.py:3823} INFO - Setting next_dagrun for example_branch_dop_operator_v3 to 2026-07-21 18:02:00+00:00, run_after=2026-07-21 18:03:00+00:00
[2026-07-21T18:03:28.683+0000] {processor.py:183} INFO - Processing /home/airflow/.local/lib/python3.8/site-packages/airflow/example_dags/example_branch_python_dop_operator_3.py took 0.079 seconds
[2026-07-21T18:03:59.064+0000] {processor.py:161} INFO - Started process (PID=908) to work on /home/airflow/.local/lib/python3.8/site-packages/airflow/example_dags/example_branch_python_dop_operator_3.py
[2026-07-21T18:03:59.065+0000] {processor.py:830} INFO - Processing file /home/airflow/.local/lib/python3.8/site-packages/airflow/example_dags/example_branch_python_dop_operator_3.py for tasks to queue
[2026-07-21T18:03:59.068+0000] {logging_mixin.py:188} INFO - [2026-07-21T18:03:59.067+0000] {dagbag.py:538} INFO - Filling up the DagBag from /home/airflow/.local/lib/python3.8/site-packages/airflow/example_dags/example_branch_python_dop_operator_3.py
[2026-07-21T18:03:59.079+0000] {processor.py:840} INFO - DAG(s) 'example_branch_dop_operator_v3' retrieved from /home/airflow/.local/lib/python3.8/site-packages/airflow/example_dags/example_branch_python_dop_operator_3.py
[2026-07-21T18:03:59.105+0000] {logging_mixin.py:188} INFO - [2026-07-21T18:03:59.104+0000] {dag.py:3036} INFO - Sync 1 DAGs
[2026-07-21T18:03:59.130+0000] {logging_mixin.py:188} INFO - [2026-07-21T18:03:59.130+0000] {dag.py:3823} INFO - Setting next_dagrun for example_branch_dop_operator_v3 to 2026-07-21 18:02:00+00:00, run_after=2026-07-21 18:03:00+00:00
[2026-07-21T18:03:59.150+0000] {processor.py:183} INFO - Processing /home/airflow/.local/lib/python3.8/site-packages/airflow/example_dags/example_branch_python_dop_operator_3.py took 0.090 seconds
[2026-07-21T18:04:29.484+0000] {processor.py:161} INFO - Started process (PID=964) to work on /home/airflow/.local/lib/python3.8/site-packages/airflow/example_dags/example_branch_python_dop_operator_3.py
[2026-07-21T18:04:29.486+0000] {processor.py:830} INFO - Processing file /home/airflow/.local/lib/python3.8/site-packages/airflow/example_dags/example_branch_python_dop_operator_3.py for tasks to queue
[2026-07-21T18:04:29.488+0000] {logging_mixin.py:188} INFO - [2026-07-21T18:04:29.487+0000] {dagbag.py:538} INFO - Filling up the DagBag from /home/airflow/.local/lib/python3.8/site-packages/airflow/example_dags/example_branch_python_dop_operator_3.py
[2026-07-21T18:04:29.497+0000] {processor.py:840} INFO - DAG(s) 'example_branch_dop_operator_v3' retrieved from /home/airflow/.local/lib/python3.8/site-packages/airflow/example_dags/example_branch_python_dop_operator_3.py
[2026-07-21T18:04:29.519+0000] {logging_mixin.py:188} INFO - [2026-07-21T18:04:29.519+0000] {dag.py:3036} INFO - Sync 1 DAGs
[2026-07-21T18:04:29.544+0000] {logging_mixin.py:188} INFO - [2026-07-21T18:04:29.544+0000] {dag.py:3823} INFO - Setting next_dagrun for example_branch_dop_operator_v3 to 2026-07-21 18:03:00+00:00, run_after=2026-07-21 18:04:00+00:00
[2026-07-21T18:04:29.566+0000] {processor.py:183} INFO - Processing /home/airflow/.local/lib/python3.8/site-packages/airflow/example_dags/example_branch_python_dop_operator_3.py took 0.086 seconds
[2026-07-21T18:04:59.859+0000] {processor.py:161} INFO - Started process (PID=1020) to work on /home/airflow/.local/lib/python3.8/site-packages/airflow/example_dags/example_branch_python_dop_operator_3.py
[2026-07-21T18:04:59.860+0000] {processor.py:830} INFO - Processing file /home/airflow/.local/lib/python3.8/site-packages/airflow/example_dags/example_branch_python_dop_operator_3.py for tasks to queue
[2026-07-21T18:04:59.864+0000] {logging_mixin.py:188} INFO - [2026-07-21T18:04:59.863+0000] {dagbag.py:538} INFO - Filling up the DagBag from /home/airflow/.local/lib/python3.8/site-packages/airflow/example_dags/example_branch_python_dop_operator_3.py
[2026-07-21T18:04:59.874+0000] {processor.py:840} INFO - DAG(s) 'example_branch_dop_operator_v3' retrieved from /home/airflow/.local/lib/python3.8/site-packages/airflow/example_dags/example_branch_python_dop_operator_3.py
[2026-07-21T18:04:59.898+0000] {logging_mixin.py:188} INFO - [2026-07-21T18:04:59.898+0000] {dag.py:3036} INFO - Sync 1 DAGs
[2026-07-21T18:04:59.922+0000] {logging_mixin.py:188} INFO - [2026-07-21T18:04:59.921+0000] {dag.py:3823} INFO - Setting next_dagrun for example_branch_dop_operator_v3 to 2026-07-21 18:03:00+00:00, run_after=2026-07-21 18:04:00+00:00
[2026-07-21T18:04:59.941+0000] {processor.py:183} INFO - Processing /home/airflow/.local/lib/python3.8/site-packages/airflow/example_dags/example_branch_python_dop_operator_3.py took 0.088 seconds
[2026-07-21T18:05:30.233+0000] {processor.py:161} INFO - Started process (PID=1076) to work on /home/airflow/.local/lib/python3.8/site-packages/airflow/example_dags/example_branch_python_dop_operator_3.py
[2026-07-21T18:05:30.234+0000] {processor.py:830} INFO - Processing file /home/airflow/.local/lib/python3.8/site-packages/airflow/example_dags/example_branch_python_dop_operator_3.py for tasks to queue
[2026-07-21T18:05:30.237+0000] {logging_mixin.py:188} INFO - [2026-07-21T18:05:30.237+0000] {dagbag.py:538} INFO - Filling up the DagBag from /home/airflow/.local/lib/python3.8/site-packages/airflow/example_dags/example_branch_python_dop_operator_3.py
[2026-07-21T18:05:30.245+0000] {processor.py:840} INFO - DAG(s) 'example_branch_dop_operator_v3' retrieved from /home/airflow/.local/lib/python3.8/site-packages/airflow/example_dags/example_branch_python_dop_operator_3.py
[2026-07-21T18:05:30.267+0000] {logging_mixin.py:188} INFO - [2026-07-21T18:05:30.267+0000] {dag.py:3036} INFO - Sync 1 DAGs
[2026-07-21T18:05:30.292+0000] {logging_mixin.py:188} INFO - [2026-07-21T18:05:30.292+0000] {dag.py:3823} INFO - Setting next_dagrun for example_branch_dop_operator_v3 to 2026-07-21 18:04:00+00:00, run_after=2026-07-21 18:05:00+00:00
[2026-07-21T18:05:30.311+0000] {processor.py:183} INFO - Processing /home/airflow/.local/lib/python3.8/site-packages/airflow/example_dags/example_branch_python_dop_operator_3.py took 0.082 seconds
[2026-07-21T18:06:00.965+0000] {processor.py:161} INFO - Started process (PID=1132) to work on /home/airflow/.local/lib/python3.8/site-packages/airflow/example_dags/example_branch_python_dop_operator_3.py
[2026-07-21T18:06:00.967+0000] {processor.py:830} INFO - Processing file /home/airflow/.local/lib/python3.8/site-packages/airflow/example_dags/example_branch_python_dop_operator_3.py for tasks to queue
[2026-07-21T18:06:00.971+0000] {logging_mixin.py:188} INFO - [2026-07-21T18:06:00.971+0000] {dagbag.py:538} INFO - Filling up the DagBag from /home/airflow/.local/lib/python3.8/site-packages/airflow/example_dags/example_branch_python_dop_operator_3.py
[2026-07-21T18:06:00.990+0000] {processor.py:840} INFO - DAG(s) 'example_branch_dop_operator_v3' retrieved from /home/airflow/.local/lib/python3.8/site-packages/airflow/example_dags/example_branch_python_dop_operator_3.py
[2026-07-21T18:06:01.020+0000] {logging_mixin.py:188} INFO - [2026-07-21T18:06:01.019+0000] {dag.py:3036} INFO - Sync 1 DAGs
[2026-07-21T18:06:01.052+0000] {logging_mixin.py:188} INFO - [2026-07-21T18:06:01.052+0000] {dag.py:3823} INFO - Setting next_dagrun for example_branch_dop_operator_v3 to 2026-07-21 18:05:00+00:00, run_after=2026-07-21 18:06:00+00:00
[2026-07-21T18:06:01.075+0000] {processor.py:183} INFO - Processing /home/airflow/.local/lib/python3.8/site-packages/airflow/example_dags/example_branch_python_dop_operator_3.py took 0.117 seconds
[2026-07-21T18:06:31.409+0000] {processor.py:161} INFO - Started process (PID=1188) to work on /home/airflow/.local/lib/python3.8/site-packages/airflow/example_dags/example_branch_python_dop_operator_3.py
[2026-07-21T18:06:31.410+0000] {processor.py:830} INFO - Processing file /home/airflow/.local/lib/python3.8/site-packages/airflow/example_dags/example_branch_python_dop_operator_3.py for tasks to queue
[2026-07-21T18:06:31.413+0000] {logging_mixin.py:188} INFO - [2026-07-21T18:06:31.413+0000] {dagbag.py:538} INFO - Filling up the DagBag from /home/airflow/.local/lib/python3.8/site-packages/airflow/example_dags/example_branch_python_dop_operator_3.py
[2026-07-21T18:06:31.421+0000] {processor.py:840} INFO - DAG(s) 'example_branch_dop_operator_v3' retrieved from /home/airflow/.local/lib/python3.8/site-packages/airflow/example_dags/example_branch_python_dop_operator_3.py
[2026-07-21T18:06:31.444+0000] {logging_mixin.py:188} INFO - [2026-07-21T18:06:31.443+0000] {dag.py:3036} INFO - Sync 1 DAGs
[2026-07-21T18:06:31.468+0000] {logging_mixin.py:188} INFO - [2026-07-21T18:06:31.468+0000] {dag.py:3823} INFO - Setting next_dagrun for example_branch_dop_operator_v3 to 2026-07-21 18:05:00+00:00, run_after=2026-07-21 18:06:00+00:00
[2026-07-21T18:06:31.488+0000] {processor.py:183} INFO - Processing /home/airflow/.local/lib/python3.8/site-packages/airflow/example_dags/example_branch_python_dop_operator_3.py took 0.083 seconds
[2026-07-21T18:07:01.781+0000] {processor.py:161} INFO - Started process (PID=1244) to work on /home/airflow/.local/lib/python3.8/site-packages/airflow/example_dags/example_branch_python_dop_operator_3.py
[2026-07-21T18:07:01.782+0000] {processor.py:830} INFO - Processing file /home/airflow/.local/lib/python3.8/site-packages/airflow/example_dags/example_branch_python_dop_operator_3.py for tasks to queue
[2026-07-21T18:07:01.785+0000] {logging_mixin.py:188} INFO - [2026-07-21T18:07:01.784+0000] {dagbag.py:538} INFO - Filling up the DagBag from /home/airflow/.local/lib/python3.8/site-packages/airflow/example_dags/example_branch_python_dop_operator_3.py
[2026-07-21T18:07:01.794+0000] {processor.py:840} INFO - DAG(s) 'example_branch_dop_operator_v3' retrieved from /home/airflow/.local/lib/python3.8/site-packages/airflow/example_dags/example_branch_python_dop_operator_3.py
[2026-07-21T18:07:01.815+0000] {logging_mixin.py:188} INFO - [2026-07-21T18:07:01.815+0000] {dag.py:3036} INFO - Sync 1 DAGs
[2026-07-21T18:07:01.837+0000] {logging_mixin.py:188} INFO - [2026-07-21T18:07:01.837+0000] {dag.py:3823} INFO - Setting next_dagrun for example_branch_dop_operator_v3 to 2026-07-21 18:06:00+00:00, run_after=2026-07-21 18:07:00+00:00
[2026-07-21T18:07:01.856+0000] {processor.py:183} INFO - Processing /home/airflow/.local/lib/python3.8/site-packages/airflow/example_dags/example_branch_python_dop_operator_3.py took 0.080 seconds
[2026-07-21T18:07:32.207+0000] {processor.py:161} INFO - Started process (PID=1300) to work on /home/airflow/.local/lib/python3.8/site-packages/airflow/example_dags/example_branch_python_dop_operator_3.py
[2026-07-21T18:07:32.208+0000] {processor.py:830} INFO - Processing file /home/airflow/.local/lib/python3.8/site-packages/airflow/example_dags/example_branch_python_dop_operator_3.py for tasks to queue
[2026-07-21T18:07:32.211+0000] {logging_mixin.py:188} INFO - [2026-07-21T18:07:32.211+0000] {dagbag.py:538} INFO - Filling up the DagBag from /home/airflow/.local/lib/python3.8/site-packages/airflow/example_dags/example_branch_python_dop_operator_3.py
[2026-07-21T18:07:32.220+0000] {processor.py:840} INFO - DAG(s) 'example_branch_dop_operator_v3' retrieved from /home/airflow/.local/lib/python3.8/site-packages/airflow/example_dags/example_branch_python_dop_operator_3.py
[2026-07-21T18:07:32.241+0000] {logging_mixin.py:188} INFO - [2026-07-21T18:07:32.240+0000] {dag.py:3036} INFO - Sync 1 DAGs
[2026-07-21T18:07:32.264+0000] {logging_mixin.py:188} INFO - [2026-07-21T18:07:32.264+0000] {dag.py:3823} INFO - Setting next_dagrun for example_branch_dop_operator_v3 to 2026-07-21 18:06:00+00:00, run_after=2026-07-21 18:07:00+00:00
[2026-07-21T18:07:32.283+0000] {processor.py:183} INFO - Processing /home/airflow/.local/lib/python3.8/site-packages/airflow/example_dags/example_branch_python_dop_operator_3.py took 0.080 seconds
[2026-07-21T18:09:11.557+0000] {processor.py:161} INFO - Started process (PID=95) to work on /home/airflow/.local/lib/python3.8/site-packages/airflow/example_dags/example_branch_python_dop_operator_3.py
[2026-07-21T18:09:11.559+0000] {processor.py:830} INFO - Processing file /home/airflow/.local/lib/python3.8/site-packages/airflow/example_dags/example_branch_python_dop_operator_3.py for tasks to queue
[2026-07-21T18:09:11.562+0000] {logging_mixin.py:188} INFO - [2026-07-21T18:09:11.562+0000] {dagbag.py:538} INFO - Filling up the DagBag from /home/airflow/.local/lib/python3.8/site-packages/airflow/example_dags/example_branch_python_dop_operator_3.py
[2026-07-21T18:09:11.584+0000] {processor.py:840} INFO - DAG(s) 'example_branch_dop_operator_v3' retrieved from /home/airflow/.local/lib/python3.8/site-packages/airflow/example_dags/example_branch_python_dop_operator_3.py
[2026-07-21T18:09:11.604+0000] {logging_mixin.py:188} INFO - [2026-07-21T18:09:11.604+0000] {dag.py:3036} INFO - Sync 1 DAGs
[2026-07-21T18:09:11.648+0000] {logging_mixin.py:188} INFO - [2026-07-21T18:09:11.648+0000] {dag.py:3823} INFO - Setting next_dagrun for example_branch_dop_operator_v3 to 2026-07-21 18:08:00+00:00, run_after=2026-07-21 18:09:00+00:00
[2026-07-21T18:09:11.678+0000] {processor.py:183} INFO - Processing /home/airflow/.local/lib/python3.8/site-packages/airflow/example_dags/example_branch_python_dop_operator_3.py took 0.128 seconds
[2026-07-21T18:09:42.158+0000] {processor.py:161} INFO - Started process (PID=157) to work on /home/airflow/.local/lib/python3.8/site-packages/airflow/example_dags/example_branch_python_dop_operator_3.py
[2026-07-21T18:09:42.160+0000] {processor.py:830} INFO - Processing file /home/airflow/.local/lib/python3.8/site-packages/airflow/example_dags/example_branch_python_dop_operator_3.py for tasks to queue
[2026-07-21T18:09:42.162+0000] {logging_mixin.py:188} INFO - [2026-07-21T18:09:42.162+0000] {dagbag.py:538} INFO - Filling up the DagBag from /home/airflow/.local/lib/python3.8/site-packages/airflow/example_dags/example_branch_python_dop_operator_3.py
[2026-07-21T18:09:42.172+0000] {processor.py:840} INFO - DAG(s) 'example_branch_dop_operator_v3' retrieved from /home/airflow/.local/lib/python3.8/site-packages/airflow/example_dags/example_branch_python_dop_operator_3.py
[2026-07-21T18:09:42.271+0000] {logging_mixin.py:188} INFO - [2026-07-21T18:09:42.271+0000] {dag.py:3036} INFO - Sync 1 DAGs
[2026-07-21T18:09:42.293+0000] {logging_mixin.py:188} INFO - [2026-07-21T18:09:42.292+0000] {dag.py:3823} INFO - Setting next_dagrun for example_branch_dop_operator_v3 to 2026-07-21 18:08:00+00:00, run_after=2026-07-21 18:09:00+00:00
[2026-07-21T18:09:42.311+0000] {processor.py:183} INFO - Processing /home/airflow/.local/lib/python3.8/site-packages/airflow/example_dags/example_branch_python_dop_operator_3.py took 0.157 seconds
[2026-07-21T18:10:12.430+0000] {processor.py:161} INFO - Started process (PID=213) to work on /home/airflow/.local/lib/python3.8/site-packages/airflow/example_dags/example_branch_python_dop_operator_3.py
[2026-07-21T18:10:12.432+0000] {processor.py:830} INFO - Processing file /home/airflow/.local/lib/python3.8/site-packages/airflow/example_dags/example_branch_python_dop_operator_3.py for tasks to queue
[2026-07-21T18:10:12.434+0000] {logging_mixin.py:188} INFO - [2026-07-21T18:10:12.433+0000] {dagbag.py:538} INFO - Filling up the DagBag from /home/airflow/.local/lib/python3.8/site-packages/airflow/example_dags/example_branch_python_dop_operator_3.py
[2026-07-21T18:10:12.444+0000] {processor.py:840} INFO - DAG(s) 'example_branch_dop_operator_v3' retrieved from /home/airflow/.local/lib/python3.8/site-packages/airflow/example_dags/example_branch_python_dop_operator_3.py
[2026-07-21T18:10:12.466+0000] {logging_mixin.py:188} INFO - [2026-07-21T18:10:12.466+0000] {dag.py:3036} INFO - Sync 1 DAGs
[2026-07-21T18:10:12.490+0000] {logging_mixin.py:188} INFO - [2026-07-21T18:10:12.490+0000] {dag.py:3823} INFO - Setting next_dagrun for example_branch_dop_operator_v3 to 2026-07-21 18:09:00+00:00, run_after=2026-07-21 18:10:00+00:00
[2026-07-21T18:10:12.509+0000] {processor.py:183} INFO - Processing /home/airflow/.local/lib/python3.8/site-packages/airflow/example_dags/example_branch_python_dop_operator_3.py took 0.083 seconds
[2026-07-21T18:10:42.728+0000] {processor.py:161} INFO - Started process (PID=269) to work on /home/airflow/.local/lib/python3.8/site-packages/airflow/example_dags/example_branch_python_dop_operator_3.py
[2026-07-21T18:10:42.730+0000] {processor.py:830} INFO - Processing file /home/airflow/.local/lib/python3.8/site-packages/airflow/example_dags/example_branch_python_dop_operator_3.py for tasks to queue
[2026-07-21T18:10:42.731+0000] {logging_mixin.py:188} INFO - [2026-07-21T18:10:42.731+0000] {dagbag.py:538} INFO - Filling up the DagBag from /home/airflow/.local/lib/python3.8/site-packages/airflow/example_dags/example_branch_python_dop_operator_3.py
[2026-07-21T18:10:42.740+0000] {processor.py:840} INFO - DAG(s) 'example_branch_dop_operator_v3' retrieved from /home/airflow/.local/lib/python3.8/site-packages/airflow/example_dags/example_branch_python_dop_operator_3.py
[2026-07-21T18:10:42.761+0000] {logging_mixin.py:188} INFO - [2026-07-21T18:10:42.761+0000] {dag.py:3036} INFO - Sync 1 DAGs
[2026-07-21T18:10:42.784+0000] {logging_mixin.py:188} INFO - [2026-07-21T18:10:42.784+0000] {dag.py:3823} INFO - Setting next_dagrun for example_branch_dop_operator_v3 to 2026-07-21 18:09:00+00:00, run_after=2026-07-21 18:10:00+00:00
[2026-07-21T18:10:42.801+0000] {processor.py:183} INFO - Processing /home/airflow/.local/lib/python3.8/site-packages/airflow/example_dags/example_branch_python_dop_operator_3.py took 0.077 seconds
[2026-07-21T18:11:13.248+0000] {processor.py:161} INFO - Started process (PID=325) to work on /home/airflow/.local/lib/python3.8/site-packages/airflow/example_dags/example_branch_python_dop_operator_3.py
[2026-07-21T18:11:13.250+0000] {processor.py:830} INFO - Processing file /home/airflow/.local/lib/python3.8/site-packages/airflow/example_dags/example_branch_python_dop_operator_3.py for tasks to queue
[2026-07-21T18:11:13.252+0000] {logging_mixin.py:188} INFO - [2026-07-21T18:11:13.252+0000] {dagbag.py:538} INFO - Filling up the DagBag from /home/airflow/.local/lib/python3.8/site-packages/airflow/example_dags/example_branch_python_dop_operator_3.py
[2026-07-21T18:11:13.262+0000] {processor.py:840} INFO - DAG(s) 'example_branch_dop_operator_v3' retrieved from /home/airflow/.local/lib/python3.8/site-packages/airflow/example_dags/example_branch_python_dop_operator_3.py
[2026-07-21T18:11:13.285+0000] {logging_mixin.py:188} INFO - [2026-07-21T18:11:13.285+0000] {dag.py:3036} INFO - Sync 1 DAGs
[2026-07-21T18:11:13.309+0000] {logging_mixin.py:188} INFO - [2026-07-21T18:11:13.309+0000] {dag.py:3823} INFO - Setting next_dagrun for example_branch_dop_operator_v3 to 2026-07-21 18:10:00+00:00, run_after=2026-07-21 18:11:00+00:00
[2026-07-21T18:11:13.329+0000] {processor.py:183} INFO - Processing /home/airflow/.local/lib/python3.8/site-packages/airflow/example_dags/example_branch_python_dop_operator_3.py took 0.086 seconds
[2026-07-21T18:11:43.704+0000] {processor.py:161} INFO - Started process (PID=381) to work on /home/airflow/.local/lib/python3.8/site-packages/airflow/example_dags/example_branch_python_dop_operator_3.py
[2026-07-21T18:11:43.706+0000] {processor.py:830} INFO - Processing file /home/airflow/.local/lib/python3.8/site-packages/airflow/example_dags/example_branch_python_dop_operator_3.py for tasks to queue
[2026-07-21T18:11:43.708+0000] {logging_mixin.py:188} INFO - [2026-07-21T18:11:43.708+0000] {dagbag.py:538} INFO - Filling up the DagBag from /home/airflow/.local/lib/python3.8/site-packages/airflow/example_dags/example_branch_python_dop_operator_3.py
[2026-07-21T18:11:43.718+0000] {processor.py:840} INFO - DAG(s) 'example_branch_dop_operator_v3' retrieved from /home/airflow/.local/lib/python3.8/site-packages/airflow/example_dags/example_branch_python_dop_operator_3.py
[2026-07-21T18:11:43.745+0000] {logging_mixin.py:188} INFO - [2026-07-21T18:11:43.745+0000] {dag.py:3036} INFO - Sync 1 DAGs
[2026-07-21T18:11:43.776+0000] {logging_mixin.py:188} INFO - [2026-07-21T18:11:43.776+0000] {dag.py:3823} INFO - Setting next_dagrun for example_branch_dop_operator_v3 to 2026-07-21 18:10:00+00:00, run_after=2026-07-21 18:11:00+00:00
[2026-07-21T18:11:43.800+0000] {processor.py:183} INFO - Processing /home/airflow/.local/lib/python3.8/site-packages/airflow/example_dags/example_branch_python_dop_operator_3.py took 0.100 seconds
[2026-07-21T18:12:14.311+0000] {processor.py:161} INFO - Started process (PID=437) to work on /home/airflow/.local/lib/python3.8/site-packages/airflow/example_dags/example_branch_python_dop_operator_3.py
[2026-07-21T18:12:14.313+0000] {processor.py:830} INFO - Processing file /home/airflow/.local/lib/python3.8/site-packages/airflow/example_dags/example_branch_python_dop_operator_3.py for tasks to queue
[2026-07-21T18:12:14.316+0000] {logging_mixin.py:188} INFO - [2026-07-21T18:12:14.315+0000] {dagbag.py:538} INFO - Filling up the DagBag from /home/airflow/.local/lib/python3.8/site-packages/airflow/example_dags/example_branch_python_dop_operator_3.py
[2026-07-21T18:12:14.325+0000] {processor.py:840} INFO - DAG(s) 'example_branch_dop_operator_v3' retrieved from /home/airflow/.local/lib/python3.8/site-packages/airflow/example_dags/example_branch_python_dop_operator_3.py
[2026-07-21T18:12:14.348+0000] {logging_mixin.py:188} INFO - [2026-07-21T18:12:14.348+0000] {dag.py:3036} INFO - Sync 1 DAGs
[2026-07-21T18:12:14.374+0000] {logging_mixin.py:188} INFO - [2026-07-21T18:12:14.374+0000] {dag.py:3823} INFO - Setting next_dagrun for example_branch_dop_operator_v3 to 2026-07-21 18:11:00+00:00, run_after=2026-07-21 18:12:00+00:00
[2026-07-21T18:12:14.395+0000] {processor.py:183} INFO - Processing /home/airflow/.local/lib/python3.8/site-packages/airflow/example_dags/example_branch_python_dop_operator_3.py took 0.089 seconds
[2026-07-21T18:12:45.257+0000] {processor.py:161} INFO - Started process (PID=493) to work on /home/airflow/.local/lib/python3.8/site-packages/airflow/example_dags/example_branch_python_dop_operator_3.py
[2026-07-21T18:12:45.258+0000] {processor.py:830} INFO - Processing file /home/airflow/.local/lib/python3.8/site-packages/airflow/example_dags/example_branch_python_dop_operator_3.py for tasks to queue
[2026-07-21T18:12:45.261+0000] {logging_mixin.py:188} INFO - [2026-07-21T18:12:45.261+0000] {dagbag.py:538} INFO - Filling up the DagBag from /home/airflow/.local/lib/python3.8/site-packages/airflow/example_dags/example_branch_python_dop_operator_3.py
[2026-07-21T18:12:45.270+0000] {processor.py:840} INFO - DAG(s) 'example_branch_dop_operator_v3' retrieved from /home/airflow/.local/lib/python3.8/site-packages/airflow/example_dags/example_branch_python_dop_operator_3.py
[2026-07-21T18:12:45.292+0000] {logging_mixin.py:188} INFO - [2026-07-21T18:12:45.292+0000] {dag.py:3036} INFO - Sync 1 DAGs
[2026-07-21T18:12:45.318+0000] {logging_mixin.py:188} INFO - [2026-07-21T18:12:45.317+0000] {dag.py:3823} INFO - Setting next_dagrun for example_branch_dop_operator_v3 to 2026-07-21 18:11:00+00:00, run_after=2026-07-21 18:12:00+00:00
[2026-07-21T18:12:45.338+0000] {processor.py:183} INFO - Processing /home/airflow/.local/lib/python3.8/site-packages/airflow/example_dags/example_branch_python_dop_operator_3.py took 0.085 seconds
[2026-07-21T18:13:15.985+0000] {processor.py:161} INFO - Started process (PID=549) to work on /home/airflow/.local/lib/python3.8/site-packages/airflow/example_dags/example_branch_python_dop_operator_3.py
[2026-07-21T18:13:15.986+0000] {processor.py:830} INFO - Processing file /home/airflow/.local/lib/python3.8/site-packages/airflow/example_dags/example_branch_python_dop_operator_3.py for tasks to queue
[2026-07-21T18:13:15.989+0000] {logging_mixin.py:188} INFO - [2026-07-21T18:13:15.988+0000] {dagbag.py:538} INFO - Filling up the DagBag from /home/airflow/.local/lib/python3.8/site-packages/airflow/example_dags/example_branch_python_dop_operator_3.py
[2026-07-21T18:13:15.999+0000] {processor.py:840} INFO - DAG(s) 'example_branch_dop_operator_v3' retrieved from /home/airflow/.local/lib/python3.8/site-packages/airflow/example_dags/example_branch_python_dop_operator_3.py
[2026-07-21T18:13:16.022+0000] {logging_mixin.py:188} INFO - [2026-07-21T18:13:16.022+0000] {dag.py:3036} INFO - Sync 1 DAGs
[2026-07-21T18:13:16.047+0000] {logging_mixin.py:188} INFO - [2026-07-21T18:13:16.047+0000] {dag.py:3823} INFO - Setting next_dagrun for example_branch_dop_operator_v3 to 2026-07-21 18:12:00+00:00, run_after=2026-07-21 18:13:00+00:00
[2026-07-21T18:13:16.069+0000] {processor.py:183} INFO - Processing /home/airflow/.local/lib/python3.8/site-packages/airflow/example_dags/example_branch_python_dop_operator_3.py took 0.088 seconds
[2026-07-21T18:13:46.470+0000] {processor.py:161} INFO - Started process (PID=605) to work on /home/airflow/.local/lib/python3.8/site-packages/airflow/example_dags/example_branch_python_dop_operator_3.py
[2026-07-21T18:13:46.472+0000] {processor.py:830} INFO - Processing file /home/airflow/.local/lib/python3.8/site-packages/airflow/example_dags/example_branch_python_dop_operator_3.py for tasks to queue
[2026-07-21T18:13:46.474+0000] {logging_mixin.py:188} INFO - [2026-07-21T18:13:46.474+0000] {dagbag.py:538} INFO - Filling up the DagBag from /home/airflow/.local/lib/python3.8/site-packages/airflow/example_dags/example_branch_python_dop_operator_3.py
[2026-07-21T18:13:46.483+0000] {processor.py:840} INFO - DAG(s) 'example_branch_dop_operator_v3' retrieved from /home/airflow/.local/lib/python3.8/site-packages/airflow/example_dags/example_branch_python_dop_operator_3.py
[2026-07-21T18:13:46.507+0000] {logging_mixin.py:188} INFO - [2026-07-21T18:13:46.506+0000] {dag.py:3036} INFO - Sync 1 DAGs
[2026-07-21T18:13:46.530+0000] {logging_mixin.py:188} INFO - [2026-07-21T18:13:46.530+0000] {dag.py:3823} INFO - Setting next_dagrun for example_branch_dop_operator_v3 to 2026-07-21 18:12:00+00:00, run_after=2026-07-21 18:13:00+00:00
[2026-07-21T18:13:46.548+0000] {processor.py:183} INFO - Processing /home/airflow/.local/lib/python3.8/site-packages/airflow/example_dags/example_branch_python_dop_operator_3.py took 0.081 seconds
[2026-07-21T18:14:17.400+0000] {processor.py:161} INFO - Started process (PID=661) to work on /home/airflow/.local/lib/python3.8/site-packages/airflow/example_dags/example_branch_python_dop_operator_3.py
[2026-07-21T18:14:17.402+0000] {processor.py:830} INFO - Processing file /home/airflow/.local/lib/python3.8/site-packages/airflow/example_dags/example_branch_python_dop_operator_3.py for tasks to queue
[2026-07-21T18:14:17.404+0000] {logging_mixin.py:188} INFO - [2026-07-21T18:14:17.404+0000] {dagbag.py:538} INFO - Filling up the DagBag from /home/airflow/.local/lib/python3.8/site-packages/airflow/example_dags/example_branch_python_dop_operator_3.py
[2026-07-21T18:14:17.414+0000] {processor.py:840} INFO - DAG(s) 'example_branch_dop_operator_v3' retrieved from /home/airflow/.local/lib/python3.8/site-packages/airflow/example_dags/example_branch_python_dop_operator_3.py
[2026-07-21T18:14:17.435+0000] {logging_mixin.py:188} INFO - [2026-07-21T18:14:17.435+0000] {dag.py:3036} INFO - Sync 1 DAGs
[2026-07-21T18:14:17.461+0000] {logging_mixin.py:188} INFO - [2026-07-21T18:14:17.461+0000] {dag.py:3823} INFO - Setting next_dagrun for example_branch_dop_operator_v3 to 2026-07-21 18:13:00+00:00, run_after=2026-07-21 18:14:00+00:00
[2026-07-21T18:14:17.483+0000] {processor.py:183} INFO - Processing /home/airflow/.local/lib/python3.8/site-packages/airflow/example_dags/example_branch_python_dop_operator_3.py took 0.087 seconds
[2026-07-21T18:14:48.193+0000] {processor.py:161} INFO - Started process (PID=718) to work on /home/airflow/.local/lib/python3.8/site-packages/airflow/example_dags/example_branch_python_dop_operator_3.py
[2026-07-21T18:14:48.197+0000] {processor.py:830} INFO - Processing file /home/airflow/.local/lib/python3.8/site-packages/airflow/example_dags/example_branch_python_dop_operator_3.py for tasks to queue
[2026-07-21T18:14:48.201+0000] {logging_mixin.py:188} INFO - [2026-07-21T18:14:48.201+0000] {dagbag.py:538} INFO - Filling up the DagBag from /home/airflow/.local/lib/python3.8/site-packages/airflow/example_dags/example_branch_python_dop_operator_3.py
[2026-07-21T18:14:48.222+0000] {processor.py:840} INFO - DAG(s) 'example_branch_dop_operator_v3' retrieved from /home/airflow/.local/lib/python3.8/site-packages/airflow/example_dags/example_branch_python_dop_operator_3.py
[2026-07-21T18:14:48.262+0000] {logging_mixin.py:188} INFO - [2026-07-21T18:14:48.261+0000] {dag.py:3036} INFO - Sync 1 DAGs
[2026-07-21T18:14:48.292+0000] {logging_mixin.py:188} INFO - [2026-07-21T18:14:48.291+0000] {dag.py:3823} INFO - Setting next_dagrun for example_branch_dop_operator_v3 to 2026-07-21 18:13:00+00:00, run_after=2026-07-21 18:14:00+00:00
[2026-07-21T18:14:48.315+0000] {processor.py:183} INFO - Processing /home/airflow/.local/lib/python3.8/site-packages/airflow/example_dags/example_branch_python_dop_operator_3.py took 0.129 seconds
[2026-07-21T18:15:19.300+0000] {processor.py:161} INFO - Started process (PID=774) to work on /home/airflow/.local/lib/python3.8/site-packages/airflow/example_dags/example_branch_python_dop_operator_3.py
[2026-07-21T18:15:19.301+0000] {processor.py:830} INFO - Processing file /home/airflow/.local/lib/python3.8/site-packages/airflow/example_dags/example_branch_python_dop_operator_3.py for tasks to queue
[2026-07-21T18:15:19.304+0000] {logging_mixin.py:188} INFO - [2026-07-21T18:15:19.304+0000] {dagbag.py:538} INFO - Filling up the DagBag from /home/airflow/.local/lib/python3.8/site-packages/airflow/example_dags/example_branch_python_dop_operator_3.py
[2026-07-21T18:15:19.313+0000] {processor.py:840} INFO - DAG(s) 'example_branch_dop_operator_v3' retrieved from /home/airflow/.local/lib/python3.8/site-packages/airflow/example_dags/example_branch_python_dop_operator_3.py
[2026-07-21T18:15:19.337+0000] {logging_mixin.py:188} INFO - [2026-07-21T18:15:19.337+0000] {dag.py:3036} INFO - Sync 1 DAGs
[2026-07-21T18:15:19.361+0000] {logging_mixin.py:188} INFO - [2026-07-21T18:15:19.361+0000] {dag.py:3823} INFO - Setting next_dagrun for example_branch_dop_operator_v3 to 2026-07-21 18:14:00+00:00, run_after=2026-07-21 18:15:00+00:00
[2026-07-21T18:15:19.382+0000] {processor.py:183} INFO - Processing /home/airflow/.local/lib/python3.8/site-packages/airflow/example_dags/example_branch_python_dop_operator_3.py took 0.088 seconds
[2026-07-21T18:15:50.076+0000] {processor.py:161} INFO - Started process (PID=830) to work on /home/airflow/.local/lib/python3.8/site-packages/airflow/example_dags/example_branch_python_dop_operator_3.py
[2026-07-21T18:15:50.077+0000] {processor.py:830} INFO - Processing file /home/airflow/.local/lib/python3.8/site-packages/airflow/example_dags/example_branch_python_dop_operator_3.py for tasks to queue
[2026-07-21T18:15:50.080+0000] {logging_mixin.py:188} INFO - [2026-07-21T18:15:50.079+0000] {dagbag.py:538} INFO - Filling up the DagBag from /home/airflow/.local/lib/python3.8/site-packages/airflow/example_dags/example_branch_python_dop_operator_3.py
[2026-07-21T18:15:50.089+0000] {processor.py:840} INFO - DAG(s) 'example_branch_dop_operator_v3' retrieved from /home/airflow/.local/lib/python3.8/site-packages/airflow/example_dags/example_branch_python_dop_operator_3.py
[2026-07-21T18:15:50.111+0000] {logging_mixin.py:188} INFO - [2026-07-21T18:15:50.111+0000] {dag.py:3036} INFO - Sync 1 DAGs
[2026-07-21T18:15:50.136+0000] {logging_mixin.py:188} INFO - [2026-07-21T18:15:50.135+0000] {dag.py:3823} INFO - Setting next_dagrun for example_branch_dop_operator_v3 to 2026-07-21 18:14:00+00:00, run_after=2026-07-21 18:15:00+00:00
[2026-07-21T18:15:50.154+0000] {processor.py:183} INFO - Processing /home/airflow/.local/lib/python3.8/site-packages/airflow/example_dags/example_branch_python_dop_operator_3.py took 0.083 seconds
[2026-07-21T18:16:20.793+0000] {processor.py:161} INFO - Started process (PID=886) to work on /home/airflow/.local/lib/python3.8/site-packages/airflow/example_dags/example_branch_python_dop_operator_3.py
[2026-07-21T18:16:20.794+0000] {processor.py:830} INFO - Processing file /home/airflow/.local/lib/python3.8/site-packages/airflow/example_dags/example_branch_python_dop_operator_3.py for tasks to queue
[2026-07-21T18:16:20.797+0000] {logging_mixin.py:188} INFO - [2026-07-21T18:16:20.797+0000] {dagbag.py:538} INFO - Filling up the DagBag from /home/airflow/.local/lib/python3.8/site-packages/airflow/example_dags/example_branch_python_dop_operator_3.py
[2026-07-21T18:16:20.806+0000] {processor.py:840} INFO - DAG(s) 'example_branch_dop_operator_v3' retrieved from /home/airflow/.local/lib/python3.8/site-packages/airflow/example_dags/example_branch_python_dop_operator_3.py
[2026-07-21T18:16:20.827+0000] {logging_mixin.py:188} INFO - [2026-07-21T18:16:20.827+0000] {dag.py:3036} INFO - Sync 1 DAGs
[2026-07-21T18:16:20.851+0000] {logging_mixin.py:188} INFO - [2026-07-21T18:16:20.851+0000] {dag.py:3823} INFO - Setting next_dagrun for example_branch_dop_operator_v3 to 2026-07-21 18:15:00+00:00, run_after=2026-07-21 18:16:00+00:00
[2026-07-21T18:16:20.870+0000] {processor.py:183} INFO - Processing /home/airflow/.local/lib/python3.8/site-packages/airflow/example_dags/example_branch_python_dop_operator_3.py took 0.081 seconds
[2026-07-21T18:16:51.023+0000] {processor.py:161} INFO - Started process (PID=942) to work on /home/airflow/.local/lib/python3.8/site-packages/airflow/example_dags/example_branch_python_dop_operator_3.py
[2026-07-21T18:16:51.024+0000] {processor.py:830} INFO - Processing file /home/airflow/.local/lib/python3.8/site-packages/airflow/example_dags/example_branch_python_dop_operator_3.py for tasks to queue
[2026-07-21T18:16:51.027+0000] {logging_mixin.py:188} INFO - [2026-07-21T18:16:51.027+0000] {dagbag.py:538} INFO - Filling up the DagBag from /home/airflow/.local/lib/python3.8/site-packages/airflow/example_dags/example_branch_python_dop_operator_3.py
[2026-07-21T18:16:51.035+0000] {processor.py:840} INFO - DAG(s) 'example_branch_dop_operator_v3' retrieved from /home/airflow/.local/lib/python3.8/site-packages/airflow/example_dags/example_branch_python_dop_operator_3.py
[2026-07-21T18:16:51.056+0000] {logging_mixin.py:188} INFO - [2026-07-21T18:16:51.056+0000] {dag.py:3036} INFO - Sync 1 DAGs
[2026-07-21T18:16:51.079+0000] {logging_mixin.py:188} INFO - [2026-07-21T18:16:51.079+0000] {dag.py:3823} INFO - Setting next_dagrun for example_branch_dop_operator_v3 to 2026-07-21 18:15:00+00:00, run_after=2026-07-21 18:16:00+00:00
[2026-07-21T18:16:51.097+0000] {processor.py:183} INFO - Processing /home/airflow/.local/lib/python3.8/site-packages/airflow/example_dags/example_branch_python_dop_operator_3.py took 0.078 seconds
[2026-07-21T18:17:21.423+0000] {processor.py:161} INFO - Started process (PID=998) to work on /home/airflow/.local/lib/python3.8/site-packages/airflow/example_dags/example_branch_python_dop_operator_3.py
[2026-07-21T18:17:21.424+0000] {processor.py:830} INFO - Processing file /home/airflow/.local/lib/python3.8/site-packages/airflow/example_dags/example_branch_python_dop_operator_3.py for tasks to queue
[2026-07-21T18:17:21.427+0000] {logging_mixin.py:188} INFO - [2026-07-21T18:17:21.427+0000] {dagbag.py:538} INFO - Filling up the DagBag from /home/airflow/.local/lib/python3.8/site-packages/airflow/example_dags/example_branch_python_dop_operator_3.py
[2026-07-21T18:17:21.437+0000] {processor.py:840} INFO - DAG(s) 'example_branch_dop_operator_v3' retrieved from /home/airflow/.local/lib/python3.8/site-packages/airflow/example_dags/example_branch_python_dop_operator_3.py
[2026-07-21T18:17:21.459+0000] {logging_mixin.py:188} INFO - [2026-07-21T18:17:21.459+0000] {dag.py:3036} INFO - Sync 1 DAGs
[2026-07-21T18:17:21.484+0000] {logging_mixin.py:188} INFO - [2026-07-21T18:17:21.484+0000] {dag.py:3823} INFO - Setting next_dagrun for example_branch_dop_operator_v3 to 2026-07-21 18:16:00+00:00, run_after=2026-07-21 18:17:00+00:00
[2026-07-21T18:17:21.505+0000] {processor.py:183} INFO - Processing /home/airflow/.local/lib/python3.8/site-packages/airflow/example_dags/example_branch_python_dop_operator_3.py took 0.086 seconds
[2026-07-21T18:17:52.326+0000] {processor.py:161} INFO - Started process (PID=1054) to work on /home/airflow/.local/lib/python3.8/site-packages/airflow/example_dags/example_branch_python_dop_operator_3.py
[2026-07-21T18:17:52.327+0000] {processor.py:830} INFO - Processing file /home/airflow/.local/lib/python3.8/site-packages/airflow/example_dags/example_branch_python_dop_operator_3.py for tasks to queue
[2026-07-21T18:17:52.329+0000] {logging_mixin.py:188} INFO - [2026-07-21T18:17:52.329+0000] {dagbag.py:538} INFO - Filling up the DagBag from /home/airflow/.local/lib/python3.8/site-packages/airflow/example_dags/example_branch_python_dop_operator_3.py
[2026-07-21T18:17:52.338+0000] {processor.py:840} INFO - DAG(s) 'example_branch_dop_operator_v3' retrieved from /home/airflow/.local/lib/python3.8/site-packages/airflow/example_dags/example_branch_python_dop_operator_3.py
[2026-07-21T18:17:52.359+0000] {logging_mixin.py:188} INFO - [2026-07-21T18:17:52.358+0000] {dag.py:3036} INFO - Sync 1 DAGs
[2026-07-21T18:17:52.382+0000] {logging_mixin.py:188} INFO - [2026-07-21T18:17:52.382+0000] {dag.py:3823} INFO - Setting next_dagrun for example_branch_dop_operator_v3 to 2026-07-21 18:16:00+00:00, run_after=2026-07-21 18:17:00+00:00
[2026-07-21T18:17:52.400+0000] {processor.py:183} INFO - Processing /home/airflow/.local/lib/python3.8/site-packages/airflow/example_dags/example_branch_python_dop_operator_3.py took 0.079 seconds
[2026-07-21T18:18:23.289+0000] {processor.py:161} INFO - Started process (PID=1110) to work on /home/airflow/.local/lib/python3.8/site-packages/airflow/example_dags/example_branch_python_dop_operator_3.py
[2026-07-21T18:18:23.290+0000] {processor.py:830} INFO - Processing file /home/airflow/.local/lib/python3.8/site-packages/airflow/example_dags/example_branch_python_dop_operator_3.py for tasks to queue
[2026-07-21T18:18:23.293+0000] {logging_mixin.py:188} INFO - [2026-07-21T18:18:23.293+0000] {dagbag.py:538} INFO - Filling up the DagBag from /home/airflow/.local/lib/python3.8/site-packages/airflow/example_dags/example_branch_python_dop_operator_3.py
[2026-07-21T18:18:23.303+0000] {processor.py:840} INFO - DAG(s) 'example_branch_dop_operator_v3' retrieved from /home/airflow/.local/lib/python3.8/site-packages/airflow/example_dags/example_branch_python_dop_operator_3.py
[2026-07-21T18:18:23.326+0000] {logging_mixin.py:188} INFO - [2026-07-21T18:18:23.326+0000] {dag.py:3036} INFO - Sync 1 DAGs
[2026-07-21T18:18:23.350+0000] {logging_mixin.py:188} INFO - [2026-07-21T18:18:23.350+0000] {dag.py:3823} INFO - Setting next_dagrun for example_branch_dop_operator_v3 to 2026-07-21 18:17:00+00:00, run_after=2026-07-21 18:18:00+00:00
[2026-07-21T18:18:23.369+0000] {processor.py:183} INFO - Processing /home/airflow/.local/lib/python3.8/site-packages/airflow/example_dags/example_branch_python_dop_operator_3.py took 0.085 seconds
[2026-07-21T18:18:53.960+0000] {processor.py:161} INFO - Started process (PID=1166) to work on /home/airflow/.local/lib/python3.8/site-packages/airflow/example_dags/example_branch_python_dop_operator_3.py
[2026-07-21T18:18:53.962+0000] {processor.py:830} INFO - Processing file /home/airflow/.local/lib/python3.8/site-packages/airflow/example_dags/example_branch_python_dop_operator_3.py for tasks to queue
[2026-07-21T18:18:53.965+0000] {logging_mixin.py:188} INFO - [2026-07-21T18:18:53.964+0000] {dagbag.py:538} INFO - Filling up the DagBag from /home/airflow/.local/lib/python3.8/site-packages/airflow/example_dags/example_branch_python_dop_operator_3.py
[2026-07-21T18:18:53.974+0000] {processor.py:840} INFO - DAG(s) 'example_branch_dop_operator_v3' retrieved from /home/airflow/.local/lib/python3.8/site-packages/airflow/example_dags/example_branch_python_dop_operator_3.py
[2026-07-21T18:18:53.996+0000] {logging_mixin.py:188} INFO - [2026-07-21T18:18:53.996+0000] {dag.py:3036} INFO - Sync 1 DAGs
[2026-07-21T18:18:54.019+0000] {logging_mixin.py:188} INFO - [2026-07-21T18:18:54.018+0000] {dag.py:3823} INFO - Setting next_dagrun for example_branch_dop_operator_v3 to 2026-07-21 18:17:00+00:00, run_after=2026-07-21 18:18:00+00:00
[2026-07-21T18:18:54.037+0000] {processor.py:183} INFO - Processing /home/airflow/.local/lib/python3.8/site-packages/airflow/example_dags/example_branch_python_dop_operator_3.py took 0.081 seconds
[2026-07-21T18:19:24.932+0000] {processor.py:161} INFO - Started process (PID=1222) to work on /home/airflow/.local/lib/python3.8/site-packages/airflow/example_dags/example_branch_python_dop_operator_3.py
[2026-07-21T18:19:24.934+0000] {processor.py:830} INFO - Processing file /home/airflow/.local/lib/python3.8/site-packages/airflow/example_dags/example_branch_python_dop_operator_3.py for tasks to queue
[2026-07-21T18:19:24.937+0000] {logging_mixin.py:188} INFO - [2026-07-21T18:19:24.937+0000] {dagbag.py:538} INFO - Filling up the DagBag from /home/airflow/.local/lib/python3.8/site-packages/airflow/example_dags/example_branch_python_dop_operator_3.py
[2026-07-21T18:19:24.948+0000] {processor.py:840} INFO - DAG(s) 'example_branch_dop_operator_v3' retrieved from /home/airflow/.local/lib/python3.8/site-packages/airflow/example_dags/example_branch_python_dop_operator_3.py
[2026-07-21T18:19:24.970+0000] {logging_mixin.py:188} INFO - [2026-07-21T18:19:24.970+0000] {dag.py:3036} INFO - Sync 1 DAGs
[2026-07-21T18:19:24.995+0000] {logging_mixin.py:188} INFO - [2026-07-21T18:19:24.994+0000] {dag.py:3823} INFO - Setting next_dagrun for example_branch_dop_operator_v3 to 2026-07-21 18:18:00+00:00, run_after=2026-07-21 18:19:00+00:00
[2026-07-21T18:19:25.014+0000] {processor.py:183} INFO - Processing /home/airflow/.local/lib/python3.8/site-packages/airflow/example_dags/example_branch_python_dop_operator_3.py took 0.087 seconds
[2026-07-21T18:19:55.421+0000] {processor.py:161} INFO - Started process (PID=1278) to work on /home/airflow/.local/lib/python3.8/site-packages/airflow/example_dags/example_branch_python_dop_operator_3.py
[2026-07-21T18:19:55.422+0000] {processor.py:830} INFO - Processing file /home/airflow/.local/lib/python3.8/site-packages/airflow/example_dags/example_branch_python_dop_operator_3.py for tasks to queue
[2026-07-21T18:19:55.425+0000] {logging_mixin.py:188} INFO - [2026-07-21T18:19:55.424+0000] {dagbag.py:538} INFO - Filling up the DagBag from /home/airflow/.local/lib/python3.8/site-packages/airflow/example_dags/example_branch_python_dop_operator_3.py
[2026-07-21T18:19:55.434+0000] {processor.py:840} INFO - DAG(s) 'example_branch_dop_operator_v3' retrieved from /home/airflow/.local/lib/python3.8/site-packages/airflow/example_dags/example_branch_python_dop_operator_3.py
[2026-07-21T18:19:55.455+0000] {logging_mixin.py:188} INFO - [2026-07-21T18:19:55.455+0000] {dag.py:3036} INFO - Sync 1 DAGs
[2026-07-21T18:19:55.478+0000] {logging_mixin.py:188} INFO - [2026-07-21T18:19:55.478+0000] {dag.py:3823} INFO - Setting next_dagrun for example_branch_dop_operator_v3 to 2026-07-21 18:18:00+00:00, run_after=2026-07-21 18:19:00+00:00
[2026-07-21T18:19:55.497+0000] {processor.py:183} INFO - Processing /home/airflow/.local/lib/python3.8/site-packages/airflow/example_dags/example_branch_python_dop_operator_3.py took 0.080 seconds
[2026-07-21T18:20:26.072+0000] {processor.py:161} INFO - Started process (PID=1334) to work on /home/airflow/.local/lib/python3.8/site-packages/airflow/example_dags/example_branch_python_dop_operator_3.py
[2026-07-21T18:20:26.074+0000] {processor.py:830} INFO - Processing file /home/airflow/.local/lib/python3.8/site-packages/airflow/example_dags/example_branch_python_dop_operator_3.py for tasks to queue
[2026-07-21T18:20:26.076+0000] {logging_mixin.py:188} INFO - [2026-07-21T18:20:26.076+0000] {dagbag.py:538} INFO - Filling up the DagBag from /home/airflow/.local/lib/python3.8/site-packages/airflow/example_dags/example_branch_python_dop_operator_3.py
[2026-07-21T18:20:26.085+0000] {processor.py:840} INFO - DAG(s) 'example_branch_dop_operator_v3' retrieved from /home/airflow/.local/lib/python3.8/site-packages/airflow/example_dags/example_branch_python_dop_operator_3.py
[2026-07-21T18:20:26.107+0000] {logging_mixin.py:188} INFO - [2026-07-21T18:20:26.106+0000] {dag.py:3036} INFO - Sync 1 DAGs
[2026-07-21T18:20:26.130+0000] {logging_mixin.py:188} INFO - [2026-07-21T18:20:26.130+0000] {dag.py:3823} INFO - Setting next_dagrun for example_branch_dop_operator_v3 to 2026-07-21 18:19:00+00:00, run_after=2026-07-21 18:20:00+00:00
[2026-07-21T18:20:26.149+0000] {processor.py:183} INFO - Processing /home/airflow/.local/lib/python3.8/site-packages/airflow/example_dags/example_branch_python_dop_operator_3.py took 0.080 seconds
[2026-07-21T18:20:57.368+0000] {processor.py:161} INFO - Started process (PID=1390) to work on /home/airflow/.local/lib/python3.8/site-packages/airflow/example_dags/example_branch_python_dop_operator_3.py
[2026-07-21T18:20:57.369+0000] {processor.py:830} INFO - Processing file /home/airflow/.local/lib/python3.8/site-packages/airflow/example_dags/example_branch_python_dop_operator_3.py for tasks to queue
[2026-07-21T18:20:57.372+0000] {logging_mixin.py:188} INFO - [2026-07-21T18:20:57.372+0000] {dagbag.py:538} INFO - Filling up the DagBag from /home/airflow/.local/lib/python3.8/site-packages/airflow/example_dags/example_branch_python_dop_operator_3.py
[2026-07-21T18:20:57.380+0000] {processor.py:840} INFO - DAG(s) 'example_branch_dop_operator_v3' retrieved from /home/airflow/.local/lib/python3.8/site-packages/airflow/example_dags/example_branch_python_dop_operator_3.py
[2026-07-21T18:20:57.401+0000] {logging_mixin.py:188} INFO - [2026-07-21T18:20:57.401+0000] {dag.py:3036} INFO - Sync 1 DAGs
[2026-07-21T18:20:57.425+0000] {logging_mixin.py:188} INFO - [2026-07-21T18:20:57.425+0000] {dag.py:3823} INFO - Setting next_dagrun for example_branch_dop_operator_v3 to 2026-07-21 18:19:00+00:00, run_after=2026-07-21 18:20:00+00:00
[2026-07-21T18:20:57.600+0000] {processor.py:183} INFO - Processing /home/airflow/.local/lib/python3.8/site-packages/airflow/example_dags/example_branch_python_dop_operator_3.py took 0.236 seconds
[2026-07-21T18:21:28.040+0000] {processor.py:161} INFO - Started process (PID=1446) to work on /home/airflow/.local/lib/python3.8/site-packages/airflow/example_dags/example_branch_python_dop_operator_3.py
[2026-07-21T18:21:28.041+0000] {processor.py:830} INFO - Processing file /home/airflow/.local/lib/python3.8/site-packages/airflow/example_dags/example_branch_python_dop_operator_3.py for tasks to queue
[2026-07-21T18:21:28.044+0000] {logging_mixin.py:188} INFO - [2026-07-21T18:21:28.044+0000] {dagbag.py:538} INFO - Filling up the DagBag from /home/airflow/.local/lib/python3.8/site-packages/airflow/example_dags/example_branch_python_dop_operator_3.py
[2026-07-21T18:21:28.053+0000] {processor.py:840} INFO - DAG(s) 'example_branch_dop_operator_v3' retrieved from /home/airflow/.local/lib/python3.8/site-packages/airflow/example_dags/example_branch_python_dop_operator_3.py
[2026-07-21T18:21:28.075+0000] {logging_mixin.py:188} INFO - [2026-07-21T18:21:28.075+0000] {dag.py:3036} INFO - Sync 1 DAGs
[2026-07-21T18:21:28.098+0000] {logging_mixin.py:188} INFO - [2026-07-21T18:21:28.098+0000] {dag.py:3823} INFO - Setting next_dagrun for example_branch_dop_operator_v3 to 2026-07-21 18:20:00+00:00, run_after=2026-07-21 18:21:00+00:00
[2026-07-21T18:21:28.116+0000] {processor.py:183} INFO - Processing /home/airflow/.local/lib/python3.8/site-packages/airflow/example_dags/example_branch_python_dop_operator_3.py took 0.079 seconds
[2026-07-21T18:21:58.502+0000] {processor.py:161} INFO - Started process (PID=1502) to work on /home/airflow/.local/lib/python3.8/site-packages/airflow/example_dags/example_branch_python_dop_operator_3.py
[2026-07-21T18:21:58.503+0000] {processor.py:830} INFO - Processing file /home/airflow/.local/lib/python3.8/site-packages/airflow/example_dags/example_branch_python_dop_operator_3.py for tasks to queue
[2026-07-21T18:21:58.506+0000] {logging_mixin.py:188} INFO - [2026-07-21T18:21:58.505+0000] {dagbag.py:538} INFO - Filling up the DagBag from /home/airflow/.local/lib/python3.8/site-packages/airflow/example_dags/example_branch_python_dop_operator_3.py
[2026-07-21T18:21:58.514+0000] {processor.py:840} INFO - DAG(s) 'example_branch_dop_operator_v3' retrieved from /home/airflow/.local/lib/python3.8/site-packages/airflow/example_dags/example_branch_python_dop_operator_3.py
[2026-07-21T18:21:58.536+0000] {logging_mixin.py:188} INFO - [2026-07-21T18:21:58.536+0000] {dag.py:3036} INFO - Sync 1 DAGs
[2026-07-21T18:21:58.561+0000] {logging_mixin.py:188} INFO - [2026-07-21T18:21:58.561+0000] {dag.py:3823} INFO - Setting next_dagrun for example_branch_dop_operator_v3 to 2026-07-21 18:20:00+00:00, run_after=2026-07-21 18:21:00+00:00
[2026-07-21T18:21:58.580+0000] {processor.py:183} INFO - Processing /home/airflow/.local/lib/python3.8/site-packages/airflow/example_dags/example_branch_python_dop_operator_3.py took 0.083 seconds
[2026-07-21T18:22:28.650+0000] {processor.py:161} INFO - Started process (PID=1558) to work on /home/airflow/.local/lib/python3.8/site-packages/airflow/example_dags/example_branch_python_dop_operator_3.py
[2026-07-21T18:22:28.652+0000] {processor.py:830} INFO - Processing file /home/airflow/.local/lib/python3.8/site-packages/airflow/example_dags/example_branch_python_dop_operator_3.py for tasks to queue
[2026-07-21T18:22:28.654+0000] {logging_mixin.py:188} INFO - [2026-07-21T18:22:28.654+0000] {dagbag.py:538} INFO - Filling up the DagBag from /home/airflow/.local/lib/python3.8/site-packages/airflow/example_dags/example_branch_python_dop_operator_3.py
[2026-07-21T18:22:28.663+0000] {processor.py:840} INFO - DAG(s) 'example_branch_dop_operator_v3' retrieved from /home/airflow/.local/lib/python3.8/site-packages/airflow/example_dags/example_branch_python_dop_operator_3.py
[2026-07-21T18:22:28.689+0000] {logging_mixin.py:188} INFO - [2026-07-21T18:22:28.689+0000] {dag.py:3036} INFO - Sync 1 DAGs
[2026-07-21T18:22:28.712+0000] {logging_mixin.py:188} INFO - [2026-07-21T18:22:28.712+0000] {dag.py:3823} INFO - Setting next_dagrun for example_branch_dop_operator_v3 to 2026-07-21 18:21:00+00:00, run_after=2026-07-21 18:22:00+00:00
[2026-07-21T18:22:28.730+0000] {processor.py:183} INFO - Processing /home/airflow/.local/lib/python3.8/site-packages/airflow/example_dags/example_branch_python_dop_operator_3.py took 0.083 seconds
[2026-07-21T18:23:00.154+0000] {processor.py:161} INFO - Started process (PID=1614) to work on /home/airflow/.local/lib/python3.8/site-packages/airflow/example_dags/example_branch_python_dop_operator_3.py
[2026-07-21T18:23:00.156+0000] {processor.py:830} INFO - Processing file /home/airflow/.local/lib/python3.8/site-packages/airflow/example_dags/example_branch_python_dop_operator_3.py for tasks to queue
[2026-07-21T18:23:00.158+0000] {logging_mixin.py:188} INFO - [2026-07-21T18:23:00.158+0000] {dagbag.py:538} INFO - Filling up the DagBag from /home/airflow/.local/lib/python3.8/site-packages/airflow/example_dags/example_branch_python_dop_operator_3.py
[2026-07-21T18:23:00.167+0000] {processor.py:840} INFO - DAG(s) 'example_branch_dop_operator_v3' retrieved from /home/airflow/.local/lib/python3.8/site-packages/airflow/example_dags/example_branch_python_dop_operator_3.py
[2026-07-21T18:23:00.187+0000] {logging_mixin.py:188} INFO - [2026-07-21T18:23:00.187+0000] {dag.py:3036} INFO - Sync 1 DAGs
[2026-07-21T18:23:00.350+0000] {logging_mixin.py:188} INFO - [2026-07-21T18:23:00.350+0000] {dag.py:3823} INFO - Setting next_dagrun for example_branch_dop_operator_v3 to 2026-07-21 18:22:00+00:00, run_after=2026-07-21 18:23:00+00:00
[2026-07-21T18:23:00.371+0000] {processor.py:183} INFO - Processing /home/airflow/.local/lib/python3.8/site-packages/airflow/example_dags/example_branch_python_dop_operator_3.py took 0.221 seconds
[2026-07-21T18:23:31.084+0000] {processor.py:161} INFO - Started process (PID=1670) to work on /home/airflow/.local/lib/python3.8/site-packages/airflow/example_dags/example_branch_python_dop_operator_3.py
[2026-07-21T18:23:31.086+0000] {processor.py:830} INFO - Processing file /home/airflow/.local/lib/python3.8/site-packages/airflow/example_dags/example_branch_python_dop_operator_3.py for tasks to queue
[2026-07-21T18:23:31.088+0000] {logging_mixin.py:188} INFO - [2026-07-21T18:23:31.088+0000] {dagbag.py:538} INFO - Filling up the DagBag from /home/airflow/.local/lib/python3.8/site-packages/airflow/example_dags/example_branch_python_dop_operator_3.py
[2026-07-21T18:23:31.097+0000] {processor.py:840} INFO - DAG(s) 'example_branch_dop_operator_v3' retrieved from /home/airflow/.local/lib/python3.8/site-packages/airflow/example_dags/example_branch_python_dop_operator_3.py
[2026-07-21T18:23:31.117+0000] {logging_mixin.py:188} INFO - [2026-07-21T18:23:31.117+0000] {dag.py:3036} INFO - Sync 1 DAGs
[2026-07-21T18:23:31.291+0000] {logging_mixin.py:188} INFO - [2026-07-21T18:23:31.291+0000] {dag.py:3823} INFO - Setting next_dagrun for example_branch_dop_operator_v3 to 2026-07-21 18:22:00+00:00, run_after=2026-07-21 18:23:00+00:00
[2026-07-21T18:23:31.309+0000] {processor.py:183} INFO - Processing /home/airflow/.local/lib/python3.8/site-packages/airflow/example_dags/example_branch_python_dop_operator_3.py took 0.228 seconds
[2026-07-21T18:24:01.864+0000] {processor.py:161} INFO - Started process (PID=1726) to work on /home/airflow/.local/lib/python3.8/site-packages/airflow/example_dags/example_branch_python_dop_operator_3.py
[2026-07-21T18:24:01.866+0000] {processor.py:830} INFO - Processing file /home/airflow/.local/lib/python3.8/site-packages/airflow/example_dags/example_branch_python_dop_operator_3.py for tasks to queue
[2026-07-21T18:24:01.868+0000] {logging_mixin.py:188} INFO - [2026-07-21T18:24:01.868+0000] {dagbag.py:538} INFO - Filling up the DagBag from /home/airflow/.local/lib/python3.8/site-packages/airflow/example_dags/example_branch_python_dop_operator_3.py
[2026-07-21T18:24:01.879+0000] {processor.py:840} INFO - DAG(s) 'example_branch_dop_operator_v3' retrieved from /home/airflow/.local/lib/python3.8/site-packages/airflow/example_dags/example_branch_python_dop_operator_3.py
[2026-07-21T18:24:01.903+0000] {logging_mixin.py:188} INFO - [2026-07-21T18:24:01.903+0000] {dag.py:3036} INFO - Sync 1 DAGs
[2026-07-21T18:24:01.931+0000] {logging_mixin.py:188} INFO - [2026-07-21T18:24:01.931+0000] {dag.py:3823} INFO - Setting next_dagrun for example_branch_dop_operator_v3 to 2026-07-21 18:23:00+00:00, run_after=2026-07-21 18:24:00+00:00
[2026-07-21T18:24:01.958+0000] {processor.py:183} INFO - Processing /home/airflow/.local/lib/python3.8/site-packages/airflow/example_dags/example_branch_python_dop_operator_3.py took 0.099 seconds
[2026-07-21T18:24:32.139+0000] {processor.py:161} INFO - Started process (PID=1783) to work on /home/airflow/.local/lib/python3.8/site-packages/airflow/example_dags/example_branch_python_dop_operator_3.py
[2026-07-21T18:24:32.141+0000] {processor.py:830} INFO - Processing file /home/airflow/.local/lib/python3.8/site-packages/airflow/example_dags/example_branch_python_dop_operator_3.py for tasks to queue
[2026-07-21T18:24:32.144+0000] {logging_mixin.py:188} INFO - [2026-07-21T18:24:32.143+0000] {dagbag.py:538} INFO - Filling up the DagBag from /home/airflow/.local/lib/python3.8/site-packages/airflow/example_dags/example_branch_python_dop_operator_3.py
[2026-07-21T18:24:32.155+0000] {processor.py:840} INFO - DAG(s) 'example_branch_dop_operator_v3' retrieved from /home/airflow/.local/lib/python3.8/site-packages/airflow/example_dags/example_branch_python_dop_operator_3.py
[2026-07-21T18:24:32.182+0000] {logging_mixin.py:188} INFO - [2026-07-21T18:24:32.182+0000] {dag.py:3036} INFO - Sync 1 DAGs
[2026-07-21T18:24:32.211+0000] {logging_mixin.py:188} INFO - [2026-07-21T18:24:32.210+0000] {dag.py:3823} INFO - Setting next_dagrun for example_branch_dop_operator_v3 to 2026-07-21 18:23:00+00:00, run_after=2026-07-21 18:24:00+00:00
[2026-07-21T18:24:32.234+0000] {processor.py:183} INFO - Processing /home/airflow/.local/lib/python3.8/site-packages/airflow/example_dags/example_branch_python_dop_operator_3.py took 0.099 seconds
[2026-07-21T18:25:02.384+0000] {processor.py:161} INFO - Started process (PID=1839) to work on /home/airflow/.local/lib/python3.8/site-packages/airflow/example_dags/example_branch_python_dop_operator_3.py
[2026-07-21T18:25:02.386+0000] {processor.py:830} INFO - Processing file /home/airflow/.local/lib/python3.8/site-packages/airflow/example_dags/example_branch_python_dop_operator_3.py for tasks to queue
[2026-07-21T18:25:02.389+0000] {logging_mixin.py:188} INFO - [2026-07-21T18:25:02.389+0000] {dagbag.py:538} INFO - Filling up the DagBag from /home/airflow/.local/lib/python3.8/site-packages/airflow/example_dags/example_branch_python_dop_operator_3.py
[2026-07-21T18:25:02.399+0000] {processor.py:840} INFO - DAG(s) 'example_branch_dop_operator_v3' retrieved from /home/airflow/.local/lib/python3.8/site-packages/airflow/example_dags/example_branch_python_dop_operator_3.py
[2026-07-21T18:25:02.424+0000] {logging_mixin.py:188} INFO - [2026-07-21T18:25:02.423+0000] {dag.py:3036} INFO - Sync 1 DAGs
[2026-07-21T18:25:02.451+0000] {logging_mixin.py:188} INFO - [2026-07-21T18:25:02.451+0000] {dag.py:3823} INFO - Setting next_dagrun for example_branch_dop_operator_v3 to 2026-07-21 18:24:00+00:00, run_after=2026-07-21 18:25:00+00:00
[2026-07-21T18:25:02.473+0000] {processor.py:183} INFO - Processing /home/airflow/.local/lib/python3.8/site-packages/airflow/example_dags/example_branch_python_dop_operator_3.py took 0.093 seconds
[2026-07-21T18:25:32.661+0000] {processor.py:161} INFO - Started process (PID=1894) to work on /home/airflow/.local/lib/python3.8/site-packages/airflow/example_dags/example_branch_python_dop_operator_3.py
[2026-07-21T18:25:32.662+0000] {processor.py:830} INFO - Processing file /home/airflow/.local/lib/python3.8/site-packages/airflow/example_dags/example_branch_python_dop_operator_3.py for tasks to queue
[2026-07-21T18:25:32.664+0000] {logging_mixin.py:188} INFO - [2026-07-21T18:25:32.664+0000] {dagbag.py:538} INFO - Filling up the DagBag from /home/airflow/.local/lib/python3.8/site-packages/airflow/example_dags/example_branch_python_dop_operator_3.py
[2026-07-21T18:25:32.675+0000] {processor.py:840} INFO - DAG(s) 'example_branch_dop_operator_v3' retrieved from /home/airflow/.local/lib/python3.8/site-packages/airflow/example_dags/example_branch_python_dop_operator_3.py
[2026-07-21T18:25:32.698+0000] {logging_mixin.py:188} INFO - [2026-07-21T18:25:32.697+0000] {dag.py:3036} INFO - Sync 1 DAGs
[2026-07-21T18:25:32.725+0000] {logging_mixin.py:188} INFO - [2026-07-21T18:25:32.725+0000] {dag.py:3823} INFO - Setting next_dagrun for example_branch_dop_operator_v3 to 2026-07-21 18:24:00+00:00, run_after=2026-07-21 18:25:00+00:00
[2026-07-21T18:25:32.746+0000] {processor.py:183} INFO - Processing /home/airflow/.local/lib/python3.8/site-packages/airflow/example_dags/example_branch_python_dop_operator_3.py took 0.089 seconds
[2026-07-21T18:26:03.377+0000] {processor.py:161} INFO - Started process (PID=1950) to work on /home/airflow/.local/lib/python3.8/site-packages/airflow/example_dags/example_branch_python_dop_operator_3.py
[2026-07-21T18:26:03.378+0000] {processor.py:830} INFO - Processing file /home/airflow/.local/lib/python3.8/site-packages/airflow/example_dags/example_branch_python_dop_operator_3.py for tasks to queue
[2026-07-21T18:26:03.381+0000] {logging_mixin.py:188} INFO - [2026-07-21T18:26:03.381+0000] {dagbag.py:538} INFO - Filling up the DagBag from /home/airflow/.local/lib/python3.8/site-packages/airflow/example_dags/example_branch_python_dop_operator_3.py
[2026-07-21T18:26:03.392+0000] {processor.py:840} INFO - DAG(s) 'example_branch_dop_operator_v3' retrieved from /home/airflow/.local/lib/python3.8/site-packages/airflow/example_dags/example_branch_python_dop_operator_3.py
[2026-07-21T18:26:03.419+0000] {logging_mixin.py:188} INFO - [2026-07-21T18:26:03.419+0000] {dag.py:3036} INFO - Sync 1 DAGs
[2026-07-21T18:26:03.451+0000] {logging_mixin.py:188} INFO - [2026-07-21T18:26:03.451+0000] {dag.py:3823} INFO - Setting next_dagrun for example_branch_dop_operator_v3 to 2026-07-21 18:25:00+00:00, run_after=2026-07-21 18:26:00+00:00
[2026-07-21T18:26:03.477+0000] {processor.py:183} INFO - Processing /home/airflow/.local/lib/python3.8/site-packages/airflow/example_dags/example_branch_python_dop_operator_3.py took 0.105 seconds
[2026-07-21T18:26:34.147+0000] {processor.py:161} INFO - Started process (PID=2006) to work on /home/airflow/.local/lib/python3.8/site-packages/airflow/example_dags/example_branch_python_dop_operator_3.py
[2026-07-21T18:26:34.148+0000] {processor.py:830} INFO - Processing file /home/airflow/.local/lib/python3.8/site-packages/airflow/example_dags/example_branch_python_dop_operator_3.py for tasks to queue
[2026-07-21T18:26:34.151+0000] {logging_mixin.py:188} INFO - [2026-07-21T18:26:34.150+0000] {dagbag.py:538} INFO - Filling up the DagBag from /home/airflow/.local/lib/python3.8/site-packages/airflow/example_dags/example_branch_python_dop_operator_3.py
[2026-07-21T18:26:34.161+0000] {processor.py:840} INFO - DAG(s) 'example_branch_dop_operator_v3' retrieved from /home/airflow/.local/lib/python3.8/site-packages/airflow/example_dags/example_branch_python_dop_operator_3.py
[2026-07-21T18:26:34.188+0000] {logging_mixin.py:188} INFO - [2026-07-21T18:26:34.188+0000] {dag.py:3036} INFO - Sync 1 DAGs
[2026-07-21T18:26:34.214+0000] {logging_mixin.py:188} INFO - [2026-07-21T18:26:34.213+0000] {dag.py:3823} INFO - Setting next_dagrun for example_branch_dop_operator_v3 to 2026-07-21 18:25:00+00:00, run_after=2026-07-21 18:26:00+00:00
[2026-07-21T18:26:34.235+0000] {processor.py:183} INFO - Processing /home/airflow/.local/lib/python3.8/site-packages/airflow/example_dags/example_branch_python_dop_operator_3.py took 0.092 seconds
[2026-07-21T18:27:04.562+0000] {processor.py:161} INFO - Started process (PID=2062) to work on /home/airflow/.local/lib/python3.8/site-packages/airflow/example_dags/example_branch_python_dop_operator_3.py
[2026-07-21T18:27:04.563+0000] {processor.py:830} INFO - Processing file /home/airflow/.local/lib/python3.8/site-packages/airflow/example_dags/example_branch_python_dop_operator_3.py for tasks to queue
[2026-07-21T18:27:04.565+0000] {logging_mixin.py:188} INFO - [2026-07-21T18:27:04.565+0000] {dagbag.py:538} INFO - Filling up the DagBag from /home/airflow/.local/lib/python3.8/site-packages/airflow/example_dags/example_branch_python_dop_operator_3.py
[2026-07-21T18:27:04.574+0000] {processor.py:840} INFO - DAG(s) 'example_branch_dop_operator_v3' retrieved from /home/airflow/.local/lib/python3.8/site-packages/airflow/example_dags/example_branch_python_dop_operator_3.py
[2026-07-21T18:27:04.596+0000] {logging_mixin.py:188} INFO - [2026-07-21T18:27:04.596+0000] {dag.py:3036} INFO - Sync 1 DAGs
[2026-07-21T18:27:04.620+0000] {logging_mixin.py:188} INFO - [2026-07-21T18:27:04.620+0000] {dag.py:3823} INFO - Setting next_dagrun for example_branch_dop_operator_v3 to 2026-07-21 18:26:00+00:00, run_after=2026-07-21 18:27:00+00:00
[2026-07-21T18:27:04.638+0000] {processor.py:183} INFO - Processing /home/airflow/.local/lib/python3.8/site-packages/airflow/example_dags/example_branch_python_dop_operator_3.py took 0.080 seconds
[2026-07-21T18:27:35.275+0000] {processor.py:161} INFO - Started process (PID=2118) to work on /home/airflow/.local/lib/python3.8/site-packages/airflow/example_dags/example_branch_python_dop_operator_3.py
[2026-07-21T18:27:35.276+0000] {processor.py:830} INFO - Processing file /home/airflow/.local/lib/python3.8/site-packages/airflow/example_dags/example_branch_python_dop_operator_3.py for tasks to queue
[2026-07-21T18:27:35.278+0000] {logging_mixin.py:188} INFO - [2026-07-21T18:27:35.278+0000] {dagbag.py:538} INFO - Filling up the DagBag from /home/airflow/.local/lib/python3.8/site-packages/airflow/example_dags/example_branch_python_dop_operator_3.py
[2026-07-21T18:27:35.288+0000] {processor.py:840} INFO - DAG(s) 'example_branch_dop_operator_v3' retrieved from /home/airflow/.local/lib/python3.8/site-packages/airflow/example_dags/example_branch_python_dop_operator_3.py
[2026-07-21T18:27:35.309+0000] {logging_mixin.py:188} INFO - [2026-07-21T18:27:35.309+0000] {dag.py:3036} INFO - Sync 1 DAGs
[2026-07-21T18:27:35.333+0000] {logging_mixin.py:188} INFO - [2026-07-21T18:27:35.333+0000] {dag.py:3823} INFO - Setting next_dagrun for example_branch_dop_operator_v3 to 2026-07-21 18:26:00+00:00, run_after=2026-07-21 18:27:00+00:00
[2026-07-21T18:27:35.351+0000] {processor.py:183} INFO - Processing /home/airflow/.local/lib/python3.8/site-packages/airflow/example_dags/example_branch_python_dop_operator_3.py took 0.081 seconds
[2026-07-21T18:28:05.885+0000] {processor.py:161} INFO - Started process (PID=2174) to work on /home/airflow/.local/lib/python3.8/site-packages/airflow/example_dags/example_branch_python_dop_operator_3.py
[2026-07-21T18:28:05.886+0000] {processor.py:830} INFO - Processing file /home/airflow/.local/lib/python3.8/site-packages/airflow/example_dags/example_branch_python_dop_operator_3.py for tasks to queue
[2026-07-21T18:28:05.888+0000] {logging_mixin.py:188} INFO - [2026-07-21T18:28:05.888+0000] {dagbag.py:538} INFO - Filling up the DagBag from /home/airflow/.local/lib/python3.8/site-packages/airflow/example_dags/example_branch_python_dop_operator_3.py
[2026-07-21T18:28:05.897+0000] {processor.py:840} INFO - DAG(s) 'example_branch_dop_operator_v3' retrieved from /home/airflow/.local/lib/python3.8/site-packages/airflow/example_dags/example_branch_python_dop_operator_3.py
[2026-07-21T18:28:05.919+0000] {logging_mixin.py:188} INFO - [2026-07-21T18:28:05.919+0000] {dag.py:3036} INFO - Sync 1 DAGs
[2026-07-21T18:28:05.942+0000] {logging_mixin.py:188} INFO - [2026-07-21T18:28:05.942+0000] {dag.py:3823} INFO - Setting next_dagrun for example_branch_dop_operator_v3 to 2026-07-21 18:27:00+00:00, run_after=2026-07-21 18:28:00+00:00
[2026-07-21T18:28:05.960+0000] {processor.py:183} INFO - Processing /home/airflow/.local/lib/python3.8/site-packages/airflow/example_dags/example_branch_python_dop_operator_3.py took 0.080 seconds
[2026-07-21T18:28:36.229+0000] {processor.py:161} INFO - Started process (PID=2230) to work on /home/airflow/.local/lib/python3.8/site-packages/airflow/example_dags/example_branch_python_dop_operator_3.py
[2026-07-21T18:28:36.230+0000] {processor.py:830} INFO - Processing file /home/airflow/.local/lib/python3.8/site-packages/airflow/example_dags/example_branch_python_dop_operator_3.py for tasks to queue
[2026-07-21T18:28:36.233+0000] {logging_mixin.py:188} INFO - [2026-07-21T18:28:36.232+0000] {dagbag.py:538} INFO - Filling up the DagBag from /home/airflow/.local/lib/python3.8/site-packages/airflow/example_dags/example_branch_python_dop_operator_3.py
[2026-07-21T18:28:36.243+0000] {processor.py:840} INFO - DAG(s) 'example_branch_dop_operator_v3' retrieved from /home/airflow/.local/lib/python3.8/site-packages/airflow/example_dags/example_branch_python_dop_operator_3.py
[2026-07-21T18:28:36.266+0000] {logging_mixin.py:188} INFO - [2026-07-21T18:28:36.265+0000] {dag.py:3036} INFO - Sync 1 DAGs
[2026-07-21T18:28:36.290+0000] {logging_mixin.py:188} INFO - [2026-07-21T18:28:36.289+0000] {dag.py:3823} INFO - Setting next_dagrun for example_branch_dop_operator_v3 to 2026-07-21 18:27:00+00:00, run_after=2026-07-21 18:28:00+00:00
[2026-07-21T18:28:36.312+0000] {processor.py:183} INFO - Processing /home/airflow/.local/lib/python3.8/site-packages/airflow/example_dags/example_branch_python_dop_operator_3.py took 0.086 seconds
[2026-07-21T18:29:06.528+0000] {processor.py:161} INFO - Started process (PID=2286) to work on /home/airflow/.local/lib/python3.8/site-packages/airflow/example_dags/example_branch_python_dop_operator_3.py
[2026-07-21T18:29:06.529+0000] {processor.py:830} INFO - Processing file /home/airflow/.local/lib/python3.8/site-packages/airflow/example_dags/example_branch_python_dop_operator_3.py for tasks to queue
[2026-07-21T18:29:06.531+0000] {logging_mixin.py:188} INFO - [2026-07-21T18:29:06.531+0000] {dagbag.py:538} INFO - Filling up the DagBag from /home/airflow/.local/lib/python3.8/site-packages/airflow/example_dags/example_branch_python_dop_operator_3.py
[2026-07-21T18:29:06.541+0000] {processor.py:840} INFO - DAG(s) 'example_branch_dop_operator_v3' retrieved from /home/airflow/.local/lib/python3.8/site-packages/airflow/example_dags/example_branch_python_dop_operator_3.py
[2026-07-21T18:29:06.566+0000] {logging_mixin.py:188} INFO - [2026-07-21T18:29:06.566+0000] {dag.py:3036} INFO - Sync 1 DAGs
[2026-07-21T18:29:06.591+0000] {logging_mixin.py:188} INFO - [2026-07-21T18:29:06.591+0000] {dag.py:3823} INFO - Setting next_dagrun for example_branch_dop_operator_v3 to 2026-07-21 18:28:00+00:00, run_after=2026-07-21 18:29:00+00:00
[2026-07-21T18:29:06.609+0000] {processor.py:183} INFO - Processing /home/airflow/.local/lib/python3.8/site-packages/airflow/example_dags/example_branch_python_dop_operator_3.py took 0.085 seconds
[2026-07-21T18:29:37.166+0000] {processor.py:161} INFO - Started process (PID=2342) to work on /home/airflow/.local/lib/python3.8/site-packages/airflow/example_dags/example_branch_python_dop_operator_3.py
[2026-07-21T18:29:37.167+0000] {processor.py:830} INFO - Processing file /home/airflow/.local/lib/python3.8/site-packages/airflow/example_dags/example_branch_python_dop_operator_3.py for tasks to queue
[2026-07-21T18:29:37.169+0000] {logging_mixin.py:188} INFO - [2026-07-21T18:29:37.169+0000] {dagbag.py:538} INFO - Filling up the DagBag from /home/airflow/.local/lib/python3.8/site-packages/airflow/example_dags/example_branch_python_dop_operator_3.py
[2026-07-21T18:29:37.178+0000] {processor.py:840} INFO - DAG(s) 'example_branch_dop_operator_v3' retrieved from /home/airflow/.local/lib/python3.8/site-packages/airflow/example_dags/example_branch_python_dop_operator_3.py
[2026-07-21T18:29:37.199+0000] {logging_mixin.py:188} INFO - [2026-07-21T18:29:37.199+0000] {dag.py:3036} INFO - Sync 1 DAGs
[2026-07-21T18:29:37.221+0000] {logging_mixin.py:188} INFO - [2026-07-21T18:29:37.221+0000] {dag.py:3823} INFO - Setting next_dagrun for example_branch_dop_operator_v3 to 2026-07-21 18:28:00+00:00, run_after=2026-07-21 18:29:00+00:00
[2026-07-21T18:29:37.240+0000] {processor.py:183} INFO - Processing /home/airflow/.local/lib/python3.8/site-packages/airflow/example_dags/example_branch_python_dop_operator_3.py took 0.078 seconds
[2026-07-21T18:30:07.639+0000] {processor.py:161} INFO - Started process (PID=2398) to work on /home/airflow/.local/lib/python3.8/site-packages/airflow/example_dags/example_branch_python_dop_operator_3.py
[2026-07-21T18:30:07.641+0000] {processor.py:830} INFO - Processing file /home/airflow/.local/lib/python3.8/site-packages/airflow/example_dags/example_branch_python_dop_operator_3.py for tasks to queue
[2026-07-21T18:30:07.643+0000] {logging_mixin.py:188} INFO - [2026-07-21T18:30:07.642+0000] {dagbag.py:538} INFO - Filling up the DagBag from /home/airflow/.local/lib/python3.8/site-packages/airflow/example_dags/example_branch_python_dop_operator_3.py
[2026-07-21T18:30:07.654+0000] {processor.py:840} INFO - DAG(s) 'example_branch_dop_operator_v3' retrieved from /home/airflow/.local/lib/python3.8/site-packages/airflow/example_dags/example_branch_python_dop_operator_3.py
[2026-07-21T18:30:07.678+0000] {logging_mixin.py:188} INFO - [2026-07-21T18:30:07.677+0000] {dag.py:3036} INFO - Sync 1 DAGs
[2026-07-21T18:30:07.703+0000] {logging_mixin.py:188} INFO - [2026-07-21T18:30:07.703+0000] {dag.py:3823} INFO - Setting next_dagrun for example_branch_dop_operator_v3 to 2026-07-21 18:29:00+00:00, run_after=2026-07-21 18:30:00+00:00
[2026-07-21T18:30:07.721+0000] {processor.py:183} INFO - Processing /home/airflow/.local/lib/python3.8/site-packages/airflow/example_dags/example_branch_python_dop_operator_3.py took 0.087 seconds
[2026-07-21T18:30:38.005+0000] {processor.py:161} INFO - Started process (PID=2454) to work on /home/airflow/.local/lib/python3.8/site-packages/airflow/example_dags/example_branch_python_dop_operator_3.py
[2026-07-21T18:30:38.006+0000] {processor.py:830} INFO - Processing file /home/airflow/.local/lib/python3.8/site-packages/airflow/example_dags/example_branch_python_dop_operator_3.py for tasks to queue
[2026-07-21T18:30:38.008+0000] {logging_mixin.py:188} INFO - [2026-07-21T18:30:38.008+0000] {dagbag.py:538} INFO - Filling up the DagBag from /home/airflow/.local/lib/python3.8/site-packages/airflow/example_dags/example_branch_python_dop_operator_3.py
[2026-07-21T18:30:38.018+0000] {processor.py:840} INFO - DAG(s) 'example_branch_dop_operator_v3' retrieved from /home/airflow/.local/lib/python3.8/site-packages/airflow/example_dags/example_branch_python_dop_operator_3.py
[2026-07-21T18:30:38.039+0000] {logging_mixin.py:188} INFO - [2026-07-21T18:30:38.039+0000] {dag.py:3036} INFO - Sync 1 DAGs
[2026-07-21T18:30:38.062+0000] {logging_mixin.py:188} INFO - [2026-07-21T18:30:38.062+0000] {dag.py:3823} INFO - Setting next_dagrun for example_branch_dop_operator_v3 to 2026-07-21 18:29:00+00:00, run_after=2026-07-21 18:30:00+00:00
[2026-07-21T18:30:38.082+0000] {processor.py:183} INFO - Processing /home/airflow/.local/lib/python3.8/site-packages/airflow/example_dags/example_branch_python_dop_operator_3.py took 0.082 seconds
[2026-07-21T18:31:08.410+0000] {processor.py:161} INFO - Started process (PID=2510) to work on /home/airflow/.local/lib/python3.8/site-packages/airflow/example_dags/example_branch_python_dop_operator_3.py
[2026-07-21T18:31:08.411+0000] {processor.py:830} INFO - Processing file /home/airflow/.local/lib/python3.8/site-packages/airflow/example_dags/example_branch_python_dop_operator_3.py for tasks to queue
[2026-07-21T18:31:08.413+0000] {logging_mixin.py:188} INFO - [2026-07-21T18:31:08.413+0000] {dagbag.py:538} INFO - Filling up the DagBag from /home/airflow/.local/lib/python3.8/site-packages/airflow/example_dags/example_branch_python_dop_operator_3.py
[2026-07-21T18:31:08.422+0000] {processor.py:840} INFO - DAG(s) 'example_branch_dop_operator_v3' retrieved from /home/airflow/.local/lib/python3.8/site-packages/airflow/example_dags/example_branch_python_dop_operator_3.py
[2026-07-21T18:31:08.443+0000] {logging_mixin.py:188} INFO - [2026-07-21T18:31:08.442+0000] {dag.py:3036} INFO - Sync 1 DAGs
[2026-07-21T18:31:08.469+0000] {logging_mixin.py:188} INFO - [2026-07-21T18:31:08.469+0000] {dag.py:3823} INFO - Setting next_dagrun for example_branch_dop_operator_v3 to 2026-07-21 18:30:00+00:00, run_after=2026-07-21 18:31:00+00:00
[2026-07-21T18:31:08.490+0000] {processor.py:183} INFO - Processing /home/airflow/.local/lib/python3.8/site-packages/airflow/example_dags/example_branch_python_dop_operator_3.py took 0.084 seconds
[2026-07-21T18:34:10.784+0000] {processor.py:161} INFO - Started process (PID=57) to work on /home/airflow/.local/lib/python3.10/site-packages/airflow/example_dags/example_branch_python_dop_operator_3.py
[2026-07-21T18:34:10.792+0000] {processor.py:830} INFO - Processing file /home/airflow/.local/lib/python3.10/site-packages/airflow/example_dags/example_branch_python_dop_operator_3.py for tasks to queue
[2026-07-21T18:34:10.805+0000] {logging_mixin.py:188} INFO - [2026-07-21T18:34:10.805+0000] {dagbag.py:538} INFO - Filling up the DagBag from /home/airflow/.local/lib/python3.10/site-packages/airflow/example_dags/example_branch_python_dop_operator_3.py
[2026-07-21T18:34:10.830+0000] {processor.py:840} INFO - DAG(s) 'example_branch_dop_operator_v3' retrieved from /home/airflow/.local/lib/python3.10/site-packages/airflow/example_dags/example_branch_python_dop_operator_3.py
[2026-07-21T18:34:10.869+0000] {logging_mixin.py:188} INFO - [2026-07-21T18:34:10.868+0000] {dag.py:3036} INFO - Sync 1 DAGs
[2026-07-21T18:34:10.974+0000] {logging_mixin.py:188} INFO - [2026-07-21T18:34:10.974+0000] {dag.py:3823} INFO - Setting next_dagrun for example_branch_dop_operator_v3 to 2026-07-21 18:33:00+00:00, run_after=2026-07-21 18:34:00+00:00
[2026-07-21T18:34:11.031+0000] {processor.py:183} INFO - Processing /home/airflow/.local/lib/python3.10/site-packages/airflow/example_dags/example_branch_python_dop_operator_3.py took 0.290 seconds
[2026-07-21T18:34:41.643+0000] {processor.py:161} INFO - Started process (PID=113) to work on /home/airflow/.local/lib/python3.10/site-packages/airflow/example_dags/example_branch_python_dop_operator_3.py
[2026-07-21T18:34:41.644+0000] {processor.py:830} INFO - Processing file /home/airflow/.local/lib/python3.10/site-packages/airflow/example_dags/example_branch_python_dop_operator_3.py for tasks to queue
[2026-07-21T18:34:41.647+0000] {logging_mixin.py:188} INFO - [2026-07-21T18:34:41.646+0000] {dagbag.py:538} INFO - Filling up the DagBag from /home/airflow/.local/lib/python3.10/site-packages/airflow/example_dags/example_branch_python_dop_operator_3.py
[2026-07-21T18:34:41.657+0000] {processor.py:840} INFO - DAG(s) 'example_branch_dop_operator_v3' retrieved from /home/airflow/.local/lib/python3.10/site-packages/airflow/example_dags/example_branch_python_dop_operator_3.py
[2026-07-21T18:34:41.762+0000] {logging_mixin.py:188} INFO - [2026-07-21T18:34:41.762+0000] {dag.py:3036} INFO - Sync 1 DAGs
[2026-07-21T18:34:41.785+0000] {logging_mixin.py:188} INFO - [2026-07-21T18:34:41.785+0000] {dag.py:3823} INFO - Setting next_dagrun for example_branch_dop_operator_v3 to 2026-07-21 18:33:00+00:00, run_after=2026-07-21 18:34:00+00:00
[2026-07-21T18:34:41.807+0000] {processor.py:183} INFO - Processing /home/airflow/.local/lib/python3.10/site-packages/airflow/example_dags/example_branch_python_dop_operator_3.py took 0.171 seconds
[2026-07-21T18:35:12.357+0000] {processor.py:161} INFO - Started process (PID=169) to work on /home/airflow/.local/lib/python3.10/site-packages/airflow/example_dags/example_branch_python_dop_operator_3.py
[2026-07-21T18:35:12.358+0000] {processor.py:830} INFO - Processing file /home/airflow/.local/lib/python3.10/site-packages/airflow/example_dags/example_branch_python_dop_operator_3.py for tasks to queue
[2026-07-21T18:35:12.360+0000] {logging_mixin.py:188} INFO - [2026-07-21T18:35:12.360+0000] {dagbag.py:538} INFO - Filling up the DagBag from /home/airflow/.local/lib/python3.10/site-packages/airflow/example_dags/example_branch_python_dop_operator_3.py
[2026-07-21T18:35:12.371+0000] {processor.py:840} INFO - DAG(s) 'example_branch_dop_operator_v3' retrieved from /home/airflow/.local/lib/python3.10/site-packages/airflow/example_dags/example_branch_python_dop_operator_3.py
[2026-07-21T18:35:12.393+0000] {logging_mixin.py:188} INFO - [2026-07-21T18:35:12.393+0000] {dag.py:3036} INFO - Sync 1 DAGs
[2026-07-21T18:35:12.419+0000] {logging_mixin.py:188} INFO - [2026-07-21T18:35:12.419+0000] {dag.py:3823} INFO - Setting next_dagrun for example_branch_dop_operator_v3 to 2026-07-21 18:34:00+00:00, run_after=2026-07-21 18:35:00+00:00
[2026-07-21T18:35:12.441+0000] {processor.py:183} INFO - Processing /home/airflow/.local/lib/python3.10/site-packages/airflow/example_dags/example_branch_python_dop_operator_3.py took 0.089 seconds
[2026-07-21T18:35:42.564+0000] {processor.py:161} INFO - Started process (PID=231) to work on /home/airflow/.local/lib/python3.10/site-packages/airflow/example_dags/example_branch_python_dop_operator_3.py
[2026-07-21T18:35:42.565+0000] {processor.py:830} INFO - Processing file /home/airflow/.local/lib/python3.10/site-packages/airflow/example_dags/example_branch_python_dop_operator_3.py for tasks to queue
[2026-07-21T18:35:42.567+0000] {logging_mixin.py:188} INFO - [2026-07-21T18:35:42.567+0000] {dagbag.py:538} INFO - Filling up the DagBag from /home/airflow/.local/lib/python3.10/site-packages/airflow/example_dags/example_branch_python_dop_operator_3.py
[2026-07-21T18:35:42.576+0000] {processor.py:840} INFO - DAG(s) 'example_branch_dop_operator_v3' retrieved from /home/airflow/.local/lib/python3.10/site-packages/airflow/example_dags/example_branch_python_dop_operator_3.py
[2026-07-21T18:35:42.597+0000] {logging_mixin.py:188} INFO - [2026-07-21T18:35:42.597+0000] {dag.py:3036} INFO - Sync 1 DAGs
[2026-07-21T18:35:42.619+0000] {logging_mixin.py:188} INFO - [2026-07-21T18:35:42.619+0000] {dag.py:3823} INFO - Setting next_dagrun for example_branch_dop_operator_v3 to 2026-07-21 18:34:00+00:00, run_after=2026-07-21 18:35:00+00:00
[2026-07-21T18:35:42.637+0000] {processor.py:183} INFO - Processing /home/airflow/.local/lib/python3.10/site-packages/airflow/example_dags/example_branch_python_dop_operator_3.py took 0.076 seconds
[2026-07-21T18:36:12.926+0000] {processor.py:161} INFO - Started process (PID=287) to work on /home/airflow/.local/lib/python3.10/site-packages/airflow/example_dags/example_branch_python_dop_operator_3.py
[2026-07-21T18:36:12.928+0000] {processor.py:830} INFO - Processing file /home/airflow/.local/lib/python3.10/site-packages/airflow/example_dags/example_branch_python_dop_operator_3.py for tasks to queue
[2026-07-21T18:36:12.931+0000] {logging_mixin.py:188} INFO - [2026-07-21T18:36:12.930+0000] {dagbag.py:538} INFO - Filling up the DagBag from /home/airflow/.local/lib/python3.10/site-packages/airflow/example_dags/example_branch_python_dop_operator_3.py
[2026-07-21T18:36:12.942+0000] {processor.py:840} INFO - DAG(s) 'example_branch_dop_operator_v3' retrieved from /home/airflow/.local/lib/python3.10/site-packages/airflow/example_dags/example_branch_python_dop_operator_3.py
[2026-07-21T18:36:12.965+0000] {logging_mixin.py:188} INFO - [2026-07-21T18:36:12.964+0000] {dag.py:3036} INFO - Sync 1 DAGs
[2026-07-21T18:36:12.998+0000] {logging_mixin.py:188} INFO - [2026-07-21T18:36:12.998+0000] {dag.py:3823} INFO - Setting next_dagrun for example_branch_dop_operator_v3 to 2026-07-21 18:35:00+00:00, run_after=2026-07-21 18:36:00+00:00
[2026-07-21T18:36:13.044+0000] {processor.py:183} INFO - Processing /home/airflow/.local/lib/python3.10/site-packages/airflow/example_dags/example_branch_python_dop_operator_3.py took 0.123 seconds
[2026-07-21T18:36:43.574+0000] {processor.py:161} INFO - Started process (PID=343) to work on /home/airflow/.local/lib/python3.10/site-packages/airflow/example_dags/example_branch_python_dop_operator_3.py
[2026-07-21T18:36:43.575+0000] {processor.py:830} INFO - Processing file /home/airflow/.local/lib/python3.10/site-packages/airflow/example_dags/example_branch_python_dop_operator_3.py for tasks to queue
[2026-07-21T18:36:43.578+0000] {logging_mixin.py:188} INFO - [2026-07-21T18:36:43.577+0000] {dagbag.py:538} INFO - Filling up the DagBag from /home/airflow/.local/lib/python3.10/site-packages/airflow/example_dags/example_branch_python_dop_operator_3.py
[2026-07-21T18:36:43.587+0000] {processor.py:840} INFO - DAG(s) 'example_branch_dop_operator_v3' retrieved from /home/airflow/.local/lib/python3.10/site-packages/airflow/example_dags/example_branch_python_dop_operator_3.py
[2026-07-21T18:36:43.608+0000] {logging_mixin.py:188} INFO - [2026-07-21T18:36:43.607+0000] {dag.py:3036} INFO - Sync 1 DAGs
[2026-07-21T18:36:43.629+0000] {logging_mixin.py:188} INFO - [2026-07-21T18:36:43.629+0000] {dag.py:3823} INFO - Setting next_dagrun for example_branch_dop_operator_v3 to 2026-07-21 18:35:00+00:00, run_after=2026-07-21 18:36:00+00:00
[2026-07-21T18:36:43.647+0000] {processor.py:183} INFO - Processing /home/airflow/.local/lib/python3.10/site-packages/airflow/example_dags/example_branch_python_dop_operator_3.py took 0.077 seconds
[2026-07-21T18:37:13.858+0000] {processor.py:161} INFO - Started process (PID=399) to work on /home/airflow/.local/lib/python3.10/site-packages/airflow/example_dags/example_branch_python_dop_operator_3.py
[2026-07-21T18:37:13.859+0000] {processor.py:830} INFO - Processing file /home/airflow/.local/lib/python3.10/site-packages/airflow/example_dags/example_branch_python_dop_operator_3.py for tasks to queue
[2026-07-21T18:37:13.862+0000] {logging_mixin.py:188} INFO - [2026-07-21T18:37:13.861+0000] {dagbag.py:538} INFO - Filling up the DagBag from /home/airflow/.local/lib/python3.10/site-packages/airflow/example_dags/example_branch_python_dop_operator_3.py
[2026-07-21T18:37:13.871+0000] {processor.py:840} INFO - DAG(s) 'example_branch_dop_operator_v3' retrieved from /home/airflow/.local/lib/python3.10/site-packages/airflow/example_dags/example_branch_python_dop_operator_3.py
[2026-07-21T18:37:13.892+0000] {logging_mixin.py:188} INFO - [2026-07-21T18:37:13.891+0000] {dag.py:3036} INFO - Sync 1 DAGs
[2026-07-21T18:37:13.916+0000] {logging_mixin.py:188} INFO - [2026-07-21T18:37:13.916+0000] {dag.py:3823} INFO - Setting next_dagrun for example_branch_dop_operator_v3 to 2026-07-21 18:36:00+00:00, run_after=2026-07-21 18:37:00+00:00
[2026-07-21T18:37:13.935+0000] {processor.py:183} INFO - Processing /home/airflow/.local/lib/python3.10/site-packages/airflow/example_dags/example_branch_python_dop_operator_3.py took 0.081 seconds
[2026-07-21T18:37:44.263+0000] {processor.py:161} INFO - Started process (PID=455) to work on /home/airflow/.local/lib/python3.10/site-packages/airflow/example_dags/example_branch_python_dop_operator_3.py
[2026-07-21T18:37:44.264+0000] {processor.py:830} INFO - Processing file /home/airflow/.local/lib/python3.10/site-packages/airflow/example_dags/example_branch_python_dop_operator_3.py for tasks to queue
[2026-07-21T18:37:44.267+0000] {logging_mixin.py:188} INFO - [2026-07-21T18:37:44.266+0000] {dagbag.py:538} INFO - Filling up the DagBag from /home/airflow/.local/lib/python3.10/site-packages/airflow/example_dags/example_branch_python_dop_operator_3.py
[2026-07-21T18:37:44.277+0000] {processor.py:840} INFO - DAG(s) 'example_branch_dop_operator_v3' retrieved from /home/airflow/.local/lib/python3.10/site-packages/airflow/example_dags/example_branch_python_dop_operator_3.py
[2026-07-21T18:37:44.299+0000] {logging_mixin.py:188} INFO - [2026-07-21T18:37:44.299+0000] {dag.py:3036} INFO - Sync 1 DAGs
[2026-07-21T18:37:44.320+0000] {logging_mixin.py:188} INFO - [2026-07-21T18:37:44.320+0000] {dag.py:3823} INFO - Setting next_dagrun for example_branch_dop_operator_v3 to 2026-07-21 18:36:00+00:00, run_after=2026-07-21 18:37:00+00:00
[2026-07-21T18:37:44.337+0000] {processor.py:183} INFO - Processing /home/airflow/.local/lib/python3.10/site-packages/airflow/example_dags/example_branch_python_dop_operator_3.py took 0.079 seconds
[2026-07-21T18:38:14.792+0000] {processor.py:161} INFO - Started process (PID=511) to work on /home/airflow/.local/lib/python3.10/site-packages/airflow/example_dags/example_branch_python_dop_operator_3.py
[2026-07-21T18:38:14.793+0000] {processor.py:830} INFO - Processing file /home/airflow/.local/lib/python3.10/site-packages/airflow/example_dags/example_branch_python_dop_operator_3.py for tasks to queue
[2026-07-21T18:38:14.796+0000] {logging_mixin.py:188} INFO - [2026-07-21T18:38:14.795+0000] {dagbag.py:538} INFO - Filling up the DagBag from /home/airflow/.local/lib/python3.10/site-packages/airflow/example_dags/example_branch_python_dop_operator_3.py
[2026-07-21T18:38:14.805+0000] {processor.py:840} INFO - DAG(s) 'example_branch_dop_operator_v3' retrieved from /home/airflow/.local/lib/python3.10/site-packages/airflow/example_dags/example_branch_python_dop_operator_3.py
[2026-07-21T18:38:14.826+0000] {logging_mixin.py:188} INFO - [2026-07-21T18:38:14.826+0000] {dag.py:3036} INFO - Sync 1 DAGs
[2026-07-21T18:38:14.848+0000] {logging_mixin.py:188} INFO - [2026-07-21T18:38:14.848+0000] {dag.py:3823} INFO - Setting next_dagrun for example_branch_dop_operator_v3 to 2026-07-21 18:37:00+00:00, run_after=2026-07-21 18:38:00+00:00
[2026-07-21T18:38:14.865+0000] {processor.py:183} INFO - Processing /home/airflow/.local/lib/python3.10/site-packages/airflow/example_dags/example_branch_python_dop_operator_3.py took 0.077 seconds
[2026-07-21T18:38:45.191+0000] {processor.py:161} INFO - Started process (PID=567) to work on /home/airflow/.local/lib/python3.10/site-packages/airflow/example_dags/example_branch_python_dop_operator_3.py
[2026-07-21T18:38:45.192+0000] {processor.py:830} INFO - Processing file /home/airflow/.local/lib/python3.10/site-packages/airflow/example_dags/example_branch_python_dop_operator_3.py for tasks to queue
[2026-07-21T18:38:45.195+0000] {logging_mixin.py:188} INFO - [2026-07-21T18:38:45.194+0000] {dagbag.py:538} INFO - Filling up the DagBag from /home/airflow/.local/lib/python3.10/site-packages/airflow/example_dags/example_branch_python_dop_operator_3.py
[2026-07-21T18:38:45.204+0000] {processor.py:840} INFO - DAG(s) 'example_branch_dop_operator_v3' retrieved from /home/airflow/.local/lib/python3.10/site-packages/airflow/example_dags/example_branch_python_dop_operator_3.py
[2026-07-21T18:38:45.224+0000] {logging_mixin.py:188} INFO - [2026-07-21T18:38:45.224+0000] {dag.py:3036} INFO - Sync 1 DAGs
[2026-07-21T18:38:45.245+0000] {logging_mixin.py:188} INFO - [2026-07-21T18:38:45.245+0000] {dag.py:3823} INFO - Setting next_dagrun for example_branch_dop_operator_v3 to 2026-07-21 18:37:00+00:00, run_after=2026-07-21 18:38:00+00:00
[2026-07-21T18:38:45.263+0000] {processor.py:183} INFO - Processing /home/airflow/.local/lib/python3.10/site-packages/airflow/example_dags/example_branch_python_dop_operator_3.py took 0.076 seconds
[2026-07-21T18:39:15.469+0000] {processor.py:161} INFO - Started process (PID=623) to work on /home/airflow/.local/lib/python3.10/site-packages/airflow/example_dags/example_branch_python_dop_operator_3.py
[2026-07-21T18:39:15.471+0000] {processor.py:830} INFO - Processing file /home/airflow/.local/lib/python3.10/site-packages/airflow/example_dags/example_branch_python_dop_operator_3.py for tasks to queue
[2026-07-21T18:39:15.473+0000] {logging_mixin.py:188} INFO - [2026-07-21T18:39:15.473+0000] {dagbag.py:538} INFO - Filling up the DagBag from /home/airflow/.local/lib/python3.10/site-packages/airflow/example_dags/example_branch_python_dop_operator_3.py
[2026-07-21T18:39:15.482+0000] {processor.py:840} INFO - DAG(s) 'example_branch_dop_operator_v3' retrieved from /home/airflow/.local/lib/python3.10/site-packages/airflow/example_dags/example_branch_python_dop_operator_3.py
[2026-07-21T18:39:15.505+0000] {logging_mixin.py:188} INFO - [2026-07-21T18:39:15.505+0000] {dag.py:3036} INFO - Sync 1 DAGs
[2026-07-21T18:39:15.529+0000] {logging_mixin.py:188} INFO - [2026-07-21T18:39:15.528+0000] {dag.py:3823} INFO - Setting next_dagrun for example_branch_dop_operator_v3 to 2026-07-21 18:38:00+00:00, run_after=2026-07-21 18:39:00+00:00
[2026-07-21T18:39:15.546+0000] {processor.py:183} INFO - Processing /home/airflow/.local/lib/python3.10/site-packages/airflow/example_dags/example_branch_python_dop_operator_3.py took 0.081 seconds
[2026-07-21T18:39:45.706+0000] {processor.py:161} INFO - Started process (PID=679) to work on /home/airflow/.local/lib/python3.10/site-packages/airflow/example_dags/example_branch_python_dop_operator_3.py
[2026-07-21T18:39:45.707+0000] {processor.py:830} INFO - Processing file /home/airflow/.local/lib/python3.10/site-packages/airflow/example_dags/example_branch_python_dop_operator_3.py for tasks to queue
[2026-07-21T18:39:45.710+0000] {logging_mixin.py:188} INFO - [2026-07-21T18:39:45.709+0000] {dagbag.py:538} INFO - Filling up the DagBag from /home/airflow/.local/lib/python3.10/site-packages/airflow/example_dags/example_branch_python_dop_operator_3.py
[2026-07-21T18:39:45.719+0000] {processor.py:840} INFO - DAG(s) 'example_branch_dop_operator_v3' retrieved from /home/airflow/.local/lib/python3.10/site-packages/airflow/example_dags/example_branch_python_dop_operator_3.py
[2026-07-21T18:39:45.739+0000] {logging_mixin.py:188} INFO - [2026-07-21T18:39:45.739+0000] {dag.py:3036} INFO - Sync 1 DAGs
[2026-07-21T18:39:45.762+0000] {logging_mixin.py:188} INFO - [2026-07-21T18:39:45.762+0000] {dag.py:3823} INFO - Setting next_dagrun for example_branch_dop_operator_v3 to 2026-07-21 18:38:00+00:00, run_after=2026-07-21 18:39:00+00:00
[2026-07-21T18:39:45.779+0000] {processor.py:183} INFO - Processing /home/airflow/.local/lib/python3.10/site-packages/airflow/example_dags/example_branch_python_dop_operator_3.py took 0.077 seconds
[2026-07-21T18:40:16.275+0000] {processor.py:161} INFO - Started process (PID=735) to work on /home/airflow/.local/lib/python3.10/site-packages/airflow/example_dags/example_branch_python_dop_operator_3.py
[2026-07-21T18:40:16.277+0000] {processor.py:830} INFO - Processing file /home/airflow/.local/lib/python3.10/site-packages/airflow/example_dags/example_branch_python_dop_operator_3.py for tasks to queue
[2026-07-21T18:40:16.279+0000] {logging_mixin.py:188} INFO - [2026-07-21T18:40:16.279+0000] {dagbag.py:538} INFO - Filling up the DagBag from /home/airflow/.local/lib/python3.10/site-packages/airflow/example_dags/example_branch_python_dop_operator_3.py
[2026-07-21T18:40:16.288+0000] {processor.py:840} INFO - DAG(s) 'example_branch_dop_operator_v3' retrieved from /home/airflow/.local/lib/python3.10/site-packages/airflow/example_dags/example_branch_python_dop_operator_3.py
[2026-07-21T18:40:16.310+0000] {logging_mixin.py:188} INFO - [2026-07-21T18:40:16.309+0000] {dag.py:3036} INFO - Sync 1 DAGs
[2026-07-21T18:40:16.331+0000] {logging_mixin.py:188} INFO - [2026-07-21T18:40:16.330+0000] {dag.py:3823} INFO - Setting next_dagrun for example_branch_dop_operator_v3 to 2026-07-21 18:39:00+00:00, run_after=2026-07-21 18:40:00+00:00
[2026-07-21T18:40:16.349+0000] {processor.py:183} INFO - Processing /home/airflow/.local/lib/python3.10/site-packages/airflow/example_dags/example_branch_python_dop_operator_3.py took 0.077 seconds
[2026-07-21T18:40:46.420+0000] {processor.py:161} INFO - Started process (PID=791) to work on /home/airflow/.local/lib/python3.10/site-packages/airflow/example_dags/example_branch_python_dop_operator_3.py
[2026-07-21T18:40:46.421+0000] {processor.py:830} INFO - Processing file /home/airflow/.local/lib/python3.10/site-packages/airflow/example_dags/example_branch_python_dop_operator_3.py for tasks to queue
[2026-07-21T18:40:46.424+0000] {logging_mixin.py:188} INFO - [2026-07-21T18:40:46.423+0000] {dagbag.py:538} INFO - Filling up the DagBag from /home/airflow/.local/lib/python3.10/site-packages/airflow/example_dags/example_branch_python_dop_operator_3.py
[2026-07-21T18:40:46.433+0000] {processor.py:840} INFO - DAG(s) 'example_branch_dop_operator_v3' retrieved from /home/airflow/.local/lib/python3.10/site-packages/airflow/example_dags/example_branch_python_dop_operator_3.py
[2026-07-21T18:40:46.453+0000] {logging_mixin.py:188} INFO - [2026-07-21T18:40:46.453+0000] {dag.py:3036} INFO - Sync 1 DAGs
[2026-07-21T18:40:46.475+0000] {logging_mixin.py:188} INFO - [2026-07-21T18:40:46.475+0000] {dag.py:3823} INFO - Setting next_dagrun for example_branch_dop_operator_v3 to 2026-07-21 18:39:00+00:00, run_after=2026-07-21 18:40:00+00:00
[2026-07-21T18:40:46.492+0000] {processor.py:183} INFO - Processing /home/airflow/.local/lib/python3.10/site-packages/airflow/example_dags/example_branch_python_dop_operator_3.py took 0.076 seconds
[2026-07-21T18:41:16.885+0000] {processor.py:161} INFO - Started process (PID=847) to work on /home/airflow/.local/lib/python3.10/site-packages/airflow/example_dags/example_branch_python_dop_operator_3.py
[2026-07-21T18:41:16.887+0000] {processor.py:830} INFO - Processing file /home/airflow/.local/lib/python3.10/site-packages/airflow/example_dags/example_branch_python_dop_operator_3.py for tasks to queue
[2026-07-21T18:41:16.889+0000] {logging_mixin.py:188} INFO - [2026-07-21T18:41:16.889+0000] {dagbag.py:538} INFO - Filling up the DagBag from /home/airflow/.local/lib/python3.10/site-packages/airflow/example_dags/example_branch_python_dop_operator_3.py
[2026-07-21T18:41:16.898+0000] {processor.py:840} INFO - DAG(s) 'example_branch_dop_operator_v3' retrieved from /home/airflow/.local/lib/python3.10/site-packages/airflow/example_dags/example_branch_python_dop_operator_3.py
[2026-07-21T18:41:16.918+0000] {logging_mixin.py:188} INFO - [2026-07-21T18:41:16.918+0000] {dag.py:3036} INFO - Sync 1 DAGs
[2026-07-21T18:41:16.940+0000] {logging_mixin.py:188} INFO - [2026-07-21T18:41:16.940+0000] {dag.py:3823} INFO - Setting next_dagrun for example_branch_dop_operator_v3 to 2026-07-21 18:40:00+00:00, run_after=2026-07-21 18:41:00+00:00
[2026-07-21T18:41:16.958+0000] {processor.py:183} INFO - Processing /home/airflow/.local/lib/python3.10/site-packages/airflow/example_dags/example_branch_python_dop_operator_3.py took 0.076 seconds
[2026-07-21T18:41:47.128+0000] {processor.py:161} INFO - Started process (PID=903) to work on /home/airflow/.local/lib/python3.10/site-packages/airflow/example_dags/example_branch_python_dop_operator_3.py
[2026-07-21T18:41:47.129+0000] {processor.py:830} INFO - Processing file /home/airflow/.local/lib/python3.10/site-packages/airflow/example_dags/example_branch_python_dop_operator_3.py for tasks to queue
[2026-07-21T18:41:47.132+0000] {logging_mixin.py:188} INFO - [2026-07-21T18:41:47.131+0000] {dagbag.py:538} INFO - Filling up the DagBag from /home/airflow/.local/lib/python3.10/site-packages/airflow/example_dags/example_branch_python_dop_operator_3.py
[2026-07-21T18:41:47.141+0000] {processor.py:840} INFO - DAG(s) 'example_branch_dop_operator_v3' retrieved from /home/airflow/.local/lib/python3.10/site-packages/airflow/example_dags/example_branch_python_dop_operator_3.py
[2026-07-21T18:41:47.164+0000] {logging_mixin.py:188} INFO - [2026-07-21T18:41:47.164+0000] {dag.py:3036} INFO - Sync 1 DAGs
[2026-07-21T18:41:47.188+0000] {logging_mixin.py:188} INFO - [2026-07-21T18:41:47.187+0000] {dag.py:3823} INFO - Setting next_dagrun for example_branch_dop_operator_v3 to 2026-07-21 18:40:00+00:00, run_after=2026-07-21 18:41:00+00:00
[2026-07-21T18:41:47.208+0000] {processor.py:183} INFO - Processing /home/airflow/.local/lib/python3.10/site-packages/airflow/example_dags/example_branch_python_dop_operator_3.py took 0.084 seconds
[2026-07-21T18:42:17.382+0000] {processor.py:161} INFO - Started process (PID=959) to work on /home/airflow/.local/lib/python3.10/site-packages/airflow/example_dags/example_branch_python_dop_operator_3.py
[2026-07-21T18:42:17.383+0000] {processor.py:830} INFO - Processing file /home/airflow/.local/lib/python3.10/site-packages/airflow/example_dags/example_branch_python_dop_operator_3.py for tasks to queue
[2026-07-21T18:42:17.385+0000] {logging_mixin.py:188} INFO - [2026-07-21T18:42:17.385+0000] {dagbag.py:538} INFO - Filling up the DagBag from /home/airflow/.local/lib/python3.10/site-packages/airflow/example_dags/example_branch_python_dop_operator_3.py
[2026-07-21T18:42:17.394+0000] {processor.py:840} INFO - DAG(s) 'example_branch_dop_operator_v3' retrieved from /home/airflow/.local/lib/python3.10/site-packages/airflow/example_dags/example_branch_python_dop_operator_3.py
[2026-07-21T18:42:17.416+0000] {logging_mixin.py:188} INFO - [2026-07-21T18:42:17.416+0000] {dag.py:3036} INFO - Sync 1 DAGs
[2026-07-21T18:42:17.439+0000] {logging_mixin.py:188} INFO - [2026-07-21T18:42:17.439+0000] {dag.py:3823} INFO - Setting next_dagrun for example_branch_dop_operator_v3 to 2026-07-21 18:41:00+00:00, run_after=2026-07-21 18:42:00+00:00
[2026-07-21T18:42:17.457+0000] {processor.py:183} INFO - Processing /home/airflow/.local/lib/python3.10/site-packages/airflow/example_dags/example_branch_python_dop_operator_3.py took 0.079 seconds
[2026-07-21T18:42:47.665+0000] {processor.py:161} INFO - Started process (PID=1016) to work on /home/airflow/.local/lib/python3.10/site-packages/airflow/example_dags/example_branch_python_dop_operator_3.py
[2026-07-21T18:42:47.666+0000] {processor.py:830} INFO - Processing file /home/airflow/.local/lib/python3.10/site-packages/airflow/example_dags/example_branch_python_dop_operator_3.py for tasks to queue
[2026-07-21T18:42:47.668+0000] {logging_mixin.py:188} INFO - [2026-07-21T18:42:47.668+0000] {dagbag.py:538} INFO - Filling up the DagBag from /home/airflow/.local/lib/python3.10/site-packages/airflow/example_dags/example_branch_python_dop_operator_3.py
[2026-07-21T18:42:47.677+0000] {processor.py:840} INFO - DAG(s) 'example_branch_dop_operator_v3' retrieved from /home/airflow/.local/lib/python3.10/site-packages/airflow/example_dags/example_branch_python_dop_operator_3.py
[2026-07-21T18:42:47.698+0000] {logging_mixin.py:188} INFO - [2026-07-21T18:42:47.698+0000] {dag.py:3036} INFO - Sync 1 DAGs
[2026-07-21T18:42:47.720+0000] {logging_mixin.py:188} INFO - [2026-07-21T18:42:47.720+0000] {dag.py:3823} INFO - Setting next_dagrun for example_branch_dop_operator_v3 to 2026-07-21 18:41:00+00:00, run_after=2026-07-21 18:42:00+00:00
[2026-07-21T18:42:47.737+0000] {processor.py:183} INFO - Processing /home/airflow/.local/lib/python3.10/site-packages/airflow/example_dags/example_branch_python_dop_operator_3.py took 0.076 seconds
[2026-07-21T18:43:18.144+0000] {processor.py:161} INFO - Started process (PID=1072) to work on /home/airflow/.local/lib/python3.10/site-packages/airflow/example_dags/example_branch_python_dop_operator_3.py
[2026-07-21T18:43:18.145+0000] {processor.py:830} INFO - Processing file /home/airflow/.local/lib/python3.10/site-packages/airflow/example_dags/example_branch_python_dop_operator_3.py for tasks to queue
[2026-07-21T18:43:18.149+0000] {logging_mixin.py:188} INFO - [2026-07-21T18:43:18.148+0000] {dagbag.py:538} INFO - Filling up the DagBag from /home/airflow/.local/lib/python3.10/site-packages/airflow/example_dags/example_branch_python_dop_operator_3.py
[2026-07-21T18:43:18.159+0000] {processor.py:840} INFO - DAG(s) 'example_branch_dop_operator_v3' retrieved from /home/airflow/.local/lib/python3.10/site-packages/airflow/example_dags/example_branch_python_dop_operator_3.py
[2026-07-21T18:43:18.181+0000] {logging_mixin.py:188} INFO - [2026-07-21T18:43:18.180+0000] {dag.py:3036} INFO - Sync 1 DAGs
[2026-07-21T18:43:18.205+0000] {logging_mixin.py:188} INFO - [2026-07-21T18:43:18.205+0000] {dag.py:3823} INFO - Setting next_dagrun for example_branch_dop_operator_v3 to 2026-07-21 18:42:00+00:00, run_after=2026-07-21 18:43:00+00:00
[2026-07-21T18:43:18.225+0000] {processor.py:183} INFO - Processing /home/airflow/.local/lib/python3.10/site-packages/airflow/example_dags/example_branch_python_dop_operator_3.py took 0.085 seconds
[2026-07-21T18:43:48.557+0000] {processor.py:161} INFO - Started process (PID=1128) to work on /home/airflow/.local/lib/python3.10/site-packages/airflow/example_dags/example_branch_python_dop_operator_3.py
[2026-07-21T18:43:48.558+0000] {processor.py:830} INFO - Processing file /home/airflow/.local/lib/python3.10/site-packages/airflow/example_dags/example_branch_python_dop_operator_3.py for tasks to queue
[2026-07-21T18:43:48.561+0000] {logging_mixin.py:188} INFO - [2026-07-21T18:43:48.561+0000] {dagbag.py:538} INFO - Filling up the DagBag from /home/airflow/.local/lib/python3.10/site-packages/airflow/example_dags/example_branch_python_dop_operator_3.py
[2026-07-21T18:43:48.570+0000] {processor.py:840} INFO - DAG(s) 'example_branch_dop_operator_v3' retrieved from /home/airflow/.local/lib/python3.10/site-packages/airflow/example_dags/example_branch_python_dop_operator_3.py
[2026-07-21T18:43:48.591+0000] {logging_mixin.py:188} INFO - [2026-07-21T18:43:48.591+0000] {dag.py:3036} INFO - Sync 1 DAGs
[2026-07-21T18:43:48.612+0000] {logging_mixin.py:188} INFO - [2026-07-21T18:43:48.612+0000] {dag.py:3823} INFO - Setting next_dagrun for example_branch_dop_operator_v3 to 2026-07-21 18:42:00+00:00, run_after=2026-07-21 18:43:00+00:00
[2026-07-21T18:43:48.630+0000] {processor.py:183} INFO - Processing /home/airflow/.local/lib/python3.10/site-packages/airflow/example_dags/example_branch_python_dop_operator_3.py took 0.076 seconds
[2026-07-21T18:44:18.951+0000] {processor.py:161} INFO - Started process (PID=1184) to work on /home/airflow/.local/lib/python3.10/site-packages/airflow/example_dags/example_branch_python_dop_operator_3.py
[2026-07-21T18:44:18.952+0000] {processor.py:830} INFO - Processing file /home/airflow/.local/lib/python3.10/site-packages/airflow/example_dags/example_branch_python_dop_operator_3.py for tasks to queue
[2026-07-21T18:44:18.955+0000] {logging_mixin.py:188} INFO - [2026-07-21T18:44:18.955+0000] {dagbag.py:538} INFO - Filling up the DagBag from /home/airflow/.local/lib/python3.10/site-packages/airflow/example_dags/example_branch_python_dop_operator_3.py
[2026-07-21T18:44:18.966+0000] {processor.py:840} INFO - DAG(s) 'example_branch_dop_operator_v3' retrieved from /home/airflow/.local/lib/python3.10/site-packages/airflow/example_dags/example_branch_python_dop_operator_3.py
[2026-07-21T18:44:18.988+0000] {logging_mixin.py:188} INFO - [2026-07-21T18:44:18.988+0000] {dag.py:3036} INFO - Sync 1 DAGs
[2026-07-21T18:44:19.009+0000] {logging_mixin.py:188} INFO - [2026-07-21T18:44:19.009+0000] {dag.py:3823} INFO - Setting next_dagrun for example_branch_dop_operator_v3 to 2026-07-21 18:43:00+00:00, run_after=2026-07-21 18:44:00+00:00
[2026-07-21T18:44:19.026+0000] {processor.py:183} INFO - Processing /home/airflow/.local/lib/python3.10/site-packages/airflow/example_dags/example_branch_python_dop_operator_3.py took 0.080 seconds
[2026-07-21T18:44:49.267+0000] {processor.py:161} INFO - Started process (PID=1240) to work on /home/airflow/.local/lib/python3.10/site-packages/airflow/example_dags/example_branch_python_dop_operator_3.py
[2026-07-21T18:44:49.268+0000] {processor.py:830} INFO - Processing file /home/airflow/.local/lib/python3.10/site-packages/airflow/example_dags/example_branch_python_dop_operator_3.py for tasks to queue
[2026-07-21T18:44:49.270+0000] {logging_mixin.py:188} INFO - [2026-07-21T18:44:49.270+0000] {dagbag.py:538} INFO - Filling up the DagBag from /home/airflow/.local/lib/python3.10/site-packages/airflow/example_dags/example_branch_python_dop_operator_3.py
[2026-07-21T18:44:49.280+0000] {processor.py:840} INFO - DAG(s) 'example_branch_dop_operator_v3' retrieved from /home/airflow/.local/lib/python3.10/site-packages/airflow/example_dags/example_branch_python_dop_operator_3.py
[2026-07-21T18:44:49.300+0000] {logging_mixin.py:188} INFO - [2026-07-21T18:44:49.300+0000] {dag.py:3036} INFO - Sync 1 DAGs
[2026-07-21T18:44:49.321+0000] {logging_mixin.py:188} INFO - [2026-07-21T18:44:49.321+0000] {dag.py:3823} INFO - Setting next_dagrun for example_branch_dop_operator_v3 to 2026-07-21 18:43:00+00:00, run_after=2026-07-21 18:44:00+00:00
[2026-07-21T18:44:49.338+0000] {processor.py:183} INFO - Processing /home/airflow/.local/lib/python3.10/site-packages/airflow/example_dags/example_branch_python_dop_operator_3.py took 0.074 seconds
[2026-07-21T18:45:19.557+0000] {processor.py:161} INFO - Started process (PID=1296) to work on /home/airflow/.local/lib/python3.10/site-packages/airflow/example_dags/example_branch_python_dop_operator_3.py
[2026-07-21T18:45:19.558+0000] {processor.py:830} INFO - Processing file /home/airflow/.local/lib/python3.10/site-packages/airflow/example_dags/example_branch_python_dop_operator_3.py for tasks to queue
[2026-07-21T18:45:19.560+0000] {logging_mixin.py:188} INFO - [2026-07-21T18:45:19.560+0000] {dagbag.py:538} INFO - Filling up the DagBag from /home/airflow/.local/lib/python3.10/site-packages/airflow/example_dags/example_branch_python_dop_operator_3.py
[2026-07-21T18:45:19.569+0000] {processor.py:840} INFO - DAG(s) 'example_branch_dop_operator_v3' retrieved from /home/airflow/.local/lib/python3.10/site-packages/airflow/example_dags/example_branch_python_dop_operator_3.py
[2026-07-21T18:45:19.590+0000] {logging_mixin.py:188} INFO - [2026-07-21T18:45:19.590+0000] {dag.py:3036} INFO - Sync 1 DAGs
[2026-07-21T18:45:19.613+0000] {logging_mixin.py:188} INFO - [2026-07-21T18:45:19.613+0000] {dag.py:3823} INFO - Setting next_dagrun for example_branch_dop_operator_v3 to 2026-07-21 18:44:00+00:00, run_after=2026-07-21 18:45:00+00:00
[2026-07-21T18:45:19.631+0000] {processor.py:183} INFO - Processing /home/airflow/.local/lib/python3.10/site-packages/airflow/example_dags/example_branch_python_dop_operator_3.py took 0.077 seconds
[2026-07-21T18:45:50.078+0000] {processor.py:161} INFO - Started process (PID=1352) to work on /home/airflow/.local/lib/python3.10/site-packages/airflow/example_dags/example_branch_python_dop_operator_3.py
[2026-07-21T18:45:50.079+0000] {processor.py:830} INFO - Processing file /home/airflow/.local/lib/python3.10/site-packages/airflow/example_dags/example_branch_python_dop_operator_3.py for tasks to queue
[2026-07-21T18:45:50.082+0000] {logging_mixin.py:188} INFO - [2026-07-21T18:45:50.081+0000] {dagbag.py:538} INFO - Filling up the DagBag from /home/airflow/.local/lib/python3.10/site-packages/airflow/example_dags/example_branch_python_dop_operator_3.py
[2026-07-21T18:45:50.092+0000] {processor.py:840} INFO - DAG(s) 'example_branch_dop_operator_v3' retrieved from /home/airflow/.local/lib/python3.10/site-packages/airflow/example_dags/example_branch_python_dop_operator_3.py
[2026-07-21T18:45:50.114+0000] {logging_mixin.py:188} INFO - [2026-07-21T18:45:50.113+0000] {dag.py:3036} INFO - Sync 1 DAGs
[2026-07-21T18:45:50.135+0000] {logging_mixin.py:188} INFO - [2026-07-21T18:45:50.135+0000] {dag.py:3823} INFO - Setting next_dagrun for example_branch_dop_operator_v3 to 2026-07-21 18:44:00+00:00, run_after=2026-07-21 18:45:00+00:00
[2026-07-21T18:45:50.152+0000] {processor.py:183} INFO - Processing /home/airflow/.local/lib/python3.10/site-packages/airflow/example_dags/example_branch_python_dop_operator_3.py took 0.077 seconds
[2026-07-21T18:46:20.276+0000] {processor.py:161} INFO - Started process (PID=1408) to work on /home/airflow/.local/lib/python3.10/site-packages/airflow/example_dags/example_branch_python_dop_operator_3.py
[2026-07-21T18:46:20.277+0000] {processor.py:830} INFO - Processing file /home/airflow/.local/lib/python3.10/site-packages/airflow/example_dags/example_branch_python_dop_operator_3.py for tasks to queue
[2026-07-21T18:46:20.279+0000] {logging_mixin.py:188} INFO - [2026-07-21T18:46:20.279+0000] {dagbag.py:538} INFO - Filling up the DagBag from /home/airflow/.local/lib/python3.10/site-packages/airflow/example_dags/example_branch_python_dop_operator_3.py
[2026-07-21T18:46:20.288+0000] {processor.py:840} INFO - DAG(s) 'example_branch_dop_operator_v3' retrieved from /home/airflow/.local/lib/python3.10/site-packages/airflow/example_dags/example_branch_python_dop_operator_3.py
[2026-07-21T18:46:20.307+0000] {logging_mixin.py:188} INFO - [2026-07-21T18:46:20.307+0000] {dag.py:3036} INFO - Sync 1 DAGs
[2026-07-21T18:46:20.329+0000] {logging_mixin.py:188} INFO - [2026-07-21T18:46:20.328+0000] {dag.py:3823} INFO - Setting next_dagrun for example_branch_dop_operator_v3 to 2026-07-21 18:45:00+00:00, run_after=2026-07-21 18:46:00+00:00
[2026-07-21T18:46:20.346+0000] {processor.py:183} INFO - Processing /home/airflow/.local/lib/python3.10/site-packages/airflow/example_dags/example_branch_python_dop_operator_3.py took 0.074 seconds
[2026-07-21T18:46:50.556+0000] {processor.py:161} INFO - Started process (PID=1464) to work on /home/airflow/.local/lib/python3.10/site-packages/airflow/example_dags/example_branch_python_dop_operator_3.py
[2026-07-21T18:46:50.559+0000] {processor.py:830} INFO - Processing file /home/airflow/.local/lib/python3.10/site-packages/airflow/example_dags/example_branch_python_dop_operator_3.py for tasks to queue
[2026-07-21T18:46:50.562+0000] {logging_mixin.py:188} INFO - [2026-07-21T18:46:50.561+0000] {dagbag.py:538} INFO - Filling up the DagBag from /home/airflow/.local/lib/python3.10/site-packages/airflow/example_dags/example_branch_python_dop_operator_3.py
[2026-07-21T18:46:50.576+0000] {processor.py:840} INFO - DAG(s) 'example_branch_dop_operator_v3' retrieved from /home/airflow/.local/lib/python3.10/site-packages/airflow/example_dags/example_branch_python_dop_operator_3.py
[2026-07-21T18:46:50.609+0000] {logging_mixin.py:188} INFO - [2026-07-21T18:46:50.608+0000] {dag.py:3036} INFO - Sync 1 DAGs
[2026-07-21T18:46:50.645+0000] {logging_mixin.py:188} INFO - [2026-07-21T18:46:50.645+0000] {dag.py:3823} INFO - Setting next_dagrun for example_branch_dop_operator_v3 to 2026-07-21 18:45:00+00:00, run_after=2026-07-21 18:46:00+00:00
[2026-07-21T18:46:50.667+0000] {processor.py:183} INFO - Processing /home/airflow/.local/lib/python3.10/site-packages/airflow/example_dags/example_branch_python_dop_operator_3.py took 0.117 seconds
[2026-07-21T18:47:20.833+0000] {processor.py:161} INFO - Started process (PID=1520) to work on /home/airflow/.local/lib/python3.10/site-packages/airflow/example_dags/example_branch_python_dop_operator_3.py
[2026-07-21T18:47:20.834+0000] {processor.py:830} INFO - Processing file /home/airflow/.local/lib/python3.10/site-packages/airflow/example_dags/example_branch_python_dop_operator_3.py for tasks to queue
[2026-07-21T18:47:20.836+0000] {logging_mixin.py:188} INFO - [2026-07-21T18:47:20.836+0000] {dagbag.py:538} INFO - Filling up the DagBag from /home/airflow/.local/lib/python3.10/site-packages/airflow/example_dags/example_branch_python_dop_operator_3.py
[2026-07-21T18:47:20.846+0000] {processor.py:840} INFO - DAG(s) 'example_branch_dop_operator_v3' retrieved from /home/airflow/.local/lib/python3.10/site-packages/airflow/example_dags/example_branch_python_dop_operator_3.py
[2026-07-21T18:47:20.867+0000] {logging_mixin.py:188} INFO - [2026-07-21T18:47:20.867+0000] {dag.py:3036} INFO - Sync 1 DAGs
[2026-07-21T18:47:20.890+0000] {logging_mixin.py:188} INFO - [2026-07-21T18:47:20.890+0000] {dag.py:3823} INFO - Setting next_dagrun for example_branch_dop_operator_v3 to 2026-07-21 18:46:00+00:00, run_after=2026-07-21 18:47:00+00:00
[2026-07-21T18:47:20.907+0000] {processor.py:183} INFO - Processing /home/airflow/.local/lib/python3.10/site-packages/airflow/example_dags/example_branch_python_dop_operator_3.py took 0.078 seconds
[2026-07-21T18:47:51.648+0000] {processor.py:161} INFO - Started process (PID=1576) to work on /home/airflow/.local/lib/python3.10/site-packages/airflow/example_dags/example_branch_python_dop_operator_3.py
[2026-07-21T18:47:51.649+0000] {processor.py:830} INFO - Processing file /home/airflow/.local/lib/python3.10/site-packages/airflow/example_dags/example_branch_python_dop_operator_3.py for tasks to queue
[2026-07-21T18:47:51.652+0000] {logging_mixin.py:188} INFO - [2026-07-21T18:47:51.651+0000] {dagbag.py:538} INFO - Filling up the DagBag from /home/airflow/.local/lib/python3.10/site-packages/airflow/example_dags/example_branch_python_dop_operator_3.py
[2026-07-21T18:47:51.661+0000] {processor.py:840} INFO - DAG(s) 'example_branch_dop_operator_v3' retrieved from /home/airflow/.local/lib/python3.10/site-packages/airflow/example_dags/example_branch_python_dop_operator_3.py
[2026-07-21T18:47:51.685+0000] {logging_mixin.py:188} INFO - [2026-07-21T18:47:51.684+0000] {dag.py:3036} INFO - Sync 1 DAGs
[2026-07-21T18:47:51.709+0000] {logging_mixin.py:188} INFO - [2026-07-21T18:47:51.708+0000] {dag.py:3823} INFO - Setting next_dagrun for example_branch_dop_operator_v3 to 2026-07-21 18:46:00+00:00, run_after=2026-07-21 18:47:00+00:00
[2026-07-21T18:47:51.727+0000] {processor.py:183} INFO - Processing /home/airflow/.local/lib/python3.10/site-packages/airflow/example_dags/example_branch_python_dop_operator_3.py took 0.083 seconds
[2026-07-21T18:48:22.324+0000] {processor.py:161} INFO - Started process (PID=1632) to work on /home/airflow/.local/lib/python3.10/site-packages/airflow/example_dags/example_branch_python_dop_operator_3.py
[2026-07-21T18:48:22.325+0000] {processor.py:830} INFO - Processing file /home/airflow/.local/lib/python3.10/site-packages/airflow/example_dags/example_branch_python_dop_operator_3.py for tasks to queue
[2026-07-21T18:48:22.327+0000] {logging_mixin.py:188} INFO - [2026-07-21T18:48:22.327+0000] {dagbag.py:538} INFO - Filling up the DagBag from /home/airflow/.local/lib/python3.10/site-packages/airflow/example_dags/example_branch_python_dop_operator_3.py
[2026-07-21T18:48:22.336+0000] {processor.py:840} INFO - DAG(s) 'example_branch_dop_operator_v3' retrieved from /home/airflow/.local/lib/python3.10/site-packages/airflow/example_dags/example_branch_python_dop_operator_3.py
[2026-07-21T18:48:22.360+0000] {logging_mixin.py:188} INFO - [2026-07-21T18:48:22.359+0000] {dag.py:3036} INFO - Sync 1 DAGs
[2026-07-21T18:48:22.383+0000] {logging_mixin.py:188} INFO - [2026-07-21T18:48:22.383+0000] {dag.py:3823} INFO - Setting next_dagrun for example_branch_dop_operator_v3 to 2026-07-21 18:47:00+00:00, run_after=2026-07-21 18:48:00+00:00
[2026-07-21T18:48:22.403+0000] {processor.py:183} INFO - Processing /home/airflow/.local/lib/python3.10/site-packages/airflow/example_dags/example_branch_python_dop_operator_3.py took 0.083 seconds
