[2026-07-21T17:56:33.365+0000] {processor.py:161} INFO - Started process (PID=105) to work on /home/airflow/.local/lib/python3.8/site-packages/airflow/example_dags/example_params_trigger_ui.py
[2026-07-21T17:56:33.367+0000] {processor.py:830} INFO - Processing file /home/airflow/.local/lib/python3.8/site-packages/airflow/example_dags/example_params_trigger_ui.py for tasks to queue
[2026-07-21T17:56:33.371+0000] {logging_mixin.py:188} INFO - [2026-07-21T17:56:33.370+0000] {dagbag.py:538} INFO - Filling up the DagBag from /home/airflow/.local/lib/python3.8/site-packages/airflow/example_dags/example_params_trigger_ui.py
[2026-07-21T17:56:33.399+0000] {processor.py:840} INFO - DAG(s) 'example_params_trigger_ui' retrieved from /home/airflow/.local/lib/python3.8/site-packages/airflow/example_dags/example_params_trigger_ui.py
[2026-07-21T17:56:33.684+0000] {logging_mixin.py:188} INFO - [2026-07-21T17:56:33.683+0000] {dag.py:3036} INFO - Sync 1 DAGs
[2026-07-21T17:56:33.726+0000] {logging_mixin.py:188} INFO - [2026-07-21T17:56:33.726+0000] {dag.py:3823} INFO - Setting next_dagrun for example_params_trigger_ui to None, run_after=None
[2026-07-21T17:56:33.781+0000] {processor.py:183} INFO - Processing /home/airflow/.local/lib/python3.8/site-packages/airflow/example_dags/example_params_trigger_ui.py took 0.422 seconds
[2026-07-21T17:57:04.778+0000] {processor.py:161} INFO - Started process (PID=161) to work on /home/airflow/.local/lib/python3.8/site-packages/airflow/example_dags/example_params_trigger_ui.py
[2026-07-21T17:57:04.784+0000] {processor.py:830} INFO - Processing file /home/airflow/.local/lib/python3.8/site-packages/airflow/example_dags/example_params_trigger_ui.py for tasks to queue
[2026-07-21T17:57:04.798+0000] {logging_mixin.py:188} INFO - [2026-07-21T17:57:04.796+0000] {dagbag.py:538} INFO - Filling up the DagBag from /home/airflow/.local/lib/python3.8/site-packages/airflow/example_dags/example_params_trigger_ui.py
[2026-07-21T17:57:04.856+0000] {processor.py:840} INFO - DAG(s) 'example_params_trigger_ui' retrieved from /home/airflow/.local/lib/python3.8/site-packages/airflow/example_dags/example_params_trigger_ui.py
[2026-07-21T17:57:04.975+0000] {logging_mixin.py:188} INFO - [2026-07-21T17:57:04.975+0000] {dag.py:3036} INFO - Sync 1 DAGs
[2026-07-21T17:57:05.018+0000] {logging_mixin.py:188} INFO - [2026-07-21T17:57:05.018+0000] {dag.py:3823} INFO - Setting next_dagrun for example_params_trigger_ui to None, run_after=None
[2026-07-21T17:57:05.062+0000] {processor.py:183} INFO - Processing /home/airflow/.local/lib/python3.8/site-packages/airflow/example_dags/example_params_trigger_ui.py took 0.309 seconds
[2026-07-21T17:57:35.196+0000] {processor.py:161} INFO - Started process (PID=216) to work on /home/airflow/.local/lib/python3.8/site-packages/airflow/example_dags/example_params_trigger_ui.py
[2026-07-21T17:57:35.198+0000] {processor.py:830} INFO - Processing file /home/airflow/.local/lib/python3.8/site-packages/airflow/example_dags/example_params_trigger_ui.py for tasks to queue
[2026-07-21T17:57:35.200+0000] {logging_mixin.py:188} INFO - [2026-07-21T17:57:35.200+0000] {dagbag.py:538} INFO - Filling up the DagBag from /home/airflow/.local/lib/python3.8/site-packages/airflow/example_dags/example_params_trigger_ui.py
[2026-07-21T17:57:35.217+0000] {processor.py:840} INFO - DAG(s) 'example_params_trigger_ui' retrieved from /home/airflow/.local/lib/python3.8/site-packages/airflow/example_dags/example_params_trigger_ui.py
[2026-07-21T17:57:35.276+0000] {logging_mixin.py:188} INFO - [2026-07-21T17:57:35.275+0000] {dag.py:3036} INFO - Sync 1 DAGs
[2026-07-21T17:57:35.291+0000] {logging_mixin.py:188} INFO - [2026-07-21T17:57:35.290+0000] {dag.py:3823} INFO - Setting next_dagrun for example_params_trigger_ui to None, run_after=None
[2026-07-21T17:57:35.313+0000] {processor.py:183} INFO - Processing /home/airflow/.local/lib/python3.8/site-packages/airflow/example_dags/example_params_trigger_ui.py took 0.122 seconds
[2026-07-21T17:58:05.357+0000] {processor.py:161} INFO - Started process (PID=272) to work on /home/airflow/.local/lib/python3.8/site-packages/airflow/example_dags/example_params_trigger_ui.py
[2026-07-21T17:58:05.359+0000] {processor.py:830} INFO - Processing file /home/airflow/.local/lib/python3.8/site-packages/airflow/example_dags/example_params_trigger_ui.py for tasks to queue
[2026-07-21T17:58:05.361+0000] {logging_mixin.py:188} INFO - [2026-07-21T17:58:05.361+0000] {dagbag.py:538} INFO - Filling up the DagBag from /home/airflow/.local/lib/python3.8/site-packages/airflow/example_dags/example_params_trigger_ui.py
[2026-07-21T17:58:05.374+0000] {processor.py:840} INFO - DAG(s) 'example_params_trigger_ui' retrieved from /home/airflow/.local/lib/python3.8/site-packages/airflow/example_dags/example_params_trigger_ui.py
[2026-07-21T17:58:05.420+0000] {logging_mixin.py:188} INFO - [2026-07-21T17:58:05.420+0000] {dag.py:3036} INFO - Sync 1 DAGs
[2026-07-21T17:58:05.431+0000] {logging_mixin.py:188} INFO - [2026-07-21T17:58:05.431+0000] {dag.py:3823} INFO - Setting next_dagrun for example_params_trigger_ui to None, run_after=None
[2026-07-21T17:58:05.458+0000] {processor.py:183} INFO - Processing /home/airflow/.local/lib/python3.8/site-packages/airflow/example_dags/example_params_trigger_ui.py took 0.104 seconds
[2026-07-21T17:58:35.784+0000] {processor.py:161} INFO - Started process (PID=328) to work on /home/airflow/.local/lib/python3.8/site-packages/airflow/example_dags/example_params_trigger_ui.py
[2026-07-21T17:58:35.785+0000] {processor.py:830} INFO - Processing file /home/airflow/.local/lib/python3.8/site-packages/airflow/example_dags/example_params_trigger_ui.py for tasks to queue
[2026-07-21T17:58:35.787+0000] {logging_mixin.py:188} INFO - [2026-07-21T17:58:35.787+0000] {dagbag.py:538} INFO - Filling up the DagBag from /home/airflow/.local/lib/python3.8/site-packages/airflow/example_dags/example_params_trigger_ui.py
[2026-07-21T17:58:35.799+0000] {processor.py:840} INFO - DAG(s) 'example_params_trigger_ui' retrieved from /home/airflow/.local/lib/python3.8/site-packages/airflow/example_dags/example_params_trigger_ui.py
[2026-07-21T17:58:35.844+0000] {logging_mixin.py:188} INFO - [2026-07-21T17:58:35.844+0000] {dag.py:3036} INFO - Sync 1 DAGs
[2026-07-21T17:58:35.855+0000] {logging_mixin.py:188} INFO - [2026-07-21T17:58:35.855+0000] {dag.py:3823} INFO - Setting next_dagrun for example_params_trigger_ui to None, run_after=None
[2026-07-21T17:58:35.872+0000] {processor.py:183} INFO - Processing /home/airflow/.local/lib/python3.8/site-packages/airflow/example_dags/example_params_trigger_ui.py took 0.092 seconds
[2026-07-21T17:59:06.127+0000] {processor.py:161} INFO - Started process (PID=384) to work on /home/airflow/.local/lib/python3.8/site-packages/airflow/example_dags/example_params_trigger_ui.py
[2026-07-21T17:59:06.128+0000] {processor.py:830} INFO - Processing file /home/airflow/.local/lib/python3.8/site-packages/airflow/example_dags/example_params_trigger_ui.py for tasks to queue
[2026-07-21T17:59:06.130+0000] {logging_mixin.py:188} INFO - [2026-07-21T17:59:06.130+0000] {dagbag.py:538} INFO - Filling up the DagBag from /home/airflow/.local/lib/python3.8/site-packages/airflow/example_dags/example_params_trigger_ui.py
[2026-07-21T17:59:06.143+0000] {processor.py:840} INFO - DAG(s) 'example_params_trigger_ui' retrieved from /home/airflow/.local/lib/python3.8/site-packages/airflow/example_dags/example_params_trigger_ui.py
[2026-07-21T17:59:06.188+0000] {logging_mixin.py:188} INFO - [2026-07-21T17:59:06.188+0000] {dag.py:3036} INFO - Sync 1 DAGs
[2026-07-21T17:59:06.198+0000] {logging_mixin.py:188} INFO - [2026-07-21T17:59:06.198+0000] {dag.py:3823} INFO - Setting next_dagrun for example_params_trigger_ui to None, run_after=None
[2026-07-21T17:59:06.217+0000] {processor.py:183} INFO - Processing /home/airflow/.local/lib/python3.8/site-packages/airflow/example_dags/example_params_trigger_ui.py took 0.093 seconds
[2026-07-21T17:59:36.294+0000] {processor.py:161} INFO - Started process (PID=440) to work on /home/airflow/.local/lib/python3.8/site-packages/airflow/example_dags/example_params_trigger_ui.py
[2026-07-21T17:59:36.295+0000] {processor.py:830} INFO - Processing file /home/airflow/.local/lib/python3.8/site-packages/airflow/example_dags/example_params_trigger_ui.py for tasks to queue
[2026-07-21T17:59:36.297+0000] {logging_mixin.py:188} INFO - [2026-07-21T17:59:36.297+0000] {dagbag.py:538} INFO - Filling up the DagBag from /home/airflow/.local/lib/python3.8/site-packages/airflow/example_dags/example_params_trigger_ui.py
[2026-07-21T17:59:36.310+0000] {processor.py:840} INFO - DAG(s) 'example_params_trigger_ui' retrieved from /home/airflow/.local/lib/python3.8/site-packages/airflow/example_dags/example_params_trigger_ui.py
[2026-07-21T17:59:36.361+0000] {logging_mixin.py:188} INFO - [2026-07-21T17:59:36.361+0000] {dag.py:3036} INFO - Sync 1 DAGs
[2026-07-21T17:59:36.380+0000] {logging_mixin.py:188} INFO - [2026-07-21T17:59:36.380+0000] {dag.py:3823} INFO - Setting next_dagrun for example_params_trigger_ui to None, run_after=None
[2026-07-21T17:59:36.441+0000] {processor.py:183} INFO - Processing /home/airflow/.local/lib/python3.8/site-packages/airflow/example_dags/example_params_trigger_ui.py took 0.150 seconds
[2026-07-21T18:00:06.565+0000] {processor.py:161} INFO - Started process (PID=496) to work on /home/airflow/.local/lib/python3.8/site-packages/airflow/example_dags/example_params_trigger_ui.py
[2026-07-21T18:00:06.566+0000] {processor.py:830} INFO - Processing file /home/airflow/.local/lib/python3.8/site-packages/airflow/example_dags/example_params_trigger_ui.py for tasks to queue
[2026-07-21T18:00:06.568+0000] {logging_mixin.py:188} INFO - [2026-07-21T18:00:06.568+0000] {dagbag.py:538} INFO - Filling up the DagBag from /home/airflow/.local/lib/python3.8/site-packages/airflow/example_dags/example_params_trigger_ui.py
[2026-07-21T18:00:06.581+0000] {processor.py:840} INFO - DAG(s) 'example_params_trigger_ui' retrieved from /home/airflow/.local/lib/python3.8/site-packages/airflow/example_dags/example_params_trigger_ui.py
[2026-07-21T18:00:06.626+0000] {logging_mixin.py:188} INFO - [2026-07-21T18:00:06.626+0000] {dag.py:3036} INFO - Sync 1 DAGs
[2026-07-21T18:00:06.639+0000] {logging_mixin.py:188} INFO - [2026-07-21T18:00:06.639+0000] {dag.py:3823} INFO - Setting next_dagrun for example_params_trigger_ui to None, run_after=None
[2026-07-21T18:00:06.658+0000] {processor.py:183} INFO - Processing /home/airflow/.local/lib/python3.8/site-packages/airflow/example_dags/example_params_trigger_ui.py took 0.097 seconds
[2026-07-21T18:00:37.087+0000] {processor.py:161} INFO - Started process (PID=552) to work on /home/airflow/.local/lib/python3.8/site-packages/airflow/example_dags/example_params_trigger_ui.py
[2026-07-21T18:00:37.088+0000] {processor.py:830} INFO - Processing file /home/airflow/.local/lib/python3.8/site-packages/airflow/example_dags/example_params_trigger_ui.py for tasks to queue
[2026-07-21T18:00:37.090+0000] {logging_mixin.py:188} INFO - [2026-07-21T18:00:37.090+0000] {dagbag.py:538} INFO - Filling up the DagBag from /home/airflow/.local/lib/python3.8/site-packages/airflow/example_dags/example_params_trigger_ui.py
[2026-07-21T18:00:37.104+0000] {processor.py:840} INFO - DAG(s) 'example_params_trigger_ui' retrieved from /home/airflow/.local/lib/python3.8/site-packages/airflow/example_dags/example_params_trigger_ui.py
[2026-07-21T18:00:37.152+0000] {logging_mixin.py:188} INFO - [2026-07-21T18:00:37.152+0000] {dag.py:3036} INFO - Sync 1 DAGs
[2026-07-21T18:00:37.164+0000] {logging_mixin.py:188} INFO - [2026-07-21T18:00:37.164+0000] {dag.py:3823} INFO - Setting next_dagrun for example_params_trigger_ui to None, run_after=None
[2026-07-21T18:00:37.185+0000] {processor.py:183} INFO - Processing /home/airflow/.local/lib/python3.8/site-packages/airflow/example_dags/example_params_trigger_ui.py took 0.102 seconds
[2026-07-21T18:01:07.267+0000] {processor.py:161} INFO - Started process (PID=609) to work on /home/airflow/.local/lib/python3.8/site-packages/airflow/example_dags/example_params_trigger_ui.py
[2026-07-21T18:01:07.268+0000] {processor.py:830} INFO - Processing file /home/airflow/.local/lib/python3.8/site-packages/airflow/example_dags/example_params_trigger_ui.py for tasks to queue
[2026-07-21T18:01:07.270+0000] {logging_mixin.py:188} INFO - [2026-07-21T18:01:07.270+0000] {dagbag.py:538} INFO - Filling up the DagBag from /home/airflow/.local/lib/python3.8/site-packages/airflow/example_dags/example_params_trigger_ui.py
[2026-07-21T18:01:07.282+0000] {processor.py:840} INFO - DAG(s) 'example_params_trigger_ui' retrieved from /home/airflow/.local/lib/python3.8/site-packages/airflow/example_dags/example_params_trigger_ui.py
[2026-07-21T18:01:07.328+0000] {logging_mixin.py:188} INFO - [2026-07-21T18:01:07.327+0000] {dag.py:3036} INFO - Sync 1 DAGs
[2026-07-21T18:01:07.341+0000] {logging_mixin.py:188} INFO - [2026-07-21T18:01:07.340+0000] {dag.py:3823} INFO - Setting next_dagrun for example_params_trigger_ui to None, run_after=None
[2026-07-21T18:01:07.360+0000] {processor.py:183} INFO - Processing /home/airflow/.local/lib/python3.8/site-packages/airflow/example_dags/example_params_trigger_ui.py took 0.097 seconds
[2026-07-21T18:01:37.832+0000] {processor.py:161} INFO - Started process (PID=665) to work on /home/airflow/.local/lib/python3.8/site-packages/airflow/example_dags/example_params_trigger_ui.py
[2026-07-21T18:01:37.833+0000] {processor.py:830} INFO - Processing file /home/airflow/.local/lib/python3.8/site-packages/airflow/example_dags/example_params_trigger_ui.py for tasks to queue
[2026-07-21T18:01:37.836+0000] {logging_mixin.py:188} INFO - [2026-07-21T18:01:37.835+0000] {dagbag.py:538} INFO - Filling up the DagBag from /home/airflow/.local/lib/python3.8/site-packages/airflow/example_dags/example_params_trigger_ui.py
[2026-07-21T18:01:37.849+0000] {processor.py:840} INFO - DAG(s) 'example_params_trigger_ui' retrieved from /home/airflow/.local/lib/python3.8/site-packages/airflow/example_dags/example_params_trigger_ui.py
[2026-07-21T18:01:37.893+0000] {logging_mixin.py:188} INFO - [2026-07-21T18:01:37.892+0000] {dag.py:3036} INFO - Sync 1 DAGs
[2026-07-21T18:01:37.904+0000] {logging_mixin.py:188} INFO - [2026-07-21T18:01:37.904+0000] {dag.py:3823} INFO - Setting next_dagrun for example_params_trigger_ui to None, run_after=None
[2026-07-21T18:01:37.922+0000] {processor.py:183} INFO - Processing /home/airflow/.local/lib/python3.8/site-packages/airflow/example_dags/example_params_trigger_ui.py took 0.093 seconds
[2026-07-21T18:02:08.043+0000] {processor.py:161} INFO - Started process (PID=721) to work on /home/airflow/.local/lib/python3.8/site-packages/airflow/example_dags/example_params_trigger_ui.py
[2026-07-21T18:02:08.044+0000] {processor.py:830} INFO - Processing file /home/airflow/.local/lib/python3.8/site-packages/airflow/example_dags/example_params_trigger_ui.py for tasks to queue
[2026-07-21T18:02:08.047+0000] {logging_mixin.py:188} INFO - [2026-07-21T18:02:08.047+0000] {dagbag.py:538} INFO - Filling up the DagBag from /home/airflow/.local/lib/python3.8/site-packages/airflow/example_dags/example_params_trigger_ui.py
[2026-07-21T18:02:08.062+0000] {processor.py:840} INFO - DAG(s) 'example_params_trigger_ui' retrieved from /home/airflow/.local/lib/python3.8/site-packages/airflow/example_dags/example_params_trigger_ui.py
[2026-07-21T18:02:08.107+0000] {logging_mixin.py:188} INFO - [2026-07-21T18:02:08.107+0000] {dag.py:3036} INFO - Sync 1 DAGs
[2026-07-21T18:02:08.118+0000] {logging_mixin.py:188} INFO - [2026-07-21T18:02:08.118+0000] {dag.py:3823} INFO - Setting next_dagrun for example_params_trigger_ui to None, run_after=None
[2026-07-21T18:02:08.138+0000] {processor.py:183} INFO - Processing /home/airflow/.local/lib/python3.8/site-packages/airflow/example_dags/example_params_trigger_ui.py took 0.100 seconds
[2026-07-21T18:02:38.437+0000] {processor.py:161} INFO - Started process (PID=777) to work on /home/airflow/.local/lib/python3.8/site-packages/airflow/example_dags/example_params_trigger_ui.py
[2026-07-21T18:02:38.438+0000] {processor.py:830} INFO - Processing file /home/airflow/.local/lib/python3.8/site-packages/airflow/example_dags/example_params_trigger_ui.py for tasks to queue
[2026-07-21T18:02:38.441+0000] {logging_mixin.py:188} INFO - [2026-07-21T18:02:38.440+0000] {dagbag.py:538} INFO - Filling up the DagBag from /home/airflow/.local/lib/python3.8/site-packages/airflow/example_dags/example_params_trigger_ui.py
[2026-07-21T18:02:38.453+0000] {processor.py:840} INFO - DAG(s) 'example_params_trigger_ui' retrieved from /home/airflow/.local/lib/python3.8/site-packages/airflow/example_dags/example_params_trigger_ui.py
[2026-07-21T18:02:38.500+0000] {logging_mixin.py:188} INFO - [2026-07-21T18:02:38.500+0000] {dag.py:3036} INFO - Sync 1 DAGs
[2026-07-21T18:02:38.512+0000] {logging_mixin.py:188} INFO - [2026-07-21T18:02:38.512+0000] {dag.py:3823} INFO - Setting next_dagrun for example_params_trigger_ui to None, run_after=None
[2026-07-21T18:02:38.533+0000] {processor.py:183} INFO - Processing /home/airflow/.local/lib/python3.8/site-packages/airflow/example_dags/example_params_trigger_ui.py took 0.099 seconds
[2026-07-21T18:03:08.695+0000] {processor.py:161} INFO - Started process (PID=833) to work on /home/airflow/.local/lib/python3.8/site-packages/airflow/example_dags/example_params_trigger_ui.py
[2026-07-21T18:03:08.697+0000] {processor.py:830} INFO - Processing file /home/airflow/.local/lib/python3.8/site-packages/airflow/example_dags/example_params_trigger_ui.py for tasks to queue
[2026-07-21T18:03:08.699+0000] {logging_mixin.py:188} INFO - [2026-07-21T18:03:08.698+0000] {dagbag.py:538} INFO - Filling up the DagBag from /home/airflow/.local/lib/python3.8/site-packages/airflow/example_dags/example_params_trigger_ui.py
[2026-07-21T18:03:08.712+0000] {processor.py:840} INFO - DAG(s) 'example_params_trigger_ui' retrieved from /home/airflow/.local/lib/python3.8/site-packages/airflow/example_dags/example_params_trigger_ui.py
[2026-07-21T18:03:08.758+0000] {logging_mixin.py:188} INFO - [2026-07-21T18:03:08.758+0000] {dag.py:3036} INFO - Sync 1 DAGs
[2026-07-21T18:03:08.769+0000] {logging_mixin.py:188} INFO - [2026-07-21T18:03:08.769+0000] {dag.py:3823} INFO - Setting next_dagrun for example_params_trigger_ui to None, run_after=None
[2026-07-21T18:03:08.789+0000] {processor.py:183} INFO - Processing /home/airflow/.local/lib/python3.8/site-packages/airflow/example_dags/example_params_trigger_ui.py took 0.097 seconds
[2026-07-21T18:03:39.047+0000] {processor.py:161} INFO - Started process (PID=889) to work on /home/airflow/.local/lib/python3.8/site-packages/airflow/example_dags/example_params_trigger_ui.py
[2026-07-21T18:03:39.048+0000] {processor.py:830} INFO - Processing file /home/airflow/.local/lib/python3.8/site-packages/airflow/example_dags/example_params_trigger_ui.py for tasks to queue
[2026-07-21T18:03:39.050+0000] {logging_mixin.py:188} INFO - [2026-07-21T18:03:39.050+0000] {dagbag.py:538} INFO - Filling up the DagBag from /home/airflow/.local/lib/python3.8/site-packages/airflow/example_dags/example_params_trigger_ui.py
[2026-07-21T18:03:39.063+0000] {processor.py:840} INFO - DAG(s) 'example_params_trigger_ui' retrieved from /home/airflow/.local/lib/python3.8/site-packages/airflow/example_dags/example_params_trigger_ui.py
[2026-07-21T18:03:39.108+0000] {logging_mixin.py:188} INFO - [2026-07-21T18:03:39.107+0000] {dag.py:3036} INFO - Sync 1 DAGs
[2026-07-21T18:03:39.118+0000] {logging_mixin.py:188} INFO - [2026-07-21T18:03:39.118+0000] {dag.py:3823} INFO - Setting next_dagrun for example_params_trigger_ui to None, run_after=None
[2026-07-21T18:03:39.136+0000] {processor.py:183} INFO - Processing /home/airflow/.local/lib/python3.8/site-packages/airflow/example_dags/example_params_trigger_ui.py took 0.093 seconds
[2026-07-21T18:04:09.527+0000] {processor.py:161} INFO - Started process (PID=945) to work on /home/airflow/.local/lib/python3.8/site-packages/airflow/example_dags/example_params_trigger_ui.py
[2026-07-21T18:04:09.529+0000] {processor.py:830} INFO - Processing file /home/airflow/.local/lib/python3.8/site-packages/airflow/example_dags/example_params_trigger_ui.py for tasks to queue
[2026-07-21T18:04:09.531+0000] {logging_mixin.py:188} INFO - [2026-07-21T18:04:09.531+0000] {dagbag.py:538} INFO - Filling up the DagBag from /home/airflow/.local/lib/python3.8/site-packages/airflow/example_dags/example_params_trigger_ui.py
[2026-07-21T18:04:09.544+0000] {processor.py:840} INFO - DAG(s) 'example_params_trigger_ui' retrieved from /home/airflow/.local/lib/python3.8/site-packages/airflow/example_dags/example_params_trigger_ui.py
[2026-07-21T18:04:09.589+0000] {logging_mixin.py:188} INFO - [2026-07-21T18:04:09.588+0000] {dag.py:3036} INFO - Sync 1 DAGs
[2026-07-21T18:04:09.600+0000] {logging_mixin.py:188} INFO - [2026-07-21T18:04:09.599+0000] {dag.py:3823} INFO - Setting next_dagrun for example_params_trigger_ui to None, run_after=None
[2026-07-21T18:04:09.618+0000] {processor.py:183} INFO - Processing /home/airflow/.local/lib/python3.8/site-packages/airflow/example_dags/example_params_trigger_ui.py took 0.095 seconds
[2026-07-21T18:04:39.782+0000] {processor.py:161} INFO - Started process (PID=1001) to work on /home/airflow/.local/lib/python3.8/site-packages/airflow/example_dags/example_params_trigger_ui.py
[2026-07-21T18:04:39.783+0000] {processor.py:830} INFO - Processing file /home/airflow/.local/lib/python3.8/site-packages/airflow/example_dags/example_params_trigger_ui.py for tasks to queue
[2026-07-21T18:04:39.785+0000] {logging_mixin.py:188} INFO - [2026-07-21T18:04:39.785+0000] {dagbag.py:538} INFO - Filling up the DagBag from /home/airflow/.local/lib/python3.8/site-packages/airflow/example_dags/example_params_trigger_ui.py
[2026-07-21T18:04:39.797+0000] {processor.py:840} INFO - DAG(s) 'example_params_trigger_ui' retrieved from /home/airflow/.local/lib/python3.8/site-packages/airflow/example_dags/example_params_trigger_ui.py
[2026-07-21T18:04:39.842+0000] {logging_mixin.py:188} INFO - [2026-07-21T18:04:39.842+0000] {dag.py:3036} INFO - Sync 1 DAGs
[2026-07-21T18:04:39.854+0000] {logging_mixin.py:188} INFO - [2026-07-21T18:04:39.853+0000] {dag.py:3823} INFO - Setting next_dagrun for example_params_trigger_ui to None, run_after=None
[2026-07-21T18:04:39.871+0000] {processor.py:183} INFO - Processing /home/airflow/.local/lib/python3.8/site-packages/airflow/example_dags/example_params_trigger_ui.py took 0.093 seconds
[2026-07-21T18:05:10.291+0000] {processor.py:161} INFO - Started process (PID=1057) to work on /home/airflow/.local/lib/python3.8/site-packages/airflow/example_dags/example_params_trigger_ui.py
[2026-07-21T18:05:10.292+0000] {processor.py:830} INFO - Processing file /home/airflow/.local/lib/python3.8/site-packages/airflow/example_dags/example_params_trigger_ui.py for tasks to queue
[2026-07-21T18:05:10.294+0000] {logging_mixin.py:188} INFO - [2026-07-21T18:05:10.294+0000] {dagbag.py:538} INFO - Filling up the DagBag from /home/airflow/.local/lib/python3.8/site-packages/airflow/example_dags/example_params_trigger_ui.py
[2026-07-21T18:05:10.308+0000] {processor.py:840} INFO - DAG(s) 'example_params_trigger_ui' retrieved from /home/airflow/.local/lib/python3.8/site-packages/airflow/example_dags/example_params_trigger_ui.py
[2026-07-21T18:05:10.352+0000] {logging_mixin.py:188} INFO - [2026-07-21T18:05:10.352+0000] {dag.py:3036} INFO - Sync 1 DAGs
[2026-07-21T18:05:10.363+0000] {logging_mixin.py:188} INFO - [2026-07-21T18:05:10.363+0000] {dag.py:3823} INFO - Setting next_dagrun for example_params_trigger_ui to None, run_after=None
[2026-07-21T18:05:10.382+0000] {processor.py:183} INFO - Processing /home/airflow/.local/lib/python3.8/site-packages/airflow/example_dags/example_params_trigger_ui.py took 0.095 seconds
[2026-07-21T18:05:40.859+0000] {processor.py:161} INFO - Started process (PID=1113) to work on /home/airflow/.local/lib/python3.8/site-packages/airflow/example_dags/example_params_trigger_ui.py
[2026-07-21T18:05:40.861+0000] {processor.py:830} INFO - Processing file /home/airflow/.local/lib/python3.8/site-packages/airflow/example_dags/example_params_trigger_ui.py for tasks to queue
[2026-07-21T18:05:40.865+0000] {logging_mixin.py:188} INFO - [2026-07-21T18:05:40.865+0000] {dagbag.py:538} INFO - Filling up the DagBag from /home/airflow/.local/lib/python3.8/site-packages/airflow/example_dags/example_params_trigger_ui.py
[2026-07-21T18:05:40.891+0000] {processor.py:840} INFO - DAG(s) 'example_params_trigger_ui' retrieved from /home/airflow/.local/lib/python3.8/site-packages/airflow/example_dags/example_params_trigger_ui.py
[2026-07-21T18:05:40.999+0000] {logging_mixin.py:188} INFO - [2026-07-21T18:05:40.999+0000] {dag.py:3036} INFO - Sync 1 DAGs
[2026-07-21T18:05:41.018+0000] {logging_mixin.py:188} INFO - [2026-07-21T18:05:41.018+0000] {dag.py:3823} INFO - Setting next_dagrun for example_params_trigger_ui to None, run_after=None
[2026-07-21T18:05:41.042+0000] {processor.py:183} INFO - Processing /home/airflow/.local/lib/python3.8/site-packages/airflow/example_dags/example_params_trigger_ui.py took 0.190 seconds
[2026-07-21T18:06:11.404+0000] {processor.py:161} INFO - Started process (PID=1169) to work on /home/airflow/.local/lib/python3.8/site-packages/airflow/example_dags/example_params_trigger_ui.py
[2026-07-21T18:06:11.405+0000] {processor.py:830} INFO - Processing file /home/airflow/.local/lib/python3.8/site-packages/airflow/example_dags/example_params_trigger_ui.py for tasks to queue
[2026-07-21T18:06:11.407+0000] {logging_mixin.py:188} INFO - [2026-07-21T18:06:11.407+0000] {dagbag.py:538} INFO - Filling up the DagBag from /home/airflow/.local/lib/python3.8/site-packages/airflow/example_dags/example_params_trigger_ui.py
[2026-07-21T18:06:11.421+0000] {processor.py:840} INFO - DAG(s) 'example_params_trigger_ui' retrieved from /home/airflow/.local/lib/python3.8/site-packages/airflow/example_dags/example_params_trigger_ui.py
[2026-07-21T18:06:11.468+0000] {logging_mixin.py:188} INFO - [2026-07-21T18:06:11.467+0000] {dag.py:3036} INFO - Sync 1 DAGs
[2026-07-21T18:06:11.478+0000] {logging_mixin.py:188} INFO - [2026-07-21T18:06:11.478+0000] {dag.py:3823} INFO - Setting next_dagrun for example_params_trigger_ui to None, run_after=None
[2026-07-21T18:06:11.500+0000] {processor.py:183} INFO - Processing /home/airflow/.local/lib/python3.8/site-packages/airflow/example_dags/example_params_trigger_ui.py took 0.100 seconds
[2026-07-21T18:06:41.849+0000] {processor.py:161} INFO - Started process (PID=1225) to work on /home/airflow/.local/lib/python3.8/site-packages/airflow/example_dags/example_params_trigger_ui.py
[2026-07-21T18:06:41.851+0000] {processor.py:830} INFO - Processing file /home/airflow/.local/lib/python3.8/site-packages/airflow/example_dags/example_params_trigger_ui.py for tasks to queue
[2026-07-21T18:06:41.853+0000] {logging_mixin.py:188} INFO - [2026-07-21T18:06:41.852+0000] {dagbag.py:538} INFO - Filling up the DagBag from /home/airflow/.local/lib/python3.8/site-packages/airflow/example_dags/example_params_trigger_ui.py
[2026-07-21T18:06:41.866+0000] {processor.py:840} INFO - DAG(s) 'example_params_trigger_ui' retrieved from /home/airflow/.local/lib/python3.8/site-packages/airflow/example_dags/example_params_trigger_ui.py
[2026-07-21T18:06:41.911+0000] {logging_mixin.py:188} INFO - [2026-07-21T18:06:41.911+0000] {dag.py:3036} INFO - Sync 1 DAGs
[2026-07-21T18:06:41.923+0000] {logging_mixin.py:188} INFO - [2026-07-21T18:06:41.923+0000] {dag.py:3823} INFO - Setting next_dagrun for example_params_trigger_ui to None, run_after=None
[2026-07-21T18:06:41.941+0000] {processor.py:183} INFO - Processing /home/airflow/.local/lib/python3.8/site-packages/airflow/example_dags/example_params_trigger_ui.py took 0.096 seconds
[2026-07-21T18:07:12.257+0000] {processor.py:161} INFO - Started process (PID=1281) to work on /home/airflow/.local/lib/python3.8/site-packages/airflow/example_dags/example_params_trigger_ui.py
[2026-07-21T18:07:12.258+0000] {processor.py:830} INFO - Processing file /home/airflow/.local/lib/python3.8/site-packages/airflow/example_dags/example_params_trigger_ui.py for tasks to queue
[2026-07-21T18:07:12.261+0000] {logging_mixin.py:188} INFO - [2026-07-21T18:07:12.261+0000] {dagbag.py:538} INFO - Filling up the DagBag from /home/airflow/.local/lib/python3.8/site-packages/airflow/example_dags/example_params_trigger_ui.py
[2026-07-21T18:07:12.275+0000] {processor.py:840} INFO - DAG(s) 'example_params_trigger_ui' retrieved from /home/airflow/.local/lib/python3.8/site-packages/airflow/example_dags/example_params_trigger_ui.py
[2026-07-21T18:07:12.329+0000] {logging_mixin.py:188} INFO - [2026-07-21T18:07:12.329+0000] {dag.py:3036} INFO - Sync 1 DAGs
[2026-07-21T18:07:12.342+0000] {logging_mixin.py:188} INFO - [2026-07-21T18:07:12.342+0000] {dag.py:3823} INFO - Setting next_dagrun for example_params_trigger_ui to None, run_after=None
[2026-07-21T18:07:12.362+0000] {processor.py:183} INFO - Processing /home/airflow/.local/lib/python3.8/site-packages/airflow/example_dags/example_params_trigger_ui.py took 0.111 seconds
[2026-07-21T18:09:15.096+0000] {processor.py:161} INFO - Started process (PID=139) to work on /home/airflow/.local/lib/python3.8/site-packages/airflow/example_dags/example_params_trigger_ui.py
[2026-07-21T18:09:15.098+0000] {processor.py:830} INFO - Processing file /home/airflow/.local/lib/python3.8/site-packages/airflow/example_dags/example_params_trigger_ui.py for tasks to queue
[2026-07-21T18:09:15.100+0000] {logging_mixin.py:188} INFO - [2026-07-21T18:09:15.099+0000] {dagbag.py:538} INFO - Filling up the DagBag from /home/airflow/.local/lib/python3.8/site-packages/airflow/example_dags/example_params_trigger_ui.py
[2026-07-21T18:09:15.115+0000] {processor.py:840} INFO - DAG(s) 'example_params_trigger_ui' retrieved from /home/airflow/.local/lib/python3.8/site-packages/airflow/example_dags/example_params_trigger_ui.py
[2026-07-21T18:09:15.285+0000] {logging_mixin.py:188} INFO - [2026-07-21T18:09:15.285+0000] {dag.py:3036} INFO - Sync 1 DAGs
[2026-07-21T18:09:15.298+0000] {logging_mixin.py:188} INFO - [2026-07-21T18:09:15.297+0000] {dag.py:3823} INFO - Setting next_dagrun for example_params_trigger_ui to None, run_after=None
[2026-07-21T18:09:15.320+0000] {processor.py:183} INFO - Processing /home/airflow/.local/lib/python3.8/site-packages/airflow/example_dags/example_params_trigger_ui.py took 0.228 seconds
[2026-07-21T18:09:45.945+0000] {processor.py:161} INFO - Started process (PID=195) to work on /home/airflow/.local/lib/python3.8/site-packages/airflow/example_dags/example_params_trigger_ui.py
[2026-07-21T18:09:45.946+0000] {processor.py:830} INFO - Processing file /home/airflow/.local/lib/python3.8/site-packages/airflow/example_dags/example_params_trigger_ui.py for tasks to queue
[2026-07-21T18:09:45.948+0000] {logging_mixin.py:188} INFO - [2026-07-21T18:09:45.948+0000] {dagbag.py:538} INFO - Filling up the DagBag from /home/airflow/.local/lib/python3.8/site-packages/airflow/example_dags/example_params_trigger_ui.py
[2026-07-21T18:09:45.963+0000] {processor.py:840} INFO - DAG(s) 'example_params_trigger_ui' retrieved from /home/airflow/.local/lib/python3.8/site-packages/airflow/example_dags/example_params_trigger_ui.py
[2026-07-21T18:09:46.014+0000] {logging_mixin.py:188} INFO - [2026-07-21T18:09:46.014+0000] {dag.py:3036} INFO - Sync 1 DAGs
[2026-07-21T18:09:46.027+0000] {logging_mixin.py:188} INFO - [2026-07-21T18:09:46.027+0000] {dag.py:3823} INFO - Setting next_dagrun for example_params_trigger_ui to None, run_after=None
[2026-07-21T18:09:46.047+0000] {processor.py:183} INFO - Processing /home/airflow/.local/lib/python3.8/site-packages/airflow/example_dags/example_params_trigger_ui.py took 0.106 seconds
[2026-07-21T18:10:16.136+0000] {processor.py:161} INFO - Started process (PID=251) to work on /home/airflow/.local/lib/python3.8/site-packages/airflow/example_dags/example_params_trigger_ui.py
[2026-07-21T18:10:16.137+0000] {processor.py:830} INFO - Processing file /home/airflow/.local/lib/python3.8/site-packages/airflow/example_dags/example_params_trigger_ui.py for tasks to queue
[2026-07-21T18:10:16.139+0000] {logging_mixin.py:188} INFO - [2026-07-21T18:10:16.139+0000] {dagbag.py:538} INFO - Filling up the DagBag from /home/airflow/.local/lib/python3.8/site-packages/airflow/example_dags/example_params_trigger_ui.py
[2026-07-21T18:10:16.153+0000] {processor.py:840} INFO - DAG(s) 'example_params_trigger_ui' retrieved from /home/airflow/.local/lib/python3.8/site-packages/airflow/example_dags/example_params_trigger_ui.py
[2026-07-21T18:10:16.199+0000] {logging_mixin.py:188} INFO - [2026-07-21T18:10:16.199+0000] {dag.py:3036} INFO - Sync 1 DAGs
[2026-07-21T18:10:16.211+0000] {logging_mixin.py:188} INFO - [2026-07-21T18:10:16.210+0000] {dag.py:3823} INFO - Setting next_dagrun for example_params_trigger_ui to None, run_after=None
[2026-07-21T18:10:16.230+0000] {processor.py:183} INFO - Processing /home/airflow/.local/lib/python3.8/site-packages/airflow/example_dags/example_params_trigger_ui.py took 0.097 seconds
[2026-07-21T18:10:46.319+0000] {processor.py:161} INFO - Started process (PID=306) to work on /home/airflow/.local/lib/python3.8/site-packages/airflow/example_dags/example_params_trigger_ui.py
[2026-07-21T18:10:46.320+0000] {processor.py:830} INFO - Processing file /home/airflow/.local/lib/python3.8/site-packages/airflow/example_dags/example_params_trigger_ui.py for tasks to queue
[2026-07-21T18:10:46.322+0000] {logging_mixin.py:188} INFO - [2026-07-21T18:10:46.321+0000] {dagbag.py:538} INFO - Filling up the DagBag from /home/airflow/.local/lib/python3.8/site-packages/airflow/example_dags/example_params_trigger_ui.py
[2026-07-21T18:10:46.336+0000] {processor.py:840} INFO - DAG(s) 'example_params_trigger_ui' retrieved from /home/airflow/.local/lib/python3.8/site-packages/airflow/example_dags/example_params_trigger_ui.py
[2026-07-21T18:10:46.402+0000] {logging_mixin.py:188} INFO - [2026-07-21T18:10:46.401+0000] {dag.py:3036} INFO - Sync 1 DAGs
[2026-07-21T18:10:46.414+0000] {logging_mixin.py:188} INFO - [2026-07-21T18:10:46.413+0000] {dag.py:3823} INFO - Setting next_dagrun for example_params_trigger_ui to None, run_after=None
[2026-07-21T18:10:46.434+0000] {processor.py:183} INFO - Processing /home/airflow/.local/lib/python3.8/site-packages/airflow/example_dags/example_params_trigger_ui.py took 0.119 seconds
[2026-07-21T18:11:16.835+0000] {processor.py:161} INFO - Started process (PID=362) to work on /home/airflow/.local/lib/python3.8/site-packages/airflow/example_dags/example_params_trigger_ui.py
[2026-07-21T18:11:16.839+0000] {processor.py:830} INFO - Processing file /home/airflow/.local/lib/python3.8/site-packages/airflow/example_dags/example_params_trigger_ui.py for tasks to queue
[2026-07-21T18:11:16.843+0000] {logging_mixin.py:188} INFO - [2026-07-21T18:11:16.842+0000] {dagbag.py:538} INFO - Filling up the DagBag from /home/airflow/.local/lib/python3.8/site-packages/airflow/example_dags/example_params_trigger_ui.py
[2026-07-21T18:11:16.860+0000] {processor.py:840} INFO - DAG(s) 'example_params_trigger_ui' retrieved from /home/airflow/.local/lib/python3.8/site-packages/airflow/example_dags/example_params_trigger_ui.py
[2026-07-21T18:11:16.916+0000] {logging_mixin.py:188} INFO - [2026-07-21T18:11:16.916+0000] {dag.py:3036} INFO - Sync 1 DAGs
[2026-07-21T18:11:16.930+0000] {logging_mixin.py:188} INFO - [2026-07-21T18:11:16.930+0000] {dag.py:3823} INFO - Setting next_dagrun for example_params_trigger_ui to None, run_after=None
[2026-07-21T18:11:16.962+0000] {processor.py:183} INFO - Processing /home/airflow/.local/lib/python3.8/site-packages/airflow/example_dags/example_params_trigger_ui.py took 0.133 seconds
[2026-07-21T18:11:47.259+0000] {processor.py:161} INFO - Started process (PID=418) to work on /home/airflow/.local/lib/python3.8/site-packages/airflow/example_dags/example_params_trigger_ui.py
[2026-07-21T18:11:47.261+0000] {processor.py:830} INFO - Processing file /home/airflow/.local/lib/python3.8/site-packages/airflow/example_dags/example_params_trigger_ui.py for tasks to queue
[2026-07-21T18:11:47.263+0000] {logging_mixin.py:188} INFO - [2026-07-21T18:11:47.263+0000] {dagbag.py:538} INFO - Filling up the DagBag from /home/airflow/.local/lib/python3.8/site-packages/airflow/example_dags/example_params_trigger_ui.py
[2026-07-21T18:11:47.280+0000] {processor.py:840} INFO - DAG(s) 'example_params_trigger_ui' retrieved from /home/airflow/.local/lib/python3.8/site-packages/airflow/example_dags/example_params_trigger_ui.py
[2026-07-21T18:11:47.332+0000] {logging_mixin.py:188} INFO - [2026-07-21T18:11:47.332+0000] {dag.py:3036} INFO - Sync 1 DAGs
[2026-07-21T18:11:47.347+0000] {logging_mixin.py:188} INFO - [2026-07-21T18:11:47.346+0000] {dag.py:3823} INFO - Setting next_dagrun for example_params_trigger_ui to None, run_after=None
[2026-07-21T18:11:47.369+0000] {processor.py:183} INFO - Processing /home/airflow/.local/lib/python3.8/site-packages/airflow/example_dags/example_params_trigger_ui.py took 0.114 seconds
[2026-07-21T18:12:18.056+0000] {processor.py:161} INFO - Started process (PID=474) to work on /home/airflow/.local/lib/python3.8/site-packages/airflow/example_dags/example_params_trigger_ui.py
[2026-07-21T18:12:18.057+0000] {processor.py:830} INFO - Processing file /home/airflow/.local/lib/python3.8/site-packages/airflow/example_dags/example_params_trigger_ui.py for tasks to queue
[2026-07-21T18:12:18.059+0000] {logging_mixin.py:188} INFO - [2026-07-21T18:12:18.059+0000] {dagbag.py:538} INFO - Filling up the DagBag from /home/airflow/.local/lib/python3.8/site-packages/airflow/example_dags/example_params_trigger_ui.py
[2026-07-21T18:12:18.073+0000] {processor.py:840} INFO - DAG(s) 'example_params_trigger_ui' retrieved from /home/airflow/.local/lib/python3.8/site-packages/airflow/example_dags/example_params_trigger_ui.py
[2026-07-21T18:12:18.119+0000] {logging_mixin.py:188} INFO - [2026-07-21T18:12:18.119+0000] {dag.py:3036} INFO - Sync 1 DAGs
[2026-07-21T18:12:18.131+0000] {logging_mixin.py:188} INFO - [2026-07-21T18:12:18.131+0000] {dag.py:3823} INFO - Setting next_dagrun for example_params_trigger_ui to None, run_after=None
[2026-07-21T18:12:18.152+0000] {processor.py:183} INFO - Processing /home/airflow/.local/lib/python3.8/site-packages/airflow/example_dags/example_params_trigger_ui.py took 0.100 seconds
[2026-07-21T18:12:48.740+0000] {processor.py:161} INFO - Started process (PID=530) to work on /home/airflow/.local/lib/python3.8/site-packages/airflow/example_dags/example_params_trigger_ui.py
[2026-07-21T18:12:48.741+0000] {processor.py:830} INFO - Processing file /home/airflow/.local/lib/python3.8/site-packages/airflow/example_dags/example_params_trigger_ui.py for tasks to queue
[2026-07-21T18:12:48.747+0000] {logging_mixin.py:188} INFO - [2026-07-21T18:12:48.747+0000] {dagbag.py:538} INFO - Filling up the DagBag from /home/airflow/.local/lib/python3.8/site-packages/airflow/example_dags/example_params_trigger_ui.py
[2026-07-21T18:12:48.761+0000] {processor.py:840} INFO - DAG(s) 'example_params_trigger_ui' retrieved from /home/airflow/.local/lib/python3.8/site-packages/airflow/example_dags/example_params_trigger_ui.py
[2026-07-21T18:12:48.811+0000] {logging_mixin.py:188} INFO - [2026-07-21T18:12:48.810+0000] {dag.py:3036} INFO - Sync 1 DAGs
[2026-07-21T18:12:48.823+0000] {logging_mixin.py:188} INFO - [2026-07-21T18:12:48.823+0000] {dag.py:3823} INFO - Setting next_dagrun for example_params_trigger_ui to None, run_after=None
[2026-07-21T18:12:48.844+0000] {processor.py:183} INFO - Processing /home/airflow/.local/lib/python3.8/site-packages/airflow/example_dags/example_params_trigger_ui.py took 0.108 seconds
[2026-07-21T18:13:19.739+0000] {processor.py:161} INFO - Started process (PID=586) to work on /home/airflow/.local/lib/python3.8/site-packages/airflow/example_dags/example_params_trigger_ui.py
[2026-07-21T18:13:19.740+0000] {processor.py:830} INFO - Processing file /home/airflow/.local/lib/python3.8/site-packages/airflow/example_dags/example_params_trigger_ui.py for tasks to queue
[2026-07-21T18:13:19.742+0000] {logging_mixin.py:188} INFO - [2026-07-21T18:13:19.742+0000] {dagbag.py:538} INFO - Filling up the DagBag from /home/airflow/.local/lib/python3.8/site-packages/airflow/example_dags/example_params_trigger_ui.py
[2026-07-21T18:13:19.758+0000] {processor.py:840} INFO - DAG(s) 'example_params_trigger_ui' retrieved from /home/airflow/.local/lib/python3.8/site-packages/airflow/example_dags/example_params_trigger_ui.py
[2026-07-21T18:13:19.810+0000] {logging_mixin.py:188} INFO - [2026-07-21T18:13:19.809+0000] {dag.py:3036} INFO - Sync 1 DAGs
[2026-07-21T18:13:19.823+0000] {logging_mixin.py:188} INFO - [2026-07-21T18:13:19.823+0000] {dag.py:3823} INFO - Setting next_dagrun for example_params_trigger_ui to None, run_after=None
[2026-07-21T18:13:19.847+0000] {processor.py:183} INFO - Processing /home/airflow/.local/lib/python3.8/site-packages/airflow/example_dags/example_params_trigger_ui.py took 0.112 seconds
[2026-07-21T18:13:50.165+0000] {processor.py:161} INFO - Started process (PID=642) to work on /home/airflow/.local/lib/python3.8/site-packages/airflow/example_dags/example_params_trigger_ui.py
[2026-07-21T18:13:50.167+0000] {processor.py:830} INFO - Processing file /home/airflow/.local/lib/python3.8/site-packages/airflow/example_dags/example_params_trigger_ui.py for tasks to queue
[2026-07-21T18:13:50.170+0000] {logging_mixin.py:188} INFO - [2026-07-21T18:13:50.169+0000] {dagbag.py:538} INFO - Filling up the DagBag from /home/airflow/.local/lib/python3.8/site-packages/airflow/example_dags/example_params_trigger_ui.py
[2026-07-21T18:13:50.184+0000] {processor.py:840} INFO - DAG(s) 'example_params_trigger_ui' retrieved from /home/airflow/.local/lib/python3.8/site-packages/airflow/example_dags/example_params_trigger_ui.py
[2026-07-21T18:13:50.231+0000] {logging_mixin.py:188} INFO - [2026-07-21T18:13:50.231+0000] {dag.py:3036} INFO - Sync 1 DAGs
[2026-07-21T18:13:50.246+0000] {logging_mixin.py:188} INFO - [2026-07-21T18:13:50.246+0000] {dag.py:3823} INFO - Setting next_dagrun for example_params_trigger_ui to None, run_after=None
[2026-07-21T18:13:50.266+0000] {processor.py:183} INFO - Processing /home/airflow/.local/lib/python3.8/site-packages/airflow/example_dags/example_params_trigger_ui.py took 0.105 seconds
[2026-07-21T18:14:20.957+0000] {processor.py:161} INFO - Started process (PID=698) to work on /home/airflow/.local/lib/python3.8/site-packages/airflow/example_dags/example_params_trigger_ui.py
[2026-07-21T18:14:20.959+0000] {processor.py:830} INFO - Processing file /home/airflow/.local/lib/python3.8/site-packages/airflow/example_dags/example_params_trigger_ui.py for tasks to queue
[2026-07-21T18:14:20.962+0000] {logging_mixin.py:188} INFO - [2026-07-21T18:14:20.961+0000] {dagbag.py:538} INFO - Filling up the DagBag from /home/airflow/.local/lib/python3.8/site-packages/airflow/example_dags/example_params_trigger_ui.py
[2026-07-21T18:14:20.981+0000] {processor.py:840} INFO - DAG(s) 'example_params_trigger_ui' retrieved from /home/airflow/.local/lib/python3.8/site-packages/airflow/example_dags/example_params_trigger_ui.py
[2026-07-21T18:14:21.031+0000] {logging_mixin.py:188} INFO - [2026-07-21T18:14:21.031+0000] {dag.py:3036} INFO - Sync 1 DAGs
[2026-07-21T18:14:21.044+0000] {logging_mixin.py:188} INFO - [2026-07-21T18:14:21.044+0000] {dag.py:3823} INFO - Setting next_dagrun for example_params_trigger_ui to None, run_after=None
[2026-07-21T18:14:21.064+0000] {processor.py:183} INFO - Processing /home/airflow/.local/lib/python3.8/site-packages/airflow/example_dags/example_params_trigger_ui.py took 0.111 seconds
[2026-07-21T18:14:51.944+0000] {processor.py:161} INFO - Started process (PID=755) to work on /home/airflow/.local/lib/python3.8/site-packages/airflow/example_dags/example_params_trigger_ui.py
[2026-07-21T18:14:51.945+0000] {processor.py:830} INFO - Processing file /home/airflow/.local/lib/python3.8/site-packages/airflow/example_dags/example_params_trigger_ui.py for tasks to queue
[2026-07-21T18:14:51.947+0000] {logging_mixin.py:188} INFO - [2026-07-21T18:14:51.947+0000] {dagbag.py:538} INFO - Filling up the DagBag from /home/airflow/.local/lib/python3.8/site-packages/airflow/example_dags/example_params_trigger_ui.py
[2026-07-21T18:14:51.962+0000] {processor.py:840} INFO - DAG(s) 'example_params_trigger_ui' retrieved from /home/airflow/.local/lib/python3.8/site-packages/airflow/example_dags/example_params_trigger_ui.py
[2026-07-21T18:14:52.012+0000] {logging_mixin.py:188} INFO - [2026-07-21T18:14:52.012+0000] {dag.py:3036} INFO - Sync 1 DAGs
[2026-07-21T18:14:52.026+0000] {logging_mixin.py:188} INFO - [2026-07-21T18:14:52.026+0000] {dag.py:3823} INFO - Setting next_dagrun for example_params_trigger_ui to None, run_after=None
[2026-07-21T18:14:52.049+0000] {processor.py:183} INFO - Processing /home/airflow/.local/lib/python3.8/site-packages/airflow/example_dags/example_params_trigger_ui.py took 0.110 seconds
[2026-07-21T18:15:22.836+0000] {processor.py:161} INFO - Started process (PID=811) to work on /home/airflow/.local/lib/python3.8/site-packages/airflow/example_dags/example_params_trigger_ui.py
[2026-07-21T18:15:22.837+0000] {processor.py:830} INFO - Processing file /home/airflow/.local/lib/python3.8/site-packages/airflow/example_dags/example_params_trigger_ui.py for tasks to queue
[2026-07-21T18:15:22.839+0000] {logging_mixin.py:188} INFO - [2026-07-21T18:15:22.839+0000] {dagbag.py:538} INFO - Filling up the DagBag from /home/airflow/.local/lib/python3.8/site-packages/airflow/example_dags/example_params_trigger_ui.py
[2026-07-21T18:15:22.854+0000] {processor.py:840} INFO - DAG(s) 'example_params_trigger_ui' retrieved from /home/airflow/.local/lib/python3.8/site-packages/airflow/example_dags/example_params_trigger_ui.py
[2026-07-21T18:15:22.903+0000] {logging_mixin.py:188} INFO - [2026-07-21T18:15:22.903+0000] {dag.py:3036} INFO - Sync 1 DAGs
[2026-07-21T18:15:22.914+0000] {logging_mixin.py:188} INFO - [2026-07-21T18:15:22.914+0000] {dag.py:3823} INFO - Setting next_dagrun for example_params_trigger_ui to None, run_after=None
[2026-07-21T18:15:22.932+0000] {processor.py:183} INFO - Processing /home/airflow/.local/lib/python3.8/site-packages/airflow/example_dags/example_params_trigger_ui.py took 0.100 seconds
[2026-07-21T18:15:53.597+0000] {processor.py:161} INFO - Started process (PID=867) to work on /home/airflow/.local/lib/python3.8/site-packages/airflow/example_dags/example_params_trigger_ui.py
[2026-07-21T18:15:53.598+0000] {processor.py:830} INFO - Processing file /home/airflow/.local/lib/python3.8/site-packages/airflow/example_dags/example_params_trigger_ui.py for tasks to queue
[2026-07-21T18:15:53.600+0000] {logging_mixin.py:188} INFO - [2026-07-21T18:15:53.600+0000] {dagbag.py:538} INFO - Filling up the DagBag from /home/airflow/.local/lib/python3.8/site-packages/airflow/example_dags/example_params_trigger_ui.py
[2026-07-21T18:15:53.614+0000] {processor.py:840} INFO - DAG(s) 'example_params_trigger_ui' retrieved from /home/airflow/.local/lib/python3.8/site-packages/airflow/example_dags/example_params_trigger_ui.py
[2026-07-21T18:15:53.663+0000] {logging_mixin.py:188} INFO - [2026-07-21T18:15:53.663+0000] {dag.py:3036} INFO - Sync 1 DAGs
[2026-07-21T18:15:53.674+0000] {logging_mixin.py:188} INFO - [2026-07-21T18:15:53.674+0000] {dag.py:3823} INFO - Setting next_dagrun for example_params_trigger_ui to None, run_after=None
[2026-07-21T18:15:53.695+0000] {processor.py:183} INFO - Processing /home/airflow/.local/lib/python3.8/site-packages/airflow/example_dags/example_params_trigger_ui.py took 0.102 seconds
[2026-07-21T18:16:24.557+0000] {processor.py:161} INFO - Started process (PID=923) to work on /home/airflow/.local/lib/python3.8/site-packages/airflow/example_dags/example_params_trigger_ui.py
[2026-07-21T18:16:24.559+0000] {processor.py:830} INFO - Processing file /home/airflow/.local/lib/python3.8/site-packages/airflow/example_dags/example_params_trigger_ui.py for tasks to queue
[2026-07-21T18:16:24.561+0000] {logging_mixin.py:188} INFO - [2026-07-21T18:16:24.560+0000] {dagbag.py:538} INFO - Filling up the DagBag from /home/airflow/.local/lib/python3.8/site-packages/airflow/example_dags/example_params_trigger_ui.py
[2026-07-21T18:16:24.574+0000] {processor.py:840} INFO - DAG(s) 'example_params_trigger_ui' retrieved from /home/airflow/.local/lib/python3.8/site-packages/airflow/example_dags/example_params_trigger_ui.py
[2026-07-21T18:16:24.621+0000] {logging_mixin.py:188} INFO - [2026-07-21T18:16:24.620+0000] {dag.py:3036} INFO - Sync 1 DAGs
[2026-07-21T18:16:24.633+0000] {logging_mixin.py:188} INFO - [2026-07-21T18:16:24.632+0000] {dag.py:3823} INFO - Setting next_dagrun for example_params_trigger_ui to None, run_after=None
[2026-07-21T18:16:24.651+0000] {processor.py:183} INFO - Processing /home/airflow/.local/lib/python3.8/site-packages/airflow/example_dags/example_params_trigger_ui.py took 0.097 seconds
[2026-07-21T18:16:54.781+0000] {processor.py:161} INFO - Started process (PID=979) to work on /home/airflow/.local/lib/python3.8/site-packages/airflow/example_dags/example_params_trigger_ui.py
[2026-07-21T18:16:54.782+0000] {processor.py:830} INFO - Processing file /home/airflow/.local/lib/python3.8/site-packages/airflow/example_dags/example_params_trigger_ui.py for tasks to queue
[2026-07-21T18:16:54.784+0000] {logging_mixin.py:188} INFO - [2026-07-21T18:16:54.784+0000] {dagbag.py:538} INFO - Filling up the DagBag from /home/airflow/.local/lib/python3.8/site-packages/airflow/example_dags/example_params_trigger_ui.py
[2026-07-21T18:16:54.798+0000] {processor.py:840} INFO - DAG(s) 'example_params_trigger_ui' retrieved from /home/airflow/.local/lib/python3.8/site-packages/airflow/example_dags/example_params_trigger_ui.py
[2026-07-21T18:16:54.844+0000] {logging_mixin.py:188} INFO - [2026-07-21T18:16:54.844+0000] {dag.py:3036} INFO - Sync 1 DAGs
[2026-07-21T18:16:54.859+0000] {logging_mixin.py:188} INFO - [2026-07-21T18:16:54.858+0000] {dag.py:3823} INFO - Setting next_dagrun for example_params_trigger_ui to None, run_after=None
[2026-07-21T18:16:54.881+0000] {processor.py:183} INFO - Processing /home/airflow/.local/lib/python3.8/site-packages/airflow/example_dags/example_params_trigger_ui.py took 0.103 seconds
[2026-07-21T18:17:24.999+0000] {processor.py:161} INFO - Started process (PID=1035) to work on /home/airflow/.local/lib/python3.8/site-packages/airflow/example_dags/example_params_trigger_ui.py
[2026-07-21T18:17:25.001+0000] {processor.py:830} INFO - Processing file /home/airflow/.local/lib/python3.8/site-packages/airflow/example_dags/example_params_trigger_ui.py for tasks to queue
[2026-07-21T18:17:25.003+0000] {logging_mixin.py:188} INFO - [2026-07-21T18:17:25.002+0000] {dagbag.py:538} INFO - Filling up the DagBag from /home/airflow/.local/lib/python3.8/site-packages/airflow/example_dags/example_params_trigger_ui.py
[2026-07-21T18:17:25.018+0000] {processor.py:840} INFO - DAG(s) 'example_params_trigger_ui' retrieved from /home/airflow/.local/lib/python3.8/site-packages/airflow/example_dags/example_params_trigger_ui.py
[2026-07-21T18:17:25.069+0000] {logging_mixin.py:188} INFO - [2026-07-21T18:17:25.069+0000] {dag.py:3036} INFO - Sync 1 DAGs
[2026-07-21T18:17:25.083+0000] {logging_mixin.py:188} INFO - [2026-07-21T18:17:25.083+0000] {dag.py:3823} INFO - Setting next_dagrun for example_params_trigger_ui to None, run_after=None
[2026-07-21T18:17:25.104+0000] {processor.py:183} INFO - Processing /home/airflow/.local/lib/python3.8/site-packages/airflow/example_dags/example_params_trigger_ui.py took 0.109 seconds
[2026-07-21T18:17:56.043+0000] {processor.py:161} INFO - Started process (PID=1091) to work on /home/airflow/.local/lib/python3.8/site-packages/airflow/example_dags/example_params_trigger_ui.py
[2026-07-21T18:17:56.044+0000] {processor.py:830} INFO - Processing file /home/airflow/.local/lib/python3.8/site-packages/airflow/example_dags/example_params_trigger_ui.py for tasks to queue
[2026-07-21T18:17:56.046+0000] {logging_mixin.py:188} INFO - [2026-07-21T18:17:56.046+0000] {dagbag.py:538} INFO - Filling up the DagBag from /home/airflow/.local/lib/python3.8/site-packages/airflow/example_dags/example_params_trigger_ui.py
[2026-07-21T18:17:56.060+0000] {processor.py:840} INFO - DAG(s) 'example_params_trigger_ui' retrieved from /home/airflow/.local/lib/python3.8/site-packages/airflow/example_dags/example_params_trigger_ui.py
[2026-07-21T18:17:56.108+0000] {logging_mixin.py:188} INFO - [2026-07-21T18:17:56.107+0000] {dag.py:3036} INFO - Sync 1 DAGs
[2026-07-21T18:17:56.119+0000] {logging_mixin.py:188} INFO - [2026-07-21T18:17:56.118+0000] {dag.py:3823} INFO - Setting next_dagrun for example_params_trigger_ui to None, run_after=None
[2026-07-21T18:17:56.138+0000] {processor.py:183} INFO - Processing /home/airflow/.local/lib/python3.8/site-packages/airflow/example_dags/example_params_trigger_ui.py took 0.099 seconds
[2026-07-21T18:18:26.782+0000] {processor.py:161} INFO - Started process (PID=1147) to work on /home/airflow/.local/lib/python3.8/site-packages/airflow/example_dags/example_params_trigger_ui.py
[2026-07-21T18:18:26.783+0000] {processor.py:830} INFO - Processing file /home/airflow/.local/lib/python3.8/site-packages/airflow/example_dags/example_params_trigger_ui.py for tasks to queue
[2026-07-21T18:18:26.785+0000] {logging_mixin.py:188} INFO - [2026-07-21T18:18:26.785+0000] {dagbag.py:538} INFO - Filling up the DagBag from /home/airflow/.local/lib/python3.8/site-packages/airflow/example_dags/example_params_trigger_ui.py
[2026-07-21T18:18:26.800+0000] {processor.py:840} INFO - DAG(s) 'example_params_trigger_ui' retrieved from /home/airflow/.local/lib/python3.8/site-packages/airflow/example_dags/example_params_trigger_ui.py
[2026-07-21T18:18:26.845+0000] {logging_mixin.py:188} INFO - [2026-07-21T18:18:26.845+0000] {dag.py:3036} INFO - Sync 1 DAGs
[2026-07-21T18:18:26.856+0000] {logging_mixin.py:188} INFO - [2026-07-21T18:18:26.855+0000] {dag.py:3823} INFO - Setting next_dagrun for example_params_trigger_ui to None, run_after=None
[2026-07-21T18:18:26.874+0000] {processor.py:183} INFO - Processing /home/airflow/.local/lib/python3.8/site-packages/airflow/example_dags/example_params_trigger_ui.py took 0.095 seconds
[2026-07-21T18:18:57.732+0000] {processor.py:161} INFO - Started process (PID=1203) to work on /home/airflow/.local/lib/python3.8/site-packages/airflow/example_dags/example_params_trigger_ui.py
[2026-07-21T18:18:57.733+0000] {processor.py:830} INFO - Processing file /home/airflow/.local/lib/python3.8/site-packages/airflow/example_dags/example_params_trigger_ui.py for tasks to queue
[2026-07-21T18:18:57.735+0000] {logging_mixin.py:188} INFO - [2026-07-21T18:18:57.735+0000] {dagbag.py:538} INFO - Filling up the DagBag from /home/airflow/.local/lib/python3.8/site-packages/airflow/example_dags/example_params_trigger_ui.py
[2026-07-21T18:18:57.749+0000] {processor.py:840} INFO - DAG(s) 'example_params_trigger_ui' retrieved from /home/airflow/.local/lib/python3.8/site-packages/airflow/example_dags/example_params_trigger_ui.py
[2026-07-21T18:18:57.798+0000] {logging_mixin.py:188} INFO - [2026-07-21T18:18:57.798+0000] {dag.py:3036} INFO - Sync 1 DAGs
[2026-07-21T18:18:57.812+0000] {logging_mixin.py:188} INFO - [2026-07-21T18:18:57.812+0000] {dag.py:3823} INFO - Setting next_dagrun for example_params_trigger_ui to None, run_after=None
[2026-07-21T18:18:57.835+0000] {processor.py:183} INFO - Processing /home/airflow/.local/lib/python3.8/site-packages/airflow/example_dags/example_params_trigger_ui.py took 0.107 seconds
[2026-07-21T18:19:28.183+0000] {processor.py:161} INFO - Started process (PID=1259) to work on /home/airflow/.local/lib/python3.8/site-packages/airflow/example_dags/example_params_trigger_ui.py
[2026-07-21T18:19:28.184+0000] {processor.py:830} INFO - Processing file /home/airflow/.local/lib/python3.8/site-packages/airflow/example_dags/example_params_trigger_ui.py for tasks to queue
[2026-07-21T18:19:28.186+0000] {logging_mixin.py:188} INFO - [2026-07-21T18:19:28.185+0000] {dagbag.py:538} INFO - Filling up the DagBag from /home/airflow/.local/lib/python3.8/site-packages/airflow/example_dags/example_params_trigger_ui.py
[2026-07-21T18:19:28.200+0000] {processor.py:840} INFO - DAG(s) 'example_params_trigger_ui' retrieved from /home/airflow/.local/lib/python3.8/site-packages/airflow/example_dags/example_params_trigger_ui.py
[2026-07-21T18:19:28.246+0000] {logging_mixin.py:188} INFO - [2026-07-21T18:19:28.246+0000] {dag.py:3036} INFO - Sync 1 DAGs
[2026-07-21T18:19:28.258+0000] {logging_mixin.py:188} INFO - [2026-07-21T18:19:28.258+0000] {dag.py:3823} INFO - Setting next_dagrun for example_params_trigger_ui to None, run_after=None
[2026-07-21T18:19:28.277+0000] {processor.py:183} INFO - Processing /home/airflow/.local/lib/python3.8/site-packages/airflow/example_dags/example_params_trigger_ui.py took 0.099 seconds
[2026-07-21T18:19:58.840+0000] {processor.py:161} INFO - Started process (PID=1315) to work on /home/airflow/.local/lib/python3.8/site-packages/airflow/example_dags/example_params_trigger_ui.py
[2026-07-21T18:19:58.841+0000] {processor.py:830} INFO - Processing file /home/airflow/.local/lib/python3.8/site-packages/airflow/example_dags/example_params_trigger_ui.py for tasks to queue
[2026-07-21T18:19:58.843+0000] {logging_mixin.py:188} INFO - [2026-07-21T18:19:58.843+0000] {dagbag.py:538} INFO - Filling up the DagBag from /home/airflow/.local/lib/python3.8/site-packages/airflow/example_dags/example_params_trigger_ui.py
[2026-07-21T18:19:58.857+0000] {processor.py:840} INFO - DAG(s) 'example_params_trigger_ui' retrieved from /home/airflow/.local/lib/python3.8/site-packages/airflow/example_dags/example_params_trigger_ui.py
[2026-07-21T18:19:58.904+0000] {logging_mixin.py:188} INFO - [2026-07-21T18:19:58.904+0000] {dag.py:3036} INFO - Sync 1 DAGs
[2026-07-21T18:19:58.915+0000] {logging_mixin.py:188} INFO - [2026-07-21T18:19:58.915+0000] {dag.py:3823} INFO - Setting next_dagrun for example_params_trigger_ui to None, run_after=None
[2026-07-21T18:19:58.935+0000] {processor.py:183} INFO - Processing /home/airflow/.local/lib/python3.8/site-packages/airflow/example_dags/example_params_trigger_ui.py took 0.099 seconds
[2026-07-21T18:20:29.596+0000] {processor.py:161} INFO - Started process (PID=1371) to work on /home/airflow/.local/lib/python3.8/site-packages/airflow/example_dags/example_params_trigger_ui.py
[2026-07-21T18:20:29.597+0000] {processor.py:830} INFO - Processing file /home/airflow/.local/lib/python3.8/site-packages/airflow/example_dags/example_params_trigger_ui.py for tasks to queue
[2026-07-21T18:20:29.599+0000] {logging_mixin.py:188} INFO - [2026-07-21T18:20:29.599+0000] {dagbag.py:538} INFO - Filling up the DagBag from /home/airflow/.local/lib/python3.8/site-packages/airflow/example_dags/example_params_trigger_ui.py
[2026-07-21T18:20:29.613+0000] {processor.py:840} INFO - DAG(s) 'example_params_trigger_ui' retrieved from /home/airflow/.local/lib/python3.8/site-packages/airflow/example_dags/example_params_trigger_ui.py
[2026-07-21T18:20:29.661+0000] {logging_mixin.py:188} INFO - [2026-07-21T18:20:29.661+0000] {dag.py:3036} INFO - Sync 1 DAGs
[2026-07-21T18:20:29.672+0000] {logging_mixin.py:188} INFO - [2026-07-21T18:20:29.672+0000] {dag.py:3823} INFO - Setting next_dagrun for example_params_trigger_ui to None, run_after=None
[2026-07-21T18:20:29.690+0000] {processor.py:183} INFO - Processing /home/airflow/.local/lib/python3.8/site-packages/airflow/example_dags/example_params_trigger_ui.py took 0.098 seconds
[2026-07-21T18:20:59.762+0000] {processor.py:161} INFO - Started process (PID=1427) to work on /home/airflow/.local/lib/python3.8/site-packages/airflow/example_dags/example_params_trigger_ui.py
[2026-07-21T18:20:59.763+0000] {processor.py:830} INFO - Processing file /home/airflow/.local/lib/python3.8/site-packages/airflow/example_dags/example_params_trigger_ui.py for tasks to queue
[2026-07-21T18:20:59.765+0000] {logging_mixin.py:188} INFO - [2026-07-21T18:20:59.765+0000] {dagbag.py:538} INFO - Filling up the DagBag from /home/airflow/.local/lib/python3.8/site-packages/airflow/example_dags/example_params_trigger_ui.py
[2026-07-21T18:20:59.779+0000] {processor.py:840} INFO - DAG(s) 'example_params_trigger_ui' retrieved from /home/airflow/.local/lib/python3.8/site-packages/airflow/example_dags/example_params_trigger_ui.py
[2026-07-21T18:20:59.834+0000] {logging_mixin.py:188} INFO - [2026-07-21T18:20:59.834+0000] {dag.py:3036} INFO - Sync 1 DAGs
[2026-07-21T18:20:59.848+0000] {logging_mixin.py:188} INFO - [2026-07-21T18:20:59.848+0000] {dag.py:3823} INFO - Setting next_dagrun for example_params_trigger_ui to None, run_after=None
[2026-07-21T18:20:59.871+0000] {processor.py:183} INFO - Processing /home/airflow/.local/lib/python3.8/site-packages/airflow/example_dags/example_params_trigger_ui.py took 0.113 seconds
[2026-07-21T18:21:32.281+0000] {processor.py:161} INFO - Started process (PID=1483) to work on /home/airflow/.local/lib/python3.8/site-packages/airflow/example_dags/example_params_trigger_ui.py
[2026-07-21T18:21:32.282+0000] {processor.py:830} INFO - Processing file /home/airflow/.local/lib/python3.8/site-packages/airflow/example_dags/example_params_trigger_ui.py for tasks to queue
[2026-07-21T18:21:32.285+0000] {logging_mixin.py:188} INFO - [2026-07-21T18:21:32.284+0000] {dagbag.py:538} INFO - Filling up the DagBag from /home/airflow/.local/lib/python3.8/site-packages/airflow/example_dags/example_params_trigger_ui.py
[2026-07-21T18:21:32.299+0000] {processor.py:840} INFO - DAG(s) 'example_params_trigger_ui' retrieved from /home/airflow/.local/lib/python3.8/site-packages/airflow/example_dags/example_params_trigger_ui.py
[2026-07-21T18:21:32.347+0000] {logging_mixin.py:188} INFO - [2026-07-21T18:21:32.347+0000] {dag.py:3036} INFO - Sync 1 DAGs
[2026-07-21T18:21:32.359+0000] {logging_mixin.py:188} INFO - [2026-07-21T18:21:32.358+0000] {dag.py:3823} INFO - Setting next_dagrun for example_params_trigger_ui to None, run_after=None
[2026-07-21T18:21:32.378+0000] {processor.py:183} INFO - Processing /home/airflow/.local/lib/python3.8/site-packages/airflow/example_dags/example_params_trigger_ui.py took 0.100 seconds
[2026-07-21T18:22:03.253+0000] {processor.py:161} INFO - Started process (PID=1539) to work on /home/airflow/.local/lib/python3.8/site-packages/airflow/example_dags/example_params_trigger_ui.py
[2026-07-21T18:22:03.254+0000] {processor.py:830} INFO - Processing file /home/airflow/.local/lib/python3.8/site-packages/airflow/example_dags/example_params_trigger_ui.py for tasks to queue
[2026-07-21T18:22:03.256+0000] {logging_mixin.py:188} INFO - [2026-07-21T18:22:03.256+0000] {dagbag.py:538} INFO - Filling up the DagBag from /home/airflow/.local/lib/python3.8/site-packages/airflow/example_dags/example_params_trigger_ui.py
[2026-07-21T18:22:03.270+0000] {processor.py:840} INFO - DAG(s) 'example_params_trigger_ui' retrieved from /home/airflow/.local/lib/python3.8/site-packages/airflow/example_dags/example_params_trigger_ui.py
[2026-07-21T18:22:03.317+0000] {logging_mixin.py:188} INFO - [2026-07-21T18:22:03.317+0000] {dag.py:3036} INFO - Sync 1 DAGs
[2026-07-21T18:22:03.476+0000] {logging_mixin.py:188} INFO - [2026-07-21T18:22:03.476+0000] {dag.py:3823} INFO - Setting next_dagrun for example_params_trigger_ui to None, run_after=None
[2026-07-21T18:22:03.493+0000] {processor.py:183} INFO - Processing /home/airflow/.local/lib/python3.8/site-packages/airflow/example_dags/example_params_trigger_ui.py took 0.245 seconds
[2026-07-21T18:22:34.251+0000] {processor.py:161} INFO - Started process (PID=1595) to work on /home/airflow/.local/lib/python3.8/site-packages/airflow/example_dags/example_params_trigger_ui.py
[2026-07-21T18:22:34.253+0000] {processor.py:830} INFO - Processing file /home/airflow/.local/lib/python3.8/site-packages/airflow/example_dags/example_params_trigger_ui.py for tasks to queue
[2026-07-21T18:22:34.255+0000] {logging_mixin.py:188} INFO - [2026-07-21T18:22:34.254+0000] {dagbag.py:538} INFO - Filling up the DagBag from /home/airflow/.local/lib/python3.8/site-packages/airflow/example_dags/example_params_trigger_ui.py
[2026-07-21T18:22:34.269+0000] {processor.py:840} INFO - DAG(s) 'example_params_trigger_ui' retrieved from /home/airflow/.local/lib/python3.8/site-packages/airflow/example_dags/example_params_trigger_ui.py
[2026-07-21T18:22:34.317+0000] {logging_mixin.py:188} INFO - [2026-07-21T18:22:34.317+0000] {dag.py:3036} INFO - Sync 1 DAGs
[2026-07-21T18:22:34.330+0000] {logging_mixin.py:188} INFO - [2026-07-21T18:22:34.329+0000] {dag.py:3823} INFO - Setting next_dagrun for example_params_trigger_ui to None, run_after=None
[2026-07-21T18:22:34.527+0000] {processor.py:183} INFO - Processing /home/airflow/.local/lib/python3.8/site-packages/airflow/example_dags/example_params_trigger_ui.py took 0.280 seconds
[2026-07-21T18:23:05.372+0000] {processor.py:161} INFO - Started process (PID=1651) to work on /home/airflow/.local/lib/python3.8/site-packages/airflow/example_dags/example_params_trigger_ui.py
[2026-07-21T18:23:05.373+0000] {processor.py:830} INFO - Processing file /home/airflow/.local/lib/python3.8/site-packages/airflow/example_dags/example_params_trigger_ui.py for tasks to queue
[2026-07-21T18:23:05.375+0000] {logging_mixin.py:188} INFO - [2026-07-21T18:23:05.375+0000] {dagbag.py:538} INFO - Filling up the DagBag from /home/airflow/.local/lib/python3.8/site-packages/airflow/example_dags/example_params_trigger_ui.py
[2026-07-21T18:23:05.388+0000] {processor.py:840} INFO - DAG(s) 'example_params_trigger_ui' retrieved from /home/airflow/.local/lib/python3.8/site-packages/airflow/example_dags/example_params_trigger_ui.py
[2026-07-21T18:23:05.433+0000] {logging_mixin.py:188} INFO - [2026-07-21T18:23:05.433+0000] {dag.py:3036} INFO - Sync 1 DAGs
[2026-07-21T18:23:05.445+0000] {logging_mixin.py:188} INFO - [2026-07-21T18:23:05.445+0000] {dag.py:3823} INFO - Setting next_dagrun for example_params_trigger_ui to None, run_after=None
[2026-07-21T18:23:05.465+0000] {processor.py:183} INFO - Processing /home/airflow/.local/lib/python3.8/site-packages/airflow/example_dags/example_params_trigger_ui.py took 0.096 seconds
[2026-07-21T18:23:37.222+0000] {processor.py:161} INFO - Started process (PID=1707) to work on /home/airflow/.local/lib/python3.8/site-packages/airflow/example_dags/example_params_trigger_ui.py
[2026-07-21T18:23:37.224+0000] {processor.py:830} INFO - Processing file /home/airflow/.local/lib/python3.8/site-packages/airflow/example_dags/example_params_trigger_ui.py for tasks to queue
[2026-07-21T18:23:37.225+0000] {logging_mixin.py:188} INFO - [2026-07-21T18:23:37.225+0000] {dagbag.py:538} INFO - Filling up the DagBag from /home/airflow/.local/lib/python3.8/site-packages/airflow/example_dags/example_params_trigger_ui.py
[2026-07-21T18:23:37.239+0000] {processor.py:840} INFO - DAG(s) 'example_params_trigger_ui' retrieved from /home/airflow/.local/lib/python3.8/site-packages/airflow/example_dags/example_params_trigger_ui.py
[2026-07-21T18:23:37.286+0000] {logging_mixin.py:188} INFO - [2026-07-21T18:23:37.286+0000] {dag.py:3036} INFO - Sync 1 DAGs
[2026-07-21T18:23:37.297+0000] {logging_mixin.py:188} INFO - [2026-07-21T18:23:37.297+0000] {dag.py:3823} INFO - Setting next_dagrun for example_params_trigger_ui to None, run_after=None
[2026-07-21T18:23:37.316+0000] {processor.py:183} INFO - Processing /home/airflow/.local/lib/python3.8/site-packages/airflow/example_dags/example_params_trigger_ui.py took 0.097 seconds
[2026-07-21T18:24:07.751+0000] {processor.py:161} INFO - Started process (PID=1763) to work on /home/airflow/.local/lib/python3.8/site-packages/airflow/example_dags/example_params_trigger_ui.py
[2026-07-21T18:24:07.753+0000] {processor.py:830} INFO - Processing file /home/airflow/.local/lib/python3.8/site-packages/airflow/example_dags/example_params_trigger_ui.py for tasks to queue
[2026-07-21T18:24:07.755+0000] {logging_mixin.py:188} INFO - [2026-07-21T18:24:07.755+0000] {dagbag.py:538} INFO - Filling up the DagBag from /home/airflow/.local/lib/python3.8/site-packages/airflow/example_dags/example_params_trigger_ui.py
[2026-07-21T18:24:07.771+0000] {processor.py:840} INFO - DAG(s) 'example_params_trigger_ui' retrieved from /home/airflow/.local/lib/python3.8/site-packages/airflow/example_dags/example_params_trigger_ui.py
[2026-07-21T18:24:07.830+0000] {logging_mixin.py:188} INFO - [2026-07-21T18:24:07.830+0000] {dag.py:3036} INFO - Sync 1 DAGs
[2026-07-21T18:24:07.843+0000] {logging_mixin.py:188} INFO - [2026-07-21T18:24:07.843+0000] {dag.py:3823} INFO - Setting next_dagrun for example_params_trigger_ui to None, run_after=None
[2026-07-21T18:24:07.865+0000] {processor.py:183} INFO - Processing /home/airflow/.local/lib/python3.8/site-packages/airflow/example_dags/example_params_trigger_ui.py took 0.118 seconds
[2026-07-21T18:24:38.046+0000] {processor.py:161} INFO - Started process (PID=1819) to work on /home/airflow/.local/lib/python3.8/site-packages/airflow/example_dags/example_params_trigger_ui.py
[2026-07-21T18:24:38.048+0000] {processor.py:830} INFO - Processing file /home/airflow/.local/lib/python3.8/site-packages/airflow/example_dags/example_params_trigger_ui.py for tasks to queue
[2026-07-21T18:24:38.050+0000] {logging_mixin.py:188} INFO - [2026-07-21T18:24:38.050+0000] {dagbag.py:538} INFO - Filling up the DagBag from /home/airflow/.local/lib/python3.8/site-packages/airflow/example_dags/example_params_trigger_ui.py
[2026-07-21T18:24:38.066+0000] {processor.py:840} INFO - DAG(s) 'example_params_trigger_ui' retrieved from /home/airflow/.local/lib/python3.8/site-packages/airflow/example_dags/example_params_trigger_ui.py
[2026-07-21T18:24:38.124+0000] {logging_mixin.py:188} INFO - [2026-07-21T18:24:38.124+0000] {dag.py:3036} INFO - Sync 1 DAGs
[2026-07-21T18:24:38.138+0000] {logging_mixin.py:188} INFO - [2026-07-21T18:24:38.138+0000] {dag.py:3823} INFO - Setting next_dagrun for example_params_trigger_ui to None, run_after=None
[2026-07-21T18:24:38.161+0000] {processor.py:183} INFO - Processing /home/airflow/.local/lib/python3.8/site-packages/airflow/example_dags/example_params_trigger_ui.py took 0.119 seconds
[2026-07-21T18:25:08.287+0000] {processor.py:161} INFO - Started process (PID=1875) to work on /home/airflow/.local/lib/python3.8/site-packages/airflow/example_dags/example_params_trigger_ui.py
[2026-07-21T18:25:08.289+0000] {processor.py:830} INFO - Processing file /home/airflow/.local/lib/python3.8/site-packages/airflow/example_dags/example_params_trigger_ui.py for tasks to queue
[2026-07-21T18:25:08.291+0000] {logging_mixin.py:188} INFO - [2026-07-21T18:25:08.291+0000] {dagbag.py:538} INFO - Filling up the DagBag from /home/airflow/.local/lib/python3.8/site-packages/airflow/example_dags/example_params_trigger_ui.py
[2026-07-21T18:25:08.307+0000] {processor.py:840} INFO - DAG(s) 'example_params_trigger_ui' retrieved from /home/airflow/.local/lib/python3.8/site-packages/airflow/example_dags/example_params_trigger_ui.py
[2026-07-21T18:25:08.360+0000] {logging_mixin.py:188} INFO - [2026-07-21T18:25:08.360+0000] {dag.py:3036} INFO - Sync 1 DAGs
[2026-07-21T18:25:08.374+0000] {logging_mixin.py:188} INFO - [2026-07-21T18:25:08.374+0000] {dag.py:3823} INFO - Setting next_dagrun for example_params_trigger_ui to None, run_after=None
[2026-07-21T18:25:08.395+0000] {processor.py:183} INFO - Processing /home/airflow/.local/lib/python3.8/site-packages/airflow/example_dags/example_params_trigger_ui.py took 0.111 seconds
[2026-07-21T18:25:39.245+0000] {processor.py:161} INFO - Started process (PID=1931) to work on /home/airflow/.local/lib/python3.8/site-packages/airflow/example_dags/example_params_trigger_ui.py
[2026-07-21T18:25:39.247+0000] {processor.py:830} INFO - Processing file /home/airflow/.local/lib/python3.8/site-packages/airflow/example_dags/example_params_trigger_ui.py for tasks to queue
[2026-07-21T18:25:39.249+0000] {logging_mixin.py:188} INFO - [2026-07-21T18:25:39.249+0000] {dagbag.py:538} INFO - Filling up the DagBag from /home/airflow/.local/lib/python3.8/site-packages/airflow/example_dags/example_params_trigger_ui.py
[2026-07-21T18:25:39.264+0000] {processor.py:840} INFO - DAG(s) 'example_params_trigger_ui' retrieved from /home/airflow/.local/lib/python3.8/site-packages/airflow/example_dags/example_params_trigger_ui.py
[2026-07-21T18:25:39.319+0000] {logging_mixin.py:188} INFO - [2026-07-21T18:25:39.319+0000] {dag.py:3036} INFO - Sync 1 DAGs
[2026-07-21T18:25:39.332+0000] {logging_mixin.py:188} INFO - [2026-07-21T18:25:39.332+0000] {dag.py:3823} INFO - Setting next_dagrun for example_params_trigger_ui to None, run_after=None
[2026-07-21T18:25:39.353+0000] {processor.py:183} INFO - Processing /home/airflow/.local/lib/python3.8/site-packages/airflow/example_dags/example_params_trigger_ui.py took 0.112 seconds
[2026-07-21T18:26:10.046+0000] {processor.py:161} INFO - Started process (PID=1987) to work on /home/airflow/.local/lib/python3.8/site-packages/airflow/example_dags/example_params_trigger_ui.py
[2026-07-21T18:26:10.048+0000] {processor.py:830} INFO - Processing file /home/airflow/.local/lib/python3.8/site-packages/airflow/example_dags/example_params_trigger_ui.py for tasks to queue
[2026-07-21T18:26:10.051+0000] {logging_mixin.py:188} INFO - [2026-07-21T18:26:10.050+0000] {dagbag.py:538} INFO - Filling up the DagBag from /home/airflow/.local/lib/python3.8/site-packages/airflow/example_dags/example_params_trigger_ui.py
[2026-07-21T18:26:10.067+0000] {processor.py:840} INFO - DAG(s) 'example_params_trigger_ui' retrieved from /home/airflow/.local/lib/python3.8/site-packages/airflow/example_dags/example_params_trigger_ui.py
[2026-07-21T18:26:10.121+0000] {logging_mixin.py:188} INFO - [2026-07-21T18:26:10.121+0000] {dag.py:3036} INFO - Sync 1 DAGs
[2026-07-21T18:26:10.134+0000] {logging_mixin.py:188} INFO - [2026-07-21T18:26:10.134+0000] {dag.py:3823} INFO - Setting next_dagrun for example_params_trigger_ui to None, run_after=None
[2026-07-21T18:26:10.157+0000] {processor.py:183} INFO - Processing /home/airflow/.local/lib/python3.8/site-packages/airflow/example_dags/example_params_trigger_ui.py took 0.115 seconds
[2026-07-21T18:26:40.521+0000] {processor.py:161} INFO - Started process (PID=2043) to work on /home/airflow/.local/lib/python3.8/site-packages/airflow/example_dags/example_params_trigger_ui.py
[2026-07-21T18:26:40.522+0000] {processor.py:830} INFO - Processing file /home/airflow/.local/lib/python3.8/site-packages/airflow/example_dags/example_params_trigger_ui.py for tasks to queue
[2026-07-21T18:26:40.524+0000] {logging_mixin.py:188} INFO - [2026-07-21T18:26:40.524+0000] {dagbag.py:538} INFO - Filling up the DagBag from /home/airflow/.local/lib/python3.8/site-packages/airflow/example_dags/example_params_trigger_ui.py
[2026-07-21T18:26:40.540+0000] {processor.py:840} INFO - DAG(s) 'example_params_trigger_ui' retrieved from /home/airflow/.local/lib/python3.8/site-packages/airflow/example_dags/example_params_trigger_ui.py
[2026-07-21T18:26:40.589+0000] {logging_mixin.py:188} INFO - [2026-07-21T18:26:40.589+0000] {dag.py:3036} INFO - Sync 1 DAGs
[2026-07-21T18:26:40.601+0000] {logging_mixin.py:188} INFO - [2026-07-21T18:26:40.601+0000] {dag.py:3823} INFO - Setting next_dagrun for example_params_trigger_ui to None, run_after=None
[2026-07-21T18:26:40.622+0000] {processor.py:183} INFO - Processing /home/airflow/.local/lib/python3.8/site-packages/airflow/example_dags/example_params_trigger_ui.py took 0.104 seconds
[2026-07-21T18:27:11.217+0000] {processor.py:161} INFO - Started process (PID=2099) to work on /home/airflow/.local/lib/python3.8/site-packages/airflow/example_dags/example_params_trigger_ui.py
[2026-07-21T18:27:11.219+0000] {processor.py:830} INFO - Processing file /home/airflow/.local/lib/python3.8/site-packages/airflow/example_dags/example_params_trigger_ui.py for tasks to queue
[2026-07-21T18:27:11.221+0000] {logging_mixin.py:188} INFO - [2026-07-21T18:27:11.221+0000] {dagbag.py:538} INFO - Filling up the DagBag from /home/airflow/.local/lib/python3.8/site-packages/airflow/example_dags/example_params_trigger_ui.py
[2026-07-21T18:27:11.237+0000] {processor.py:840} INFO - DAG(s) 'example_params_trigger_ui' retrieved from /home/airflow/.local/lib/python3.8/site-packages/airflow/example_dags/example_params_trigger_ui.py
[2026-07-21T18:27:11.286+0000] {logging_mixin.py:188} INFO - [2026-07-21T18:27:11.286+0000] {dag.py:3036} INFO - Sync 1 DAGs
[2026-07-21T18:27:11.299+0000] {logging_mixin.py:188} INFO - [2026-07-21T18:27:11.298+0000] {dag.py:3823} INFO - Setting next_dagrun for example_params_trigger_ui to None, run_after=None
[2026-07-21T18:27:11.319+0000] {processor.py:183} INFO - Processing /home/airflow/.local/lib/python3.8/site-packages/airflow/example_dags/example_params_trigger_ui.py took 0.105 seconds
[2026-07-21T18:27:41.880+0000] {processor.py:161} INFO - Started process (PID=2155) to work on /home/airflow/.local/lib/python3.8/site-packages/airflow/example_dags/example_params_trigger_ui.py
[2026-07-21T18:27:41.883+0000] {processor.py:830} INFO - Processing file /home/airflow/.local/lib/python3.8/site-packages/airflow/example_dags/example_params_trigger_ui.py for tasks to queue
[2026-07-21T18:27:41.886+0000] {logging_mixin.py:188} INFO - [2026-07-21T18:27:41.886+0000] {dagbag.py:538} INFO - Filling up the DagBag from /home/airflow/.local/lib/python3.8/site-packages/airflow/example_dags/example_params_trigger_ui.py
[2026-07-21T18:27:41.908+0000] {processor.py:840} INFO - DAG(s) 'example_params_trigger_ui' retrieved from /home/airflow/.local/lib/python3.8/site-packages/airflow/example_dags/example_params_trigger_ui.py
[2026-07-21T18:27:41.973+0000] {logging_mixin.py:188} INFO - [2026-07-21T18:27:41.973+0000] {dag.py:3036} INFO - Sync 1 DAGs
[2026-07-21T18:27:41.986+0000] {logging_mixin.py:188} INFO - [2026-07-21T18:27:41.986+0000] {dag.py:3823} INFO - Setting next_dagrun for example_params_trigger_ui to None, run_after=None
[2026-07-21T18:27:42.007+0000] {processor.py:183} INFO - Processing /home/airflow/.local/lib/python3.8/site-packages/airflow/example_dags/example_params_trigger_ui.py took 0.133 seconds
[2026-07-21T18:28:12.320+0000] {processor.py:161} INFO - Started process (PID=2211) to work on /home/airflow/.local/lib/python3.8/site-packages/airflow/example_dags/example_params_trigger_ui.py
[2026-07-21T18:28:12.322+0000] {processor.py:830} INFO - Processing file /home/airflow/.local/lib/python3.8/site-packages/airflow/example_dags/example_params_trigger_ui.py for tasks to queue
[2026-07-21T18:28:12.324+0000] {logging_mixin.py:188} INFO - [2026-07-21T18:28:12.324+0000] {dagbag.py:538} INFO - Filling up the DagBag from /home/airflow/.local/lib/python3.8/site-packages/airflow/example_dags/example_params_trigger_ui.py
[2026-07-21T18:28:12.338+0000] {processor.py:840} INFO - DAG(s) 'example_params_trigger_ui' retrieved from /home/airflow/.local/lib/python3.8/site-packages/airflow/example_dags/example_params_trigger_ui.py
[2026-07-21T18:28:12.384+0000] {logging_mixin.py:188} INFO - [2026-07-21T18:28:12.384+0000] {dag.py:3036} INFO - Sync 1 DAGs
[2026-07-21T18:28:12.398+0000] {logging_mixin.py:188} INFO - [2026-07-21T18:28:12.398+0000] {dag.py:3823} INFO - Setting next_dagrun for example_params_trigger_ui to None, run_after=None
[2026-07-21T18:28:12.420+0000] {processor.py:183} INFO - Processing /home/airflow/.local/lib/python3.8/site-packages/airflow/example_dags/example_params_trigger_ui.py took 0.104 seconds
[2026-07-21T18:28:42.531+0000] {processor.py:161} INFO - Started process (PID=2267) to work on /home/airflow/.local/lib/python3.8/site-packages/airflow/example_dags/example_params_trigger_ui.py
[2026-07-21T18:28:42.532+0000] {processor.py:830} INFO - Processing file /home/airflow/.local/lib/python3.8/site-packages/airflow/example_dags/example_params_trigger_ui.py for tasks to queue
[2026-07-21T18:28:42.534+0000] {logging_mixin.py:188} INFO - [2026-07-21T18:28:42.534+0000] {dagbag.py:538} INFO - Filling up the DagBag from /home/airflow/.local/lib/python3.8/site-packages/airflow/example_dags/example_params_trigger_ui.py
[2026-07-21T18:28:42.548+0000] {processor.py:840} INFO - DAG(s) 'example_params_trigger_ui' retrieved from /home/airflow/.local/lib/python3.8/site-packages/airflow/example_dags/example_params_trigger_ui.py
[2026-07-21T18:28:42.595+0000] {logging_mixin.py:188} INFO - [2026-07-21T18:28:42.595+0000] {dag.py:3036} INFO - Sync 1 DAGs
[2026-07-21T18:28:42.607+0000] {logging_mixin.py:188} INFO - [2026-07-21T18:28:42.607+0000] {dag.py:3823} INFO - Setting next_dagrun for example_params_trigger_ui to None, run_after=None
[2026-07-21T18:28:42.625+0000] {processor.py:183} INFO - Processing /home/airflow/.local/lib/python3.8/site-packages/airflow/example_dags/example_params_trigger_ui.py took 0.098 seconds
[2026-07-21T18:29:13.095+0000] {processor.py:161} INFO - Started process (PID=2323) to work on /home/airflow/.local/lib/python3.8/site-packages/airflow/example_dags/example_params_trigger_ui.py
[2026-07-21T18:29:13.097+0000] {processor.py:830} INFO - Processing file /home/airflow/.local/lib/python3.8/site-packages/airflow/example_dags/example_params_trigger_ui.py for tasks to queue
[2026-07-21T18:29:13.099+0000] {logging_mixin.py:188} INFO - [2026-07-21T18:29:13.099+0000] {dagbag.py:538} INFO - Filling up the DagBag from /home/airflow/.local/lib/python3.8/site-packages/airflow/example_dags/example_params_trigger_ui.py
[2026-07-21T18:29:13.113+0000] {processor.py:840} INFO - DAG(s) 'example_params_trigger_ui' retrieved from /home/airflow/.local/lib/python3.8/site-packages/airflow/example_dags/example_params_trigger_ui.py
[2026-07-21T18:29:13.164+0000] {logging_mixin.py:188} INFO - [2026-07-21T18:29:13.163+0000] {dag.py:3036} INFO - Sync 1 DAGs
[2026-07-21T18:29:13.176+0000] {logging_mixin.py:188} INFO - [2026-07-21T18:29:13.175+0000] {dag.py:3823} INFO - Setting next_dagrun for example_params_trigger_ui to None, run_after=None
[2026-07-21T18:29:13.194+0000] {processor.py:183} INFO - Processing /home/airflow/.local/lib/python3.8/site-packages/airflow/example_dags/example_params_trigger_ui.py took 0.104 seconds
[2026-07-21T18:29:43.683+0000] {processor.py:161} INFO - Started process (PID=2380) to work on /home/airflow/.local/lib/python3.8/site-packages/airflow/example_dags/example_params_trigger_ui.py
[2026-07-21T18:29:43.685+0000] {processor.py:830} INFO - Processing file /home/airflow/.local/lib/python3.8/site-packages/airflow/example_dags/example_params_trigger_ui.py for tasks to queue
[2026-07-21T18:29:43.687+0000] {logging_mixin.py:188} INFO - [2026-07-21T18:29:43.686+0000] {dagbag.py:538} INFO - Filling up the DagBag from /home/airflow/.local/lib/python3.8/site-packages/airflow/example_dags/example_params_trigger_ui.py
[2026-07-21T18:29:43.701+0000] {processor.py:840} INFO - DAG(s) 'example_params_trigger_ui' retrieved from /home/airflow/.local/lib/python3.8/site-packages/airflow/example_dags/example_params_trigger_ui.py
[2026-07-21T18:29:43.751+0000] {logging_mixin.py:188} INFO - [2026-07-21T18:29:43.751+0000] {dag.py:3036} INFO - Sync 1 DAGs
[2026-07-21T18:29:43.764+0000] {logging_mixin.py:188} INFO - [2026-07-21T18:29:43.764+0000] {dag.py:3823} INFO - Setting next_dagrun for example_params_trigger_ui to None, run_after=None
[2026-07-21T18:29:43.786+0000] {processor.py:183} INFO - Processing /home/airflow/.local/lib/python3.8/site-packages/airflow/example_dags/example_params_trigger_ui.py took 0.106 seconds
[2026-07-21T18:30:14.041+0000] {processor.py:161} INFO - Started process (PID=2436) to work on /home/airflow/.local/lib/python3.8/site-packages/airflow/example_dags/example_params_trigger_ui.py
[2026-07-21T18:30:14.043+0000] {processor.py:830} INFO - Processing file /home/airflow/.local/lib/python3.8/site-packages/airflow/example_dags/example_params_trigger_ui.py for tasks to queue
[2026-07-21T18:30:14.045+0000] {logging_mixin.py:188} INFO - [2026-07-21T18:30:14.044+0000] {dagbag.py:538} INFO - Filling up the DagBag from /home/airflow/.local/lib/python3.8/site-packages/airflow/example_dags/example_params_trigger_ui.py
[2026-07-21T18:30:14.059+0000] {processor.py:840} INFO - DAG(s) 'example_params_trigger_ui' retrieved from /home/airflow/.local/lib/python3.8/site-packages/airflow/example_dags/example_params_trigger_ui.py
[2026-07-21T18:30:14.113+0000] {logging_mixin.py:188} INFO - [2026-07-21T18:30:14.113+0000] {dag.py:3036} INFO - Sync 1 DAGs
[2026-07-21T18:30:14.125+0000] {logging_mixin.py:188} INFO - [2026-07-21T18:30:14.125+0000] {dag.py:3823} INFO - Setting next_dagrun for example_params_trigger_ui to None, run_after=None
[2026-07-21T18:30:14.145+0000] {processor.py:183} INFO - Processing /home/airflow/.local/lib/python3.8/site-packages/airflow/example_dags/example_params_trigger_ui.py took 0.107 seconds
[2026-07-21T18:30:44.434+0000] {processor.py:161} INFO - Started process (PID=2492) to work on /home/airflow/.local/lib/python3.8/site-packages/airflow/example_dags/example_params_trigger_ui.py
[2026-07-21T18:30:44.435+0000] {processor.py:830} INFO - Processing file /home/airflow/.local/lib/python3.8/site-packages/airflow/example_dags/example_params_trigger_ui.py for tasks to queue
[2026-07-21T18:30:44.438+0000] {logging_mixin.py:188} INFO - [2026-07-21T18:30:44.437+0000] {dagbag.py:538} INFO - Filling up the DagBag from /home/airflow/.local/lib/python3.8/site-packages/airflow/example_dags/example_params_trigger_ui.py
[2026-07-21T18:30:44.454+0000] {processor.py:840} INFO - DAG(s) 'example_params_trigger_ui' retrieved from /home/airflow/.local/lib/python3.8/site-packages/airflow/example_dags/example_params_trigger_ui.py
[2026-07-21T18:30:44.502+0000] {logging_mixin.py:188} INFO - [2026-07-21T18:30:44.502+0000] {dag.py:3036} INFO - Sync 1 DAGs
[2026-07-21T18:30:44.513+0000] {logging_mixin.py:188} INFO - [2026-07-21T18:30:44.513+0000] {dag.py:3823} INFO - Setting next_dagrun for example_params_trigger_ui to None, run_after=None
[2026-07-21T18:30:44.532+0000] {processor.py:183} INFO - Processing /home/airflow/.local/lib/python3.8/site-packages/airflow/example_dags/example_params_trigger_ui.py took 0.101 seconds
[2026-07-21T18:31:14.891+0000] {processor.py:161} INFO - Started process (PID=2549) to work on /home/airflow/.local/lib/python3.8/site-packages/airflow/example_dags/example_params_trigger_ui.py
[2026-07-21T18:31:14.892+0000] {processor.py:830} INFO - Processing file /home/airflow/.local/lib/python3.8/site-packages/airflow/example_dags/example_params_trigger_ui.py for tasks to queue
[2026-07-21T18:31:14.894+0000] {logging_mixin.py:188} INFO - [2026-07-21T18:31:14.894+0000] {dagbag.py:538} INFO - Filling up the DagBag from /home/airflow/.local/lib/python3.8/site-packages/airflow/example_dags/example_params_trigger_ui.py
[2026-07-21T18:31:14.908+0000] {processor.py:840} INFO - DAG(s) 'example_params_trigger_ui' retrieved from /home/airflow/.local/lib/python3.8/site-packages/airflow/example_dags/example_params_trigger_ui.py
[2026-07-21T18:31:14.954+0000] {logging_mixin.py:188} INFO - [2026-07-21T18:31:14.954+0000] {dag.py:3036} INFO - Sync 1 DAGs
[2026-07-21T18:31:14.966+0000] {logging_mixin.py:188} INFO - [2026-07-21T18:31:14.966+0000] {dag.py:3823} INFO - Setting next_dagrun for example_params_trigger_ui to None, run_after=None
[2026-07-21T18:31:14.988+0000] {processor.py:183} INFO - Processing /home/airflow/.local/lib/python3.8/site-packages/airflow/example_dags/example_params_trigger_ui.py took 0.101 seconds
[2026-07-21T18:34:16.741+0000] {processor.py:161} INFO - Started process (PID=101) to work on /home/airflow/.local/lib/python3.10/site-packages/airflow/example_dags/example_params_trigger_ui.py
[2026-07-21T18:34:16.743+0000] {processor.py:830} INFO - Processing file /home/airflow/.local/lib/python3.10/site-packages/airflow/example_dags/example_params_trigger_ui.py for tasks to queue
[2026-07-21T18:34:16.748+0000] {logging_mixin.py:188} INFO - [2026-07-21T18:34:16.748+0000] {dagbag.py:538} INFO - Filling up the DagBag from /home/airflow/.local/lib/python3.10/site-packages/airflow/example_dags/example_params_trigger_ui.py
[2026-07-21T18:34:16.790+0000] {processor.py:840} INFO - DAG(s) 'example_params_trigger_ui' retrieved from /home/airflow/.local/lib/python3.10/site-packages/airflow/example_dags/example_params_trigger_ui.py
[2026-07-21T18:34:17.048+0000] {logging_mixin.py:188} INFO - [2026-07-21T18:34:17.047+0000] {dag.py:3036} INFO - Sync 1 DAGs
[2026-07-21T18:34:17.112+0000] {logging_mixin.py:188} INFO - [2026-07-21T18:34:17.112+0000] {dag.py:3823} INFO - Setting next_dagrun for example_params_trigger_ui to None, run_after=None
[2026-07-21T18:34:17.175+0000] {processor.py:183} INFO - Processing /home/airflow/.local/lib/python3.10/site-packages/airflow/example_dags/example_params_trigger_ui.py took 0.441 seconds
[2026-07-21T18:34:47.228+0000] {processor.py:161} INFO - Started process (PID=156) to work on /home/airflow/.local/lib/python3.10/site-packages/airflow/example_dags/example_params_trigger_ui.py
[2026-07-21T18:34:47.230+0000] {processor.py:830} INFO - Processing file /home/airflow/.local/lib/python3.10/site-packages/airflow/example_dags/example_params_trigger_ui.py for tasks to queue
[2026-07-21T18:34:47.232+0000] {logging_mixin.py:188} INFO - [2026-07-21T18:34:47.232+0000] {dagbag.py:538} INFO - Filling up the DagBag from /home/airflow/.local/lib/python3.10/site-packages/airflow/example_dags/example_params_trigger_ui.py
[2026-07-21T18:34:47.246+0000] {processor.py:840} INFO - DAG(s) 'example_params_trigger_ui' retrieved from /home/airflow/.local/lib/python3.10/site-packages/airflow/example_dags/example_params_trigger_ui.py
[2026-07-21T18:34:47.289+0000] {logging_mixin.py:188} INFO - [2026-07-21T18:34:47.288+0000] {dag.py:3036} INFO - Sync 1 DAGs
[2026-07-21T18:34:47.299+0000] {logging_mixin.py:188} INFO - [2026-07-21T18:34:47.299+0000] {dag.py:3823} INFO - Setting next_dagrun for example_params_trigger_ui to None, run_after=None
[2026-07-21T18:34:47.317+0000] {processor.py:183} INFO - Processing /home/airflow/.local/lib/python3.10/site-packages/airflow/example_dags/example_params_trigger_ui.py took 0.092 seconds
[2026-07-21T18:35:18.070+0000] {processor.py:161} INFO - Started process (PID=213) to work on /home/airflow/.local/lib/python3.10/site-packages/airflow/example_dags/example_params_trigger_ui.py
[2026-07-21T18:35:18.072+0000] {processor.py:830} INFO - Processing file /home/airflow/.local/lib/python3.10/site-packages/airflow/example_dags/example_params_trigger_ui.py for tasks to queue
[2026-07-21T18:35:18.074+0000] {logging_mixin.py:188} INFO - [2026-07-21T18:35:18.073+0000] {dagbag.py:538} INFO - Filling up the DagBag from /home/airflow/.local/lib/python3.10/site-packages/airflow/example_dags/example_params_trigger_ui.py
[2026-07-21T18:35:18.087+0000] {processor.py:840} INFO - DAG(s) 'example_params_trigger_ui' retrieved from /home/airflow/.local/lib/python3.10/site-packages/airflow/example_dags/example_params_trigger_ui.py
[2026-07-21T18:35:18.132+0000] {logging_mixin.py:188} INFO - [2026-07-21T18:35:18.132+0000] {dag.py:3036} INFO - Sync 1 DAGs
[2026-07-21T18:35:18.146+0000] {logging_mixin.py:188} INFO - [2026-07-21T18:35:18.146+0000] {dag.py:3823} INFO - Setting next_dagrun for example_params_trigger_ui to None, run_after=None
[2026-07-21T18:35:18.168+0000] {processor.py:183} INFO - Processing /home/airflow/.local/lib/python3.10/site-packages/airflow/example_dags/example_params_trigger_ui.py took 0.102 seconds
[2026-07-21T18:35:48.455+0000] {processor.py:161} INFO - Started process (PID=268) to work on /home/airflow/.local/lib/python3.10/site-packages/airflow/example_dags/example_params_trigger_ui.py
[2026-07-21T18:35:48.456+0000] {processor.py:830} INFO - Processing file /home/airflow/.local/lib/python3.10/site-packages/airflow/example_dags/example_params_trigger_ui.py for tasks to queue
[2026-07-21T18:35:48.458+0000] {logging_mixin.py:188} INFO - [2026-07-21T18:35:48.458+0000] {dagbag.py:538} INFO - Filling up the DagBag from /home/airflow/.local/lib/python3.10/site-packages/airflow/example_dags/example_params_trigger_ui.py
[2026-07-21T18:35:48.474+0000] {processor.py:840} INFO - DAG(s) 'example_params_trigger_ui' retrieved from /home/airflow/.local/lib/python3.10/site-packages/airflow/example_dags/example_params_trigger_ui.py
[2026-07-21T18:35:48.521+0000] {logging_mixin.py:188} INFO - [2026-07-21T18:35:48.521+0000] {dag.py:3036} INFO - Sync 1 DAGs
[2026-07-21T18:35:48.537+0000] {logging_mixin.py:188} INFO - [2026-07-21T18:35:48.536+0000] {dag.py:3823} INFO - Setting next_dagrun for example_params_trigger_ui to None, run_after=None
[2026-07-21T18:35:48.556+0000] {processor.py:183} INFO - Processing /home/airflow/.local/lib/python3.10/site-packages/airflow/example_dags/example_params_trigger_ui.py took 0.106 seconds
[2026-07-21T18:36:18.693+0000] {processor.py:161} INFO - Started process (PID=324) to work on /home/airflow/.local/lib/python3.10/site-packages/airflow/example_dags/example_params_trigger_ui.py
[2026-07-21T18:36:18.695+0000] {processor.py:830} INFO - Processing file /home/airflow/.local/lib/python3.10/site-packages/airflow/example_dags/example_params_trigger_ui.py for tasks to queue
[2026-07-21T18:36:18.697+0000] {logging_mixin.py:188} INFO - [2026-07-21T18:36:18.696+0000] {dagbag.py:538} INFO - Filling up the DagBag from /home/airflow/.local/lib/python3.10/site-packages/airflow/example_dags/example_params_trigger_ui.py
[2026-07-21T18:36:18.711+0000] {processor.py:840} INFO - DAG(s) 'example_params_trigger_ui' retrieved from /home/airflow/.local/lib/python3.10/site-packages/airflow/example_dags/example_params_trigger_ui.py
[2026-07-21T18:36:18.758+0000] {logging_mixin.py:188} INFO - [2026-07-21T18:36:18.757+0000] {dag.py:3036} INFO - Sync 1 DAGs
[2026-07-21T18:36:18.771+0000] {logging_mixin.py:188} INFO - [2026-07-21T18:36:18.770+0000] {dag.py:3823} INFO - Setting next_dagrun for example_params_trigger_ui to None, run_after=None
[2026-07-21T18:36:18.790+0000] {processor.py:183} INFO - Processing /home/airflow/.local/lib/python3.10/site-packages/airflow/example_dags/example_params_trigger_ui.py took 0.101 seconds
[2026-07-21T18:36:49.007+0000] {processor.py:161} INFO - Started process (PID=380) to work on /home/airflow/.local/lib/python3.10/site-packages/airflow/example_dags/example_params_trigger_ui.py
[2026-07-21T18:36:49.008+0000] {processor.py:830} INFO - Processing file /home/airflow/.local/lib/python3.10/site-packages/airflow/example_dags/example_params_trigger_ui.py for tasks to queue
[2026-07-21T18:36:49.010+0000] {logging_mixin.py:188} INFO - [2026-07-21T18:36:49.010+0000] {dagbag.py:538} INFO - Filling up the DagBag from /home/airflow/.local/lib/python3.10/site-packages/airflow/example_dags/example_params_trigger_ui.py
[2026-07-21T18:36:49.023+0000] {processor.py:840} INFO - DAG(s) 'example_params_trigger_ui' retrieved from /home/airflow/.local/lib/python3.10/site-packages/airflow/example_dags/example_params_trigger_ui.py
[2026-07-21T18:36:49.063+0000] {logging_mixin.py:188} INFO - [2026-07-21T18:36:49.062+0000] {dag.py:3036} INFO - Sync 1 DAGs
[2026-07-21T18:36:49.075+0000] {logging_mixin.py:188} INFO - [2026-07-21T18:36:49.074+0000] {dag.py:3823} INFO - Setting next_dagrun for example_params_trigger_ui to None, run_after=None
[2026-07-21T18:36:49.092+0000] {processor.py:183} INFO - Processing /home/airflow/.local/lib/python3.10/site-packages/airflow/example_dags/example_params_trigger_ui.py took 0.089 seconds
[2026-07-21T18:37:19.380+0000] {processor.py:161} INFO - Started process (PID=436) to work on /home/airflow/.local/lib/python3.10/site-packages/airflow/example_dags/example_params_trigger_ui.py
[2026-07-21T18:37:19.381+0000] {processor.py:830} INFO - Processing file /home/airflow/.local/lib/python3.10/site-packages/airflow/example_dags/example_params_trigger_ui.py for tasks to queue
[2026-07-21T18:37:19.383+0000] {logging_mixin.py:188} INFO - [2026-07-21T18:37:19.383+0000] {dagbag.py:538} INFO - Filling up the DagBag from /home/airflow/.local/lib/python3.10/site-packages/airflow/example_dags/example_params_trigger_ui.py
[2026-07-21T18:37:19.397+0000] {processor.py:840} INFO - DAG(s) 'example_params_trigger_ui' retrieved from /home/airflow/.local/lib/python3.10/site-packages/airflow/example_dags/example_params_trigger_ui.py
[2026-07-21T18:37:19.437+0000] {logging_mixin.py:188} INFO - [2026-07-21T18:37:19.437+0000] {dag.py:3036} INFO - Sync 1 DAGs
[2026-07-21T18:37:19.449+0000] {logging_mixin.py:188} INFO - [2026-07-21T18:37:19.449+0000] {dag.py:3823} INFO - Setting next_dagrun for example_params_trigger_ui to None, run_after=None
[2026-07-21T18:37:19.467+0000] {processor.py:183} INFO - Processing /home/airflow/.local/lib/python3.10/site-packages/airflow/example_dags/example_params_trigger_ui.py took 0.091 seconds
[2026-07-21T18:37:49.564+0000] {processor.py:161} INFO - Started process (PID=492) to work on /home/airflow/.local/lib/python3.10/site-packages/airflow/example_dags/example_params_trigger_ui.py
[2026-07-21T18:37:49.565+0000] {processor.py:830} INFO - Processing file /home/airflow/.local/lib/python3.10/site-packages/airflow/example_dags/example_params_trigger_ui.py for tasks to queue
[2026-07-21T18:37:49.567+0000] {logging_mixin.py:188} INFO - [2026-07-21T18:37:49.567+0000] {dagbag.py:538} INFO - Filling up the DagBag from /home/airflow/.local/lib/python3.10/site-packages/airflow/example_dags/example_params_trigger_ui.py
[2026-07-21T18:37:49.581+0000] {processor.py:840} INFO - DAG(s) 'example_params_trigger_ui' retrieved from /home/airflow/.local/lib/python3.10/site-packages/airflow/example_dags/example_params_trigger_ui.py
[2026-07-21T18:37:49.620+0000] {logging_mixin.py:188} INFO - [2026-07-21T18:37:49.619+0000] {dag.py:3036} INFO - Sync 1 DAGs
[2026-07-21T18:37:49.631+0000] {logging_mixin.py:188} INFO - [2026-07-21T18:37:49.631+0000] {dag.py:3823} INFO - Setting next_dagrun for example_params_trigger_ui to None, run_after=None
[2026-07-21T18:37:49.649+0000] {processor.py:183} INFO - Processing /home/airflow/.local/lib/python3.10/site-packages/airflow/example_dags/example_params_trigger_ui.py took 0.089 seconds
[2026-07-21T18:38:20.360+0000] {processor.py:161} INFO - Started process (PID=549) to work on /home/airflow/.local/lib/python3.10/site-packages/airflow/example_dags/example_params_trigger_ui.py
[2026-07-21T18:38:20.361+0000] {processor.py:830} INFO - Processing file /home/airflow/.local/lib/python3.10/site-packages/airflow/example_dags/example_params_trigger_ui.py for tasks to queue
[2026-07-21T18:38:20.363+0000] {logging_mixin.py:188} INFO - [2026-07-21T18:38:20.363+0000] {dagbag.py:538} INFO - Filling up the DagBag from /home/airflow/.local/lib/python3.10/site-packages/airflow/example_dags/example_params_trigger_ui.py
[2026-07-21T18:38:20.377+0000] {processor.py:840} INFO - DAG(s) 'example_params_trigger_ui' retrieved from /home/airflow/.local/lib/python3.10/site-packages/airflow/example_dags/example_params_trigger_ui.py
[2026-07-21T18:38:20.419+0000] {logging_mixin.py:188} INFO - [2026-07-21T18:38:20.418+0000] {dag.py:3036} INFO - Sync 1 DAGs
[2026-07-21T18:38:20.431+0000] {logging_mixin.py:188} INFO - [2026-07-21T18:38:20.431+0000] {dag.py:3823} INFO - Setting next_dagrun for example_params_trigger_ui to None, run_after=None
[2026-07-21T18:38:20.451+0000] {processor.py:183} INFO - Processing /home/airflow/.local/lib/python3.10/site-packages/airflow/example_dags/example_params_trigger_ui.py took 0.095 seconds
[2026-07-21T18:38:50.665+0000] {processor.py:161} INFO - Started process (PID=605) to work on /home/airflow/.local/lib/python3.10/site-packages/airflow/example_dags/example_params_trigger_ui.py
[2026-07-21T18:38:50.667+0000] {processor.py:830} INFO - Processing file /home/airflow/.local/lib/python3.10/site-packages/airflow/example_dags/example_params_trigger_ui.py for tasks to queue
[2026-07-21T18:38:50.669+0000] {logging_mixin.py:188} INFO - [2026-07-21T18:38:50.669+0000] {dagbag.py:538} INFO - Filling up the DagBag from /home/airflow/.local/lib/python3.10/site-packages/airflow/example_dags/example_params_trigger_ui.py
[2026-07-21T18:38:50.683+0000] {processor.py:840} INFO - DAG(s) 'example_params_trigger_ui' retrieved from /home/airflow/.local/lib/python3.10/site-packages/airflow/example_dags/example_params_trigger_ui.py
[2026-07-21T18:38:50.726+0000] {logging_mixin.py:188} INFO - [2026-07-21T18:38:50.726+0000] {dag.py:3036} INFO - Sync 1 DAGs
[2026-07-21T18:38:50.739+0000] {logging_mixin.py:188} INFO - [2026-07-21T18:38:50.739+0000] {dag.py:3823} INFO - Setting next_dagrun for example_params_trigger_ui to None, run_after=None
[2026-07-21T18:38:50.758+0000] {processor.py:183} INFO - Processing /home/airflow/.local/lib/python3.10/site-packages/airflow/example_dags/example_params_trigger_ui.py took 0.096 seconds
[2026-07-21T18:39:20.804+0000] {processor.py:161} INFO - Started process (PID=660) to work on /home/airflow/.local/lib/python3.10/site-packages/airflow/example_dags/example_params_trigger_ui.py
[2026-07-21T18:39:20.805+0000] {processor.py:830} INFO - Processing file /home/airflow/.local/lib/python3.10/site-packages/airflow/example_dags/example_params_trigger_ui.py for tasks to queue
[2026-07-21T18:39:20.807+0000] {logging_mixin.py:188} INFO - [2026-07-21T18:39:20.807+0000] {dagbag.py:538} INFO - Filling up the DagBag from /home/airflow/.local/lib/python3.10/site-packages/airflow/example_dags/example_params_trigger_ui.py
[2026-07-21T18:39:20.822+0000] {processor.py:840} INFO - DAG(s) 'example_params_trigger_ui' retrieved from /home/airflow/.local/lib/python3.10/site-packages/airflow/example_dags/example_params_trigger_ui.py
[2026-07-21T18:39:20.862+0000] {logging_mixin.py:188} INFO - [2026-07-21T18:39:20.862+0000] {dag.py:3036} INFO - Sync 1 DAGs
[2026-07-21T18:39:20.874+0000] {logging_mixin.py:188} INFO - [2026-07-21T18:39:20.874+0000] {dag.py:3823} INFO - Setting next_dagrun for example_params_trigger_ui to None, run_after=None
[2026-07-21T18:39:20.892+0000] {processor.py:183} INFO - Processing /home/airflow/.local/lib/python3.10/site-packages/airflow/example_dags/example_params_trigger_ui.py took 0.092 seconds
[2026-07-21T18:39:50.936+0000] {processor.py:161} INFO - Started process (PID=716) to work on /home/airflow/.local/lib/python3.10/site-packages/airflow/example_dags/example_params_trigger_ui.py
[2026-07-21T18:39:50.937+0000] {processor.py:830} INFO - Processing file /home/airflow/.local/lib/python3.10/site-packages/airflow/example_dags/example_params_trigger_ui.py for tasks to queue
[2026-07-21T18:39:50.939+0000] {logging_mixin.py:188} INFO - [2026-07-21T18:39:50.938+0000] {dagbag.py:538} INFO - Filling up the DagBag from /home/airflow/.local/lib/python3.10/site-packages/airflow/example_dags/example_params_trigger_ui.py
[2026-07-21T18:39:50.952+0000] {processor.py:840} INFO - DAG(s) 'example_params_trigger_ui' retrieved from /home/airflow/.local/lib/python3.10/site-packages/airflow/example_dags/example_params_trigger_ui.py
[2026-07-21T18:39:50.993+0000] {logging_mixin.py:188} INFO - [2026-07-21T18:39:50.993+0000] {dag.py:3036} INFO - Sync 1 DAGs
[2026-07-21T18:39:51.004+0000] {logging_mixin.py:188} INFO - [2026-07-21T18:39:51.004+0000] {dag.py:3823} INFO - Setting next_dagrun for example_params_trigger_ui to None, run_after=None
[2026-07-21T18:39:51.021+0000] {processor.py:183} INFO - Processing /home/airflow/.local/lib/python3.10/site-packages/airflow/example_dags/example_params_trigger_ui.py took 0.090 seconds
[2026-07-21T18:40:21.530+0000] {processor.py:161} INFO - Started process (PID=772) to work on /home/airflow/.local/lib/python3.10/site-packages/airflow/example_dags/example_params_trigger_ui.py
[2026-07-21T18:40:21.532+0000] {processor.py:830} INFO - Processing file /home/airflow/.local/lib/python3.10/site-packages/airflow/example_dags/example_params_trigger_ui.py for tasks to queue
[2026-07-21T18:40:21.534+0000] {logging_mixin.py:188} INFO - [2026-07-21T18:40:21.533+0000] {dagbag.py:538} INFO - Filling up the DagBag from /home/airflow/.local/lib/python3.10/site-packages/airflow/example_dags/example_params_trigger_ui.py
[2026-07-21T18:40:21.548+0000] {processor.py:840} INFO - DAG(s) 'example_params_trigger_ui' retrieved from /home/airflow/.local/lib/python3.10/site-packages/airflow/example_dags/example_params_trigger_ui.py
[2026-07-21T18:40:21.586+0000] {logging_mixin.py:188} INFO - [2026-07-21T18:40:21.586+0000] {dag.py:3036} INFO - Sync 1 DAGs
[2026-07-21T18:40:21.597+0000] {logging_mixin.py:188} INFO - [2026-07-21T18:40:21.597+0000] {dag.py:3823} INFO - Setting next_dagrun for example_params_trigger_ui to None, run_after=None
[2026-07-21T18:40:21.614+0000] {processor.py:183} INFO - Processing /home/airflow/.local/lib/python3.10/site-packages/airflow/example_dags/example_params_trigger_ui.py took 0.087 seconds
[2026-07-21T18:40:52.002+0000] {processor.py:161} INFO - Started process (PID=828) to work on /home/airflow/.local/lib/python3.10/site-packages/airflow/example_dags/example_params_trigger_ui.py
[2026-07-21T18:40:52.003+0000] {processor.py:830} INFO - Processing file /home/airflow/.local/lib/python3.10/site-packages/airflow/example_dags/example_params_trigger_ui.py for tasks to queue
[2026-07-21T18:40:52.005+0000] {logging_mixin.py:188} INFO - [2026-07-21T18:40:52.005+0000] {dagbag.py:538} INFO - Filling up the DagBag from /home/airflow/.local/lib/python3.10/site-packages/airflow/example_dags/example_params_trigger_ui.py
[2026-07-21T18:40:52.019+0000] {processor.py:840} INFO - DAG(s) 'example_params_trigger_ui' retrieved from /home/airflow/.local/lib/python3.10/site-packages/airflow/example_dags/example_params_trigger_ui.py
[2026-07-21T18:40:52.059+0000] {logging_mixin.py:188} INFO - [2026-07-21T18:40:52.059+0000] {dag.py:3036} INFO - Sync 1 DAGs
[2026-07-21T18:40:52.070+0000] {logging_mixin.py:188} INFO - [2026-07-21T18:40:52.070+0000] {dag.py:3823} INFO - Setting next_dagrun for example_params_trigger_ui to None, run_after=None
[2026-07-21T18:40:52.087+0000] {processor.py:183} INFO - Processing /home/airflow/.local/lib/python3.10/site-packages/airflow/example_dags/example_params_trigger_ui.py took 0.089 seconds
[2026-07-21T18:41:23.079+0000] {processor.py:161} INFO - Started process (PID=884) to work on /home/airflow/.local/lib/python3.10/site-packages/airflow/example_dags/example_params_trigger_ui.py
[2026-07-21T18:41:23.080+0000] {processor.py:830} INFO - Processing file /home/airflow/.local/lib/python3.10/site-packages/airflow/example_dags/example_params_trigger_ui.py for tasks to queue
[2026-07-21T18:41:23.082+0000] {logging_mixin.py:188} INFO - [2026-07-21T18:41:23.082+0000] {dagbag.py:538} INFO - Filling up the DagBag from /home/airflow/.local/lib/python3.10/site-packages/airflow/example_dags/example_params_trigger_ui.py
[2026-07-21T18:41:23.095+0000] {processor.py:840} INFO - DAG(s) 'example_params_trigger_ui' retrieved from /home/airflow/.local/lib/python3.10/site-packages/airflow/example_dags/example_params_trigger_ui.py
[2026-07-21T18:41:23.134+0000] {logging_mixin.py:188} INFO - [2026-07-21T18:41:23.134+0000] {dag.py:3036} INFO - Sync 1 DAGs
[2026-07-21T18:41:23.144+0000] {logging_mixin.py:188} INFO - [2026-07-21T18:41:23.144+0000] {dag.py:3823} INFO - Setting next_dagrun for example_params_trigger_ui to None, run_after=None
[2026-07-21T18:41:23.162+0000] {processor.py:183} INFO - Processing /home/airflow/.local/lib/python3.10/site-packages/airflow/example_dags/example_params_trigger_ui.py took 0.087 seconds
[2026-07-21T18:41:53.461+0000] {processor.py:161} INFO - Started process (PID=940) to work on /home/airflow/.local/lib/python3.10/site-packages/airflow/example_dags/example_params_trigger_ui.py
[2026-07-21T18:41:53.462+0000] {processor.py:830} INFO - Processing file /home/airflow/.local/lib/python3.10/site-packages/airflow/example_dags/example_params_trigger_ui.py for tasks to queue
[2026-07-21T18:41:53.465+0000] {logging_mixin.py:188} INFO - [2026-07-21T18:41:53.464+0000] {dagbag.py:538} INFO - Filling up the DagBag from /home/airflow/.local/lib/python3.10/site-packages/airflow/example_dags/example_params_trigger_ui.py
[2026-07-21T18:41:53.478+0000] {processor.py:840} INFO - DAG(s) 'example_params_trigger_ui' retrieved from /home/airflow/.local/lib/python3.10/site-packages/airflow/example_dags/example_params_trigger_ui.py
[2026-07-21T18:41:53.518+0000] {logging_mixin.py:188} INFO - [2026-07-21T18:41:53.517+0000] {dag.py:3036} INFO - Sync 1 DAGs
[2026-07-21T18:41:53.528+0000] {logging_mixin.py:188} INFO - [2026-07-21T18:41:53.528+0000] {dag.py:3823} INFO - Setting next_dagrun for example_params_trigger_ui to None, run_after=None
[2026-07-21T18:41:53.544+0000] {processor.py:183} INFO - Processing /home/airflow/.local/lib/python3.10/site-packages/airflow/example_dags/example_params_trigger_ui.py took 0.087 seconds
[2026-07-21T18:42:23.827+0000] {processor.py:161} INFO - Started process (PID=996) to work on /home/airflow/.local/lib/python3.10/site-packages/airflow/example_dags/example_params_trigger_ui.py
[2026-07-21T18:42:23.828+0000] {processor.py:830} INFO - Processing file /home/airflow/.local/lib/python3.10/site-packages/airflow/example_dags/example_params_trigger_ui.py for tasks to queue
[2026-07-21T18:42:23.830+0000] {logging_mixin.py:188} INFO - [2026-07-21T18:42:23.830+0000] {dagbag.py:538} INFO - Filling up the DagBag from /home/airflow/.local/lib/python3.10/site-packages/airflow/example_dags/example_params_trigger_ui.py
[2026-07-21T18:42:23.844+0000] {processor.py:840} INFO - DAG(s) 'example_params_trigger_ui' retrieved from /home/airflow/.local/lib/python3.10/site-packages/airflow/example_dags/example_params_trigger_ui.py
[2026-07-21T18:42:23.884+0000] {logging_mixin.py:188} INFO - [2026-07-21T18:42:23.884+0000] {dag.py:3036} INFO - Sync 1 DAGs
[2026-07-21T18:42:23.896+0000] {logging_mixin.py:188} INFO - [2026-07-21T18:42:23.895+0000] {dag.py:3823} INFO - Setting next_dagrun for example_params_trigger_ui to None, run_after=None
[2026-07-21T18:42:23.914+0000] {processor.py:183} INFO - Processing /home/airflow/.local/lib/python3.10/site-packages/airflow/example_dags/example_params_trigger_ui.py took 0.091 seconds
[2026-07-21T18:42:54.179+0000] {processor.py:161} INFO - Started process (PID=1053) to work on /home/airflow/.local/lib/python3.10/site-packages/airflow/example_dags/example_params_trigger_ui.py
[2026-07-21T18:42:54.180+0000] {processor.py:830} INFO - Processing file /home/airflow/.local/lib/python3.10/site-packages/airflow/example_dags/example_params_trigger_ui.py for tasks to queue
[2026-07-21T18:42:54.183+0000] {logging_mixin.py:188} INFO - [2026-07-21T18:42:54.183+0000] {dagbag.py:538} INFO - Filling up the DagBag from /home/airflow/.local/lib/python3.10/site-packages/airflow/example_dags/example_params_trigger_ui.py
[2026-07-21T18:42:54.199+0000] {processor.py:840} INFO - DAG(s) 'example_params_trigger_ui' retrieved from /home/airflow/.local/lib/python3.10/site-packages/airflow/example_dags/example_params_trigger_ui.py
[2026-07-21T18:42:54.240+0000] {logging_mixin.py:188} INFO - [2026-07-21T18:42:54.239+0000] {dag.py:3036} INFO - Sync 1 DAGs
[2026-07-21T18:42:54.250+0000] {logging_mixin.py:188} INFO - [2026-07-21T18:42:54.250+0000] {dag.py:3823} INFO - Setting next_dagrun for example_params_trigger_ui to None, run_after=None
[2026-07-21T18:42:54.268+0000] {processor.py:183} INFO - Processing /home/airflow/.local/lib/python3.10/site-packages/airflow/example_dags/example_params_trigger_ui.py took 0.094 seconds
[2026-07-21T18:43:24.650+0000] {processor.py:161} INFO - Started process (PID=1109) to work on /home/airflow/.local/lib/python3.10/site-packages/airflow/example_dags/example_params_trigger_ui.py
[2026-07-21T18:43:24.652+0000] {processor.py:830} INFO - Processing file /home/airflow/.local/lib/python3.10/site-packages/airflow/example_dags/example_params_trigger_ui.py for tasks to queue
[2026-07-21T18:43:24.654+0000] {logging_mixin.py:188} INFO - [2026-07-21T18:43:24.654+0000] {dagbag.py:538} INFO - Filling up the DagBag from /home/airflow/.local/lib/python3.10/site-packages/airflow/example_dags/example_params_trigger_ui.py
[2026-07-21T18:43:24.668+0000] {processor.py:840} INFO - DAG(s) 'example_params_trigger_ui' retrieved from /home/airflow/.local/lib/python3.10/site-packages/airflow/example_dags/example_params_trigger_ui.py
[2026-07-21T18:43:24.709+0000] {logging_mixin.py:188} INFO - [2026-07-21T18:43:24.708+0000] {dag.py:3036} INFO - Sync 1 DAGs
[2026-07-21T18:43:24.720+0000] {logging_mixin.py:188} INFO - [2026-07-21T18:43:24.719+0000] {dag.py:3823} INFO - Setting next_dagrun for example_params_trigger_ui to None, run_after=None
[2026-07-21T18:43:24.740+0000] {processor.py:183} INFO - Processing /home/airflow/.local/lib/python3.10/site-packages/airflow/example_dags/example_params_trigger_ui.py took 0.093 seconds
[2026-07-21T18:43:55.026+0000] {processor.py:161} INFO - Started process (PID=1165) to work on /home/airflow/.local/lib/python3.10/site-packages/airflow/example_dags/example_params_trigger_ui.py
[2026-07-21T18:43:55.028+0000] {processor.py:830} INFO - Processing file /home/airflow/.local/lib/python3.10/site-packages/airflow/example_dags/example_params_trigger_ui.py for tasks to queue
[2026-07-21T18:43:55.030+0000] {logging_mixin.py:188} INFO - [2026-07-21T18:43:55.030+0000] {dagbag.py:538} INFO - Filling up the DagBag from /home/airflow/.local/lib/python3.10/site-packages/airflow/example_dags/example_params_trigger_ui.py
[2026-07-21T18:43:55.044+0000] {processor.py:840} INFO - DAG(s) 'example_params_trigger_ui' retrieved from /home/airflow/.local/lib/python3.10/site-packages/airflow/example_dags/example_params_trigger_ui.py
[2026-07-21T18:43:55.086+0000] {logging_mixin.py:188} INFO - [2026-07-21T18:43:55.086+0000] {dag.py:3036} INFO - Sync 1 DAGs
[2026-07-21T18:43:55.097+0000] {logging_mixin.py:188} INFO - [2026-07-21T18:43:55.096+0000] {dag.py:3823} INFO - Setting next_dagrun for example_params_trigger_ui to None, run_after=None
[2026-07-21T18:43:55.115+0000] {processor.py:183} INFO - Processing /home/airflow/.local/lib/python3.10/site-packages/airflow/example_dags/example_params_trigger_ui.py took 0.093 seconds
[2026-07-21T18:44:25.380+0000] {processor.py:161} INFO - Started process (PID=1221) to work on /home/airflow/.local/lib/python3.10/site-packages/airflow/example_dags/example_params_trigger_ui.py
[2026-07-21T18:44:25.381+0000] {processor.py:830} INFO - Processing file /home/airflow/.local/lib/python3.10/site-packages/airflow/example_dags/example_params_trigger_ui.py for tasks to queue
[2026-07-21T18:44:25.383+0000] {logging_mixin.py:188} INFO - [2026-07-21T18:44:25.383+0000] {dagbag.py:538} INFO - Filling up the DagBag from /home/airflow/.local/lib/python3.10/site-packages/airflow/example_dags/example_params_trigger_ui.py
[2026-07-21T18:44:25.396+0000] {processor.py:840} INFO - DAG(s) 'example_params_trigger_ui' retrieved from /home/airflow/.local/lib/python3.10/site-packages/airflow/example_dags/example_params_trigger_ui.py
[2026-07-21T18:44:25.437+0000] {logging_mixin.py:188} INFO - [2026-07-21T18:44:25.436+0000] {dag.py:3036} INFO - Sync 1 DAGs
[2026-07-21T18:44:25.447+0000] {logging_mixin.py:188} INFO - [2026-07-21T18:44:25.447+0000] {dag.py:3823} INFO - Setting next_dagrun for example_params_trigger_ui to None, run_after=None
[2026-07-21T18:44:25.465+0000] {processor.py:183} INFO - Processing /home/airflow/.local/lib/python3.10/site-packages/airflow/example_dags/example_params_trigger_ui.py took 0.089 seconds
[2026-07-21T18:44:55.677+0000] {processor.py:161} INFO - Started process (PID=1277) to work on /home/airflow/.local/lib/python3.10/site-packages/airflow/example_dags/example_params_trigger_ui.py
[2026-07-21T18:44:55.679+0000] {processor.py:830} INFO - Processing file /home/airflow/.local/lib/python3.10/site-packages/airflow/example_dags/example_params_trigger_ui.py for tasks to queue
[2026-07-21T18:44:55.681+0000] {logging_mixin.py:188} INFO - [2026-07-21T18:44:55.681+0000] {dagbag.py:538} INFO - Filling up the DagBag from /home/airflow/.local/lib/python3.10/site-packages/airflow/example_dags/example_params_trigger_ui.py
[2026-07-21T18:44:55.694+0000] {processor.py:840} INFO - DAG(s) 'example_params_trigger_ui' retrieved from /home/airflow/.local/lib/python3.10/site-packages/airflow/example_dags/example_params_trigger_ui.py
[2026-07-21T18:44:55.734+0000] {logging_mixin.py:188} INFO - [2026-07-21T18:44:55.733+0000] {dag.py:3036} INFO - Sync 1 DAGs
[2026-07-21T18:44:55.744+0000] {logging_mixin.py:188} INFO - [2026-07-21T18:44:55.744+0000] {dag.py:3823} INFO - Setting next_dagrun for example_params_trigger_ui to None, run_after=None
[2026-07-21T18:44:55.763+0000] {processor.py:183} INFO - Processing /home/airflow/.local/lib/python3.10/site-packages/airflow/example_dags/example_params_trigger_ui.py took 0.089 seconds
[2026-07-21T18:45:26.954+0000] {processor.py:161} INFO - Started process (PID=1334) to work on /home/airflow/.local/lib/python3.10/site-packages/airflow/example_dags/example_params_trigger_ui.py
[2026-07-21T18:45:26.956+0000] {processor.py:830} INFO - Processing file /home/airflow/.local/lib/python3.10/site-packages/airflow/example_dags/example_params_trigger_ui.py for tasks to queue
[2026-07-21T18:45:26.958+0000] {logging_mixin.py:188} INFO - [2026-07-21T18:45:26.957+0000] {dagbag.py:538} INFO - Filling up the DagBag from /home/airflow/.local/lib/python3.10/site-packages/airflow/example_dags/example_params_trigger_ui.py
[2026-07-21T18:45:26.971+0000] {processor.py:840} INFO - DAG(s) 'example_params_trigger_ui' retrieved from /home/airflow/.local/lib/python3.10/site-packages/airflow/example_dags/example_params_trigger_ui.py
[2026-07-21T18:45:27.011+0000] {logging_mixin.py:188} INFO - [2026-07-21T18:45:27.011+0000] {dag.py:3036} INFO - Sync 1 DAGs
[2026-07-21T18:45:27.024+0000] {logging_mixin.py:188} INFO - [2026-07-21T18:45:27.023+0000] {dag.py:3823} INFO - Setting next_dagrun for example_params_trigger_ui to None, run_after=None
[2026-07-21T18:45:27.043+0000] {processor.py:183} INFO - Processing /home/airflow/.local/lib/python3.10/site-packages/airflow/example_dags/example_params_trigger_ui.py took 0.092 seconds
[2026-07-21T18:45:57.565+0000] {processor.py:161} INFO - Started process (PID=1390) to work on /home/airflow/.local/lib/python3.10/site-packages/airflow/example_dags/example_params_trigger_ui.py
[2026-07-21T18:45:57.567+0000] {processor.py:830} INFO - Processing file /home/airflow/.local/lib/python3.10/site-packages/airflow/example_dags/example_params_trigger_ui.py for tasks to queue
[2026-07-21T18:45:57.569+0000] {logging_mixin.py:188} INFO - [2026-07-21T18:45:57.568+0000] {dagbag.py:538} INFO - Filling up the DagBag from /home/airflow/.local/lib/python3.10/site-packages/airflow/example_dags/example_params_trigger_ui.py
[2026-07-21T18:45:57.581+0000] {processor.py:840} INFO - DAG(s) 'example_params_trigger_ui' retrieved from /home/airflow/.local/lib/python3.10/site-packages/airflow/example_dags/example_params_trigger_ui.py
[2026-07-21T18:45:57.619+0000] {logging_mixin.py:188} INFO - [2026-07-21T18:45:57.619+0000] {dag.py:3036} INFO - Sync 1 DAGs
[2026-07-21T18:45:57.629+0000] {logging_mixin.py:188} INFO - [2026-07-21T18:45:57.629+0000] {dag.py:3823} INFO - Setting next_dagrun for example_params_trigger_ui to None, run_after=None
[2026-07-21T18:45:57.647+0000] {processor.py:183} INFO - Processing /home/airflow/.local/lib/python3.10/site-packages/airflow/example_dags/example_params_trigger_ui.py took 0.085 seconds
[2026-07-21T18:46:27.845+0000] {processor.py:161} INFO - Started process (PID=1446) to work on /home/airflow/.local/lib/python3.10/site-packages/airflow/example_dags/example_params_trigger_ui.py
[2026-07-21T18:46:27.847+0000] {processor.py:830} INFO - Processing file /home/airflow/.local/lib/python3.10/site-packages/airflow/example_dags/example_params_trigger_ui.py for tasks to queue
[2026-07-21T18:46:27.849+0000] {logging_mixin.py:188} INFO - [2026-07-21T18:46:27.848+0000] {dagbag.py:538} INFO - Filling up the DagBag from /home/airflow/.local/lib/python3.10/site-packages/airflow/example_dags/example_params_trigger_ui.py
[2026-07-21T18:46:27.862+0000] {processor.py:840} INFO - DAG(s) 'example_params_trigger_ui' retrieved from /home/airflow/.local/lib/python3.10/site-packages/airflow/example_dags/example_params_trigger_ui.py
[2026-07-21T18:46:27.900+0000] {logging_mixin.py:188} INFO - [2026-07-21T18:46:27.899+0000] {dag.py:3036} INFO - Sync 1 DAGs
[2026-07-21T18:46:27.910+0000] {logging_mixin.py:188} INFO - [2026-07-21T18:46:27.910+0000] {dag.py:3823} INFO - Setting next_dagrun for example_params_trigger_ui to None, run_after=None
[2026-07-21T18:46:27.928+0000] {processor.py:183} INFO - Processing /home/airflow/.local/lib/python3.10/site-packages/airflow/example_dags/example_params_trigger_ui.py took 0.087 seconds
[2026-07-21T18:46:58.088+0000] {processor.py:161} INFO - Started process (PID=1502) to work on /home/airflow/.local/lib/python3.10/site-packages/airflow/example_dags/example_params_trigger_ui.py
[2026-07-21T18:46:58.089+0000] {processor.py:830} INFO - Processing file /home/airflow/.local/lib/python3.10/site-packages/airflow/example_dags/example_params_trigger_ui.py for tasks to queue
[2026-07-21T18:46:58.091+0000] {logging_mixin.py:188} INFO - [2026-07-21T18:46:58.090+0000] {dagbag.py:538} INFO - Filling up the DagBag from /home/airflow/.local/lib/python3.10/site-packages/airflow/example_dags/example_params_trigger_ui.py
[2026-07-21T18:46:58.104+0000] {processor.py:840} INFO - DAG(s) 'example_params_trigger_ui' retrieved from /home/airflow/.local/lib/python3.10/site-packages/airflow/example_dags/example_params_trigger_ui.py
[2026-07-21T18:46:58.141+0000] {logging_mixin.py:188} INFO - [2026-07-21T18:46:58.141+0000] {dag.py:3036} INFO - Sync 1 DAGs
[2026-07-21T18:46:58.152+0000] {logging_mixin.py:188} INFO - [2026-07-21T18:46:58.152+0000] {dag.py:3823} INFO - Setting next_dagrun for example_params_trigger_ui to None, run_after=None
[2026-07-21T18:46:58.169+0000] {processor.py:183} INFO - Processing /home/airflow/.local/lib/python3.10/site-packages/airflow/example_dags/example_params_trigger_ui.py took 0.085 seconds
[2026-07-21T18:47:28.348+0000] {processor.py:161} INFO - Started process (PID=1558) to work on /home/airflow/.local/lib/python3.10/site-packages/airflow/example_dags/example_params_trigger_ui.py
[2026-07-21T18:47:28.349+0000] {processor.py:830} INFO - Processing file /home/airflow/.local/lib/python3.10/site-packages/airflow/example_dags/example_params_trigger_ui.py for tasks to queue
[2026-07-21T18:47:28.351+0000] {logging_mixin.py:188} INFO - [2026-07-21T18:47:28.351+0000] {dagbag.py:538} INFO - Filling up the DagBag from /home/airflow/.local/lib/python3.10/site-packages/airflow/example_dags/example_params_trigger_ui.py
[2026-07-21T18:47:28.365+0000] {processor.py:840} INFO - DAG(s) 'example_params_trigger_ui' retrieved from /home/airflow/.local/lib/python3.10/site-packages/airflow/example_dags/example_params_trigger_ui.py
[2026-07-21T18:47:28.406+0000] {logging_mixin.py:188} INFO - [2026-07-21T18:47:28.406+0000] {dag.py:3036} INFO - Sync 1 DAGs
[2026-07-21T18:47:28.417+0000] {logging_mixin.py:188} INFO - [2026-07-21T18:47:28.416+0000] {dag.py:3823} INFO - Setting next_dagrun for example_params_trigger_ui to None, run_after=None
[2026-07-21T18:47:28.435+0000] {processor.py:183} INFO - Processing /home/airflow/.local/lib/python3.10/site-packages/airflow/example_dags/example_params_trigger_ui.py took 0.090 seconds
[2026-07-21T18:47:59.093+0000] {processor.py:161} INFO - Started process (PID=1614) to work on /home/airflow/.local/lib/python3.10/site-packages/airflow/example_dags/example_params_trigger_ui.py
[2026-07-21T18:47:59.094+0000] {processor.py:830} INFO - Processing file /home/airflow/.local/lib/python3.10/site-packages/airflow/example_dags/example_params_trigger_ui.py for tasks to queue
[2026-07-21T18:47:59.096+0000] {logging_mixin.py:188} INFO - [2026-07-21T18:47:59.096+0000] {dagbag.py:538} INFO - Filling up the DagBag from /home/airflow/.local/lib/python3.10/site-packages/airflow/example_dags/example_params_trigger_ui.py
[2026-07-21T18:47:59.109+0000] {processor.py:840} INFO - DAG(s) 'example_params_trigger_ui' retrieved from /home/airflow/.local/lib/python3.10/site-packages/airflow/example_dags/example_params_trigger_ui.py
[2026-07-21T18:47:59.146+0000] {logging_mixin.py:188} INFO - [2026-07-21T18:47:59.146+0000] {dag.py:3036} INFO - Sync 1 DAGs
[2026-07-21T18:47:59.156+0000] {logging_mixin.py:188} INFO - [2026-07-21T18:47:59.156+0000] {dag.py:3823} INFO - Setting next_dagrun for example_params_trigger_ui to None, run_after=None
[2026-07-21T18:47:59.176+0000] {processor.py:183} INFO - Processing /home/airflow/.local/lib/python3.10/site-packages/airflow/example_dags/example_params_trigger_ui.py took 0.087 seconds
