[2026-07-21T17:56:23.777+0000] {processor.py:161} INFO - Started process (PID=65) to work on /home/airflow/.local/lib/python3.8/site-packages/airflow/example_dags/example_dynamic_task_mapping_with_no_taskflow_operators.py
[2026-07-21T17:56:23.786+0000] {processor.py:830} INFO - Processing file /home/airflow/.local/lib/python3.8/site-packages/airflow/example_dags/example_dynamic_task_mapping_with_no_taskflow_operators.py for tasks to queue
[2026-07-21T17:56:23.791+0000] {logging_mixin.py:188} INFO - [2026-07-21T17:56:23.791+0000] {dagbag.py:538} INFO - Filling up the DagBag from /home/airflow/.local/lib/python3.8/site-packages/airflow/example_dags/example_dynamic_task_mapping_with_no_taskflow_operators.py
[2026-07-21T17:56:23.817+0000] {processor.py:840} INFO - DAG(s) 'example_dynamic_task_mapping_with_no_taskflow_operators' retrieved from /home/airflow/.local/lib/python3.8/site-packages/airflow/example_dags/example_dynamic_task_mapping_with_no_taskflow_operators.py
[2026-07-21T17:56:23.859+0000] {logging_mixin.py:188} INFO - [2026-07-21T17:56:23.858+0000] {dag.py:3036} INFO - Sync 1 DAGs
[2026-07-21T17:56:23.918+0000] {logging_mixin.py:188} INFO - [2026-07-21T17:56:23.917+0000] {dag.py:3823} INFO - Setting next_dagrun for example_dynamic_task_mapping_with_no_taskflow_operators to 2026-07-20 00:00:00+00:00, run_after=2026-07-21 00:00:00+00:00
[2026-07-21T17:56:23.961+0000] {processor.py:183} INFO - Processing /home/airflow/.local/lib/python3.8/site-packages/airflow/example_dags/example_dynamic_task_mapping_with_no_taskflow_operators.py took 0.193 seconds
[2026-07-21T17:56:54.301+0000] {processor.py:161} INFO - Started process (PID=121) to work on /home/airflow/.local/lib/python3.8/site-packages/airflow/example_dags/example_dynamic_task_mapping_with_no_taskflow_operators.py
[2026-07-21T17:56:54.302+0000] {processor.py:830} INFO - Processing file /home/airflow/.local/lib/python3.8/site-packages/airflow/example_dags/example_dynamic_task_mapping_with_no_taskflow_operators.py for tasks to queue
[2026-07-21T17:56:54.305+0000] {logging_mixin.py:188} INFO - [2026-07-21T17:56:54.304+0000] {dagbag.py:538} INFO - Filling up the DagBag from /home/airflow/.local/lib/python3.8/site-packages/airflow/example_dags/example_dynamic_task_mapping_with_no_taskflow_operators.py
[2026-07-21T17:56:54.314+0000] {processor.py:840} INFO - DAG(s) 'example_dynamic_task_mapping_with_no_taskflow_operators' retrieved from /home/airflow/.local/lib/python3.8/site-packages/airflow/example_dags/example_dynamic_task_mapping_with_no_taskflow_operators.py
[2026-07-21T17:56:54.442+0000] {logging_mixin.py:188} INFO - [2026-07-21T17:56:54.442+0000] {dag.py:3036} INFO - Sync 1 DAGs
[2026-07-21T17:56:54.471+0000] {logging_mixin.py:188} INFO - [2026-07-21T17:56:54.471+0000] {dag.py:3823} INFO - Setting next_dagrun for example_dynamic_task_mapping_with_no_taskflow_operators to 2026-07-20 00:00:00+00:00, run_after=2026-07-21 00:00:00+00:00
[2026-07-21T17:56:54.502+0000] {processor.py:183} INFO - Processing /home/airflow/.local/lib/python3.8/site-packages/airflow/example_dags/example_dynamic_task_mapping_with_no_taskflow_operators.py took 0.205 seconds
[2026-07-21T17:57:24.806+0000] {processor.py:161} INFO - Started process (PID=177) to work on /home/airflow/.local/lib/python3.8/site-packages/airflow/example_dags/example_dynamic_task_mapping_with_no_taskflow_operators.py
[2026-07-21T17:57:24.807+0000] {processor.py:830} INFO - Processing file /home/airflow/.local/lib/python3.8/site-packages/airflow/example_dags/example_dynamic_task_mapping_with_no_taskflow_operators.py for tasks to queue
[2026-07-21T17:57:24.809+0000] {logging_mixin.py:188} INFO - [2026-07-21T17:57:24.809+0000] {dagbag.py:538} INFO - Filling up the DagBag from /home/airflow/.local/lib/python3.8/site-packages/airflow/example_dags/example_dynamic_task_mapping_with_no_taskflow_operators.py
[2026-07-21T17:57:24.815+0000] {processor.py:840} INFO - DAG(s) 'example_dynamic_task_mapping_with_no_taskflow_operators' retrieved from /home/airflow/.local/lib/python3.8/site-packages/airflow/example_dags/example_dynamic_task_mapping_with_no_taskflow_operators.py
[2026-07-21T17:57:24.837+0000] {logging_mixin.py:188} INFO - [2026-07-21T17:57:24.836+0000] {dag.py:3036} INFO - Sync 1 DAGs
[2026-07-21T17:57:24.857+0000] {logging_mixin.py:188} INFO - [2026-07-21T17:57:24.857+0000] {dag.py:3823} INFO - Setting next_dagrun for example_dynamic_task_mapping_with_no_taskflow_operators to 2026-07-20 00:00:00+00:00, run_after=2026-07-21 00:00:00+00:00
[2026-07-21T17:57:24.877+0000] {processor.py:183} INFO - Processing /home/airflow/.local/lib/python3.8/site-packages/airflow/example_dags/example_dynamic_task_mapping_with_no_taskflow_operators.py took 0.075 seconds
[2026-07-21T17:57:55.054+0000] {processor.py:161} INFO - Started process (PID=233) to work on /home/airflow/.local/lib/python3.8/site-packages/airflow/example_dags/example_dynamic_task_mapping_with_no_taskflow_operators.py
[2026-07-21T17:57:55.055+0000] {processor.py:830} INFO - Processing file /home/airflow/.local/lib/python3.8/site-packages/airflow/example_dags/example_dynamic_task_mapping_with_no_taskflow_operators.py for tasks to queue
[2026-07-21T17:57:55.057+0000] {logging_mixin.py:188} INFO - [2026-07-21T17:57:55.057+0000] {dagbag.py:538} INFO - Filling up the DagBag from /home/airflow/.local/lib/python3.8/site-packages/airflow/example_dags/example_dynamic_task_mapping_with_no_taskflow_operators.py
[2026-07-21T17:57:55.063+0000] {processor.py:840} INFO - DAG(s) 'example_dynamic_task_mapping_with_no_taskflow_operators' retrieved from /home/airflow/.local/lib/python3.8/site-packages/airflow/example_dags/example_dynamic_task_mapping_with_no_taskflow_operators.py
[2026-07-21T17:57:55.084+0000] {logging_mixin.py:188} INFO - [2026-07-21T17:57:55.084+0000] {dag.py:3036} INFO - Sync 1 DAGs
[2026-07-21T17:57:55.104+0000] {logging_mixin.py:188} INFO - [2026-07-21T17:57:55.104+0000] {dag.py:3823} INFO - Setting next_dagrun for example_dynamic_task_mapping_with_no_taskflow_operators to 2026-07-20 00:00:00+00:00, run_after=2026-07-21 00:00:00+00:00
[2026-07-21T17:57:55.122+0000] {processor.py:183} INFO - Processing /home/airflow/.local/lib/python3.8/site-packages/airflow/example_dags/example_dynamic_task_mapping_with_no_taskflow_operators.py took 0.072 seconds
[2026-07-21T17:58:25.352+0000] {processor.py:161} INFO - Started process (PID=289) to work on /home/airflow/.local/lib/python3.8/site-packages/airflow/example_dags/example_dynamic_task_mapping_with_no_taskflow_operators.py
[2026-07-21T17:58:25.353+0000] {processor.py:830} INFO - Processing file /home/airflow/.local/lib/python3.8/site-packages/airflow/example_dags/example_dynamic_task_mapping_with_no_taskflow_operators.py for tasks to queue
[2026-07-21T17:58:25.355+0000] {logging_mixin.py:188} INFO - [2026-07-21T17:58:25.355+0000] {dagbag.py:538} INFO - Filling up the DagBag from /home/airflow/.local/lib/python3.8/site-packages/airflow/example_dags/example_dynamic_task_mapping_with_no_taskflow_operators.py
[2026-07-21T17:58:25.362+0000] {processor.py:840} INFO - DAG(s) 'example_dynamic_task_mapping_with_no_taskflow_operators' retrieved from /home/airflow/.local/lib/python3.8/site-packages/airflow/example_dags/example_dynamic_task_mapping_with_no_taskflow_operators.py
[2026-07-21T17:58:25.383+0000] {logging_mixin.py:188} INFO - [2026-07-21T17:58:25.382+0000] {dag.py:3036} INFO - Sync 1 DAGs
[2026-07-21T17:58:25.403+0000] {logging_mixin.py:188} INFO - [2026-07-21T17:58:25.403+0000] {dag.py:3823} INFO - Setting next_dagrun for example_dynamic_task_mapping_with_no_taskflow_operators to 2026-07-20 00:00:00+00:00, run_after=2026-07-21 00:00:00+00:00
[2026-07-21T17:58:25.421+0000] {processor.py:183} INFO - Processing /home/airflow/.local/lib/python3.8/site-packages/airflow/example_dags/example_dynamic_task_mapping_with_no_taskflow_operators.py took 0.073 seconds
[2026-07-21T17:58:55.659+0000] {processor.py:161} INFO - Started process (PID=345) to work on /home/airflow/.local/lib/python3.8/site-packages/airflow/example_dags/example_dynamic_task_mapping_with_no_taskflow_operators.py
[2026-07-21T17:58:55.661+0000] {processor.py:830} INFO - Processing file /home/airflow/.local/lib/python3.8/site-packages/airflow/example_dags/example_dynamic_task_mapping_with_no_taskflow_operators.py for tasks to queue
[2026-07-21T17:58:55.664+0000] {logging_mixin.py:188} INFO - [2026-07-21T17:58:55.664+0000] {dagbag.py:538} INFO - Filling up the DagBag from /home/airflow/.local/lib/python3.8/site-packages/airflow/example_dags/example_dynamic_task_mapping_with_no_taskflow_operators.py
[2026-07-21T17:58:55.674+0000] {processor.py:840} INFO - DAG(s) 'example_dynamic_task_mapping_with_no_taskflow_operators' retrieved from /home/airflow/.local/lib/python3.8/site-packages/airflow/example_dags/example_dynamic_task_mapping_with_no_taskflow_operators.py
[2026-07-21T17:58:55.699+0000] {logging_mixin.py:188} INFO - [2026-07-21T17:58:55.699+0000] {dag.py:3036} INFO - Sync 1 DAGs
[2026-07-21T17:58:55.723+0000] {logging_mixin.py:188} INFO - [2026-07-21T17:58:55.723+0000] {dag.py:3823} INFO - Setting next_dagrun for example_dynamic_task_mapping_with_no_taskflow_operators to 2026-07-20 00:00:00+00:00, run_after=2026-07-21 00:00:00+00:00
[2026-07-21T17:58:55.745+0000] {processor.py:183} INFO - Processing /home/airflow/.local/lib/python3.8/site-packages/airflow/example_dags/example_dynamic_task_mapping_with_no_taskflow_operators.py took 0.091 seconds
[2026-07-21T17:59:25.980+0000] {processor.py:161} INFO - Started process (PID=401) to work on /home/airflow/.local/lib/python3.8/site-packages/airflow/example_dags/example_dynamic_task_mapping_with_no_taskflow_operators.py
[2026-07-21T17:59:25.981+0000] {processor.py:830} INFO - Processing file /home/airflow/.local/lib/python3.8/site-packages/airflow/example_dags/example_dynamic_task_mapping_with_no_taskflow_operators.py for tasks to queue
[2026-07-21T17:59:25.983+0000] {logging_mixin.py:188} INFO - [2026-07-21T17:59:25.983+0000] {dagbag.py:538} INFO - Filling up the DagBag from /home/airflow/.local/lib/python3.8/site-packages/airflow/example_dags/example_dynamic_task_mapping_with_no_taskflow_operators.py
[2026-07-21T17:59:25.990+0000] {processor.py:840} INFO - DAG(s) 'example_dynamic_task_mapping_with_no_taskflow_operators' retrieved from /home/airflow/.local/lib/python3.8/site-packages/airflow/example_dags/example_dynamic_task_mapping_with_no_taskflow_operators.py
[2026-07-21T17:59:26.011+0000] {logging_mixin.py:188} INFO - [2026-07-21T17:59:26.011+0000] {dag.py:3036} INFO - Sync 1 DAGs
[2026-07-21T17:59:26.032+0000] {logging_mixin.py:188} INFO - [2026-07-21T17:59:26.032+0000] {dag.py:3823} INFO - Setting next_dagrun for example_dynamic_task_mapping_with_no_taskflow_operators to 2026-07-20 00:00:00+00:00, run_after=2026-07-21 00:00:00+00:00
[2026-07-21T17:59:26.050+0000] {processor.py:183} INFO - Processing /home/airflow/.local/lib/python3.8/site-packages/airflow/example_dags/example_dynamic_task_mapping_with_no_taskflow_operators.py took 0.073 seconds
[2026-07-21T17:59:56.253+0000] {processor.py:161} INFO - Started process (PID=457) to work on /home/airflow/.local/lib/python3.8/site-packages/airflow/example_dags/example_dynamic_task_mapping_with_no_taskflow_operators.py
[2026-07-21T17:59:56.254+0000] {processor.py:830} INFO - Processing file /home/airflow/.local/lib/python3.8/site-packages/airflow/example_dags/example_dynamic_task_mapping_with_no_taskflow_operators.py for tasks to queue
[2026-07-21T17:59:56.256+0000] {logging_mixin.py:188} INFO - [2026-07-21T17:59:56.256+0000] {dagbag.py:538} INFO - Filling up the DagBag from /home/airflow/.local/lib/python3.8/site-packages/airflow/example_dags/example_dynamic_task_mapping_with_no_taskflow_operators.py
[2026-07-21T17:59:56.263+0000] {processor.py:840} INFO - DAG(s) 'example_dynamic_task_mapping_with_no_taskflow_operators' retrieved from /home/airflow/.local/lib/python3.8/site-packages/airflow/example_dags/example_dynamic_task_mapping_with_no_taskflow_operators.py
[2026-07-21T17:59:56.284+0000] {logging_mixin.py:188} INFO - [2026-07-21T17:59:56.284+0000] {dag.py:3036} INFO - Sync 1 DAGs
[2026-07-21T17:59:56.306+0000] {logging_mixin.py:188} INFO - [2026-07-21T17:59:56.305+0000] {dag.py:3823} INFO - Setting next_dagrun for example_dynamic_task_mapping_with_no_taskflow_operators to 2026-07-20 00:00:00+00:00, run_after=2026-07-21 00:00:00+00:00
[2026-07-21T17:59:56.328+0000] {processor.py:183} INFO - Processing /home/airflow/.local/lib/python3.8/site-packages/airflow/example_dags/example_dynamic_task_mapping_with_no_taskflow_operators.py took 0.079 seconds
[2026-07-21T18:00:26.650+0000] {processor.py:161} INFO - Started process (PID=513) to work on /home/airflow/.local/lib/python3.8/site-packages/airflow/example_dags/example_dynamic_task_mapping_with_no_taskflow_operators.py
[2026-07-21T18:00:26.651+0000] {processor.py:830} INFO - Processing file /home/airflow/.local/lib/python3.8/site-packages/airflow/example_dags/example_dynamic_task_mapping_with_no_taskflow_operators.py for tasks to queue
[2026-07-21T18:00:26.654+0000] {logging_mixin.py:188} INFO - [2026-07-21T18:00:26.653+0000] {dagbag.py:538} INFO - Filling up the DagBag from /home/airflow/.local/lib/python3.8/site-packages/airflow/example_dags/example_dynamic_task_mapping_with_no_taskflow_operators.py
[2026-07-21T18:00:26.661+0000] {processor.py:840} INFO - DAG(s) 'example_dynamic_task_mapping_with_no_taskflow_operators' retrieved from /home/airflow/.local/lib/python3.8/site-packages/airflow/example_dags/example_dynamic_task_mapping_with_no_taskflow_operators.py
[2026-07-21T18:00:26.684+0000] {logging_mixin.py:188} INFO - [2026-07-21T18:00:26.683+0000] {dag.py:3036} INFO - Sync 1 DAGs
[2026-07-21T18:00:26.705+0000] {logging_mixin.py:188} INFO - [2026-07-21T18:00:26.704+0000] {dag.py:3823} INFO - Setting next_dagrun for example_dynamic_task_mapping_with_no_taskflow_operators to 2026-07-20 00:00:00+00:00, run_after=2026-07-21 00:00:00+00:00
[2026-07-21T18:00:26.726+0000] {processor.py:183} INFO - Processing /home/airflow/.local/lib/python3.8/site-packages/airflow/example_dags/example_dynamic_task_mapping_with_no_taskflow_operators.py took 0.081 seconds
[2026-07-21T18:00:56.894+0000] {processor.py:161} INFO - Started process (PID=570) to work on /home/airflow/.local/lib/python3.8/site-packages/airflow/example_dags/example_dynamic_task_mapping_with_no_taskflow_operators.py
[2026-07-21T18:00:56.895+0000] {processor.py:830} INFO - Processing file /home/airflow/.local/lib/python3.8/site-packages/airflow/example_dags/example_dynamic_task_mapping_with_no_taskflow_operators.py for tasks to queue
[2026-07-21T18:00:56.897+0000] {logging_mixin.py:188} INFO - [2026-07-21T18:00:56.897+0000] {dagbag.py:538} INFO - Filling up the DagBag from /home/airflow/.local/lib/python3.8/site-packages/airflow/example_dags/example_dynamic_task_mapping_with_no_taskflow_operators.py
[2026-07-21T18:00:56.904+0000] {processor.py:840} INFO - DAG(s) 'example_dynamic_task_mapping_with_no_taskflow_operators' retrieved from /home/airflow/.local/lib/python3.8/site-packages/airflow/example_dags/example_dynamic_task_mapping_with_no_taskflow_operators.py
[2026-07-21T18:00:56.925+0000] {logging_mixin.py:188} INFO - [2026-07-21T18:00:56.925+0000] {dag.py:3036} INFO - Sync 1 DAGs
[2026-07-21T18:00:56.953+0000] {logging_mixin.py:188} INFO - [2026-07-21T18:00:56.953+0000] {dag.py:3823} INFO - Setting next_dagrun for example_dynamic_task_mapping_with_no_taskflow_operators to 2026-07-20 00:00:00+00:00, run_after=2026-07-21 00:00:00+00:00
[2026-07-21T18:00:56.975+0000] {processor.py:183} INFO - Processing /home/airflow/.local/lib/python3.8/site-packages/airflow/example_dags/example_dynamic_task_mapping_with_no_taskflow_operators.py took 0.085 seconds
[2026-07-21T18:01:27.076+0000] {processor.py:161} INFO - Started process (PID=626) to work on /home/airflow/.local/lib/python3.8/site-packages/airflow/example_dags/example_dynamic_task_mapping_with_no_taskflow_operators.py
[2026-07-21T18:01:27.077+0000] {processor.py:830} INFO - Processing file /home/airflow/.local/lib/python3.8/site-packages/airflow/example_dags/example_dynamic_task_mapping_with_no_taskflow_operators.py for tasks to queue
[2026-07-21T18:01:27.080+0000] {logging_mixin.py:188} INFO - [2026-07-21T18:01:27.079+0000] {dagbag.py:538} INFO - Filling up the DagBag from /home/airflow/.local/lib/python3.8/site-packages/airflow/example_dags/example_dynamic_task_mapping_with_no_taskflow_operators.py
[2026-07-21T18:01:27.086+0000] {processor.py:840} INFO - DAG(s) 'example_dynamic_task_mapping_with_no_taskflow_operators' retrieved from /home/airflow/.local/lib/python3.8/site-packages/airflow/example_dags/example_dynamic_task_mapping_with_no_taskflow_operators.py
[2026-07-21T18:01:27.106+0000] {logging_mixin.py:188} INFO - [2026-07-21T18:01:27.106+0000] {dag.py:3036} INFO - Sync 1 DAGs
[2026-07-21T18:01:27.125+0000] {logging_mixin.py:188} INFO - [2026-07-21T18:01:27.125+0000] {dag.py:3823} INFO - Setting next_dagrun for example_dynamic_task_mapping_with_no_taskflow_operators to 2026-07-20 00:00:00+00:00, run_after=2026-07-21 00:00:00+00:00
[2026-07-21T18:01:27.144+0000] {processor.py:183} INFO - Processing /home/airflow/.local/lib/python3.8/site-packages/airflow/example_dags/example_dynamic_task_mapping_with_no_taskflow_operators.py took 0.072 seconds
[2026-07-21T18:01:57.410+0000] {processor.py:161} INFO - Started process (PID=682) to work on /home/airflow/.local/lib/python3.8/site-packages/airflow/example_dags/example_dynamic_task_mapping_with_no_taskflow_operators.py
[2026-07-21T18:01:57.411+0000] {processor.py:830} INFO - Processing file /home/airflow/.local/lib/python3.8/site-packages/airflow/example_dags/example_dynamic_task_mapping_with_no_taskflow_operators.py for tasks to queue
[2026-07-21T18:01:57.413+0000] {logging_mixin.py:188} INFO - [2026-07-21T18:01:57.413+0000] {dagbag.py:538} INFO - Filling up the DagBag from /home/airflow/.local/lib/python3.8/site-packages/airflow/example_dags/example_dynamic_task_mapping_with_no_taskflow_operators.py
[2026-07-21T18:01:57.420+0000] {processor.py:840} INFO - DAG(s) 'example_dynamic_task_mapping_with_no_taskflow_operators' retrieved from /home/airflow/.local/lib/python3.8/site-packages/airflow/example_dags/example_dynamic_task_mapping_with_no_taskflow_operators.py
[2026-07-21T18:01:57.441+0000] {logging_mixin.py:188} INFO - [2026-07-21T18:01:57.441+0000] {dag.py:3036} INFO - Sync 1 DAGs
[2026-07-21T18:01:57.462+0000] {logging_mixin.py:188} INFO - [2026-07-21T18:01:57.461+0000] {dag.py:3823} INFO - Setting next_dagrun for example_dynamic_task_mapping_with_no_taskflow_operators to 2026-07-20 00:00:00+00:00, run_after=2026-07-21 00:00:00+00:00
[2026-07-21T18:01:57.481+0000] {processor.py:183} INFO - Processing /home/airflow/.local/lib/python3.8/site-packages/airflow/example_dags/example_dynamic_task_mapping_with_no_taskflow_operators.py took 0.075 seconds
[2026-07-21T18:02:27.935+0000] {processor.py:161} INFO - Started process (PID=738) to work on /home/airflow/.local/lib/python3.8/site-packages/airflow/example_dags/example_dynamic_task_mapping_with_no_taskflow_operators.py
[2026-07-21T18:02:27.937+0000] {processor.py:830} INFO - Processing file /home/airflow/.local/lib/python3.8/site-packages/airflow/example_dags/example_dynamic_task_mapping_with_no_taskflow_operators.py for tasks to queue
[2026-07-21T18:02:27.939+0000] {logging_mixin.py:188} INFO - [2026-07-21T18:02:27.938+0000] {dagbag.py:538} INFO - Filling up the DagBag from /home/airflow/.local/lib/python3.8/site-packages/airflow/example_dags/example_dynamic_task_mapping_with_no_taskflow_operators.py
[2026-07-21T18:02:27.945+0000] {processor.py:840} INFO - DAG(s) 'example_dynamic_task_mapping_with_no_taskflow_operators' retrieved from /home/airflow/.local/lib/python3.8/site-packages/airflow/example_dags/example_dynamic_task_mapping_with_no_taskflow_operators.py
[2026-07-21T18:02:27.968+0000] {logging_mixin.py:188} INFO - [2026-07-21T18:02:27.968+0000] {dag.py:3036} INFO - Sync 1 DAGs
[2026-07-21T18:02:27.992+0000] {logging_mixin.py:188} INFO - [2026-07-21T18:02:27.991+0000] {dag.py:3823} INFO - Setting next_dagrun for example_dynamic_task_mapping_with_no_taskflow_operators to 2026-07-20 00:00:00+00:00, run_after=2026-07-21 00:00:00+00:00
[2026-07-21T18:02:28.012+0000] {processor.py:183} INFO - Processing /home/airflow/.local/lib/python3.8/site-packages/airflow/example_dags/example_dynamic_task_mapping_with_no_taskflow_operators.py took 0.080 seconds
[2026-07-21T18:02:58.360+0000] {processor.py:161} INFO - Started process (PID=794) to work on /home/airflow/.local/lib/python3.8/site-packages/airflow/example_dags/example_dynamic_task_mapping_with_no_taskflow_operators.py
[2026-07-21T18:02:58.361+0000] {processor.py:830} INFO - Processing file /home/airflow/.local/lib/python3.8/site-packages/airflow/example_dags/example_dynamic_task_mapping_with_no_taskflow_operators.py for tasks to queue
[2026-07-21T18:02:58.364+0000] {logging_mixin.py:188} INFO - [2026-07-21T18:02:58.363+0000] {dagbag.py:538} INFO - Filling up the DagBag from /home/airflow/.local/lib/python3.8/site-packages/airflow/example_dags/example_dynamic_task_mapping_with_no_taskflow_operators.py
[2026-07-21T18:02:58.371+0000] {processor.py:840} INFO - DAG(s) 'example_dynamic_task_mapping_with_no_taskflow_operators' retrieved from /home/airflow/.local/lib/python3.8/site-packages/airflow/example_dags/example_dynamic_task_mapping_with_no_taskflow_operators.py
[2026-07-21T18:02:58.394+0000] {logging_mixin.py:188} INFO - [2026-07-21T18:02:58.394+0000] {dag.py:3036} INFO - Sync 1 DAGs
[2026-07-21T18:02:58.414+0000] {logging_mixin.py:188} INFO - [2026-07-21T18:02:58.414+0000] {dag.py:3823} INFO - Setting next_dagrun for example_dynamic_task_mapping_with_no_taskflow_operators to 2026-07-20 00:00:00+00:00, run_after=2026-07-21 00:00:00+00:00
[2026-07-21T18:02:58.435+0000] {processor.py:183} INFO - Processing /home/airflow/.local/lib/python3.8/site-packages/airflow/example_dags/example_dynamic_task_mapping_with_no_taskflow_operators.py took 0.079 seconds
[2026-07-21T18:03:28.495+0000] {processor.py:161} INFO - Started process (PID=850) to work on /home/airflow/.local/lib/python3.8/site-packages/airflow/example_dags/example_dynamic_task_mapping_with_no_taskflow_operators.py
[2026-07-21T18:03:28.496+0000] {processor.py:830} INFO - Processing file /home/airflow/.local/lib/python3.8/site-packages/airflow/example_dags/example_dynamic_task_mapping_with_no_taskflow_operators.py for tasks to queue
[2026-07-21T18:03:28.499+0000] {logging_mixin.py:188} INFO - [2026-07-21T18:03:28.498+0000] {dagbag.py:538} INFO - Filling up the DagBag from /home/airflow/.local/lib/python3.8/site-packages/airflow/example_dags/example_dynamic_task_mapping_with_no_taskflow_operators.py
[2026-07-21T18:03:28.505+0000] {processor.py:840} INFO - DAG(s) 'example_dynamic_task_mapping_with_no_taskflow_operators' retrieved from /home/airflow/.local/lib/python3.8/site-packages/airflow/example_dags/example_dynamic_task_mapping_with_no_taskflow_operators.py
[2026-07-21T18:03:28.526+0000] {logging_mixin.py:188} INFO - [2026-07-21T18:03:28.526+0000] {dag.py:3036} INFO - Sync 1 DAGs
[2026-07-21T18:03:28.546+0000] {logging_mixin.py:188} INFO - [2026-07-21T18:03:28.546+0000] {dag.py:3823} INFO - Setting next_dagrun for example_dynamic_task_mapping_with_no_taskflow_operators to 2026-07-20 00:00:00+00:00, run_after=2026-07-21 00:00:00+00:00
[2026-07-21T18:03:28.567+0000] {processor.py:183} INFO - Processing /home/airflow/.local/lib/python3.8/site-packages/airflow/example_dags/example_dynamic_task_mapping_with_no_taskflow_operators.py took 0.075 seconds
[2026-07-21T18:03:58.937+0000] {processor.py:161} INFO - Started process (PID=906) to work on /home/airflow/.local/lib/python3.8/site-packages/airflow/example_dags/example_dynamic_task_mapping_with_no_taskflow_operators.py
[2026-07-21T18:03:58.939+0000] {processor.py:830} INFO - Processing file /home/airflow/.local/lib/python3.8/site-packages/airflow/example_dags/example_dynamic_task_mapping_with_no_taskflow_operators.py for tasks to queue
[2026-07-21T18:03:58.941+0000] {logging_mixin.py:188} INFO - [2026-07-21T18:03:58.941+0000] {dagbag.py:538} INFO - Filling up the DagBag from /home/airflow/.local/lib/python3.8/site-packages/airflow/example_dags/example_dynamic_task_mapping_with_no_taskflow_operators.py
[2026-07-21T18:03:58.950+0000] {processor.py:840} INFO - DAG(s) 'example_dynamic_task_mapping_with_no_taskflow_operators' retrieved from /home/airflow/.local/lib/python3.8/site-packages/airflow/example_dags/example_dynamic_task_mapping_with_no_taskflow_operators.py
[2026-07-21T18:03:58.974+0000] {logging_mixin.py:188} INFO - [2026-07-21T18:03:58.973+0000] {dag.py:3036} INFO - Sync 1 DAGs
[2026-07-21T18:03:59.001+0000] {logging_mixin.py:188} INFO - [2026-07-21T18:03:59.001+0000] {dag.py:3823} INFO - Setting next_dagrun for example_dynamic_task_mapping_with_no_taskflow_operators to 2026-07-20 00:00:00+00:00, run_after=2026-07-21 00:00:00+00:00
[2026-07-21T18:03:59.020+0000] {processor.py:183} INFO - Processing /home/airflow/.local/lib/python3.8/site-packages/airflow/example_dags/example_dynamic_task_mapping_with_no_taskflow_operators.py took 0.087 seconds
[2026-07-21T18:04:29.364+0000] {processor.py:161} INFO - Started process (PID=962) to work on /home/airflow/.local/lib/python3.8/site-packages/airflow/example_dags/example_dynamic_task_mapping_with_no_taskflow_operators.py
[2026-07-21T18:04:29.366+0000] {processor.py:830} INFO - Processing file /home/airflow/.local/lib/python3.8/site-packages/airflow/example_dags/example_dynamic_task_mapping_with_no_taskflow_operators.py for tasks to queue
[2026-07-21T18:04:29.368+0000] {logging_mixin.py:188} INFO - [2026-07-21T18:04:29.368+0000] {dagbag.py:538} INFO - Filling up the DagBag from /home/airflow/.local/lib/python3.8/site-packages/airflow/example_dags/example_dynamic_task_mapping_with_no_taskflow_operators.py
[2026-07-21T18:04:29.374+0000] {processor.py:840} INFO - DAG(s) 'example_dynamic_task_mapping_with_no_taskflow_operators' retrieved from /home/airflow/.local/lib/python3.8/site-packages/airflow/example_dags/example_dynamic_task_mapping_with_no_taskflow_operators.py
[2026-07-21T18:04:29.396+0000] {logging_mixin.py:188} INFO - [2026-07-21T18:04:29.395+0000] {dag.py:3036} INFO - Sync 1 DAGs
[2026-07-21T18:04:29.420+0000] {logging_mixin.py:188} INFO - [2026-07-21T18:04:29.419+0000] {dag.py:3823} INFO - Setting next_dagrun for example_dynamic_task_mapping_with_no_taskflow_operators to 2026-07-20 00:00:00+00:00, run_after=2026-07-21 00:00:00+00:00
[2026-07-21T18:04:29.443+0000] {processor.py:183} INFO - Processing /home/airflow/.local/lib/python3.8/site-packages/airflow/example_dags/example_dynamic_task_mapping_with_no_taskflow_operators.py took 0.082 seconds
[2026-07-21T18:04:59.738+0000] {processor.py:161} INFO - Started process (PID=1018) to work on /home/airflow/.local/lib/python3.8/site-packages/airflow/example_dags/example_dynamic_task_mapping_with_no_taskflow_operators.py
[2026-07-21T18:04:59.739+0000] {processor.py:830} INFO - Processing file /home/airflow/.local/lib/python3.8/site-packages/airflow/example_dags/example_dynamic_task_mapping_with_no_taskflow_operators.py for tasks to queue
[2026-07-21T18:04:59.741+0000] {logging_mixin.py:188} INFO - [2026-07-21T18:04:59.741+0000] {dagbag.py:538} INFO - Filling up the DagBag from /home/airflow/.local/lib/python3.8/site-packages/airflow/example_dags/example_dynamic_task_mapping_with_no_taskflow_operators.py
[2026-07-21T18:04:59.748+0000] {processor.py:840} INFO - DAG(s) 'example_dynamic_task_mapping_with_no_taskflow_operators' retrieved from /home/airflow/.local/lib/python3.8/site-packages/airflow/example_dags/example_dynamic_task_mapping_with_no_taskflow_operators.py
[2026-07-21T18:04:59.771+0000] {logging_mixin.py:188} INFO - [2026-07-21T18:04:59.771+0000] {dag.py:3036} INFO - Sync 1 DAGs
[2026-07-21T18:04:59.792+0000] {logging_mixin.py:188} INFO - [2026-07-21T18:04:59.792+0000] {dag.py:3823} INFO - Setting next_dagrun for example_dynamic_task_mapping_with_no_taskflow_operators to 2026-07-20 00:00:00+00:00, run_after=2026-07-21 00:00:00+00:00
[2026-07-21T18:04:59.814+0000] {processor.py:183} INFO - Processing /home/airflow/.local/lib/python3.8/site-packages/airflow/example_dags/example_dynamic_task_mapping_with_no_taskflow_operators.py took 0.080 seconds
[2026-07-21T18:05:30.120+0000] {processor.py:161} INFO - Started process (PID=1074) to work on /home/airflow/.local/lib/python3.8/site-packages/airflow/example_dags/example_dynamic_task_mapping_with_no_taskflow_operators.py
[2026-07-21T18:05:30.122+0000] {processor.py:830} INFO - Processing file /home/airflow/.local/lib/python3.8/site-packages/airflow/example_dags/example_dynamic_task_mapping_with_no_taskflow_operators.py for tasks to queue
[2026-07-21T18:05:30.124+0000] {logging_mixin.py:188} INFO - [2026-07-21T18:05:30.124+0000] {dagbag.py:538} INFO - Filling up the DagBag from /home/airflow/.local/lib/python3.8/site-packages/airflow/example_dags/example_dynamic_task_mapping_with_no_taskflow_operators.py
[2026-07-21T18:05:30.130+0000] {processor.py:840} INFO - DAG(s) 'example_dynamic_task_mapping_with_no_taskflow_operators' retrieved from /home/airflow/.local/lib/python3.8/site-packages/airflow/example_dags/example_dynamic_task_mapping_with_no_taskflow_operators.py
[2026-07-21T18:05:30.152+0000] {logging_mixin.py:188} INFO - [2026-07-21T18:05:30.152+0000] {dag.py:3036} INFO - Sync 1 DAGs
[2026-07-21T18:05:30.174+0000] {logging_mixin.py:188} INFO - [2026-07-21T18:05:30.174+0000] {dag.py:3823} INFO - Setting next_dagrun for example_dynamic_task_mapping_with_no_taskflow_operators to 2026-07-20 00:00:00+00:00, run_after=2026-07-21 00:00:00+00:00
[2026-07-21T18:05:30.195+0000] {processor.py:183} INFO - Processing /home/airflow/.local/lib/python3.8/site-packages/airflow/example_dags/example_dynamic_task_mapping_with_no_taskflow_operators.py took 0.078 seconds
[2026-07-21T18:06:00.794+0000] {processor.py:161} INFO - Started process (PID=1130) to work on /home/airflow/.local/lib/python3.8/site-packages/airflow/example_dags/example_dynamic_task_mapping_with_no_taskflow_operators.py
[2026-07-21T18:06:00.796+0000] {processor.py:830} INFO - Processing file /home/airflow/.local/lib/python3.8/site-packages/airflow/example_dags/example_dynamic_task_mapping_with_no_taskflow_operators.py for tasks to queue
[2026-07-21T18:06:00.799+0000] {logging_mixin.py:188} INFO - [2026-07-21T18:06:00.799+0000] {dagbag.py:538} INFO - Filling up the DagBag from /home/airflow/.local/lib/python3.8/site-packages/airflow/example_dags/example_dynamic_task_mapping_with_no_taskflow_operators.py
[2026-07-21T18:06:00.807+0000] {processor.py:840} INFO - DAG(s) 'example_dynamic_task_mapping_with_no_taskflow_operators' retrieved from /home/airflow/.local/lib/python3.8/site-packages/airflow/example_dags/example_dynamic_task_mapping_with_no_taskflow_operators.py
[2026-07-21T18:06:00.831+0000] {logging_mixin.py:188} INFO - [2026-07-21T18:06:00.830+0000] {dag.py:3036} INFO - Sync 1 DAGs
[2026-07-21T18:06:00.865+0000] {logging_mixin.py:188} INFO - [2026-07-21T18:06:00.865+0000] {dag.py:3823} INFO - Setting next_dagrun for example_dynamic_task_mapping_with_no_taskflow_operators to 2026-07-20 00:00:00+00:00, run_after=2026-07-21 00:00:00+00:00
[2026-07-21T18:06:00.898+0000] {processor.py:183} INFO - Processing /home/airflow/.local/lib/python3.8/site-packages/airflow/example_dags/example_dynamic_task_mapping_with_no_taskflow_operators.py took 0.108 seconds
[2026-07-21T18:06:31.291+0000] {processor.py:161} INFO - Started process (PID=1186) to work on /home/airflow/.local/lib/python3.8/site-packages/airflow/example_dags/example_dynamic_task_mapping_with_no_taskflow_operators.py
[2026-07-21T18:06:31.292+0000] {processor.py:830} INFO - Processing file /home/airflow/.local/lib/python3.8/site-packages/airflow/example_dags/example_dynamic_task_mapping_with_no_taskflow_operators.py for tasks to queue
[2026-07-21T18:06:31.296+0000] {logging_mixin.py:188} INFO - [2026-07-21T18:06:31.296+0000] {dagbag.py:538} INFO - Filling up the DagBag from /home/airflow/.local/lib/python3.8/site-packages/airflow/example_dags/example_dynamic_task_mapping_with_no_taskflow_operators.py
[2026-07-21T18:06:31.305+0000] {processor.py:840} INFO - DAG(s) 'example_dynamic_task_mapping_with_no_taskflow_operators' retrieved from /home/airflow/.local/lib/python3.8/site-packages/airflow/example_dags/example_dynamic_task_mapping_with_no_taskflow_operators.py
[2026-07-21T18:06:31.328+0000] {logging_mixin.py:188} INFO - [2026-07-21T18:06:31.328+0000] {dag.py:3036} INFO - Sync 1 DAGs
[2026-07-21T18:06:31.350+0000] {logging_mixin.py:188} INFO - [2026-07-21T18:06:31.350+0000] {dag.py:3823} INFO - Setting next_dagrun for example_dynamic_task_mapping_with_no_taskflow_operators to 2026-07-20 00:00:00+00:00, run_after=2026-07-21 00:00:00+00:00
[2026-07-21T18:06:31.371+0000] {processor.py:183} INFO - Processing /home/airflow/.local/lib/python3.8/site-packages/airflow/example_dags/example_dynamic_task_mapping_with_no_taskflow_operators.py took 0.084 seconds
[2026-07-21T18:07:01.672+0000] {processor.py:161} INFO - Started process (PID=1242) to work on /home/airflow/.local/lib/python3.8/site-packages/airflow/example_dags/example_dynamic_task_mapping_with_no_taskflow_operators.py
[2026-07-21T18:07:01.673+0000] {processor.py:830} INFO - Processing file /home/airflow/.local/lib/python3.8/site-packages/airflow/example_dags/example_dynamic_task_mapping_with_no_taskflow_operators.py for tasks to queue
[2026-07-21T18:07:01.676+0000] {logging_mixin.py:188} INFO - [2026-07-21T18:07:01.675+0000] {dagbag.py:538} INFO - Filling up the DagBag from /home/airflow/.local/lib/python3.8/site-packages/airflow/example_dags/example_dynamic_task_mapping_with_no_taskflow_operators.py
[2026-07-21T18:07:01.682+0000] {processor.py:840} INFO - DAG(s) 'example_dynamic_task_mapping_with_no_taskflow_operators' retrieved from /home/airflow/.local/lib/python3.8/site-packages/airflow/example_dags/example_dynamic_task_mapping_with_no_taskflow_operators.py
[2026-07-21T18:07:01.702+0000] {logging_mixin.py:188} INFO - [2026-07-21T18:07:01.702+0000] {dag.py:3036} INFO - Sync 1 DAGs
[2026-07-21T18:07:01.722+0000] {logging_mixin.py:188} INFO - [2026-07-21T18:07:01.721+0000] {dag.py:3823} INFO - Setting next_dagrun for example_dynamic_task_mapping_with_no_taskflow_operators to 2026-07-20 00:00:00+00:00, run_after=2026-07-21 00:00:00+00:00
[2026-07-21T18:07:01.739+0000] {processor.py:183} INFO - Processing /home/airflow/.local/lib/python3.8/site-packages/airflow/example_dags/example_dynamic_task_mapping_with_no_taskflow_operators.py took 0.071 seconds
[2026-07-21T18:07:32.096+0000] {processor.py:161} INFO - Started process (PID=1298) to work on /home/airflow/.local/lib/python3.8/site-packages/airflow/example_dags/example_dynamic_task_mapping_with_no_taskflow_operators.py
[2026-07-21T18:07:32.097+0000] {processor.py:830} INFO - Processing file /home/airflow/.local/lib/python3.8/site-packages/airflow/example_dags/example_dynamic_task_mapping_with_no_taskflow_operators.py for tasks to queue
[2026-07-21T18:07:32.100+0000] {logging_mixin.py:188} INFO - [2026-07-21T18:07:32.099+0000] {dagbag.py:538} INFO - Filling up the DagBag from /home/airflow/.local/lib/python3.8/site-packages/airflow/example_dags/example_dynamic_task_mapping_with_no_taskflow_operators.py
[2026-07-21T18:07:32.107+0000] {processor.py:840} INFO - DAG(s) 'example_dynamic_task_mapping_with_no_taskflow_operators' retrieved from /home/airflow/.local/lib/python3.8/site-packages/airflow/example_dags/example_dynamic_task_mapping_with_no_taskflow_operators.py
[2026-07-21T18:07:32.128+0000] {logging_mixin.py:188} INFO - [2026-07-21T18:07:32.128+0000] {dag.py:3036} INFO - Sync 1 DAGs
[2026-07-21T18:07:32.147+0000] {logging_mixin.py:188} INFO - [2026-07-21T18:07:32.147+0000] {dag.py:3823} INFO - Setting next_dagrun for example_dynamic_task_mapping_with_no_taskflow_operators to 2026-07-20 00:00:00+00:00, run_after=2026-07-21 00:00:00+00:00
[2026-07-21T18:07:32.167+0000] {processor.py:183} INFO - Processing /home/airflow/.local/lib/python3.8/site-packages/airflow/example_dags/example_dynamic_task_mapping_with_no_taskflow_operators.py took 0.074 seconds
[2026-07-21T18:09:11.421+0000] {processor.py:161} INFO - Started process (PID=93) to work on /home/airflow/.local/lib/python3.8/site-packages/airflow/example_dags/example_dynamic_task_mapping_with_no_taskflow_operators.py
[2026-07-21T18:09:11.423+0000] {processor.py:830} INFO - Processing file /home/airflow/.local/lib/python3.8/site-packages/airflow/example_dags/example_dynamic_task_mapping_with_no_taskflow_operators.py for tasks to queue
[2026-07-21T18:09:11.426+0000] {logging_mixin.py:188} INFO - [2026-07-21T18:09:11.426+0000] {dagbag.py:538} INFO - Filling up the DagBag from /home/airflow/.local/lib/python3.8/site-packages/airflow/example_dags/example_dynamic_task_mapping_with_no_taskflow_operators.py
[2026-07-21T18:09:11.439+0000] {processor.py:840} INFO - DAG(s) 'example_dynamic_task_mapping_with_no_taskflow_operators' retrieved from /home/airflow/.local/lib/python3.8/site-packages/airflow/example_dags/example_dynamic_task_mapping_with_no_taskflow_operators.py
[2026-07-21T18:09:11.456+0000] {logging_mixin.py:188} INFO - [2026-07-21T18:09:11.456+0000] {dag.py:3036} INFO - Sync 1 DAGs
[2026-07-21T18:09:11.486+0000] {logging_mixin.py:188} INFO - [2026-07-21T18:09:11.486+0000] {dag.py:3823} INFO - Setting next_dagrun for example_dynamic_task_mapping_with_no_taskflow_operators to 2026-07-20 00:00:00+00:00, run_after=2026-07-21 00:00:00+00:00
[2026-07-21T18:09:11.510+0000] {processor.py:183} INFO - Processing /home/airflow/.local/lib/python3.8/site-packages/airflow/example_dags/example_dynamic_task_mapping_with_no_taskflow_operators.py took 0.096 seconds
[2026-07-21T18:09:41.967+0000] {processor.py:161} INFO - Started process (PID=155) to work on /home/airflow/.local/lib/python3.8/site-packages/airflow/example_dags/example_dynamic_task_mapping_with_no_taskflow_operators.py
[2026-07-21T18:09:41.969+0000] {processor.py:830} INFO - Processing file /home/airflow/.local/lib/python3.8/site-packages/airflow/example_dags/example_dynamic_task_mapping_with_no_taskflow_operators.py for tasks to queue
[2026-07-21T18:09:41.971+0000] {logging_mixin.py:188} INFO - [2026-07-21T18:09:41.971+0000] {dagbag.py:538} INFO - Filling up the DagBag from /home/airflow/.local/lib/python3.8/site-packages/airflow/example_dags/example_dynamic_task_mapping_with_no_taskflow_operators.py
[2026-07-21T18:09:41.981+0000] {processor.py:840} INFO - DAG(s) 'example_dynamic_task_mapping_with_no_taskflow_operators' retrieved from /home/airflow/.local/lib/python3.8/site-packages/airflow/example_dags/example_dynamic_task_mapping_with_no_taskflow_operators.py
[2026-07-21T18:09:42.081+0000] {logging_mixin.py:188} INFO - [2026-07-21T18:09:42.080+0000] {dag.py:3036} INFO - Sync 1 DAGs
[2026-07-21T18:09:42.100+0000] {logging_mixin.py:188} INFO - [2026-07-21T18:09:42.100+0000] {dag.py:3823} INFO - Setting next_dagrun for example_dynamic_task_mapping_with_no_taskflow_operators to 2026-07-20 00:00:00+00:00, run_after=2026-07-21 00:00:00+00:00
[2026-07-21T18:09:42.119+0000] {processor.py:183} INFO - Processing /home/airflow/.local/lib/python3.8/site-packages/airflow/example_dags/example_dynamic_task_mapping_with_no_taskflow_operators.py took 0.157 seconds
[2026-07-21T18:10:12.185+0000] {processor.py:161} INFO - Started process (PID=211) to work on /home/airflow/.local/lib/python3.8/site-packages/airflow/example_dags/example_dynamic_task_mapping_with_no_taskflow_operators.py
[2026-07-21T18:10:12.186+0000] {processor.py:830} INFO - Processing file /home/airflow/.local/lib/python3.8/site-packages/airflow/example_dags/example_dynamic_task_mapping_with_no_taskflow_operators.py for tasks to queue
[2026-07-21T18:10:12.188+0000] {logging_mixin.py:188} INFO - [2026-07-21T18:10:12.188+0000] {dagbag.py:538} INFO - Filling up the DagBag from /home/airflow/.local/lib/python3.8/site-packages/airflow/example_dags/example_dynamic_task_mapping_with_no_taskflow_operators.py
[2026-07-21T18:10:12.195+0000] {processor.py:840} INFO - DAG(s) 'example_dynamic_task_mapping_with_no_taskflow_operators' retrieved from /home/airflow/.local/lib/python3.8/site-packages/airflow/example_dags/example_dynamic_task_mapping_with_no_taskflow_operators.py
[2026-07-21T18:10:12.222+0000] {logging_mixin.py:188} INFO - [2026-07-21T18:10:12.222+0000] {dag.py:3036} INFO - Sync 1 DAGs
[2026-07-21T18:10:12.246+0000] {logging_mixin.py:188} INFO - [2026-07-21T18:10:12.245+0000] {dag.py:3823} INFO - Setting next_dagrun for example_dynamic_task_mapping_with_no_taskflow_operators to 2026-07-20 00:00:00+00:00, run_after=2026-07-21 00:00:00+00:00
[2026-07-21T18:10:12.267+0000] {processor.py:183} INFO - Processing /home/airflow/.local/lib/python3.8/site-packages/airflow/example_dags/example_dynamic_task_mapping_with_no_taskflow_operators.py took 0.086 seconds
[2026-07-21T18:10:42.617+0000] {processor.py:161} INFO - Started process (PID=267) to work on /home/airflow/.local/lib/python3.8/site-packages/airflow/example_dags/example_dynamic_task_mapping_with_no_taskflow_operators.py
[2026-07-21T18:10:42.619+0000] {processor.py:830} INFO - Processing file /home/airflow/.local/lib/python3.8/site-packages/airflow/example_dags/example_dynamic_task_mapping_with_no_taskflow_operators.py for tasks to queue
[2026-07-21T18:10:42.622+0000] {logging_mixin.py:188} INFO - [2026-07-21T18:10:42.621+0000] {dagbag.py:538} INFO - Filling up the DagBag from /home/airflow/.local/lib/python3.8/site-packages/airflow/example_dags/example_dynamic_task_mapping_with_no_taskflow_operators.py
[2026-07-21T18:10:42.629+0000] {processor.py:840} INFO - DAG(s) 'example_dynamic_task_mapping_with_no_taskflow_operators' retrieved from /home/airflow/.local/lib/python3.8/site-packages/airflow/example_dags/example_dynamic_task_mapping_with_no_taskflow_operators.py
[2026-07-21T18:10:42.649+0000] {logging_mixin.py:188} INFO - [2026-07-21T18:10:42.649+0000] {dag.py:3036} INFO - Sync 1 DAGs
[2026-07-21T18:10:42.669+0000] {logging_mixin.py:188} INFO - [2026-07-21T18:10:42.669+0000] {dag.py:3823} INFO - Setting next_dagrun for example_dynamic_task_mapping_with_no_taskflow_operators to 2026-07-20 00:00:00+00:00, run_after=2026-07-21 00:00:00+00:00
[2026-07-21T18:10:42.686+0000] {processor.py:183} INFO - Processing /home/airflow/.local/lib/python3.8/site-packages/airflow/example_dags/example_dynamic_task_mapping_with_no_taskflow_operators.py took 0.073 seconds
[2026-07-21T18:11:13.139+0000] {processor.py:161} INFO - Started process (PID=323) to work on /home/airflow/.local/lib/python3.8/site-packages/airflow/example_dags/example_dynamic_task_mapping_with_no_taskflow_operators.py
[2026-07-21T18:11:13.140+0000] {processor.py:830} INFO - Processing file /home/airflow/.local/lib/python3.8/site-packages/airflow/example_dags/example_dynamic_task_mapping_with_no_taskflow_operators.py for tasks to queue
[2026-07-21T18:11:13.142+0000] {logging_mixin.py:188} INFO - [2026-07-21T18:11:13.142+0000] {dagbag.py:538} INFO - Filling up the DagBag from /home/airflow/.local/lib/python3.8/site-packages/airflow/example_dags/example_dynamic_task_mapping_with_no_taskflow_operators.py
[2026-07-21T18:11:13.149+0000] {processor.py:840} INFO - DAG(s) 'example_dynamic_task_mapping_with_no_taskflow_operators' retrieved from /home/airflow/.local/lib/python3.8/site-packages/airflow/example_dags/example_dynamic_task_mapping_with_no_taskflow_operators.py
[2026-07-21T18:11:13.170+0000] {logging_mixin.py:188} INFO - [2026-07-21T18:11:13.170+0000] {dag.py:3036} INFO - Sync 1 DAGs
[2026-07-21T18:11:13.189+0000] {logging_mixin.py:188} INFO - [2026-07-21T18:11:13.189+0000] {dag.py:3823} INFO - Setting next_dagrun for example_dynamic_task_mapping_with_no_taskflow_operators to 2026-07-20 00:00:00+00:00, run_after=2026-07-21 00:00:00+00:00
[2026-07-21T18:11:13.209+0000] {processor.py:183} INFO - Processing /home/airflow/.local/lib/python3.8/site-packages/airflow/example_dags/example_dynamic_task_mapping_with_no_taskflow_operators.py took 0.073 seconds
[2026-07-21T18:11:43.583+0000] {processor.py:161} INFO - Started process (PID=379) to work on /home/airflow/.local/lib/python3.8/site-packages/airflow/example_dags/example_dynamic_task_mapping_with_no_taskflow_operators.py
[2026-07-21T18:11:43.584+0000] {processor.py:830} INFO - Processing file /home/airflow/.local/lib/python3.8/site-packages/airflow/example_dags/example_dynamic_task_mapping_with_no_taskflow_operators.py for tasks to queue
[2026-07-21T18:11:43.586+0000] {logging_mixin.py:188} INFO - [2026-07-21T18:11:43.586+0000] {dagbag.py:538} INFO - Filling up the DagBag from /home/airflow/.local/lib/python3.8/site-packages/airflow/example_dags/example_dynamic_task_mapping_with_no_taskflow_operators.py
[2026-07-21T18:11:43.592+0000] {processor.py:840} INFO - DAG(s) 'example_dynamic_task_mapping_with_no_taskflow_operators' retrieved from /home/airflow/.local/lib/python3.8/site-packages/airflow/example_dags/example_dynamic_task_mapping_with_no_taskflow_operators.py
[2026-07-21T18:11:43.614+0000] {logging_mixin.py:188} INFO - [2026-07-21T18:11:43.614+0000] {dag.py:3036} INFO - Sync 1 DAGs
[2026-07-21T18:11:43.634+0000] {logging_mixin.py:188} INFO - [2026-07-21T18:11:43.634+0000] {dag.py:3823} INFO - Setting next_dagrun for example_dynamic_task_mapping_with_no_taskflow_operators to 2026-07-20 00:00:00+00:00, run_after=2026-07-21 00:00:00+00:00
[2026-07-21T18:11:43.656+0000] {processor.py:183} INFO - Processing /home/airflow/.local/lib/python3.8/site-packages/airflow/example_dags/example_dynamic_task_mapping_with_no_taskflow_operators.py took 0.077 seconds
[2026-07-21T18:12:14.192+0000] {processor.py:161} INFO - Started process (PID=435) to work on /home/airflow/.local/lib/python3.8/site-packages/airflow/example_dags/example_dynamic_task_mapping_with_no_taskflow_operators.py
[2026-07-21T18:12:14.194+0000] {processor.py:830} INFO - Processing file /home/airflow/.local/lib/python3.8/site-packages/airflow/example_dags/example_dynamic_task_mapping_with_no_taskflow_operators.py for tasks to queue
[2026-07-21T18:12:14.197+0000] {logging_mixin.py:188} INFO - [2026-07-21T18:12:14.196+0000] {dagbag.py:538} INFO - Filling up the DagBag from /home/airflow/.local/lib/python3.8/site-packages/airflow/example_dags/example_dynamic_task_mapping_with_no_taskflow_operators.py
[2026-07-21T18:12:14.203+0000] {processor.py:840} INFO - DAG(s) 'example_dynamic_task_mapping_with_no_taskflow_operators' retrieved from /home/airflow/.local/lib/python3.8/site-packages/airflow/example_dags/example_dynamic_task_mapping_with_no_taskflow_operators.py
[2026-07-21T18:12:14.224+0000] {logging_mixin.py:188} INFO - [2026-07-21T18:12:14.224+0000] {dag.py:3036} INFO - Sync 1 DAGs
[2026-07-21T18:12:14.246+0000] {logging_mixin.py:188} INFO - [2026-07-21T18:12:14.245+0000] {dag.py:3823} INFO - Setting next_dagrun for example_dynamic_task_mapping_with_no_taskflow_operators to 2026-07-20 00:00:00+00:00, run_after=2026-07-21 00:00:00+00:00
[2026-07-21T18:12:14.266+0000] {processor.py:183} INFO - Processing /home/airflow/.local/lib/python3.8/site-packages/airflow/example_dags/example_dynamic_task_mapping_with_no_taskflow_operators.py took 0.078 seconds
[2026-07-21T18:12:45.146+0000] {processor.py:161} INFO - Started process (PID=491) to work on /home/airflow/.local/lib/python3.8/site-packages/airflow/example_dags/example_dynamic_task_mapping_with_no_taskflow_operators.py
[2026-07-21T18:12:45.148+0000] {processor.py:830} INFO - Processing file /home/airflow/.local/lib/python3.8/site-packages/airflow/example_dags/example_dynamic_task_mapping_with_no_taskflow_operators.py for tasks to queue
[2026-07-21T18:12:45.151+0000] {logging_mixin.py:188} INFO - [2026-07-21T18:12:45.150+0000] {dagbag.py:538} INFO - Filling up the DagBag from /home/airflow/.local/lib/python3.8/site-packages/airflow/example_dags/example_dynamic_task_mapping_with_no_taskflow_operators.py
[2026-07-21T18:12:45.157+0000] {processor.py:840} INFO - DAG(s) 'example_dynamic_task_mapping_with_no_taskflow_operators' retrieved from /home/airflow/.local/lib/python3.8/site-packages/airflow/example_dags/example_dynamic_task_mapping_with_no_taskflow_operators.py
[2026-07-21T18:12:45.179+0000] {logging_mixin.py:188} INFO - [2026-07-21T18:12:45.179+0000] {dag.py:3036} INFO - Sync 1 DAGs
[2026-07-21T18:12:45.199+0000] {logging_mixin.py:188} INFO - [2026-07-21T18:12:45.199+0000] {dag.py:3823} INFO - Setting next_dagrun for example_dynamic_task_mapping_with_no_taskflow_operators to 2026-07-20 00:00:00+00:00, run_after=2026-07-21 00:00:00+00:00
[2026-07-21T18:12:45.218+0000] {processor.py:183} INFO - Processing /home/airflow/.local/lib/python3.8/site-packages/airflow/example_dags/example_dynamic_task_mapping_with_no_taskflow_operators.py took 0.075 seconds
[2026-07-21T18:13:15.858+0000] {processor.py:161} INFO - Started process (PID=547) to work on /home/airflow/.local/lib/python3.8/site-packages/airflow/example_dags/example_dynamic_task_mapping_with_no_taskflow_operators.py
[2026-07-21T18:13:15.859+0000] {processor.py:830} INFO - Processing file /home/airflow/.local/lib/python3.8/site-packages/airflow/example_dags/example_dynamic_task_mapping_with_no_taskflow_operators.py for tasks to queue
[2026-07-21T18:13:15.862+0000] {logging_mixin.py:188} INFO - [2026-07-21T18:13:15.862+0000] {dagbag.py:538} INFO - Filling up the DagBag from /home/airflow/.local/lib/python3.8/site-packages/airflow/example_dags/example_dynamic_task_mapping_with_no_taskflow_operators.py
[2026-07-21T18:13:15.870+0000] {processor.py:840} INFO - DAG(s) 'example_dynamic_task_mapping_with_no_taskflow_operators' retrieved from /home/airflow/.local/lib/python3.8/site-packages/airflow/example_dags/example_dynamic_task_mapping_with_no_taskflow_operators.py
[2026-07-21T18:13:15.897+0000] {logging_mixin.py:188} INFO - [2026-07-21T18:13:15.896+0000] {dag.py:3036} INFO - Sync 1 DAGs
[2026-07-21T18:13:15.920+0000] {logging_mixin.py:188} INFO - [2026-07-21T18:13:15.920+0000] {dag.py:3823} INFO - Setting next_dagrun for example_dynamic_task_mapping_with_no_taskflow_operators to 2026-07-20 00:00:00+00:00, run_after=2026-07-21 00:00:00+00:00
[2026-07-21T18:13:15.942+0000] {processor.py:183} INFO - Processing /home/airflow/.local/lib/python3.8/site-packages/airflow/example_dags/example_dynamic_task_mapping_with_no_taskflow_operators.py took 0.088 seconds
[2026-07-21T18:13:46.353+0000] {processor.py:161} INFO - Started process (PID=603) to work on /home/airflow/.local/lib/python3.8/site-packages/airflow/example_dags/example_dynamic_task_mapping_with_no_taskflow_operators.py
[2026-07-21T18:13:46.355+0000] {processor.py:830} INFO - Processing file /home/airflow/.local/lib/python3.8/site-packages/airflow/example_dags/example_dynamic_task_mapping_with_no_taskflow_operators.py for tasks to queue
[2026-07-21T18:13:46.357+0000] {logging_mixin.py:188} INFO - [2026-07-21T18:13:46.357+0000] {dagbag.py:538} INFO - Filling up the DagBag from /home/airflow/.local/lib/python3.8/site-packages/airflow/example_dags/example_dynamic_task_mapping_with_no_taskflow_operators.py
[2026-07-21T18:13:46.364+0000] {processor.py:840} INFO - DAG(s) 'example_dynamic_task_mapping_with_no_taskflow_operators' retrieved from /home/airflow/.local/lib/python3.8/site-packages/airflow/example_dags/example_dynamic_task_mapping_with_no_taskflow_operators.py
[2026-07-21T18:13:46.386+0000] {logging_mixin.py:188} INFO - [2026-07-21T18:13:46.386+0000] {dag.py:3036} INFO - Sync 1 DAGs
[2026-07-21T18:13:46.408+0000] {logging_mixin.py:188} INFO - [2026-07-21T18:13:46.408+0000] {dag.py:3823} INFO - Setting next_dagrun for example_dynamic_task_mapping_with_no_taskflow_operators to 2026-07-20 00:00:00+00:00, run_after=2026-07-21 00:00:00+00:00
[2026-07-21T18:13:46.427+0000] {processor.py:183} INFO - Processing /home/airflow/.local/lib/python3.8/site-packages/airflow/example_dags/example_dynamic_task_mapping_with_no_taskflow_operators.py took 0.077 seconds
[2026-07-21T18:14:17.285+0000] {processor.py:161} INFO - Started process (PID=659) to work on /home/airflow/.local/lib/python3.8/site-packages/airflow/example_dags/example_dynamic_task_mapping_with_no_taskflow_operators.py
[2026-07-21T18:14:17.287+0000] {processor.py:830} INFO - Processing file /home/airflow/.local/lib/python3.8/site-packages/airflow/example_dags/example_dynamic_task_mapping_with_no_taskflow_operators.py for tasks to queue
[2026-07-21T18:14:17.289+0000] {logging_mixin.py:188} INFO - [2026-07-21T18:14:17.289+0000] {dagbag.py:538} INFO - Filling up the DagBag from /home/airflow/.local/lib/python3.8/site-packages/airflow/example_dags/example_dynamic_task_mapping_with_no_taskflow_operators.py
[2026-07-21T18:14:17.296+0000] {processor.py:840} INFO - DAG(s) 'example_dynamic_task_mapping_with_no_taskflow_operators' retrieved from /home/airflow/.local/lib/python3.8/site-packages/airflow/example_dags/example_dynamic_task_mapping_with_no_taskflow_operators.py
[2026-07-21T18:14:17.318+0000] {logging_mixin.py:188} INFO - [2026-07-21T18:14:17.318+0000] {dag.py:3036} INFO - Sync 1 DAGs
[2026-07-21T18:14:17.339+0000] {logging_mixin.py:188} INFO - [2026-07-21T18:14:17.339+0000] {dag.py:3823} INFO - Setting next_dagrun for example_dynamic_task_mapping_with_no_taskflow_operators to 2026-07-20 00:00:00+00:00, run_after=2026-07-21 00:00:00+00:00
[2026-07-21T18:14:17.359+0000] {processor.py:183} INFO - Processing /home/airflow/.local/lib/python3.8/site-packages/airflow/example_dags/example_dynamic_task_mapping_with_no_taskflow_operators.py took 0.078 seconds
[2026-07-21T18:14:48.016+0000] {processor.py:161} INFO - Started process (PID=716) to work on /home/airflow/.local/lib/python3.8/site-packages/airflow/example_dags/example_dynamic_task_mapping_with_no_taskflow_operators.py
[2026-07-21T18:14:48.017+0000] {processor.py:830} INFO - Processing file /home/airflow/.local/lib/python3.8/site-packages/airflow/example_dags/example_dynamic_task_mapping_with_no_taskflow_operators.py for tasks to queue
[2026-07-21T18:14:48.020+0000] {logging_mixin.py:188} INFO - [2026-07-21T18:14:48.020+0000] {dagbag.py:538} INFO - Filling up the DagBag from /home/airflow/.local/lib/python3.8/site-packages/airflow/example_dags/example_dynamic_task_mapping_with_no_taskflow_operators.py
[2026-07-21T18:14:48.028+0000] {processor.py:840} INFO - DAG(s) 'example_dynamic_task_mapping_with_no_taskflow_operators' retrieved from /home/airflow/.local/lib/python3.8/site-packages/airflow/example_dags/example_dynamic_task_mapping_with_no_taskflow_operators.py
[2026-07-21T18:14:48.053+0000] {logging_mixin.py:188} INFO - [2026-07-21T18:14:48.053+0000] {dag.py:3036} INFO - Sync 1 DAGs
[2026-07-21T18:14:48.085+0000] {logging_mixin.py:188} INFO - [2026-07-21T18:14:48.084+0000] {dag.py:3823} INFO - Setting next_dagrun for example_dynamic_task_mapping_with_no_taskflow_operators to 2026-07-20 00:00:00+00:00, run_after=2026-07-21 00:00:00+00:00
[2026-07-21T18:14:48.109+0000] {processor.py:183} INFO - Processing /home/airflow/.local/lib/python3.8/site-packages/airflow/example_dags/example_dynamic_task_mapping_with_no_taskflow_operators.py took 0.097 seconds
[2026-07-21T18:15:19.133+0000] {processor.py:161} INFO - Started process (PID=772) to work on /home/airflow/.local/lib/python3.8/site-packages/airflow/example_dags/example_dynamic_task_mapping_with_no_taskflow_operators.py
[2026-07-21T18:15:19.134+0000] {processor.py:830} INFO - Processing file /home/airflow/.local/lib/python3.8/site-packages/airflow/example_dags/example_dynamic_task_mapping_with_no_taskflow_operators.py for tasks to queue
[2026-07-21T18:15:19.137+0000] {logging_mixin.py:188} INFO - [2026-07-21T18:15:19.137+0000] {dagbag.py:538} INFO - Filling up the DagBag from /home/airflow/.local/lib/python3.8/site-packages/airflow/example_dags/example_dynamic_task_mapping_with_no_taskflow_operators.py
[2026-07-21T18:15:19.145+0000] {processor.py:840} INFO - DAG(s) 'example_dynamic_task_mapping_with_no_taskflow_operators' retrieved from /home/airflow/.local/lib/python3.8/site-packages/airflow/example_dags/example_dynamic_task_mapping_with_no_taskflow_operators.py
[2026-07-21T18:15:19.173+0000] {logging_mixin.py:188} INFO - [2026-07-21T18:15:19.172+0000] {dag.py:3036} INFO - Sync 1 DAGs
[2026-07-21T18:15:19.210+0000] {logging_mixin.py:188} INFO - [2026-07-21T18:15:19.210+0000] {dag.py:3823} INFO - Setting next_dagrun for example_dynamic_task_mapping_with_no_taskflow_operators to 2026-07-20 00:00:00+00:00, run_after=2026-07-21 00:00:00+00:00
[2026-07-21T18:15:19.238+0000] {processor.py:183} INFO - Processing /home/airflow/.local/lib/python3.8/site-packages/airflow/example_dags/example_dynamic_task_mapping_with_no_taskflow_operators.py took 0.110 seconds
[2026-07-21T18:15:49.961+0000] {processor.py:161} INFO - Started process (PID=828) to work on /home/airflow/.local/lib/python3.8/site-packages/airflow/example_dags/example_dynamic_task_mapping_with_no_taskflow_operators.py
[2026-07-21T18:15:49.963+0000] {processor.py:830} INFO - Processing file /home/airflow/.local/lib/python3.8/site-packages/airflow/example_dags/example_dynamic_task_mapping_with_no_taskflow_operators.py for tasks to queue
[2026-07-21T18:15:49.967+0000] {logging_mixin.py:188} INFO - [2026-07-21T18:15:49.966+0000] {dagbag.py:538} INFO - Filling up the DagBag from /home/airflow/.local/lib/python3.8/site-packages/airflow/example_dags/example_dynamic_task_mapping_with_no_taskflow_operators.py
[2026-07-21T18:15:49.974+0000] {processor.py:840} INFO - DAG(s) 'example_dynamic_task_mapping_with_no_taskflow_operators' retrieved from /home/airflow/.local/lib/python3.8/site-packages/airflow/example_dags/example_dynamic_task_mapping_with_no_taskflow_operators.py
[2026-07-21T18:15:49.996+0000] {logging_mixin.py:188} INFO - [2026-07-21T18:15:49.996+0000] {dag.py:3036} INFO - Sync 1 DAGs
[2026-07-21T18:15:50.016+0000] {logging_mixin.py:188} INFO - [2026-07-21T18:15:50.016+0000] {dag.py:3823} INFO - Setting next_dagrun for example_dynamic_task_mapping_with_no_taskflow_operators to 2026-07-20 00:00:00+00:00, run_after=2026-07-21 00:00:00+00:00
[2026-07-21T18:15:50.036+0000] {processor.py:183} INFO - Processing /home/airflow/.local/lib/python3.8/site-packages/airflow/example_dags/example_dynamic_task_mapping_with_no_taskflow_operators.py took 0.080 seconds
[2026-07-21T18:16:20.677+0000] {processor.py:161} INFO - Started process (PID=884) to work on /home/airflow/.local/lib/python3.8/site-packages/airflow/example_dags/example_dynamic_task_mapping_with_no_taskflow_operators.py
[2026-07-21T18:16:20.678+0000] {processor.py:830} INFO - Processing file /home/airflow/.local/lib/python3.8/site-packages/airflow/example_dags/example_dynamic_task_mapping_with_no_taskflow_operators.py for tasks to queue
[2026-07-21T18:16:20.681+0000] {logging_mixin.py:188} INFO - [2026-07-21T18:16:20.681+0000] {dagbag.py:538} INFO - Filling up the DagBag from /home/airflow/.local/lib/python3.8/site-packages/airflow/example_dags/example_dynamic_task_mapping_with_no_taskflow_operators.py
[2026-07-21T18:16:20.688+0000] {processor.py:840} INFO - DAG(s) 'example_dynamic_task_mapping_with_no_taskflow_operators' retrieved from /home/airflow/.local/lib/python3.8/site-packages/airflow/example_dags/example_dynamic_task_mapping_with_no_taskflow_operators.py
[2026-07-21T18:16:20.711+0000] {logging_mixin.py:188} INFO - [2026-07-21T18:16:20.711+0000] {dag.py:3036} INFO - Sync 1 DAGs
[2026-07-21T18:16:20.732+0000] {logging_mixin.py:188} INFO - [2026-07-21T18:16:20.731+0000] {dag.py:3823} INFO - Setting next_dagrun for example_dynamic_task_mapping_with_no_taskflow_operators to 2026-07-20 00:00:00+00:00, run_after=2026-07-21 00:00:00+00:00
[2026-07-21T18:16:20.752+0000] {processor.py:183} INFO - Processing /home/airflow/.local/lib/python3.8/site-packages/airflow/example_dags/example_dynamic_task_mapping_with_no_taskflow_operators.py took 0.079 seconds
[2026-07-21T18:16:50.793+0000] {processor.py:161} INFO - Started process (PID=940) to work on /home/airflow/.local/lib/python3.8/site-packages/airflow/example_dags/example_dynamic_task_mapping_with_no_taskflow_operators.py
[2026-07-21T18:16:50.795+0000] {processor.py:830} INFO - Processing file /home/airflow/.local/lib/python3.8/site-packages/airflow/example_dags/example_dynamic_task_mapping_with_no_taskflow_operators.py for tasks to queue
[2026-07-21T18:16:50.797+0000] {logging_mixin.py:188} INFO - [2026-07-21T18:16:50.797+0000] {dagbag.py:538} INFO - Filling up the DagBag from /home/airflow/.local/lib/python3.8/site-packages/airflow/example_dags/example_dynamic_task_mapping_with_no_taskflow_operators.py
[2026-07-21T18:16:50.803+0000] {processor.py:840} INFO - DAG(s) 'example_dynamic_task_mapping_with_no_taskflow_operators' retrieved from /home/airflow/.local/lib/python3.8/site-packages/airflow/example_dags/example_dynamic_task_mapping_with_no_taskflow_operators.py
[2026-07-21T18:16:50.826+0000] {logging_mixin.py:188} INFO - [2026-07-21T18:16:50.826+0000] {dag.py:3036} INFO - Sync 1 DAGs
[2026-07-21T18:16:50.847+0000] {logging_mixin.py:188} INFO - [2026-07-21T18:16:50.846+0000] {dag.py:3823} INFO - Setting next_dagrun for example_dynamic_task_mapping_with_no_taskflow_operators to 2026-07-20 00:00:00+00:00, run_after=2026-07-21 00:00:00+00:00
[2026-07-21T18:16:50.865+0000] {processor.py:183} INFO - Processing /home/airflow/.local/lib/python3.8/site-packages/airflow/example_dags/example_dynamic_task_mapping_with_no_taskflow_operators.py took 0.076 seconds
[2026-07-21T18:17:21.301+0000] {processor.py:161} INFO - Started process (PID=996) to work on /home/airflow/.local/lib/python3.8/site-packages/airflow/example_dags/example_dynamic_task_mapping_with_no_taskflow_operators.py
[2026-07-21T18:17:21.302+0000] {processor.py:830} INFO - Processing file /home/airflow/.local/lib/python3.8/site-packages/airflow/example_dags/example_dynamic_task_mapping_with_no_taskflow_operators.py for tasks to queue
[2026-07-21T18:17:21.305+0000] {logging_mixin.py:188} INFO - [2026-07-21T18:17:21.305+0000] {dagbag.py:538} INFO - Filling up the DagBag from /home/airflow/.local/lib/python3.8/site-packages/airflow/example_dags/example_dynamic_task_mapping_with_no_taskflow_operators.py
[2026-07-21T18:17:21.311+0000] {processor.py:840} INFO - DAG(s) 'example_dynamic_task_mapping_with_no_taskflow_operators' retrieved from /home/airflow/.local/lib/python3.8/site-packages/airflow/example_dags/example_dynamic_task_mapping_with_no_taskflow_operators.py
[2026-07-21T18:17:21.333+0000] {logging_mixin.py:188} INFO - [2026-07-21T18:17:21.333+0000] {dag.py:3036} INFO - Sync 1 DAGs
[2026-07-21T18:17:21.354+0000] {logging_mixin.py:188} INFO - [2026-07-21T18:17:21.354+0000] {dag.py:3823} INFO - Setting next_dagrun for example_dynamic_task_mapping_with_no_taskflow_operators to 2026-07-20 00:00:00+00:00, run_after=2026-07-21 00:00:00+00:00
[2026-07-21T18:17:21.374+0000] {processor.py:183} INFO - Processing /home/airflow/.local/lib/python3.8/site-packages/airflow/example_dags/example_dynamic_task_mapping_with_no_taskflow_operators.py took 0.077 seconds
[2026-07-21T18:17:52.203+0000] {processor.py:161} INFO - Started process (PID=1052) to work on /home/airflow/.local/lib/python3.8/site-packages/airflow/example_dags/example_dynamic_task_mapping_with_no_taskflow_operators.py
[2026-07-21T18:17:52.204+0000] {processor.py:830} INFO - Processing file /home/airflow/.local/lib/python3.8/site-packages/airflow/example_dags/example_dynamic_task_mapping_with_no_taskflow_operators.py for tasks to queue
[2026-07-21T18:17:52.207+0000] {logging_mixin.py:188} INFO - [2026-07-21T18:17:52.206+0000] {dagbag.py:538} INFO - Filling up the DagBag from /home/airflow/.local/lib/python3.8/site-packages/airflow/example_dags/example_dynamic_task_mapping_with_no_taskflow_operators.py
[2026-07-21T18:17:52.213+0000] {processor.py:840} INFO - DAG(s) 'example_dynamic_task_mapping_with_no_taskflow_operators' retrieved from /home/airflow/.local/lib/python3.8/site-packages/airflow/example_dags/example_dynamic_task_mapping_with_no_taskflow_operators.py
[2026-07-21T18:17:52.236+0000] {logging_mixin.py:188} INFO - [2026-07-21T18:17:52.236+0000] {dag.py:3036} INFO - Sync 1 DAGs
[2026-07-21T18:17:52.263+0000] {logging_mixin.py:188} INFO - [2026-07-21T18:17:52.262+0000] {dag.py:3823} INFO - Setting next_dagrun for example_dynamic_task_mapping_with_no_taskflow_operators to 2026-07-20 00:00:00+00:00, run_after=2026-07-21 00:00:00+00:00
[2026-07-21T18:17:52.283+0000] {processor.py:183} INFO - Processing /home/airflow/.local/lib/python3.8/site-packages/airflow/example_dags/example_dynamic_task_mapping_with_no_taskflow_operators.py took 0.084 seconds
[2026-07-21T18:18:23.168+0000] {processor.py:161} INFO - Started process (PID=1108) to work on /home/airflow/.local/lib/python3.8/site-packages/airflow/example_dags/example_dynamic_task_mapping_with_no_taskflow_operators.py
[2026-07-21T18:18:23.169+0000] {processor.py:830} INFO - Processing file /home/airflow/.local/lib/python3.8/site-packages/airflow/example_dags/example_dynamic_task_mapping_with_no_taskflow_operators.py for tasks to queue
[2026-07-21T18:18:23.173+0000] {logging_mixin.py:188} INFO - [2026-07-21T18:18:23.172+0000] {dagbag.py:538} INFO - Filling up the DagBag from /home/airflow/.local/lib/python3.8/site-packages/airflow/example_dags/example_dynamic_task_mapping_with_no_taskflow_operators.py
[2026-07-21T18:18:23.180+0000] {processor.py:840} INFO - DAG(s) 'example_dynamic_task_mapping_with_no_taskflow_operators' retrieved from /home/airflow/.local/lib/python3.8/site-packages/airflow/example_dags/example_dynamic_task_mapping_with_no_taskflow_operators.py
[2026-07-21T18:18:23.203+0000] {logging_mixin.py:188} INFO - [2026-07-21T18:18:23.203+0000] {dag.py:3036} INFO - Sync 1 DAGs
[2026-07-21T18:18:23.224+0000] {logging_mixin.py:188} INFO - [2026-07-21T18:18:23.223+0000] {dag.py:3823} INFO - Setting next_dagrun for example_dynamic_task_mapping_with_no_taskflow_operators to 2026-07-20 00:00:00+00:00, run_after=2026-07-21 00:00:00+00:00
[2026-07-21T18:18:23.245+0000] {processor.py:183} INFO - Processing /home/airflow/.local/lib/python3.8/site-packages/airflow/example_dags/example_dynamic_task_mapping_with_no_taskflow_operators.py took 0.082 seconds
[2026-07-21T18:18:53.849+0000] {processor.py:161} INFO - Started process (PID=1164) to work on /home/airflow/.local/lib/python3.8/site-packages/airflow/example_dags/example_dynamic_task_mapping_with_no_taskflow_operators.py
[2026-07-21T18:18:53.850+0000] {processor.py:830} INFO - Processing file /home/airflow/.local/lib/python3.8/site-packages/airflow/example_dags/example_dynamic_task_mapping_with_no_taskflow_operators.py for tasks to queue
[2026-07-21T18:18:53.853+0000] {logging_mixin.py:188} INFO - [2026-07-21T18:18:53.853+0000] {dagbag.py:538} INFO - Filling up the DagBag from /home/airflow/.local/lib/python3.8/site-packages/airflow/example_dags/example_dynamic_task_mapping_with_no_taskflow_operators.py
[2026-07-21T18:18:53.860+0000] {processor.py:840} INFO - DAG(s) 'example_dynamic_task_mapping_with_no_taskflow_operators' retrieved from /home/airflow/.local/lib/python3.8/site-packages/airflow/example_dags/example_dynamic_task_mapping_with_no_taskflow_operators.py
[2026-07-21T18:18:53.881+0000] {logging_mixin.py:188} INFO - [2026-07-21T18:18:53.881+0000] {dag.py:3036} INFO - Sync 1 DAGs
[2026-07-21T18:18:53.901+0000] {logging_mixin.py:188} INFO - [2026-07-21T18:18:53.901+0000] {dag.py:3823} INFO - Setting next_dagrun for example_dynamic_task_mapping_with_no_taskflow_operators to 2026-07-20 00:00:00+00:00, run_after=2026-07-21 00:00:00+00:00
[2026-07-21T18:18:53.921+0000] {processor.py:183} INFO - Processing /home/airflow/.local/lib/python3.8/site-packages/airflow/example_dags/example_dynamic_task_mapping_with_no_taskflow_operators.py took 0.075 seconds
[2026-07-21T18:19:24.822+0000] {processor.py:161} INFO - Started process (PID=1220) to work on /home/airflow/.local/lib/python3.8/site-packages/airflow/example_dags/example_dynamic_task_mapping_with_no_taskflow_operators.py
[2026-07-21T18:19:24.824+0000] {processor.py:830} INFO - Processing file /home/airflow/.local/lib/python3.8/site-packages/airflow/example_dags/example_dynamic_task_mapping_with_no_taskflow_operators.py for tasks to queue
[2026-07-21T18:19:24.826+0000] {logging_mixin.py:188} INFO - [2026-07-21T18:19:24.825+0000] {dagbag.py:538} INFO - Filling up the DagBag from /home/airflow/.local/lib/python3.8/site-packages/airflow/example_dags/example_dynamic_task_mapping_with_no_taskflow_operators.py
[2026-07-21T18:19:24.832+0000] {processor.py:840} INFO - DAG(s) 'example_dynamic_task_mapping_with_no_taskflow_operators' retrieved from /home/airflow/.local/lib/python3.8/site-packages/airflow/example_dags/example_dynamic_task_mapping_with_no_taskflow_operators.py
[2026-07-21T18:19:24.853+0000] {logging_mixin.py:188} INFO - [2026-07-21T18:19:24.853+0000] {dag.py:3036} INFO - Sync 1 DAGs
[2026-07-21T18:19:24.873+0000] {logging_mixin.py:188} INFO - [2026-07-21T18:19:24.873+0000] {dag.py:3823} INFO - Setting next_dagrun for example_dynamic_task_mapping_with_no_taskflow_operators to 2026-07-20 00:00:00+00:00, run_after=2026-07-21 00:00:00+00:00
[2026-07-21T18:19:24.891+0000] {processor.py:183} INFO - Processing /home/airflow/.local/lib/python3.8/site-packages/airflow/example_dags/example_dynamic_task_mapping_with_no_taskflow_operators.py took 0.073 seconds
[2026-07-21T18:19:55.312+0000] {processor.py:161} INFO - Started process (PID=1276) to work on /home/airflow/.local/lib/python3.8/site-packages/airflow/example_dags/example_dynamic_task_mapping_with_no_taskflow_operators.py
[2026-07-21T18:19:55.313+0000] {processor.py:830} INFO - Processing file /home/airflow/.local/lib/python3.8/site-packages/airflow/example_dags/example_dynamic_task_mapping_with_no_taskflow_operators.py for tasks to queue
[2026-07-21T18:19:55.316+0000] {logging_mixin.py:188} INFO - [2026-07-21T18:19:55.316+0000] {dagbag.py:538} INFO - Filling up the DagBag from /home/airflow/.local/lib/python3.8/site-packages/airflow/example_dags/example_dynamic_task_mapping_with_no_taskflow_operators.py
[2026-07-21T18:19:55.323+0000] {processor.py:840} INFO - DAG(s) 'example_dynamic_task_mapping_with_no_taskflow_operators' retrieved from /home/airflow/.local/lib/python3.8/site-packages/airflow/example_dags/example_dynamic_task_mapping_with_no_taskflow_operators.py
[2026-07-21T18:19:55.344+0000] {logging_mixin.py:188} INFO - [2026-07-21T18:19:55.344+0000] {dag.py:3036} INFO - Sync 1 DAGs
[2026-07-21T18:19:55.364+0000] {logging_mixin.py:188} INFO - [2026-07-21T18:19:55.364+0000] {dag.py:3823} INFO - Setting next_dagrun for example_dynamic_task_mapping_with_no_taskflow_operators to 2026-07-20 00:00:00+00:00, run_after=2026-07-21 00:00:00+00:00
[2026-07-21T18:19:55.382+0000] {processor.py:183} INFO - Processing /home/airflow/.local/lib/python3.8/site-packages/airflow/example_dags/example_dynamic_task_mapping_with_no_taskflow_operators.py took 0.074 seconds
[2026-07-21T18:20:25.853+0000] {processor.py:161} INFO - Started process (PID=1332) to work on /home/airflow/.local/lib/python3.8/site-packages/airflow/example_dags/example_dynamic_task_mapping_with_no_taskflow_operators.py
[2026-07-21T18:20:25.854+0000] {processor.py:830} INFO - Processing file /home/airflow/.local/lib/python3.8/site-packages/airflow/example_dags/example_dynamic_task_mapping_with_no_taskflow_operators.py for tasks to queue
[2026-07-21T18:20:25.857+0000] {logging_mixin.py:188} INFO - [2026-07-21T18:20:25.856+0000] {dagbag.py:538} INFO - Filling up the DagBag from /home/airflow/.local/lib/python3.8/site-packages/airflow/example_dags/example_dynamic_task_mapping_with_no_taskflow_operators.py
[2026-07-21T18:20:25.862+0000] {processor.py:840} INFO - DAG(s) 'example_dynamic_task_mapping_with_no_taskflow_operators' retrieved from /home/airflow/.local/lib/python3.8/site-packages/airflow/example_dags/example_dynamic_task_mapping_with_no_taskflow_operators.py
[2026-07-21T18:20:25.883+0000] {logging_mixin.py:188} INFO - [2026-07-21T18:20:25.883+0000] {dag.py:3036} INFO - Sync 1 DAGs
[2026-07-21T18:20:25.904+0000] {logging_mixin.py:188} INFO - [2026-07-21T18:20:25.903+0000] {dag.py:3823} INFO - Setting next_dagrun for example_dynamic_task_mapping_with_no_taskflow_operators to 2026-07-20 00:00:00+00:00, run_after=2026-07-21 00:00:00+00:00
[2026-07-21T18:20:25.922+0000] {processor.py:183} INFO - Processing /home/airflow/.local/lib/python3.8/site-packages/airflow/example_dags/example_dynamic_task_mapping_with_no_taskflow_operators.py took 0.073 seconds
[2026-07-21T18:20:57.106+0000] {processor.py:161} INFO - Started process (PID=1388) to work on /home/airflow/.local/lib/python3.8/site-packages/airflow/example_dags/example_dynamic_task_mapping_with_no_taskflow_operators.py
[2026-07-21T18:20:57.108+0000] {processor.py:830} INFO - Processing file /home/airflow/.local/lib/python3.8/site-packages/airflow/example_dags/example_dynamic_task_mapping_with_no_taskflow_operators.py for tasks to queue
[2026-07-21T18:20:57.110+0000] {logging_mixin.py:188} INFO - [2026-07-21T18:20:57.110+0000] {dagbag.py:538} INFO - Filling up the DagBag from /home/airflow/.local/lib/python3.8/site-packages/airflow/example_dags/example_dynamic_task_mapping_with_no_taskflow_operators.py
[2026-07-21T18:20:57.116+0000] {processor.py:840} INFO - DAG(s) 'example_dynamic_task_mapping_with_no_taskflow_operators' retrieved from /home/airflow/.local/lib/python3.8/site-packages/airflow/example_dags/example_dynamic_task_mapping_with_no_taskflow_operators.py
[2026-07-21T18:20:57.138+0000] {logging_mixin.py:188} INFO - [2026-07-21T18:20:57.138+0000] {dag.py:3036} INFO - Sync 1 DAGs
[2026-07-21T18:20:57.159+0000] {logging_mixin.py:188} INFO - [2026-07-21T18:20:57.159+0000] {dag.py:3823} INFO - Setting next_dagrun for example_dynamic_task_mapping_with_no_taskflow_operators to 2026-07-20 00:00:00+00:00, run_after=2026-07-21 00:00:00+00:00
[2026-07-21T18:20:57.350+0000] {processor.py:183} INFO - Processing /home/airflow/.local/lib/python3.8/site-packages/airflow/example_dags/example_dynamic_task_mapping_with_no_taskflow_operators.py took 0.247 seconds
[2026-07-21T18:21:27.928+0000] {processor.py:161} INFO - Started process (PID=1444) to work on /home/airflow/.local/lib/python3.8/site-packages/airflow/example_dags/example_dynamic_task_mapping_with_no_taskflow_operators.py
[2026-07-21T18:21:27.929+0000] {processor.py:830} INFO - Processing file /home/airflow/.local/lib/python3.8/site-packages/airflow/example_dags/example_dynamic_task_mapping_with_no_taskflow_operators.py for tasks to queue
[2026-07-21T18:21:27.932+0000] {logging_mixin.py:188} INFO - [2026-07-21T18:21:27.932+0000] {dagbag.py:538} INFO - Filling up the DagBag from /home/airflow/.local/lib/python3.8/site-packages/airflow/example_dags/example_dynamic_task_mapping_with_no_taskflow_operators.py
[2026-07-21T18:21:27.938+0000] {processor.py:840} INFO - DAG(s) 'example_dynamic_task_mapping_with_no_taskflow_operators' retrieved from /home/airflow/.local/lib/python3.8/site-packages/airflow/example_dags/example_dynamic_task_mapping_with_no_taskflow_operators.py
[2026-07-21T18:21:27.959+0000] {logging_mixin.py:188} INFO - [2026-07-21T18:21:27.959+0000] {dag.py:3036} INFO - Sync 1 DAGs
[2026-07-21T18:21:27.980+0000] {logging_mixin.py:188} INFO - [2026-07-21T18:21:27.980+0000] {dag.py:3823} INFO - Setting next_dagrun for example_dynamic_task_mapping_with_no_taskflow_operators to 2026-07-20 00:00:00+00:00, run_after=2026-07-21 00:00:00+00:00
[2026-07-21T18:21:28.001+0000] {processor.py:183} INFO - Processing /home/airflow/.local/lib/python3.8/site-packages/airflow/example_dags/example_dynamic_task_mapping_with_no_taskflow_operators.py took 0.076 seconds
[2026-07-21T18:21:58.392+0000] {processor.py:161} INFO - Started process (PID=1500) to work on /home/airflow/.local/lib/python3.8/site-packages/airflow/example_dags/example_dynamic_task_mapping_with_no_taskflow_operators.py
[2026-07-21T18:21:58.393+0000] {processor.py:830} INFO - Processing file /home/airflow/.local/lib/python3.8/site-packages/airflow/example_dags/example_dynamic_task_mapping_with_no_taskflow_operators.py for tasks to queue
[2026-07-21T18:21:58.396+0000] {logging_mixin.py:188} INFO - [2026-07-21T18:21:58.395+0000] {dagbag.py:538} INFO - Filling up the DagBag from /home/airflow/.local/lib/python3.8/site-packages/airflow/example_dags/example_dynamic_task_mapping_with_no_taskflow_operators.py
[2026-07-21T18:21:58.402+0000] {processor.py:840} INFO - DAG(s) 'example_dynamic_task_mapping_with_no_taskflow_operators' retrieved from /home/airflow/.local/lib/python3.8/site-packages/airflow/example_dags/example_dynamic_task_mapping_with_no_taskflow_operators.py
[2026-07-21T18:21:58.423+0000] {logging_mixin.py:188} INFO - [2026-07-21T18:21:58.423+0000] {dag.py:3036} INFO - Sync 1 DAGs
[2026-07-21T18:21:58.443+0000] {logging_mixin.py:188} INFO - [2026-07-21T18:21:58.443+0000] {dag.py:3823} INFO - Setting next_dagrun for example_dynamic_task_mapping_with_no_taskflow_operators to 2026-07-20 00:00:00+00:00, run_after=2026-07-21 00:00:00+00:00
[2026-07-21T18:21:58.462+0000] {processor.py:183} INFO - Processing /home/airflow/.local/lib/python3.8/site-packages/airflow/example_dags/example_dynamic_task_mapping_with_no_taskflow_operators.py took 0.073 seconds
[2026-07-21T18:22:28.538+0000] {processor.py:161} INFO - Started process (PID=1556) to work on /home/airflow/.local/lib/python3.8/site-packages/airflow/example_dags/example_dynamic_task_mapping_with_no_taskflow_operators.py
[2026-07-21T18:22:28.539+0000] {processor.py:830} INFO - Processing file /home/airflow/.local/lib/python3.8/site-packages/airflow/example_dags/example_dynamic_task_mapping_with_no_taskflow_operators.py for tasks to queue
[2026-07-21T18:22:28.543+0000] {logging_mixin.py:188} INFO - [2026-07-21T18:22:28.542+0000] {dagbag.py:538} INFO - Filling up the DagBag from /home/airflow/.local/lib/python3.8/site-packages/airflow/example_dags/example_dynamic_task_mapping_with_no_taskflow_operators.py
[2026-07-21T18:22:28.550+0000] {processor.py:840} INFO - DAG(s) 'example_dynamic_task_mapping_with_no_taskflow_operators' retrieved from /home/airflow/.local/lib/python3.8/site-packages/airflow/example_dags/example_dynamic_task_mapping_with_no_taskflow_operators.py
[2026-07-21T18:22:28.573+0000] {logging_mixin.py:188} INFO - [2026-07-21T18:22:28.572+0000] {dag.py:3036} INFO - Sync 1 DAGs
[2026-07-21T18:22:28.593+0000] {logging_mixin.py:188} INFO - [2026-07-21T18:22:28.592+0000] {dag.py:3823} INFO - Setting next_dagrun for example_dynamic_task_mapping_with_no_taskflow_operators to 2026-07-20 00:00:00+00:00, run_after=2026-07-21 00:00:00+00:00
[2026-07-21T18:22:28.611+0000] {processor.py:183} INFO - Processing /home/airflow/.local/lib/python3.8/site-packages/airflow/example_dags/example_dynamic_task_mapping_with_no_taskflow_operators.py took 0.078 seconds
[2026-07-21T18:22:59.884+0000] {processor.py:161} INFO - Started process (PID=1612) to work on /home/airflow/.local/lib/python3.8/site-packages/airflow/example_dags/example_dynamic_task_mapping_with_no_taskflow_operators.py
[2026-07-21T18:22:59.885+0000] {processor.py:830} INFO - Processing file /home/airflow/.local/lib/python3.8/site-packages/airflow/example_dags/example_dynamic_task_mapping_with_no_taskflow_operators.py for tasks to queue
[2026-07-21T18:22:59.888+0000] {logging_mixin.py:188} INFO - [2026-07-21T18:22:59.887+0000] {dagbag.py:538} INFO - Filling up the DagBag from /home/airflow/.local/lib/python3.8/site-packages/airflow/example_dags/example_dynamic_task_mapping_with_no_taskflow_operators.py
[2026-07-21T18:22:59.894+0000] {processor.py:840} INFO - DAG(s) 'example_dynamic_task_mapping_with_no_taskflow_operators' retrieved from /home/airflow/.local/lib/python3.8/site-packages/airflow/example_dags/example_dynamic_task_mapping_with_no_taskflow_operators.py
[2026-07-21T18:22:59.916+0000] {logging_mixin.py:188} INFO - [2026-07-21T18:22:59.915+0000] {dag.py:3036} INFO - Sync 1 DAGs
[2026-07-21T18:23:00.090+0000] {logging_mixin.py:188} INFO - [2026-07-21T18:23:00.089+0000] {dag.py:3823} INFO - Setting next_dagrun for example_dynamic_task_mapping_with_no_taskflow_operators to 2026-07-20 00:00:00+00:00, run_after=2026-07-21 00:00:00+00:00
[2026-07-21T18:23:00.107+0000] {processor.py:183} INFO - Processing /home/airflow/.local/lib/python3.8/site-packages/airflow/example_dags/example_dynamic_task_mapping_with_no_taskflow_operators.py took 0.227 seconds
[2026-07-21T18:23:30.529+0000] {processor.py:161} INFO - Started process (PID=1668) to work on /home/airflow/.local/lib/python3.8/site-packages/airflow/example_dags/example_dynamic_task_mapping_with_no_taskflow_operators.py
[2026-07-21T18:23:30.530+0000] {processor.py:830} INFO - Processing file /home/airflow/.local/lib/python3.8/site-packages/airflow/example_dags/example_dynamic_task_mapping_with_no_taskflow_operators.py for tasks to queue
[2026-07-21T18:23:30.533+0000] {logging_mixin.py:188} INFO - [2026-07-21T18:23:30.533+0000] {dagbag.py:538} INFO - Filling up the DagBag from /home/airflow/.local/lib/python3.8/site-packages/airflow/example_dags/example_dynamic_task_mapping_with_no_taskflow_operators.py
[2026-07-21T18:23:30.539+0000] {processor.py:840} INFO - DAG(s) 'example_dynamic_task_mapping_with_no_taskflow_operators' retrieved from /home/airflow/.local/lib/python3.8/site-packages/airflow/example_dags/example_dynamic_task_mapping_with_no_taskflow_operators.py
[2026-07-21T18:23:30.560+0000] {logging_mixin.py:188} INFO - [2026-07-21T18:23:30.560+0000] {dag.py:3036} INFO - Sync 1 DAGs
[2026-07-21T18:23:30.734+0000] {logging_mixin.py:188} INFO - [2026-07-21T18:23:30.734+0000] {dag.py:3823} INFO - Setting next_dagrun for example_dynamic_task_mapping_with_no_taskflow_operators to 2026-07-20 00:00:00+00:00, run_after=2026-07-21 00:00:00+00:00
[2026-07-21T18:23:30.752+0000] {processor.py:183} INFO - Processing /home/airflow/.local/lib/python3.8/site-packages/airflow/example_dags/example_dynamic_task_mapping_with_no_taskflow_operators.py took 0.226 seconds
[2026-07-21T18:24:01.579+0000] {processor.py:161} INFO - Started process (PID=1724) to work on /home/airflow/.local/lib/python3.8/site-packages/airflow/example_dags/example_dynamic_task_mapping_with_no_taskflow_operators.py
[2026-07-21T18:24:01.581+0000] {processor.py:830} INFO - Processing file /home/airflow/.local/lib/python3.8/site-packages/airflow/example_dags/example_dynamic_task_mapping_with_no_taskflow_operators.py for tasks to queue
[2026-07-21T18:24:01.583+0000] {logging_mixin.py:188} INFO - [2026-07-21T18:24:01.583+0000] {dagbag.py:538} INFO - Filling up the DagBag from /home/airflow/.local/lib/python3.8/site-packages/airflow/example_dags/example_dynamic_task_mapping_with_no_taskflow_operators.py
[2026-07-21T18:24:01.590+0000] {processor.py:840} INFO - DAG(s) 'example_dynamic_task_mapping_with_no_taskflow_operators' retrieved from /home/airflow/.local/lib/python3.8/site-packages/airflow/example_dags/example_dynamic_task_mapping_with_no_taskflow_operators.py
[2026-07-21T18:24:01.614+0000] {logging_mixin.py:188} INFO - [2026-07-21T18:24:01.614+0000] {dag.py:3036} INFO - Sync 1 DAGs
[2026-07-21T18:24:01.638+0000] {logging_mixin.py:188} INFO - [2026-07-21T18:24:01.638+0000] {dag.py:3823} INFO - Setting next_dagrun for example_dynamic_task_mapping_with_no_taskflow_operators to 2026-07-20 00:00:00+00:00, run_after=2026-07-21 00:00:00+00:00
[2026-07-21T18:24:01.663+0000] {processor.py:183} INFO - Processing /home/airflow/.local/lib/python3.8/site-packages/airflow/example_dags/example_dynamic_task_mapping_with_no_taskflow_operators.py took 0.088 seconds
[2026-07-21T18:24:31.865+0000] {processor.py:161} INFO - Started process (PID=1780) to work on /home/airflow/.local/lib/python3.8/site-packages/airflow/example_dags/example_dynamic_task_mapping_with_no_taskflow_operators.py
[2026-07-21T18:24:31.867+0000] {processor.py:830} INFO - Processing file /home/airflow/.local/lib/python3.8/site-packages/airflow/example_dags/example_dynamic_task_mapping_with_no_taskflow_operators.py for tasks to queue
[2026-07-21T18:24:31.869+0000] {logging_mixin.py:188} INFO - [2026-07-21T18:24:31.869+0000] {dagbag.py:538} INFO - Filling up the DagBag from /home/airflow/.local/lib/python3.8/site-packages/airflow/example_dags/example_dynamic_task_mapping_with_no_taskflow_operators.py
[2026-07-21T18:24:31.877+0000] {processor.py:840} INFO - DAG(s) 'example_dynamic_task_mapping_with_no_taskflow_operators' retrieved from /home/airflow/.local/lib/python3.8/site-packages/airflow/example_dags/example_dynamic_task_mapping_with_no_taskflow_operators.py
[2026-07-21T18:24:31.903+0000] {logging_mixin.py:188} INFO - [2026-07-21T18:24:31.902+0000] {dag.py:3036} INFO - Sync 1 DAGs
[2026-07-21T18:24:31.929+0000] {logging_mixin.py:188} INFO - [2026-07-21T18:24:31.928+0000] {dag.py:3823} INFO - Setting next_dagrun for example_dynamic_task_mapping_with_no_taskflow_operators to 2026-07-20 00:00:00+00:00, run_after=2026-07-21 00:00:00+00:00
[2026-07-21T18:24:31.950+0000] {processor.py:183} INFO - Processing /home/airflow/.local/lib/python3.8/site-packages/airflow/example_dags/example_dynamic_task_mapping_with_no_taskflow_operators.py took 0.090 seconds
[2026-07-21T18:25:02.124+0000] {processor.py:161} INFO - Started process (PID=1836) to work on /home/airflow/.local/lib/python3.8/site-packages/airflow/example_dags/example_dynamic_task_mapping_with_no_taskflow_operators.py
[2026-07-21T18:25:02.125+0000] {processor.py:830} INFO - Processing file /home/airflow/.local/lib/python3.8/site-packages/airflow/example_dags/example_dynamic_task_mapping_with_no_taskflow_operators.py for tasks to queue
[2026-07-21T18:25:02.127+0000] {logging_mixin.py:188} INFO - [2026-07-21T18:25:02.127+0000] {dagbag.py:538} INFO - Filling up the DagBag from /home/airflow/.local/lib/python3.8/site-packages/airflow/example_dags/example_dynamic_task_mapping_with_no_taskflow_operators.py
[2026-07-21T18:25:02.135+0000] {processor.py:840} INFO - DAG(s) 'example_dynamic_task_mapping_with_no_taskflow_operators' retrieved from /home/airflow/.local/lib/python3.8/site-packages/airflow/example_dags/example_dynamic_task_mapping_with_no_taskflow_operators.py
[2026-07-21T18:25:02.159+0000] {logging_mixin.py:188} INFO - [2026-07-21T18:25:02.159+0000] {dag.py:3036} INFO - Sync 1 DAGs
[2026-07-21T18:25:02.182+0000] {logging_mixin.py:188} INFO - [2026-07-21T18:25:02.182+0000] {dag.py:3823} INFO - Setting next_dagrun for example_dynamic_task_mapping_with_no_taskflow_operators to 2026-07-20 00:00:00+00:00, run_after=2026-07-21 00:00:00+00:00
[2026-07-21T18:25:02.202+0000] {processor.py:183} INFO - Processing /home/airflow/.local/lib/python3.8/site-packages/airflow/example_dags/example_dynamic_task_mapping_with_no_taskflow_operators.py took 0.083 seconds
[2026-07-21T18:25:32.537+0000] {processor.py:161} INFO - Started process (PID=1892) to work on /home/airflow/.local/lib/python3.8/site-packages/airflow/example_dags/example_dynamic_task_mapping_with_no_taskflow_operators.py
[2026-07-21T18:25:32.539+0000] {processor.py:830} INFO - Processing file /home/airflow/.local/lib/python3.8/site-packages/airflow/example_dags/example_dynamic_task_mapping_with_no_taskflow_operators.py for tasks to queue
[2026-07-21T18:25:32.541+0000] {logging_mixin.py:188} INFO - [2026-07-21T18:25:32.541+0000] {dagbag.py:538} INFO - Filling up the DagBag from /home/airflow/.local/lib/python3.8/site-packages/airflow/example_dags/example_dynamic_task_mapping_with_no_taskflow_operators.py
[2026-07-21T18:25:32.549+0000] {processor.py:840} INFO - DAG(s) 'example_dynamic_task_mapping_with_no_taskflow_operators' retrieved from /home/airflow/.local/lib/python3.8/site-packages/airflow/example_dags/example_dynamic_task_mapping_with_no_taskflow_operators.py
[2026-07-21T18:25:32.573+0000] {logging_mixin.py:188} INFO - [2026-07-21T18:25:32.573+0000] {dag.py:3036} INFO - Sync 1 DAGs
[2026-07-21T18:25:32.595+0000] {logging_mixin.py:188} INFO - [2026-07-21T18:25:32.594+0000] {dag.py:3823} INFO - Setting next_dagrun for example_dynamic_task_mapping_with_no_taskflow_operators to 2026-07-20 00:00:00+00:00, run_after=2026-07-21 00:00:00+00:00
[2026-07-21T18:25:32.613+0000] {processor.py:183} INFO - Processing /home/airflow/.local/lib/python3.8/site-packages/airflow/example_dags/example_dynamic_task_mapping_with_no_taskflow_operators.py took 0.080 seconds
[2026-07-21T18:26:03.217+0000] {processor.py:161} INFO - Started process (PID=1948) to work on /home/airflow/.local/lib/python3.8/site-packages/airflow/example_dags/example_dynamic_task_mapping_with_no_taskflow_operators.py
[2026-07-21T18:26:03.219+0000] {processor.py:830} INFO - Processing file /home/airflow/.local/lib/python3.8/site-packages/airflow/example_dags/example_dynamic_task_mapping_with_no_taskflow_operators.py for tasks to queue
[2026-07-21T18:26:03.222+0000] {logging_mixin.py:188} INFO - [2026-07-21T18:26:03.221+0000] {dagbag.py:538} INFO - Filling up the DagBag from /home/airflow/.local/lib/python3.8/site-packages/airflow/example_dags/example_dynamic_task_mapping_with_no_taskflow_operators.py
[2026-07-21T18:26:03.230+0000] {processor.py:840} INFO - DAG(s) 'example_dynamic_task_mapping_with_no_taskflow_operators' retrieved from /home/airflow/.local/lib/python3.8/site-packages/airflow/example_dags/example_dynamic_task_mapping_with_no_taskflow_operators.py
[2026-07-21T18:26:03.263+0000] {logging_mixin.py:188} INFO - [2026-07-21T18:26:03.262+0000] {dag.py:3036} INFO - Sync 1 DAGs
[2026-07-21T18:26:03.295+0000] {logging_mixin.py:188} INFO - [2026-07-21T18:26:03.295+0000] {dag.py:3823} INFO - Setting next_dagrun for example_dynamic_task_mapping_with_no_taskflow_operators to 2026-07-20 00:00:00+00:00, run_after=2026-07-21 00:00:00+00:00
[2026-07-21T18:26:03.325+0000] {processor.py:183} INFO - Processing /home/airflow/.local/lib/python3.8/site-packages/airflow/example_dags/example_dynamic_task_mapping_with_no_taskflow_operators.py took 0.114 seconds
[2026-07-21T18:26:34.000+0000] {processor.py:161} INFO - Started process (PID=2004) to work on /home/airflow/.local/lib/python3.8/site-packages/airflow/example_dags/example_dynamic_task_mapping_with_no_taskflow_operators.py
[2026-07-21T18:26:34.002+0000] {processor.py:830} INFO - Processing file /home/airflow/.local/lib/python3.8/site-packages/airflow/example_dags/example_dynamic_task_mapping_with_no_taskflow_operators.py for tasks to queue
[2026-07-21T18:26:34.004+0000] {logging_mixin.py:188} INFO - [2026-07-21T18:26:34.004+0000] {dagbag.py:538} INFO - Filling up the DagBag from /home/airflow/.local/lib/python3.8/site-packages/airflow/example_dags/example_dynamic_task_mapping_with_no_taskflow_operators.py
[2026-07-21T18:26:34.014+0000] {processor.py:840} INFO - DAG(s) 'example_dynamic_task_mapping_with_no_taskflow_operators' retrieved from /home/airflow/.local/lib/python3.8/site-packages/airflow/example_dags/example_dynamic_task_mapping_with_no_taskflow_operators.py
[2026-07-21T18:26:34.044+0000] {logging_mixin.py:188} INFO - [2026-07-21T18:26:34.044+0000] {dag.py:3036} INFO - Sync 1 DAGs
[2026-07-21T18:26:34.073+0000] {logging_mixin.py:188} INFO - [2026-07-21T18:26:34.073+0000] {dag.py:3823} INFO - Setting next_dagrun for example_dynamic_task_mapping_with_no_taskflow_operators to 2026-07-20 00:00:00+00:00, run_after=2026-07-21 00:00:00+00:00
[2026-07-21T18:26:34.099+0000] {processor.py:183} INFO - Processing /home/airflow/.local/lib/python3.8/site-packages/airflow/example_dags/example_dynamic_task_mapping_with_no_taskflow_operators.py took 0.104 seconds
[2026-07-21T18:27:04.451+0000] {processor.py:161} INFO - Started process (PID=2060) to work on /home/airflow/.local/lib/python3.8/site-packages/airflow/example_dags/example_dynamic_task_mapping_with_no_taskflow_operators.py
[2026-07-21T18:27:04.452+0000] {processor.py:830} INFO - Processing file /home/airflow/.local/lib/python3.8/site-packages/airflow/example_dags/example_dynamic_task_mapping_with_no_taskflow_operators.py for tasks to queue
[2026-07-21T18:27:04.454+0000] {logging_mixin.py:188} INFO - [2026-07-21T18:27:04.454+0000] {dagbag.py:538} INFO - Filling up the DagBag from /home/airflow/.local/lib/python3.8/site-packages/airflow/example_dags/example_dynamic_task_mapping_with_no_taskflow_operators.py
[2026-07-21T18:27:04.461+0000] {processor.py:840} INFO - DAG(s) 'example_dynamic_task_mapping_with_no_taskflow_operators' retrieved from /home/airflow/.local/lib/python3.8/site-packages/airflow/example_dags/example_dynamic_task_mapping_with_no_taskflow_operators.py
[2026-07-21T18:27:04.482+0000] {logging_mixin.py:188} INFO - [2026-07-21T18:27:04.482+0000] {dag.py:3036} INFO - Sync 1 DAGs
[2026-07-21T18:27:04.502+0000] {logging_mixin.py:188} INFO - [2026-07-21T18:27:04.502+0000] {dag.py:3823} INFO - Setting next_dagrun for example_dynamic_task_mapping_with_no_taskflow_operators to 2026-07-20 00:00:00+00:00, run_after=2026-07-21 00:00:00+00:00
[2026-07-21T18:27:04.520+0000] {processor.py:183} INFO - Processing /home/airflow/.local/lib/python3.8/site-packages/airflow/example_dags/example_dynamic_task_mapping_with_no_taskflow_operators.py took 0.073 seconds
[2026-07-21T18:27:35.163+0000] {processor.py:161} INFO - Started process (PID=2116) to work on /home/airflow/.local/lib/python3.8/site-packages/airflow/example_dags/example_dynamic_task_mapping_with_no_taskflow_operators.py
[2026-07-21T18:27:35.165+0000] {processor.py:830} INFO - Processing file /home/airflow/.local/lib/python3.8/site-packages/airflow/example_dags/example_dynamic_task_mapping_with_no_taskflow_operators.py for tasks to queue
[2026-07-21T18:27:35.167+0000] {logging_mixin.py:188} INFO - [2026-07-21T18:27:35.166+0000] {dagbag.py:538} INFO - Filling up the DagBag from /home/airflow/.local/lib/python3.8/site-packages/airflow/example_dags/example_dynamic_task_mapping_with_no_taskflow_operators.py
[2026-07-21T18:27:35.174+0000] {processor.py:840} INFO - DAG(s) 'example_dynamic_task_mapping_with_no_taskflow_operators' retrieved from /home/airflow/.local/lib/python3.8/site-packages/airflow/example_dags/example_dynamic_task_mapping_with_no_taskflow_operators.py
[2026-07-21T18:27:35.195+0000] {logging_mixin.py:188} INFO - [2026-07-21T18:27:35.195+0000] {dag.py:3036} INFO - Sync 1 DAGs
[2026-07-21T18:27:35.217+0000] {logging_mixin.py:188} INFO - [2026-07-21T18:27:35.217+0000] {dag.py:3823} INFO - Setting next_dagrun for example_dynamic_task_mapping_with_no_taskflow_operators to 2026-07-20 00:00:00+00:00, run_after=2026-07-21 00:00:00+00:00
[2026-07-21T18:27:35.235+0000] {processor.py:183} INFO - Processing /home/airflow/.local/lib/python3.8/site-packages/airflow/example_dags/example_dynamic_task_mapping_with_no_taskflow_operators.py took 0.075 seconds
[2026-07-21T18:28:05.772+0000] {processor.py:161} INFO - Started process (PID=2172) to work on /home/airflow/.local/lib/python3.8/site-packages/airflow/example_dags/example_dynamic_task_mapping_with_no_taskflow_operators.py
[2026-07-21T18:28:05.773+0000] {processor.py:830} INFO - Processing file /home/airflow/.local/lib/python3.8/site-packages/airflow/example_dags/example_dynamic_task_mapping_with_no_taskflow_operators.py for tasks to queue
[2026-07-21T18:28:05.775+0000] {logging_mixin.py:188} INFO - [2026-07-21T18:28:05.775+0000] {dagbag.py:538} INFO - Filling up the DagBag from /home/airflow/.local/lib/python3.8/site-packages/airflow/example_dags/example_dynamic_task_mapping_with_no_taskflow_operators.py
[2026-07-21T18:28:05.782+0000] {processor.py:840} INFO - DAG(s) 'example_dynamic_task_mapping_with_no_taskflow_operators' retrieved from /home/airflow/.local/lib/python3.8/site-packages/airflow/example_dags/example_dynamic_task_mapping_with_no_taskflow_operators.py
[2026-07-21T18:28:05.803+0000] {logging_mixin.py:188} INFO - [2026-07-21T18:28:05.803+0000] {dag.py:3036} INFO - Sync 1 DAGs
[2026-07-21T18:28:05.823+0000] {logging_mixin.py:188} INFO - [2026-07-21T18:28:05.823+0000] {dag.py:3823} INFO - Setting next_dagrun for example_dynamic_task_mapping_with_no_taskflow_operators to 2026-07-20 00:00:00+00:00, run_after=2026-07-21 00:00:00+00:00
[2026-07-21T18:28:05.842+0000] {processor.py:183} INFO - Processing /home/airflow/.local/lib/python3.8/site-packages/airflow/example_dags/example_dynamic_task_mapping_with_no_taskflow_operators.py took 0.075 seconds
[2026-07-21T18:28:36.119+0000] {processor.py:161} INFO - Started process (PID=2228) to work on /home/airflow/.local/lib/python3.8/site-packages/airflow/example_dags/example_dynamic_task_mapping_with_no_taskflow_operators.py
[2026-07-21T18:28:36.120+0000] {processor.py:830} INFO - Processing file /home/airflow/.local/lib/python3.8/site-packages/airflow/example_dags/example_dynamic_task_mapping_with_no_taskflow_operators.py for tasks to queue
[2026-07-21T18:28:36.122+0000] {logging_mixin.py:188} INFO - [2026-07-21T18:28:36.122+0000] {dagbag.py:538} INFO - Filling up the DagBag from /home/airflow/.local/lib/python3.8/site-packages/airflow/example_dags/example_dynamic_task_mapping_with_no_taskflow_operators.py
[2026-07-21T18:28:36.129+0000] {processor.py:840} INFO - DAG(s) 'example_dynamic_task_mapping_with_no_taskflow_operators' retrieved from /home/airflow/.local/lib/python3.8/site-packages/airflow/example_dags/example_dynamic_task_mapping_with_no_taskflow_operators.py
[2026-07-21T18:28:36.150+0000] {logging_mixin.py:188} INFO - [2026-07-21T18:28:36.150+0000] {dag.py:3036} INFO - Sync 1 DAGs
[2026-07-21T18:28:36.170+0000] {logging_mixin.py:188} INFO - [2026-07-21T18:28:36.170+0000] {dag.py:3823} INFO - Setting next_dagrun for example_dynamic_task_mapping_with_no_taskflow_operators to 2026-07-20 00:00:00+00:00, run_after=2026-07-21 00:00:00+00:00
[2026-07-21T18:28:36.190+0000] {processor.py:183} INFO - Processing /home/airflow/.local/lib/python3.8/site-packages/airflow/example_dags/example_dynamic_task_mapping_with_no_taskflow_operators.py took 0.075 seconds
[2026-07-21T18:29:06.417+0000] {processor.py:161} INFO - Started process (PID=2284) to work on /home/airflow/.local/lib/python3.8/site-packages/airflow/example_dags/example_dynamic_task_mapping_with_no_taskflow_operators.py
[2026-07-21T18:29:06.418+0000] {processor.py:830} INFO - Processing file /home/airflow/.local/lib/python3.8/site-packages/airflow/example_dags/example_dynamic_task_mapping_with_no_taskflow_operators.py for tasks to queue
[2026-07-21T18:29:06.420+0000] {logging_mixin.py:188} INFO - [2026-07-21T18:29:06.420+0000] {dagbag.py:538} INFO - Filling up the DagBag from /home/airflow/.local/lib/python3.8/site-packages/airflow/example_dags/example_dynamic_task_mapping_with_no_taskflow_operators.py
[2026-07-21T18:29:06.427+0000] {processor.py:840} INFO - DAG(s) 'example_dynamic_task_mapping_with_no_taskflow_operators' retrieved from /home/airflow/.local/lib/python3.8/site-packages/airflow/example_dags/example_dynamic_task_mapping_with_no_taskflow_operators.py
[2026-07-21T18:29:06.448+0000] {logging_mixin.py:188} INFO - [2026-07-21T18:29:06.448+0000] {dag.py:3036} INFO - Sync 1 DAGs
[2026-07-21T18:29:06.469+0000] {logging_mixin.py:188} INFO - [2026-07-21T18:29:06.469+0000] {dag.py:3823} INFO - Setting next_dagrun for example_dynamic_task_mapping_with_no_taskflow_operators to 2026-07-20 00:00:00+00:00, run_after=2026-07-21 00:00:00+00:00
[2026-07-21T18:29:06.487+0000] {processor.py:183} INFO - Processing /home/airflow/.local/lib/python3.8/site-packages/airflow/example_dags/example_dynamic_task_mapping_with_no_taskflow_operators.py took 0.074 seconds
[2026-07-21T18:29:37.057+0000] {processor.py:161} INFO - Started process (PID=2340) to work on /home/airflow/.local/lib/python3.8/site-packages/airflow/example_dags/example_dynamic_task_mapping_with_no_taskflow_operators.py
[2026-07-21T18:29:37.058+0000] {processor.py:830} INFO - Processing file /home/airflow/.local/lib/python3.8/site-packages/airflow/example_dags/example_dynamic_task_mapping_with_no_taskflow_operators.py for tasks to queue
[2026-07-21T18:29:37.060+0000] {logging_mixin.py:188} INFO - [2026-07-21T18:29:37.060+0000] {dagbag.py:538} INFO - Filling up the DagBag from /home/airflow/.local/lib/python3.8/site-packages/airflow/example_dags/example_dynamic_task_mapping_with_no_taskflow_operators.py
[2026-07-21T18:29:37.067+0000] {processor.py:840} INFO - DAG(s) 'example_dynamic_task_mapping_with_no_taskflow_operators' retrieved from /home/airflow/.local/lib/python3.8/site-packages/airflow/example_dags/example_dynamic_task_mapping_with_no_taskflow_operators.py
[2026-07-21T18:29:37.089+0000] {logging_mixin.py:188} INFO - [2026-07-21T18:29:37.089+0000] {dag.py:3036} INFO - Sync 1 DAGs
[2026-07-21T18:29:37.108+0000] {logging_mixin.py:188} INFO - [2026-07-21T18:29:37.108+0000] {dag.py:3823} INFO - Setting next_dagrun for example_dynamic_task_mapping_with_no_taskflow_operators to 2026-07-20 00:00:00+00:00, run_after=2026-07-21 00:00:00+00:00
[2026-07-21T18:29:37.126+0000] {processor.py:183} INFO - Processing /home/airflow/.local/lib/python3.8/site-packages/airflow/example_dags/example_dynamic_task_mapping_with_no_taskflow_operators.py took 0.074 seconds
[2026-07-21T18:30:07.408+0000] {processor.py:161} INFO - Started process (PID=2396) to work on /home/airflow/.local/lib/python3.8/site-packages/airflow/example_dags/example_dynamic_task_mapping_with_no_taskflow_operators.py
[2026-07-21T18:30:07.409+0000] {processor.py:830} INFO - Processing file /home/airflow/.local/lib/python3.8/site-packages/airflow/example_dags/example_dynamic_task_mapping_with_no_taskflow_operators.py for tasks to queue
[2026-07-21T18:30:07.411+0000] {logging_mixin.py:188} INFO - [2026-07-21T18:30:07.410+0000] {dagbag.py:538} INFO - Filling up the DagBag from /home/airflow/.local/lib/python3.8/site-packages/airflow/example_dags/example_dynamic_task_mapping_with_no_taskflow_operators.py
[2026-07-21T18:30:07.417+0000] {processor.py:840} INFO - DAG(s) 'example_dynamic_task_mapping_with_no_taskflow_operators' retrieved from /home/airflow/.local/lib/python3.8/site-packages/airflow/example_dags/example_dynamic_task_mapping_with_no_taskflow_operators.py
[2026-07-21T18:30:07.438+0000] {logging_mixin.py:188} INFO - [2026-07-21T18:30:07.438+0000] {dag.py:3036} INFO - Sync 1 DAGs
[2026-07-21T18:30:07.458+0000] {logging_mixin.py:188} INFO - [2026-07-21T18:30:07.458+0000] {dag.py:3823} INFO - Setting next_dagrun for example_dynamic_task_mapping_with_no_taskflow_operators to 2026-07-20 00:00:00+00:00, run_after=2026-07-21 00:00:00+00:00
[2026-07-21T18:30:07.477+0000] {processor.py:183} INFO - Processing /home/airflow/.local/lib/python3.8/site-packages/airflow/example_dags/example_dynamic_task_mapping_with_no_taskflow_operators.py took 0.073 seconds
[2026-07-21T18:30:37.771+0000] {processor.py:161} INFO - Started process (PID=2452) to work on /home/airflow/.local/lib/python3.8/site-packages/airflow/example_dags/example_dynamic_task_mapping_with_no_taskflow_operators.py
[2026-07-21T18:30:37.772+0000] {processor.py:830} INFO - Processing file /home/airflow/.local/lib/python3.8/site-packages/airflow/example_dags/example_dynamic_task_mapping_with_no_taskflow_operators.py for tasks to queue
[2026-07-21T18:30:37.774+0000] {logging_mixin.py:188} INFO - [2026-07-21T18:30:37.774+0000] {dagbag.py:538} INFO - Filling up the DagBag from /home/airflow/.local/lib/python3.8/site-packages/airflow/example_dags/example_dynamic_task_mapping_with_no_taskflow_operators.py
[2026-07-21T18:30:37.780+0000] {processor.py:840} INFO - DAG(s) 'example_dynamic_task_mapping_with_no_taskflow_operators' retrieved from /home/airflow/.local/lib/python3.8/site-packages/airflow/example_dags/example_dynamic_task_mapping_with_no_taskflow_operators.py
[2026-07-21T18:30:37.801+0000] {logging_mixin.py:188} INFO - [2026-07-21T18:30:37.801+0000] {dag.py:3036} INFO - Sync 1 DAGs
[2026-07-21T18:30:37.822+0000] {logging_mixin.py:188} INFO - [2026-07-21T18:30:37.822+0000] {dag.py:3823} INFO - Setting next_dagrun for example_dynamic_task_mapping_with_no_taskflow_operators to 2026-07-20 00:00:00+00:00, run_after=2026-07-21 00:00:00+00:00
[2026-07-21T18:30:37.840+0000] {processor.py:183} INFO - Processing /home/airflow/.local/lib/python3.8/site-packages/airflow/example_dags/example_dynamic_task_mapping_with_no_taskflow_operators.py took 0.073 seconds
[2026-07-21T18:31:08.169+0000] {processor.py:161} INFO - Started process (PID=2508) to work on /home/airflow/.local/lib/python3.8/site-packages/airflow/example_dags/example_dynamic_task_mapping_with_no_taskflow_operators.py
[2026-07-21T18:31:08.170+0000] {processor.py:830} INFO - Processing file /home/airflow/.local/lib/python3.8/site-packages/airflow/example_dags/example_dynamic_task_mapping_with_no_taskflow_operators.py for tasks to queue
[2026-07-21T18:31:08.172+0000] {logging_mixin.py:188} INFO - [2026-07-21T18:31:08.172+0000] {dagbag.py:538} INFO - Filling up the DagBag from /home/airflow/.local/lib/python3.8/site-packages/airflow/example_dags/example_dynamic_task_mapping_with_no_taskflow_operators.py
[2026-07-21T18:31:08.179+0000] {processor.py:840} INFO - DAG(s) 'example_dynamic_task_mapping_with_no_taskflow_operators' retrieved from /home/airflow/.local/lib/python3.8/site-packages/airflow/example_dags/example_dynamic_task_mapping_with_no_taskflow_operators.py
[2026-07-21T18:31:08.200+0000] {logging_mixin.py:188} INFO - [2026-07-21T18:31:08.200+0000] {dag.py:3036} INFO - Sync 1 DAGs
[2026-07-21T18:31:08.226+0000] {logging_mixin.py:188} INFO - [2026-07-21T18:31:08.226+0000] {dag.py:3823} INFO - Setting next_dagrun for example_dynamic_task_mapping_with_no_taskflow_operators to 2026-07-20 00:00:00+00:00, run_after=2026-07-21 00:00:00+00:00
[2026-07-21T18:31:08.248+0000] {processor.py:183} INFO - Processing /home/airflow/.local/lib/python3.8/site-packages/airflow/example_dags/example_dynamic_task_mapping_with_no_taskflow_operators.py took 0.083 seconds
[2026-07-21T18:34:10.528+0000] {processor.py:161} INFO - Started process (PID=55) to work on /home/airflow/.local/lib/python3.10/site-packages/airflow/example_dags/example_dynamic_task_mapping_with_no_taskflow_operators.py
[2026-07-21T18:34:10.530+0000] {processor.py:830} INFO - Processing file /home/airflow/.local/lib/python3.10/site-packages/airflow/example_dags/example_dynamic_task_mapping_with_no_taskflow_operators.py for tasks to queue
[2026-07-21T18:34:10.533+0000] {logging_mixin.py:188} INFO - [2026-07-21T18:34:10.532+0000] {dagbag.py:538} INFO - Filling up the DagBag from /home/airflow/.local/lib/python3.10/site-packages/airflow/example_dags/example_dynamic_task_mapping_with_no_taskflow_operators.py
[2026-07-21T18:34:10.545+0000] {processor.py:840} INFO - DAG(s) 'example_dynamic_task_mapping_with_no_taskflow_operators' retrieved from /home/airflow/.local/lib/python3.10/site-packages/airflow/example_dags/example_dynamic_task_mapping_with_no_taskflow_operators.py
[2026-07-21T18:34:10.561+0000] {logging_mixin.py:188} INFO - [2026-07-21T18:34:10.561+0000] {dag.py:3036} INFO - Sync 1 DAGs
[2026-07-21T18:34:10.613+0000] {logging_mixin.py:188} INFO - [2026-07-21T18:34:10.613+0000] {dag.py:3823} INFO - Setting next_dagrun for example_dynamic_task_mapping_with_no_taskflow_operators to 2026-07-20 00:00:00+00:00, run_after=2026-07-21 00:00:00+00:00
[2026-07-21T18:34:10.658+0000] {processor.py:183} INFO - Processing /home/airflow/.local/lib/python3.10/site-packages/airflow/example_dags/example_dynamic_task_mapping_with_no_taskflow_operators.py took 0.160 seconds
[2026-07-21T18:34:41.411+0000] {processor.py:161} INFO - Started process (PID=111) to work on /home/airflow/.local/lib/python3.10/site-packages/airflow/example_dags/example_dynamic_task_mapping_with_no_taskflow_operators.py
[2026-07-21T18:34:41.412+0000] {processor.py:830} INFO - Processing file /home/airflow/.local/lib/python3.10/site-packages/airflow/example_dags/example_dynamic_task_mapping_with_no_taskflow_operators.py for tasks to queue
[2026-07-21T18:34:41.415+0000] {logging_mixin.py:188} INFO - [2026-07-21T18:34:41.414+0000] {dagbag.py:538} INFO - Filling up the DagBag from /home/airflow/.local/lib/python3.10/site-packages/airflow/example_dags/example_dynamic_task_mapping_with_no_taskflow_operators.py
[2026-07-21T18:34:41.423+0000] {processor.py:840} INFO - DAG(s) 'example_dynamic_task_mapping_with_no_taskflow_operators' retrieved from /home/airflow/.local/lib/python3.10/site-packages/airflow/example_dags/example_dynamic_task_mapping_with_no_taskflow_operators.py
[2026-07-21T18:34:41.556+0000] {logging_mixin.py:188} INFO - [2026-07-21T18:34:41.555+0000] {dag.py:3036} INFO - Sync 1 DAGs
[2026-07-21T18:34:41.574+0000] {logging_mixin.py:188} INFO - [2026-07-21T18:34:41.574+0000] {dag.py:3823} INFO - Setting next_dagrun for example_dynamic_task_mapping_with_no_taskflow_operators to 2026-07-20 00:00:00+00:00, run_after=2026-07-21 00:00:00+00:00
[2026-07-21T18:34:41.596+0000] {processor.py:183} INFO - Processing /home/airflow/.local/lib/python3.10/site-packages/airflow/example_dags/example_dynamic_task_mapping_with_no_taskflow_operators.py took 0.189 seconds
[2026-07-21T18:35:12.166+0000] {processor.py:161} INFO - Started process (PID=167) to work on /home/airflow/.local/lib/python3.10/site-packages/airflow/example_dags/example_dynamic_task_mapping_with_no_taskflow_operators.py
[2026-07-21T18:35:12.167+0000] {processor.py:830} INFO - Processing file /home/airflow/.local/lib/python3.10/site-packages/airflow/example_dags/example_dynamic_task_mapping_with_no_taskflow_operators.py for tasks to queue
[2026-07-21T18:35:12.170+0000] {logging_mixin.py:188} INFO - [2026-07-21T18:35:12.170+0000] {dagbag.py:538} INFO - Filling up the DagBag from /home/airflow/.local/lib/python3.10/site-packages/airflow/example_dags/example_dynamic_task_mapping_with_no_taskflow_operators.py
[2026-07-21T18:35:12.180+0000] {processor.py:840} INFO - DAG(s) 'example_dynamic_task_mapping_with_no_taskflow_operators' retrieved from /home/airflow/.local/lib/python3.10/site-packages/airflow/example_dags/example_dynamic_task_mapping_with_no_taskflow_operators.py
[2026-07-21T18:35:12.207+0000] {logging_mixin.py:188} INFO - [2026-07-21T18:35:12.207+0000] {dag.py:3036} INFO - Sync 1 DAGs
[2026-07-21T18:35:12.257+0000] {logging_mixin.py:188} INFO - [2026-07-21T18:35:12.257+0000] {dag.py:3823} INFO - Setting next_dagrun for example_dynamic_task_mapping_with_no_taskflow_operators to 2026-07-20 00:00:00+00:00, run_after=2026-07-21 00:00:00+00:00
[2026-07-21T18:35:12.301+0000] {processor.py:183} INFO - Processing /home/airflow/.local/lib/python3.10/site-packages/airflow/example_dags/example_dynamic_task_mapping_with_no_taskflow_operators.py took 0.140 seconds
[2026-07-21T18:35:42.429+0000] {processor.py:161} INFO - Started process (PID=223) to work on /home/airflow/.local/lib/python3.10/site-packages/airflow/example_dags/example_dynamic_task_mapping_with_no_taskflow_operators.py
[2026-07-21T18:35:42.430+0000] {processor.py:830} INFO - Processing file /home/airflow/.local/lib/python3.10/site-packages/airflow/example_dags/example_dynamic_task_mapping_with_no_taskflow_operators.py for tasks to queue
[2026-07-21T18:35:42.433+0000] {logging_mixin.py:188} INFO - [2026-07-21T18:35:42.433+0000] {dagbag.py:538} INFO - Filling up the DagBag from /home/airflow/.local/lib/python3.10/site-packages/airflow/example_dags/example_dynamic_task_mapping_with_no_taskflow_operators.py
[2026-07-21T18:35:42.441+0000] {processor.py:840} INFO - DAG(s) 'example_dynamic_task_mapping_with_no_taskflow_operators' retrieved from /home/airflow/.local/lib/python3.10/site-packages/airflow/example_dags/example_dynamic_task_mapping_with_no_taskflow_operators.py
[2026-07-21T18:35:42.468+0000] {logging_mixin.py:188} INFO - [2026-07-21T18:35:42.468+0000] {dag.py:3036} INFO - Sync 1 DAGs
[2026-07-21T18:35:42.494+0000] {logging_mixin.py:188} INFO - [2026-07-21T18:35:42.494+0000] {dag.py:3823} INFO - Setting next_dagrun for example_dynamic_task_mapping_with_no_taskflow_operators to 2026-07-20 00:00:00+00:00, run_after=2026-07-21 00:00:00+00:00
[2026-07-21T18:35:42.516+0000] {processor.py:183} INFO - Processing /home/airflow/.local/lib/python3.10/site-packages/airflow/example_dags/example_dynamic_task_mapping_with_no_taskflow_operators.py took 0.091 seconds
[2026-07-21T18:36:12.814+0000] {processor.py:161} INFO - Started process (PID=285) to work on /home/airflow/.local/lib/python3.10/site-packages/airflow/example_dags/example_dynamic_task_mapping_with_no_taskflow_operators.py
[2026-07-21T18:36:12.815+0000] {processor.py:830} INFO - Processing file /home/airflow/.local/lib/python3.10/site-packages/airflow/example_dags/example_dynamic_task_mapping_with_no_taskflow_operators.py for tasks to queue
[2026-07-21T18:36:12.817+0000] {logging_mixin.py:188} INFO - [2026-07-21T18:36:12.817+0000] {dagbag.py:538} INFO - Filling up the DagBag from /home/airflow/.local/lib/python3.10/site-packages/airflow/example_dags/example_dynamic_task_mapping_with_no_taskflow_operators.py
[2026-07-21T18:36:12.825+0000] {processor.py:840} INFO - DAG(s) 'example_dynamic_task_mapping_with_no_taskflow_operators' retrieved from /home/airflow/.local/lib/python3.10/site-packages/airflow/example_dags/example_dynamic_task_mapping_with_no_taskflow_operators.py
[2026-07-21T18:36:12.847+0000] {logging_mixin.py:188} INFO - [2026-07-21T18:36:12.846+0000] {dag.py:3036} INFO - Sync 1 DAGs
[2026-07-21T18:36:12.866+0000] {logging_mixin.py:188} INFO - [2026-07-21T18:36:12.866+0000] {dag.py:3823} INFO - Setting next_dagrun for example_dynamic_task_mapping_with_no_taskflow_operators to 2026-07-20 00:00:00+00:00, run_after=2026-07-21 00:00:00+00:00
[2026-07-21T18:36:12.885+0000] {processor.py:183} INFO - Processing /home/airflow/.local/lib/python3.10/site-packages/airflow/example_dags/example_dynamic_task_mapping_with_no_taskflow_operators.py took 0.075 seconds
[2026-07-21T18:36:43.471+0000] {processor.py:161} INFO - Started process (PID=341) to work on /home/airflow/.local/lib/python3.10/site-packages/airflow/example_dags/example_dynamic_task_mapping_with_no_taskflow_operators.py
[2026-07-21T18:36:43.472+0000] {processor.py:830} INFO - Processing file /home/airflow/.local/lib/python3.10/site-packages/airflow/example_dags/example_dynamic_task_mapping_with_no_taskflow_operators.py for tasks to queue
[2026-07-21T18:36:43.474+0000] {logging_mixin.py:188} INFO - [2026-07-21T18:36:43.474+0000] {dagbag.py:538} INFO - Filling up the DagBag from /home/airflow/.local/lib/python3.10/site-packages/airflow/example_dags/example_dynamic_task_mapping_with_no_taskflow_operators.py
[2026-07-21T18:36:43.480+0000] {processor.py:840} INFO - DAG(s) 'example_dynamic_task_mapping_with_no_taskflow_operators' retrieved from /home/airflow/.local/lib/python3.10/site-packages/airflow/example_dags/example_dynamic_task_mapping_with_no_taskflow_operators.py
[2026-07-21T18:36:43.501+0000] {logging_mixin.py:188} INFO - [2026-07-21T18:36:43.501+0000] {dag.py:3036} INFO - Sync 1 DAGs
[2026-07-21T18:36:43.519+0000] {logging_mixin.py:188} INFO - [2026-07-21T18:36:43.519+0000] {dag.py:3823} INFO - Setting next_dagrun for example_dynamic_task_mapping_with_no_taskflow_operators to 2026-07-20 00:00:00+00:00, run_after=2026-07-21 00:00:00+00:00
[2026-07-21T18:36:43.535+0000] {processor.py:183} INFO - Processing /home/airflow/.local/lib/python3.10/site-packages/airflow/example_dags/example_dynamic_task_mapping_with_no_taskflow_operators.py took 0.068 seconds
[2026-07-21T18:37:13.745+0000] {processor.py:161} INFO - Started process (PID=397) to work on /home/airflow/.local/lib/python3.10/site-packages/airflow/example_dags/example_dynamic_task_mapping_with_no_taskflow_operators.py
[2026-07-21T18:37:13.746+0000] {processor.py:830} INFO - Processing file /home/airflow/.local/lib/python3.10/site-packages/airflow/example_dags/example_dynamic_task_mapping_with_no_taskflow_operators.py for tasks to queue
[2026-07-21T18:37:13.748+0000] {logging_mixin.py:188} INFO - [2026-07-21T18:37:13.748+0000] {dagbag.py:538} INFO - Filling up the DagBag from /home/airflow/.local/lib/python3.10/site-packages/airflow/example_dags/example_dynamic_task_mapping_with_no_taskflow_operators.py
[2026-07-21T18:37:13.755+0000] {processor.py:840} INFO - DAG(s) 'example_dynamic_task_mapping_with_no_taskflow_operators' retrieved from /home/airflow/.local/lib/python3.10/site-packages/airflow/example_dags/example_dynamic_task_mapping_with_no_taskflow_operators.py
[2026-07-21T18:37:13.777+0000] {logging_mixin.py:188} INFO - [2026-07-21T18:37:13.776+0000] {dag.py:3036} INFO - Sync 1 DAGs
[2026-07-21T18:37:13.797+0000] {logging_mixin.py:188} INFO - [2026-07-21T18:37:13.796+0000] {dag.py:3823} INFO - Setting next_dagrun for example_dynamic_task_mapping_with_no_taskflow_operators to 2026-07-20 00:00:00+00:00, run_after=2026-07-21 00:00:00+00:00
[2026-07-21T18:37:13.816+0000] {processor.py:183} INFO - Processing /home/airflow/.local/lib/python3.10/site-packages/airflow/example_dags/example_dynamic_task_mapping_with_no_taskflow_operators.py took 0.075 seconds
[2026-07-21T18:37:44.158+0000] {processor.py:161} INFO - Started process (PID=453) to work on /home/airflow/.local/lib/python3.10/site-packages/airflow/example_dags/example_dynamic_task_mapping_with_no_taskflow_operators.py
[2026-07-21T18:37:44.159+0000] {processor.py:830} INFO - Processing file /home/airflow/.local/lib/python3.10/site-packages/airflow/example_dags/example_dynamic_task_mapping_with_no_taskflow_operators.py for tasks to queue
[2026-07-21T18:37:44.161+0000] {logging_mixin.py:188} INFO - [2026-07-21T18:37:44.161+0000] {dagbag.py:538} INFO - Filling up the DagBag from /home/airflow/.local/lib/python3.10/site-packages/airflow/example_dags/example_dynamic_task_mapping_with_no_taskflow_operators.py
[2026-07-21T18:37:44.168+0000] {processor.py:840} INFO - DAG(s) 'example_dynamic_task_mapping_with_no_taskflow_operators' retrieved from /home/airflow/.local/lib/python3.10/site-packages/airflow/example_dags/example_dynamic_task_mapping_with_no_taskflow_operators.py
[2026-07-21T18:37:44.189+0000] {logging_mixin.py:188} INFO - [2026-07-21T18:37:44.189+0000] {dag.py:3036} INFO - Sync 1 DAGs
[2026-07-21T18:37:44.207+0000] {logging_mixin.py:188} INFO - [2026-07-21T18:37:44.207+0000] {dag.py:3823} INFO - Setting next_dagrun for example_dynamic_task_mapping_with_no_taskflow_operators to 2026-07-20 00:00:00+00:00, run_after=2026-07-21 00:00:00+00:00
[2026-07-21T18:37:44.223+0000] {processor.py:183} INFO - Processing /home/airflow/.local/lib/python3.10/site-packages/airflow/example_dags/example_dynamic_task_mapping_with_no_taskflow_operators.py took 0.069 seconds
[2026-07-21T18:38:14.683+0000] {processor.py:161} INFO - Started process (PID=509) to work on /home/airflow/.local/lib/python3.10/site-packages/airflow/example_dags/example_dynamic_task_mapping_with_no_taskflow_operators.py
[2026-07-21T18:38:14.684+0000] {processor.py:830} INFO - Processing file /home/airflow/.local/lib/python3.10/site-packages/airflow/example_dags/example_dynamic_task_mapping_with_no_taskflow_operators.py for tasks to queue
[2026-07-21T18:38:14.686+0000] {logging_mixin.py:188} INFO - [2026-07-21T18:38:14.686+0000] {dagbag.py:538} INFO - Filling up the DagBag from /home/airflow/.local/lib/python3.10/site-packages/airflow/example_dags/example_dynamic_task_mapping_with_no_taskflow_operators.py
[2026-07-21T18:38:14.694+0000] {processor.py:840} INFO - DAG(s) 'example_dynamic_task_mapping_with_no_taskflow_operators' retrieved from /home/airflow/.local/lib/python3.10/site-packages/airflow/example_dags/example_dynamic_task_mapping_with_no_taskflow_operators.py
[2026-07-21T18:38:14.715+0000] {logging_mixin.py:188} INFO - [2026-07-21T18:38:14.715+0000] {dag.py:3036} INFO - Sync 1 DAGs
[2026-07-21T18:38:14.735+0000] {logging_mixin.py:188} INFO - [2026-07-21T18:38:14.734+0000] {dag.py:3823} INFO - Setting next_dagrun for example_dynamic_task_mapping_with_no_taskflow_operators to 2026-07-20 00:00:00+00:00, run_after=2026-07-21 00:00:00+00:00
[2026-07-21T18:38:14.752+0000] {processor.py:183} INFO - Processing /home/airflow/.local/lib/python3.10/site-packages/airflow/example_dags/example_dynamic_task_mapping_with_no_taskflow_operators.py took 0.073 seconds
[2026-07-21T18:38:45.079+0000] {processor.py:161} INFO - Started process (PID=565) to work on /home/airflow/.local/lib/python3.10/site-packages/airflow/example_dags/example_dynamic_task_mapping_with_no_taskflow_operators.py
[2026-07-21T18:38:45.081+0000] {processor.py:830} INFO - Processing file /home/airflow/.local/lib/python3.10/site-packages/airflow/example_dags/example_dynamic_task_mapping_with_no_taskflow_operators.py for tasks to queue
[2026-07-21T18:38:45.083+0000] {logging_mixin.py:188} INFO - [2026-07-21T18:38:45.082+0000] {dagbag.py:538} INFO - Filling up the DagBag from /home/airflow/.local/lib/python3.10/site-packages/airflow/example_dags/example_dynamic_task_mapping_with_no_taskflow_operators.py
[2026-07-21T18:38:45.089+0000] {processor.py:840} INFO - DAG(s) 'example_dynamic_task_mapping_with_no_taskflow_operators' retrieved from /home/airflow/.local/lib/python3.10/site-packages/airflow/example_dags/example_dynamic_task_mapping_with_no_taskflow_operators.py
[2026-07-21T18:38:45.110+0000] {logging_mixin.py:188} INFO - [2026-07-21T18:38:45.110+0000] {dag.py:3036} INFO - Sync 1 DAGs
[2026-07-21T18:38:45.130+0000] {logging_mixin.py:188} INFO - [2026-07-21T18:38:45.129+0000] {dag.py:3823} INFO - Setting next_dagrun for example_dynamic_task_mapping_with_no_taskflow_operators to 2026-07-20 00:00:00+00:00, run_after=2026-07-21 00:00:00+00:00
[2026-07-21T18:38:45.149+0000] {processor.py:183} INFO - Processing /home/airflow/.local/lib/python3.10/site-packages/airflow/example_dags/example_dynamic_task_mapping_with_no_taskflow_operators.py took 0.073 seconds
[2026-07-21T18:39:15.357+0000] {processor.py:161} INFO - Started process (PID=621) to work on /home/airflow/.local/lib/python3.10/site-packages/airflow/example_dags/example_dynamic_task_mapping_with_no_taskflow_operators.py
[2026-07-21T18:39:15.358+0000] {processor.py:830} INFO - Processing file /home/airflow/.local/lib/python3.10/site-packages/airflow/example_dags/example_dynamic_task_mapping_with_no_taskflow_operators.py for tasks to queue
[2026-07-21T18:39:15.360+0000] {logging_mixin.py:188} INFO - [2026-07-21T18:39:15.360+0000] {dagbag.py:538} INFO - Filling up the DagBag from /home/airflow/.local/lib/python3.10/site-packages/airflow/example_dags/example_dynamic_task_mapping_with_no_taskflow_operators.py
[2026-07-21T18:39:15.367+0000] {processor.py:840} INFO - DAG(s) 'example_dynamic_task_mapping_with_no_taskflow_operators' retrieved from /home/airflow/.local/lib/python3.10/site-packages/airflow/example_dags/example_dynamic_task_mapping_with_no_taskflow_operators.py
[2026-07-21T18:39:15.389+0000] {logging_mixin.py:188} INFO - [2026-07-21T18:39:15.389+0000] {dag.py:3036} INFO - Sync 1 DAGs
[2026-07-21T18:39:15.411+0000] {logging_mixin.py:188} INFO - [2026-07-21T18:39:15.410+0000] {dag.py:3823} INFO - Setting next_dagrun for example_dynamic_task_mapping_with_no_taskflow_operators to 2026-07-20 00:00:00+00:00, run_after=2026-07-21 00:00:00+00:00
[2026-07-21T18:39:15.430+0000] {processor.py:183} INFO - Processing /home/airflow/.local/lib/python3.10/site-packages/airflow/example_dags/example_dynamic_task_mapping_with_no_taskflow_operators.py took 0.077 seconds
[2026-07-21T18:39:45.598+0000] {processor.py:161} INFO - Started process (PID=677) to work on /home/airflow/.local/lib/python3.10/site-packages/airflow/example_dags/example_dynamic_task_mapping_with_no_taskflow_operators.py
[2026-07-21T18:39:45.599+0000] {processor.py:830} INFO - Processing file /home/airflow/.local/lib/python3.10/site-packages/airflow/example_dags/example_dynamic_task_mapping_with_no_taskflow_operators.py for tasks to queue
[2026-07-21T18:39:45.601+0000] {logging_mixin.py:188} INFO - [2026-07-21T18:39:45.601+0000] {dagbag.py:538} INFO - Filling up the DagBag from /home/airflow/.local/lib/python3.10/site-packages/airflow/example_dags/example_dynamic_task_mapping_with_no_taskflow_operators.py
[2026-07-21T18:39:45.608+0000] {processor.py:840} INFO - DAG(s) 'example_dynamic_task_mapping_with_no_taskflow_operators' retrieved from /home/airflow/.local/lib/python3.10/site-packages/airflow/example_dags/example_dynamic_task_mapping_with_no_taskflow_operators.py
[2026-07-21T18:39:45.628+0000] {logging_mixin.py:188} INFO - [2026-07-21T18:39:45.628+0000] {dag.py:3036} INFO - Sync 1 DAGs
[2026-07-21T18:39:45.647+0000] {logging_mixin.py:188} INFO - [2026-07-21T18:39:45.647+0000] {dag.py:3823} INFO - Setting next_dagrun for example_dynamic_task_mapping_with_no_taskflow_operators to 2026-07-20 00:00:00+00:00, run_after=2026-07-21 00:00:00+00:00
[2026-07-21T18:39:45.665+0000] {processor.py:183} INFO - Processing /home/airflow/.local/lib/python3.10/site-packages/airflow/example_dags/example_dynamic_task_mapping_with_no_taskflow_operators.py took 0.071 seconds
[2026-07-21T18:40:16.165+0000] {processor.py:161} INFO - Started process (PID=733) to work on /home/airflow/.local/lib/python3.10/site-packages/airflow/example_dags/example_dynamic_task_mapping_with_no_taskflow_operators.py
[2026-07-21T18:40:16.166+0000] {processor.py:830} INFO - Processing file /home/airflow/.local/lib/python3.10/site-packages/airflow/example_dags/example_dynamic_task_mapping_with_no_taskflow_operators.py for tasks to queue
[2026-07-21T18:40:16.168+0000] {logging_mixin.py:188} INFO - [2026-07-21T18:40:16.168+0000] {dagbag.py:538} INFO - Filling up the DagBag from /home/airflow/.local/lib/python3.10/site-packages/airflow/example_dags/example_dynamic_task_mapping_with_no_taskflow_operators.py
[2026-07-21T18:40:16.175+0000] {processor.py:840} INFO - DAG(s) 'example_dynamic_task_mapping_with_no_taskflow_operators' retrieved from /home/airflow/.local/lib/python3.10/site-packages/airflow/example_dags/example_dynamic_task_mapping_with_no_taskflow_operators.py
[2026-07-21T18:40:16.197+0000] {logging_mixin.py:188} INFO - [2026-07-21T18:40:16.197+0000] {dag.py:3036} INFO - Sync 1 DAGs
[2026-07-21T18:40:16.216+0000] {logging_mixin.py:188} INFO - [2026-07-21T18:40:16.216+0000] {dag.py:3823} INFO - Setting next_dagrun for example_dynamic_task_mapping_with_no_taskflow_operators to 2026-07-20 00:00:00+00:00, run_after=2026-07-21 00:00:00+00:00
[2026-07-21T18:40:16.237+0000] {processor.py:183} INFO - Processing /home/airflow/.local/lib/python3.10/site-packages/airflow/example_dags/example_dynamic_task_mapping_with_no_taskflow_operators.py took 0.077 seconds
[2026-07-21T18:40:46.309+0000] {processor.py:161} INFO - Started process (PID=789) to work on /home/airflow/.local/lib/python3.10/site-packages/airflow/example_dags/example_dynamic_task_mapping_with_no_taskflow_operators.py
[2026-07-21T18:40:46.311+0000] {processor.py:830} INFO - Processing file /home/airflow/.local/lib/python3.10/site-packages/airflow/example_dags/example_dynamic_task_mapping_with_no_taskflow_operators.py for tasks to queue
[2026-07-21T18:40:46.313+0000] {logging_mixin.py:188} INFO - [2026-07-21T18:40:46.313+0000] {dagbag.py:538} INFO - Filling up the DagBag from /home/airflow/.local/lib/python3.10/site-packages/airflow/example_dags/example_dynamic_task_mapping_with_no_taskflow_operators.py
[2026-07-21T18:40:46.320+0000] {processor.py:840} INFO - DAG(s) 'example_dynamic_task_mapping_with_no_taskflow_operators' retrieved from /home/airflow/.local/lib/python3.10/site-packages/airflow/example_dags/example_dynamic_task_mapping_with_no_taskflow_operators.py
[2026-07-21T18:40:46.341+0000] {logging_mixin.py:188} INFO - [2026-07-21T18:40:46.340+0000] {dag.py:3036} INFO - Sync 1 DAGs
[2026-07-21T18:40:46.360+0000] {logging_mixin.py:188} INFO - [2026-07-21T18:40:46.359+0000] {dag.py:3823} INFO - Setting next_dagrun for example_dynamic_task_mapping_with_no_taskflow_operators to 2026-07-20 00:00:00+00:00, run_after=2026-07-21 00:00:00+00:00
[2026-07-21T18:40:46.379+0000] {processor.py:183} INFO - Processing /home/airflow/.local/lib/python3.10/site-packages/airflow/example_dags/example_dynamic_task_mapping_with_no_taskflow_operators.py took 0.073 seconds
[2026-07-21T18:41:16.776+0000] {processor.py:161} INFO - Started process (PID=845) to work on /home/airflow/.local/lib/python3.10/site-packages/airflow/example_dags/example_dynamic_task_mapping_with_no_taskflow_operators.py
[2026-07-21T18:41:16.777+0000] {processor.py:830} INFO - Processing file /home/airflow/.local/lib/python3.10/site-packages/airflow/example_dags/example_dynamic_task_mapping_with_no_taskflow_operators.py for tasks to queue
[2026-07-21T18:41:16.779+0000] {logging_mixin.py:188} INFO - [2026-07-21T18:41:16.779+0000] {dagbag.py:538} INFO - Filling up the DagBag from /home/airflow/.local/lib/python3.10/site-packages/airflow/example_dags/example_dynamic_task_mapping_with_no_taskflow_operators.py
[2026-07-21T18:41:16.786+0000] {processor.py:840} INFO - DAG(s) 'example_dynamic_task_mapping_with_no_taskflow_operators' retrieved from /home/airflow/.local/lib/python3.10/site-packages/airflow/example_dags/example_dynamic_task_mapping_with_no_taskflow_operators.py
[2026-07-21T18:41:16.807+0000] {logging_mixin.py:188} INFO - [2026-07-21T18:41:16.806+0000] {dag.py:3036} INFO - Sync 1 DAGs
[2026-07-21T18:41:16.825+0000] {logging_mixin.py:188} INFO - [2026-07-21T18:41:16.825+0000] {dag.py:3823} INFO - Setting next_dagrun for example_dynamic_task_mapping_with_no_taskflow_operators to 2026-07-20 00:00:00+00:00, run_after=2026-07-21 00:00:00+00:00
[2026-07-21T18:41:16.843+0000] {processor.py:183} INFO - Processing /home/airflow/.local/lib/python3.10/site-packages/airflow/example_dags/example_dynamic_task_mapping_with_no_taskflow_operators.py took 0.070 seconds
[2026-07-21T18:41:47.010+0000] {processor.py:161} INFO - Started process (PID=901) to work on /home/airflow/.local/lib/python3.10/site-packages/airflow/example_dags/example_dynamic_task_mapping_with_no_taskflow_operators.py
[2026-07-21T18:41:47.011+0000] {processor.py:830} INFO - Processing file /home/airflow/.local/lib/python3.10/site-packages/airflow/example_dags/example_dynamic_task_mapping_with_no_taskflow_operators.py for tasks to queue
[2026-07-21T18:41:47.013+0000] {logging_mixin.py:188} INFO - [2026-07-21T18:41:47.013+0000] {dagbag.py:538} INFO - Filling up the DagBag from /home/airflow/.local/lib/python3.10/site-packages/airflow/example_dags/example_dynamic_task_mapping_with_no_taskflow_operators.py
[2026-07-21T18:41:47.020+0000] {processor.py:840} INFO - DAG(s) 'example_dynamic_task_mapping_with_no_taskflow_operators' retrieved from /home/airflow/.local/lib/python3.10/site-packages/airflow/example_dags/example_dynamic_task_mapping_with_no_taskflow_operators.py
[2026-07-21T18:41:47.042+0000] {logging_mixin.py:188} INFO - [2026-07-21T18:41:47.041+0000] {dag.py:3036} INFO - Sync 1 DAGs
[2026-07-21T18:41:47.065+0000] {logging_mixin.py:188} INFO - [2026-07-21T18:41:47.065+0000] {dag.py:3823} INFO - Setting next_dagrun for example_dynamic_task_mapping_with_no_taskflow_operators to 2026-07-20 00:00:00+00:00, run_after=2026-07-21 00:00:00+00:00
[2026-07-21T18:41:47.085+0000] {processor.py:183} INFO - Processing /home/airflow/.local/lib/python3.10/site-packages/airflow/example_dags/example_dynamic_task_mapping_with_no_taskflow_operators.py took 0.081 seconds
[2026-07-21T18:42:17.274+0000] {processor.py:161} INFO - Started process (PID=957) to work on /home/airflow/.local/lib/python3.10/site-packages/airflow/example_dags/example_dynamic_task_mapping_with_no_taskflow_operators.py
[2026-07-21T18:42:17.275+0000] {processor.py:830} INFO - Processing file /home/airflow/.local/lib/python3.10/site-packages/airflow/example_dags/example_dynamic_task_mapping_with_no_taskflow_operators.py for tasks to queue
[2026-07-21T18:42:17.277+0000] {logging_mixin.py:188} INFO - [2026-07-21T18:42:17.277+0000] {dagbag.py:538} INFO - Filling up the DagBag from /home/airflow/.local/lib/python3.10/site-packages/airflow/example_dags/example_dynamic_task_mapping_with_no_taskflow_operators.py
[2026-07-21T18:42:17.284+0000] {processor.py:840} INFO - DAG(s) 'example_dynamic_task_mapping_with_no_taskflow_operators' retrieved from /home/airflow/.local/lib/python3.10/site-packages/airflow/example_dags/example_dynamic_task_mapping_with_no_taskflow_operators.py
[2026-07-21T18:42:17.305+0000] {logging_mixin.py:188} INFO - [2026-07-21T18:42:17.305+0000] {dag.py:3036} INFO - Sync 1 DAGs
[2026-07-21T18:42:17.324+0000] {logging_mixin.py:188} INFO - [2026-07-21T18:42:17.324+0000] {dag.py:3823} INFO - Setting next_dagrun for example_dynamic_task_mapping_with_no_taskflow_operators to 2026-07-20 00:00:00+00:00, run_after=2026-07-21 00:00:00+00:00
[2026-07-21T18:42:17.341+0000] {processor.py:183} INFO - Processing /home/airflow/.local/lib/python3.10/site-packages/airflow/example_dags/example_dynamic_task_mapping_with_no_taskflow_operators.py took 0.071 seconds
[2026-07-21T18:42:47.556+0000] {processor.py:161} INFO - Started process (PID=1014) to work on /home/airflow/.local/lib/python3.10/site-packages/airflow/example_dags/example_dynamic_task_mapping_with_no_taskflow_operators.py
[2026-07-21T18:42:47.557+0000] {processor.py:830} INFO - Processing file /home/airflow/.local/lib/python3.10/site-packages/airflow/example_dags/example_dynamic_task_mapping_with_no_taskflow_operators.py for tasks to queue
[2026-07-21T18:42:47.560+0000] {logging_mixin.py:188} INFO - [2026-07-21T18:42:47.560+0000] {dagbag.py:538} INFO - Filling up the DagBag from /home/airflow/.local/lib/python3.10/site-packages/airflow/example_dags/example_dynamic_task_mapping_with_no_taskflow_operators.py
[2026-07-21T18:42:47.567+0000] {processor.py:840} INFO - DAG(s) 'example_dynamic_task_mapping_with_no_taskflow_operators' retrieved from /home/airflow/.local/lib/python3.10/site-packages/airflow/example_dags/example_dynamic_task_mapping_with_no_taskflow_operators.py
[2026-07-21T18:42:47.587+0000] {logging_mixin.py:188} INFO - [2026-07-21T18:42:47.587+0000] {dag.py:3036} INFO - Sync 1 DAGs
[2026-07-21T18:42:47.606+0000] {logging_mixin.py:188} INFO - [2026-07-21T18:42:47.605+0000] {dag.py:3823} INFO - Setting next_dagrun for example_dynamic_task_mapping_with_no_taskflow_operators to 2026-07-20 00:00:00+00:00, run_after=2026-07-21 00:00:00+00:00
[2026-07-21T18:42:47.624+0000] {processor.py:183} INFO - Processing /home/airflow/.local/lib/python3.10/site-packages/airflow/example_dags/example_dynamic_task_mapping_with_no_taskflow_operators.py took 0.071 seconds
[2026-07-21T18:43:18.027+0000] {processor.py:161} INFO - Started process (PID=1070) to work on /home/airflow/.local/lib/python3.10/site-packages/airflow/example_dags/example_dynamic_task_mapping_with_no_taskflow_operators.py
[2026-07-21T18:43:18.028+0000] {processor.py:830} INFO - Processing file /home/airflow/.local/lib/python3.10/site-packages/airflow/example_dags/example_dynamic_task_mapping_with_no_taskflow_operators.py for tasks to queue
[2026-07-21T18:43:18.031+0000] {logging_mixin.py:188} INFO - [2026-07-21T18:43:18.030+0000] {dagbag.py:538} INFO - Filling up the DagBag from /home/airflow/.local/lib/python3.10/site-packages/airflow/example_dags/example_dynamic_task_mapping_with_no_taskflow_operators.py
[2026-07-21T18:43:18.037+0000] {processor.py:840} INFO - DAG(s) 'example_dynamic_task_mapping_with_no_taskflow_operators' retrieved from /home/airflow/.local/lib/python3.10/site-packages/airflow/example_dags/example_dynamic_task_mapping_with_no_taskflow_operators.py
[2026-07-21T18:43:18.058+0000] {logging_mixin.py:188} INFO - [2026-07-21T18:43:18.058+0000] {dag.py:3036} INFO - Sync 1 DAGs
[2026-07-21T18:43:18.080+0000] {logging_mixin.py:188} INFO - [2026-07-21T18:43:18.079+0000] {dag.py:3823} INFO - Setting next_dagrun for example_dynamic_task_mapping_with_no_taskflow_operators to 2026-07-20 00:00:00+00:00, run_after=2026-07-21 00:00:00+00:00
[2026-07-21T18:43:18.100+0000] {processor.py:183} INFO - Processing /home/airflow/.local/lib/python3.10/site-packages/airflow/example_dags/example_dynamic_task_mapping_with_no_taskflow_operators.py took 0.077 seconds
[2026-07-21T18:43:48.449+0000] {processor.py:161} INFO - Started process (PID=1126) to work on /home/airflow/.local/lib/python3.10/site-packages/airflow/example_dags/example_dynamic_task_mapping_with_no_taskflow_operators.py
[2026-07-21T18:43:48.451+0000] {processor.py:830} INFO - Processing file /home/airflow/.local/lib/python3.10/site-packages/airflow/example_dags/example_dynamic_task_mapping_with_no_taskflow_operators.py for tasks to queue
[2026-07-21T18:43:48.454+0000] {logging_mixin.py:188} INFO - [2026-07-21T18:43:48.453+0000] {dagbag.py:538} INFO - Filling up the DagBag from /home/airflow/.local/lib/python3.10/site-packages/airflow/example_dags/example_dynamic_task_mapping_with_no_taskflow_operators.py
[2026-07-21T18:43:48.460+0000] {processor.py:840} INFO - DAG(s) 'example_dynamic_task_mapping_with_no_taskflow_operators' retrieved from /home/airflow/.local/lib/python3.10/site-packages/airflow/example_dags/example_dynamic_task_mapping_with_no_taskflow_operators.py
[2026-07-21T18:43:48.481+0000] {logging_mixin.py:188} INFO - [2026-07-21T18:43:48.481+0000] {dag.py:3036} INFO - Sync 1 DAGs
[2026-07-21T18:43:48.500+0000] {logging_mixin.py:188} INFO - [2026-07-21T18:43:48.499+0000] {dag.py:3823} INFO - Setting next_dagrun for example_dynamic_task_mapping_with_no_taskflow_operators to 2026-07-20 00:00:00+00:00, run_after=2026-07-21 00:00:00+00:00
[2026-07-21T18:43:48.518+0000] {processor.py:183} INFO - Processing /home/airflow/.local/lib/python3.10/site-packages/airflow/example_dags/example_dynamic_task_mapping_with_no_taskflow_operators.py took 0.072 seconds
[2026-07-21T18:44:18.839+0000] {processor.py:161} INFO - Started process (PID=1182) to work on /home/airflow/.local/lib/python3.10/site-packages/airflow/example_dags/example_dynamic_task_mapping_with_no_taskflow_operators.py
[2026-07-21T18:44:18.840+0000] {processor.py:830} INFO - Processing file /home/airflow/.local/lib/python3.10/site-packages/airflow/example_dags/example_dynamic_task_mapping_with_no_taskflow_operators.py for tasks to queue
[2026-07-21T18:44:18.842+0000] {logging_mixin.py:188} INFO - [2026-07-21T18:44:18.842+0000] {dagbag.py:538} INFO - Filling up the DagBag from /home/airflow/.local/lib/python3.10/site-packages/airflow/example_dags/example_dynamic_task_mapping_with_no_taskflow_operators.py
[2026-07-21T18:44:18.849+0000] {processor.py:840} INFO - DAG(s) 'example_dynamic_task_mapping_with_no_taskflow_operators' retrieved from /home/airflow/.local/lib/python3.10/site-packages/airflow/example_dags/example_dynamic_task_mapping_with_no_taskflow_operators.py
[2026-07-21T18:44:18.870+0000] {logging_mixin.py:188} INFO - [2026-07-21T18:44:18.870+0000] {dag.py:3036} INFO - Sync 1 DAGs
[2026-07-21T18:44:18.890+0000] {logging_mixin.py:188} INFO - [2026-07-21T18:44:18.889+0000] {dag.py:3823} INFO - Setting next_dagrun for example_dynamic_task_mapping_with_no_taskflow_operators to 2026-07-20 00:00:00+00:00, run_after=2026-07-21 00:00:00+00:00
[2026-07-21T18:44:18.907+0000] {processor.py:183} INFO - Processing /home/airflow/.local/lib/python3.10/site-packages/airflow/example_dags/example_dynamic_task_mapping_with_no_taskflow_operators.py took 0.072 seconds
[2026-07-21T18:44:49.161+0000] {processor.py:161} INFO - Started process (PID=1238) to work on /home/airflow/.local/lib/python3.10/site-packages/airflow/example_dags/example_dynamic_task_mapping_with_no_taskflow_operators.py
[2026-07-21T18:44:49.163+0000] {processor.py:830} INFO - Processing file /home/airflow/.local/lib/python3.10/site-packages/airflow/example_dags/example_dynamic_task_mapping_with_no_taskflow_operators.py for tasks to queue
[2026-07-21T18:44:49.165+0000] {logging_mixin.py:188} INFO - [2026-07-21T18:44:49.165+0000] {dagbag.py:538} INFO - Filling up the DagBag from /home/airflow/.local/lib/python3.10/site-packages/airflow/example_dags/example_dynamic_task_mapping_with_no_taskflow_operators.py
[2026-07-21T18:44:49.172+0000] {processor.py:840} INFO - DAG(s) 'example_dynamic_task_mapping_with_no_taskflow_operators' retrieved from /home/airflow/.local/lib/python3.10/site-packages/airflow/example_dags/example_dynamic_task_mapping_with_no_taskflow_operators.py
[2026-07-21T18:44:49.193+0000] {logging_mixin.py:188} INFO - [2026-07-21T18:44:49.192+0000] {dag.py:3036} INFO - Sync 1 DAGs
[2026-07-21T18:44:49.211+0000] {logging_mixin.py:188} INFO - [2026-07-21T18:44:49.211+0000] {dag.py:3823} INFO - Setting next_dagrun for example_dynamic_task_mapping_with_no_taskflow_operators to 2026-07-20 00:00:00+00:00, run_after=2026-07-21 00:00:00+00:00
[2026-07-21T18:44:49.228+0000] {processor.py:183} INFO - Processing /home/airflow/.local/lib/python3.10/site-packages/airflow/example_dags/example_dynamic_task_mapping_with_no_taskflow_operators.py took 0.070 seconds
[2026-07-21T18:45:19.450+0000] {processor.py:161} INFO - Started process (PID=1294) to work on /home/airflow/.local/lib/python3.10/site-packages/airflow/example_dags/example_dynamic_task_mapping_with_no_taskflow_operators.py
[2026-07-21T18:45:19.451+0000] {processor.py:830} INFO - Processing file /home/airflow/.local/lib/python3.10/site-packages/airflow/example_dags/example_dynamic_task_mapping_with_no_taskflow_operators.py for tasks to queue
[2026-07-21T18:45:19.453+0000] {logging_mixin.py:188} INFO - [2026-07-21T18:45:19.453+0000] {dagbag.py:538} INFO - Filling up the DagBag from /home/airflow/.local/lib/python3.10/site-packages/airflow/example_dags/example_dynamic_task_mapping_with_no_taskflow_operators.py
[2026-07-21T18:45:19.460+0000] {processor.py:840} INFO - DAG(s) 'example_dynamic_task_mapping_with_no_taskflow_operators' retrieved from /home/airflow/.local/lib/python3.10/site-packages/airflow/example_dags/example_dynamic_task_mapping_with_no_taskflow_operators.py
[2026-07-21T18:45:19.481+0000] {logging_mixin.py:188} INFO - [2026-07-21T18:45:19.480+0000] {dag.py:3036} INFO - Sync 1 DAGs
[2026-07-21T18:45:19.499+0000] {logging_mixin.py:188} INFO - [2026-07-21T18:45:19.499+0000] {dag.py:3823} INFO - Setting next_dagrun for example_dynamic_task_mapping_with_no_taskflow_operators to 2026-07-20 00:00:00+00:00, run_after=2026-07-21 00:00:00+00:00
[2026-07-21T18:45:19.516+0000] {processor.py:183} INFO - Processing /home/airflow/.local/lib/python3.10/site-packages/airflow/example_dags/example_dynamic_task_mapping_with_no_taskflow_operators.py took 0.070 seconds
[2026-07-21T18:45:49.863+0000] {processor.py:161} INFO - Started process (PID=1350) to work on /home/airflow/.local/lib/python3.10/site-packages/airflow/example_dags/example_dynamic_task_mapping_with_no_taskflow_operators.py
[2026-07-21T18:45:49.864+0000] {processor.py:830} INFO - Processing file /home/airflow/.local/lib/python3.10/site-packages/airflow/example_dags/example_dynamic_task_mapping_with_no_taskflow_operators.py for tasks to queue
[2026-07-21T18:45:49.866+0000] {logging_mixin.py:188} INFO - [2026-07-21T18:45:49.865+0000] {dagbag.py:538} INFO - Filling up the DagBag from /home/airflow/.local/lib/python3.10/site-packages/airflow/example_dags/example_dynamic_task_mapping_with_no_taskflow_operators.py
[2026-07-21T18:45:49.872+0000] {processor.py:840} INFO - DAG(s) 'example_dynamic_task_mapping_with_no_taskflow_operators' retrieved from /home/airflow/.local/lib/python3.10/site-packages/airflow/example_dags/example_dynamic_task_mapping_with_no_taskflow_operators.py
[2026-07-21T18:45:49.893+0000] {logging_mixin.py:188} INFO - [2026-07-21T18:45:49.893+0000] {dag.py:3036} INFO - Sync 1 DAGs
[2026-07-21T18:45:49.912+0000] {logging_mixin.py:188} INFO - [2026-07-21T18:45:49.911+0000] {dag.py:3823} INFO - Setting next_dagrun for example_dynamic_task_mapping_with_no_taskflow_operators to 2026-07-20 00:00:00+00:00, run_after=2026-07-21 00:00:00+00:00
[2026-07-21T18:45:49.929+0000] {processor.py:183} INFO - Processing /home/airflow/.local/lib/python3.10/site-packages/airflow/example_dags/example_dynamic_task_mapping_with_no_taskflow_operators.py took 0.070 seconds
[2026-07-21T18:46:20.167+0000] {processor.py:161} INFO - Started process (PID=1406) to work on /home/airflow/.local/lib/python3.10/site-packages/airflow/example_dags/example_dynamic_task_mapping_with_no_taskflow_operators.py
[2026-07-21T18:46:20.168+0000] {processor.py:830} INFO - Processing file /home/airflow/.local/lib/python3.10/site-packages/airflow/example_dags/example_dynamic_task_mapping_with_no_taskflow_operators.py for tasks to queue
[2026-07-21T18:46:20.170+0000] {logging_mixin.py:188} INFO - [2026-07-21T18:46:20.170+0000] {dagbag.py:538} INFO - Filling up the DagBag from /home/airflow/.local/lib/python3.10/site-packages/airflow/example_dags/example_dynamic_task_mapping_with_no_taskflow_operators.py
[2026-07-21T18:46:20.177+0000] {processor.py:840} INFO - DAG(s) 'example_dynamic_task_mapping_with_no_taskflow_operators' retrieved from /home/airflow/.local/lib/python3.10/site-packages/airflow/example_dags/example_dynamic_task_mapping_with_no_taskflow_operators.py
[2026-07-21T18:46:20.197+0000] {logging_mixin.py:188} INFO - [2026-07-21T18:46:20.197+0000] {dag.py:3036} INFO - Sync 1 DAGs
[2026-07-21T18:46:20.216+0000] {logging_mixin.py:188} INFO - [2026-07-21T18:46:20.215+0000] {dag.py:3823} INFO - Setting next_dagrun for example_dynamic_task_mapping_with_no_taskflow_operators to 2026-07-20 00:00:00+00:00, run_after=2026-07-21 00:00:00+00:00
[2026-07-21T18:46:20.232+0000] {processor.py:183} INFO - Processing /home/airflow/.local/lib/python3.10/site-packages/airflow/example_dags/example_dynamic_task_mapping_with_no_taskflow_operators.py took 0.069 seconds
[2026-07-21T18:46:50.432+0000] {processor.py:161} INFO - Started process (PID=1462) to work on /home/airflow/.local/lib/python3.10/site-packages/airflow/example_dags/example_dynamic_task_mapping_with_no_taskflow_operators.py
[2026-07-21T18:46:50.433+0000] {processor.py:830} INFO - Processing file /home/airflow/.local/lib/python3.10/site-packages/airflow/example_dags/example_dynamic_task_mapping_with_no_taskflow_operators.py for tasks to queue
[2026-07-21T18:46:50.435+0000] {logging_mixin.py:188} INFO - [2026-07-21T18:46:50.435+0000] {dagbag.py:538} INFO - Filling up the DagBag from /home/airflow/.local/lib/python3.10/site-packages/airflow/example_dags/example_dynamic_task_mapping_with_no_taskflow_operators.py
[2026-07-21T18:46:50.442+0000] {processor.py:840} INFO - DAG(s) 'example_dynamic_task_mapping_with_no_taskflow_operators' retrieved from /home/airflow/.local/lib/python3.10/site-packages/airflow/example_dags/example_dynamic_task_mapping_with_no_taskflow_operators.py
[2026-07-21T18:46:50.462+0000] {logging_mixin.py:188} INFO - [2026-07-21T18:46:50.462+0000] {dag.py:3036} INFO - Sync 1 DAGs
[2026-07-21T18:46:50.482+0000] {logging_mixin.py:188} INFO - [2026-07-21T18:46:50.482+0000] {dag.py:3823} INFO - Setting next_dagrun for example_dynamic_task_mapping_with_no_taskflow_operators to 2026-07-20 00:00:00+00:00, run_after=2026-07-21 00:00:00+00:00
[2026-07-21T18:46:50.505+0000] {processor.py:183} INFO - Processing /home/airflow/.local/lib/python3.10/site-packages/airflow/example_dags/example_dynamic_task_mapping_with_no_taskflow_operators.py took 0.077 seconds
[2026-07-21T18:47:20.727+0000] {processor.py:161} INFO - Started process (PID=1518) to work on /home/airflow/.local/lib/python3.10/site-packages/airflow/example_dags/example_dynamic_task_mapping_with_no_taskflow_operators.py
[2026-07-21T18:47:20.728+0000] {processor.py:830} INFO - Processing file /home/airflow/.local/lib/python3.10/site-packages/airflow/example_dags/example_dynamic_task_mapping_with_no_taskflow_operators.py for tasks to queue
[2026-07-21T18:47:20.730+0000] {logging_mixin.py:188} INFO - [2026-07-21T18:47:20.730+0000] {dagbag.py:538} INFO - Filling up the DagBag from /home/airflow/.local/lib/python3.10/site-packages/airflow/example_dags/example_dynamic_task_mapping_with_no_taskflow_operators.py
[2026-07-21T18:47:20.737+0000] {processor.py:840} INFO - DAG(s) 'example_dynamic_task_mapping_with_no_taskflow_operators' retrieved from /home/airflow/.local/lib/python3.10/site-packages/airflow/example_dags/example_dynamic_task_mapping_with_no_taskflow_operators.py
[2026-07-21T18:47:20.757+0000] {logging_mixin.py:188} INFO - [2026-07-21T18:47:20.757+0000] {dag.py:3036} INFO - Sync 1 DAGs
[2026-07-21T18:47:20.777+0000] {logging_mixin.py:188} INFO - [2026-07-21T18:47:20.776+0000] {dag.py:3823} INFO - Setting next_dagrun for example_dynamic_task_mapping_with_no_taskflow_operators to 2026-07-20 00:00:00+00:00, run_after=2026-07-21 00:00:00+00:00
[2026-07-21T18:47:20.794+0000] {processor.py:183} INFO - Processing /home/airflow/.local/lib/python3.10/site-packages/airflow/example_dags/example_dynamic_task_mapping_with_no_taskflow_operators.py took 0.071 seconds
[2026-07-21T18:47:51.537+0000] {processor.py:161} INFO - Started process (PID=1574) to work on /home/airflow/.local/lib/python3.10/site-packages/airflow/example_dags/example_dynamic_task_mapping_with_no_taskflow_operators.py
[2026-07-21T18:47:51.538+0000] {processor.py:830} INFO - Processing file /home/airflow/.local/lib/python3.10/site-packages/airflow/example_dags/example_dynamic_task_mapping_with_no_taskflow_operators.py for tasks to queue
[2026-07-21T18:47:51.541+0000] {logging_mixin.py:188} INFO - [2026-07-21T18:47:51.540+0000] {dagbag.py:538} INFO - Filling up the DagBag from /home/airflow/.local/lib/python3.10/site-packages/airflow/example_dags/example_dynamic_task_mapping_with_no_taskflow_operators.py
[2026-07-21T18:47:51.547+0000] {processor.py:840} INFO - DAG(s) 'example_dynamic_task_mapping_with_no_taskflow_operators' retrieved from /home/airflow/.local/lib/python3.10/site-packages/airflow/example_dags/example_dynamic_task_mapping_with_no_taskflow_operators.py
[2026-07-21T18:47:51.568+0000] {logging_mixin.py:188} INFO - [2026-07-21T18:47:51.568+0000] {dag.py:3036} INFO - Sync 1 DAGs
[2026-07-21T18:47:51.588+0000] {logging_mixin.py:188} INFO - [2026-07-21T18:47:51.588+0000] {dag.py:3823} INFO - Setting next_dagrun for example_dynamic_task_mapping_with_no_taskflow_operators to 2026-07-20 00:00:00+00:00, run_after=2026-07-21 00:00:00+00:00
[2026-07-21T18:47:51.607+0000] {processor.py:183} INFO - Processing /home/airflow/.local/lib/python3.10/site-packages/airflow/example_dags/example_dynamic_task_mapping_with_no_taskflow_operators.py took 0.074 seconds
[2026-07-21T18:48:21.690+0000] {processor.py:161} INFO - Started process (PID=1628) to work on /home/airflow/.local/lib/python3.10/site-packages/airflow/example_dags/example_dynamic_task_mapping_with_no_taskflow_operators.py
[2026-07-21T18:48:21.691+0000] {processor.py:830} INFO - Processing file /home/airflow/.local/lib/python3.10/site-packages/airflow/example_dags/example_dynamic_task_mapping_with_no_taskflow_operators.py for tasks to queue
[2026-07-21T18:48:21.694+0000] {logging_mixin.py:188} INFO - [2026-07-21T18:48:21.694+0000] {dagbag.py:538} INFO - Filling up the DagBag from /home/airflow/.local/lib/python3.10/site-packages/airflow/example_dags/example_dynamic_task_mapping_with_no_taskflow_operators.py
[2026-07-21T18:48:21.701+0000] {processor.py:840} INFO - DAG(s) 'example_dynamic_task_mapping_with_no_taskflow_operators' retrieved from /home/airflow/.local/lib/python3.10/site-packages/airflow/example_dags/example_dynamic_task_mapping_with_no_taskflow_operators.py
[2026-07-21T18:48:21.724+0000] {logging_mixin.py:188} INFO - [2026-07-21T18:48:21.724+0000] {dag.py:3036} INFO - Sync 1 DAGs
[2026-07-21T18:48:21.745+0000] {logging_mixin.py:188} INFO - [2026-07-21T18:48:21.745+0000] {dag.py:3823} INFO - Setting next_dagrun for example_dynamic_task_mapping_with_no_taskflow_operators to 2026-07-20 00:00:00+00:00, run_after=2026-07-21 00:00:00+00:00
[2026-07-21T18:48:21.764+0000] {processor.py:183} INFO - Processing /home/airflow/.local/lib/python3.10/site-packages/airflow/example_dags/example_dynamic_task_mapping_with_no_taskflow_operators.py took 0.078 seconds
