[2026-07-21T17:56:25.795+0000] {processor.py:161} INFO - Started process (PID=79) to work on /home/airflow/.local/lib/python3.8/site-packages/airflow/example_dags/example_branch_operator.py
[2026-07-21T17:56:25.800+0000] {processor.py:830} INFO - Processing file /home/airflow/.local/lib/python3.8/site-packages/airflow/example_dags/example_branch_operator.py for tasks to queue
[2026-07-21T17:56:25.807+0000] {logging_mixin.py:188} INFO - [2026-07-21T17:56:25.806+0000] {dagbag.py:538} INFO - Filling up the DagBag from /home/airflow/.local/lib/python3.8/site-packages/airflow/example_dags/example_branch_operator.py
[2026-07-21T17:56:25.916+0000] {processor.py:840} INFO - DAG(s) 'example_branch_operator' retrieved from /home/airflow/.local/lib/python3.8/site-packages/airflow/example_dags/example_branch_operator.py
[2026-07-21T17:56:25.998+0000] {logging_mixin.py:188} INFO - [2026-07-21T17:56:25.998+0000] {dag.py:3036} INFO - Sync 1 DAGs
[2026-07-21T17:56:26.130+0000] {logging_mixin.py:188} INFO - [2026-07-21T17:56:26.129+0000] {dag.py:3823} INFO - Setting next_dagrun for example_branch_operator to 2026-07-20 00:00:00+00:00, run_after=2026-07-21 00:00:00+00:00
[2026-07-21T17:56:26.219+0000] {processor.py:183} INFO - Processing /home/airflow/.local/lib/python3.8/site-packages/airflow/example_dags/example_branch_operator.py took 0.442 seconds
[2026-07-21T17:56:56.771+0000] {processor.py:161} INFO - Started process (PID=135) to work on /home/airflow/.local/lib/python3.8/site-packages/airflow/example_dags/example_branch_operator.py
[2026-07-21T17:56:56.772+0000] {processor.py:830} INFO - Processing file /home/airflow/.local/lib/python3.8/site-packages/airflow/example_dags/example_branch_operator.py for tasks to queue
[2026-07-21T17:56:56.774+0000] {logging_mixin.py:188} INFO - [2026-07-21T17:56:56.774+0000] {dagbag.py:538} INFO - Filling up the DagBag from /home/airflow/.local/lib/python3.8/site-packages/airflow/example_dags/example_branch_operator.py
[2026-07-21T17:56:56.790+0000] {processor.py:840} INFO - DAG(s) 'example_branch_operator' retrieved from /home/airflow/.local/lib/python3.8/site-packages/airflow/example_dags/example_branch_operator.py
[2026-07-21T17:56:56.886+0000] {logging_mixin.py:188} INFO - [2026-07-21T17:56:56.886+0000] {dag.py:3036} INFO - Sync 1 DAGs
[2026-07-21T17:56:56.904+0000] {logging_mixin.py:188} INFO - [2026-07-21T17:56:56.904+0000] {dag.py:3823} INFO - Setting next_dagrun for example_branch_operator to 2026-07-20 00:00:00+00:00, run_after=2026-07-21 00:00:00+00:00
[2026-07-21T17:56:56.922+0000] {processor.py:183} INFO - Processing /home/airflow/.local/lib/python3.8/site-packages/airflow/example_dags/example_branch_operator.py took 0.154 seconds
[2026-07-21T17:57:27.832+0000] {processor.py:161} INFO - Started process (PID=191) to work on /home/airflow/.local/lib/python3.8/site-packages/airflow/example_dags/example_branch_operator.py
[2026-07-21T17:57:27.833+0000] {processor.py:830} INFO - Processing file /home/airflow/.local/lib/python3.8/site-packages/airflow/example_dags/example_branch_operator.py for tasks to queue
[2026-07-21T17:57:27.835+0000] {logging_mixin.py:188} INFO - [2026-07-21T17:57:27.835+0000] {dagbag.py:538} INFO - Filling up the DagBag from /home/airflow/.local/lib/python3.8/site-packages/airflow/example_dags/example_branch_operator.py
[2026-07-21T17:57:27.851+0000] {processor.py:840} INFO - DAG(s) 'example_branch_operator' retrieved from /home/airflow/.local/lib/python3.8/site-packages/airflow/example_dags/example_branch_operator.py
[2026-07-21T17:57:27.877+0000] {logging_mixin.py:188} INFO - [2026-07-21T17:57:27.877+0000] {dag.py:3036} INFO - Sync 1 DAGs
[2026-07-21T17:57:27.897+0000] {logging_mixin.py:188} INFO - [2026-07-21T17:57:27.897+0000] {dag.py:3823} INFO - Setting next_dagrun for example_branch_operator to 2026-07-20 00:00:00+00:00, run_after=2026-07-21 00:00:00+00:00
[2026-07-21T17:57:27.915+0000] {processor.py:183} INFO - Processing /home/airflow/.local/lib/python3.8/site-packages/airflow/example_dags/example_branch_operator.py took 0.087 seconds
[2026-07-21T17:57:58.073+0000] {processor.py:161} INFO - Started process (PID=247) to work on /home/airflow/.local/lib/python3.8/site-packages/airflow/example_dags/example_branch_operator.py
[2026-07-21T17:57:58.074+0000] {processor.py:830} INFO - Processing file /home/airflow/.local/lib/python3.8/site-packages/airflow/example_dags/example_branch_operator.py for tasks to queue
[2026-07-21T17:57:58.076+0000] {logging_mixin.py:188} INFO - [2026-07-21T17:57:58.076+0000] {dagbag.py:538} INFO - Filling up the DagBag from /home/airflow/.local/lib/python3.8/site-packages/airflow/example_dags/example_branch_operator.py
[2026-07-21T17:57:58.092+0000] {processor.py:840} INFO - DAG(s) 'example_branch_operator' retrieved from /home/airflow/.local/lib/python3.8/site-packages/airflow/example_dags/example_branch_operator.py
[2026-07-21T17:57:58.118+0000] {logging_mixin.py:188} INFO - [2026-07-21T17:57:58.118+0000] {dag.py:3036} INFO - Sync 1 DAGs
[2026-07-21T17:57:58.139+0000] {logging_mixin.py:188} INFO - [2026-07-21T17:57:58.139+0000] {dag.py:3823} INFO - Setting next_dagrun for example_branch_operator to 2026-07-20 00:00:00+00:00, run_after=2026-07-21 00:00:00+00:00
[2026-07-21T17:57:58.159+0000] {processor.py:183} INFO - Processing /home/airflow/.local/lib/python3.8/site-packages/airflow/example_dags/example_branch_operator.py took 0.088 seconds
[2026-07-21T17:58:28.295+0000] {processor.py:161} INFO - Started process (PID=303) to work on /home/airflow/.local/lib/python3.8/site-packages/airflow/example_dags/example_branch_operator.py
[2026-07-21T17:58:28.296+0000] {processor.py:830} INFO - Processing file /home/airflow/.local/lib/python3.8/site-packages/airflow/example_dags/example_branch_operator.py for tasks to queue
[2026-07-21T17:58:28.298+0000] {logging_mixin.py:188} INFO - [2026-07-21T17:58:28.298+0000] {dagbag.py:538} INFO - Filling up the DagBag from /home/airflow/.local/lib/python3.8/site-packages/airflow/example_dags/example_branch_operator.py
[2026-07-21T17:58:28.314+0000] {processor.py:840} INFO - DAG(s) 'example_branch_operator' retrieved from /home/airflow/.local/lib/python3.8/site-packages/airflow/example_dags/example_branch_operator.py
[2026-07-21T17:58:28.340+0000] {logging_mixin.py:188} INFO - [2026-07-21T17:58:28.339+0000] {dag.py:3036} INFO - Sync 1 DAGs
[2026-07-21T17:58:28.359+0000] {logging_mixin.py:188} INFO - [2026-07-21T17:58:28.359+0000] {dag.py:3823} INFO - Setting next_dagrun for example_branch_operator to 2026-07-20 00:00:00+00:00, run_after=2026-07-21 00:00:00+00:00
[2026-07-21T17:58:28.378+0000] {processor.py:183} INFO - Processing /home/airflow/.local/lib/python3.8/site-packages/airflow/example_dags/example_branch_operator.py took 0.085 seconds
[2026-07-21T17:58:58.729+0000] {processor.py:161} INFO - Started process (PID=359) to work on /home/airflow/.local/lib/python3.8/site-packages/airflow/example_dags/example_branch_operator.py
[2026-07-21T17:58:58.730+0000] {processor.py:830} INFO - Processing file /home/airflow/.local/lib/python3.8/site-packages/airflow/example_dags/example_branch_operator.py for tasks to queue
[2026-07-21T17:58:58.732+0000] {logging_mixin.py:188} INFO - [2026-07-21T17:58:58.732+0000] {dagbag.py:538} INFO - Filling up the DagBag from /home/airflow/.local/lib/python3.8/site-packages/airflow/example_dags/example_branch_operator.py
[2026-07-21T17:58:58.748+0000] {processor.py:840} INFO - DAG(s) 'example_branch_operator' retrieved from /home/airflow/.local/lib/python3.8/site-packages/airflow/example_dags/example_branch_operator.py
[2026-07-21T17:58:58.773+0000] {logging_mixin.py:188} INFO - [2026-07-21T17:58:58.773+0000] {dag.py:3036} INFO - Sync 1 DAGs
[2026-07-21T17:58:58.794+0000] {logging_mixin.py:188} INFO - [2026-07-21T17:58:58.794+0000] {dag.py:3823} INFO - Setting next_dagrun for example_branch_operator to 2026-07-20 00:00:00+00:00, run_after=2026-07-21 00:00:00+00:00
[2026-07-21T17:58:58.813+0000] {processor.py:183} INFO - Processing /home/airflow/.local/lib/python3.8/site-packages/airflow/example_dags/example_branch_operator.py took 0.087 seconds
[2026-07-21T17:59:28.949+0000] {processor.py:161} INFO - Started process (PID=415) to work on /home/airflow/.local/lib/python3.8/site-packages/airflow/example_dags/example_branch_operator.py
[2026-07-21T17:59:28.950+0000] {processor.py:830} INFO - Processing file /home/airflow/.local/lib/python3.8/site-packages/airflow/example_dags/example_branch_operator.py for tasks to queue
[2026-07-21T17:59:28.952+0000] {logging_mixin.py:188} INFO - [2026-07-21T17:59:28.951+0000] {dagbag.py:538} INFO - Filling up the DagBag from /home/airflow/.local/lib/python3.8/site-packages/airflow/example_dags/example_branch_operator.py
[2026-07-21T17:59:28.967+0000] {processor.py:840} INFO - DAG(s) 'example_branch_operator' retrieved from /home/airflow/.local/lib/python3.8/site-packages/airflow/example_dags/example_branch_operator.py
[2026-07-21T17:59:28.993+0000] {logging_mixin.py:188} INFO - [2026-07-21T17:59:28.993+0000] {dag.py:3036} INFO - Sync 1 DAGs
[2026-07-21T17:59:29.013+0000] {logging_mixin.py:188} INFO - [2026-07-21T17:59:29.013+0000] {dag.py:3823} INFO - Setting next_dagrun for example_branch_operator to 2026-07-20 00:00:00+00:00, run_after=2026-07-21 00:00:00+00:00
[2026-07-21T17:59:29.031+0000] {processor.py:183} INFO - Processing /home/airflow/.local/lib/python3.8/site-packages/airflow/example_dags/example_branch_operator.py took 0.086 seconds
[2026-07-21T17:59:59.251+0000] {processor.py:161} INFO - Started process (PID=471) to work on /home/airflow/.local/lib/python3.8/site-packages/airflow/example_dags/example_branch_operator.py
[2026-07-21T17:59:59.252+0000] {processor.py:830} INFO - Processing file /home/airflow/.local/lib/python3.8/site-packages/airflow/example_dags/example_branch_operator.py for tasks to queue
[2026-07-21T17:59:59.254+0000] {logging_mixin.py:188} INFO - [2026-07-21T17:59:59.254+0000] {dagbag.py:538} INFO - Filling up the DagBag from /home/airflow/.local/lib/python3.8/site-packages/airflow/example_dags/example_branch_operator.py
[2026-07-21T17:59:59.272+0000] {processor.py:840} INFO - DAG(s) 'example_branch_operator' retrieved from /home/airflow/.local/lib/python3.8/site-packages/airflow/example_dags/example_branch_operator.py
[2026-07-21T17:59:59.299+0000] {logging_mixin.py:188} INFO - [2026-07-21T17:59:59.299+0000] {dag.py:3036} INFO - Sync 1 DAGs
[2026-07-21T17:59:59.321+0000] {logging_mixin.py:188} INFO - [2026-07-21T17:59:59.321+0000] {dag.py:3823} INFO - Setting next_dagrun for example_branch_operator to 2026-07-20 00:00:00+00:00, run_after=2026-07-21 00:00:00+00:00
[2026-07-21T17:59:59.341+0000] {processor.py:183} INFO - Processing /home/airflow/.local/lib/python3.8/site-packages/airflow/example_dags/example_branch_operator.py took 0.093 seconds
[2026-07-21T18:00:29.617+0000] {processor.py:161} INFO - Started process (PID=527) to work on /home/airflow/.local/lib/python3.8/site-packages/airflow/example_dags/example_branch_operator.py
[2026-07-21T18:00:29.619+0000] {processor.py:830} INFO - Processing file /home/airflow/.local/lib/python3.8/site-packages/airflow/example_dags/example_branch_operator.py for tasks to queue
[2026-07-21T18:00:29.621+0000] {logging_mixin.py:188} INFO - [2026-07-21T18:00:29.620+0000] {dagbag.py:538} INFO - Filling up the DagBag from /home/airflow/.local/lib/python3.8/site-packages/airflow/example_dags/example_branch_operator.py
[2026-07-21T18:00:29.637+0000] {processor.py:840} INFO - DAG(s) 'example_branch_operator' retrieved from /home/airflow/.local/lib/python3.8/site-packages/airflow/example_dags/example_branch_operator.py
[2026-07-21T18:00:29.664+0000] {logging_mixin.py:188} INFO - [2026-07-21T18:00:29.664+0000] {dag.py:3036} INFO - Sync 1 DAGs
[2026-07-21T18:00:29.686+0000] {logging_mixin.py:188} INFO - [2026-07-21T18:00:29.686+0000] {dag.py:3823} INFO - Setting next_dagrun for example_branch_operator to 2026-07-20 00:00:00+00:00, run_after=2026-07-21 00:00:00+00:00
[2026-07-21T18:00:29.705+0000] {processor.py:183} INFO - Processing /home/airflow/.local/lib/python3.8/site-packages/airflow/example_dags/example_branch_operator.py took 0.090 seconds
[2026-07-21T18:00:59.907+0000] {processor.py:161} INFO - Started process (PID=584) to work on /home/airflow/.local/lib/python3.8/site-packages/airflow/example_dags/example_branch_operator.py
[2026-07-21T18:00:59.908+0000] {processor.py:830} INFO - Processing file /home/airflow/.local/lib/python3.8/site-packages/airflow/example_dags/example_branch_operator.py for tasks to queue
[2026-07-21T18:00:59.910+0000] {logging_mixin.py:188} INFO - [2026-07-21T18:00:59.910+0000] {dagbag.py:538} INFO - Filling up the DagBag from /home/airflow/.local/lib/python3.8/site-packages/airflow/example_dags/example_branch_operator.py
[2026-07-21T18:00:59.926+0000] {processor.py:840} INFO - DAG(s) 'example_branch_operator' retrieved from /home/airflow/.local/lib/python3.8/site-packages/airflow/example_dags/example_branch_operator.py
[2026-07-21T18:00:59.953+0000] {logging_mixin.py:188} INFO - [2026-07-21T18:00:59.953+0000] {dag.py:3036} INFO - Sync 1 DAGs
[2026-07-21T18:00:59.975+0000] {logging_mixin.py:188} INFO - [2026-07-21T18:00:59.975+0000] {dag.py:3823} INFO - Setting next_dagrun for example_branch_operator to 2026-07-20 00:00:00+00:00, run_after=2026-07-21 00:00:00+00:00
[2026-07-21T18:00:59.995+0000] {processor.py:183} INFO - Processing /home/airflow/.local/lib/python3.8/site-packages/airflow/example_dags/example_branch_operator.py took 0.091 seconds
[2026-07-21T18:01:30.197+0000] {processor.py:161} INFO - Started process (PID=640) to work on /home/airflow/.local/lib/python3.8/site-packages/airflow/example_dags/example_branch_operator.py
[2026-07-21T18:01:30.201+0000] {processor.py:830} INFO - Processing file /home/airflow/.local/lib/python3.8/site-packages/airflow/example_dags/example_branch_operator.py for tasks to queue
[2026-07-21T18:01:30.204+0000] {logging_mixin.py:188} INFO - [2026-07-21T18:01:30.204+0000] {dagbag.py:538} INFO - Filling up the DagBag from /home/airflow/.local/lib/python3.8/site-packages/airflow/example_dags/example_branch_operator.py
[2026-07-21T18:01:30.227+0000] {processor.py:840} INFO - DAG(s) 'example_branch_operator' retrieved from /home/airflow/.local/lib/python3.8/site-packages/airflow/example_dags/example_branch_operator.py
[2026-07-21T18:01:30.261+0000] {logging_mixin.py:188} INFO - [2026-07-21T18:01:30.260+0000] {dag.py:3036} INFO - Sync 1 DAGs
[2026-07-21T18:01:30.284+0000] {logging_mixin.py:188} INFO - [2026-07-21T18:01:30.283+0000] {dag.py:3823} INFO - Setting next_dagrun for example_branch_operator to 2026-07-20 00:00:00+00:00, run_after=2026-07-21 00:00:00+00:00
[2026-07-21T18:01:30.304+0000] {processor.py:183} INFO - Processing /home/airflow/.local/lib/python3.8/site-packages/airflow/example_dags/example_branch_operator.py took 0.113 seconds
[2026-07-21T18:02:00.456+0000] {processor.py:161} INFO - Started process (PID=696) to work on /home/airflow/.local/lib/python3.8/site-packages/airflow/example_dags/example_branch_operator.py
[2026-07-21T18:02:00.457+0000] {processor.py:830} INFO - Processing file /home/airflow/.local/lib/python3.8/site-packages/airflow/example_dags/example_branch_operator.py for tasks to queue
[2026-07-21T18:02:00.459+0000] {logging_mixin.py:188} INFO - [2026-07-21T18:02:00.459+0000] {dagbag.py:538} INFO - Filling up the DagBag from /home/airflow/.local/lib/python3.8/site-packages/airflow/example_dags/example_branch_operator.py
[2026-07-21T18:02:00.475+0000] {processor.py:840} INFO - DAG(s) 'example_branch_operator' retrieved from /home/airflow/.local/lib/python3.8/site-packages/airflow/example_dags/example_branch_operator.py
[2026-07-21T18:02:00.503+0000] {logging_mixin.py:188} INFO - [2026-07-21T18:02:00.503+0000] {dag.py:3036} INFO - Sync 1 DAGs
[2026-07-21T18:02:00.524+0000] {logging_mixin.py:188} INFO - [2026-07-21T18:02:00.524+0000] {dag.py:3823} INFO - Setting next_dagrun for example_branch_operator to 2026-07-20 00:00:00+00:00, run_after=2026-07-21 00:00:00+00:00
[2026-07-21T18:02:00.546+0000] {processor.py:183} INFO - Processing /home/airflow/.local/lib/python3.8/site-packages/airflow/example_dags/example_branch_operator.py took 0.093 seconds
[2026-07-21T18:02:30.974+0000] {processor.py:161} INFO - Started process (PID=752) to work on /home/airflow/.local/lib/python3.8/site-packages/airflow/example_dags/example_branch_operator.py
[2026-07-21T18:02:30.975+0000] {processor.py:830} INFO - Processing file /home/airflow/.local/lib/python3.8/site-packages/airflow/example_dags/example_branch_operator.py for tasks to queue
[2026-07-21T18:02:30.978+0000] {logging_mixin.py:188} INFO - [2026-07-21T18:02:30.978+0000] {dagbag.py:538} INFO - Filling up the DagBag from /home/airflow/.local/lib/python3.8/site-packages/airflow/example_dags/example_branch_operator.py
[2026-07-21T18:02:30.994+0000] {processor.py:840} INFO - DAG(s) 'example_branch_operator' retrieved from /home/airflow/.local/lib/python3.8/site-packages/airflow/example_dags/example_branch_operator.py
[2026-07-21T18:02:31.020+0000] {logging_mixin.py:188} INFO - [2026-07-21T18:02:31.020+0000] {dag.py:3036} INFO - Sync 1 DAGs
[2026-07-21T18:02:31.041+0000] {logging_mixin.py:188} INFO - [2026-07-21T18:02:31.041+0000] {dag.py:3823} INFO - Setting next_dagrun for example_branch_operator to 2026-07-20 00:00:00+00:00, run_after=2026-07-21 00:00:00+00:00
[2026-07-21T18:02:31.060+0000] {processor.py:183} INFO - Processing /home/airflow/.local/lib/python3.8/site-packages/airflow/example_dags/example_branch_operator.py took 0.089 seconds
[2026-07-21T18:03:01.420+0000] {processor.py:161} INFO - Started process (PID=808) to work on /home/airflow/.local/lib/python3.8/site-packages/airflow/example_dags/example_branch_operator.py
[2026-07-21T18:03:01.421+0000] {processor.py:830} INFO - Processing file /home/airflow/.local/lib/python3.8/site-packages/airflow/example_dags/example_branch_operator.py for tasks to queue
[2026-07-21T18:03:01.423+0000] {logging_mixin.py:188} INFO - [2026-07-21T18:03:01.422+0000] {dagbag.py:538} INFO - Filling up the DagBag from /home/airflow/.local/lib/python3.8/site-packages/airflow/example_dags/example_branch_operator.py
[2026-07-21T18:03:01.440+0000] {processor.py:840} INFO - DAG(s) 'example_branch_operator' retrieved from /home/airflow/.local/lib/python3.8/site-packages/airflow/example_dags/example_branch_operator.py
[2026-07-21T18:03:01.466+0000] {logging_mixin.py:188} INFO - [2026-07-21T18:03:01.466+0000] {dag.py:3036} INFO - Sync 1 DAGs
[2026-07-21T18:03:01.486+0000] {logging_mixin.py:188} INFO - [2026-07-21T18:03:01.486+0000] {dag.py:3823} INFO - Setting next_dagrun for example_branch_operator to 2026-07-20 00:00:00+00:00, run_after=2026-07-21 00:00:00+00:00
[2026-07-21T18:03:01.503+0000] {processor.py:183} INFO - Processing /home/airflow/.local/lib/python3.8/site-packages/airflow/example_dags/example_branch_operator.py took 0.087 seconds
[2026-07-21T18:03:31.590+0000] {processor.py:161} INFO - Started process (PID=864) to work on /home/airflow/.local/lib/python3.8/site-packages/airflow/example_dags/example_branch_operator.py
[2026-07-21T18:03:31.592+0000] {processor.py:830} INFO - Processing file /home/airflow/.local/lib/python3.8/site-packages/airflow/example_dags/example_branch_operator.py for tasks to queue
[2026-07-21T18:03:31.594+0000] {logging_mixin.py:188} INFO - [2026-07-21T18:03:31.593+0000] {dagbag.py:538} INFO - Filling up the DagBag from /home/airflow/.local/lib/python3.8/site-packages/airflow/example_dags/example_branch_operator.py
[2026-07-21T18:03:31.611+0000] {processor.py:840} INFO - DAG(s) 'example_branch_operator' retrieved from /home/airflow/.local/lib/python3.8/site-packages/airflow/example_dags/example_branch_operator.py
[2026-07-21T18:03:31.639+0000] {logging_mixin.py:188} INFO - [2026-07-21T18:03:31.639+0000] {dag.py:3036} INFO - Sync 1 DAGs
[2026-07-21T18:03:31.660+0000] {logging_mixin.py:188} INFO - [2026-07-21T18:03:31.659+0000] {dag.py:3823} INFO - Setting next_dagrun for example_branch_operator to 2026-07-20 00:00:00+00:00, run_after=2026-07-21 00:00:00+00:00
[2026-07-21T18:03:31.679+0000] {processor.py:183} INFO - Processing /home/airflow/.local/lib/python3.8/site-packages/airflow/example_dags/example_branch_operator.py took 0.093 seconds
[2026-07-21T18:04:02.021+0000] {processor.py:161} INFO - Started process (PID=920) to work on /home/airflow/.local/lib/python3.8/site-packages/airflow/example_dags/example_branch_operator.py
[2026-07-21T18:04:02.022+0000] {processor.py:830} INFO - Processing file /home/airflow/.local/lib/python3.8/site-packages/airflow/example_dags/example_branch_operator.py for tasks to queue
[2026-07-21T18:04:02.024+0000] {logging_mixin.py:188} INFO - [2026-07-21T18:04:02.024+0000] {dagbag.py:538} INFO - Filling up the DagBag from /home/airflow/.local/lib/python3.8/site-packages/airflow/example_dags/example_branch_operator.py
[2026-07-21T18:04:02.041+0000] {processor.py:840} INFO - DAG(s) 'example_branch_operator' retrieved from /home/airflow/.local/lib/python3.8/site-packages/airflow/example_dags/example_branch_operator.py
[2026-07-21T18:04:02.068+0000] {logging_mixin.py:188} INFO - [2026-07-21T18:04:02.068+0000] {dag.py:3036} INFO - Sync 1 DAGs
[2026-07-21T18:04:02.089+0000] {logging_mixin.py:188} INFO - [2026-07-21T18:04:02.088+0000] {dag.py:3823} INFO - Setting next_dagrun for example_branch_operator to 2026-07-20 00:00:00+00:00, run_after=2026-07-21 00:00:00+00:00
[2026-07-21T18:04:02.108+0000] {processor.py:183} INFO - Processing /home/airflow/.local/lib/python3.8/site-packages/airflow/example_dags/example_branch_operator.py took 0.090 seconds
[2026-07-21T18:04:32.425+0000] {processor.py:161} INFO - Started process (PID=976) to work on /home/airflow/.local/lib/python3.8/site-packages/airflow/example_dags/example_branch_operator.py
[2026-07-21T18:04:32.426+0000] {processor.py:830} INFO - Processing file /home/airflow/.local/lib/python3.8/site-packages/airflow/example_dags/example_branch_operator.py for tasks to queue
[2026-07-21T18:04:32.428+0000] {logging_mixin.py:188} INFO - [2026-07-21T18:04:32.427+0000] {dagbag.py:538} INFO - Filling up the DagBag from /home/airflow/.local/lib/python3.8/site-packages/airflow/example_dags/example_branch_operator.py
[2026-07-21T18:04:32.444+0000] {processor.py:840} INFO - DAG(s) 'example_branch_operator' retrieved from /home/airflow/.local/lib/python3.8/site-packages/airflow/example_dags/example_branch_operator.py
[2026-07-21T18:04:32.470+0000] {logging_mixin.py:188} INFO - [2026-07-21T18:04:32.469+0000] {dag.py:3036} INFO - Sync 1 DAGs
[2026-07-21T18:04:32.489+0000] {logging_mixin.py:188} INFO - [2026-07-21T18:04:32.489+0000] {dag.py:3823} INFO - Setting next_dagrun for example_branch_operator to 2026-07-20 00:00:00+00:00, run_after=2026-07-21 00:00:00+00:00
[2026-07-21T18:04:32.507+0000] {processor.py:183} INFO - Processing /home/airflow/.local/lib/python3.8/site-packages/airflow/example_dags/example_branch_operator.py took 0.086 seconds
[2026-07-21T18:05:02.832+0000] {processor.py:161} INFO - Started process (PID=1032) to work on /home/airflow/.local/lib/python3.8/site-packages/airflow/example_dags/example_branch_operator.py
[2026-07-21T18:05:02.833+0000] {processor.py:830} INFO - Processing file /home/airflow/.local/lib/python3.8/site-packages/airflow/example_dags/example_branch_operator.py for tasks to queue
[2026-07-21T18:05:02.836+0000] {logging_mixin.py:188} INFO - [2026-07-21T18:05:02.835+0000] {dagbag.py:538} INFO - Filling up the DagBag from /home/airflow/.local/lib/python3.8/site-packages/airflow/example_dags/example_branch_operator.py
[2026-07-21T18:05:02.852+0000] {processor.py:840} INFO - DAG(s) 'example_branch_operator' retrieved from /home/airflow/.local/lib/python3.8/site-packages/airflow/example_dags/example_branch_operator.py
[2026-07-21T18:05:02.881+0000] {logging_mixin.py:188} INFO - [2026-07-21T18:05:02.880+0000] {dag.py:3036} INFO - Sync 1 DAGs
[2026-07-21T18:05:02.903+0000] {logging_mixin.py:188} INFO - [2026-07-21T18:05:02.903+0000] {dag.py:3823} INFO - Setting next_dagrun for example_branch_operator to 2026-07-20 00:00:00+00:00, run_after=2026-07-21 00:00:00+00:00
[2026-07-21T18:05:02.923+0000] {processor.py:183} INFO - Processing /home/airflow/.local/lib/python3.8/site-packages/airflow/example_dags/example_branch_operator.py took 0.095 seconds
[2026-07-21T18:05:33.335+0000] {processor.py:161} INFO - Started process (PID=1088) to work on /home/airflow/.local/lib/python3.8/site-packages/airflow/example_dags/example_branch_operator.py
[2026-07-21T18:05:33.336+0000] {processor.py:830} INFO - Processing file /home/airflow/.local/lib/python3.8/site-packages/airflow/example_dags/example_branch_operator.py for tasks to queue
[2026-07-21T18:05:33.339+0000] {logging_mixin.py:188} INFO - [2026-07-21T18:05:33.338+0000] {dagbag.py:538} INFO - Filling up the DagBag from /home/airflow/.local/lib/python3.8/site-packages/airflow/example_dags/example_branch_operator.py
[2026-07-21T18:05:33.356+0000] {processor.py:840} INFO - DAG(s) 'example_branch_operator' retrieved from /home/airflow/.local/lib/python3.8/site-packages/airflow/example_dags/example_branch_operator.py
[2026-07-21T18:05:33.385+0000] {logging_mixin.py:188} INFO - [2026-07-21T18:05:33.385+0000] {dag.py:3036} INFO - Sync 1 DAGs
[2026-07-21T18:05:33.407+0000] {logging_mixin.py:188} INFO - [2026-07-21T18:05:33.407+0000] {dag.py:3823} INFO - Setting next_dagrun for example_branch_operator to 2026-07-20 00:00:00+00:00, run_after=2026-07-21 00:00:00+00:00
[2026-07-21T18:05:33.426+0000] {processor.py:183} INFO - Processing /home/airflow/.local/lib/python3.8/site-packages/airflow/example_dags/example_branch_operator.py took 0.095 seconds
[2026-07-21T18:06:03.826+0000] {processor.py:161} INFO - Started process (PID=1144) to work on /home/airflow/.local/lib/python3.8/site-packages/airflow/example_dags/example_branch_operator.py
[2026-07-21T18:06:03.827+0000] {processor.py:830} INFO - Processing file /home/airflow/.local/lib/python3.8/site-packages/airflow/example_dags/example_branch_operator.py for tasks to queue
[2026-07-21T18:06:03.829+0000] {logging_mixin.py:188} INFO - [2026-07-21T18:06:03.829+0000] {dagbag.py:538} INFO - Filling up the DagBag from /home/airflow/.local/lib/python3.8/site-packages/airflow/example_dags/example_branch_operator.py
[2026-07-21T18:06:03.845+0000] {processor.py:840} INFO - DAG(s) 'example_branch_operator' retrieved from /home/airflow/.local/lib/python3.8/site-packages/airflow/example_dags/example_branch_operator.py
[2026-07-21T18:06:03.871+0000] {logging_mixin.py:188} INFO - [2026-07-21T18:06:03.871+0000] {dag.py:3036} INFO - Sync 1 DAGs
[2026-07-21T18:06:03.893+0000] {logging_mixin.py:188} INFO - [2026-07-21T18:06:03.892+0000] {dag.py:3823} INFO - Setting next_dagrun for example_branch_operator to 2026-07-20 00:00:00+00:00, run_after=2026-07-21 00:00:00+00:00
[2026-07-21T18:06:03.913+0000] {processor.py:183} INFO - Processing /home/airflow/.local/lib/python3.8/site-packages/airflow/example_dags/example_branch_operator.py took 0.090 seconds
[2026-07-21T18:06:34.328+0000] {processor.py:161} INFO - Started process (PID=1200) to work on /home/airflow/.local/lib/python3.8/site-packages/airflow/example_dags/example_branch_operator.py
[2026-07-21T18:06:34.329+0000] {processor.py:830} INFO - Processing file /home/airflow/.local/lib/python3.8/site-packages/airflow/example_dags/example_branch_operator.py for tasks to queue
[2026-07-21T18:06:34.331+0000] {logging_mixin.py:188} INFO - [2026-07-21T18:06:34.331+0000] {dagbag.py:538} INFO - Filling up the DagBag from /home/airflow/.local/lib/python3.8/site-packages/airflow/example_dags/example_branch_operator.py
[2026-07-21T18:06:34.348+0000] {processor.py:840} INFO - DAG(s) 'example_branch_operator' retrieved from /home/airflow/.local/lib/python3.8/site-packages/airflow/example_dags/example_branch_operator.py
[2026-07-21T18:06:34.375+0000] {logging_mixin.py:188} INFO - [2026-07-21T18:06:34.374+0000] {dag.py:3036} INFO - Sync 1 DAGs
[2026-07-21T18:06:34.396+0000] {logging_mixin.py:188} INFO - [2026-07-21T18:06:34.396+0000] {dag.py:3823} INFO - Setting next_dagrun for example_branch_operator to 2026-07-20 00:00:00+00:00, run_after=2026-07-21 00:00:00+00:00
[2026-07-21T18:06:34.416+0000] {processor.py:183} INFO - Processing /home/airflow/.local/lib/python3.8/site-packages/airflow/example_dags/example_branch_operator.py took 0.092 seconds
[2026-07-21T18:07:04.702+0000] {processor.py:161} INFO - Started process (PID=1256) to work on /home/airflow/.local/lib/python3.8/site-packages/airflow/example_dags/example_branch_operator.py
[2026-07-21T18:07:04.703+0000] {processor.py:830} INFO - Processing file /home/airflow/.local/lib/python3.8/site-packages/airflow/example_dags/example_branch_operator.py for tasks to queue
[2026-07-21T18:07:04.706+0000] {logging_mixin.py:188} INFO - [2026-07-21T18:07:04.705+0000] {dagbag.py:538} INFO - Filling up the DagBag from /home/airflow/.local/lib/python3.8/site-packages/airflow/example_dags/example_branch_operator.py
[2026-07-21T18:07:04.727+0000] {processor.py:840} INFO - DAG(s) 'example_branch_operator' retrieved from /home/airflow/.local/lib/python3.8/site-packages/airflow/example_dags/example_branch_operator.py
[2026-07-21T18:07:04.762+0000] {logging_mixin.py:188} INFO - [2026-07-21T18:07:04.761+0000] {dag.py:3036} INFO - Sync 1 DAGs
[2026-07-21T18:07:04.786+0000] {logging_mixin.py:188} INFO - [2026-07-21T18:07:04.786+0000] {dag.py:3823} INFO - Setting next_dagrun for example_branch_operator to 2026-07-20 00:00:00+00:00, run_after=2026-07-21 00:00:00+00:00
[2026-07-21T18:07:04.809+0000] {processor.py:183} INFO - Processing /home/airflow/.local/lib/python3.8/site-packages/airflow/example_dags/example_branch_operator.py took 0.111 seconds
[2026-07-21T18:07:35.051+0000] {processor.py:161} INFO - Started process (PID=1312) to work on /home/airflow/.local/lib/python3.8/site-packages/airflow/example_dags/example_branch_operator.py
[2026-07-21T18:07:35.053+0000] {processor.py:830} INFO - Processing file /home/airflow/.local/lib/python3.8/site-packages/airflow/example_dags/example_branch_operator.py for tasks to queue
[2026-07-21T18:07:35.055+0000] {logging_mixin.py:188} INFO - [2026-07-21T18:07:35.055+0000] {dagbag.py:538} INFO - Filling up the DagBag from /home/airflow/.local/lib/python3.8/site-packages/airflow/example_dags/example_branch_operator.py
[2026-07-21T18:07:35.071+0000] {processor.py:840} INFO - DAG(s) 'example_branch_operator' retrieved from /home/airflow/.local/lib/python3.8/site-packages/airflow/example_dags/example_branch_operator.py
[2026-07-21T18:07:35.097+0000] {logging_mixin.py:188} INFO - [2026-07-21T18:07:35.096+0000] {dag.py:3036} INFO - Sync 1 DAGs
[2026-07-21T18:07:35.117+0000] {logging_mixin.py:188} INFO - [2026-07-21T18:07:35.117+0000] {dag.py:3823} INFO - Setting next_dagrun for example_branch_operator to 2026-07-20 00:00:00+00:00, run_after=2026-07-21 00:00:00+00:00
[2026-07-21T18:07:35.137+0000] {processor.py:183} INFO - Processing /home/airflow/.local/lib/python3.8/site-packages/airflow/example_dags/example_branch_operator.py took 0.089 seconds
[2026-07-21T18:09:12.548+0000] {processor.py:161} INFO - Started process (PID=113) to work on /home/airflow/.local/lib/python3.8/site-packages/airflow/example_dags/example_branch_operator.py
[2026-07-21T18:09:12.550+0000] {processor.py:830} INFO - Processing file /home/airflow/.local/lib/python3.8/site-packages/airflow/example_dags/example_branch_operator.py for tasks to queue
[2026-07-21T18:09:12.552+0000] {logging_mixin.py:188} INFO - [2026-07-21T18:09:12.552+0000] {dagbag.py:538} INFO - Filling up the DagBag from /home/airflow/.local/lib/python3.8/site-packages/airflow/example_dags/example_branch_operator.py
[2026-07-21T18:09:12.585+0000] {processor.py:840} INFO - DAG(s) 'example_branch_operator' retrieved from /home/airflow/.local/lib/python3.8/site-packages/airflow/example_dags/example_branch_operator.py
[2026-07-21T18:09:12.604+0000] {logging_mixin.py:188} INFO - [2026-07-21T18:09:12.604+0000] {dag.py:3036} INFO - Sync 1 DAGs
[2026-07-21T18:09:12.640+0000] {logging_mixin.py:188} INFO - [2026-07-21T18:09:12.640+0000] {dag.py:3823} INFO - Setting next_dagrun for example_branch_operator to 2026-07-20 00:00:00+00:00, run_after=2026-07-21 00:00:00+00:00
[2026-07-21T18:09:12.668+0000] {processor.py:183} INFO - Processing /home/airflow/.local/lib/python3.8/site-packages/airflow/example_dags/example_branch_operator.py took 0.124 seconds
[2026-07-21T18:09:43.388+0000] {processor.py:161} INFO - Started process (PID=169) to work on /home/airflow/.local/lib/python3.8/site-packages/airflow/example_dags/example_branch_operator.py
[2026-07-21T18:09:43.389+0000] {processor.py:830} INFO - Processing file /home/airflow/.local/lib/python3.8/site-packages/airflow/example_dags/example_branch_operator.py for tasks to queue
[2026-07-21T18:09:43.391+0000] {logging_mixin.py:188} INFO - [2026-07-21T18:09:43.391+0000] {dagbag.py:538} INFO - Filling up the DagBag from /home/airflow/.local/lib/python3.8/site-packages/airflow/example_dags/example_branch_operator.py
[2026-07-21T18:09:43.409+0000] {processor.py:840} INFO - DAG(s) 'example_branch_operator' retrieved from /home/airflow/.local/lib/python3.8/site-packages/airflow/example_dags/example_branch_operator.py
[2026-07-21T18:09:43.529+0000] {logging_mixin.py:188} INFO - [2026-07-21T18:09:43.529+0000] {dag.py:3036} INFO - Sync 1 DAGs
[2026-07-21T18:09:43.553+0000] {logging_mixin.py:188} INFO - [2026-07-21T18:09:43.552+0000] {dag.py:3823} INFO - Setting next_dagrun for example_branch_operator to 2026-07-20 00:00:00+00:00, run_after=2026-07-21 00:00:00+00:00
[2026-07-21T18:09:43.575+0000] {processor.py:183} INFO - Processing /home/airflow/.local/lib/python3.8/site-packages/airflow/example_dags/example_branch_operator.py took 0.191 seconds
[2026-07-21T18:10:14.351+0000] {processor.py:161} INFO - Started process (PID=225) to work on /home/airflow/.local/lib/python3.8/site-packages/airflow/example_dags/example_branch_operator.py
[2026-07-21T18:10:14.352+0000] {processor.py:830} INFO - Processing file /home/airflow/.local/lib/python3.8/site-packages/airflow/example_dags/example_branch_operator.py for tasks to queue
[2026-07-21T18:10:14.354+0000] {logging_mixin.py:188} INFO - [2026-07-21T18:10:14.353+0000] {dagbag.py:538} INFO - Filling up the DagBag from /home/airflow/.local/lib/python3.8/site-packages/airflow/example_dags/example_branch_operator.py
[2026-07-21T18:10:14.373+0000] {processor.py:840} INFO - DAG(s) 'example_branch_operator' retrieved from /home/airflow/.local/lib/python3.8/site-packages/airflow/example_dags/example_branch_operator.py
[2026-07-21T18:10:14.400+0000] {logging_mixin.py:188} INFO - [2026-07-21T18:10:14.399+0000] {dag.py:3036} INFO - Sync 1 DAGs
[2026-07-21T18:10:14.423+0000] {logging_mixin.py:188} INFO - [2026-07-21T18:10:14.423+0000] {dag.py:3823} INFO - Setting next_dagrun for example_branch_operator to 2026-07-20 00:00:00+00:00, run_after=2026-07-21 00:00:00+00:00
[2026-07-21T18:10:14.442+0000] {processor.py:183} INFO - Processing /home/airflow/.local/lib/python3.8/site-packages/airflow/example_dags/example_branch_operator.py took 0.095 seconds
[2026-07-21T18:10:44.585+0000] {processor.py:161} INFO - Started process (PID=281) to work on /home/airflow/.local/lib/python3.8/site-packages/airflow/example_dags/example_branch_operator.py
[2026-07-21T18:10:44.586+0000] {processor.py:830} INFO - Processing file /home/airflow/.local/lib/python3.8/site-packages/airflow/example_dags/example_branch_operator.py for tasks to queue
[2026-07-21T18:10:44.588+0000] {logging_mixin.py:188} INFO - [2026-07-21T18:10:44.588+0000] {dagbag.py:538} INFO - Filling up the DagBag from /home/airflow/.local/lib/python3.8/site-packages/airflow/example_dags/example_branch_operator.py
[2026-07-21T18:10:44.605+0000] {processor.py:840} INFO - DAG(s) 'example_branch_operator' retrieved from /home/airflow/.local/lib/python3.8/site-packages/airflow/example_dags/example_branch_operator.py
[2026-07-21T18:10:44.633+0000] {logging_mixin.py:188} INFO - [2026-07-21T18:10:44.633+0000] {dag.py:3036} INFO - Sync 1 DAGs
[2026-07-21T18:10:44.657+0000] {logging_mixin.py:188} INFO - [2026-07-21T18:10:44.657+0000] {dag.py:3823} INFO - Setting next_dagrun for example_branch_operator to 2026-07-20 00:00:00+00:00, run_after=2026-07-21 00:00:00+00:00
[2026-07-21T18:10:44.679+0000] {processor.py:183} INFO - Processing /home/airflow/.local/lib/python3.8/site-packages/airflow/example_dags/example_branch_operator.py took 0.098 seconds
[2026-07-21T18:11:15.029+0000] {processor.py:161} INFO - Started process (PID=337) to work on /home/airflow/.local/lib/python3.8/site-packages/airflow/example_dags/example_branch_operator.py
[2026-07-21T18:11:15.030+0000] {processor.py:830} INFO - Processing file /home/airflow/.local/lib/python3.8/site-packages/airflow/example_dags/example_branch_operator.py for tasks to queue
[2026-07-21T18:11:15.032+0000] {logging_mixin.py:188} INFO - [2026-07-21T18:11:15.032+0000] {dagbag.py:538} INFO - Filling up the DagBag from /home/airflow/.local/lib/python3.8/site-packages/airflow/example_dags/example_branch_operator.py
[2026-07-21T18:11:15.050+0000] {processor.py:840} INFO - DAG(s) 'example_branch_operator' retrieved from /home/airflow/.local/lib/python3.8/site-packages/airflow/example_dags/example_branch_operator.py
[2026-07-21T18:11:15.077+0000] {logging_mixin.py:188} INFO - [2026-07-21T18:11:15.077+0000] {dag.py:3036} INFO - Sync 1 DAGs
[2026-07-21T18:11:15.101+0000] {logging_mixin.py:188} INFO - [2026-07-21T18:11:15.101+0000] {dag.py:3823} INFO - Setting next_dagrun for example_branch_operator to 2026-07-20 00:00:00+00:00, run_after=2026-07-21 00:00:00+00:00
[2026-07-21T18:11:15.120+0000] {processor.py:183} INFO - Processing /home/airflow/.local/lib/python3.8/site-packages/airflow/example_dags/example_branch_operator.py took 0.095 seconds
[2026-07-21T18:11:45.500+0000] {processor.py:161} INFO - Started process (PID=393) to work on /home/airflow/.local/lib/python3.8/site-packages/airflow/example_dags/example_branch_operator.py
[2026-07-21T18:11:45.501+0000] {processor.py:830} INFO - Processing file /home/airflow/.local/lib/python3.8/site-packages/airflow/example_dags/example_branch_operator.py for tasks to queue
[2026-07-21T18:11:45.504+0000] {logging_mixin.py:188} INFO - [2026-07-21T18:11:45.503+0000] {dagbag.py:538} INFO - Filling up the DagBag from /home/airflow/.local/lib/python3.8/site-packages/airflow/example_dags/example_branch_operator.py
[2026-07-21T18:11:45.521+0000] {processor.py:840} INFO - DAG(s) 'example_branch_operator' retrieved from /home/airflow/.local/lib/python3.8/site-packages/airflow/example_dags/example_branch_operator.py
[2026-07-21T18:11:45.549+0000] {logging_mixin.py:188} INFO - [2026-07-21T18:11:45.549+0000] {dag.py:3036} INFO - Sync 1 DAGs
[2026-07-21T18:11:45.573+0000] {logging_mixin.py:188} INFO - [2026-07-21T18:11:45.573+0000] {dag.py:3823} INFO - Setting next_dagrun for example_branch_operator to 2026-07-20 00:00:00+00:00, run_after=2026-07-21 00:00:00+00:00
[2026-07-21T18:11:45.594+0000] {processor.py:183} INFO - Processing /home/airflow/.local/lib/python3.8/site-packages/airflow/example_dags/example_branch_operator.py took 0.098 seconds
[2026-07-21T18:12:16.094+0000] {processor.py:161} INFO - Started process (PID=449) to work on /home/airflow/.local/lib/python3.8/site-packages/airflow/example_dags/example_branch_operator.py
[2026-07-21T18:12:16.095+0000] {processor.py:830} INFO - Processing file /home/airflow/.local/lib/python3.8/site-packages/airflow/example_dags/example_branch_operator.py for tasks to queue
[2026-07-21T18:12:16.098+0000] {logging_mixin.py:188} INFO - [2026-07-21T18:12:16.097+0000] {dagbag.py:538} INFO - Filling up the DagBag from /home/airflow/.local/lib/python3.8/site-packages/airflow/example_dags/example_branch_operator.py
[2026-07-21T18:12:16.119+0000] {processor.py:840} INFO - DAG(s) 'example_branch_operator' retrieved from /home/airflow/.local/lib/python3.8/site-packages/airflow/example_dags/example_branch_operator.py
[2026-07-21T18:12:16.151+0000] {logging_mixin.py:188} INFO - [2026-07-21T18:12:16.150+0000] {dag.py:3036} INFO - Sync 1 DAGs
[2026-07-21T18:12:16.183+0000] {logging_mixin.py:188} INFO - [2026-07-21T18:12:16.182+0000] {dag.py:3823} INFO - Setting next_dagrun for example_branch_operator to 2026-07-20 00:00:00+00:00, run_after=2026-07-21 00:00:00+00:00
[2026-07-21T18:12:16.205+0000] {processor.py:183} INFO - Processing /home/airflow/.local/lib/python3.8/site-packages/airflow/example_dags/example_branch_operator.py took 0.115 seconds
[2026-07-21T18:12:47.025+0000] {processor.py:161} INFO - Started process (PID=505) to work on /home/airflow/.local/lib/python3.8/site-packages/airflow/example_dags/example_branch_operator.py
[2026-07-21T18:12:47.026+0000] {processor.py:830} INFO - Processing file /home/airflow/.local/lib/python3.8/site-packages/airflow/example_dags/example_branch_operator.py for tasks to queue
[2026-07-21T18:12:47.028+0000] {logging_mixin.py:188} INFO - [2026-07-21T18:12:47.028+0000] {dagbag.py:538} INFO - Filling up the DagBag from /home/airflow/.local/lib/python3.8/site-packages/airflow/example_dags/example_branch_operator.py
[2026-07-21T18:12:47.045+0000] {processor.py:840} INFO - DAG(s) 'example_branch_operator' retrieved from /home/airflow/.local/lib/python3.8/site-packages/airflow/example_dags/example_branch_operator.py
[2026-07-21T18:12:47.073+0000] {logging_mixin.py:188} INFO - [2026-07-21T18:12:47.073+0000] {dag.py:3036} INFO - Sync 1 DAGs
[2026-07-21T18:12:47.096+0000] {logging_mixin.py:188} INFO - [2026-07-21T18:12:47.095+0000] {dag.py:3823} INFO - Setting next_dagrun for example_branch_operator to 2026-07-20 00:00:00+00:00, run_after=2026-07-21 00:00:00+00:00
[2026-07-21T18:12:47.116+0000] {processor.py:183} INFO - Processing /home/airflow/.local/lib/python3.8/site-packages/airflow/example_dags/example_branch_operator.py took 0.095 seconds
[2026-07-21T18:13:17.747+0000] {processor.py:161} INFO - Started process (PID=561) to work on /home/airflow/.local/lib/python3.8/site-packages/airflow/example_dags/example_branch_operator.py
[2026-07-21T18:13:17.748+0000] {processor.py:830} INFO - Processing file /home/airflow/.local/lib/python3.8/site-packages/airflow/example_dags/example_branch_operator.py for tasks to queue
[2026-07-21T18:13:17.750+0000] {logging_mixin.py:188} INFO - [2026-07-21T18:13:17.750+0000] {dagbag.py:538} INFO - Filling up the DagBag from /home/airflow/.local/lib/python3.8/site-packages/airflow/example_dags/example_branch_operator.py
[2026-07-21T18:13:17.768+0000] {processor.py:840} INFO - DAG(s) 'example_branch_operator' retrieved from /home/airflow/.local/lib/python3.8/site-packages/airflow/example_dags/example_branch_operator.py
[2026-07-21T18:13:17.797+0000] {logging_mixin.py:188} INFO - [2026-07-21T18:13:17.797+0000] {dag.py:3036} INFO - Sync 1 DAGs
[2026-07-21T18:13:17.820+0000] {logging_mixin.py:188} INFO - [2026-07-21T18:13:17.819+0000] {dag.py:3823} INFO - Setting next_dagrun for example_branch_operator to 2026-07-20 00:00:00+00:00, run_after=2026-07-21 00:00:00+00:00
[2026-07-21T18:13:17.840+0000] {processor.py:183} INFO - Processing /home/airflow/.local/lib/python3.8/site-packages/airflow/example_dags/example_branch_operator.py took 0.097 seconds
[2026-07-21T18:13:48.242+0000] {processor.py:161} INFO - Started process (PID=617) to work on /home/airflow/.local/lib/python3.8/site-packages/airflow/example_dags/example_branch_operator.py
[2026-07-21T18:13:48.243+0000] {processor.py:830} INFO - Processing file /home/airflow/.local/lib/python3.8/site-packages/airflow/example_dags/example_branch_operator.py for tasks to queue
[2026-07-21T18:13:48.245+0000] {logging_mixin.py:188} INFO - [2026-07-21T18:13:48.245+0000] {dagbag.py:538} INFO - Filling up the DagBag from /home/airflow/.local/lib/python3.8/site-packages/airflow/example_dags/example_branch_operator.py
[2026-07-21T18:13:48.262+0000] {processor.py:840} INFO - DAG(s) 'example_branch_operator' retrieved from /home/airflow/.local/lib/python3.8/site-packages/airflow/example_dags/example_branch_operator.py
[2026-07-21T18:13:48.290+0000] {logging_mixin.py:188} INFO - [2026-07-21T18:13:48.290+0000] {dag.py:3036} INFO - Sync 1 DAGs
[2026-07-21T18:13:48.311+0000] {logging_mixin.py:188} INFO - [2026-07-21T18:13:48.311+0000] {dag.py:3823} INFO - Setting next_dagrun for example_branch_operator to 2026-07-20 00:00:00+00:00, run_after=2026-07-21 00:00:00+00:00
[2026-07-21T18:13:48.330+0000] {processor.py:183} INFO - Processing /home/airflow/.local/lib/python3.8/site-packages/airflow/example_dags/example_branch_operator.py took 0.092 seconds
[2026-07-21T18:14:19.234+0000] {processor.py:161} INFO - Started process (PID=673) to work on /home/airflow/.local/lib/python3.8/site-packages/airflow/example_dags/example_branch_operator.py
[2026-07-21T18:14:19.236+0000] {processor.py:830} INFO - Processing file /home/airflow/.local/lib/python3.8/site-packages/airflow/example_dags/example_branch_operator.py for tasks to queue
[2026-07-21T18:14:19.240+0000] {logging_mixin.py:188} INFO - [2026-07-21T18:14:19.240+0000] {dagbag.py:538} INFO - Filling up the DagBag from /home/airflow/.local/lib/python3.8/site-packages/airflow/example_dags/example_branch_operator.py
[2026-07-21T18:14:19.276+0000] {processor.py:840} INFO - DAG(s) 'example_branch_operator' retrieved from /home/airflow/.local/lib/python3.8/site-packages/airflow/example_dags/example_branch_operator.py
[2026-07-21T18:14:19.309+0000] {logging_mixin.py:188} INFO - [2026-07-21T18:14:19.308+0000] {dag.py:3036} INFO - Sync 1 DAGs
[2026-07-21T18:14:19.332+0000] {logging_mixin.py:188} INFO - [2026-07-21T18:14:19.332+0000] {dag.py:3823} INFO - Setting next_dagrun for example_branch_operator to 2026-07-20 00:00:00+00:00, run_after=2026-07-21 00:00:00+00:00
[2026-07-21T18:14:19.351+0000] {processor.py:183} INFO - Processing /home/airflow/.local/lib/python3.8/site-packages/airflow/example_dags/example_branch_operator.py took 0.123 seconds
[2026-07-21T18:14:50.345+0000] {processor.py:161} INFO - Started process (PID=730) to work on /home/airflow/.local/lib/python3.8/site-packages/airflow/example_dags/example_branch_operator.py
[2026-07-21T18:14:50.346+0000] {processor.py:830} INFO - Processing file /home/airflow/.local/lib/python3.8/site-packages/airflow/example_dags/example_branch_operator.py for tasks to queue
[2026-07-21T18:14:50.348+0000] {logging_mixin.py:188} INFO - [2026-07-21T18:14:50.348+0000] {dagbag.py:538} INFO - Filling up the DagBag from /home/airflow/.local/lib/python3.8/site-packages/airflow/example_dags/example_branch_operator.py
[2026-07-21T18:14:50.367+0000] {processor.py:840} INFO - DAG(s) 'example_branch_operator' retrieved from /home/airflow/.local/lib/python3.8/site-packages/airflow/example_dags/example_branch_operator.py
[2026-07-21T18:14:50.394+0000] {logging_mixin.py:188} INFO - [2026-07-21T18:14:50.394+0000] {dag.py:3036} INFO - Sync 1 DAGs
[2026-07-21T18:14:50.416+0000] {logging_mixin.py:188} INFO - [2026-07-21T18:14:50.416+0000] {dag.py:3823} INFO - Setting next_dagrun for example_branch_operator to 2026-07-20 00:00:00+00:00, run_after=2026-07-21 00:00:00+00:00
[2026-07-21T18:14:50.437+0000] {processor.py:183} INFO - Processing /home/airflow/.local/lib/python3.8/site-packages/airflow/example_dags/example_branch_operator.py took 0.096 seconds
[2026-07-21T18:15:21.076+0000] {processor.py:161} INFO - Started process (PID=786) to work on /home/airflow/.local/lib/python3.8/site-packages/airflow/example_dags/example_branch_operator.py
[2026-07-21T18:15:21.078+0000] {processor.py:830} INFO - Processing file /home/airflow/.local/lib/python3.8/site-packages/airflow/example_dags/example_branch_operator.py for tasks to queue
[2026-07-21T18:15:21.080+0000] {logging_mixin.py:188} INFO - [2026-07-21T18:15:21.080+0000] {dagbag.py:538} INFO - Filling up the DagBag from /home/airflow/.local/lib/python3.8/site-packages/airflow/example_dags/example_branch_operator.py
[2026-07-21T18:15:21.098+0000] {processor.py:840} INFO - DAG(s) 'example_branch_operator' retrieved from /home/airflow/.local/lib/python3.8/site-packages/airflow/example_dags/example_branch_operator.py
[2026-07-21T18:15:21.126+0000] {logging_mixin.py:188} INFO - [2026-07-21T18:15:21.125+0000] {dag.py:3036} INFO - Sync 1 DAGs
[2026-07-21T18:15:21.150+0000] {logging_mixin.py:188} INFO - [2026-07-21T18:15:21.150+0000] {dag.py:3823} INFO - Setting next_dagrun for example_branch_operator to 2026-07-20 00:00:00+00:00, run_after=2026-07-21 00:00:00+00:00
[2026-07-21T18:15:21.172+0000] {processor.py:183} INFO - Processing /home/airflow/.local/lib/python3.8/site-packages/airflow/example_dags/example_branch_operator.py took 0.100 seconds
[2026-07-21T18:15:51.866+0000] {processor.py:161} INFO - Started process (PID=842) to work on /home/airflow/.local/lib/python3.8/site-packages/airflow/example_dags/example_branch_operator.py
[2026-07-21T18:15:51.867+0000] {processor.py:830} INFO - Processing file /home/airflow/.local/lib/python3.8/site-packages/airflow/example_dags/example_branch_operator.py for tasks to queue
[2026-07-21T18:15:51.869+0000] {logging_mixin.py:188} INFO - [2026-07-21T18:15:51.869+0000] {dagbag.py:538} INFO - Filling up the DagBag from /home/airflow/.local/lib/python3.8/site-packages/airflow/example_dags/example_branch_operator.py
[2026-07-21T18:15:51.886+0000] {processor.py:840} INFO - DAG(s) 'example_branch_operator' retrieved from /home/airflow/.local/lib/python3.8/site-packages/airflow/example_dags/example_branch_operator.py
[2026-07-21T18:15:51.915+0000] {logging_mixin.py:188} INFO - [2026-07-21T18:15:51.914+0000] {dag.py:3036} INFO - Sync 1 DAGs
[2026-07-21T18:15:51.938+0000] {logging_mixin.py:188} INFO - [2026-07-21T18:15:51.937+0000] {dag.py:3823} INFO - Setting next_dagrun for example_branch_operator to 2026-07-20 00:00:00+00:00, run_after=2026-07-21 00:00:00+00:00
[2026-07-21T18:15:51.957+0000] {processor.py:183} INFO - Processing /home/airflow/.local/lib/python3.8/site-packages/airflow/example_dags/example_branch_operator.py took 0.095 seconds
[2026-07-21T18:16:22.605+0000] {processor.py:161} INFO - Started process (PID=898) to work on /home/airflow/.local/lib/python3.8/site-packages/airflow/example_dags/example_branch_operator.py
[2026-07-21T18:16:22.612+0000] {processor.py:830} INFO - Processing file /home/airflow/.local/lib/python3.8/site-packages/airflow/example_dags/example_branch_operator.py for tasks to queue
[2026-07-21T18:16:22.615+0000] {logging_mixin.py:188} INFO - [2026-07-21T18:16:22.614+0000] {dagbag.py:538} INFO - Filling up the DagBag from /home/airflow/.local/lib/python3.8/site-packages/airflow/example_dags/example_branch_operator.py
[2026-07-21T18:16:22.644+0000] {processor.py:840} INFO - DAG(s) 'example_branch_operator' retrieved from /home/airflow/.local/lib/python3.8/site-packages/airflow/example_dags/example_branch_operator.py
[2026-07-21T18:16:22.677+0000] {logging_mixin.py:188} INFO - [2026-07-21T18:16:22.677+0000] {dag.py:3036} INFO - Sync 1 DAGs
[2026-07-21T18:16:22.700+0000] {logging_mixin.py:188} INFO - [2026-07-21T18:16:22.700+0000] {dag.py:3823} INFO - Setting next_dagrun for example_branch_operator to 2026-07-20 00:00:00+00:00, run_after=2026-07-21 00:00:00+00:00
[2026-07-21T18:16:22.720+0000] {processor.py:183} INFO - Processing /home/airflow/.local/lib/python3.8/site-packages/airflow/example_dags/example_branch_operator.py took 0.120 seconds
[2026-07-21T18:16:52.858+0000] {processor.py:161} INFO - Started process (PID=954) to work on /home/airflow/.local/lib/python3.8/site-packages/airflow/example_dags/example_branch_operator.py
[2026-07-21T18:16:52.859+0000] {processor.py:830} INFO - Processing file /home/airflow/.local/lib/python3.8/site-packages/airflow/example_dags/example_branch_operator.py for tasks to queue
[2026-07-21T18:16:52.862+0000] {logging_mixin.py:188} INFO - [2026-07-21T18:16:52.861+0000] {dagbag.py:538} INFO - Filling up the DagBag from /home/airflow/.local/lib/python3.8/site-packages/airflow/example_dags/example_branch_operator.py
[2026-07-21T18:16:52.879+0000] {processor.py:840} INFO - DAG(s) 'example_branch_operator' retrieved from /home/airflow/.local/lib/python3.8/site-packages/airflow/example_dags/example_branch_operator.py
[2026-07-21T18:16:52.907+0000] {logging_mixin.py:188} INFO - [2026-07-21T18:16:52.907+0000] {dag.py:3036} INFO - Sync 1 DAGs
[2026-07-21T18:16:52.930+0000] {logging_mixin.py:188} INFO - [2026-07-21T18:16:52.930+0000] {dag.py:3823} INFO - Setting next_dagrun for example_branch_operator to 2026-07-20 00:00:00+00:00, run_after=2026-07-21 00:00:00+00:00
[2026-07-21T18:16:52.950+0000] {processor.py:183} INFO - Processing /home/airflow/.local/lib/python3.8/site-packages/airflow/example_dags/example_branch_operator.py took 0.096 seconds
[2026-07-21T18:17:23.167+0000] {processor.py:161} INFO - Started process (PID=1010) to work on /home/airflow/.local/lib/python3.8/site-packages/airflow/example_dags/example_branch_operator.py
[2026-07-21T18:17:23.168+0000] {processor.py:830} INFO - Processing file /home/airflow/.local/lib/python3.8/site-packages/airflow/example_dags/example_branch_operator.py for tasks to queue
[2026-07-21T18:17:23.171+0000] {logging_mixin.py:188} INFO - [2026-07-21T18:17:23.171+0000] {dagbag.py:538} INFO - Filling up the DagBag from /home/airflow/.local/lib/python3.8/site-packages/airflow/example_dags/example_branch_operator.py
[2026-07-21T18:17:23.191+0000] {processor.py:840} INFO - DAG(s) 'example_branch_operator' retrieved from /home/airflow/.local/lib/python3.8/site-packages/airflow/example_dags/example_branch_operator.py
[2026-07-21T18:17:23.220+0000] {logging_mixin.py:188} INFO - [2026-07-21T18:17:23.220+0000] {dag.py:3036} INFO - Sync 1 DAGs
[2026-07-21T18:17:23.244+0000] {logging_mixin.py:188} INFO - [2026-07-21T18:17:23.244+0000] {dag.py:3823} INFO - Setting next_dagrun for example_branch_operator to 2026-07-20 00:00:00+00:00, run_after=2026-07-21 00:00:00+00:00
[2026-07-21T18:17:23.266+0000] {processor.py:183} INFO - Processing /home/airflow/.local/lib/python3.8/site-packages/airflow/example_dags/example_branch_operator.py took 0.104 seconds
[2026-07-21T18:17:54.074+0000] {processor.py:161} INFO - Started process (PID=1066) to work on /home/airflow/.local/lib/python3.8/site-packages/airflow/example_dags/example_branch_operator.py
[2026-07-21T18:17:54.075+0000] {processor.py:830} INFO - Processing file /home/airflow/.local/lib/python3.8/site-packages/airflow/example_dags/example_branch_operator.py for tasks to queue
[2026-07-21T18:17:54.077+0000] {logging_mixin.py:188} INFO - [2026-07-21T18:17:54.077+0000] {dagbag.py:538} INFO - Filling up the DagBag from /home/airflow/.local/lib/python3.8/site-packages/airflow/example_dags/example_branch_operator.py
[2026-07-21T18:17:54.094+0000] {processor.py:840} INFO - DAG(s) 'example_branch_operator' retrieved from /home/airflow/.local/lib/python3.8/site-packages/airflow/example_dags/example_branch_operator.py
[2026-07-21T18:17:54.121+0000] {logging_mixin.py:188} INFO - [2026-07-21T18:17:54.121+0000] {dag.py:3036} INFO - Sync 1 DAGs
[2026-07-21T18:17:54.141+0000] {logging_mixin.py:188} INFO - [2026-07-21T18:17:54.141+0000] {dag.py:3823} INFO - Setting next_dagrun for example_branch_operator to 2026-07-20 00:00:00+00:00, run_after=2026-07-21 00:00:00+00:00
[2026-07-21T18:17:54.161+0000] {processor.py:183} INFO - Processing /home/airflow/.local/lib/python3.8/site-packages/airflow/example_dags/example_branch_operator.py took 0.091 seconds
[2026-07-21T18:18:25.061+0000] {processor.py:161} INFO - Started process (PID=1122) to work on /home/airflow/.local/lib/python3.8/site-packages/airflow/example_dags/example_branch_operator.py
[2026-07-21T18:18:25.062+0000] {processor.py:830} INFO - Processing file /home/airflow/.local/lib/python3.8/site-packages/airflow/example_dags/example_branch_operator.py for tasks to queue
[2026-07-21T18:18:25.064+0000] {logging_mixin.py:188} INFO - [2026-07-21T18:18:25.064+0000] {dagbag.py:538} INFO - Filling up the DagBag from /home/airflow/.local/lib/python3.8/site-packages/airflow/example_dags/example_branch_operator.py
[2026-07-21T18:18:25.081+0000] {processor.py:840} INFO - DAG(s) 'example_branch_operator' retrieved from /home/airflow/.local/lib/python3.8/site-packages/airflow/example_dags/example_branch_operator.py
[2026-07-21T18:18:25.109+0000] {logging_mixin.py:188} INFO - [2026-07-21T18:18:25.109+0000] {dag.py:3036} INFO - Sync 1 DAGs
[2026-07-21T18:18:25.131+0000] {logging_mixin.py:188} INFO - [2026-07-21T18:18:25.131+0000] {dag.py:3823} INFO - Setting next_dagrun for example_branch_operator to 2026-07-20 00:00:00+00:00, run_after=2026-07-21 00:00:00+00:00
[2026-07-21T18:18:25.152+0000] {processor.py:183} INFO - Processing /home/airflow/.local/lib/python3.8/site-packages/airflow/example_dags/example_branch_operator.py took 0.094 seconds
[2026-07-21T18:18:56.017+0000] {processor.py:161} INFO - Started process (PID=1178) to work on /home/airflow/.local/lib/python3.8/site-packages/airflow/example_dags/example_branch_operator.py
[2026-07-21T18:18:56.018+0000] {processor.py:830} INFO - Processing file /home/airflow/.local/lib/python3.8/site-packages/airflow/example_dags/example_branch_operator.py for tasks to queue
[2026-07-21T18:18:56.020+0000] {logging_mixin.py:188} INFO - [2026-07-21T18:18:56.020+0000] {dagbag.py:538} INFO - Filling up the DagBag from /home/airflow/.local/lib/python3.8/site-packages/airflow/example_dags/example_branch_operator.py
[2026-07-21T18:18:56.036+0000] {processor.py:840} INFO - DAG(s) 'example_branch_operator' retrieved from /home/airflow/.local/lib/python3.8/site-packages/airflow/example_dags/example_branch_operator.py
[2026-07-21T18:18:56.068+0000] {logging_mixin.py:188} INFO - [2026-07-21T18:18:56.068+0000] {dag.py:3036} INFO - Sync 1 DAGs
[2026-07-21T18:18:56.091+0000] {logging_mixin.py:188} INFO - [2026-07-21T18:18:56.091+0000] {dag.py:3823} INFO - Setting next_dagrun for example_branch_operator to 2026-07-20 00:00:00+00:00, run_after=2026-07-21 00:00:00+00:00
[2026-07-21T18:18:56.281+0000] {processor.py:183} INFO - Processing /home/airflow/.local/lib/python3.8/site-packages/airflow/example_dags/example_branch_operator.py took 0.268 seconds
[2026-07-21T18:19:26.781+0000] {processor.py:161} INFO - Started process (PID=1234) to work on /home/airflow/.local/lib/python3.8/site-packages/airflow/example_dags/example_branch_operator.py
[2026-07-21T18:19:26.783+0000] {processor.py:830} INFO - Processing file /home/airflow/.local/lib/python3.8/site-packages/airflow/example_dags/example_branch_operator.py for tasks to queue
[2026-07-21T18:19:26.785+0000] {logging_mixin.py:188} INFO - [2026-07-21T18:19:26.784+0000] {dagbag.py:538} INFO - Filling up the DagBag from /home/airflow/.local/lib/python3.8/site-packages/airflow/example_dags/example_branch_operator.py
[2026-07-21T18:19:26.801+0000] {processor.py:840} INFO - DAG(s) 'example_branch_operator' retrieved from /home/airflow/.local/lib/python3.8/site-packages/airflow/example_dags/example_branch_operator.py
[2026-07-21T18:19:26.828+0000] {logging_mixin.py:188} INFO - [2026-07-21T18:19:26.828+0000] {dag.py:3036} INFO - Sync 1 DAGs
[2026-07-21T18:19:26.849+0000] {logging_mixin.py:188} INFO - [2026-07-21T18:19:26.849+0000] {dag.py:3823} INFO - Setting next_dagrun for example_branch_operator to 2026-07-20 00:00:00+00:00, run_after=2026-07-21 00:00:00+00:00
[2026-07-21T18:19:26.869+0000] {processor.py:183} INFO - Processing /home/airflow/.local/lib/python3.8/site-packages/airflow/example_dags/example_branch_operator.py took 0.091 seconds
[2026-07-21T18:19:57.168+0000] {processor.py:161} INFO - Started process (PID=1290) to work on /home/airflow/.local/lib/python3.8/site-packages/airflow/example_dags/example_branch_operator.py
[2026-07-21T18:19:57.170+0000] {processor.py:830} INFO - Processing file /home/airflow/.local/lib/python3.8/site-packages/airflow/example_dags/example_branch_operator.py for tasks to queue
[2026-07-21T18:19:57.172+0000] {logging_mixin.py:188} INFO - [2026-07-21T18:19:57.172+0000] {dagbag.py:538} INFO - Filling up the DagBag from /home/airflow/.local/lib/python3.8/site-packages/airflow/example_dags/example_branch_operator.py
[2026-07-21T18:19:57.192+0000] {processor.py:840} INFO - DAG(s) 'example_branch_operator' retrieved from /home/airflow/.local/lib/python3.8/site-packages/airflow/example_dags/example_branch_operator.py
[2026-07-21T18:19:57.221+0000] {logging_mixin.py:188} INFO - [2026-07-21T18:19:57.221+0000] {dag.py:3036} INFO - Sync 1 DAGs
[2026-07-21T18:19:57.243+0000] {logging_mixin.py:188} INFO - [2026-07-21T18:19:57.243+0000] {dag.py:3823} INFO - Setting next_dagrun for example_branch_operator to 2026-07-20 00:00:00+00:00, run_after=2026-07-21 00:00:00+00:00
[2026-07-21T18:19:57.264+0000] {processor.py:183} INFO - Processing /home/airflow/.local/lib/python3.8/site-packages/airflow/example_dags/example_branch_operator.py took 0.100 seconds
[2026-07-21T18:20:27.791+0000] {processor.py:161} INFO - Started process (PID=1346) to work on /home/airflow/.local/lib/python3.8/site-packages/airflow/example_dags/example_branch_operator.py
[2026-07-21T18:20:27.793+0000] {processor.py:830} INFO - Processing file /home/airflow/.local/lib/python3.8/site-packages/airflow/example_dags/example_branch_operator.py for tasks to queue
[2026-07-21T18:20:27.795+0000] {logging_mixin.py:188} INFO - [2026-07-21T18:20:27.794+0000] {dagbag.py:538} INFO - Filling up the DagBag from /home/airflow/.local/lib/python3.8/site-packages/airflow/example_dags/example_branch_operator.py
[2026-07-21T18:20:27.812+0000] {processor.py:840} INFO - DAG(s) 'example_branch_operator' retrieved from /home/airflow/.local/lib/python3.8/site-packages/airflow/example_dags/example_branch_operator.py
[2026-07-21T18:20:27.839+0000] {logging_mixin.py:188} INFO - [2026-07-21T18:20:27.838+0000] {dag.py:3036} INFO - Sync 1 DAGs
[2026-07-21T18:20:27.863+0000] {logging_mixin.py:188} INFO - [2026-07-21T18:20:27.863+0000] {dag.py:3823} INFO - Setting next_dagrun for example_branch_operator to 2026-07-20 00:00:00+00:00, run_after=2026-07-21 00:00:00+00:00
[2026-07-21T18:20:27.887+0000] {processor.py:183} INFO - Processing /home/airflow/.local/lib/python3.8/site-packages/airflow/example_dags/example_branch_operator.py took 0.099 seconds
[2026-07-21T18:20:58.275+0000] {processor.py:161} INFO - Started process (PID=1402) to work on /home/airflow/.local/lib/python3.8/site-packages/airflow/example_dags/example_branch_operator.py
[2026-07-21T18:20:58.276+0000] {processor.py:830} INFO - Processing file /home/airflow/.local/lib/python3.8/site-packages/airflow/example_dags/example_branch_operator.py for tasks to queue
[2026-07-21T18:20:58.278+0000] {logging_mixin.py:188} INFO - [2026-07-21T18:20:58.278+0000] {dagbag.py:538} INFO - Filling up the DagBag from /home/airflow/.local/lib/python3.8/site-packages/airflow/example_dags/example_branch_operator.py
[2026-07-21T18:20:58.295+0000] {processor.py:840} INFO - DAG(s) 'example_branch_operator' retrieved from /home/airflow/.local/lib/python3.8/site-packages/airflow/example_dags/example_branch_operator.py
[2026-07-21T18:20:58.323+0000] {logging_mixin.py:188} INFO - [2026-07-21T18:20:58.323+0000] {dag.py:3036} INFO - Sync 1 DAGs
[2026-07-21T18:20:58.343+0000] {logging_mixin.py:188} INFO - [2026-07-21T18:20:58.343+0000] {dag.py:3823} INFO - Setting next_dagrun for example_branch_operator to 2026-07-20 00:00:00+00:00, run_after=2026-07-21 00:00:00+00:00
[2026-07-21T18:20:58.362+0000] {processor.py:183} INFO - Processing /home/airflow/.local/lib/python3.8/site-packages/airflow/example_dags/example_branch_operator.py took 0.091 seconds
[2026-07-21T18:21:29.394+0000] {processor.py:161} INFO - Started process (PID=1458) to work on /home/airflow/.local/lib/python3.8/site-packages/airflow/example_dags/example_branch_operator.py
[2026-07-21T18:21:29.395+0000] {processor.py:830} INFO - Processing file /home/airflow/.local/lib/python3.8/site-packages/airflow/example_dags/example_branch_operator.py for tasks to queue
[2026-07-21T18:21:29.397+0000] {logging_mixin.py:188} INFO - [2026-07-21T18:21:29.397+0000] {dagbag.py:538} INFO - Filling up the DagBag from /home/airflow/.local/lib/python3.8/site-packages/airflow/example_dags/example_branch_operator.py
[2026-07-21T18:21:29.417+0000] {processor.py:840} INFO - DAG(s) 'example_branch_operator' retrieved from /home/airflow/.local/lib/python3.8/site-packages/airflow/example_dags/example_branch_operator.py
[2026-07-21T18:21:29.454+0000] {logging_mixin.py:188} INFO - [2026-07-21T18:21:29.454+0000] {dag.py:3036} INFO - Sync 1 DAGs
[2026-07-21T18:21:29.675+0000] {logging_mixin.py:188} INFO - [2026-07-21T18:21:29.675+0000] {dag.py:3823} INFO - Setting next_dagrun for example_branch_operator to 2026-07-20 00:00:00+00:00, run_after=2026-07-21 00:00:00+00:00
[2026-07-21T18:21:29.695+0000] {processor.py:183} INFO - Processing /home/airflow/.local/lib/python3.8/site-packages/airflow/example_dags/example_branch_operator.py took 0.305 seconds
[2026-07-21T18:21:59.773+0000] {processor.py:161} INFO - Started process (PID=1514) to work on /home/airflow/.local/lib/python3.8/site-packages/airflow/example_dags/example_branch_operator.py
[2026-07-21T18:21:59.774+0000] {processor.py:830} INFO - Processing file /home/airflow/.local/lib/python3.8/site-packages/airflow/example_dags/example_branch_operator.py for tasks to queue
[2026-07-21T18:21:59.776+0000] {logging_mixin.py:188} INFO - [2026-07-21T18:21:59.776+0000] {dagbag.py:538} INFO - Filling up the DagBag from /home/airflow/.local/lib/python3.8/site-packages/airflow/example_dags/example_branch_operator.py
[2026-07-21T18:21:59.793+0000] {processor.py:840} INFO - DAG(s) 'example_branch_operator' retrieved from /home/airflow/.local/lib/python3.8/site-packages/airflow/example_dags/example_branch_operator.py
[2026-07-21T18:21:59.820+0000] {logging_mixin.py:188} INFO - [2026-07-21T18:21:59.819+0000] {dag.py:3036} INFO - Sync 1 DAGs
[2026-07-21T18:21:59.843+0000] {logging_mixin.py:188} INFO - [2026-07-21T18:21:59.843+0000] {dag.py:3823} INFO - Setting next_dagrun for example_branch_operator to 2026-07-20 00:00:00+00:00, run_after=2026-07-21 00:00:00+00:00
[2026-07-21T18:22:00.012+0000] {processor.py:183} INFO - Processing /home/airflow/.local/lib/python3.8/site-packages/airflow/example_dags/example_branch_operator.py took 0.242 seconds
[2026-07-21T18:22:30.503+0000] {processor.py:161} INFO - Started process (PID=1570) to work on /home/airflow/.local/lib/python3.8/site-packages/airflow/example_dags/example_branch_operator.py
[2026-07-21T18:22:30.504+0000] {processor.py:830} INFO - Processing file /home/airflow/.local/lib/python3.8/site-packages/airflow/example_dags/example_branch_operator.py for tasks to queue
[2026-07-21T18:22:30.506+0000] {logging_mixin.py:188} INFO - [2026-07-21T18:22:30.506+0000] {dagbag.py:538} INFO - Filling up the DagBag from /home/airflow/.local/lib/python3.8/site-packages/airflow/example_dags/example_branch_operator.py
[2026-07-21T18:22:30.523+0000] {processor.py:840} INFO - DAG(s) 'example_branch_operator' retrieved from /home/airflow/.local/lib/python3.8/site-packages/airflow/example_dags/example_branch_operator.py
[2026-07-21T18:22:30.551+0000] {logging_mixin.py:188} INFO - [2026-07-21T18:22:30.550+0000] {dag.py:3036} INFO - Sync 1 DAGs
[2026-07-21T18:22:30.570+0000] {logging_mixin.py:188} INFO - [2026-07-21T18:22:30.570+0000] {dag.py:3823} INFO - Setting next_dagrun for example_branch_operator to 2026-07-20 00:00:00+00:00, run_after=2026-07-21 00:00:00+00:00
[2026-07-21T18:22:30.588+0000] {processor.py:183} INFO - Processing /home/airflow/.local/lib/python3.8/site-packages/airflow/example_dags/example_branch_operator.py took 0.090 seconds
[2026-07-21T18:23:01.920+0000] {processor.py:161} INFO - Started process (PID=1626) to work on /home/airflow/.local/lib/python3.8/site-packages/airflow/example_dags/example_branch_operator.py
[2026-07-21T18:23:01.922+0000] {processor.py:830} INFO - Processing file /home/airflow/.local/lib/python3.8/site-packages/airflow/example_dags/example_branch_operator.py for tasks to queue
[2026-07-21T18:23:01.924+0000] {logging_mixin.py:188} INFO - [2026-07-21T18:23:01.923+0000] {dagbag.py:538} INFO - Filling up the DagBag from /home/airflow/.local/lib/python3.8/site-packages/airflow/example_dags/example_branch_operator.py
[2026-07-21T18:23:01.940+0000] {processor.py:840} INFO - DAG(s) 'example_branch_operator' retrieved from /home/airflow/.local/lib/python3.8/site-packages/airflow/example_dags/example_branch_operator.py
[2026-07-21T18:23:01.968+0000] {logging_mixin.py:188} INFO - [2026-07-21T18:23:01.968+0000] {dag.py:3036} INFO - Sync 1 DAGs
[2026-07-21T18:23:01.989+0000] {logging_mixin.py:188} INFO - [2026-07-21T18:23:01.989+0000] {dag.py:3823} INFO - Setting next_dagrun for example_branch_operator to 2026-07-20 00:00:00+00:00, run_after=2026-07-21 00:00:00+00:00
[2026-07-21T18:23:02.010+0000] {processor.py:183} INFO - Processing /home/airflow/.local/lib/python3.8/site-packages/airflow/example_dags/example_branch_operator.py took 0.093 seconds
[2026-07-21T18:23:33.053+0000] {processor.py:161} INFO - Started process (PID=1682) to work on /home/airflow/.local/lib/python3.8/site-packages/airflow/example_dags/example_branch_operator.py
[2026-07-21T18:23:33.054+0000] {processor.py:830} INFO - Processing file /home/airflow/.local/lib/python3.8/site-packages/airflow/example_dags/example_branch_operator.py for tasks to queue
[2026-07-21T18:23:33.057+0000] {logging_mixin.py:188} INFO - [2026-07-21T18:23:33.057+0000] {dagbag.py:538} INFO - Filling up the DagBag from /home/airflow/.local/lib/python3.8/site-packages/airflow/example_dags/example_branch_operator.py
[2026-07-21T18:23:33.074+0000] {processor.py:840} INFO - DAG(s) 'example_branch_operator' retrieved from /home/airflow/.local/lib/python3.8/site-packages/airflow/example_dags/example_branch_operator.py
[2026-07-21T18:23:33.260+0000] {logging_mixin.py:188} INFO - [2026-07-21T18:23:33.259+0000] {dag.py:3036} INFO - Sync 1 DAGs
[2026-07-21T18:23:33.282+0000] {logging_mixin.py:188} INFO - [2026-07-21T18:23:33.282+0000] {dag.py:3823} INFO - Setting next_dagrun for example_branch_operator to 2026-07-20 00:00:00+00:00, run_after=2026-07-21 00:00:00+00:00
[2026-07-21T18:23:33.301+0000] {processor.py:183} INFO - Processing /home/airflow/.local/lib/python3.8/site-packages/airflow/example_dags/example_branch_operator.py took 0.251 seconds
[2026-07-21T18:24:03.720+0000] {processor.py:161} INFO - Started process (PID=1738) to work on /home/airflow/.local/lib/python3.8/site-packages/airflow/example_dags/example_branch_operator.py
[2026-07-21T18:24:03.721+0000] {processor.py:830} INFO - Processing file /home/airflow/.local/lib/python3.8/site-packages/airflow/example_dags/example_branch_operator.py for tasks to queue
[2026-07-21T18:24:03.724+0000] {logging_mixin.py:188} INFO - [2026-07-21T18:24:03.724+0000] {dagbag.py:538} INFO - Filling up the DagBag from /home/airflow/.local/lib/python3.8/site-packages/airflow/example_dags/example_branch_operator.py
[2026-07-21T18:24:03.746+0000] {processor.py:840} INFO - DAG(s) 'example_branch_operator' retrieved from /home/airflow/.local/lib/python3.8/site-packages/airflow/example_dags/example_branch_operator.py
[2026-07-21T18:24:03.776+0000] {logging_mixin.py:188} INFO - [2026-07-21T18:24:03.776+0000] {dag.py:3036} INFO - Sync 1 DAGs
[2026-07-21T18:24:03.800+0000] {logging_mixin.py:188} INFO - [2026-07-21T18:24:03.800+0000] {dag.py:3823} INFO - Setting next_dagrun for example_branch_operator to 2026-07-20 00:00:00+00:00, run_after=2026-07-21 00:00:00+00:00
[2026-07-21T18:24:03.824+0000] {processor.py:183} INFO - Processing /home/airflow/.local/lib/python3.8/site-packages/airflow/example_dags/example_branch_operator.py took 0.108 seconds
[2026-07-21T18:24:33.980+0000] {processor.py:161} INFO - Started process (PID=1794) to work on /home/airflow/.local/lib/python3.8/site-packages/airflow/example_dags/example_branch_operator.py
[2026-07-21T18:24:33.982+0000] {processor.py:830} INFO - Processing file /home/airflow/.local/lib/python3.8/site-packages/airflow/example_dags/example_branch_operator.py for tasks to queue
[2026-07-21T18:24:33.984+0000] {logging_mixin.py:188} INFO - [2026-07-21T18:24:33.984+0000] {dagbag.py:538} INFO - Filling up the DagBag from /home/airflow/.local/lib/python3.8/site-packages/airflow/example_dags/example_branch_operator.py
[2026-07-21T18:24:34.006+0000] {processor.py:840} INFO - DAG(s) 'example_branch_operator' retrieved from /home/airflow/.local/lib/python3.8/site-packages/airflow/example_dags/example_branch_operator.py
[2026-07-21T18:24:34.043+0000] {logging_mixin.py:188} INFO - [2026-07-21T18:24:34.043+0000] {dag.py:3036} INFO - Sync 1 DAGs
[2026-07-21T18:24:34.069+0000] {logging_mixin.py:188} INFO - [2026-07-21T18:24:34.069+0000] {dag.py:3823} INFO - Setting next_dagrun for example_branch_operator to 2026-07-20 00:00:00+00:00, run_after=2026-07-21 00:00:00+00:00
[2026-07-21T18:24:34.091+0000] {processor.py:183} INFO - Processing /home/airflow/.local/lib/python3.8/site-packages/airflow/example_dags/example_branch_operator.py took 0.116 seconds
[2026-07-21T18:25:04.345+0000] {processor.py:161} INFO - Started process (PID=1850) to work on /home/airflow/.local/lib/python3.8/site-packages/airflow/example_dags/example_branch_operator.py
[2026-07-21T18:25:04.346+0000] {processor.py:830} INFO - Processing file /home/airflow/.local/lib/python3.8/site-packages/airflow/example_dags/example_branch_operator.py for tasks to queue
[2026-07-21T18:25:04.349+0000] {logging_mixin.py:188} INFO - [2026-07-21T18:25:04.349+0000] {dagbag.py:538} INFO - Filling up the DagBag from /home/airflow/.local/lib/python3.8/site-packages/airflow/example_dags/example_branch_operator.py
[2026-07-21T18:25:04.369+0000] {processor.py:840} INFO - DAG(s) 'example_branch_operator' retrieved from /home/airflow/.local/lib/python3.8/site-packages/airflow/example_dags/example_branch_operator.py
[2026-07-21T18:25:04.403+0000] {logging_mixin.py:188} INFO - [2026-07-21T18:25:04.403+0000] {dag.py:3036} INFO - Sync 1 DAGs
[2026-07-21T18:25:04.427+0000] {logging_mixin.py:188} INFO - [2026-07-21T18:25:04.426+0000] {dag.py:3823} INFO - Setting next_dagrun for example_branch_operator to 2026-07-20 00:00:00+00:00, run_after=2026-07-21 00:00:00+00:00
[2026-07-21T18:25:04.446+0000] {processor.py:183} INFO - Processing /home/airflow/.local/lib/python3.8/site-packages/airflow/example_dags/example_branch_operator.py took 0.105 seconds
[2026-07-21T18:25:35.517+0000] {processor.py:161} INFO - Started process (PID=1906) to work on /home/airflow/.local/lib/python3.8/site-packages/airflow/example_dags/example_branch_operator.py
[2026-07-21T18:25:35.519+0000] {processor.py:830} INFO - Processing file /home/airflow/.local/lib/python3.8/site-packages/airflow/example_dags/example_branch_operator.py for tasks to queue
[2026-07-21T18:25:35.521+0000] {logging_mixin.py:188} INFO - [2026-07-21T18:25:35.521+0000] {dagbag.py:538} INFO - Filling up the DagBag from /home/airflow/.local/lib/python3.8/site-packages/airflow/example_dags/example_branch_operator.py
[2026-07-21T18:25:35.541+0000] {processor.py:840} INFO - DAG(s) 'example_branch_operator' retrieved from /home/airflow/.local/lib/python3.8/site-packages/airflow/example_dags/example_branch_operator.py
[2026-07-21T18:25:35.570+0000] {logging_mixin.py:188} INFO - [2026-07-21T18:25:35.569+0000] {dag.py:3036} INFO - Sync 1 DAGs
[2026-07-21T18:25:35.592+0000] {logging_mixin.py:188} INFO - [2026-07-21T18:25:35.592+0000] {dag.py:3823} INFO - Setting next_dagrun for example_branch_operator to 2026-07-20 00:00:00+00:00, run_after=2026-07-21 00:00:00+00:00
[2026-07-21T18:25:35.612+0000] {processor.py:183} INFO - Processing /home/airflow/.local/lib/python3.8/site-packages/airflow/example_dags/example_branch_operator.py took 0.099 seconds
[2026-07-21T18:26:06.237+0000] {processor.py:161} INFO - Started process (PID=1962) to work on /home/airflow/.local/lib/python3.8/site-packages/airflow/example_dags/example_branch_operator.py
[2026-07-21T18:26:06.238+0000] {processor.py:830} INFO - Processing file /home/airflow/.local/lib/python3.8/site-packages/airflow/example_dags/example_branch_operator.py for tasks to queue
[2026-07-21T18:26:06.241+0000] {logging_mixin.py:188} INFO - [2026-07-21T18:26:06.240+0000] {dagbag.py:538} INFO - Filling up the DagBag from /home/airflow/.local/lib/python3.8/site-packages/airflow/example_dags/example_branch_operator.py
[2026-07-21T18:26:06.260+0000] {processor.py:840} INFO - DAG(s) 'example_branch_operator' retrieved from /home/airflow/.local/lib/python3.8/site-packages/airflow/example_dags/example_branch_operator.py
[2026-07-21T18:26:06.292+0000] {logging_mixin.py:188} INFO - [2026-07-21T18:26:06.292+0000] {dag.py:3036} INFO - Sync 1 DAGs
[2026-07-21T18:26:06.315+0000] {logging_mixin.py:188} INFO - [2026-07-21T18:26:06.315+0000] {dag.py:3823} INFO - Setting next_dagrun for example_branch_operator to 2026-07-20 00:00:00+00:00, run_after=2026-07-21 00:00:00+00:00
[2026-07-21T18:26:06.336+0000] {processor.py:183} INFO - Processing /home/airflow/.local/lib/python3.8/site-packages/airflow/example_dags/example_branch_operator.py took 0.102 seconds
[2026-07-21T18:26:36.936+0000] {processor.py:161} INFO - Started process (PID=2018) to work on /home/airflow/.local/lib/python3.8/site-packages/airflow/example_dags/example_branch_operator.py
[2026-07-21T18:26:36.937+0000] {processor.py:830} INFO - Processing file /home/airflow/.local/lib/python3.8/site-packages/airflow/example_dags/example_branch_operator.py for tasks to queue
[2026-07-21T18:26:36.939+0000] {logging_mixin.py:188} INFO - [2026-07-21T18:26:36.939+0000] {dagbag.py:538} INFO - Filling up the DagBag from /home/airflow/.local/lib/python3.8/site-packages/airflow/example_dags/example_branch_operator.py
[2026-07-21T18:26:36.958+0000] {processor.py:840} INFO - DAG(s) 'example_branch_operator' retrieved from /home/airflow/.local/lib/python3.8/site-packages/airflow/example_dags/example_branch_operator.py
[2026-07-21T18:26:36.986+0000] {logging_mixin.py:188} INFO - [2026-07-21T18:26:36.986+0000] {dag.py:3036} INFO - Sync 1 DAGs
[2026-07-21T18:26:37.010+0000] {logging_mixin.py:188} INFO - [2026-07-21T18:26:37.010+0000] {dag.py:3823} INFO - Setting next_dagrun for example_branch_operator to 2026-07-20 00:00:00+00:00, run_after=2026-07-21 00:00:00+00:00
[2026-07-21T18:26:37.031+0000] {processor.py:183} INFO - Processing /home/airflow/.local/lib/python3.8/site-packages/airflow/example_dags/example_branch_operator.py took 0.100 seconds
[2026-07-21T18:27:07.319+0000] {processor.py:161} INFO - Started process (PID=2074) to work on /home/airflow/.local/lib/python3.8/site-packages/airflow/example_dags/example_branch_operator.py
[2026-07-21T18:27:07.321+0000] {processor.py:830} INFO - Processing file /home/airflow/.local/lib/python3.8/site-packages/airflow/example_dags/example_branch_operator.py for tasks to queue
[2026-07-21T18:27:07.324+0000] {logging_mixin.py:188} INFO - [2026-07-21T18:27:07.323+0000] {dagbag.py:538} INFO - Filling up the DagBag from /home/airflow/.local/lib/python3.8/site-packages/airflow/example_dags/example_branch_operator.py
[2026-07-21T18:27:07.348+0000] {processor.py:840} INFO - DAG(s) 'example_branch_operator' retrieved from /home/airflow/.local/lib/python3.8/site-packages/airflow/example_dags/example_branch_operator.py
[2026-07-21T18:27:07.383+0000] {logging_mixin.py:188} INFO - [2026-07-21T18:27:07.383+0000] {dag.py:3036} INFO - Sync 1 DAGs
[2026-07-21T18:27:07.411+0000] {logging_mixin.py:188} INFO - [2026-07-21T18:27:07.410+0000] {dag.py:3823} INFO - Setting next_dagrun for example_branch_operator to 2026-07-20 00:00:00+00:00, run_after=2026-07-21 00:00:00+00:00
[2026-07-21T18:27:07.437+0000] {processor.py:183} INFO - Processing /home/airflow/.local/lib/python3.8/site-packages/airflow/example_dags/example_branch_operator.py took 0.122 seconds
[2026-07-21T18:27:37.992+0000] {processor.py:161} INFO - Started process (PID=2130) to work on /home/airflow/.local/lib/python3.8/site-packages/airflow/example_dags/example_branch_operator.py
[2026-07-21T18:27:37.993+0000] {processor.py:830} INFO - Processing file /home/airflow/.local/lib/python3.8/site-packages/airflow/example_dags/example_branch_operator.py for tasks to queue
[2026-07-21T18:27:37.995+0000] {logging_mixin.py:188} INFO - [2026-07-21T18:27:37.995+0000] {dagbag.py:538} INFO - Filling up the DagBag from /home/airflow/.local/lib/python3.8/site-packages/airflow/example_dags/example_branch_operator.py
[2026-07-21T18:27:38.012+0000] {processor.py:840} INFO - DAG(s) 'example_branch_operator' retrieved from /home/airflow/.local/lib/python3.8/site-packages/airflow/example_dags/example_branch_operator.py
[2026-07-21T18:27:38.038+0000] {logging_mixin.py:188} INFO - [2026-07-21T18:27:38.038+0000] {dag.py:3036} INFO - Sync 1 DAGs
[2026-07-21T18:27:38.059+0000] {logging_mixin.py:188} INFO - [2026-07-21T18:27:38.059+0000] {dag.py:3823} INFO - Setting next_dagrun for example_branch_operator to 2026-07-20 00:00:00+00:00, run_after=2026-07-21 00:00:00+00:00
[2026-07-21T18:27:38.077+0000] {processor.py:183} INFO - Processing /home/airflow/.local/lib/python3.8/site-packages/airflow/example_dags/example_branch_operator.py took 0.089 seconds
[2026-07-21T18:28:08.621+0000] {processor.py:161} INFO - Started process (PID=2186) to work on /home/airflow/.local/lib/python3.8/site-packages/airflow/example_dags/example_branch_operator.py
[2026-07-21T18:28:08.622+0000] {processor.py:830} INFO - Processing file /home/airflow/.local/lib/python3.8/site-packages/airflow/example_dags/example_branch_operator.py for tasks to queue
[2026-07-21T18:28:08.624+0000] {logging_mixin.py:188} INFO - [2026-07-21T18:28:08.624+0000] {dagbag.py:538} INFO - Filling up the DagBag from /home/airflow/.local/lib/python3.8/site-packages/airflow/example_dags/example_branch_operator.py
[2026-07-21T18:28:08.641+0000] {processor.py:840} INFO - DAG(s) 'example_branch_operator' retrieved from /home/airflow/.local/lib/python3.8/site-packages/airflow/example_dags/example_branch_operator.py
[2026-07-21T18:28:08.667+0000] {logging_mixin.py:188} INFO - [2026-07-21T18:28:08.667+0000] {dag.py:3036} INFO - Sync 1 DAGs
[2026-07-21T18:28:08.688+0000] {logging_mixin.py:188} INFO - [2026-07-21T18:28:08.687+0000] {dag.py:3823} INFO - Setting next_dagrun for example_branch_operator to 2026-07-20 00:00:00+00:00, run_after=2026-07-21 00:00:00+00:00
[2026-07-21T18:28:08.706+0000] {processor.py:183} INFO - Processing /home/airflow/.local/lib/python3.8/site-packages/airflow/example_dags/example_branch_operator.py took 0.088 seconds
[2026-07-21T18:28:38.983+0000] {processor.py:161} INFO - Started process (PID=2242) to work on /home/airflow/.local/lib/python3.8/site-packages/airflow/example_dags/example_branch_operator.py
[2026-07-21T18:28:38.984+0000] {processor.py:830} INFO - Processing file /home/airflow/.local/lib/python3.8/site-packages/airflow/example_dags/example_branch_operator.py for tasks to queue
[2026-07-21T18:28:38.986+0000] {logging_mixin.py:188} INFO - [2026-07-21T18:28:38.986+0000] {dagbag.py:538} INFO - Filling up the DagBag from /home/airflow/.local/lib/python3.8/site-packages/airflow/example_dags/example_branch_operator.py
[2026-07-21T18:28:39.003+0000] {processor.py:840} INFO - DAG(s) 'example_branch_operator' retrieved from /home/airflow/.local/lib/python3.8/site-packages/airflow/example_dags/example_branch_operator.py
[2026-07-21T18:28:39.030+0000] {logging_mixin.py:188} INFO - [2026-07-21T18:28:39.030+0000] {dag.py:3036} INFO - Sync 1 DAGs
[2026-07-21T18:28:39.050+0000] {logging_mixin.py:188} INFO - [2026-07-21T18:28:39.050+0000] {dag.py:3823} INFO - Setting next_dagrun for example_branch_operator to 2026-07-20 00:00:00+00:00, run_after=2026-07-21 00:00:00+00:00
[2026-07-21T18:28:39.066+0000] {processor.py:183} INFO - Processing /home/airflow/.local/lib/python3.8/site-packages/airflow/example_dags/example_branch_operator.py took 0.087 seconds
[2026-07-21T18:29:09.168+0000] {processor.py:161} INFO - Started process (PID=2298) to work on /home/airflow/.local/lib/python3.8/site-packages/airflow/example_dags/example_branch_operator.py
[2026-07-21T18:29:09.169+0000] {processor.py:830} INFO - Processing file /home/airflow/.local/lib/python3.8/site-packages/airflow/example_dags/example_branch_operator.py for tasks to queue
[2026-07-21T18:29:09.172+0000] {logging_mixin.py:188} INFO - [2026-07-21T18:29:09.171+0000] {dagbag.py:538} INFO - Filling up the DagBag from /home/airflow/.local/lib/python3.8/site-packages/airflow/example_dags/example_branch_operator.py
[2026-07-21T18:29:09.188+0000] {processor.py:840} INFO - DAG(s) 'example_branch_operator' retrieved from /home/airflow/.local/lib/python3.8/site-packages/airflow/example_dags/example_branch_operator.py
[2026-07-21T18:29:09.215+0000] {logging_mixin.py:188} INFO - [2026-07-21T18:29:09.214+0000] {dag.py:3036} INFO - Sync 1 DAGs
[2026-07-21T18:29:09.235+0000] {logging_mixin.py:188} INFO - [2026-07-21T18:29:09.234+0000] {dag.py:3823} INFO - Setting next_dagrun for example_branch_operator to 2026-07-20 00:00:00+00:00, run_after=2026-07-21 00:00:00+00:00
[2026-07-21T18:29:09.253+0000] {processor.py:183} INFO - Processing /home/airflow/.local/lib/python3.8/site-packages/airflow/example_dags/example_branch_operator.py took 0.089 seconds
[2026-07-21T18:29:39.897+0000] {processor.py:161} INFO - Started process (PID=2354) to work on /home/airflow/.local/lib/python3.8/site-packages/airflow/example_dags/example_branch_operator.py
[2026-07-21T18:29:39.899+0000] {processor.py:830} INFO - Processing file /home/airflow/.local/lib/python3.8/site-packages/airflow/example_dags/example_branch_operator.py for tasks to queue
[2026-07-21T18:29:39.902+0000] {logging_mixin.py:188} INFO - [2026-07-21T18:29:39.901+0000] {dagbag.py:538} INFO - Filling up the DagBag from /home/airflow/.local/lib/python3.8/site-packages/airflow/example_dags/example_branch_operator.py
[2026-07-21T18:29:39.935+0000] {processor.py:840} INFO - DAG(s) 'example_branch_operator' retrieved from /home/airflow/.local/lib/python3.8/site-packages/airflow/example_dags/example_branch_operator.py
[2026-07-21T18:29:39.970+0000] {logging_mixin.py:188} INFO - [2026-07-21T18:29:39.970+0000] {dag.py:3036} INFO - Sync 1 DAGs
[2026-07-21T18:29:39.994+0000] {logging_mixin.py:188} INFO - [2026-07-21T18:29:39.994+0000] {dag.py:3823} INFO - Setting next_dagrun for example_branch_operator to 2026-07-20 00:00:00+00:00, run_after=2026-07-21 00:00:00+00:00
[2026-07-21T18:29:40.019+0000] {processor.py:183} INFO - Processing /home/airflow/.local/lib/python3.8/site-packages/airflow/example_dags/example_branch_operator.py took 0.127 seconds
[2026-07-21T18:30:10.341+0000] {processor.py:161} INFO - Started process (PID=2410) to work on /home/airflow/.local/lib/python3.8/site-packages/airflow/example_dags/example_branch_operator.py
[2026-07-21T18:30:10.343+0000] {processor.py:830} INFO - Processing file /home/airflow/.local/lib/python3.8/site-packages/airflow/example_dags/example_branch_operator.py for tasks to queue
[2026-07-21T18:30:10.345+0000] {logging_mixin.py:188} INFO - [2026-07-21T18:30:10.345+0000] {dagbag.py:538} INFO - Filling up the DagBag from /home/airflow/.local/lib/python3.8/site-packages/airflow/example_dags/example_branch_operator.py
[2026-07-21T18:30:10.365+0000] {processor.py:840} INFO - DAG(s) 'example_branch_operator' retrieved from /home/airflow/.local/lib/python3.8/site-packages/airflow/example_dags/example_branch_operator.py
[2026-07-21T18:30:10.394+0000] {logging_mixin.py:188} INFO - [2026-07-21T18:30:10.394+0000] {dag.py:3036} INFO - Sync 1 DAGs
[2026-07-21T18:30:10.415+0000] {logging_mixin.py:188} INFO - [2026-07-21T18:30:10.415+0000] {dag.py:3823} INFO - Setting next_dagrun for example_branch_operator to 2026-07-20 00:00:00+00:00, run_after=2026-07-21 00:00:00+00:00
[2026-07-21T18:30:10.433+0000] {processor.py:183} INFO - Processing /home/airflow/.local/lib/python3.8/site-packages/airflow/example_dags/example_branch_operator.py took 0.096 seconds
[2026-07-21T18:30:40.616+0000] {processor.py:161} INFO - Started process (PID=2466) to work on /home/airflow/.local/lib/python3.8/site-packages/airflow/example_dags/example_branch_operator.py
[2026-07-21T18:30:40.620+0000] {processor.py:830} INFO - Processing file /home/airflow/.local/lib/python3.8/site-packages/airflow/example_dags/example_branch_operator.py for tasks to queue
[2026-07-21T18:30:40.623+0000] {logging_mixin.py:188} INFO - [2026-07-21T18:30:40.622+0000] {dagbag.py:538} INFO - Filling up the DagBag from /home/airflow/.local/lib/python3.8/site-packages/airflow/example_dags/example_branch_operator.py
[2026-07-21T18:30:40.642+0000] {processor.py:840} INFO - DAG(s) 'example_branch_operator' retrieved from /home/airflow/.local/lib/python3.8/site-packages/airflow/example_dags/example_branch_operator.py
[2026-07-21T18:30:40.670+0000] {logging_mixin.py:188} INFO - [2026-07-21T18:30:40.669+0000] {dag.py:3036} INFO - Sync 1 DAGs
[2026-07-21T18:30:40.691+0000] {logging_mixin.py:188} INFO - [2026-07-21T18:30:40.691+0000] {dag.py:3823} INFO - Setting next_dagrun for example_branch_operator to 2026-07-20 00:00:00+00:00, run_after=2026-07-21 00:00:00+00:00
[2026-07-21T18:30:40.710+0000] {processor.py:183} INFO - Processing /home/airflow/.local/lib/python3.8/site-packages/airflow/example_dags/example_branch_operator.py took 0.098 seconds
[2026-07-21T18:31:11.094+0000] {processor.py:161} INFO - Started process (PID=2522) to work on /home/airflow/.local/lib/python3.8/site-packages/airflow/example_dags/example_branch_operator.py
[2026-07-21T18:31:11.095+0000] {processor.py:830} INFO - Processing file /home/airflow/.local/lib/python3.8/site-packages/airflow/example_dags/example_branch_operator.py for tasks to queue
[2026-07-21T18:31:11.097+0000] {logging_mixin.py:188} INFO - [2026-07-21T18:31:11.097+0000] {dagbag.py:538} INFO - Filling up the DagBag from /home/airflow/.local/lib/python3.8/site-packages/airflow/example_dags/example_branch_operator.py
[2026-07-21T18:31:11.115+0000] {processor.py:840} INFO - DAG(s) 'example_branch_operator' retrieved from /home/airflow/.local/lib/python3.8/site-packages/airflow/example_dags/example_branch_operator.py
[2026-07-21T18:31:11.144+0000] {logging_mixin.py:188} INFO - [2026-07-21T18:31:11.144+0000] {dag.py:3036} INFO - Sync 1 DAGs
[2026-07-21T18:31:11.167+0000] {logging_mixin.py:188} INFO - [2026-07-21T18:31:11.167+0000] {dag.py:3823} INFO - Setting next_dagrun for example_branch_operator to 2026-07-20 00:00:00+00:00, run_after=2026-07-21 00:00:00+00:00
[2026-07-21T18:31:11.187+0000] {processor.py:183} INFO - Processing /home/airflow/.local/lib/python3.8/site-packages/airflow/example_dags/example_branch_operator.py took 0.098 seconds
[2026-07-21T18:34:13.036+0000] {processor.py:161} INFO - Started process (PID=75) to work on /home/airflow/.local/lib/python3.10/site-packages/airflow/example_dags/example_branch_operator.py
[2026-07-21T18:34:13.043+0000] {processor.py:830} INFO - Processing file /home/airflow/.local/lib/python3.10/site-packages/airflow/example_dags/example_branch_operator.py for tasks to queue
[2026-07-21T18:34:13.046+0000] {logging_mixin.py:188} INFO - [2026-07-21T18:34:13.046+0000] {dagbag.py:538} INFO - Filling up the DagBag from /home/airflow/.local/lib/python3.10/site-packages/airflow/example_dags/example_branch_operator.py
[2026-07-21T18:34:13.091+0000] {processor.py:840} INFO - DAG(s) 'example_branch_operator' retrieved from /home/airflow/.local/lib/python3.10/site-packages/airflow/example_dags/example_branch_operator.py
[2026-07-21T18:34:13.135+0000] {logging_mixin.py:188} INFO - [2026-07-21T18:34:13.135+0000] {dag.py:3036} INFO - Sync 1 DAGs
[2026-07-21T18:34:13.207+0000] {logging_mixin.py:188} INFO - [2026-07-21T18:34:13.207+0000] {dag.py:3823} INFO - Setting next_dagrun for example_branch_operator to 2026-07-20 00:00:00+00:00, run_after=2026-07-21 00:00:00+00:00
[2026-07-21T18:34:13.255+0000] {processor.py:183} INFO - Processing /home/airflow/.local/lib/python3.10/site-packages/airflow/example_dags/example_branch_operator.py took 0.244 seconds
[2026-07-21T18:34:43.854+0000] {processor.py:161} INFO - Started process (PID=131) to work on /home/airflow/.local/lib/python3.10/site-packages/airflow/example_dags/example_branch_operator.py
[2026-07-21T18:34:43.855+0000] {processor.py:830} INFO - Processing file /home/airflow/.local/lib/python3.10/site-packages/airflow/example_dags/example_branch_operator.py for tasks to queue
[2026-07-21T18:34:43.858+0000] {logging_mixin.py:188} INFO - [2026-07-21T18:34:43.858+0000] {dagbag.py:538} INFO - Filling up the DagBag from /home/airflow/.local/lib/python3.10/site-packages/airflow/example_dags/example_branch_operator.py
[2026-07-21T18:34:43.876+0000] {processor.py:840} INFO - DAG(s) 'example_branch_operator' retrieved from /home/airflow/.local/lib/python3.10/site-packages/airflow/example_dags/example_branch_operator.py
[2026-07-21T18:34:43.977+0000] {logging_mixin.py:188} INFO - [2026-07-21T18:34:43.977+0000] {dag.py:3036} INFO - Sync 1 DAGs
[2026-07-21T18:34:43.996+0000] {logging_mixin.py:188} INFO - [2026-07-21T18:34:43.996+0000] {dag.py:3823} INFO - Setting next_dagrun for example_branch_operator to 2026-07-20 00:00:00+00:00, run_after=2026-07-21 00:00:00+00:00
[2026-07-21T18:34:44.016+0000] {processor.py:183} INFO - Processing /home/airflow/.local/lib/python3.10/site-packages/airflow/example_dags/example_branch_operator.py took 0.166 seconds
[2026-07-21T18:35:14.255+0000] {processor.py:161} INFO - Started process (PID=187) to work on /home/airflow/.local/lib/python3.10/site-packages/airflow/example_dags/example_branch_operator.py
[2026-07-21T18:35:14.256+0000] {processor.py:830} INFO - Processing file /home/airflow/.local/lib/python3.10/site-packages/airflow/example_dags/example_branch_operator.py for tasks to queue
[2026-07-21T18:35:14.259+0000] {logging_mixin.py:188} INFO - [2026-07-21T18:35:14.258+0000] {dagbag.py:538} INFO - Filling up the DagBag from /home/airflow/.local/lib/python3.10/site-packages/airflow/example_dags/example_branch_operator.py
[2026-07-21T18:35:14.282+0000] {processor.py:840} INFO - DAG(s) 'example_branch_operator' retrieved from /home/airflow/.local/lib/python3.10/site-packages/airflow/example_dags/example_branch_operator.py
[2026-07-21T18:35:14.309+0000] {logging_mixin.py:188} INFO - [2026-07-21T18:35:14.309+0000] {dag.py:3036} INFO - Sync 1 DAGs
[2026-07-21T18:35:14.335+0000] {logging_mixin.py:188} INFO - [2026-07-21T18:35:14.335+0000] {dag.py:3823} INFO - Setting next_dagrun for example_branch_operator to 2026-07-20 00:00:00+00:00, run_after=2026-07-21 00:00:00+00:00
[2026-07-21T18:35:14.355+0000] {processor.py:183} INFO - Processing /home/airflow/.local/lib/python3.10/site-packages/airflow/example_dags/example_branch_operator.py took 0.104 seconds
[2026-07-21T18:35:44.406+0000] {processor.py:161} INFO - Started process (PID=243) to work on /home/airflow/.local/lib/python3.10/site-packages/airflow/example_dags/example_branch_operator.py
[2026-07-21T18:35:44.407+0000] {processor.py:830} INFO - Processing file /home/airflow/.local/lib/python3.10/site-packages/airflow/example_dags/example_branch_operator.py for tasks to queue
[2026-07-21T18:35:44.409+0000] {logging_mixin.py:188} INFO - [2026-07-21T18:35:44.409+0000] {dagbag.py:538} INFO - Filling up the DagBag from /home/airflow/.local/lib/python3.10/site-packages/airflow/example_dags/example_branch_operator.py
[2026-07-21T18:35:44.426+0000] {processor.py:840} INFO - DAG(s) 'example_branch_operator' retrieved from /home/airflow/.local/lib/python3.10/site-packages/airflow/example_dags/example_branch_operator.py
[2026-07-21T18:35:44.452+0000] {logging_mixin.py:188} INFO - [2026-07-21T18:35:44.452+0000] {dag.py:3036} INFO - Sync 1 DAGs
[2026-07-21T18:35:44.474+0000] {logging_mixin.py:188} INFO - [2026-07-21T18:35:44.474+0000] {dag.py:3823} INFO - Setting next_dagrun for example_branch_operator to 2026-07-20 00:00:00+00:00, run_after=2026-07-21 00:00:00+00:00
[2026-07-21T18:35:44.494+0000] {processor.py:183} INFO - Processing /home/airflow/.local/lib/python3.10/site-packages/airflow/example_dags/example_branch_operator.py took 0.092 seconds
[2026-07-21T18:36:14.983+0000] {processor.py:161} INFO - Started process (PID=299) to work on /home/airflow/.local/lib/python3.10/site-packages/airflow/example_dags/example_branch_operator.py
[2026-07-21T18:36:14.985+0000] {processor.py:830} INFO - Processing file /home/airflow/.local/lib/python3.10/site-packages/airflow/example_dags/example_branch_operator.py for tasks to queue
[2026-07-21T18:36:14.987+0000] {logging_mixin.py:188} INFO - [2026-07-21T18:36:14.986+0000] {dagbag.py:538} INFO - Filling up the DagBag from /home/airflow/.local/lib/python3.10/site-packages/airflow/example_dags/example_branch_operator.py
[2026-07-21T18:36:15.003+0000] {processor.py:840} INFO - DAG(s) 'example_branch_operator' retrieved from /home/airflow/.local/lib/python3.10/site-packages/airflow/example_dags/example_branch_operator.py
[2026-07-21T18:36:15.029+0000] {logging_mixin.py:188} INFO - [2026-07-21T18:36:15.029+0000] {dag.py:3036} INFO - Sync 1 DAGs
[2026-07-21T18:36:15.050+0000] {logging_mixin.py:188} INFO - [2026-07-21T18:36:15.050+0000] {dag.py:3823} INFO - Setting next_dagrun for example_branch_operator to 2026-07-20 00:00:00+00:00, run_after=2026-07-21 00:00:00+00:00
[2026-07-21T18:36:15.072+0000] {processor.py:183} INFO - Processing /home/airflow/.local/lib/python3.10/site-packages/airflow/example_dags/example_branch_operator.py took 0.093 seconds
[2026-07-21T18:36:45.360+0000] {processor.py:161} INFO - Started process (PID=355) to work on /home/airflow/.local/lib/python3.10/site-packages/airflow/example_dags/example_branch_operator.py
[2026-07-21T18:36:45.361+0000] {processor.py:830} INFO - Processing file /home/airflow/.local/lib/python3.10/site-packages/airflow/example_dags/example_branch_operator.py for tasks to queue
[2026-07-21T18:36:45.364+0000] {logging_mixin.py:188} INFO - [2026-07-21T18:36:45.363+0000] {dagbag.py:538} INFO - Filling up the DagBag from /home/airflow/.local/lib/python3.10/site-packages/airflow/example_dags/example_branch_operator.py
[2026-07-21T18:36:45.380+0000] {processor.py:840} INFO - DAG(s) 'example_branch_operator' retrieved from /home/airflow/.local/lib/python3.10/site-packages/airflow/example_dags/example_branch_operator.py
[2026-07-21T18:36:45.404+0000] {logging_mixin.py:188} INFO - [2026-07-21T18:36:45.404+0000] {dag.py:3036} INFO - Sync 1 DAGs
[2026-07-21T18:36:45.424+0000] {logging_mixin.py:188} INFO - [2026-07-21T18:36:45.423+0000] {dag.py:3823} INFO - Setting next_dagrun for example_branch_operator to 2026-07-20 00:00:00+00:00, run_after=2026-07-21 00:00:00+00:00
[2026-07-21T18:36:45.441+0000] {processor.py:183} INFO - Processing /home/airflow/.local/lib/python3.10/site-packages/airflow/example_dags/example_branch_operator.py took 0.085 seconds
[2026-07-21T18:37:15.691+0000] {processor.py:161} INFO - Started process (PID=411) to work on /home/airflow/.local/lib/python3.10/site-packages/airflow/example_dags/example_branch_operator.py
[2026-07-21T18:37:15.692+0000] {processor.py:830} INFO - Processing file /home/airflow/.local/lib/python3.10/site-packages/airflow/example_dags/example_branch_operator.py for tasks to queue
[2026-07-21T18:37:15.694+0000] {logging_mixin.py:188} INFO - [2026-07-21T18:37:15.694+0000] {dagbag.py:538} INFO - Filling up the DagBag from /home/airflow/.local/lib/python3.10/site-packages/airflow/example_dags/example_branch_operator.py
[2026-07-21T18:37:15.712+0000] {processor.py:840} INFO - DAG(s) 'example_branch_operator' retrieved from /home/airflow/.local/lib/python3.10/site-packages/airflow/example_dags/example_branch_operator.py
[2026-07-21T18:37:15.739+0000] {logging_mixin.py:188} INFO - [2026-07-21T18:37:15.739+0000] {dag.py:3036} INFO - Sync 1 DAGs
[2026-07-21T18:37:15.760+0000] {logging_mixin.py:188} INFO - [2026-07-21T18:37:15.759+0000] {dag.py:3823} INFO - Setting next_dagrun for example_branch_operator to 2026-07-20 00:00:00+00:00, run_after=2026-07-21 00:00:00+00:00
[2026-07-21T18:37:15.780+0000] {processor.py:183} INFO - Processing /home/airflow/.local/lib/python3.10/site-packages/airflow/example_dags/example_branch_operator.py took 0.093 seconds
[2026-07-21T18:37:45.950+0000] {processor.py:161} INFO - Started process (PID=467) to work on /home/airflow/.local/lib/python3.10/site-packages/airflow/example_dags/example_branch_operator.py
[2026-07-21T18:37:45.951+0000] {processor.py:830} INFO - Processing file /home/airflow/.local/lib/python3.10/site-packages/airflow/example_dags/example_branch_operator.py for tasks to queue
[2026-07-21T18:37:45.953+0000] {logging_mixin.py:188} INFO - [2026-07-21T18:37:45.953+0000] {dagbag.py:538} INFO - Filling up the DagBag from /home/airflow/.local/lib/python3.10/site-packages/airflow/example_dags/example_branch_operator.py
[2026-07-21T18:37:45.969+0000] {processor.py:840} INFO - DAG(s) 'example_branch_operator' retrieved from /home/airflow/.local/lib/python3.10/site-packages/airflow/example_dags/example_branch_operator.py
[2026-07-21T18:37:45.994+0000] {logging_mixin.py:188} INFO - [2026-07-21T18:37:45.993+0000] {dag.py:3036} INFO - Sync 1 DAGs
[2026-07-21T18:37:46.013+0000] {logging_mixin.py:188} INFO - [2026-07-21T18:37:46.013+0000] {dag.py:3823} INFO - Setting next_dagrun for example_branch_operator to 2026-07-20 00:00:00+00:00, run_after=2026-07-21 00:00:00+00:00
[2026-07-21T18:37:46.032+0000] {processor.py:183} INFO - Processing /home/airflow/.local/lib/python3.10/site-packages/airflow/example_dags/example_branch_operator.py took 0.085 seconds
[2026-07-21T18:38:16.573+0000] {processor.py:161} INFO - Started process (PID=523) to work on /home/airflow/.local/lib/python3.10/site-packages/airflow/example_dags/example_branch_operator.py
[2026-07-21T18:38:16.574+0000] {processor.py:830} INFO - Processing file /home/airflow/.local/lib/python3.10/site-packages/airflow/example_dags/example_branch_operator.py for tasks to queue
[2026-07-21T18:38:16.577+0000] {logging_mixin.py:188} INFO - [2026-07-21T18:38:16.576+0000] {dagbag.py:538} INFO - Filling up the DagBag from /home/airflow/.local/lib/python3.10/site-packages/airflow/example_dags/example_branch_operator.py
[2026-07-21T18:38:16.593+0000] {processor.py:840} INFO - DAG(s) 'example_branch_operator' retrieved from /home/airflow/.local/lib/python3.10/site-packages/airflow/example_dags/example_branch_operator.py
[2026-07-21T18:38:16.619+0000] {logging_mixin.py:188} INFO - [2026-07-21T18:38:16.618+0000] {dag.py:3036} INFO - Sync 1 DAGs
[2026-07-21T18:38:16.638+0000] {logging_mixin.py:188} INFO - [2026-07-21T18:38:16.638+0000] {dag.py:3823} INFO - Setting next_dagrun for example_branch_operator to 2026-07-20 00:00:00+00:00, run_after=2026-07-21 00:00:00+00:00
[2026-07-21T18:38:16.655+0000] {processor.py:183} INFO - Processing /home/airflow/.local/lib/python3.10/site-packages/airflow/example_dags/example_branch_operator.py took 0.086 seconds
[2026-07-21T18:38:46.982+0000] {processor.py:161} INFO - Started process (PID=579) to work on /home/airflow/.local/lib/python3.10/site-packages/airflow/example_dags/example_branch_operator.py
[2026-07-21T18:38:46.983+0000] {processor.py:830} INFO - Processing file /home/airflow/.local/lib/python3.10/site-packages/airflow/example_dags/example_branch_operator.py for tasks to queue
[2026-07-21T18:38:46.985+0000] {logging_mixin.py:188} INFO - [2026-07-21T18:38:46.985+0000] {dagbag.py:538} INFO - Filling up the DagBag from /home/airflow/.local/lib/python3.10/site-packages/airflow/example_dags/example_branch_operator.py
[2026-07-21T18:38:46.999+0000] {processor.py:840} INFO - DAG(s) 'example_branch_operator' retrieved from /home/airflow/.local/lib/python3.10/site-packages/airflow/example_dags/example_branch_operator.py
[2026-07-21T18:38:47.024+0000] {logging_mixin.py:188} INFO - [2026-07-21T18:38:47.024+0000] {dag.py:3036} INFO - Sync 1 DAGs
[2026-07-21T18:38:47.043+0000] {logging_mixin.py:188} INFO - [2026-07-21T18:38:47.043+0000] {dag.py:3823} INFO - Setting next_dagrun for example_branch_operator to 2026-07-20 00:00:00+00:00, run_after=2026-07-21 00:00:00+00:00
[2026-07-21T18:38:47.062+0000] {processor.py:183} INFO - Processing /home/airflow/.local/lib/python3.10/site-packages/airflow/example_dags/example_branch_operator.py took 0.084 seconds
[2026-07-21T18:39:17.265+0000] {processor.py:161} INFO - Started process (PID=635) to work on /home/airflow/.local/lib/python3.10/site-packages/airflow/example_dags/example_branch_operator.py
[2026-07-21T18:39:17.267+0000] {processor.py:830} INFO - Processing file /home/airflow/.local/lib/python3.10/site-packages/airflow/example_dags/example_branch_operator.py for tasks to queue
[2026-07-21T18:39:17.270+0000] {logging_mixin.py:188} INFO - [2026-07-21T18:39:17.270+0000] {dagbag.py:538} INFO - Filling up the DagBag from /home/airflow/.local/lib/python3.10/site-packages/airflow/example_dags/example_branch_operator.py
[2026-07-21T18:39:17.285+0000] {processor.py:840} INFO - DAG(s) 'example_branch_operator' retrieved from /home/airflow/.local/lib/python3.10/site-packages/airflow/example_dags/example_branch_operator.py
[2026-07-21T18:39:17.311+0000] {logging_mixin.py:188} INFO - [2026-07-21T18:39:17.311+0000] {dag.py:3036} INFO - Sync 1 DAGs
[2026-07-21T18:39:17.331+0000] {logging_mixin.py:188} INFO - [2026-07-21T18:39:17.331+0000] {dag.py:3823} INFO - Setting next_dagrun for example_branch_operator to 2026-07-20 00:00:00+00:00, run_after=2026-07-21 00:00:00+00:00
[2026-07-21T18:39:17.350+0000] {processor.py:183} INFO - Processing /home/airflow/.local/lib/python3.10/site-packages/airflow/example_dags/example_branch_operator.py took 0.088 seconds
[2026-07-21T18:39:47.500+0000] {processor.py:161} INFO - Started process (PID=691) to work on /home/airflow/.local/lib/python3.10/site-packages/airflow/example_dags/example_branch_operator.py
[2026-07-21T18:39:47.501+0000] {processor.py:830} INFO - Processing file /home/airflow/.local/lib/python3.10/site-packages/airflow/example_dags/example_branch_operator.py for tasks to queue
[2026-07-21T18:39:47.503+0000] {logging_mixin.py:188} INFO - [2026-07-21T18:39:47.503+0000] {dagbag.py:538} INFO - Filling up the DagBag from /home/airflow/.local/lib/python3.10/site-packages/airflow/example_dags/example_branch_operator.py
[2026-07-21T18:39:47.519+0000] {processor.py:840} INFO - DAG(s) 'example_branch_operator' retrieved from /home/airflow/.local/lib/python3.10/site-packages/airflow/example_dags/example_branch_operator.py
[2026-07-21T18:39:47.543+0000] {logging_mixin.py:188} INFO - [2026-07-21T18:39:47.543+0000] {dag.py:3036} INFO - Sync 1 DAGs
[2026-07-21T18:39:47.562+0000] {logging_mixin.py:188} INFO - [2026-07-21T18:39:47.562+0000] {dag.py:3823} INFO - Setting next_dagrun for example_branch_operator to 2026-07-20 00:00:00+00:00, run_after=2026-07-21 00:00:00+00:00
[2026-07-21T18:39:47.580+0000] {processor.py:183} INFO - Processing /home/airflow/.local/lib/python3.10/site-packages/airflow/example_dags/example_branch_operator.py took 0.083 seconds
[2026-07-21T18:40:18.058+0000] {processor.py:161} INFO - Started process (PID=747) to work on /home/airflow/.local/lib/python3.10/site-packages/airflow/example_dags/example_branch_operator.py
[2026-07-21T18:40:18.059+0000] {processor.py:830} INFO - Processing file /home/airflow/.local/lib/python3.10/site-packages/airflow/example_dags/example_branch_operator.py for tasks to queue
[2026-07-21T18:40:18.062+0000] {logging_mixin.py:188} INFO - [2026-07-21T18:40:18.061+0000] {dagbag.py:538} INFO - Filling up the DagBag from /home/airflow/.local/lib/python3.10/site-packages/airflow/example_dags/example_branch_operator.py
[2026-07-21T18:40:18.081+0000] {processor.py:840} INFO - DAG(s) 'example_branch_operator' retrieved from /home/airflow/.local/lib/python3.10/site-packages/airflow/example_dags/example_branch_operator.py
[2026-07-21T18:40:18.107+0000] {logging_mixin.py:188} INFO - [2026-07-21T18:40:18.107+0000] {dag.py:3036} INFO - Sync 1 DAGs
[2026-07-21T18:40:18.129+0000] {logging_mixin.py:188} INFO - [2026-07-21T18:40:18.129+0000] {dag.py:3823} INFO - Setting next_dagrun for example_branch_operator to 2026-07-20 00:00:00+00:00, run_after=2026-07-21 00:00:00+00:00
[2026-07-21T18:40:18.150+0000] {processor.py:183} INFO - Processing /home/airflow/.local/lib/python3.10/site-packages/airflow/example_dags/example_branch_operator.py took 0.096 seconds
[2026-07-21T18:40:48.352+0000] {processor.py:161} INFO - Started process (PID=803) to work on /home/airflow/.local/lib/python3.10/site-packages/airflow/example_dags/example_branch_operator.py
[2026-07-21T18:40:48.353+0000] {processor.py:830} INFO - Processing file /home/airflow/.local/lib/python3.10/site-packages/airflow/example_dags/example_branch_operator.py for tasks to queue
[2026-07-21T18:40:48.355+0000] {logging_mixin.py:188} INFO - [2026-07-21T18:40:48.354+0000] {dagbag.py:538} INFO - Filling up the DagBag from /home/airflow/.local/lib/python3.10/site-packages/airflow/example_dags/example_branch_operator.py
[2026-07-21T18:40:48.371+0000] {processor.py:840} INFO - DAG(s) 'example_branch_operator' retrieved from /home/airflow/.local/lib/python3.10/site-packages/airflow/example_dags/example_branch_operator.py
[2026-07-21T18:40:48.397+0000] {logging_mixin.py:188} INFO - [2026-07-21T18:40:48.396+0000] {dag.py:3036} INFO - Sync 1 DAGs
[2026-07-21T18:40:48.419+0000] {logging_mixin.py:188} INFO - [2026-07-21T18:40:48.419+0000] {dag.py:3823} INFO - Setting next_dagrun for example_branch_operator to 2026-07-20 00:00:00+00:00, run_after=2026-07-21 00:00:00+00:00
[2026-07-21T18:40:48.439+0000] {processor.py:183} INFO - Processing /home/airflow/.local/lib/python3.10/site-packages/airflow/example_dags/example_branch_operator.py took 0.092 seconds
[2026-07-21T18:41:18.674+0000] {processor.py:161} INFO - Started process (PID=859) to work on /home/airflow/.local/lib/python3.10/site-packages/airflow/example_dags/example_branch_operator.py
[2026-07-21T18:41:18.675+0000] {processor.py:830} INFO - Processing file /home/airflow/.local/lib/python3.10/site-packages/airflow/example_dags/example_branch_operator.py for tasks to queue
[2026-07-21T18:41:18.678+0000] {logging_mixin.py:188} INFO - [2026-07-21T18:41:18.677+0000] {dagbag.py:538} INFO - Filling up the DagBag from /home/airflow/.local/lib/python3.10/site-packages/airflow/example_dags/example_branch_operator.py
[2026-07-21T18:41:18.696+0000] {processor.py:840} INFO - DAG(s) 'example_branch_operator' retrieved from /home/airflow/.local/lib/python3.10/site-packages/airflow/example_dags/example_branch_operator.py
[2026-07-21T18:41:18.721+0000] {logging_mixin.py:188} INFO - [2026-07-21T18:41:18.721+0000] {dag.py:3036} INFO - Sync 1 DAGs
[2026-07-21T18:41:18.741+0000] {logging_mixin.py:188} INFO - [2026-07-21T18:41:18.741+0000] {dag.py:3823} INFO - Setting next_dagrun for example_branch_operator to 2026-07-20 00:00:00+00:00, run_after=2026-07-21 00:00:00+00:00
[2026-07-21T18:41:18.758+0000] {processor.py:183} INFO - Processing /home/airflow/.local/lib/python3.10/site-packages/airflow/example_dags/example_branch_operator.py took 0.089 seconds
[2026-07-21T18:41:48.965+0000] {processor.py:161} INFO - Started process (PID=915) to work on /home/airflow/.local/lib/python3.10/site-packages/airflow/example_dags/example_branch_operator.py
[2026-07-21T18:41:48.966+0000] {processor.py:830} INFO - Processing file /home/airflow/.local/lib/python3.10/site-packages/airflow/example_dags/example_branch_operator.py for tasks to queue
[2026-07-21T18:41:48.968+0000] {logging_mixin.py:188} INFO - [2026-07-21T18:41:48.968+0000] {dagbag.py:538} INFO - Filling up the DagBag from /home/airflow/.local/lib/python3.10/site-packages/airflow/example_dags/example_branch_operator.py
[2026-07-21T18:41:48.986+0000] {processor.py:840} INFO - DAG(s) 'example_branch_operator' retrieved from /home/airflow/.local/lib/python3.10/site-packages/airflow/example_dags/example_branch_operator.py
[2026-07-21T18:41:49.012+0000] {logging_mixin.py:188} INFO - [2026-07-21T18:41:49.012+0000] {dag.py:3036} INFO - Sync 1 DAGs
[2026-07-21T18:41:49.031+0000] {logging_mixin.py:188} INFO - [2026-07-21T18:41:49.031+0000] {dag.py:3823} INFO - Setting next_dagrun for example_branch_operator to 2026-07-20 00:00:00+00:00, run_after=2026-07-21 00:00:00+00:00
[2026-07-21T18:41:49.048+0000] {processor.py:183} INFO - Processing /home/airflow/.local/lib/python3.10/site-packages/airflow/example_dags/example_branch_operator.py took 0.087 seconds
[2026-07-21T18:42:19.241+0000] {processor.py:161} INFO - Started process (PID=971) to work on /home/airflow/.local/lib/python3.10/site-packages/airflow/example_dags/example_branch_operator.py
[2026-07-21T18:42:19.243+0000] {processor.py:830} INFO - Processing file /home/airflow/.local/lib/python3.10/site-packages/airflow/example_dags/example_branch_operator.py for tasks to queue
[2026-07-21T18:42:19.245+0000] {logging_mixin.py:188} INFO - [2026-07-21T18:42:19.244+0000] {dagbag.py:538} INFO - Filling up the DagBag from /home/airflow/.local/lib/python3.10/site-packages/airflow/example_dags/example_branch_operator.py
[2026-07-21T18:42:19.260+0000] {processor.py:840} INFO - DAG(s) 'example_branch_operator' retrieved from /home/airflow/.local/lib/python3.10/site-packages/airflow/example_dags/example_branch_operator.py
[2026-07-21T18:42:19.286+0000] {logging_mixin.py:188} INFO - [2026-07-21T18:42:19.286+0000] {dag.py:3036} INFO - Sync 1 DAGs
[2026-07-21T18:42:19.307+0000] {logging_mixin.py:188} INFO - [2026-07-21T18:42:19.307+0000] {dag.py:3823} INFO - Setting next_dagrun for example_branch_operator to 2026-07-20 00:00:00+00:00, run_after=2026-07-21 00:00:00+00:00
[2026-07-21T18:42:19.327+0000] {processor.py:183} INFO - Processing /home/airflow/.local/lib/python3.10/site-packages/airflow/example_dags/example_branch_operator.py took 0.089 seconds
[2026-07-21T18:42:49.470+0000] {processor.py:161} INFO - Started process (PID=1028) to work on /home/airflow/.local/lib/python3.10/site-packages/airflow/example_dags/example_branch_operator.py
[2026-07-21T18:42:49.471+0000] {processor.py:830} INFO - Processing file /home/airflow/.local/lib/python3.10/site-packages/airflow/example_dags/example_branch_operator.py for tasks to queue
[2026-07-21T18:42:49.474+0000] {logging_mixin.py:188} INFO - [2026-07-21T18:42:49.473+0000] {dagbag.py:538} INFO - Filling up the DagBag from /home/airflow/.local/lib/python3.10/site-packages/airflow/example_dags/example_branch_operator.py
[2026-07-21T18:42:49.490+0000] {processor.py:840} INFO - DAG(s) 'example_branch_operator' retrieved from /home/airflow/.local/lib/python3.10/site-packages/airflow/example_dags/example_branch_operator.py
[2026-07-21T18:42:49.515+0000] {logging_mixin.py:188} INFO - [2026-07-21T18:42:49.515+0000] {dag.py:3036} INFO - Sync 1 DAGs
[2026-07-21T18:42:49.535+0000] {logging_mixin.py:188} INFO - [2026-07-21T18:42:49.534+0000] {dag.py:3823} INFO - Setting next_dagrun for example_branch_operator to 2026-07-20 00:00:00+00:00, run_after=2026-07-21 00:00:00+00:00
[2026-07-21T18:42:49.552+0000] {processor.py:183} INFO - Processing /home/airflow/.local/lib/python3.10/site-packages/airflow/example_dags/example_branch_operator.py took 0.085 seconds
[2026-07-21T18:43:19.951+0000] {processor.py:161} INFO - Started process (PID=1084) to work on /home/airflow/.local/lib/python3.10/site-packages/airflow/example_dags/example_branch_operator.py
[2026-07-21T18:43:19.952+0000] {processor.py:830} INFO - Processing file /home/airflow/.local/lib/python3.10/site-packages/airflow/example_dags/example_branch_operator.py for tasks to queue
[2026-07-21T18:43:19.954+0000] {logging_mixin.py:188} INFO - [2026-07-21T18:43:19.954+0000] {dagbag.py:538} INFO - Filling up the DagBag from /home/airflow/.local/lib/python3.10/site-packages/airflow/example_dags/example_branch_operator.py
[2026-07-21T18:43:19.970+0000] {processor.py:840} INFO - DAG(s) 'example_branch_operator' retrieved from /home/airflow/.local/lib/python3.10/site-packages/airflow/example_dags/example_branch_operator.py
[2026-07-21T18:43:19.997+0000] {logging_mixin.py:188} INFO - [2026-07-21T18:43:19.997+0000] {dag.py:3036} INFO - Sync 1 DAGs
[2026-07-21T18:43:20.017+0000] {logging_mixin.py:188} INFO - [2026-07-21T18:43:20.017+0000] {dag.py:3823} INFO - Setting next_dagrun for example_branch_operator to 2026-07-20 00:00:00+00:00, run_after=2026-07-21 00:00:00+00:00
[2026-07-21T18:43:20.035+0000] {processor.py:183} INFO - Processing /home/airflow/.local/lib/python3.10/site-packages/airflow/example_dags/example_branch_operator.py took 0.088 seconds
[2026-07-21T18:43:50.450+0000] {processor.py:161} INFO - Started process (PID=1140) to work on /home/airflow/.local/lib/python3.10/site-packages/airflow/example_dags/example_branch_operator.py
[2026-07-21T18:43:50.451+0000] {processor.py:830} INFO - Processing file /home/airflow/.local/lib/python3.10/site-packages/airflow/example_dags/example_branch_operator.py for tasks to queue
[2026-07-21T18:43:50.455+0000] {logging_mixin.py:188} INFO - [2026-07-21T18:43:50.454+0000] {dagbag.py:538} INFO - Filling up the DagBag from /home/airflow/.local/lib/python3.10/site-packages/airflow/example_dags/example_branch_operator.py
[2026-07-21T18:43:50.484+0000] {processor.py:840} INFO - DAG(s) 'example_branch_operator' retrieved from /home/airflow/.local/lib/python3.10/site-packages/airflow/example_dags/example_branch_operator.py
[2026-07-21T18:43:50.522+0000] {logging_mixin.py:188} INFO - [2026-07-21T18:43:50.522+0000] {dag.py:3036} INFO - Sync 1 DAGs
[2026-07-21T18:43:50.545+0000] {logging_mixin.py:188} INFO - [2026-07-21T18:43:50.545+0000] {dag.py:3823} INFO - Setting next_dagrun for example_branch_operator to 2026-07-20 00:00:00+00:00, run_after=2026-07-21 00:00:00+00:00
[2026-07-21T18:43:50.564+0000] {processor.py:183} INFO - Processing /home/airflow/.local/lib/python3.10/site-packages/airflow/example_dags/example_branch_operator.py took 0.121 seconds
[2026-07-21T18:44:20.766+0000] {processor.py:161} INFO - Started process (PID=1196) to work on /home/airflow/.local/lib/python3.10/site-packages/airflow/example_dags/example_branch_operator.py
[2026-07-21T18:44:20.767+0000] {processor.py:830} INFO - Processing file /home/airflow/.local/lib/python3.10/site-packages/airflow/example_dags/example_branch_operator.py for tasks to queue
[2026-07-21T18:44:20.769+0000] {logging_mixin.py:188} INFO - [2026-07-21T18:44:20.769+0000] {dagbag.py:538} INFO - Filling up the DagBag from /home/airflow/.local/lib/python3.10/site-packages/airflow/example_dags/example_branch_operator.py
[2026-07-21T18:44:20.786+0000] {processor.py:840} INFO - DAG(s) 'example_branch_operator' retrieved from /home/airflow/.local/lib/python3.10/site-packages/airflow/example_dags/example_branch_operator.py
[2026-07-21T18:44:20.811+0000] {logging_mixin.py:188} INFO - [2026-07-21T18:44:20.811+0000] {dag.py:3036} INFO - Sync 1 DAGs
[2026-07-21T18:44:20.830+0000] {logging_mixin.py:188} INFO - [2026-07-21T18:44:20.830+0000] {dag.py:3823} INFO - Setting next_dagrun for example_branch_operator to 2026-07-20 00:00:00+00:00, run_after=2026-07-21 00:00:00+00:00
[2026-07-21T18:44:20.848+0000] {processor.py:183} INFO - Processing /home/airflow/.local/lib/python3.10/site-packages/airflow/example_dags/example_branch_operator.py took 0.086 seconds
[2026-07-21T18:44:51.061+0000] {processor.py:161} INFO - Started process (PID=1252) to work on /home/airflow/.local/lib/python3.10/site-packages/airflow/example_dags/example_branch_operator.py
[2026-07-21T18:44:51.063+0000] {processor.py:830} INFO - Processing file /home/airflow/.local/lib/python3.10/site-packages/airflow/example_dags/example_branch_operator.py for tasks to queue
[2026-07-21T18:44:51.065+0000] {logging_mixin.py:188} INFO - [2026-07-21T18:44:51.065+0000] {dagbag.py:538} INFO - Filling up the DagBag from /home/airflow/.local/lib/python3.10/site-packages/airflow/example_dags/example_branch_operator.py
[2026-07-21T18:44:51.082+0000] {processor.py:840} INFO - DAG(s) 'example_branch_operator' retrieved from /home/airflow/.local/lib/python3.10/site-packages/airflow/example_dags/example_branch_operator.py
[2026-07-21T18:44:51.107+0000] {logging_mixin.py:188} INFO - [2026-07-21T18:44:51.107+0000] {dag.py:3036} INFO - Sync 1 DAGs
[2026-07-21T18:44:51.125+0000] {logging_mixin.py:188} INFO - [2026-07-21T18:44:51.125+0000] {dag.py:3823} INFO - Setting next_dagrun for example_branch_operator to 2026-07-20 00:00:00+00:00, run_after=2026-07-21 00:00:00+00:00
[2026-07-21T18:44:51.143+0000] {processor.py:183} INFO - Processing /home/airflow/.local/lib/python3.10/site-packages/airflow/example_dags/example_branch_operator.py took 0.085 seconds
[2026-07-21T18:45:21.383+0000] {processor.py:161} INFO - Started process (PID=1308) to work on /home/airflow/.local/lib/python3.10/site-packages/airflow/example_dags/example_branch_operator.py
[2026-07-21T18:45:21.384+0000] {processor.py:830} INFO - Processing file /home/airflow/.local/lib/python3.10/site-packages/airflow/example_dags/example_branch_operator.py for tasks to queue
[2026-07-21T18:45:21.386+0000] {logging_mixin.py:188} INFO - [2026-07-21T18:45:21.386+0000] {dagbag.py:538} INFO - Filling up the DagBag from /home/airflow/.local/lib/python3.10/site-packages/airflow/example_dags/example_branch_operator.py
[2026-07-21T18:45:21.403+0000] {processor.py:840} INFO - DAG(s) 'example_branch_operator' retrieved from /home/airflow/.local/lib/python3.10/site-packages/airflow/example_dags/example_branch_operator.py
[2026-07-21T18:45:21.429+0000] {logging_mixin.py:188} INFO - [2026-07-21T18:45:21.429+0000] {dag.py:3036} INFO - Sync 1 DAGs
[2026-07-21T18:45:21.449+0000] {logging_mixin.py:188} INFO - [2026-07-21T18:45:21.449+0000] {dag.py:3823} INFO - Setting next_dagrun for example_branch_operator to 2026-07-20 00:00:00+00:00, run_after=2026-07-21 00:00:00+00:00
[2026-07-21T18:45:21.468+0000] {processor.py:183} INFO - Processing /home/airflow/.local/lib/python3.10/site-packages/airflow/example_dags/example_branch_operator.py took 0.089 seconds
[2026-07-21T18:45:51.942+0000] {processor.py:161} INFO - Started process (PID=1364) to work on /home/airflow/.local/lib/python3.10/site-packages/airflow/example_dags/example_branch_operator.py
[2026-07-21T18:45:51.943+0000] {processor.py:830} INFO - Processing file /home/airflow/.local/lib/python3.10/site-packages/airflow/example_dags/example_branch_operator.py for tasks to queue
[2026-07-21T18:45:51.945+0000] {logging_mixin.py:188} INFO - [2026-07-21T18:45:51.945+0000] {dagbag.py:538} INFO - Filling up the DagBag from /home/airflow/.local/lib/python3.10/site-packages/airflow/example_dags/example_branch_operator.py
[2026-07-21T18:45:51.961+0000] {processor.py:840} INFO - DAG(s) 'example_branch_operator' retrieved from /home/airflow/.local/lib/python3.10/site-packages/airflow/example_dags/example_branch_operator.py
[2026-07-21T18:45:51.987+0000] {logging_mixin.py:188} INFO - [2026-07-21T18:45:51.986+0000] {dag.py:3036} INFO - Sync 1 DAGs
[2026-07-21T18:45:52.007+0000] {logging_mixin.py:188} INFO - [2026-07-21T18:45:52.006+0000] {dag.py:3823} INFO - Setting next_dagrun for example_branch_operator to 2026-07-20 00:00:00+00:00, run_after=2026-07-21 00:00:00+00:00
[2026-07-21T18:45:52.024+0000] {processor.py:183} INFO - Processing /home/airflow/.local/lib/python3.10/site-packages/airflow/example_dags/example_branch_operator.py took 0.085 seconds
[2026-07-21T18:46:22.221+0000] {processor.py:161} INFO - Started process (PID=1420) to work on /home/airflow/.local/lib/python3.10/site-packages/airflow/example_dags/example_branch_operator.py
[2026-07-21T18:46:22.222+0000] {processor.py:830} INFO - Processing file /home/airflow/.local/lib/python3.10/site-packages/airflow/example_dags/example_branch_operator.py for tasks to queue
[2026-07-21T18:46:22.224+0000] {logging_mixin.py:188} INFO - [2026-07-21T18:46:22.224+0000] {dagbag.py:538} INFO - Filling up the DagBag from /home/airflow/.local/lib/python3.10/site-packages/airflow/example_dags/example_branch_operator.py
[2026-07-21T18:46:22.240+0000] {processor.py:840} INFO - DAG(s) 'example_branch_operator' retrieved from /home/airflow/.local/lib/python3.10/site-packages/airflow/example_dags/example_branch_operator.py
[2026-07-21T18:46:22.268+0000] {logging_mixin.py:188} INFO - [2026-07-21T18:46:22.268+0000] {dag.py:3036} INFO - Sync 1 DAGs
[2026-07-21T18:46:22.289+0000] {logging_mixin.py:188} INFO - [2026-07-21T18:46:22.289+0000] {dag.py:3823} INFO - Setting next_dagrun for example_branch_operator to 2026-07-20 00:00:00+00:00, run_after=2026-07-21 00:00:00+00:00
[2026-07-21T18:46:22.307+0000] {processor.py:183} INFO - Processing /home/airflow/.local/lib/python3.10/site-packages/airflow/example_dags/example_branch_operator.py took 0.090 seconds
[2026-07-21T18:46:52.389+0000] {processor.py:161} INFO - Started process (PID=1476) to work on /home/airflow/.local/lib/python3.10/site-packages/airflow/example_dags/example_branch_operator.py
[2026-07-21T18:46:52.390+0000] {processor.py:830} INFO - Processing file /home/airflow/.local/lib/python3.10/site-packages/airflow/example_dags/example_branch_operator.py for tasks to queue
[2026-07-21T18:46:52.393+0000] {logging_mixin.py:188} INFO - [2026-07-21T18:46:52.392+0000] {dagbag.py:538} INFO - Filling up the DagBag from /home/airflow/.local/lib/python3.10/site-packages/airflow/example_dags/example_branch_operator.py
[2026-07-21T18:46:52.408+0000] {processor.py:840} INFO - DAG(s) 'example_branch_operator' retrieved from /home/airflow/.local/lib/python3.10/site-packages/airflow/example_dags/example_branch_operator.py
[2026-07-21T18:46:52.434+0000] {logging_mixin.py:188} INFO - [2026-07-21T18:46:52.433+0000] {dag.py:3036} INFO - Sync 1 DAGs
[2026-07-21T18:46:52.454+0000] {logging_mixin.py:188} INFO - [2026-07-21T18:46:52.454+0000] {dag.py:3823} INFO - Setting next_dagrun for example_branch_operator to 2026-07-20 00:00:00+00:00, run_after=2026-07-21 00:00:00+00:00
[2026-07-21T18:46:52.472+0000] {processor.py:183} INFO - Processing /home/airflow/.local/lib/python3.10/site-packages/airflow/example_dags/example_branch_operator.py took 0.086 seconds
[2026-07-21T18:47:22.750+0000] {processor.py:161} INFO - Started process (PID=1532) to work on /home/airflow/.local/lib/python3.10/site-packages/airflow/example_dags/example_branch_operator.py
[2026-07-21T18:47:22.751+0000] {processor.py:830} INFO - Processing file /home/airflow/.local/lib/python3.10/site-packages/airflow/example_dags/example_branch_operator.py for tasks to queue
[2026-07-21T18:47:22.754+0000] {logging_mixin.py:188} INFO - [2026-07-21T18:47:22.754+0000] {dagbag.py:538} INFO - Filling up the DagBag from /home/airflow/.local/lib/python3.10/site-packages/airflow/example_dags/example_branch_operator.py
[2026-07-21T18:47:22.771+0000] {processor.py:840} INFO - DAG(s) 'example_branch_operator' retrieved from /home/airflow/.local/lib/python3.10/site-packages/airflow/example_dags/example_branch_operator.py
[2026-07-21T18:47:22.797+0000] {logging_mixin.py:188} INFO - [2026-07-21T18:47:22.796+0000] {dag.py:3036} INFO - Sync 1 DAGs
[2026-07-21T18:47:22.817+0000] {logging_mixin.py:188} INFO - [2026-07-21T18:47:22.817+0000] {dag.py:3823} INFO - Setting next_dagrun for example_branch_operator to 2026-07-20 00:00:00+00:00, run_after=2026-07-21 00:00:00+00:00
[2026-07-21T18:47:22.836+0000] {processor.py:183} INFO - Processing /home/airflow/.local/lib/python3.10/site-packages/airflow/example_dags/example_branch_operator.py took 0.089 seconds
[2026-07-21T18:47:53.455+0000] {processor.py:161} INFO - Started process (PID=1588) to work on /home/airflow/.local/lib/python3.10/site-packages/airflow/example_dags/example_branch_operator.py
[2026-07-21T18:47:53.456+0000] {processor.py:830} INFO - Processing file /home/airflow/.local/lib/python3.10/site-packages/airflow/example_dags/example_branch_operator.py for tasks to queue
[2026-07-21T18:47:53.458+0000] {logging_mixin.py:188} INFO - [2026-07-21T18:47:53.458+0000] {dagbag.py:538} INFO - Filling up the DagBag from /home/airflow/.local/lib/python3.10/site-packages/airflow/example_dags/example_branch_operator.py
[2026-07-21T18:47:53.473+0000] {processor.py:840} INFO - DAG(s) 'example_branch_operator' retrieved from /home/airflow/.local/lib/python3.10/site-packages/airflow/example_dags/example_branch_operator.py
[2026-07-21T18:47:53.499+0000] {logging_mixin.py:188} INFO - [2026-07-21T18:47:53.499+0000] {dag.py:3036} INFO - Sync 1 DAGs
[2026-07-21T18:47:53.519+0000] {logging_mixin.py:188} INFO - [2026-07-21T18:47:53.519+0000] {dag.py:3823} INFO - Setting next_dagrun for example_branch_operator to 2026-07-20 00:00:00+00:00, run_after=2026-07-21 00:00:00+00:00
[2026-07-21T18:47:53.537+0000] {processor.py:183} INFO - Processing /home/airflow/.local/lib/python3.10/site-packages/airflow/example_dags/example_branch_operator.py took 0.085 seconds
