[2026-07-21T17:56:32.972+0000] {processor.py:161} INFO - Started process (PID=103) to work on /home/airflow/.local/lib/python3.8/site-packages/airflow/example_dags/example_sensor_decorator.py
[2026-07-21T17:56:32.974+0000] {processor.py:830} INFO - Processing file /home/airflow/.local/lib/python3.8/site-packages/airflow/example_dags/example_sensor_decorator.py for tasks to queue
[2026-07-21T17:56:32.976+0000] {logging_mixin.py:188} INFO - [2026-07-21T17:56:32.975+0000] {dagbag.py:538} INFO - Filling up the DagBag from /home/airflow/.local/lib/python3.8/site-packages/airflow/example_dags/example_sensor_decorator.py
[2026-07-21T17:56:32.986+0000] {processor.py:840} INFO - DAG(s) 'example_sensor_decorator' retrieved from /home/airflow/.local/lib/python3.8/site-packages/airflow/example_dags/example_sensor_decorator.py
[2026-07-21T17:56:33.212+0000] {logging_mixin.py:188} INFO - [2026-07-21T17:56:33.211+0000] {dag.py:3036} INFO - Sync 1 DAGs
[2026-07-21T17:56:33.234+0000] {logging_mixin.py:188} INFO - [2026-07-21T17:56:33.234+0000] {dag.py:3823} INFO - Setting next_dagrun for example_sensor_decorator to None, run_after=None
[2026-07-21T17:56:33.281+0000] {processor.py:183} INFO - Processing /home/airflow/.local/lib/python3.8/site-packages/airflow/example_dags/example_sensor_decorator.py took 0.315 seconds
[2026-07-21T17:57:03.706+0000] {processor.py:161} INFO - Started process (PID=159) to work on /home/airflow/.local/lib/python3.8/site-packages/airflow/example_dags/example_sensor_decorator.py
[2026-07-21T17:57:03.707+0000] {processor.py:830} INFO - Processing file /home/airflow/.local/lib/python3.8/site-packages/airflow/example_dags/example_sensor_decorator.py for tasks to queue
[2026-07-21T17:57:03.709+0000] {logging_mixin.py:188} INFO - [2026-07-21T17:57:03.709+0000] {dagbag.py:538} INFO - Filling up the DagBag from /home/airflow/.local/lib/python3.8/site-packages/airflow/example_dags/example_sensor_decorator.py
[2026-07-21T17:57:03.718+0000] {processor.py:840} INFO - DAG(s) 'example_sensor_decorator' retrieved from /home/airflow/.local/lib/python3.8/site-packages/airflow/example_dags/example_sensor_decorator.py
[2026-07-21T17:57:03.741+0000] {logging_mixin.py:188} INFO - [2026-07-21T17:57:03.741+0000] {dag.py:3036} INFO - Sync 1 DAGs
[2026-07-21T17:57:03.753+0000] {logging_mixin.py:188} INFO - [2026-07-21T17:57:03.753+0000] {dag.py:3823} INFO - Setting next_dagrun for example_sensor_decorator to None, run_after=None
[2026-07-21T17:57:03.771+0000] {processor.py:183} INFO - Processing /home/airflow/.local/lib/python3.8/site-packages/airflow/example_dags/example_sensor_decorator.py took 0.069 seconds
[2026-07-21T17:57:34.134+0000] {processor.py:161} INFO - Started process (PID=215) to work on /home/airflow/.local/lib/python3.8/site-packages/airflow/example_dags/example_sensor_decorator.py
[2026-07-21T17:57:34.136+0000] {processor.py:830} INFO - Processing file /home/airflow/.local/lib/python3.8/site-packages/airflow/example_dags/example_sensor_decorator.py for tasks to queue
[2026-07-21T17:57:34.138+0000] {logging_mixin.py:188} INFO - [2026-07-21T17:57:34.138+0000] {dagbag.py:538} INFO - Filling up the DagBag from /home/airflow/.local/lib/python3.8/site-packages/airflow/example_dags/example_sensor_decorator.py
[2026-07-21T17:57:34.148+0000] {processor.py:840} INFO - DAG(s) 'example_sensor_decorator' retrieved from /home/airflow/.local/lib/python3.8/site-packages/airflow/example_dags/example_sensor_decorator.py
[2026-07-21T17:57:34.179+0000] {logging_mixin.py:188} INFO - [2026-07-21T17:57:34.179+0000] {dag.py:3036} INFO - Sync 1 DAGs
[2026-07-21T17:57:34.195+0000] {logging_mixin.py:188} INFO - [2026-07-21T17:57:34.195+0000] {dag.py:3823} INFO - Setting next_dagrun for example_sensor_decorator to None, run_after=None
[2026-07-21T17:57:34.221+0000] {processor.py:183} INFO - Processing /home/airflow/.local/lib/python3.8/site-packages/airflow/example_dags/example_sensor_decorator.py took 0.092 seconds
[2026-07-21T17:58:04.336+0000] {processor.py:161} INFO - Started process (PID=271) to work on /home/airflow/.local/lib/python3.8/site-packages/airflow/example_dags/example_sensor_decorator.py
[2026-07-21T17:58:04.337+0000] {processor.py:830} INFO - Processing file /home/airflow/.local/lib/python3.8/site-packages/airflow/example_dags/example_sensor_decorator.py for tasks to queue
[2026-07-21T17:58:04.338+0000] {logging_mixin.py:188} INFO - [2026-07-21T17:58:04.338+0000] {dagbag.py:538} INFO - Filling up the DagBag from /home/airflow/.local/lib/python3.8/site-packages/airflow/example_dags/example_sensor_decorator.py
[2026-07-21T17:58:04.345+0000] {processor.py:840} INFO - DAG(s) 'example_sensor_decorator' retrieved from /home/airflow/.local/lib/python3.8/site-packages/airflow/example_dags/example_sensor_decorator.py
[2026-07-21T17:58:04.367+0000] {logging_mixin.py:188} INFO - [2026-07-21T17:58:04.366+0000] {dag.py:3036} INFO - Sync 1 DAGs
[2026-07-21T17:58:04.378+0000] {logging_mixin.py:188} INFO - [2026-07-21T17:58:04.377+0000] {dag.py:3823} INFO - Setting next_dagrun for example_sensor_decorator to None, run_after=None
[2026-07-21T17:58:04.396+0000] {processor.py:183} INFO - Processing /home/airflow/.local/lib/python3.8/site-packages/airflow/example_dags/example_sensor_decorator.py took 0.064 seconds
[2026-07-21T17:58:34.742+0000] {processor.py:161} INFO - Started process (PID=327) to work on /home/airflow/.local/lib/python3.8/site-packages/airflow/example_dags/example_sensor_decorator.py
[2026-07-21T17:58:34.744+0000] {processor.py:830} INFO - Processing file /home/airflow/.local/lib/python3.8/site-packages/airflow/example_dags/example_sensor_decorator.py for tasks to queue
[2026-07-21T17:58:34.746+0000] {logging_mixin.py:188} INFO - [2026-07-21T17:58:34.746+0000] {dagbag.py:538} INFO - Filling up the DagBag from /home/airflow/.local/lib/python3.8/site-packages/airflow/example_dags/example_sensor_decorator.py
[2026-07-21T17:58:34.752+0000] {processor.py:840} INFO - DAG(s) 'example_sensor_decorator' retrieved from /home/airflow/.local/lib/python3.8/site-packages/airflow/example_dags/example_sensor_decorator.py
[2026-07-21T17:58:34.772+0000] {logging_mixin.py:188} INFO - [2026-07-21T17:58:34.772+0000] {dag.py:3036} INFO - Sync 1 DAGs
[2026-07-21T17:58:34.785+0000] {logging_mixin.py:188} INFO - [2026-07-21T17:58:34.784+0000] {dag.py:3823} INFO - Setting next_dagrun for example_sensor_decorator to None, run_after=None
[2026-07-21T17:58:34.805+0000] {processor.py:183} INFO - Processing /home/airflow/.local/lib/python3.8/site-packages/airflow/example_dags/example_sensor_decorator.py took 0.066 seconds
[2026-07-21T17:59:05.089+0000] {processor.py:161} INFO - Started process (PID=383) to work on /home/airflow/.local/lib/python3.8/site-packages/airflow/example_dags/example_sensor_decorator.py
[2026-07-21T17:59:05.090+0000] {processor.py:830} INFO - Processing file /home/airflow/.local/lib/python3.8/site-packages/airflow/example_dags/example_sensor_decorator.py for tasks to queue
[2026-07-21T17:59:05.092+0000] {logging_mixin.py:188} INFO - [2026-07-21T17:59:05.092+0000] {dagbag.py:538} INFO - Filling up the DagBag from /home/airflow/.local/lib/python3.8/site-packages/airflow/example_dags/example_sensor_decorator.py
[2026-07-21T17:59:05.098+0000] {processor.py:840} INFO - DAG(s) 'example_sensor_decorator' retrieved from /home/airflow/.local/lib/python3.8/site-packages/airflow/example_dags/example_sensor_decorator.py
[2026-07-21T17:59:05.119+0000] {logging_mixin.py:188} INFO - [2026-07-21T17:59:05.119+0000] {dag.py:3036} INFO - Sync 1 DAGs
[2026-07-21T17:59:05.130+0000] {logging_mixin.py:188} INFO - [2026-07-21T17:59:05.130+0000] {dag.py:3823} INFO - Setting next_dagrun for example_sensor_decorator to None, run_after=None
[2026-07-21T17:59:05.150+0000] {processor.py:183} INFO - Processing /home/airflow/.local/lib/python3.8/site-packages/airflow/example_dags/example_sensor_decorator.py took 0.065 seconds
[2026-07-21T17:59:35.223+0000] {processor.py:161} INFO - Started process (PID=439) to work on /home/airflow/.local/lib/python3.8/site-packages/airflow/example_dags/example_sensor_decorator.py
[2026-07-21T17:59:35.225+0000] {processor.py:830} INFO - Processing file /home/airflow/.local/lib/python3.8/site-packages/airflow/example_dags/example_sensor_decorator.py for tasks to queue
[2026-07-21T17:59:35.227+0000] {logging_mixin.py:188} INFO - [2026-07-21T17:59:35.226+0000] {dagbag.py:538} INFO - Filling up the DagBag from /home/airflow/.local/lib/python3.8/site-packages/airflow/example_dags/example_sensor_decorator.py
[2026-07-21T17:59:35.233+0000] {processor.py:840} INFO - DAG(s) 'example_sensor_decorator' retrieved from /home/airflow/.local/lib/python3.8/site-packages/airflow/example_dags/example_sensor_decorator.py
[2026-07-21T17:59:35.259+0000] {logging_mixin.py:188} INFO - [2026-07-21T17:59:35.259+0000] {dag.py:3036} INFO - Sync 1 DAGs
[2026-07-21T17:59:35.271+0000] {logging_mixin.py:188} INFO - [2026-07-21T17:59:35.270+0000] {dag.py:3823} INFO - Setting next_dagrun for example_sensor_decorator to None, run_after=None
[2026-07-21T17:59:35.290+0000] {processor.py:183} INFO - Processing /home/airflow/.local/lib/python3.8/site-packages/airflow/example_dags/example_sensor_decorator.py took 0.071 seconds
[2026-07-21T18:00:05.528+0000] {processor.py:161} INFO - Started process (PID=495) to work on /home/airflow/.local/lib/python3.8/site-packages/airflow/example_dags/example_sensor_decorator.py
[2026-07-21T18:00:05.529+0000] {processor.py:830} INFO - Processing file /home/airflow/.local/lib/python3.8/site-packages/airflow/example_dags/example_sensor_decorator.py for tasks to queue
[2026-07-21T18:00:05.531+0000] {logging_mixin.py:188} INFO - [2026-07-21T18:00:05.530+0000] {dagbag.py:538} INFO - Filling up the DagBag from /home/airflow/.local/lib/python3.8/site-packages/airflow/example_dags/example_sensor_decorator.py
[2026-07-21T18:00:05.537+0000] {processor.py:840} INFO - DAG(s) 'example_sensor_decorator' retrieved from /home/airflow/.local/lib/python3.8/site-packages/airflow/example_dags/example_sensor_decorator.py
[2026-07-21T18:00:05.557+0000] {logging_mixin.py:188} INFO - [2026-07-21T18:00:05.557+0000] {dag.py:3036} INFO - Sync 1 DAGs
[2026-07-21T18:00:05.569+0000] {logging_mixin.py:188} INFO - [2026-07-21T18:00:05.568+0000] {dag.py:3823} INFO - Setting next_dagrun for example_sensor_decorator to None, run_after=None
[2026-07-21T18:00:05.588+0000] {processor.py:183} INFO - Processing /home/airflow/.local/lib/python3.8/site-packages/airflow/example_dags/example_sensor_decorator.py took 0.065 seconds
[2026-07-21T18:00:36.046+0000] {processor.py:161} INFO - Started process (PID=551) to work on /home/airflow/.local/lib/python3.8/site-packages/airflow/example_dags/example_sensor_decorator.py
[2026-07-21T18:00:36.048+0000] {processor.py:830} INFO - Processing file /home/airflow/.local/lib/python3.8/site-packages/airflow/example_dags/example_sensor_decorator.py for tasks to queue
[2026-07-21T18:00:36.050+0000] {logging_mixin.py:188} INFO - [2026-07-21T18:00:36.049+0000] {dagbag.py:538} INFO - Filling up the DagBag from /home/airflow/.local/lib/python3.8/site-packages/airflow/example_dags/example_sensor_decorator.py
[2026-07-21T18:00:36.056+0000] {processor.py:840} INFO - DAG(s) 'example_sensor_decorator' retrieved from /home/airflow/.local/lib/python3.8/site-packages/airflow/example_dags/example_sensor_decorator.py
[2026-07-21T18:00:36.078+0000] {logging_mixin.py:188} INFO - [2026-07-21T18:00:36.077+0000] {dag.py:3036} INFO - Sync 1 DAGs
[2026-07-21T18:00:36.089+0000] {logging_mixin.py:188} INFO - [2026-07-21T18:00:36.089+0000] {dag.py:3823} INFO - Setting next_dagrun for example_sensor_decorator to None, run_after=None
[2026-07-21T18:00:36.108+0000] {processor.py:183} INFO - Processing /home/airflow/.local/lib/python3.8/site-packages/airflow/example_dags/example_sensor_decorator.py took 0.066 seconds
[2026-07-21T18:01:06.163+0000] {processor.py:161} INFO - Started process (PID=608) to work on /home/airflow/.local/lib/python3.8/site-packages/airflow/example_dags/example_sensor_decorator.py
[2026-07-21T18:01:06.164+0000] {processor.py:830} INFO - Processing file /home/airflow/.local/lib/python3.8/site-packages/airflow/example_dags/example_sensor_decorator.py for tasks to queue
[2026-07-21T18:01:06.166+0000] {logging_mixin.py:188} INFO - [2026-07-21T18:01:06.166+0000] {dagbag.py:538} INFO - Filling up the DagBag from /home/airflow/.local/lib/python3.8/site-packages/airflow/example_dags/example_sensor_decorator.py
[2026-07-21T18:01:06.173+0000] {processor.py:840} INFO - DAG(s) 'example_sensor_decorator' retrieved from /home/airflow/.local/lib/python3.8/site-packages/airflow/example_dags/example_sensor_decorator.py
[2026-07-21T18:01:06.192+0000] {logging_mixin.py:188} INFO - [2026-07-21T18:01:06.192+0000] {dag.py:3036} INFO - Sync 1 DAGs
[2026-07-21T18:01:06.203+0000] {logging_mixin.py:188} INFO - [2026-07-21T18:01:06.203+0000] {dag.py:3823} INFO - Setting next_dagrun for example_sensor_decorator to None, run_after=None
[2026-07-21T18:01:06.222+0000] {processor.py:183} INFO - Processing /home/airflow/.local/lib/python3.8/site-packages/airflow/example_dags/example_sensor_decorator.py took 0.062 seconds
[2026-07-21T18:01:36.810+0000] {processor.py:161} INFO - Started process (PID=664) to work on /home/airflow/.local/lib/python3.8/site-packages/airflow/example_dags/example_sensor_decorator.py
[2026-07-21T18:01:36.811+0000] {processor.py:830} INFO - Processing file /home/airflow/.local/lib/python3.8/site-packages/airflow/example_dags/example_sensor_decorator.py for tasks to queue
[2026-07-21T18:01:36.813+0000] {logging_mixin.py:188} INFO - [2026-07-21T18:01:36.813+0000] {dagbag.py:538} INFO - Filling up the DagBag from /home/airflow/.local/lib/python3.8/site-packages/airflow/example_dags/example_sensor_decorator.py
[2026-07-21T18:01:36.819+0000] {processor.py:840} INFO - DAG(s) 'example_sensor_decorator' retrieved from /home/airflow/.local/lib/python3.8/site-packages/airflow/example_dags/example_sensor_decorator.py
[2026-07-21T18:01:36.839+0000] {logging_mixin.py:188} INFO - [2026-07-21T18:01:36.839+0000] {dag.py:3036} INFO - Sync 1 DAGs
[2026-07-21T18:01:36.850+0000] {logging_mixin.py:188} INFO - [2026-07-21T18:01:36.850+0000] {dag.py:3823} INFO - Setting next_dagrun for example_sensor_decorator to None, run_after=None
[2026-07-21T18:01:36.869+0000] {processor.py:183} INFO - Processing /home/airflow/.local/lib/python3.8/site-packages/airflow/example_dags/example_sensor_decorator.py took 0.063 seconds
[2026-07-21T18:02:06.954+0000] {processor.py:161} INFO - Started process (PID=720) to work on /home/airflow/.local/lib/python3.8/site-packages/airflow/example_dags/example_sensor_decorator.py
[2026-07-21T18:02:06.955+0000] {processor.py:830} INFO - Processing file /home/airflow/.local/lib/python3.8/site-packages/airflow/example_dags/example_sensor_decorator.py for tasks to queue
[2026-07-21T18:02:06.957+0000] {logging_mixin.py:188} INFO - [2026-07-21T18:02:06.956+0000] {dagbag.py:538} INFO - Filling up the DagBag from /home/airflow/.local/lib/python3.8/site-packages/airflow/example_dags/example_sensor_decorator.py
[2026-07-21T18:02:06.963+0000] {processor.py:840} INFO - DAG(s) 'example_sensor_decorator' retrieved from /home/airflow/.local/lib/python3.8/site-packages/airflow/example_dags/example_sensor_decorator.py
[2026-07-21T18:02:06.983+0000] {logging_mixin.py:188} INFO - [2026-07-21T18:02:06.983+0000] {dag.py:3036} INFO - Sync 1 DAGs
[2026-07-21T18:02:06.995+0000] {logging_mixin.py:188} INFO - [2026-07-21T18:02:06.994+0000] {dag.py:3823} INFO - Setting next_dagrun for example_sensor_decorator to None, run_after=None
[2026-07-21T18:02:07.012+0000] {processor.py:183} INFO - Processing /home/airflow/.local/lib/python3.8/site-packages/airflow/example_dags/example_sensor_decorator.py took 0.062 seconds
[2026-07-21T18:02:37.400+0000] {processor.py:161} INFO - Started process (PID=776) to work on /home/airflow/.local/lib/python3.8/site-packages/airflow/example_dags/example_sensor_decorator.py
[2026-07-21T18:02:37.401+0000] {processor.py:830} INFO - Processing file /home/airflow/.local/lib/python3.8/site-packages/airflow/example_dags/example_sensor_decorator.py for tasks to queue
[2026-07-21T18:02:37.404+0000] {logging_mixin.py:188} INFO - [2026-07-21T18:02:37.403+0000] {dagbag.py:538} INFO - Filling up the DagBag from /home/airflow/.local/lib/python3.8/site-packages/airflow/example_dags/example_sensor_decorator.py
[2026-07-21T18:02:37.410+0000] {processor.py:840} INFO - DAG(s) 'example_sensor_decorator' retrieved from /home/airflow/.local/lib/python3.8/site-packages/airflow/example_dags/example_sensor_decorator.py
[2026-07-21T18:02:37.431+0000] {logging_mixin.py:188} INFO - [2026-07-21T18:02:37.431+0000] {dag.py:3036} INFO - Sync 1 DAGs
[2026-07-21T18:02:37.443+0000] {logging_mixin.py:188} INFO - [2026-07-21T18:02:37.443+0000] {dag.py:3823} INFO - Setting next_dagrun for example_sensor_decorator to None, run_after=None
[2026-07-21T18:02:37.463+0000] {processor.py:183} INFO - Processing /home/airflow/.local/lib/python3.8/site-packages/airflow/example_dags/example_sensor_decorator.py took 0.067 seconds
[2026-07-21T18:03:07.656+0000] {processor.py:161} INFO - Started process (PID=832) to work on /home/airflow/.local/lib/python3.8/site-packages/airflow/example_dags/example_sensor_decorator.py
[2026-07-21T18:03:07.657+0000] {processor.py:830} INFO - Processing file /home/airflow/.local/lib/python3.8/site-packages/airflow/example_dags/example_sensor_decorator.py for tasks to queue
[2026-07-21T18:03:07.659+0000] {logging_mixin.py:188} INFO - [2026-07-21T18:03:07.659+0000] {dagbag.py:538} INFO - Filling up the DagBag from /home/airflow/.local/lib/python3.8/site-packages/airflow/example_dags/example_sensor_decorator.py
[2026-07-21T18:03:07.665+0000] {processor.py:840} INFO - DAG(s) 'example_sensor_decorator' retrieved from /home/airflow/.local/lib/python3.8/site-packages/airflow/example_dags/example_sensor_decorator.py
[2026-07-21T18:03:07.685+0000] {logging_mixin.py:188} INFO - [2026-07-21T18:03:07.685+0000] {dag.py:3036} INFO - Sync 1 DAGs
[2026-07-21T18:03:07.696+0000] {logging_mixin.py:188} INFO - [2026-07-21T18:03:07.696+0000] {dag.py:3823} INFO - Setting next_dagrun for example_sensor_decorator to None, run_after=None
[2026-07-21T18:03:07.714+0000] {processor.py:183} INFO - Processing /home/airflow/.local/lib/python3.8/site-packages/airflow/example_dags/example_sensor_decorator.py took 0.062 seconds
[2026-07-21T18:03:38.004+0000] {processor.py:161} INFO - Started process (PID=888) to work on /home/airflow/.local/lib/python3.8/site-packages/airflow/example_dags/example_sensor_decorator.py
[2026-07-21T18:03:38.006+0000] {processor.py:830} INFO - Processing file /home/airflow/.local/lib/python3.8/site-packages/airflow/example_dags/example_sensor_decorator.py for tasks to queue
[2026-07-21T18:03:38.008+0000] {logging_mixin.py:188} INFO - [2026-07-21T18:03:38.008+0000] {dagbag.py:538} INFO - Filling up the DagBag from /home/airflow/.local/lib/python3.8/site-packages/airflow/example_dags/example_sensor_decorator.py
[2026-07-21T18:03:38.015+0000] {processor.py:840} INFO - DAG(s) 'example_sensor_decorator' retrieved from /home/airflow/.local/lib/python3.8/site-packages/airflow/example_dags/example_sensor_decorator.py
[2026-07-21T18:03:38.035+0000] {logging_mixin.py:188} INFO - [2026-07-21T18:03:38.034+0000] {dag.py:3036} INFO - Sync 1 DAGs
[2026-07-21T18:03:38.045+0000] {logging_mixin.py:188} INFO - [2026-07-21T18:03:38.045+0000] {dag.py:3823} INFO - Setting next_dagrun for example_sensor_decorator to None, run_after=None
[2026-07-21T18:03:38.064+0000] {processor.py:183} INFO - Processing /home/airflow/.local/lib/python3.8/site-packages/airflow/example_dags/example_sensor_decorator.py took 0.064 seconds
[2026-07-21T18:04:08.474+0000] {processor.py:161} INFO - Started process (PID=944) to work on /home/airflow/.local/lib/python3.8/site-packages/airflow/example_dags/example_sensor_decorator.py
[2026-07-21T18:04:08.475+0000] {processor.py:830} INFO - Processing file /home/airflow/.local/lib/python3.8/site-packages/airflow/example_dags/example_sensor_decorator.py for tasks to queue
[2026-07-21T18:04:08.479+0000] {logging_mixin.py:188} INFO - [2026-07-21T18:04:08.478+0000] {dagbag.py:538} INFO - Filling up the DagBag from /home/airflow/.local/lib/python3.8/site-packages/airflow/example_dags/example_sensor_decorator.py
[2026-07-21T18:04:08.486+0000] {processor.py:840} INFO - DAG(s) 'example_sensor_decorator' retrieved from /home/airflow/.local/lib/python3.8/site-packages/airflow/example_dags/example_sensor_decorator.py
[2026-07-21T18:04:08.507+0000] {logging_mixin.py:188} INFO - [2026-07-21T18:04:08.507+0000] {dag.py:3036} INFO - Sync 1 DAGs
[2026-07-21T18:04:08.519+0000] {logging_mixin.py:188} INFO - [2026-07-21T18:04:08.519+0000] {dag.py:3823} INFO - Setting next_dagrun for example_sensor_decorator to None, run_after=None
[2026-07-21T18:04:08.538+0000] {processor.py:183} INFO - Processing /home/airflow/.local/lib/python3.8/site-packages/airflow/example_dags/example_sensor_decorator.py took 0.071 seconds
[2026-07-21T18:04:38.734+0000] {processor.py:161} INFO - Started process (PID=1000) to work on /home/airflow/.local/lib/python3.8/site-packages/airflow/example_dags/example_sensor_decorator.py
[2026-07-21T18:04:38.735+0000] {processor.py:830} INFO - Processing file /home/airflow/.local/lib/python3.8/site-packages/airflow/example_dags/example_sensor_decorator.py for tasks to queue
[2026-07-21T18:04:38.738+0000] {logging_mixin.py:188} INFO - [2026-07-21T18:04:38.737+0000] {dagbag.py:538} INFO - Filling up the DagBag from /home/airflow/.local/lib/python3.8/site-packages/airflow/example_dags/example_sensor_decorator.py
[2026-07-21T18:04:38.745+0000] {processor.py:840} INFO - DAG(s) 'example_sensor_decorator' retrieved from /home/airflow/.local/lib/python3.8/site-packages/airflow/example_dags/example_sensor_decorator.py
[2026-07-21T18:04:38.765+0000] {logging_mixin.py:188} INFO - [2026-07-21T18:04:38.765+0000] {dag.py:3036} INFO - Sync 1 DAGs
[2026-07-21T18:04:38.777+0000] {logging_mixin.py:188} INFO - [2026-07-21T18:04:38.776+0000] {dag.py:3823} INFO - Setting next_dagrun for example_sensor_decorator to None, run_after=None
[2026-07-21T18:04:38.795+0000] {processor.py:183} INFO - Processing /home/airflow/.local/lib/python3.8/site-packages/airflow/example_dags/example_sensor_decorator.py took 0.064 seconds
[2026-07-21T18:05:09.175+0000] {processor.py:161} INFO - Started process (PID=1056) to work on /home/airflow/.local/lib/python3.8/site-packages/airflow/example_dags/example_sensor_decorator.py
[2026-07-21T18:05:09.176+0000] {processor.py:830} INFO - Processing file /home/airflow/.local/lib/python3.8/site-packages/airflow/example_dags/example_sensor_decorator.py for tasks to queue
[2026-07-21T18:05:09.178+0000] {logging_mixin.py:188} INFO - [2026-07-21T18:05:09.178+0000] {dagbag.py:538} INFO - Filling up the DagBag from /home/airflow/.local/lib/python3.8/site-packages/airflow/example_dags/example_sensor_decorator.py
[2026-07-21T18:05:09.185+0000] {processor.py:840} INFO - DAG(s) 'example_sensor_decorator' retrieved from /home/airflow/.local/lib/python3.8/site-packages/airflow/example_dags/example_sensor_decorator.py
[2026-07-21T18:05:09.209+0000] {logging_mixin.py:188} INFO - [2026-07-21T18:05:09.209+0000] {dag.py:3036} INFO - Sync 1 DAGs
[2026-07-21T18:05:09.222+0000] {logging_mixin.py:188} INFO - [2026-07-21T18:05:09.222+0000] {dag.py:3823} INFO - Setting next_dagrun for example_sensor_decorator to None, run_after=None
[2026-07-21T18:05:09.243+0000] {processor.py:183} INFO - Processing /home/airflow/.local/lib/python3.8/site-packages/airflow/example_dags/example_sensor_decorator.py took 0.072 seconds
[2026-07-21T18:05:39.805+0000] {processor.py:161} INFO - Started process (PID=1112) to work on /home/airflow/.local/lib/python3.8/site-packages/airflow/example_dags/example_sensor_decorator.py
[2026-07-21T18:05:39.807+0000] {processor.py:830} INFO - Processing file /home/airflow/.local/lib/python3.8/site-packages/airflow/example_dags/example_sensor_decorator.py for tasks to queue
[2026-07-21T18:05:39.809+0000] {logging_mixin.py:188} INFO - [2026-07-21T18:05:39.808+0000] {dagbag.py:538} INFO - Filling up the DagBag from /home/airflow/.local/lib/python3.8/site-packages/airflow/example_dags/example_sensor_decorator.py
[2026-07-21T18:05:39.815+0000] {processor.py:840} INFO - DAG(s) 'example_sensor_decorator' retrieved from /home/airflow/.local/lib/python3.8/site-packages/airflow/example_dags/example_sensor_decorator.py
[2026-07-21T18:05:39.836+0000] {logging_mixin.py:188} INFO - [2026-07-21T18:05:39.836+0000] {dag.py:3036} INFO - Sync 1 DAGs
[2026-07-21T18:05:39.848+0000] {logging_mixin.py:188} INFO - [2026-07-21T18:05:39.848+0000] {dag.py:3823} INFO - Setting next_dagrun for example_sensor_decorator to None, run_after=None
[2026-07-21T18:05:39.866+0000] {processor.py:183} INFO - Processing /home/airflow/.local/lib/python3.8/site-packages/airflow/example_dags/example_sensor_decorator.py took 0.064 seconds
[2026-07-21T18:06:10.367+0000] {processor.py:161} INFO - Started process (PID=1168) to work on /home/airflow/.local/lib/python3.8/site-packages/airflow/example_dags/example_sensor_decorator.py
[2026-07-21T18:06:10.368+0000] {processor.py:830} INFO - Processing file /home/airflow/.local/lib/python3.8/site-packages/airflow/example_dags/example_sensor_decorator.py for tasks to queue
[2026-07-21T18:06:10.370+0000] {logging_mixin.py:188} INFO - [2026-07-21T18:06:10.370+0000] {dagbag.py:538} INFO - Filling up the DagBag from /home/airflow/.local/lib/python3.8/site-packages/airflow/example_dags/example_sensor_decorator.py
[2026-07-21T18:06:10.377+0000] {processor.py:840} INFO - DAG(s) 'example_sensor_decorator' retrieved from /home/airflow/.local/lib/python3.8/site-packages/airflow/example_dags/example_sensor_decorator.py
[2026-07-21T18:06:10.399+0000] {logging_mixin.py:188} INFO - [2026-07-21T18:06:10.399+0000] {dag.py:3036} INFO - Sync 1 DAGs
[2026-07-21T18:06:10.411+0000] {logging_mixin.py:188} INFO - [2026-07-21T18:06:10.411+0000] {dag.py:3823} INFO - Setting next_dagrun for example_sensor_decorator to None, run_after=None
[2026-07-21T18:06:10.431+0000] {processor.py:183} INFO - Processing /home/airflow/.local/lib/python3.8/site-packages/airflow/example_dags/example_sensor_decorator.py took 0.067 seconds
[2026-07-21T18:06:40.807+0000] {processor.py:161} INFO - Started process (PID=1224) to work on /home/airflow/.local/lib/python3.8/site-packages/airflow/example_dags/example_sensor_decorator.py
[2026-07-21T18:06:40.808+0000] {processor.py:830} INFO - Processing file /home/airflow/.local/lib/python3.8/site-packages/airflow/example_dags/example_sensor_decorator.py for tasks to queue
[2026-07-21T18:06:40.810+0000] {logging_mixin.py:188} INFO - [2026-07-21T18:06:40.810+0000] {dagbag.py:538} INFO - Filling up the DagBag from /home/airflow/.local/lib/python3.8/site-packages/airflow/example_dags/example_sensor_decorator.py
[2026-07-21T18:06:40.817+0000] {processor.py:840} INFO - DAG(s) 'example_sensor_decorator' retrieved from /home/airflow/.local/lib/python3.8/site-packages/airflow/example_dags/example_sensor_decorator.py
[2026-07-21T18:06:40.840+0000] {logging_mixin.py:188} INFO - [2026-07-21T18:06:40.840+0000] {dag.py:3036} INFO - Sync 1 DAGs
[2026-07-21T18:06:40.854+0000] {logging_mixin.py:188} INFO - [2026-07-21T18:06:40.854+0000] {dag.py:3823} INFO - Setting next_dagrun for example_sensor_decorator to None, run_after=None
[2026-07-21T18:06:40.876+0000] {processor.py:183} INFO - Processing /home/airflow/.local/lib/python3.8/site-packages/airflow/example_dags/example_sensor_decorator.py took 0.073 seconds
[2026-07-21T18:07:11.219+0000] {processor.py:161} INFO - Started process (PID=1280) to work on /home/airflow/.local/lib/python3.8/site-packages/airflow/example_dags/example_sensor_decorator.py
[2026-07-21T18:07:11.221+0000] {processor.py:830} INFO - Processing file /home/airflow/.local/lib/python3.8/site-packages/airflow/example_dags/example_sensor_decorator.py for tasks to queue
[2026-07-21T18:07:11.223+0000] {logging_mixin.py:188} INFO - [2026-07-21T18:07:11.223+0000] {dagbag.py:538} INFO - Filling up the DagBag from /home/airflow/.local/lib/python3.8/site-packages/airflow/example_dags/example_sensor_decorator.py
[2026-07-21T18:07:11.230+0000] {processor.py:840} INFO - DAG(s) 'example_sensor_decorator' retrieved from /home/airflow/.local/lib/python3.8/site-packages/airflow/example_dags/example_sensor_decorator.py
[2026-07-21T18:07:11.252+0000] {logging_mixin.py:188} INFO - [2026-07-21T18:07:11.252+0000] {dag.py:3036} INFO - Sync 1 DAGs
[2026-07-21T18:07:11.265+0000] {logging_mixin.py:188} INFO - [2026-07-21T18:07:11.264+0000] {dag.py:3823} INFO - Setting next_dagrun for example_sensor_decorator to None, run_after=None
[2026-07-21T18:07:11.283+0000] {processor.py:183} INFO - Processing /home/airflow/.local/lib/python3.8/site-packages/airflow/example_dags/example_sensor_decorator.py took 0.069 seconds
[2026-07-21T18:09:14.666+0000] {processor.py:161} INFO - Started process (PID=137) to work on /home/airflow/.local/lib/python3.8/site-packages/airflow/example_dags/example_sensor_decorator.py
[2026-07-21T18:09:14.667+0000] {processor.py:830} INFO - Processing file /home/airflow/.local/lib/python3.8/site-packages/airflow/example_dags/example_sensor_decorator.py for tasks to queue
[2026-07-21T18:09:14.670+0000] {logging_mixin.py:188} INFO - [2026-07-21T18:09:14.669+0000] {dagbag.py:538} INFO - Filling up the DagBag from /home/airflow/.local/lib/python3.8/site-packages/airflow/example_dags/example_sensor_decorator.py
[2026-07-21T18:09:14.679+0000] {processor.py:840} INFO - DAG(s) 'example_sensor_decorator' retrieved from /home/airflow/.local/lib/python3.8/site-packages/airflow/example_dags/example_sensor_decorator.py
[2026-07-21T18:09:14.700+0000] {logging_mixin.py:188} INFO - [2026-07-21T18:09:14.699+0000] {dag.py:3036} INFO - Sync 1 DAGs
[2026-07-21T18:09:14.719+0000] {logging_mixin.py:188} INFO - [2026-07-21T18:09:14.719+0000] {dag.py:3823} INFO - Setting next_dagrun for example_sensor_decorator to None, run_after=None
[2026-07-21T18:09:14.745+0000] {processor.py:183} INFO - Processing /home/airflow/.local/lib/python3.8/site-packages/airflow/example_dags/example_sensor_decorator.py took 0.083 seconds
[2026-07-21T18:09:45.763+0000] {processor.py:161} INFO - Started process (PID=193) to work on /home/airflow/.local/lib/python3.8/site-packages/airflow/example_dags/example_sensor_decorator.py
[2026-07-21T18:09:45.764+0000] {processor.py:830} INFO - Processing file /home/airflow/.local/lib/python3.8/site-packages/airflow/example_dags/example_sensor_decorator.py for tasks to queue
[2026-07-21T18:09:45.767+0000] {logging_mixin.py:188} INFO - [2026-07-21T18:09:45.766+0000] {dagbag.py:538} INFO - Filling up the DagBag from /home/airflow/.local/lib/python3.8/site-packages/airflow/example_dags/example_sensor_decorator.py
[2026-07-21T18:09:45.774+0000] {processor.py:840} INFO - DAG(s) 'example_sensor_decorator' retrieved from /home/airflow/.local/lib/python3.8/site-packages/airflow/example_dags/example_sensor_decorator.py
[2026-07-21T18:09:45.877+0000] {logging_mixin.py:188} INFO - [2026-07-21T18:09:45.877+0000] {dag.py:3036} INFO - Sync 1 DAGs
[2026-07-21T18:09:45.887+0000] {logging_mixin.py:188} INFO - [2026-07-21T18:09:45.886+0000] {dag.py:3823} INFO - Setting next_dagrun for example_sensor_decorator to None, run_after=None
[2026-07-21T18:09:45.907+0000] {processor.py:183} INFO - Processing /home/airflow/.local/lib/python3.8/site-packages/airflow/example_dags/example_sensor_decorator.py took 0.148 seconds
[2026-07-21T18:10:16.033+0000] {processor.py:161} INFO - Started process (PID=249) to work on /home/airflow/.local/lib/python3.8/site-packages/airflow/example_dags/example_sensor_decorator.py
[2026-07-21T18:10:16.035+0000] {processor.py:830} INFO - Processing file /home/airflow/.local/lib/python3.8/site-packages/airflow/example_dags/example_sensor_decorator.py for tasks to queue
[2026-07-21T18:10:16.037+0000] {logging_mixin.py:188} INFO - [2026-07-21T18:10:16.037+0000] {dagbag.py:538} INFO - Filling up the DagBag from /home/airflow/.local/lib/python3.8/site-packages/airflow/example_dags/example_sensor_decorator.py
[2026-07-21T18:10:16.044+0000] {processor.py:840} INFO - DAG(s) 'example_sensor_decorator' retrieved from /home/airflow/.local/lib/python3.8/site-packages/airflow/example_dags/example_sensor_decorator.py
[2026-07-21T18:10:16.065+0000] {logging_mixin.py:188} INFO - [2026-07-21T18:10:16.065+0000] {dag.py:3036} INFO - Sync 1 DAGs
[2026-07-21T18:10:16.077+0000] {logging_mixin.py:188} INFO - [2026-07-21T18:10:16.077+0000] {dag.py:3823} INFO - Setting next_dagrun for example_sensor_decorator to None, run_after=None
[2026-07-21T18:10:16.095+0000] {processor.py:183} INFO - Processing /home/airflow/.local/lib/python3.8/site-packages/airflow/example_dags/example_sensor_decorator.py took 0.065 seconds
[2026-07-21T18:10:46.215+0000] {processor.py:161} INFO - Started process (PID=305) to work on /home/airflow/.local/lib/python3.8/site-packages/airflow/example_dags/example_sensor_decorator.py
[2026-07-21T18:10:46.216+0000] {processor.py:830} INFO - Processing file /home/airflow/.local/lib/python3.8/site-packages/airflow/example_dags/example_sensor_decorator.py for tasks to queue
[2026-07-21T18:10:46.219+0000] {logging_mixin.py:188} INFO - [2026-07-21T18:10:46.218+0000] {dagbag.py:538} INFO - Filling up the DagBag from /home/airflow/.local/lib/python3.8/site-packages/airflow/example_dags/example_sensor_decorator.py
[2026-07-21T18:10:46.225+0000] {processor.py:840} INFO - DAG(s) 'example_sensor_decorator' retrieved from /home/airflow/.local/lib/python3.8/site-packages/airflow/example_dags/example_sensor_decorator.py
[2026-07-21T18:10:46.245+0000] {logging_mixin.py:188} INFO - [2026-07-21T18:10:46.245+0000] {dag.py:3036} INFO - Sync 1 DAGs
[2026-07-21T18:10:46.257+0000] {logging_mixin.py:188} INFO - [2026-07-21T18:10:46.257+0000] {dag.py:3823} INFO - Setting next_dagrun for example_sensor_decorator to None, run_after=None
[2026-07-21T18:10:46.277+0000] {processor.py:183} INFO - Processing /home/airflow/.local/lib/python3.8/site-packages/airflow/example_dags/example_sensor_decorator.py took 0.066 seconds
[2026-07-21T18:11:16.795+0000] {processor.py:161} INFO - Started process (PID=361) to work on /home/airflow/.local/lib/python3.8/site-packages/airflow/example_dags/example_sensor_decorator.py
[2026-07-21T18:11:16.796+0000] {processor.py:830} INFO - Processing file /home/airflow/.local/lib/python3.8/site-packages/airflow/example_dags/example_sensor_decorator.py for tasks to queue
[2026-07-21T18:11:16.798+0000] {logging_mixin.py:188} INFO - [2026-07-21T18:11:16.798+0000] {dagbag.py:538} INFO - Filling up the DagBag from /home/airflow/.local/lib/python3.8/site-packages/airflow/example_dags/example_sensor_decorator.py
[2026-07-21T18:11:16.806+0000] {processor.py:840} INFO - DAG(s) 'example_sensor_decorator' retrieved from /home/airflow/.local/lib/python3.8/site-packages/airflow/example_dags/example_sensor_decorator.py
[2026-07-21T18:11:16.832+0000] {logging_mixin.py:188} INFO - [2026-07-21T18:11:16.831+0000] {dag.py:3036} INFO - Sync 1 DAGs
[2026-07-21T18:11:16.847+0000] {logging_mixin.py:188} INFO - [2026-07-21T18:11:16.847+0000] {dag.py:3823} INFO - Setting next_dagrun for example_sensor_decorator to None, run_after=None
[2026-07-21T18:11:16.871+0000] {processor.py:183} INFO - Processing /home/airflow/.local/lib/python3.8/site-packages/airflow/example_dags/example_sensor_decorator.py took 0.080 seconds
[2026-07-21T18:11:47.225+0000] {processor.py:161} INFO - Started process (PID=417) to work on /home/airflow/.local/lib/python3.8/site-packages/airflow/example_dags/example_sensor_decorator.py
[2026-07-21T18:11:47.226+0000] {processor.py:830} INFO - Processing file /home/airflow/.local/lib/python3.8/site-packages/airflow/example_dags/example_sensor_decorator.py for tasks to queue
[2026-07-21T18:11:47.229+0000] {logging_mixin.py:188} INFO - [2026-07-21T18:11:47.229+0000] {dagbag.py:538} INFO - Filling up the DagBag from /home/airflow/.local/lib/python3.8/site-packages/airflow/example_dags/example_sensor_decorator.py
[2026-07-21T18:11:47.238+0000] {processor.py:840} INFO - DAG(s) 'example_sensor_decorator' retrieved from /home/airflow/.local/lib/python3.8/site-packages/airflow/example_dags/example_sensor_decorator.py
[2026-07-21T18:11:47.261+0000] {logging_mixin.py:188} INFO - [2026-07-21T18:11:47.260+0000] {dag.py:3036} INFO - Sync 1 DAGs
[2026-07-21T18:11:47.274+0000] {logging_mixin.py:188} INFO - [2026-07-21T18:11:47.274+0000] {dag.py:3823} INFO - Setting next_dagrun for example_sensor_decorator to None, run_after=None
[2026-07-21T18:11:47.297+0000] {processor.py:183} INFO - Processing /home/airflow/.local/lib/python3.8/site-packages/airflow/example_dags/example_sensor_decorator.py took 0.076 seconds
[2026-07-21T18:12:18.054+0000] {processor.py:161} INFO - Started process (PID=473) to work on /home/airflow/.local/lib/python3.8/site-packages/airflow/example_dags/example_sensor_decorator.py
[2026-07-21T18:12:18.055+0000] {processor.py:830} INFO - Processing file /home/airflow/.local/lib/python3.8/site-packages/airflow/example_dags/example_sensor_decorator.py for tasks to queue
[2026-07-21T18:12:18.057+0000] {logging_mixin.py:188} INFO - [2026-07-21T18:12:18.057+0000] {dagbag.py:538} INFO - Filling up the DagBag from /home/airflow/.local/lib/python3.8/site-packages/airflow/example_dags/example_sensor_decorator.py
[2026-07-21T18:12:18.063+0000] {processor.py:840} INFO - DAG(s) 'example_sensor_decorator' retrieved from /home/airflow/.local/lib/python3.8/site-packages/airflow/example_dags/example_sensor_decorator.py
[2026-07-21T18:12:18.088+0000] {logging_mixin.py:188} INFO - [2026-07-21T18:12:18.087+0000] {dag.py:3036} INFO - Sync 1 DAGs
[2026-07-21T18:12:18.101+0000] {logging_mixin.py:188} INFO - [2026-07-21T18:12:18.101+0000] {dag.py:3823} INFO - Setting next_dagrun for example_sensor_decorator to None, run_after=None
[2026-07-21T18:12:18.124+0000] {processor.py:183} INFO - Processing /home/airflow/.local/lib/python3.8/site-packages/airflow/example_dags/example_sensor_decorator.py took 0.074 seconds
[2026-07-21T18:12:48.655+0000] {processor.py:161} INFO - Started process (PID=529) to work on /home/airflow/.local/lib/python3.8/site-packages/airflow/example_dags/example_sensor_decorator.py
[2026-07-21T18:12:48.657+0000] {processor.py:830} INFO - Processing file /home/airflow/.local/lib/python3.8/site-packages/airflow/example_dags/example_sensor_decorator.py for tasks to queue
[2026-07-21T18:12:48.660+0000] {logging_mixin.py:188} INFO - [2026-07-21T18:12:48.659+0000] {dagbag.py:538} INFO - Filling up the DagBag from /home/airflow/.local/lib/python3.8/site-packages/airflow/example_dags/example_sensor_decorator.py
[2026-07-21T18:12:48.673+0000] {processor.py:840} INFO - DAG(s) 'example_sensor_decorator' retrieved from /home/airflow/.local/lib/python3.8/site-packages/airflow/example_dags/example_sensor_decorator.py
[2026-07-21T18:12:48.694+0000] {logging_mixin.py:188} INFO - [2026-07-21T18:12:48.694+0000] {dag.py:3036} INFO - Sync 1 DAGs
[2026-07-21T18:12:48.705+0000] {logging_mixin.py:188} INFO - [2026-07-21T18:12:48.705+0000] {dag.py:3823} INFO - Setting next_dagrun for example_sensor_decorator to None, run_after=None
[2026-07-21T18:12:48.726+0000] {processor.py:183} INFO - Processing /home/airflow/.local/lib/python3.8/site-packages/airflow/example_dags/example_sensor_decorator.py took 0.074 seconds
[2026-07-21T18:13:19.650+0000] {processor.py:161} INFO - Started process (PID=585) to work on /home/airflow/.local/lib/python3.8/site-packages/airflow/example_dags/example_sensor_decorator.py
[2026-07-21T18:13:19.652+0000] {processor.py:830} INFO - Processing file /home/airflow/.local/lib/python3.8/site-packages/airflow/example_dags/example_sensor_decorator.py for tasks to queue
[2026-07-21T18:13:19.654+0000] {logging_mixin.py:188} INFO - [2026-07-21T18:13:19.654+0000] {dagbag.py:538} INFO - Filling up the DagBag from /home/airflow/.local/lib/python3.8/site-packages/airflow/example_dags/example_sensor_decorator.py
[2026-07-21T18:13:19.662+0000] {processor.py:840} INFO - DAG(s) 'example_sensor_decorator' retrieved from /home/airflow/.local/lib/python3.8/site-packages/airflow/example_dags/example_sensor_decorator.py
[2026-07-21T18:13:19.685+0000] {logging_mixin.py:188} INFO - [2026-07-21T18:13:19.685+0000] {dag.py:3036} INFO - Sync 1 DAGs
[2026-07-21T18:13:19.698+0000] {logging_mixin.py:188} INFO - [2026-07-21T18:13:19.698+0000] {dag.py:3823} INFO - Setting next_dagrun for example_sensor_decorator to None, run_after=None
[2026-07-21T18:13:19.718+0000] {processor.py:183} INFO - Processing /home/airflow/.local/lib/python3.8/site-packages/airflow/example_dags/example_sensor_decorator.py took 0.072 seconds
[2026-07-21T18:13:50.061+0000] {processor.py:161} INFO - Started process (PID=641) to work on /home/airflow/.local/lib/python3.8/site-packages/airflow/example_dags/example_sensor_decorator.py
[2026-07-21T18:13:50.062+0000] {processor.py:830} INFO - Processing file /home/airflow/.local/lib/python3.8/site-packages/airflow/example_dags/example_sensor_decorator.py for tasks to queue
[2026-07-21T18:13:50.064+0000] {logging_mixin.py:188} INFO - [2026-07-21T18:13:50.063+0000] {dagbag.py:538} INFO - Filling up the DagBag from /home/airflow/.local/lib/python3.8/site-packages/airflow/example_dags/example_sensor_decorator.py
[2026-07-21T18:13:50.071+0000] {processor.py:840} INFO - DAG(s) 'example_sensor_decorator' retrieved from /home/airflow/.local/lib/python3.8/site-packages/airflow/example_dags/example_sensor_decorator.py
[2026-07-21T18:13:50.092+0000] {logging_mixin.py:188} INFO - [2026-07-21T18:13:50.092+0000] {dag.py:3036} INFO - Sync 1 DAGs
[2026-07-21T18:13:50.103+0000] {logging_mixin.py:188} INFO - [2026-07-21T18:13:50.103+0000] {dag.py:3823} INFO - Setting next_dagrun for example_sensor_decorator to None, run_after=None
[2026-07-21T18:13:50.122+0000] {processor.py:183} INFO - Processing /home/airflow/.local/lib/python3.8/site-packages/airflow/example_dags/example_sensor_decorator.py took 0.065 seconds
[2026-07-21T18:14:20.871+0000] {processor.py:161} INFO - Started process (PID=697) to work on /home/airflow/.local/lib/python3.8/site-packages/airflow/example_dags/example_sensor_decorator.py
[2026-07-21T18:14:20.872+0000] {processor.py:830} INFO - Processing file /home/airflow/.local/lib/python3.8/site-packages/airflow/example_dags/example_sensor_decorator.py for tasks to queue
[2026-07-21T18:14:20.875+0000] {logging_mixin.py:188} INFO - [2026-07-21T18:14:20.874+0000] {dagbag.py:538} INFO - Filling up the DagBag from /home/airflow/.local/lib/python3.8/site-packages/airflow/example_dags/example_sensor_decorator.py
[2026-07-21T18:14:20.882+0000] {processor.py:840} INFO - DAG(s) 'example_sensor_decorator' retrieved from /home/airflow/.local/lib/python3.8/site-packages/airflow/example_dags/example_sensor_decorator.py
[2026-07-21T18:14:20.905+0000] {logging_mixin.py:188} INFO - [2026-07-21T18:14:20.904+0000] {dag.py:3036} INFO - Sync 1 DAGs
[2026-07-21T18:14:20.918+0000] {logging_mixin.py:188} INFO - [2026-07-21T18:14:20.917+0000] {dag.py:3823} INFO - Setting next_dagrun for example_sensor_decorator to None, run_after=None
[2026-07-21T18:14:20.938+0000] {processor.py:183} INFO - Processing /home/airflow/.local/lib/python3.8/site-packages/airflow/example_dags/example_sensor_decorator.py took 0.071 seconds
[2026-07-21T18:14:51.922+0000] {processor.py:161} INFO - Started process (PID=754) to work on /home/airflow/.local/lib/python3.8/site-packages/airflow/example_dags/example_sensor_decorator.py
[2026-07-21T18:14:51.923+0000] {processor.py:830} INFO - Processing file /home/airflow/.local/lib/python3.8/site-packages/airflow/example_dags/example_sensor_decorator.py for tasks to queue
[2026-07-21T18:14:51.925+0000] {logging_mixin.py:188} INFO - [2026-07-21T18:14:51.925+0000] {dagbag.py:538} INFO - Filling up the DagBag from /home/airflow/.local/lib/python3.8/site-packages/airflow/example_dags/example_sensor_decorator.py
[2026-07-21T18:14:51.931+0000] {processor.py:840} INFO - DAG(s) 'example_sensor_decorator' retrieved from /home/airflow/.local/lib/python3.8/site-packages/airflow/example_dags/example_sensor_decorator.py
[2026-07-21T18:14:51.953+0000] {logging_mixin.py:188} INFO - [2026-07-21T18:14:51.953+0000] {dag.py:3036} INFO - Sync 1 DAGs
[2026-07-21T18:14:51.966+0000] {logging_mixin.py:188} INFO - [2026-07-21T18:14:51.966+0000] {dag.py:3823} INFO - Setting next_dagrun for example_sensor_decorator to None, run_after=None
[2026-07-21T18:14:51.986+0000] {processor.py:183} INFO - Processing /home/airflow/.local/lib/python3.8/site-packages/airflow/example_dags/example_sensor_decorator.py took 0.068 seconds
[2026-07-21T18:15:22.728+0000] {processor.py:161} INFO - Started process (PID=810) to work on /home/airflow/.local/lib/python3.8/site-packages/airflow/example_dags/example_sensor_decorator.py
[2026-07-21T18:15:22.730+0000] {processor.py:830} INFO - Processing file /home/airflow/.local/lib/python3.8/site-packages/airflow/example_dags/example_sensor_decorator.py for tasks to queue
[2026-07-21T18:15:22.732+0000] {logging_mixin.py:188} INFO - [2026-07-21T18:15:22.731+0000] {dagbag.py:538} INFO - Filling up the DagBag from /home/airflow/.local/lib/python3.8/site-packages/airflow/example_dags/example_sensor_decorator.py
[2026-07-21T18:15:22.738+0000] {processor.py:840} INFO - DAG(s) 'example_sensor_decorator' retrieved from /home/airflow/.local/lib/python3.8/site-packages/airflow/example_dags/example_sensor_decorator.py
[2026-07-21T18:15:22.762+0000] {logging_mixin.py:188} INFO - [2026-07-21T18:15:22.762+0000] {dag.py:3036} INFO - Sync 1 DAGs
[2026-07-21T18:15:22.773+0000] {logging_mixin.py:188} INFO - [2026-07-21T18:15:22.773+0000] {dag.py:3823} INFO - Setting next_dagrun for example_sensor_decorator to None, run_after=None
[2026-07-21T18:15:22.794+0000] {processor.py:183} INFO - Processing /home/airflow/.local/lib/python3.8/site-packages/airflow/example_dags/example_sensor_decorator.py took 0.069 seconds
[2026-07-21T18:15:53.517+0000] {processor.py:161} INFO - Started process (PID=866) to work on /home/airflow/.local/lib/python3.8/site-packages/airflow/example_dags/example_sensor_decorator.py
[2026-07-21T18:15:53.518+0000] {processor.py:830} INFO - Processing file /home/airflow/.local/lib/python3.8/site-packages/airflow/example_dags/example_sensor_decorator.py for tasks to queue
[2026-07-21T18:15:53.520+0000] {logging_mixin.py:188} INFO - [2026-07-21T18:15:53.520+0000] {dagbag.py:538} INFO - Filling up the DagBag from /home/airflow/.local/lib/python3.8/site-packages/airflow/example_dags/example_sensor_decorator.py
[2026-07-21T18:15:53.527+0000] {processor.py:840} INFO - DAG(s) 'example_sensor_decorator' retrieved from /home/airflow/.local/lib/python3.8/site-packages/airflow/example_dags/example_sensor_decorator.py
[2026-07-21T18:15:53.550+0000] {logging_mixin.py:188} INFO - [2026-07-21T18:15:53.549+0000] {dag.py:3036} INFO - Sync 1 DAGs
[2026-07-21T18:15:53.562+0000] {logging_mixin.py:188} INFO - [2026-07-21T18:15:53.562+0000] {dag.py:3823} INFO - Setting next_dagrun for example_sensor_decorator to None, run_after=None
[2026-07-21T18:15:53.581+0000] {processor.py:183} INFO - Processing /home/airflow/.local/lib/python3.8/site-packages/airflow/example_dags/example_sensor_decorator.py took 0.068 seconds
[2026-07-21T18:16:24.556+0000] {processor.py:161} INFO - Started process (PID=922) to work on /home/airflow/.local/lib/python3.8/site-packages/airflow/example_dags/example_sensor_decorator.py
[2026-07-21T18:16:24.557+0000] {processor.py:830} INFO - Processing file /home/airflow/.local/lib/python3.8/site-packages/airflow/example_dags/example_sensor_decorator.py for tasks to queue
[2026-07-21T18:16:24.559+0000] {logging_mixin.py:188} INFO - [2026-07-21T18:16:24.559+0000] {dagbag.py:538} INFO - Filling up the DagBag from /home/airflow/.local/lib/python3.8/site-packages/airflow/example_dags/example_sensor_decorator.py
[2026-07-21T18:16:24.566+0000] {processor.py:840} INFO - DAG(s) 'example_sensor_decorator' retrieved from /home/airflow/.local/lib/python3.8/site-packages/airflow/example_dags/example_sensor_decorator.py
[2026-07-21T18:16:24.588+0000] {logging_mixin.py:188} INFO - [2026-07-21T18:16:24.587+0000] {dag.py:3036} INFO - Sync 1 DAGs
[2026-07-21T18:16:24.599+0000] {logging_mixin.py:188} INFO - [2026-07-21T18:16:24.599+0000] {dag.py:3823} INFO - Setting next_dagrun for example_sensor_decorator to None, run_after=None
[2026-07-21T18:16:24.619+0000] {processor.py:183} INFO - Processing /home/airflow/.local/lib/python3.8/site-packages/airflow/example_dags/example_sensor_decorator.py took 0.067 seconds
[2026-07-21T18:16:54.679+0000] {processor.py:161} INFO - Started process (PID=978) to work on /home/airflow/.local/lib/python3.8/site-packages/airflow/example_dags/example_sensor_decorator.py
[2026-07-21T18:16:54.680+0000] {processor.py:830} INFO - Processing file /home/airflow/.local/lib/python3.8/site-packages/airflow/example_dags/example_sensor_decorator.py for tasks to queue
[2026-07-21T18:16:54.682+0000] {logging_mixin.py:188} INFO - [2026-07-21T18:16:54.682+0000] {dagbag.py:538} INFO - Filling up the DagBag from /home/airflow/.local/lib/python3.8/site-packages/airflow/example_dags/example_sensor_decorator.py
[2026-07-21T18:16:54.689+0000] {processor.py:840} INFO - DAG(s) 'example_sensor_decorator' retrieved from /home/airflow/.local/lib/python3.8/site-packages/airflow/example_dags/example_sensor_decorator.py
[2026-07-21T18:16:54.711+0000] {logging_mixin.py:188} INFO - [2026-07-21T18:16:54.711+0000] {dag.py:3036} INFO - Sync 1 DAGs
[2026-07-21T18:16:54.722+0000] {logging_mixin.py:188} INFO - [2026-07-21T18:16:54.722+0000] {dag.py:3823} INFO - Setting next_dagrun for example_sensor_decorator to None, run_after=None
[2026-07-21T18:16:54.740+0000] {processor.py:183} INFO - Processing /home/airflow/.local/lib/python3.8/site-packages/airflow/example_dags/example_sensor_decorator.py took 0.065 seconds
[2026-07-21T18:17:24.886+0000] {processor.py:161} INFO - Started process (PID=1034) to work on /home/airflow/.local/lib/python3.8/site-packages/airflow/example_dags/example_sensor_decorator.py
[2026-07-21T18:17:24.888+0000] {processor.py:830} INFO - Processing file /home/airflow/.local/lib/python3.8/site-packages/airflow/example_dags/example_sensor_decorator.py for tasks to queue
[2026-07-21T18:17:24.890+0000] {logging_mixin.py:188} INFO - [2026-07-21T18:17:24.889+0000] {dagbag.py:538} INFO - Filling up the DagBag from /home/airflow/.local/lib/python3.8/site-packages/airflow/example_dags/example_sensor_decorator.py
[2026-07-21T18:17:24.897+0000] {processor.py:840} INFO - DAG(s) 'example_sensor_decorator' retrieved from /home/airflow/.local/lib/python3.8/site-packages/airflow/example_dags/example_sensor_decorator.py
[2026-07-21T18:17:24.920+0000] {logging_mixin.py:188} INFO - [2026-07-21T18:17:24.920+0000] {dag.py:3036} INFO - Sync 1 DAGs
[2026-07-21T18:17:24.933+0000] {logging_mixin.py:188} INFO - [2026-07-21T18:17:24.933+0000] {dag.py:3823} INFO - Setting next_dagrun for example_sensor_decorator to None, run_after=None
[2026-07-21T18:17:24.955+0000] {processor.py:183} INFO - Processing /home/airflow/.local/lib/python3.8/site-packages/airflow/example_dags/example_sensor_decorator.py took 0.073 seconds
[2026-07-21T18:17:55.917+0000] {processor.py:161} INFO - Started process (PID=1090) to work on /home/airflow/.local/lib/python3.8/site-packages/airflow/example_dags/example_sensor_decorator.py
[2026-07-21T18:17:55.918+0000] {processor.py:830} INFO - Processing file /home/airflow/.local/lib/python3.8/site-packages/airflow/example_dags/example_sensor_decorator.py for tasks to queue
[2026-07-21T18:17:55.920+0000] {logging_mixin.py:188} INFO - [2026-07-21T18:17:55.920+0000] {dagbag.py:538} INFO - Filling up the DagBag from /home/airflow/.local/lib/python3.8/site-packages/airflow/example_dags/example_sensor_decorator.py
[2026-07-21T18:17:55.927+0000] {processor.py:840} INFO - DAG(s) 'example_sensor_decorator' retrieved from /home/airflow/.local/lib/python3.8/site-packages/airflow/example_dags/example_sensor_decorator.py
[2026-07-21T18:17:55.951+0000] {logging_mixin.py:188} INFO - [2026-07-21T18:17:55.951+0000] {dag.py:3036} INFO - Sync 1 DAGs
[2026-07-21T18:17:55.969+0000] {logging_mixin.py:188} INFO - [2026-07-21T18:17:55.968+0000] {dag.py:3823} INFO - Setting next_dagrun for example_sensor_decorator to None, run_after=None
[2026-07-21T18:17:55.993+0000] {processor.py:183} INFO - Processing /home/airflow/.local/lib/python3.8/site-packages/airflow/example_dags/example_sensor_decorator.py took 0.080 seconds
[2026-07-21T18:18:26.701+0000] {processor.py:161} INFO - Started process (PID=1146) to work on /home/airflow/.local/lib/python3.8/site-packages/airflow/example_dags/example_sensor_decorator.py
[2026-07-21T18:18:26.702+0000] {processor.py:830} INFO - Processing file /home/airflow/.local/lib/python3.8/site-packages/airflow/example_dags/example_sensor_decorator.py for tasks to queue
[2026-07-21T18:18:26.704+0000] {logging_mixin.py:188} INFO - [2026-07-21T18:18:26.704+0000] {dagbag.py:538} INFO - Filling up the DagBag from /home/airflow/.local/lib/python3.8/site-packages/airflow/example_dags/example_sensor_decorator.py
[2026-07-21T18:18:26.711+0000] {processor.py:840} INFO - DAG(s) 'example_sensor_decorator' retrieved from /home/airflow/.local/lib/python3.8/site-packages/airflow/example_dags/example_sensor_decorator.py
[2026-07-21T18:18:26.734+0000] {logging_mixin.py:188} INFO - [2026-07-21T18:18:26.733+0000] {dag.py:3036} INFO - Sync 1 DAGs
[2026-07-21T18:18:26.745+0000] {logging_mixin.py:188} INFO - [2026-07-21T18:18:26.745+0000] {dag.py:3823} INFO - Setting next_dagrun for example_sensor_decorator to None, run_after=None
[2026-07-21T18:18:26.764+0000] {processor.py:183} INFO - Processing /home/airflow/.local/lib/python3.8/site-packages/airflow/example_dags/example_sensor_decorator.py took 0.067 seconds
[2026-07-21T18:18:57.659+0000] {processor.py:161} INFO - Started process (PID=1202) to work on /home/airflow/.local/lib/python3.8/site-packages/airflow/example_dags/example_sensor_decorator.py
[2026-07-21T18:18:57.660+0000] {processor.py:830} INFO - Processing file /home/airflow/.local/lib/python3.8/site-packages/airflow/example_dags/example_sensor_decorator.py for tasks to queue
[2026-07-21T18:18:57.662+0000] {logging_mixin.py:188} INFO - [2026-07-21T18:18:57.661+0000] {dagbag.py:538} INFO - Filling up the DagBag from /home/airflow/.local/lib/python3.8/site-packages/airflow/example_dags/example_sensor_decorator.py
[2026-07-21T18:18:57.669+0000] {processor.py:840} INFO - DAG(s) 'example_sensor_decorator' retrieved from /home/airflow/.local/lib/python3.8/site-packages/airflow/example_dags/example_sensor_decorator.py
[2026-07-21T18:18:57.691+0000] {logging_mixin.py:188} INFO - [2026-07-21T18:18:57.691+0000] {dag.py:3036} INFO - Sync 1 DAGs
[2026-07-21T18:18:57.706+0000] {logging_mixin.py:188} INFO - [2026-07-21T18:18:57.706+0000] {dag.py:3823} INFO - Setting next_dagrun for example_sensor_decorator to None, run_after=None
[2026-07-21T18:18:57.726+0000] {processor.py:183} INFO - Processing /home/airflow/.local/lib/python3.8/site-packages/airflow/example_dags/example_sensor_decorator.py took 0.071 seconds
[2026-07-21T18:19:28.160+0000] {processor.py:161} INFO - Started process (PID=1258) to work on /home/airflow/.local/lib/python3.8/site-packages/airflow/example_dags/example_sensor_decorator.py
[2026-07-21T18:19:28.161+0000] {processor.py:830} INFO - Processing file /home/airflow/.local/lib/python3.8/site-packages/airflow/example_dags/example_sensor_decorator.py for tasks to queue
[2026-07-21T18:19:28.163+0000] {logging_mixin.py:188} INFO - [2026-07-21T18:19:28.163+0000] {dagbag.py:538} INFO - Filling up the DagBag from /home/airflow/.local/lib/python3.8/site-packages/airflow/example_dags/example_sensor_decorator.py
[2026-07-21T18:19:28.170+0000] {processor.py:840} INFO - DAG(s) 'example_sensor_decorator' retrieved from /home/airflow/.local/lib/python3.8/site-packages/airflow/example_dags/example_sensor_decorator.py
[2026-07-21T18:19:28.191+0000] {logging_mixin.py:188} INFO - [2026-07-21T18:19:28.190+0000] {dag.py:3036} INFO - Sync 1 DAGs
[2026-07-21T18:19:28.203+0000] {logging_mixin.py:188} INFO - [2026-07-21T18:19:28.202+0000] {dag.py:3823} INFO - Setting next_dagrun for example_sensor_decorator to None, run_after=None
[2026-07-21T18:19:28.221+0000] {processor.py:183} INFO - Processing /home/airflow/.local/lib/python3.8/site-packages/airflow/example_dags/example_sensor_decorator.py took 0.064 seconds
[2026-07-21T18:19:58.838+0000] {processor.py:161} INFO - Started process (PID=1314) to work on /home/airflow/.local/lib/python3.8/site-packages/airflow/example_dags/example_sensor_decorator.py
[2026-07-21T18:19:58.839+0000] {processor.py:830} INFO - Processing file /home/airflow/.local/lib/python3.8/site-packages/airflow/example_dags/example_sensor_decorator.py for tasks to queue
[2026-07-21T18:19:58.841+0000] {logging_mixin.py:188} INFO - [2026-07-21T18:19:58.841+0000] {dagbag.py:538} INFO - Filling up the DagBag from /home/airflow/.local/lib/python3.8/site-packages/airflow/example_dags/example_sensor_decorator.py
[2026-07-21T18:19:58.847+0000] {processor.py:840} INFO - DAG(s) 'example_sensor_decorator' retrieved from /home/airflow/.local/lib/python3.8/site-packages/airflow/example_dags/example_sensor_decorator.py
[2026-07-21T18:19:58.869+0000] {logging_mixin.py:188} INFO - [2026-07-21T18:19:58.869+0000] {dag.py:3036} INFO - Sync 1 DAGs
[2026-07-21T18:19:58.881+0000] {logging_mixin.py:188} INFO - [2026-07-21T18:19:58.881+0000] {dag.py:3823} INFO - Setting next_dagrun for example_sensor_decorator to None, run_after=None
[2026-07-21T18:19:58.899+0000] {processor.py:183} INFO - Processing /home/airflow/.local/lib/python3.8/site-packages/airflow/example_dags/example_sensor_decorator.py took 0.065 seconds
[2026-07-21T18:20:29.547+0000] {processor.py:161} INFO - Started process (PID=1370) to work on /home/airflow/.local/lib/python3.8/site-packages/airflow/example_dags/example_sensor_decorator.py
[2026-07-21T18:20:29.549+0000] {processor.py:830} INFO - Processing file /home/airflow/.local/lib/python3.8/site-packages/airflow/example_dags/example_sensor_decorator.py for tasks to queue
[2026-07-21T18:20:29.553+0000] {logging_mixin.py:188} INFO - [2026-07-21T18:20:29.552+0000] {dagbag.py:538} INFO - Filling up the DagBag from /home/airflow/.local/lib/python3.8/site-packages/airflow/example_dags/example_sensor_decorator.py
[2026-07-21T18:20:29.568+0000] {processor.py:840} INFO - DAG(s) 'example_sensor_decorator' retrieved from /home/airflow/.local/lib/python3.8/site-packages/airflow/example_dags/example_sensor_decorator.py
[2026-07-21T18:20:29.593+0000] {logging_mixin.py:188} INFO - [2026-07-21T18:20:29.593+0000] {dag.py:3036} INFO - Sync 1 DAGs
[2026-07-21T18:20:29.605+0000] {logging_mixin.py:188} INFO - [2026-07-21T18:20:29.605+0000] {dag.py:3823} INFO - Setting next_dagrun for example_sensor_decorator to None, run_after=None
[2026-07-21T18:20:29.625+0000] {processor.py:183} INFO - Processing /home/airflow/.local/lib/python3.8/site-packages/airflow/example_dags/example_sensor_decorator.py took 0.089 seconds
[2026-07-21T18:20:59.659+0000] {processor.py:161} INFO - Started process (PID=1426) to work on /home/airflow/.local/lib/python3.8/site-packages/airflow/example_dags/example_sensor_decorator.py
[2026-07-21T18:20:59.660+0000] {processor.py:830} INFO - Processing file /home/airflow/.local/lib/python3.8/site-packages/airflow/example_dags/example_sensor_decorator.py for tasks to queue
[2026-07-21T18:20:59.662+0000] {logging_mixin.py:188} INFO - [2026-07-21T18:20:59.662+0000] {dagbag.py:538} INFO - Filling up the DagBag from /home/airflow/.local/lib/python3.8/site-packages/airflow/example_dags/example_sensor_decorator.py
[2026-07-21T18:20:59.669+0000] {processor.py:840} INFO - DAG(s) 'example_sensor_decorator' retrieved from /home/airflow/.local/lib/python3.8/site-packages/airflow/example_dags/example_sensor_decorator.py
[2026-07-21T18:20:59.689+0000] {logging_mixin.py:188} INFO - [2026-07-21T18:20:59.689+0000] {dag.py:3036} INFO - Sync 1 DAGs
[2026-07-21T18:20:59.700+0000] {logging_mixin.py:188} INFO - [2026-07-21T18:20:59.700+0000] {dag.py:3823} INFO - Setting next_dagrun for example_sensor_decorator to None, run_after=None
[2026-07-21T18:20:59.720+0000] {processor.py:183} INFO - Processing /home/airflow/.local/lib/python3.8/site-packages/airflow/example_dags/example_sensor_decorator.py took 0.065 seconds
[2026-07-21T18:21:32.179+0000] {processor.py:161} INFO - Started process (PID=1482) to work on /home/airflow/.local/lib/python3.8/site-packages/airflow/example_dags/example_sensor_decorator.py
[2026-07-21T18:21:32.180+0000] {processor.py:830} INFO - Processing file /home/airflow/.local/lib/python3.8/site-packages/airflow/example_dags/example_sensor_decorator.py for tasks to queue
[2026-07-21T18:21:32.182+0000] {logging_mixin.py:188} INFO - [2026-07-21T18:21:32.182+0000] {dagbag.py:538} INFO - Filling up the DagBag from /home/airflow/.local/lib/python3.8/site-packages/airflow/example_dags/example_sensor_decorator.py
[2026-07-21T18:21:32.189+0000] {processor.py:840} INFO - DAG(s) 'example_sensor_decorator' retrieved from /home/airflow/.local/lib/python3.8/site-packages/airflow/example_dags/example_sensor_decorator.py
[2026-07-21T18:21:32.211+0000] {logging_mixin.py:188} INFO - [2026-07-21T18:21:32.210+0000] {dag.py:3036} INFO - Sync 1 DAGs
[2026-07-21T18:21:32.222+0000] {logging_mixin.py:188} INFO - [2026-07-21T18:21:32.222+0000] {dag.py:3823} INFO - Setting next_dagrun for example_sensor_decorator to None, run_after=None
[2026-07-21T18:21:32.241+0000] {processor.py:183} INFO - Processing /home/airflow/.local/lib/python3.8/site-packages/airflow/example_dags/example_sensor_decorator.py took 0.065 seconds
[2026-07-21T18:22:03.153+0000] {processor.py:161} INFO - Started process (PID=1538) to work on /home/airflow/.local/lib/python3.8/site-packages/airflow/example_dags/example_sensor_decorator.py
[2026-07-21T18:22:03.154+0000] {processor.py:830} INFO - Processing file /home/airflow/.local/lib/python3.8/site-packages/airflow/example_dags/example_sensor_decorator.py for tasks to queue
[2026-07-21T18:22:03.156+0000] {logging_mixin.py:188} INFO - [2026-07-21T18:22:03.155+0000] {dagbag.py:538} INFO - Filling up the DagBag from /home/airflow/.local/lib/python3.8/site-packages/airflow/example_dags/example_sensor_decorator.py
[2026-07-21T18:22:03.162+0000] {processor.py:840} INFO - DAG(s) 'example_sensor_decorator' retrieved from /home/airflow/.local/lib/python3.8/site-packages/airflow/example_dags/example_sensor_decorator.py
[2026-07-21T18:22:03.183+0000] {logging_mixin.py:188} INFO - [2026-07-21T18:22:03.183+0000] {dag.py:3036} INFO - Sync 1 DAGs
[2026-07-21T18:22:03.195+0000] {logging_mixin.py:188} INFO - [2026-07-21T18:22:03.195+0000] {dag.py:3823} INFO - Setting next_dagrun for example_sensor_decorator to None, run_after=None
[2026-07-21T18:22:03.214+0000] {processor.py:183} INFO - Processing /home/airflow/.local/lib/python3.8/site-packages/airflow/example_dags/example_sensor_decorator.py took 0.065 seconds
[2026-07-21T18:22:34.147+0000] {processor.py:161} INFO - Started process (PID=1594) to work on /home/airflow/.local/lib/python3.8/site-packages/airflow/example_dags/example_sensor_decorator.py
[2026-07-21T18:22:34.148+0000] {processor.py:830} INFO - Processing file /home/airflow/.local/lib/python3.8/site-packages/airflow/example_dags/example_sensor_decorator.py for tasks to queue
[2026-07-21T18:22:34.150+0000] {logging_mixin.py:188} INFO - [2026-07-21T18:22:34.150+0000] {dagbag.py:538} INFO - Filling up the DagBag from /home/airflow/.local/lib/python3.8/site-packages/airflow/example_dags/example_sensor_decorator.py
[2026-07-21T18:22:34.157+0000] {processor.py:840} INFO - DAG(s) 'example_sensor_decorator' retrieved from /home/airflow/.local/lib/python3.8/site-packages/airflow/example_dags/example_sensor_decorator.py
[2026-07-21T18:22:34.180+0000] {logging_mixin.py:188} INFO - [2026-07-21T18:22:34.180+0000] {dag.py:3036} INFO - Sync 1 DAGs
[2026-07-21T18:22:34.192+0000] {logging_mixin.py:188} INFO - [2026-07-21T18:22:34.192+0000] {dag.py:3823} INFO - Setting next_dagrun for example_sensor_decorator to None, run_after=None
[2026-07-21T18:22:34.211+0000] {processor.py:183} INFO - Processing /home/airflow/.local/lib/python3.8/site-packages/airflow/example_dags/example_sensor_decorator.py took 0.068 seconds
[2026-07-21T18:23:04.353+0000] {processor.py:161} INFO - Started process (PID=1650) to work on /home/airflow/.local/lib/python3.8/site-packages/airflow/example_dags/example_sensor_decorator.py
[2026-07-21T18:23:04.354+0000] {processor.py:830} INFO - Processing file /home/airflow/.local/lib/python3.8/site-packages/airflow/example_dags/example_sensor_decorator.py for tasks to queue
[2026-07-21T18:23:04.356+0000] {logging_mixin.py:188} INFO - [2026-07-21T18:23:04.356+0000] {dagbag.py:538} INFO - Filling up the DagBag from /home/airflow/.local/lib/python3.8/site-packages/airflow/example_dags/example_sensor_decorator.py
[2026-07-21T18:23:04.363+0000] {processor.py:840} INFO - DAG(s) 'example_sensor_decorator' retrieved from /home/airflow/.local/lib/python3.8/site-packages/airflow/example_dags/example_sensor_decorator.py
[2026-07-21T18:23:04.383+0000] {logging_mixin.py:188} INFO - [2026-07-21T18:23:04.383+0000] {dag.py:3036} INFO - Sync 1 DAGs
[2026-07-21T18:23:04.394+0000] {logging_mixin.py:188} INFO - [2026-07-21T18:23:04.394+0000] {dag.py:3823} INFO - Setting next_dagrun for example_sensor_decorator to None, run_after=None
[2026-07-21T18:23:04.411+0000] {processor.py:183} INFO - Processing /home/airflow/.local/lib/python3.8/site-packages/airflow/example_dags/example_sensor_decorator.py took 0.062 seconds
[2026-07-21T18:23:36.812+0000] {processor.py:161} INFO - Started process (PID=1706) to work on /home/airflow/.local/lib/python3.8/site-packages/airflow/example_dags/example_sensor_decorator.py
[2026-07-21T18:23:36.813+0000] {processor.py:830} INFO - Processing file /home/airflow/.local/lib/python3.8/site-packages/airflow/example_dags/example_sensor_decorator.py for tasks to queue
[2026-07-21T18:23:36.815+0000] {logging_mixin.py:188} INFO - [2026-07-21T18:23:36.815+0000] {dagbag.py:538} INFO - Filling up the DagBag from /home/airflow/.local/lib/python3.8/site-packages/airflow/example_dags/example_sensor_decorator.py
[2026-07-21T18:23:36.973+0000] {processor.py:840} INFO - DAG(s) 'example_sensor_decorator' retrieved from /home/airflow/.local/lib/python3.8/site-packages/airflow/example_dags/example_sensor_decorator.py
[2026-07-21T18:23:36.991+0000] {logging_mixin.py:188} INFO - [2026-07-21T18:23:36.990+0000] {dag.py:3036} INFO - Sync 1 DAGs
[2026-07-21T18:23:37.000+0000] {logging_mixin.py:188} INFO - [2026-07-21T18:23:37.000+0000] {dag.py:3823} INFO - Setting next_dagrun for example_sensor_decorator to None, run_after=None
[2026-07-21T18:23:37.027+0000] {processor.py:183} INFO - Processing /home/airflow/.local/lib/python3.8/site-packages/airflow/example_dags/example_sensor_decorator.py took 0.218 seconds
[2026-07-21T18:24:07.718+0000] {processor.py:161} INFO - Started process (PID=1762) to work on /home/airflow/.local/lib/python3.8/site-packages/airflow/example_dags/example_sensor_decorator.py
[2026-07-21T18:24:07.719+0000] {processor.py:830} INFO - Processing file /home/airflow/.local/lib/python3.8/site-packages/airflow/example_dags/example_sensor_decorator.py for tasks to queue
[2026-07-21T18:24:07.721+0000] {logging_mixin.py:188} INFO - [2026-07-21T18:24:07.721+0000] {dagbag.py:538} INFO - Filling up the DagBag from /home/airflow/.local/lib/python3.8/site-packages/airflow/example_dags/example_sensor_decorator.py
[2026-07-21T18:24:07.729+0000] {processor.py:840} INFO - DAG(s) 'example_sensor_decorator' retrieved from /home/airflow/.local/lib/python3.8/site-packages/airflow/example_dags/example_sensor_decorator.py
[2026-07-21T18:24:07.753+0000] {logging_mixin.py:188} INFO - [2026-07-21T18:24:07.753+0000] {dag.py:3036} INFO - Sync 1 DAGs
[2026-07-21T18:24:07.766+0000] {logging_mixin.py:188} INFO - [2026-07-21T18:24:07.766+0000] {dag.py:3823} INFO - Setting next_dagrun for example_sensor_decorator to None, run_after=None
[2026-07-21T18:24:07.791+0000] {processor.py:183} INFO - Processing /home/airflow/.local/lib/python3.8/site-packages/airflow/example_dags/example_sensor_decorator.py took 0.078 seconds
[2026-07-21T18:24:38.042+0000] {processor.py:161} INFO - Started process (PID=1818) to work on /home/airflow/.local/lib/python3.8/site-packages/airflow/example_dags/example_sensor_decorator.py
[2026-07-21T18:24:38.043+0000] {processor.py:830} INFO - Processing file /home/airflow/.local/lib/python3.8/site-packages/airflow/example_dags/example_sensor_decorator.py for tasks to queue
[2026-07-21T18:24:38.046+0000] {logging_mixin.py:188} INFO - [2026-07-21T18:24:38.045+0000] {dagbag.py:538} INFO - Filling up the DagBag from /home/airflow/.local/lib/python3.8/site-packages/airflow/example_dags/example_sensor_decorator.py
[2026-07-21T18:24:38.053+0000] {processor.py:840} INFO - DAG(s) 'example_sensor_decorator' retrieved from /home/airflow/.local/lib/python3.8/site-packages/airflow/example_dags/example_sensor_decorator.py
[2026-07-21T18:24:38.077+0000] {logging_mixin.py:188} INFO - [2026-07-21T18:24:38.077+0000] {dag.py:3036} INFO - Sync 1 DAGs
[2026-07-21T18:24:38.094+0000] {logging_mixin.py:188} INFO - [2026-07-21T18:24:38.094+0000] {dag.py:3823} INFO - Setting next_dagrun for example_sensor_decorator to None, run_after=None
[2026-07-21T18:24:38.117+0000] {processor.py:183} INFO - Processing /home/airflow/.local/lib/python3.8/site-packages/airflow/example_dags/example_sensor_decorator.py took 0.078 seconds
[2026-07-21T18:25:08.245+0000] {processor.py:161} INFO - Started process (PID=1874) to work on /home/airflow/.local/lib/python3.8/site-packages/airflow/example_dags/example_sensor_decorator.py
[2026-07-21T18:25:08.247+0000] {processor.py:830} INFO - Processing file /home/airflow/.local/lib/python3.8/site-packages/airflow/example_dags/example_sensor_decorator.py for tasks to queue
[2026-07-21T18:25:08.250+0000] {logging_mixin.py:188} INFO - [2026-07-21T18:25:08.249+0000] {dagbag.py:538} INFO - Filling up the DagBag from /home/airflow/.local/lib/python3.8/site-packages/airflow/example_dags/example_sensor_decorator.py
[2026-07-21T18:25:08.259+0000] {processor.py:840} INFO - DAG(s) 'example_sensor_decorator' retrieved from /home/airflow/.local/lib/python3.8/site-packages/airflow/example_dags/example_sensor_decorator.py
[2026-07-21T18:25:08.283+0000] {logging_mixin.py:188} INFO - [2026-07-21T18:25:08.282+0000] {dag.py:3036} INFO - Sync 1 DAGs
[2026-07-21T18:25:08.296+0000] {logging_mixin.py:188} INFO - [2026-07-21T18:25:08.295+0000] {dag.py:3823} INFO - Setting next_dagrun for example_sensor_decorator to None, run_after=None
[2026-07-21T18:25:08.317+0000] {processor.py:183} INFO - Processing /home/airflow/.local/lib/python3.8/site-packages/airflow/example_dags/example_sensor_decorator.py took 0.076 seconds
[2026-07-21T18:25:39.217+0000] {processor.py:161} INFO - Started process (PID=1930) to work on /home/airflow/.local/lib/python3.8/site-packages/airflow/example_dags/example_sensor_decorator.py
[2026-07-21T18:25:39.218+0000] {processor.py:830} INFO - Processing file /home/airflow/.local/lib/python3.8/site-packages/airflow/example_dags/example_sensor_decorator.py for tasks to queue
[2026-07-21T18:25:39.221+0000] {logging_mixin.py:188} INFO - [2026-07-21T18:25:39.220+0000] {dagbag.py:538} INFO - Filling up the DagBag from /home/airflow/.local/lib/python3.8/site-packages/airflow/example_dags/example_sensor_decorator.py
[2026-07-21T18:25:39.228+0000] {processor.py:840} INFO - DAG(s) 'example_sensor_decorator' retrieved from /home/airflow/.local/lib/python3.8/site-packages/airflow/example_dags/example_sensor_decorator.py
[2026-07-21T18:25:39.252+0000] {logging_mixin.py:188} INFO - [2026-07-21T18:25:39.251+0000] {dag.py:3036} INFO - Sync 1 DAGs
[2026-07-21T18:25:39.265+0000] {logging_mixin.py:188} INFO - [2026-07-21T18:25:39.265+0000] {dag.py:3823} INFO - Setting next_dagrun for example_sensor_decorator to None, run_after=None
[2026-07-21T18:25:39.287+0000] {processor.py:183} INFO - Processing /home/airflow/.local/lib/python3.8/site-packages/airflow/example_dags/example_sensor_decorator.py took 0.074 seconds
[2026-07-21T18:26:10.023+0000] {processor.py:161} INFO - Started process (PID=1986) to work on /home/airflow/.local/lib/python3.8/site-packages/airflow/example_dags/example_sensor_decorator.py
[2026-07-21T18:26:10.024+0000] {processor.py:830} INFO - Processing file /home/airflow/.local/lib/python3.8/site-packages/airflow/example_dags/example_sensor_decorator.py for tasks to queue
[2026-07-21T18:26:10.027+0000] {logging_mixin.py:188} INFO - [2026-07-21T18:26:10.026+0000] {dagbag.py:538} INFO - Filling up the DagBag from /home/airflow/.local/lib/python3.8/site-packages/airflow/example_dags/example_sensor_decorator.py
[2026-07-21T18:26:10.035+0000] {processor.py:840} INFO - DAG(s) 'example_sensor_decorator' retrieved from /home/airflow/.local/lib/python3.8/site-packages/airflow/example_dags/example_sensor_decorator.py
[2026-07-21T18:26:10.060+0000] {logging_mixin.py:188} INFO - [2026-07-21T18:26:10.059+0000] {dag.py:3036} INFO - Sync 1 DAGs
[2026-07-21T18:26:10.073+0000] {logging_mixin.py:188} INFO - [2026-07-21T18:26:10.073+0000] {dag.py:3823} INFO - Setting next_dagrun for example_sensor_decorator to None, run_after=None
[2026-07-21T18:26:10.095+0000] {processor.py:183} INFO - Processing /home/airflow/.local/lib/python3.8/site-packages/airflow/example_dags/example_sensor_decorator.py took 0.075 seconds
[2026-07-21T18:26:40.434+0000] {processor.py:161} INFO - Started process (PID=2042) to work on /home/airflow/.local/lib/python3.8/site-packages/airflow/example_dags/example_sensor_decorator.py
[2026-07-21T18:26:40.435+0000] {processor.py:830} INFO - Processing file /home/airflow/.local/lib/python3.8/site-packages/airflow/example_dags/example_sensor_decorator.py for tasks to queue
[2026-07-21T18:26:40.437+0000] {logging_mixin.py:188} INFO - [2026-07-21T18:26:40.437+0000] {dagbag.py:538} INFO - Filling up the DagBag from /home/airflow/.local/lib/python3.8/site-packages/airflow/example_dags/example_sensor_decorator.py
[2026-07-21T18:26:40.445+0000] {processor.py:840} INFO - DAG(s) 'example_sensor_decorator' retrieved from /home/airflow/.local/lib/python3.8/site-packages/airflow/example_dags/example_sensor_decorator.py
[2026-07-21T18:26:40.468+0000] {logging_mixin.py:188} INFO - [2026-07-21T18:26:40.468+0000] {dag.py:3036} INFO - Sync 1 DAGs
[2026-07-21T18:26:40.481+0000] {logging_mixin.py:188} INFO - [2026-07-21T18:26:40.481+0000] {dag.py:3823} INFO - Setting next_dagrun for example_sensor_decorator to None, run_after=None
[2026-07-21T18:26:40.502+0000] {processor.py:183} INFO - Processing /home/airflow/.local/lib/python3.8/site-packages/airflow/example_dags/example_sensor_decorator.py took 0.072 seconds
[2026-07-21T18:27:11.119+0000] {processor.py:161} INFO - Started process (PID=2098) to work on /home/airflow/.local/lib/python3.8/site-packages/airflow/example_dags/example_sensor_decorator.py
[2026-07-21T18:27:11.121+0000] {processor.py:830} INFO - Processing file /home/airflow/.local/lib/python3.8/site-packages/airflow/example_dags/example_sensor_decorator.py for tasks to queue
[2026-07-21T18:27:11.123+0000] {logging_mixin.py:188} INFO - [2026-07-21T18:27:11.122+0000] {dagbag.py:538} INFO - Filling up the DagBag from /home/airflow/.local/lib/python3.8/site-packages/airflow/example_dags/example_sensor_decorator.py
[2026-07-21T18:27:11.130+0000] {processor.py:840} INFO - DAG(s) 'example_sensor_decorator' retrieved from /home/airflow/.local/lib/python3.8/site-packages/airflow/example_dags/example_sensor_decorator.py
[2026-07-21T18:27:11.151+0000] {logging_mixin.py:188} INFO - [2026-07-21T18:27:11.151+0000] {dag.py:3036} INFO - Sync 1 DAGs
[2026-07-21T18:27:11.162+0000] {logging_mixin.py:188} INFO - [2026-07-21T18:27:11.162+0000] {dag.py:3823} INFO - Setting next_dagrun for example_sensor_decorator to None, run_after=None
[2026-07-21T18:27:11.182+0000] {processor.py:183} INFO - Processing /home/airflow/.local/lib/python3.8/site-packages/airflow/example_dags/example_sensor_decorator.py took 0.066 seconds
[2026-07-21T18:27:41.847+0000] {processor.py:161} INFO - Started process (PID=2154) to work on /home/airflow/.local/lib/python3.8/site-packages/airflow/example_dags/example_sensor_decorator.py
[2026-07-21T18:27:41.848+0000] {processor.py:830} INFO - Processing file /home/airflow/.local/lib/python3.8/site-packages/airflow/example_dags/example_sensor_decorator.py for tasks to queue
[2026-07-21T18:27:41.851+0000] {logging_mixin.py:188} INFO - [2026-07-21T18:27:41.850+0000] {dagbag.py:538} INFO - Filling up the DagBag from /home/airflow/.local/lib/python3.8/site-packages/airflow/example_dags/example_sensor_decorator.py
[2026-07-21T18:27:41.857+0000] {processor.py:840} INFO - DAG(s) 'example_sensor_decorator' retrieved from /home/airflow/.local/lib/python3.8/site-packages/airflow/example_dags/example_sensor_decorator.py
[2026-07-21T18:27:41.886+0000] {logging_mixin.py:188} INFO - [2026-07-21T18:27:41.886+0000] {dag.py:3036} INFO - Sync 1 DAGs
[2026-07-21T18:27:41.905+0000] {logging_mixin.py:188} INFO - [2026-07-21T18:27:41.905+0000] {dag.py:3823} INFO - Setting next_dagrun for example_sensor_decorator to None, run_after=None
[2026-07-21T18:27:41.928+0000] {processor.py:183} INFO - Processing /home/airflow/.local/lib/python3.8/site-packages/airflow/example_dags/example_sensor_decorator.py took 0.086 seconds
[2026-07-21T18:28:12.208+0000] {processor.py:161} INFO - Started process (PID=2210) to work on /home/airflow/.local/lib/python3.8/site-packages/airflow/example_dags/example_sensor_decorator.py
[2026-07-21T18:28:12.210+0000] {processor.py:830} INFO - Processing file /home/airflow/.local/lib/python3.8/site-packages/airflow/example_dags/example_sensor_decorator.py for tasks to queue
[2026-07-21T18:28:12.212+0000] {logging_mixin.py:188} INFO - [2026-07-21T18:28:12.212+0000] {dagbag.py:538} INFO - Filling up the DagBag from /home/airflow/.local/lib/python3.8/site-packages/airflow/example_dags/example_sensor_decorator.py
[2026-07-21T18:28:12.220+0000] {processor.py:840} INFO - DAG(s) 'example_sensor_decorator' retrieved from /home/airflow/.local/lib/python3.8/site-packages/airflow/example_dags/example_sensor_decorator.py
[2026-07-21T18:28:12.245+0000] {logging_mixin.py:188} INFO - [2026-07-21T18:28:12.245+0000] {dag.py:3036} INFO - Sync 1 DAGs
[2026-07-21T18:28:12.256+0000] {logging_mixin.py:188} INFO - [2026-07-21T18:28:12.256+0000] {dag.py:3823} INFO - Setting next_dagrun for example_sensor_decorator to None, run_after=None
[2026-07-21T18:28:12.274+0000] {processor.py:183} INFO - Processing /home/airflow/.local/lib/python3.8/site-packages/airflow/example_dags/example_sensor_decorator.py took 0.071 seconds
[2026-07-21T18:28:42.474+0000] {processor.py:161} INFO - Started process (PID=2266) to work on /home/airflow/.local/lib/python3.8/site-packages/airflow/example_dags/example_sensor_decorator.py
[2026-07-21T18:28:42.475+0000] {processor.py:830} INFO - Processing file /home/airflow/.local/lib/python3.8/site-packages/airflow/example_dags/example_sensor_decorator.py for tasks to queue
[2026-07-21T18:28:42.477+0000] {logging_mixin.py:188} INFO - [2026-07-21T18:28:42.477+0000] {dagbag.py:538} INFO - Filling up the DagBag from /home/airflow/.local/lib/python3.8/site-packages/airflow/example_dags/example_sensor_decorator.py
[2026-07-21T18:28:42.484+0000] {processor.py:840} INFO - DAG(s) 'example_sensor_decorator' retrieved from /home/airflow/.local/lib/python3.8/site-packages/airflow/example_dags/example_sensor_decorator.py
[2026-07-21T18:28:42.506+0000] {logging_mixin.py:188} INFO - [2026-07-21T18:28:42.506+0000] {dag.py:3036} INFO - Sync 1 DAGs
[2026-07-21T18:28:42.518+0000] {logging_mixin.py:188} INFO - [2026-07-21T18:28:42.518+0000] {dag.py:3823} INFO - Setting next_dagrun for example_sensor_decorator to None, run_after=None
[2026-07-21T18:28:42.538+0000] {processor.py:183} INFO - Processing /home/airflow/.local/lib/python3.8/site-packages/airflow/example_dags/example_sensor_decorator.py took 0.068 seconds
[2026-07-21T18:29:12.984+0000] {processor.py:161} INFO - Started process (PID=2322) to work on /home/airflow/.local/lib/python3.8/site-packages/airflow/example_dags/example_sensor_decorator.py
[2026-07-21T18:29:12.986+0000] {processor.py:830} INFO - Processing file /home/airflow/.local/lib/python3.8/site-packages/airflow/example_dags/example_sensor_decorator.py for tasks to queue
[2026-07-21T18:29:12.988+0000] {logging_mixin.py:188} INFO - [2026-07-21T18:29:12.988+0000] {dagbag.py:538} INFO - Filling up the DagBag from /home/airflow/.local/lib/python3.8/site-packages/airflow/example_dags/example_sensor_decorator.py
[2026-07-21T18:29:12.995+0000] {processor.py:840} INFO - DAG(s) 'example_sensor_decorator' retrieved from /home/airflow/.local/lib/python3.8/site-packages/airflow/example_dags/example_sensor_decorator.py
[2026-07-21T18:29:13.018+0000] {logging_mixin.py:188} INFO - [2026-07-21T18:29:13.018+0000] {dag.py:3036} INFO - Sync 1 DAGs
[2026-07-21T18:29:13.030+0000] {logging_mixin.py:188} INFO - [2026-07-21T18:29:13.030+0000] {dag.py:3823} INFO - Setting next_dagrun for example_sensor_decorator to None, run_after=None
[2026-07-21T18:29:13.051+0000] {processor.py:183} INFO - Processing /home/airflow/.local/lib/python3.8/site-packages/airflow/example_dags/example_sensor_decorator.py took 0.072 seconds
[2026-07-21T18:29:43.456+0000] {processor.py:161} INFO - Started process (PID=2378) to work on /home/airflow/.local/lib/python3.8/site-packages/airflow/example_dags/example_sensor_decorator.py
[2026-07-21T18:29:43.457+0000] {processor.py:830} INFO - Processing file /home/airflow/.local/lib/python3.8/site-packages/airflow/example_dags/example_sensor_decorator.py for tasks to queue
[2026-07-21T18:29:43.459+0000] {logging_mixin.py:188} INFO - [2026-07-21T18:29:43.459+0000] {dagbag.py:538} INFO - Filling up the DagBag from /home/airflow/.local/lib/python3.8/site-packages/airflow/example_dags/example_sensor_decorator.py
[2026-07-21T18:29:43.466+0000] {processor.py:840} INFO - DAG(s) 'example_sensor_decorator' retrieved from /home/airflow/.local/lib/python3.8/site-packages/airflow/example_dags/example_sensor_decorator.py
[2026-07-21T18:29:43.488+0000] {logging_mixin.py:188} INFO - [2026-07-21T18:29:43.488+0000] {dag.py:3036} INFO - Sync 1 DAGs
[2026-07-21T18:29:43.499+0000] {logging_mixin.py:188} INFO - [2026-07-21T18:29:43.499+0000] {dag.py:3823} INFO - Setting next_dagrun for example_sensor_decorator to None, run_after=None
[2026-07-21T18:29:43.519+0000] {processor.py:183} INFO - Processing /home/airflow/.local/lib/python3.8/site-packages/airflow/example_dags/example_sensor_decorator.py took 0.067 seconds
[2026-07-21T18:30:13.825+0000] {processor.py:161} INFO - Started process (PID=2434) to work on /home/airflow/.local/lib/python3.8/site-packages/airflow/example_dags/example_sensor_decorator.py
[2026-07-21T18:30:13.826+0000] {processor.py:830} INFO - Processing file /home/airflow/.local/lib/python3.8/site-packages/airflow/example_dags/example_sensor_decorator.py for tasks to queue
[2026-07-21T18:30:13.828+0000] {logging_mixin.py:188} INFO - [2026-07-21T18:30:13.828+0000] {dagbag.py:538} INFO - Filling up the DagBag from /home/airflow/.local/lib/python3.8/site-packages/airflow/example_dags/example_sensor_decorator.py
[2026-07-21T18:30:13.836+0000] {processor.py:840} INFO - DAG(s) 'example_sensor_decorator' retrieved from /home/airflow/.local/lib/python3.8/site-packages/airflow/example_dags/example_sensor_decorator.py
[2026-07-21T18:30:13.856+0000] {logging_mixin.py:188} INFO - [2026-07-21T18:30:13.856+0000] {dag.py:3036} INFO - Sync 1 DAGs
[2026-07-21T18:30:13.868+0000] {logging_mixin.py:188} INFO - [2026-07-21T18:30:13.868+0000] {dag.py:3823} INFO - Setting next_dagrun for example_sensor_decorator to None, run_after=None
[2026-07-21T18:30:13.886+0000] {processor.py:183} INFO - Processing /home/airflow/.local/lib/python3.8/site-packages/airflow/example_dags/example_sensor_decorator.py took 0.065 seconds
[2026-07-21T18:30:44.209+0000] {processor.py:161} INFO - Started process (PID=2490) to work on /home/airflow/.local/lib/python3.8/site-packages/airflow/example_dags/example_sensor_decorator.py
[2026-07-21T18:30:44.211+0000] {processor.py:830} INFO - Processing file /home/airflow/.local/lib/python3.8/site-packages/airflow/example_dags/example_sensor_decorator.py for tasks to queue
[2026-07-21T18:30:44.213+0000] {logging_mixin.py:188} INFO - [2026-07-21T18:30:44.213+0000] {dagbag.py:538} INFO - Filling up the DagBag from /home/airflow/.local/lib/python3.8/site-packages/airflow/example_dags/example_sensor_decorator.py
[2026-07-21T18:30:44.220+0000] {processor.py:840} INFO - DAG(s) 'example_sensor_decorator' retrieved from /home/airflow/.local/lib/python3.8/site-packages/airflow/example_dags/example_sensor_decorator.py
[2026-07-21T18:30:44.244+0000] {logging_mixin.py:188} INFO - [2026-07-21T18:30:44.244+0000] {dag.py:3036} INFO - Sync 1 DAGs
[2026-07-21T18:30:44.257+0000] {logging_mixin.py:188} INFO - [2026-07-21T18:30:44.256+0000] {dag.py:3823} INFO - Setting next_dagrun for example_sensor_decorator to None, run_after=None
[2026-07-21T18:30:44.277+0000] {processor.py:183} INFO - Processing /home/airflow/.local/lib/python3.8/site-packages/airflow/example_dags/example_sensor_decorator.py took 0.071 seconds
[2026-07-21T18:31:14.770+0000] {processor.py:161} INFO - Started process (PID=2546) to work on /home/airflow/.local/lib/python3.8/site-packages/airflow/example_dags/example_sensor_decorator.py
[2026-07-21T18:31:14.771+0000] {processor.py:830} INFO - Processing file /home/airflow/.local/lib/python3.8/site-packages/airflow/example_dags/example_sensor_decorator.py for tasks to queue
[2026-07-21T18:31:14.774+0000] {logging_mixin.py:188} INFO - [2026-07-21T18:31:14.773+0000] {dagbag.py:538} INFO - Filling up the DagBag from /home/airflow/.local/lib/python3.8/site-packages/airflow/example_dags/example_sensor_decorator.py
[2026-07-21T18:31:14.781+0000] {processor.py:840} INFO - DAG(s) 'example_sensor_decorator' retrieved from /home/airflow/.local/lib/python3.8/site-packages/airflow/example_dags/example_sensor_decorator.py
[2026-07-21T18:31:14.803+0000] {logging_mixin.py:188} INFO - [2026-07-21T18:31:14.803+0000] {dag.py:3036} INFO - Sync 1 DAGs
[2026-07-21T18:31:14.815+0000] {logging_mixin.py:188} INFO - [2026-07-21T18:31:14.815+0000] {dag.py:3823} INFO - Setting next_dagrun for example_sensor_decorator to None, run_after=None
[2026-07-21T18:31:14.837+0000] {processor.py:183} INFO - Processing /home/airflow/.local/lib/python3.8/site-packages/airflow/example_dags/example_sensor_decorator.py took 0.071 seconds
[2026-07-21T18:34:16.336+0000] {processor.py:161} INFO - Started process (PID=99) to work on /home/airflow/.local/lib/python3.10/site-packages/airflow/example_dags/example_sensor_decorator.py
[2026-07-21T18:34:16.337+0000] {processor.py:830} INFO - Processing file /home/airflow/.local/lib/python3.10/site-packages/airflow/example_dags/example_sensor_decorator.py for tasks to queue
[2026-07-21T18:34:16.340+0000] {logging_mixin.py:188} INFO - [2026-07-21T18:34:16.340+0000] {dagbag.py:538} INFO - Filling up the DagBag from /home/airflow/.local/lib/python3.10/site-packages/airflow/example_dags/example_sensor_decorator.py
[2026-07-21T18:34:16.363+0000] {processor.py:840} INFO - DAG(s) 'example_sensor_decorator' retrieved from /home/airflow/.local/lib/python3.10/site-packages/airflow/example_dags/example_sensor_decorator.py
[2026-07-21T18:34:16.601+0000] {logging_mixin.py:188} INFO - [2026-07-21T18:34:16.601+0000] {dag.py:3036} INFO - Sync 1 DAGs
[2026-07-21T18:34:16.633+0000] {logging_mixin.py:188} INFO - [2026-07-21T18:34:16.633+0000] {dag.py:3823} INFO - Setting next_dagrun for example_sensor_decorator to None, run_after=None
[2026-07-21T18:34:16.681+0000] {processor.py:183} INFO - Processing /home/airflow/.local/lib/python3.10/site-packages/airflow/example_dags/example_sensor_decorator.py took 0.351 seconds
[2026-07-21T18:34:47.124+0000] {processor.py:161} INFO - Started process (PID=155) to work on /home/airflow/.local/lib/python3.10/site-packages/airflow/example_dags/example_sensor_decorator.py
[2026-07-21T18:34:47.125+0000] {processor.py:830} INFO - Processing file /home/airflow/.local/lib/python3.10/site-packages/airflow/example_dags/example_sensor_decorator.py for tasks to queue
[2026-07-21T18:34:47.128+0000] {logging_mixin.py:188} INFO - [2026-07-21T18:34:47.128+0000] {dagbag.py:538} INFO - Filling up the DagBag from /home/airflow/.local/lib/python3.10/site-packages/airflow/example_dags/example_sensor_decorator.py
[2026-07-21T18:34:47.135+0000] {processor.py:840} INFO - DAG(s) 'example_sensor_decorator' retrieved from /home/airflow/.local/lib/python3.10/site-packages/airflow/example_dags/example_sensor_decorator.py
[2026-07-21T18:34:47.156+0000] {logging_mixin.py:188} INFO - [2026-07-21T18:34:47.156+0000] {dag.py:3036} INFO - Sync 1 DAGs
[2026-07-21T18:34:47.168+0000] {logging_mixin.py:188} INFO - [2026-07-21T18:34:47.168+0000] {dag.py:3823} INFO - Setting next_dagrun for example_sensor_decorator to None, run_after=None
[2026-07-21T18:34:47.186+0000] {processor.py:183} INFO - Processing /home/airflow/.local/lib/python3.10/site-packages/airflow/example_dags/example_sensor_decorator.py took 0.066 seconds
[2026-07-21T18:35:17.960+0000] {processor.py:161} INFO - Started process (PID=211) to work on /home/airflow/.local/lib/python3.10/site-packages/airflow/example_dags/example_sensor_decorator.py
[2026-07-21T18:35:17.962+0000] {processor.py:830} INFO - Processing file /home/airflow/.local/lib/python3.10/site-packages/airflow/example_dags/example_sensor_decorator.py for tasks to queue
[2026-07-21T18:35:17.964+0000] {logging_mixin.py:188} INFO - [2026-07-21T18:35:17.964+0000] {dagbag.py:538} INFO - Filling up the DagBag from /home/airflow/.local/lib/python3.10/site-packages/airflow/example_dags/example_sensor_decorator.py
[2026-07-21T18:35:17.974+0000] {processor.py:840} INFO - DAG(s) 'example_sensor_decorator' retrieved from /home/airflow/.local/lib/python3.10/site-packages/airflow/example_dags/example_sensor_decorator.py
[2026-07-21T18:35:17.998+0000] {logging_mixin.py:188} INFO - [2026-07-21T18:35:17.998+0000] {dag.py:3036} INFO - Sync 1 DAGs
[2026-07-21T18:35:18.012+0000] {logging_mixin.py:188} INFO - [2026-07-21T18:35:18.012+0000] {dag.py:3823} INFO - Setting next_dagrun for example_sensor_decorator to None, run_after=None
[2026-07-21T18:35:18.032+0000] {processor.py:183} INFO - Processing /home/airflow/.local/lib/python3.10/site-packages/airflow/example_dags/example_sensor_decorator.py took 0.077 seconds
[2026-07-21T18:35:48.449+0000] {processor.py:161} INFO - Started process (PID=267) to work on /home/airflow/.local/lib/python3.10/site-packages/airflow/example_dags/example_sensor_decorator.py
[2026-07-21T18:35:48.450+0000] {processor.py:830} INFO - Processing file /home/airflow/.local/lib/python3.10/site-packages/airflow/example_dags/example_sensor_decorator.py for tasks to queue
[2026-07-21T18:35:48.453+0000] {logging_mixin.py:188} INFO - [2026-07-21T18:35:48.453+0000] {dagbag.py:538} INFO - Filling up the DagBag from /home/airflow/.local/lib/python3.10/site-packages/airflow/example_dags/example_sensor_decorator.py
[2026-07-21T18:35:48.461+0000] {processor.py:840} INFO - DAG(s) 'example_sensor_decorator' retrieved from /home/airflow/.local/lib/python3.10/site-packages/airflow/example_dags/example_sensor_decorator.py
[2026-07-21T18:35:48.484+0000] {logging_mixin.py:188} INFO - [2026-07-21T18:35:48.483+0000] {dag.py:3036} INFO - Sync 1 DAGs
[2026-07-21T18:35:48.496+0000] {logging_mixin.py:188} INFO - [2026-07-21T18:35:48.496+0000] {dag.py:3823} INFO - Setting next_dagrun for example_sensor_decorator to None, run_after=None
[2026-07-21T18:35:48.521+0000] {processor.py:183} INFO - Processing /home/airflow/.local/lib/python3.10/site-packages/airflow/example_dags/example_sensor_decorator.py took 0.076 seconds
[2026-07-21T18:36:18.691+0000] {processor.py:161} INFO - Started process (PID=323) to work on /home/airflow/.local/lib/python3.10/site-packages/airflow/example_dags/example_sensor_decorator.py
[2026-07-21T18:36:18.692+0000] {processor.py:830} INFO - Processing file /home/airflow/.local/lib/python3.10/site-packages/airflow/example_dags/example_sensor_decorator.py for tasks to queue
[2026-07-21T18:36:18.694+0000] {logging_mixin.py:188} INFO - [2026-07-21T18:36:18.694+0000] {dagbag.py:538} INFO - Filling up the DagBag from /home/airflow/.local/lib/python3.10/site-packages/airflow/example_dags/example_sensor_decorator.py
[2026-07-21T18:36:18.701+0000] {processor.py:840} INFO - DAG(s) 'example_sensor_decorator' retrieved from /home/airflow/.local/lib/python3.10/site-packages/airflow/example_dags/example_sensor_decorator.py
[2026-07-21T18:36:18.723+0000] {logging_mixin.py:188} INFO - [2026-07-21T18:36:18.723+0000] {dag.py:3036} INFO - Sync 1 DAGs
[2026-07-21T18:36:18.735+0000] {logging_mixin.py:188} INFO - [2026-07-21T18:36:18.734+0000] {dag.py:3823} INFO - Setting next_dagrun for example_sensor_decorator to None, run_after=None
[2026-07-21T18:36:18.755+0000] {processor.py:183} INFO - Processing /home/airflow/.local/lib/python3.10/site-packages/airflow/example_dags/example_sensor_decorator.py took 0.068 seconds
[2026-07-21T18:36:49.004+0000] {processor.py:161} INFO - Started process (PID=379) to work on /home/airflow/.local/lib/python3.10/site-packages/airflow/example_dags/example_sensor_decorator.py
[2026-07-21T18:36:49.005+0000] {processor.py:830} INFO - Processing file /home/airflow/.local/lib/python3.10/site-packages/airflow/example_dags/example_sensor_decorator.py for tasks to queue
[2026-07-21T18:36:49.007+0000] {logging_mixin.py:188} INFO - [2026-07-21T18:36:49.007+0000] {dagbag.py:538} INFO - Filling up the DagBag from /home/airflow/.local/lib/python3.10/site-packages/airflow/example_dags/example_sensor_decorator.py
[2026-07-21T18:36:49.014+0000] {processor.py:840} INFO - DAG(s) 'example_sensor_decorator' retrieved from /home/airflow/.local/lib/python3.10/site-packages/airflow/example_dags/example_sensor_decorator.py
[2026-07-21T18:36:49.034+0000] {logging_mixin.py:188} INFO - [2026-07-21T18:36:49.034+0000] {dag.py:3036} INFO - Sync 1 DAGs
[2026-07-21T18:36:49.045+0000] {logging_mixin.py:188} INFO - [2026-07-21T18:36:49.044+0000] {dag.py:3823} INFO - Setting next_dagrun for example_sensor_decorator to None, run_after=None
[2026-07-21T18:36:49.062+0000] {processor.py:183} INFO - Processing /home/airflow/.local/lib/python3.10/site-packages/airflow/example_dags/example_sensor_decorator.py took 0.062 seconds
[2026-07-21T18:37:19.376+0000] {processor.py:161} INFO - Started process (PID=435) to work on /home/airflow/.local/lib/python3.10/site-packages/airflow/example_dags/example_sensor_decorator.py
[2026-07-21T18:37:19.378+0000] {processor.py:830} INFO - Processing file /home/airflow/.local/lib/python3.10/site-packages/airflow/example_dags/example_sensor_decorator.py for tasks to queue
[2026-07-21T18:37:19.380+0000] {logging_mixin.py:188} INFO - [2026-07-21T18:37:19.380+0000] {dagbag.py:538} INFO - Filling up the DagBag from /home/airflow/.local/lib/python3.10/site-packages/airflow/example_dags/example_sensor_decorator.py
[2026-07-21T18:37:19.386+0000] {processor.py:840} INFO - DAG(s) 'example_sensor_decorator' retrieved from /home/airflow/.local/lib/python3.10/site-packages/airflow/example_dags/example_sensor_decorator.py
[2026-07-21T18:37:19.408+0000] {logging_mixin.py:188} INFO - [2026-07-21T18:37:19.408+0000] {dag.py:3036} INFO - Sync 1 DAGs
[2026-07-21T18:37:19.419+0000] {logging_mixin.py:188} INFO - [2026-07-21T18:37:19.419+0000] {dag.py:3823} INFO - Setting next_dagrun for example_sensor_decorator to None, run_after=None
[2026-07-21T18:37:19.437+0000] {processor.py:183} INFO - Processing /home/airflow/.local/lib/python3.10/site-packages/airflow/example_dags/example_sensor_decorator.py took 0.065 seconds
[2026-07-21T18:37:49.560+0000] {processor.py:161} INFO - Started process (PID=491) to work on /home/airflow/.local/lib/python3.10/site-packages/airflow/example_dags/example_sensor_decorator.py
[2026-07-21T18:37:49.561+0000] {processor.py:830} INFO - Processing file /home/airflow/.local/lib/python3.10/site-packages/airflow/example_dags/example_sensor_decorator.py for tasks to queue
[2026-07-21T18:37:49.563+0000] {logging_mixin.py:188} INFO - [2026-07-21T18:37:49.563+0000] {dagbag.py:538} INFO - Filling up the DagBag from /home/airflow/.local/lib/python3.10/site-packages/airflow/example_dags/example_sensor_decorator.py
[2026-07-21T18:37:49.569+0000] {processor.py:840} INFO - DAG(s) 'example_sensor_decorator' retrieved from /home/airflow/.local/lib/python3.10/site-packages/airflow/example_dags/example_sensor_decorator.py
[2026-07-21T18:37:49.590+0000] {logging_mixin.py:188} INFO - [2026-07-21T18:37:49.590+0000] {dag.py:3036} INFO - Sync 1 DAGs
[2026-07-21T18:37:49.601+0000] {logging_mixin.py:188} INFO - [2026-07-21T18:37:49.600+0000] {dag.py:3823} INFO - Setting next_dagrun for example_sensor_decorator to None, run_after=None
[2026-07-21T18:37:49.617+0000] {processor.py:183} INFO - Processing /home/airflow/.local/lib/python3.10/site-packages/airflow/example_dags/example_sensor_decorator.py took 0.061 seconds
[2026-07-21T18:38:20.265+0000] {processor.py:161} INFO - Started process (PID=547) to work on /home/airflow/.local/lib/python3.10/site-packages/airflow/example_dags/example_sensor_decorator.py
[2026-07-21T18:38:20.266+0000] {processor.py:830} INFO - Processing file /home/airflow/.local/lib/python3.10/site-packages/airflow/example_dags/example_sensor_decorator.py for tasks to queue
[2026-07-21T18:38:20.268+0000] {logging_mixin.py:188} INFO - [2026-07-21T18:38:20.268+0000] {dagbag.py:538} INFO - Filling up the DagBag from /home/airflow/.local/lib/python3.10/site-packages/airflow/example_dags/example_sensor_decorator.py
[2026-07-21T18:38:20.275+0000] {processor.py:840} INFO - DAG(s) 'example_sensor_decorator' retrieved from /home/airflow/.local/lib/python3.10/site-packages/airflow/example_dags/example_sensor_decorator.py
[2026-07-21T18:38:20.296+0000] {logging_mixin.py:188} INFO - [2026-07-21T18:38:20.296+0000] {dag.py:3036} INFO - Sync 1 DAGs
[2026-07-21T18:38:20.307+0000] {logging_mixin.py:188} INFO - [2026-07-21T18:38:20.307+0000] {dag.py:3823} INFO - Setting next_dagrun for example_sensor_decorator to None, run_after=None
[2026-07-21T18:38:20.325+0000] {processor.py:183} INFO - Processing /home/airflow/.local/lib/python3.10/site-packages/airflow/example_dags/example_sensor_decorator.py took 0.064 seconds
[2026-07-21T18:38:50.572+0000] {processor.py:161} INFO - Started process (PID=603) to work on /home/airflow/.local/lib/python3.10/site-packages/airflow/example_dags/example_sensor_decorator.py
[2026-07-21T18:38:50.573+0000] {processor.py:830} INFO - Processing file /home/airflow/.local/lib/python3.10/site-packages/airflow/example_dags/example_sensor_decorator.py for tasks to queue
[2026-07-21T18:38:50.576+0000] {logging_mixin.py:188} INFO - [2026-07-21T18:38:50.575+0000] {dagbag.py:538} INFO - Filling up the DagBag from /home/airflow/.local/lib/python3.10/site-packages/airflow/example_dags/example_sensor_decorator.py
[2026-07-21T18:38:50.582+0000] {processor.py:840} INFO - DAG(s) 'example_sensor_decorator' retrieved from /home/airflow/.local/lib/python3.10/site-packages/airflow/example_dags/example_sensor_decorator.py
[2026-07-21T18:38:50.603+0000] {logging_mixin.py:188} INFO - [2026-07-21T18:38:50.603+0000] {dag.py:3036} INFO - Sync 1 DAGs
[2026-07-21T18:38:50.614+0000] {logging_mixin.py:188} INFO - [2026-07-21T18:38:50.613+0000] {dag.py:3823} INFO - Setting next_dagrun for example_sensor_decorator to None, run_after=None
[2026-07-21T18:38:50.631+0000] {processor.py:183} INFO - Processing /home/airflow/.local/lib/python3.10/site-packages/airflow/example_dags/example_sensor_decorator.py took 0.063 seconds
[2026-07-21T18:39:20.800+0000] {processor.py:161} INFO - Started process (PID=659) to work on /home/airflow/.local/lib/python3.10/site-packages/airflow/example_dags/example_sensor_decorator.py
[2026-07-21T18:39:20.802+0000] {processor.py:830} INFO - Processing file /home/airflow/.local/lib/python3.10/site-packages/airflow/example_dags/example_sensor_decorator.py for tasks to queue
[2026-07-21T18:39:20.804+0000] {logging_mixin.py:188} INFO - [2026-07-21T18:39:20.803+0000] {dagbag.py:538} INFO - Filling up the DagBag from /home/airflow/.local/lib/python3.10/site-packages/airflow/example_dags/example_sensor_decorator.py
[2026-07-21T18:39:20.811+0000] {processor.py:840} INFO - DAG(s) 'example_sensor_decorator' retrieved from /home/airflow/.local/lib/python3.10/site-packages/airflow/example_dags/example_sensor_decorator.py
[2026-07-21T18:39:20.833+0000] {logging_mixin.py:188} INFO - [2026-07-21T18:39:20.833+0000] {dag.py:3036} INFO - Sync 1 DAGs
[2026-07-21T18:39:20.844+0000] {logging_mixin.py:188} INFO - [2026-07-21T18:39:20.844+0000] {dag.py:3823} INFO - Setting next_dagrun for example_sensor_decorator to None, run_after=None
[2026-07-21T18:39:20.863+0000] {processor.py:183} INFO - Processing /home/airflow/.local/lib/python3.10/site-packages/airflow/example_dags/example_sensor_decorator.py took 0.067 seconds
[2026-07-21T18:39:50.932+0000] {processor.py:161} INFO - Started process (PID=715) to work on /home/airflow/.local/lib/python3.10/site-packages/airflow/example_dags/example_sensor_decorator.py
[2026-07-21T18:39:50.933+0000] {processor.py:830} INFO - Processing file /home/airflow/.local/lib/python3.10/site-packages/airflow/example_dags/example_sensor_decorator.py for tasks to queue
[2026-07-21T18:39:50.935+0000] {logging_mixin.py:188} INFO - [2026-07-21T18:39:50.935+0000] {dagbag.py:538} INFO - Filling up the DagBag from /home/airflow/.local/lib/python3.10/site-packages/airflow/example_dags/example_sensor_decorator.py
[2026-07-21T18:39:50.942+0000] {processor.py:840} INFO - DAG(s) 'example_sensor_decorator' retrieved from /home/airflow/.local/lib/python3.10/site-packages/airflow/example_dags/example_sensor_decorator.py
[2026-07-21T18:39:50.963+0000] {logging_mixin.py:188} INFO - [2026-07-21T18:39:50.962+0000] {dag.py:3036} INFO - Sync 1 DAGs
[2026-07-21T18:39:50.973+0000] {logging_mixin.py:188} INFO - [2026-07-21T18:39:50.973+0000] {dag.py:3823} INFO - Setting next_dagrun for example_sensor_decorator to None, run_after=None
[2026-07-21T18:39:50.991+0000] {processor.py:183} INFO - Processing /home/airflow/.local/lib/python3.10/site-packages/airflow/example_dags/example_sensor_decorator.py took 0.063 seconds
[2026-07-21T18:40:21.527+0000] {processor.py:161} INFO - Started process (PID=771) to work on /home/airflow/.local/lib/python3.10/site-packages/airflow/example_dags/example_sensor_decorator.py
[2026-07-21T18:40:21.528+0000] {processor.py:830} INFO - Processing file /home/airflow/.local/lib/python3.10/site-packages/airflow/example_dags/example_sensor_decorator.py for tasks to queue
[2026-07-21T18:40:21.531+0000] {logging_mixin.py:188} INFO - [2026-07-21T18:40:21.530+0000] {dagbag.py:538} INFO - Filling up the DagBag from /home/airflow/.local/lib/python3.10/site-packages/airflow/example_dags/example_sensor_decorator.py
[2026-07-21T18:40:21.537+0000] {processor.py:840} INFO - DAG(s) 'example_sensor_decorator' retrieved from /home/airflow/.local/lib/python3.10/site-packages/airflow/example_dags/example_sensor_decorator.py
[2026-07-21T18:40:21.558+0000] {logging_mixin.py:188} INFO - [2026-07-21T18:40:21.558+0000] {dag.py:3036} INFO - Sync 1 DAGs
[2026-07-21T18:40:21.569+0000] {logging_mixin.py:188} INFO - [2026-07-21T18:40:21.569+0000] {dag.py:3823} INFO - Setting next_dagrun for example_sensor_decorator to None, run_after=None
[2026-07-21T18:40:21.587+0000] {processor.py:183} INFO - Processing /home/airflow/.local/lib/python3.10/site-packages/airflow/example_dags/example_sensor_decorator.py took 0.063 seconds
[2026-07-21T18:40:51.904+0000] {processor.py:161} INFO - Started process (PID=827) to work on /home/airflow/.local/lib/python3.10/site-packages/airflow/example_dags/example_sensor_decorator.py
[2026-07-21T18:40:51.906+0000] {processor.py:830} INFO - Processing file /home/airflow/.local/lib/python3.10/site-packages/airflow/example_dags/example_sensor_decorator.py for tasks to queue
[2026-07-21T18:40:51.908+0000] {logging_mixin.py:188} INFO - [2026-07-21T18:40:51.907+0000] {dagbag.py:538} INFO - Filling up the DagBag from /home/airflow/.local/lib/python3.10/site-packages/airflow/example_dags/example_sensor_decorator.py
[2026-07-21T18:40:51.914+0000] {processor.py:840} INFO - DAG(s) 'example_sensor_decorator' retrieved from /home/airflow/.local/lib/python3.10/site-packages/airflow/example_dags/example_sensor_decorator.py
[2026-07-21T18:40:51.934+0000] {logging_mixin.py:188} INFO - [2026-07-21T18:40:51.934+0000] {dag.py:3036} INFO - Sync 1 DAGs
[2026-07-21T18:40:51.945+0000] {logging_mixin.py:188} INFO - [2026-07-21T18:40:51.945+0000] {dag.py:3823} INFO - Setting next_dagrun for example_sensor_decorator to None, run_after=None
[2026-07-21T18:40:51.963+0000] {processor.py:183} INFO - Processing /home/airflow/.local/lib/python3.10/site-packages/airflow/example_dags/example_sensor_decorator.py took 0.062 seconds
[2026-07-21T18:41:22.974+0000] {processor.py:161} INFO - Started process (PID=883) to work on /home/airflow/.local/lib/python3.10/site-packages/airflow/example_dags/example_sensor_decorator.py
[2026-07-21T18:41:22.975+0000] {processor.py:830} INFO - Processing file /home/airflow/.local/lib/python3.10/site-packages/airflow/example_dags/example_sensor_decorator.py for tasks to queue
[2026-07-21T18:41:22.977+0000] {logging_mixin.py:188} INFO - [2026-07-21T18:41:22.977+0000] {dagbag.py:538} INFO - Filling up the DagBag from /home/airflow/.local/lib/python3.10/site-packages/airflow/example_dags/example_sensor_decorator.py
[2026-07-21T18:41:22.984+0000] {processor.py:840} INFO - DAG(s) 'example_sensor_decorator' retrieved from /home/airflow/.local/lib/python3.10/site-packages/airflow/example_dags/example_sensor_decorator.py
[2026-07-21T18:41:23.004+0000] {logging_mixin.py:188} INFO - [2026-07-21T18:41:23.004+0000] {dag.py:3036} INFO - Sync 1 DAGs
[2026-07-21T18:41:23.015+0000] {logging_mixin.py:188} INFO - [2026-07-21T18:41:23.015+0000] {dag.py:3823} INFO - Setting next_dagrun for example_sensor_decorator to None, run_after=None
[2026-07-21T18:41:23.041+0000] {processor.py:183} INFO - Processing /home/airflow/.local/lib/python3.10/site-packages/airflow/example_dags/example_sensor_decorator.py took 0.070 seconds
[2026-07-21T18:41:53.363+0000] {processor.py:161} INFO - Started process (PID=939) to work on /home/airflow/.local/lib/python3.10/site-packages/airflow/example_dags/example_sensor_decorator.py
[2026-07-21T18:41:53.365+0000] {processor.py:830} INFO - Processing file /home/airflow/.local/lib/python3.10/site-packages/airflow/example_dags/example_sensor_decorator.py for tasks to queue
[2026-07-21T18:41:53.366+0000] {logging_mixin.py:188} INFO - [2026-07-21T18:41:53.366+0000] {dagbag.py:538} INFO - Filling up the DagBag from /home/airflow/.local/lib/python3.10/site-packages/airflow/example_dags/example_sensor_decorator.py
[2026-07-21T18:41:53.373+0000] {processor.py:840} INFO - DAG(s) 'example_sensor_decorator' retrieved from /home/airflow/.local/lib/python3.10/site-packages/airflow/example_dags/example_sensor_decorator.py
[2026-07-21T18:41:53.394+0000] {logging_mixin.py:188} INFO - [2026-07-21T18:41:53.394+0000] {dag.py:3036} INFO - Sync 1 DAGs
[2026-07-21T18:41:53.405+0000] {logging_mixin.py:188} INFO - [2026-07-21T18:41:53.405+0000] {dag.py:3823} INFO - Setting next_dagrun for example_sensor_decorator to None, run_after=None
[2026-07-21T18:41:53.422+0000] {processor.py:183} INFO - Processing /home/airflow/.local/lib/python3.10/site-packages/airflow/example_dags/example_sensor_decorator.py took 0.062 seconds
[2026-07-21T18:42:23.726+0000] {processor.py:161} INFO - Started process (PID=995) to work on /home/airflow/.local/lib/python3.10/site-packages/airflow/example_dags/example_sensor_decorator.py
[2026-07-21T18:42:23.727+0000] {processor.py:830} INFO - Processing file /home/airflow/.local/lib/python3.10/site-packages/airflow/example_dags/example_sensor_decorator.py for tasks to queue
[2026-07-21T18:42:23.729+0000] {logging_mixin.py:188} INFO - [2026-07-21T18:42:23.729+0000] {dagbag.py:538} INFO - Filling up the DagBag from /home/airflow/.local/lib/python3.10/site-packages/airflow/example_dags/example_sensor_decorator.py
[2026-07-21T18:42:23.736+0000] {processor.py:840} INFO - DAG(s) 'example_sensor_decorator' retrieved from /home/airflow/.local/lib/python3.10/site-packages/airflow/example_dags/example_sensor_decorator.py
[2026-07-21T18:42:23.757+0000] {logging_mixin.py:188} INFO - [2026-07-21T18:42:23.756+0000] {dag.py:3036} INFO - Sync 1 DAGs
[2026-07-21T18:42:23.767+0000] {logging_mixin.py:188} INFO - [2026-07-21T18:42:23.767+0000] {dag.py:3823} INFO - Setting next_dagrun for example_sensor_decorator to None, run_after=None
[2026-07-21T18:42:23.786+0000] {processor.py:183} INFO - Processing /home/airflow/.local/lib/python3.10/site-packages/airflow/example_dags/example_sensor_decorator.py took 0.063 seconds
[2026-07-21T18:42:54.074+0000] {processor.py:161} INFO - Started process (PID=1052) to work on /home/airflow/.local/lib/python3.10/site-packages/airflow/example_dags/example_sensor_decorator.py
[2026-07-21T18:42:54.075+0000] {processor.py:830} INFO - Processing file /home/airflow/.local/lib/python3.10/site-packages/airflow/example_dags/example_sensor_decorator.py for tasks to queue
[2026-07-21T18:42:54.077+0000] {logging_mixin.py:188} INFO - [2026-07-21T18:42:54.077+0000] {dagbag.py:538} INFO - Filling up the DagBag from /home/airflow/.local/lib/python3.10/site-packages/airflow/example_dags/example_sensor_decorator.py
[2026-07-21T18:42:54.085+0000] {processor.py:840} INFO - DAG(s) 'example_sensor_decorator' retrieved from /home/airflow/.local/lib/python3.10/site-packages/airflow/example_dags/example_sensor_decorator.py
[2026-07-21T18:42:54.107+0000] {logging_mixin.py:188} INFO - [2026-07-21T18:42:54.106+0000] {dag.py:3036} INFO - Sync 1 DAGs
[2026-07-21T18:42:54.117+0000] {logging_mixin.py:188} INFO - [2026-07-21T18:42:54.117+0000] {dag.py:3823} INFO - Setting next_dagrun for example_sensor_decorator to None, run_after=None
[2026-07-21T18:42:54.136+0000] {processor.py:183} INFO - Processing /home/airflow/.local/lib/python3.10/site-packages/airflow/example_dags/example_sensor_decorator.py took 0.065 seconds
[2026-07-21T18:43:24.524+0000] {processor.py:161} INFO - Started process (PID=1108) to work on /home/airflow/.local/lib/python3.10/site-packages/airflow/example_dags/example_sensor_decorator.py
[2026-07-21T18:43:24.525+0000] {processor.py:830} INFO - Processing file /home/airflow/.local/lib/python3.10/site-packages/airflow/example_dags/example_sensor_decorator.py for tasks to queue
[2026-07-21T18:43:24.528+0000] {logging_mixin.py:188} INFO - [2026-07-21T18:43:24.527+0000] {dagbag.py:538} INFO - Filling up the DagBag from /home/airflow/.local/lib/python3.10/site-packages/airflow/example_dags/example_sensor_decorator.py
[2026-07-21T18:43:24.537+0000] {processor.py:840} INFO - DAG(s) 'example_sensor_decorator' retrieved from /home/airflow/.local/lib/python3.10/site-packages/airflow/example_dags/example_sensor_decorator.py
[2026-07-21T18:43:24.562+0000] {logging_mixin.py:188} INFO - [2026-07-21T18:43:24.562+0000] {dag.py:3036} INFO - Sync 1 DAGs
[2026-07-21T18:43:24.576+0000] {logging_mixin.py:188} INFO - [2026-07-21T18:43:24.576+0000] {dag.py:3823} INFO - Setting next_dagrun for example_sensor_decorator to None, run_after=None
[2026-07-21T18:43:24.606+0000] {processor.py:183} INFO - Processing /home/airflow/.local/lib/python3.10/site-packages/airflow/example_dags/example_sensor_decorator.py took 0.087 seconds
[2026-07-21T18:43:54.916+0000] {processor.py:161} INFO - Started process (PID=1164) to work on /home/airflow/.local/lib/python3.10/site-packages/airflow/example_dags/example_sensor_decorator.py
[2026-07-21T18:43:54.917+0000] {processor.py:830} INFO - Processing file /home/airflow/.local/lib/python3.10/site-packages/airflow/example_dags/example_sensor_decorator.py for tasks to queue
[2026-07-21T18:43:54.919+0000] {logging_mixin.py:188} INFO - [2026-07-21T18:43:54.919+0000] {dagbag.py:538} INFO - Filling up the DagBag from /home/airflow/.local/lib/python3.10/site-packages/airflow/example_dags/example_sensor_decorator.py
[2026-07-21T18:43:54.925+0000] {processor.py:840} INFO - DAG(s) 'example_sensor_decorator' retrieved from /home/airflow/.local/lib/python3.10/site-packages/airflow/example_dags/example_sensor_decorator.py
[2026-07-21T18:43:54.945+0000] {logging_mixin.py:188} INFO - [2026-07-21T18:43:54.945+0000] {dag.py:3036} INFO - Sync 1 DAGs
[2026-07-21T18:43:54.957+0000] {logging_mixin.py:188} INFO - [2026-07-21T18:43:54.957+0000] {dag.py:3823} INFO - Setting next_dagrun for example_sensor_decorator to None, run_after=None
[2026-07-21T18:43:54.985+0000] {processor.py:183} INFO - Processing /home/airflow/.local/lib/python3.10/site-packages/airflow/example_dags/example_sensor_decorator.py took 0.072 seconds
[2026-07-21T18:44:25.283+0000] {processor.py:161} INFO - Started process (PID=1220) to work on /home/airflow/.local/lib/python3.10/site-packages/airflow/example_dags/example_sensor_decorator.py
[2026-07-21T18:44:25.284+0000] {processor.py:830} INFO - Processing file /home/airflow/.local/lib/python3.10/site-packages/airflow/example_dags/example_sensor_decorator.py for tasks to queue
[2026-07-21T18:44:25.286+0000] {logging_mixin.py:188} INFO - [2026-07-21T18:44:25.286+0000] {dagbag.py:538} INFO - Filling up the DagBag from /home/airflow/.local/lib/python3.10/site-packages/airflow/example_dags/example_sensor_decorator.py
[2026-07-21T18:44:25.292+0000] {processor.py:840} INFO - DAG(s) 'example_sensor_decorator' retrieved from /home/airflow/.local/lib/python3.10/site-packages/airflow/example_dags/example_sensor_decorator.py
[2026-07-21T18:44:25.312+0000] {logging_mixin.py:188} INFO - [2026-07-21T18:44:25.312+0000] {dag.py:3036} INFO - Sync 1 DAGs
[2026-07-21T18:44:25.323+0000] {logging_mixin.py:188} INFO - [2026-07-21T18:44:25.323+0000] {dag.py:3823} INFO - Setting next_dagrun for example_sensor_decorator to None, run_after=None
[2026-07-21T18:44:25.341+0000] {processor.py:183} INFO - Processing /home/airflow/.local/lib/python3.10/site-packages/airflow/example_dags/example_sensor_decorator.py took 0.063 seconds
[2026-07-21T18:44:55.565+0000] {processor.py:161} INFO - Started process (PID=1276) to work on /home/airflow/.local/lib/python3.10/site-packages/airflow/example_dags/example_sensor_decorator.py
[2026-07-21T18:44:55.566+0000] {processor.py:830} INFO - Processing file /home/airflow/.local/lib/python3.10/site-packages/airflow/example_dags/example_sensor_decorator.py for tasks to queue
[2026-07-21T18:44:55.569+0000] {logging_mixin.py:188} INFO - [2026-07-21T18:44:55.569+0000] {dagbag.py:538} INFO - Filling up the DagBag from /home/airflow/.local/lib/python3.10/site-packages/airflow/example_dags/example_sensor_decorator.py
[2026-07-21T18:44:55.577+0000] {processor.py:840} INFO - DAG(s) 'example_sensor_decorator' retrieved from /home/airflow/.local/lib/python3.10/site-packages/airflow/example_dags/example_sensor_decorator.py
[2026-07-21T18:44:55.600+0000] {logging_mixin.py:188} INFO - [2026-07-21T18:44:55.600+0000] {dag.py:3036} INFO - Sync 1 DAGs
[2026-07-21T18:44:55.613+0000] {logging_mixin.py:188} INFO - [2026-07-21T18:44:55.612+0000] {dag.py:3823} INFO - Setting next_dagrun for example_sensor_decorator to None, run_after=None
[2026-07-21T18:44:55.639+0000] {processor.py:183} INFO - Processing /home/airflow/.local/lib/python3.10/site-packages/airflow/example_dags/example_sensor_decorator.py took 0.079 seconds
[2026-07-21T18:45:26.610+0000] {processor.py:161} INFO - Started process (PID=1332) to work on /home/airflow/.local/lib/python3.10/site-packages/airflow/example_dags/example_sensor_decorator.py
[2026-07-21T18:45:26.612+0000] {processor.py:830} INFO - Processing file /home/airflow/.local/lib/python3.10/site-packages/airflow/example_dags/example_sensor_decorator.py for tasks to queue
[2026-07-21T18:45:26.614+0000] {logging_mixin.py:188} INFO - [2026-07-21T18:45:26.614+0000] {dagbag.py:538} INFO - Filling up the DagBag from /home/airflow/.local/lib/python3.10/site-packages/airflow/example_dags/example_sensor_decorator.py
[2026-07-21T18:45:26.621+0000] {processor.py:840} INFO - DAG(s) 'example_sensor_decorator' retrieved from /home/airflow/.local/lib/python3.10/site-packages/airflow/example_dags/example_sensor_decorator.py
[2026-07-21T18:45:26.647+0000] {logging_mixin.py:188} INFO - [2026-07-21T18:45:26.647+0000] {dag.py:3036} INFO - Sync 1 DAGs
[2026-07-21T18:45:26.662+0000] {logging_mixin.py:188} INFO - [2026-07-21T18:45:26.662+0000] {dag.py:3823} INFO - Setting next_dagrun for example_sensor_decorator to None, run_after=None
[2026-07-21T18:45:26.684+0000] {processor.py:183} INFO - Processing /home/airflow/.local/lib/python3.10/site-packages/airflow/example_dags/example_sensor_decorator.py took 0.078 seconds
[2026-07-21T18:45:57.235+0000] {processor.py:161} INFO - Started process (PID=1388) to work on /home/airflow/.local/lib/python3.10/site-packages/airflow/example_dags/example_sensor_decorator.py
[2026-07-21T18:45:57.235+0000] {processor.py:830} INFO - Processing file /home/airflow/.local/lib/python3.10/site-packages/airflow/example_dags/example_sensor_decorator.py for tasks to queue
[2026-07-21T18:45:57.237+0000] {logging_mixin.py:188} INFO - [2026-07-21T18:45:57.237+0000] {dagbag.py:538} INFO - Filling up the DagBag from /home/airflow/.local/lib/python3.10/site-packages/airflow/example_dags/example_sensor_decorator.py
[2026-07-21T18:45:57.243+0000] {processor.py:840} INFO - DAG(s) 'example_sensor_decorator' retrieved from /home/airflow/.local/lib/python3.10/site-packages/airflow/example_dags/example_sensor_decorator.py
[2026-07-21T18:45:57.265+0000] {logging_mixin.py:188} INFO - [2026-07-21T18:45:57.264+0000] {dag.py:3036} INFO - Sync 1 DAGs
[2026-07-21T18:45:57.276+0000] {logging_mixin.py:188} INFO - [2026-07-21T18:45:57.276+0000] {dag.py:3823} INFO - Setting next_dagrun for example_sensor_decorator to None, run_after=None
[2026-07-21T18:45:57.294+0000] {processor.py:183} INFO - Processing /home/airflow/.local/lib/python3.10/site-packages/airflow/example_dags/example_sensor_decorator.py took 0.062 seconds
[2026-07-21T18:46:27.577+0000] {processor.py:161} INFO - Started process (PID=1444) to work on /home/airflow/.local/lib/python3.10/site-packages/airflow/example_dags/example_sensor_decorator.py
[2026-07-21T18:46:27.578+0000] {processor.py:830} INFO - Processing file /home/airflow/.local/lib/python3.10/site-packages/airflow/example_dags/example_sensor_decorator.py for tasks to queue
[2026-07-21T18:46:27.580+0000] {logging_mixin.py:188} INFO - [2026-07-21T18:46:27.580+0000] {dagbag.py:538} INFO - Filling up the DagBag from /home/airflow/.local/lib/python3.10/site-packages/airflow/example_dags/example_sensor_decorator.py
[2026-07-21T18:46:27.586+0000] {processor.py:840} INFO - DAG(s) 'example_sensor_decorator' retrieved from /home/airflow/.local/lib/python3.10/site-packages/airflow/example_dags/example_sensor_decorator.py
[2026-07-21T18:46:27.607+0000] {logging_mixin.py:188} INFO - [2026-07-21T18:46:27.607+0000] {dag.py:3036} INFO - Sync 1 DAGs
[2026-07-21T18:46:27.618+0000] {logging_mixin.py:188} INFO - [2026-07-21T18:46:27.617+0000] {dag.py:3823} INFO - Setting next_dagrun for example_sensor_decorator to None, run_after=None
[2026-07-21T18:46:27.635+0000] {processor.py:183} INFO - Processing /home/airflow/.local/lib/python3.10/site-packages/airflow/example_dags/example_sensor_decorator.py took 0.062 seconds
[2026-07-21T18:46:57.752+0000] {processor.py:161} INFO - Started process (PID=1500) to work on /home/airflow/.local/lib/python3.10/site-packages/airflow/example_dags/example_sensor_decorator.py
[2026-07-21T18:46:57.753+0000] {processor.py:830} INFO - Processing file /home/airflow/.local/lib/python3.10/site-packages/airflow/example_dags/example_sensor_decorator.py for tasks to queue
[2026-07-21T18:46:57.755+0000] {logging_mixin.py:188} INFO - [2026-07-21T18:46:57.755+0000] {dagbag.py:538} INFO - Filling up the DagBag from /home/airflow/.local/lib/python3.10/site-packages/airflow/example_dags/example_sensor_decorator.py
[2026-07-21T18:46:57.763+0000] {processor.py:840} INFO - DAG(s) 'example_sensor_decorator' retrieved from /home/airflow/.local/lib/python3.10/site-packages/airflow/example_dags/example_sensor_decorator.py
[2026-07-21T18:46:57.783+0000] {logging_mixin.py:188} INFO - [2026-07-21T18:46:57.783+0000] {dag.py:3036} INFO - Sync 1 DAGs
[2026-07-21T18:46:57.794+0000] {logging_mixin.py:188} INFO - [2026-07-21T18:46:57.794+0000] {dag.py:3823} INFO - Setting next_dagrun for example_sensor_decorator to None, run_after=None
[2026-07-21T18:46:57.821+0000] {processor.py:183} INFO - Processing /home/airflow/.local/lib/python3.10/site-packages/airflow/example_dags/example_sensor_decorator.py took 0.075 seconds
[2026-07-21T18:47:28.238+0000] {processor.py:161} INFO - Started process (PID=1556) to work on /home/airflow/.local/lib/python3.10/site-packages/airflow/example_dags/example_sensor_decorator.py
[2026-07-21T18:47:28.239+0000] {processor.py:830} INFO - Processing file /home/airflow/.local/lib/python3.10/site-packages/airflow/example_dags/example_sensor_decorator.py for tasks to queue
[2026-07-21T18:47:28.241+0000] {logging_mixin.py:188} INFO - [2026-07-21T18:47:28.241+0000] {dagbag.py:538} INFO - Filling up the DagBag from /home/airflow/.local/lib/python3.10/site-packages/airflow/example_dags/example_sensor_decorator.py
[2026-07-21T18:47:28.247+0000] {processor.py:840} INFO - DAG(s) 'example_sensor_decorator' retrieved from /home/airflow/.local/lib/python3.10/site-packages/airflow/example_dags/example_sensor_decorator.py
[2026-07-21T18:47:28.267+0000] {logging_mixin.py:188} INFO - [2026-07-21T18:47:28.267+0000] {dag.py:3036} INFO - Sync 1 DAGs
[2026-07-21T18:47:28.278+0000] {logging_mixin.py:188} INFO - [2026-07-21T18:47:28.278+0000] {dag.py:3823} INFO - Setting next_dagrun for example_sensor_decorator to None, run_after=None
[2026-07-21T18:47:28.304+0000] {processor.py:183} INFO - Processing /home/airflow/.local/lib/python3.10/site-packages/airflow/example_dags/example_sensor_decorator.py took 0.069 seconds
[2026-07-21T18:47:58.769+0000] {processor.py:161} INFO - Started process (PID=1612) to work on /home/airflow/.local/lib/python3.10/site-packages/airflow/example_dags/example_sensor_decorator.py
[2026-07-21T18:47:58.770+0000] {processor.py:830} INFO - Processing file /home/airflow/.local/lib/python3.10/site-packages/airflow/example_dags/example_sensor_decorator.py for tasks to queue
[2026-07-21T18:47:58.772+0000] {logging_mixin.py:188} INFO - [2026-07-21T18:47:58.772+0000] {dagbag.py:538} INFO - Filling up the DagBag from /home/airflow/.local/lib/python3.10/site-packages/airflow/example_dags/example_sensor_decorator.py
[2026-07-21T18:47:58.778+0000] {processor.py:840} INFO - DAG(s) 'example_sensor_decorator' retrieved from /home/airflow/.local/lib/python3.10/site-packages/airflow/example_dags/example_sensor_decorator.py
[2026-07-21T18:47:58.799+0000] {logging_mixin.py:188} INFO - [2026-07-21T18:47:58.799+0000] {dag.py:3036} INFO - Sync 1 DAGs
[2026-07-21T18:47:58.810+0000] {logging_mixin.py:188} INFO - [2026-07-21T18:47:58.810+0000] {dag.py:3823} INFO - Setting next_dagrun for example_sensor_decorator to None, run_after=None
[2026-07-21T18:47:58.828+0000] {processor.py:183} INFO - Processing /home/airflow/.local/lib/python3.10/site-packages/airflow/example_dags/example_sensor_decorator.py took 0.063 seconds
