[2026-07-21T17:56:23.963+0000] {processor.py:161} INFO - Started process (PID=66) to work on /home/airflow/.local/lib/python3.8/site-packages/airflow/example_dags/example_branch_day_of_week_operator.py
[2026-07-21T17:56:23.973+0000] {processor.py:830} INFO - Processing file /home/airflow/.local/lib/python3.8/site-packages/airflow/example_dags/example_branch_day_of_week_operator.py for tasks to queue
[2026-07-21T17:56:23.976+0000] {logging_mixin.py:188} INFO - [2026-07-21T17:56:23.976+0000] {dagbag.py:538} INFO - Filling up the DagBag from /home/airflow/.local/lib/python3.8/site-packages/airflow/example_dags/example_branch_day_of_week_operator.py
[2026-07-21T17:56:24.000+0000] {processor.py:840} INFO - DAG(s) 'example_weekday_branch_operator' retrieved from /home/airflow/.local/lib/python3.8/site-packages/airflow/example_dags/example_branch_day_of_week_operator.py
[2026-07-21T17:56:24.022+0000] {logging_mixin.py:188} INFO - [2026-07-21T17:56:24.022+0000] {dag.py:3036} INFO - Sync 1 DAGs
[2026-07-21T17:56:24.072+0000] {logging_mixin.py:188} INFO - [2026-07-21T17:56:24.072+0000] {dag.py:3823} INFO - Setting next_dagrun for example_weekday_branch_operator to 2026-07-20 00:00:00+00:00, run_after=2026-07-21 00:00:00+00:00
[2026-07-21T17:56:24.112+0000] {processor.py:183} INFO - Processing /home/airflow/.local/lib/python3.8/site-packages/airflow/example_dags/example_branch_day_of_week_operator.py took 0.155 seconds
[2026-07-21T17:56:54.325+0000] {processor.py:161} INFO - Started process (PID=122) to work on /home/airflow/.local/lib/python3.8/site-packages/airflow/example_dags/example_branch_day_of_week_operator.py
[2026-07-21T17:56:54.326+0000] {processor.py:830} INFO - Processing file /home/airflow/.local/lib/python3.8/site-packages/airflow/example_dags/example_branch_day_of_week_operator.py for tasks to queue
[2026-07-21T17:56:54.329+0000] {logging_mixin.py:188} INFO - [2026-07-21T17:56:54.329+0000] {dagbag.py:538} INFO - Filling up the DagBag from /home/airflow/.local/lib/python3.8/site-packages/airflow/example_dags/example_branch_day_of_week_operator.py
[2026-07-21T17:56:54.337+0000] {processor.py:840} INFO - DAG(s) 'example_weekday_branch_operator' retrieved from /home/airflow/.local/lib/python3.8/site-packages/airflow/example_dags/example_branch_day_of_week_operator.py
[2026-07-21T17:56:54.487+0000] {logging_mixin.py:188} INFO - [2026-07-21T17:56:54.487+0000] {dag.py:3036} INFO - Sync 1 DAGs
[2026-07-21T17:56:54.519+0000] {logging_mixin.py:188} INFO - [2026-07-21T17:56:54.518+0000] {dag.py:3823} INFO - Setting next_dagrun for example_weekday_branch_operator to 2026-07-20 00:00:00+00:00, run_after=2026-07-21 00:00:00+00:00
[2026-07-21T17:56:54.541+0000] {processor.py:183} INFO - Processing /home/airflow/.local/lib/python3.8/site-packages/airflow/example_dags/example_branch_day_of_week_operator.py took 0.220 seconds
[2026-07-21T17:57:24.807+0000] {processor.py:161} INFO - Started process (PID=178) to work on /home/airflow/.local/lib/python3.8/site-packages/airflow/example_dags/example_branch_day_of_week_operator.py
[2026-07-21T17:57:24.808+0000] {processor.py:830} INFO - Processing file /home/airflow/.local/lib/python3.8/site-packages/airflow/example_dags/example_branch_day_of_week_operator.py for tasks to queue
[2026-07-21T17:57:24.810+0000] {logging_mixin.py:188} INFO - [2026-07-21T17:57:24.810+0000] {dagbag.py:538} INFO - Filling up the DagBag from /home/airflow/.local/lib/python3.8/site-packages/airflow/example_dags/example_branch_day_of_week_operator.py
[2026-07-21T17:57:24.817+0000] {processor.py:840} INFO - DAG(s) 'example_weekday_branch_operator' retrieved from /home/airflow/.local/lib/python3.8/site-packages/airflow/example_dags/example_branch_day_of_week_operator.py
[2026-07-21T17:57:24.837+0000] {logging_mixin.py:188} INFO - [2026-07-21T17:57:24.837+0000] {dag.py:3036} INFO - Sync 1 DAGs
[2026-07-21T17:57:24.858+0000] {logging_mixin.py:188} INFO - [2026-07-21T17:57:24.858+0000] {dag.py:3823} INFO - Setting next_dagrun for example_weekday_branch_operator to 2026-07-20 00:00:00+00:00, run_after=2026-07-21 00:00:00+00:00
[2026-07-21T17:57:24.878+0000] {processor.py:183} INFO - Processing /home/airflow/.local/lib/python3.8/site-packages/airflow/example_dags/example_branch_day_of_week_operator.py took 0.074 seconds
[2026-07-21T17:57:55.054+0000] {processor.py:161} INFO - Started process (PID=234) to work on /home/airflow/.local/lib/python3.8/site-packages/airflow/example_dags/example_branch_day_of_week_operator.py
[2026-07-21T17:57:55.055+0000] {processor.py:830} INFO - Processing file /home/airflow/.local/lib/python3.8/site-packages/airflow/example_dags/example_branch_day_of_week_operator.py for tasks to queue
[2026-07-21T17:57:55.057+0000] {logging_mixin.py:188} INFO - [2026-07-21T17:57:55.057+0000] {dagbag.py:538} INFO - Filling up the DagBag from /home/airflow/.local/lib/python3.8/site-packages/airflow/example_dags/example_branch_day_of_week_operator.py
[2026-07-21T17:57:55.065+0000] {processor.py:840} INFO - DAG(s) 'example_weekday_branch_operator' retrieved from /home/airflow/.local/lib/python3.8/site-packages/airflow/example_dags/example_branch_day_of_week_operator.py
[2026-07-21T17:57:55.086+0000] {logging_mixin.py:188} INFO - [2026-07-21T17:57:55.086+0000] {dag.py:3036} INFO - Sync 1 DAGs
[2026-07-21T17:57:55.106+0000] {logging_mixin.py:188} INFO - [2026-07-21T17:57:55.106+0000] {dag.py:3823} INFO - Setting next_dagrun for example_weekday_branch_operator to 2026-07-20 00:00:00+00:00, run_after=2026-07-21 00:00:00+00:00
[2026-07-21T17:57:55.123+0000] {processor.py:183} INFO - Processing /home/airflow/.local/lib/python3.8/site-packages/airflow/example_dags/example_branch_day_of_week_operator.py took 0.072 seconds
[2026-07-21T17:58:25.353+0000] {processor.py:161} INFO - Started process (PID=290) to work on /home/airflow/.local/lib/python3.8/site-packages/airflow/example_dags/example_branch_day_of_week_operator.py
[2026-07-21T17:58:25.354+0000] {processor.py:830} INFO - Processing file /home/airflow/.local/lib/python3.8/site-packages/airflow/example_dags/example_branch_day_of_week_operator.py for tasks to queue
[2026-07-21T17:58:25.356+0000] {logging_mixin.py:188} INFO - [2026-07-21T17:58:25.355+0000] {dagbag.py:538} INFO - Filling up the DagBag from /home/airflow/.local/lib/python3.8/site-packages/airflow/example_dags/example_branch_day_of_week_operator.py
[2026-07-21T17:58:25.364+0000] {processor.py:840} INFO - DAG(s) 'example_weekday_branch_operator' retrieved from /home/airflow/.local/lib/python3.8/site-packages/airflow/example_dags/example_branch_day_of_week_operator.py
[2026-07-21T17:58:25.386+0000] {logging_mixin.py:188} INFO - [2026-07-21T17:58:25.386+0000] {dag.py:3036} INFO - Sync 1 DAGs
[2026-07-21T17:58:25.407+0000] {logging_mixin.py:188} INFO - [2026-07-21T17:58:25.407+0000] {dag.py:3823} INFO - Setting next_dagrun for example_weekday_branch_operator to 2026-07-20 00:00:00+00:00, run_after=2026-07-21 00:00:00+00:00
[2026-07-21T17:58:25.426+0000] {processor.py:183} INFO - Processing /home/airflow/.local/lib/python3.8/site-packages/airflow/example_dags/example_branch_day_of_week_operator.py took 0.077 seconds
[2026-07-21T17:58:55.660+0000] {processor.py:161} INFO - Started process (PID=346) to work on /home/airflow/.local/lib/python3.8/site-packages/airflow/example_dags/example_branch_day_of_week_operator.py
[2026-07-21T17:58:55.661+0000] {processor.py:830} INFO - Processing file /home/airflow/.local/lib/python3.8/site-packages/airflow/example_dags/example_branch_day_of_week_operator.py for tasks to queue
[2026-07-21T17:58:55.664+0000] {logging_mixin.py:188} INFO - [2026-07-21T17:58:55.664+0000] {dagbag.py:538} INFO - Filling up the DagBag from /home/airflow/.local/lib/python3.8/site-packages/airflow/example_dags/example_branch_day_of_week_operator.py
[2026-07-21T17:58:55.675+0000] {processor.py:840} INFO - DAG(s) 'example_weekday_branch_operator' retrieved from /home/airflow/.local/lib/python3.8/site-packages/airflow/example_dags/example_branch_day_of_week_operator.py
[2026-07-21T17:58:55.701+0000] {logging_mixin.py:188} INFO - [2026-07-21T17:58:55.701+0000] {dag.py:3036} INFO - Sync 1 DAGs
[2026-07-21T17:58:55.724+0000] {logging_mixin.py:188} INFO - [2026-07-21T17:58:55.724+0000] {dag.py:3823} INFO - Setting next_dagrun for example_weekday_branch_operator to 2026-07-20 00:00:00+00:00, run_after=2026-07-21 00:00:00+00:00
[2026-07-21T17:58:55.744+0000] {processor.py:183} INFO - Processing /home/airflow/.local/lib/python3.8/site-packages/airflow/example_dags/example_branch_day_of_week_operator.py took 0.090 seconds
[2026-07-21T17:59:25.980+0000] {processor.py:161} INFO - Started process (PID=402) to work on /home/airflow/.local/lib/python3.8/site-packages/airflow/example_dags/example_branch_day_of_week_operator.py
[2026-07-21T17:59:25.981+0000] {processor.py:830} INFO - Processing file /home/airflow/.local/lib/python3.8/site-packages/airflow/example_dags/example_branch_day_of_week_operator.py for tasks to queue
[2026-07-21T17:59:25.983+0000] {logging_mixin.py:188} INFO - [2026-07-21T17:59:25.983+0000] {dagbag.py:538} INFO - Filling up the DagBag from /home/airflow/.local/lib/python3.8/site-packages/airflow/example_dags/example_branch_day_of_week_operator.py
[2026-07-21T17:59:25.991+0000] {processor.py:840} INFO - DAG(s) 'example_weekday_branch_operator' retrieved from /home/airflow/.local/lib/python3.8/site-packages/airflow/example_dags/example_branch_day_of_week_operator.py
[2026-07-21T17:59:26.012+0000] {logging_mixin.py:188} INFO - [2026-07-21T17:59:26.012+0000] {dag.py:3036} INFO - Sync 1 DAGs
[2026-07-21T17:59:26.033+0000] {logging_mixin.py:188} INFO - [2026-07-21T17:59:26.033+0000] {dag.py:3823} INFO - Setting next_dagrun for example_weekday_branch_operator to 2026-07-20 00:00:00+00:00, run_after=2026-07-21 00:00:00+00:00
[2026-07-21T17:59:26.052+0000] {processor.py:183} INFO - Processing /home/airflow/.local/lib/python3.8/site-packages/airflow/example_dags/example_branch_day_of_week_operator.py took 0.075 seconds
[2026-07-21T17:59:56.253+0000] {processor.py:161} INFO - Started process (PID=458) to work on /home/airflow/.local/lib/python3.8/site-packages/airflow/example_dags/example_branch_day_of_week_operator.py
[2026-07-21T17:59:56.254+0000] {processor.py:830} INFO - Processing file /home/airflow/.local/lib/python3.8/site-packages/airflow/example_dags/example_branch_day_of_week_operator.py for tasks to queue
[2026-07-21T17:59:56.256+0000] {logging_mixin.py:188} INFO - [2026-07-21T17:59:56.256+0000] {dagbag.py:538} INFO - Filling up the DagBag from /home/airflow/.local/lib/python3.8/site-packages/airflow/example_dags/example_branch_day_of_week_operator.py
[2026-07-21T17:59:56.264+0000] {processor.py:840} INFO - DAG(s) 'example_weekday_branch_operator' retrieved from /home/airflow/.local/lib/python3.8/site-packages/airflow/example_dags/example_branch_day_of_week_operator.py
[2026-07-21T17:59:56.285+0000] {logging_mixin.py:188} INFO - [2026-07-21T17:59:56.284+0000] {dag.py:3036} INFO - Sync 1 DAGs
[2026-07-21T17:59:56.306+0000] {logging_mixin.py:188} INFO - [2026-07-21T17:59:56.306+0000] {dag.py:3823} INFO - Setting next_dagrun for example_weekday_branch_operator to 2026-07-20 00:00:00+00:00, run_after=2026-07-21 00:00:00+00:00
[2026-07-21T17:59:56.329+0000] {processor.py:183} INFO - Processing /home/airflow/.local/lib/python3.8/site-packages/airflow/example_dags/example_branch_day_of_week_operator.py took 0.080 seconds
[2026-07-21T18:00:26.649+0000] {processor.py:161} INFO - Started process (PID=514) to work on /home/airflow/.local/lib/python3.8/site-packages/airflow/example_dags/example_branch_day_of_week_operator.py
[2026-07-21T18:00:26.651+0000] {processor.py:830} INFO - Processing file /home/airflow/.local/lib/python3.8/site-packages/airflow/example_dags/example_branch_day_of_week_operator.py for tasks to queue
[2026-07-21T18:00:26.653+0000] {logging_mixin.py:188} INFO - [2026-07-21T18:00:26.652+0000] {dagbag.py:538} INFO - Filling up the DagBag from /home/airflow/.local/lib/python3.8/site-packages/airflow/example_dags/example_branch_day_of_week_operator.py
[2026-07-21T18:00:26.660+0000] {processor.py:840} INFO - DAG(s) 'example_weekday_branch_operator' retrieved from /home/airflow/.local/lib/python3.8/site-packages/airflow/example_dags/example_branch_day_of_week_operator.py
[2026-07-21T18:00:26.684+0000] {logging_mixin.py:188} INFO - [2026-07-21T18:00:26.683+0000] {dag.py:3036} INFO - Sync 1 DAGs
[2026-07-21T18:00:26.705+0000] {logging_mixin.py:188} INFO - [2026-07-21T18:00:26.704+0000] {dag.py:3823} INFO - Setting next_dagrun for example_weekday_branch_operator to 2026-07-20 00:00:00+00:00, run_after=2026-07-21 00:00:00+00:00
[2026-07-21T18:00:26.723+0000] {processor.py:183} INFO - Processing /home/airflow/.local/lib/python3.8/site-packages/airflow/example_dags/example_branch_day_of_week_operator.py took 0.078 seconds
[2026-07-21T18:00:56.894+0000] {processor.py:161} INFO - Started process (PID=571) to work on /home/airflow/.local/lib/python3.8/site-packages/airflow/example_dags/example_branch_day_of_week_operator.py
[2026-07-21T18:00:56.895+0000] {processor.py:830} INFO - Processing file /home/airflow/.local/lib/python3.8/site-packages/airflow/example_dags/example_branch_day_of_week_operator.py for tasks to queue
[2026-07-21T18:00:56.897+0000] {logging_mixin.py:188} INFO - [2026-07-21T18:00:56.897+0000] {dagbag.py:538} INFO - Filling up the DagBag from /home/airflow/.local/lib/python3.8/site-packages/airflow/example_dags/example_branch_day_of_week_operator.py
[2026-07-21T18:00:56.905+0000] {processor.py:840} INFO - DAG(s) 'example_weekday_branch_operator' retrieved from /home/airflow/.local/lib/python3.8/site-packages/airflow/example_dags/example_branch_day_of_week_operator.py
[2026-07-21T18:00:56.926+0000] {logging_mixin.py:188} INFO - [2026-07-21T18:00:56.926+0000] {dag.py:3036} INFO - Sync 1 DAGs
[2026-07-21T18:00:56.954+0000] {logging_mixin.py:188} INFO - [2026-07-21T18:00:56.953+0000] {dag.py:3823} INFO - Setting next_dagrun for example_weekday_branch_operator to 2026-07-20 00:00:00+00:00, run_after=2026-07-21 00:00:00+00:00
[2026-07-21T18:00:56.977+0000] {processor.py:183} INFO - Processing /home/airflow/.local/lib/python3.8/site-packages/airflow/example_dags/example_branch_day_of_week_operator.py took 0.086 seconds
[2026-07-21T18:01:27.076+0000] {processor.py:161} INFO - Started process (PID=627) to work on /home/airflow/.local/lib/python3.8/site-packages/airflow/example_dags/example_branch_day_of_week_operator.py
[2026-07-21T18:01:27.077+0000] {processor.py:830} INFO - Processing file /home/airflow/.local/lib/python3.8/site-packages/airflow/example_dags/example_branch_day_of_week_operator.py for tasks to queue
[2026-07-21T18:01:27.079+0000] {logging_mixin.py:188} INFO - [2026-07-21T18:01:27.079+0000] {dagbag.py:538} INFO - Filling up the DagBag from /home/airflow/.local/lib/python3.8/site-packages/airflow/example_dags/example_branch_day_of_week_operator.py
[2026-07-21T18:01:27.087+0000] {processor.py:840} INFO - DAG(s) 'example_weekday_branch_operator' retrieved from /home/airflow/.local/lib/python3.8/site-packages/airflow/example_dags/example_branch_day_of_week_operator.py
[2026-07-21T18:01:27.107+0000] {logging_mixin.py:188} INFO - [2026-07-21T18:01:27.107+0000] {dag.py:3036} INFO - Sync 1 DAGs
[2026-07-21T18:01:27.128+0000] {logging_mixin.py:188} INFO - [2026-07-21T18:01:27.128+0000] {dag.py:3823} INFO - Setting next_dagrun for example_weekday_branch_operator to 2026-07-20 00:00:00+00:00, run_after=2026-07-21 00:00:00+00:00
[2026-07-21T18:01:27.146+0000] {processor.py:183} INFO - Processing /home/airflow/.local/lib/python3.8/site-packages/airflow/example_dags/example_branch_day_of_week_operator.py took 0.074 seconds
[2026-07-21T18:01:57.411+0000] {processor.py:161} INFO - Started process (PID=683) to work on /home/airflow/.local/lib/python3.8/site-packages/airflow/example_dags/example_branch_day_of_week_operator.py
[2026-07-21T18:01:57.412+0000] {processor.py:830} INFO - Processing file /home/airflow/.local/lib/python3.8/site-packages/airflow/example_dags/example_branch_day_of_week_operator.py for tasks to queue
[2026-07-21T18:01:57.413+0000] {logging_mixin.py:188} INFO - [2026-07-21T18:01:57.413+0000] {dagbag.py:538} INFO - Filling up the DagBag from /home/airflow/.local/lib/python3.8/site-packages/airflow/example_dags/example_branch_day_of_week_operator.py
[2026-07-21T18:01:57.421+0000] {processor.py:840} INFO - DAG(s) 'example_weekday_branch_operator' retrieved from /home/airflow/.local/lib/python3.8/site-packages/airflow/example_dags/example_branch_day_of_week_operator.py
[2026-07-21T18:01:57.441+0000] {logging_mixin.py:188} INFO - [2026-07-21T18:01:57.441+0000] {dag.py:3036} INFO - Sync 1 DAGs
[2026-07-21T18:01:57.461+0000] {logging_mixin.py:188} INFO - [2026-07-21T18:01:57.461+0000] {dag.py:3823} INFO - Setting next_dagrun for example_weekday_branch_operator to 2026-07-20 00:00:00+00:00, run_after=2026-07-21 00:00:00+00:00
[2026-07-21T18:01:57.479+0000] {processor.py:183} INFO - Processing /home/airflow/.local/lib/python3.8/site-packages/airflow/example_dags/example_branch_day_of_week_operator.py took 0.072 seconds
[2026-07-21T18:02:27.936+0000] {processor.py:161} INFO - Started process (PID=739) to work on /home/airflow/.local/lib/python3.8/site-packages/airflow/example_dags/example_branch_day_of_week_operator.py
[2026-07-21T18:02:27.937+0000] {processor.py:830} INFO - Processing file /home/airflow/.local/lib/python3.8/site-packages/airflow/example_dags/example_branch_day_of_week_operator.py for tasks to queue
[2026-07-21T18:02:27.939+0000] {logging_mixin.py:188} INFO - [2026-07-21T18:02:27.939+0000] {dagbag.py:538} INFO - Filling up the DagBag from /home/airflow/.local/lib/python3.8/site-packages/airflow/example_dags/example_branch_day_of_week_operator.py
[2026-07-21T18:02:27.948+0000] {processor.py:840} INFO - DAG(s) 'example_weekday_branch_operator' retrieved from /home/airflow/.local/lib/python3.8/site-packages/airflow/example_dags/example_branch_day_of_week_operator.py
[2026-07-21T18:02:27.972+0000] {logging_mixin.py:188} INFO - [2026-07-21T18:02:27.971+0000] {dag.py:3036} INFO - Sync 1 DAGs
[2026-07-21T18:02:27.994+0000] {logging_mixin.py:188} INFO - [2026-07-21T18:02:27.994+0000] {dag.py:3823} INFO - Setting next_dagrun for example_weekday_branch_operator to 2026-07-20 00:00:00+00:00, run_after=2026-07-21 00:00:00+00:00
[2026-07-21T18:02:28.014+0000] {processor.py:183} INFO - Processing /home/airflow/.local/lib/python3.8/site-packages/airflow/example_dags/example_branch_day_of_week_operator.py took 0.082 seconds
[2026-07-21T18:02:58.361+0000] {processor.py:161} INFO - Started process (PID=795) to work on /home/airflow/.local/lib/python3.8/site-packages/airflow/example_dags/example_branch_day_of_week_operator.py
[2026-07-21T18:02:58.362+0000] {processor.py:830} INFO - Processing file /home/airflow/.local/lib/python3.8/site-packages/airflow/example_dags/example_branch_day_of_week_operator.py for tasks to queue
[2026-07-21T18:02:58.365+0000] {logging_mixin.py:188} INFO - [2026-07-21T18:02:58.364+0000] {dagbag.py:538} INFO - Filling up the DagBag from /home/airflow/.local/lib/python3.8/site-packages/airflow/example_dags/example_branch_day_of_week_operator.py
[2026-07-21T18:02:58.373+0000] {processor.py:840} INFO - DAG(s) 'example_weekday_branch_operator' retrieved from /home/airflow/.local/lib/python3.8/site-packages/airflow/example_dags/example_branch_day_of_week_operator.py
[2026-07-21T18:02:58.396+0000] {logging_mixin.py:188} INFO - [2026-07-21T18:02:58.395+0000] {dag.py:3036} INFO - Sync 1 DAGs
[2026-07-21T18:02:58.419+0000] {logging_mixin.py:188} INFO - [2026-07-21T18:02:58.418+0000] {dag.py:3823} INFO - Setting next_dagrun for example_weekday_branch_operator to 2026-07-20 00:00:00+00:00, run_after=2026-07-21 00:00:00+00:00
[2026-07-21T18:02:58.437+0000] {processor.py:183} INFO - Processing /home/airflow/.local/lib/python3.8/site-packages/airflow/example_dags/example_branch_day_of_week_operator.py took 0.080 seconds
[2026-07-21T18:03:28.495+0000] {processor.py:161} INFO - Started process (PID=851) to work on /home/airflow/.local/lib/python3.8/site-packages/airflow/example_dags/example_branch_day_of_week_operator.py
[2026-07-21T18:03:28.496+0000] {processor.py:830} INFO - Processing file /home/airflow/.local/lib/python3.8/site-packages/airflow/example_dags/example_branch_day_of_week_operator.py for tasks to queue
[2026-07-21T18:03:28.499+0000] {logging_mixin.py:188} INFO - [2026-07-21T18:03:28.498+0000] {dagbag.py:538} INFO - Filling up the DagBag from /home/airflow/.local/lib/python3.8/site-packages/airflow/example_dags/example_branch_day_of_week_operator.py
[2026-07-21T18:03:28.506+0000] {processor.py:840} INFO - DAG(s) 'example_weekday_branch_operator' retrieved from /home/airflow/.local/lib/python3.8/site-packages/airflow/example_dags/example_branch_day_of_week_operator.py
[2026-07-21T18:03:28.527+0000] {logging_mixin.py:188} INFO - [2026-07-21T18:03:28.527+0000] {dag.py:3036} INFO - Sync 1 DAGs
[2026-07-21T18:03:28.548+0000] {logging_mixin.py:188} INFO - [2026-07-21T18:03:28.547+0000] {dag.py:3823} INFO - Setting next_dagrun for example_weekday_branch_operator to 2026-07-20 00:00:00+00:00, run_after=2026-07-21 00:00:00+00:00
[2026-07-21T18:03:28.569+0000] {processor.py:183} INFO - Processing /home/airflow/.local/lib/python3.8/site-packages/airflow/example_dags/example_branch_day_of_week_operator.py took 0.077 seconds
[2026-07-21T18:03:58.939+0000] {processor.py:161} INFO - Started process (PID=907) to work on /home/airflow/.local/lib/python3.8/site-packages/airflow/example_dags/example_branch_day_of_week_operator.py
[2026-07-21T18:03:58.941+0000] {processor.py:830} INFO - Processing file /home/airflow/.local/lib/python3.8/site-packages/airflow/example_dags/example_branch_day_of_week_operator.py for tasks to queue
[2026-07-21T18:03:58.943+0000] {logging_mixin.py:188} INFO - [2026-07-21T18:03:58.943+0000] {dagbag.py:538} INFO - Filling up the DagBag from /home/airflow/.local/lib/python3.8/site-packages/airflow/example_dags/example_branch_day_of_week_operator.py
[2026-07-21T18:03:58.953+0000] {processor.py:840} INFO - DAG(s) 'example_weekday_branch_operator' retrieved from /home/airflow/.local/lib/python3.8/site-packages/airflow/example_dags/example_branch_day_of_week_operator.py
[2026-07-21T18:03:58.977+0000] {logging_mixin.py:188} INFO - [2026-07-21T18:03:58.976+0000] {dag.py:3036} INFO - Sync 1 DAGs
[2026-07-21T18:03:59.002+0000] {logging_mixin.py:188} INFO - [2026-07-21T18:03:59.002+0000] {dag.py:3823} INFO - Setting next_dagrun for example_weekday_branch_operator to 2026-07-20 00:00:00+00:00, run_after=2026-07-21 00:00:00+00:00
[2026-07-21T18:03:59.022+0000] {processor.py:183} INFO - Processing /home/airflow/.local/lib/python3.8/site-packages/airflow/example_dags/example_branch_day_of_week_operator.py took 0.088 seconds
[2026-07-21T18:04:29.366+0000] {processor.py:161} INFO - Started process (PID=963) to work on /home/airflow/.local/lib/python3.8/site-packages/airflow/example_dags/example_branch_day_of_week_operator.py
[2026-07-21T18:04:29.367+0000] {processor.py:830} INFO - Processing file /home/airflow/.local/lib/python3.8/site-packages/airflow/example_dags/example_branch_day_of_week_operator.py for tasks to queue
[2026-07-21T18:04:29.369+0000] {logging_mixin.py:188} INFO - [2026-07-21T18:04:29.369+0000] {dagbag.py:538} INFO - Filling up the DagBag from /home/airflow/.local/lib/python3.8/site-packages/airflow/example_dags/example_branch_day_of_week_operator.py
[2026-07-21T18:04:29.376+0000] {processor.py:840} INFO - DAG(s) 'example_weekday_branch_operator' retrieved from /home/airflow/.local/lib/python3.8/site-packages/airflow/example_dags/example_branch_day_of_week_operator.py
[2026-07-21T18:04:29.397+0000] {logging_mixin.py:188} INFO - [2026-07-21T18:04:29.397+0000] {dag.py:3036} INFO - Sync 1 DAGs
[2026-07-21T18:04:29.421+0000] {logging_mixin.py:188} INFO - [2026-07-21T18:04:29.421+0000] {dag.py:3823} INFO - Setting next_dagrun for example_weekday_branch_operator to 2026-07-20 00:00:00+00:00, run_after=2026-07-21 00:00:00+00:00
[2026-07-21T18:04:29.444+0000] {processor.py:183} INFO - Processing /home/airflow/.local/lib/python3.8/site-packages/airflow/example_dags/example_branch_day_of_week_operator.py took 0.082 seconds
[2026-07-21T18:04:59.739+0000] {processor.py:161} INFO - Started process (PID=1019) to work on /home/airflow/.local/lib/python3.8/site-packages/airflow/example_dags/example_branch_day_of_week_operator.py
[2026-07-21T18:04:59.741+0000] {processor.py:830} INFO - Processing file /home/airflow/.local/lib/python3.8/site-packages/airflow/example_dags/example_branch_day_of_week_operator.py for tasks to queue
[2026-07-21T18:04:59.743+0000] {logging_mixin.py:188} INFO - [2026-07-21T18:04:59.743+0000] {dagbag.py:538} INFO - Filling up the DagBag from /home/airflow/.local/lib/python3.8/site-packages/airflow/example_dags/example_branch_day_of_week_operator.py
[2026-07-21T18:04:59.751+0000] {processor.py:840} INFO - DAG(s) 'example_weekday_branch_operator' retrieved from /home/airflow/.local/lib/python3.8/site-packages/airflow/example_dags/example_branch_day_of_week_operator.py
[2026-07-21T18:04:59.774+0000] {logging_mixin.py:188} INFO - [2026-07-21T18:04:59.774+0000] {dag.py:3036} INFO - Sync 1 DAGs
[2026-07-21T18:04:59.798+0000] {logging_mixin.py:188} INFO - [2026-07-21T18:04:59.798+0000] {dag.py:3823} INFO - Setting next_dagrun for example_weekday_branch_operator to 2026-07-20 00:00:00+00:00, run_after=2026-07-21 00:00:00+00:00
[2026-07-21T18:04:59.819+0000] {processor.py:183} INFO - Processing /home/airflow/.local/lib/python3.8/site-packages/airflow/example_dags/example_branch_day_of_week_operator.py took 0.083 seconds
[2026-07-21T18:05:30.122+0000] {processor.py:161} INFO - Started process (PID=1075) to work on /home/airflow/.local/lib/python3.8/site-packages/airflow/example_dags/example_branch_day_of_week_operator.py
[2026-07-21T18:05:30.123+0000] {processor.py:830} INFO - Processing file /home/airflow/.local/lib/python3.8/site-packages/airflow/example_dags/example_branch_day_of_week_operator.py for tasks to queue
[2026-07-21T18:05:30.126+0000] {logging_mixin.py:188} INFO - [2026-07-21T18:05:30.125+0000] {dagbag.py:538} INFO - Filling up the DagBag from /home/airflow/.local/lib/python3.8/site-packages/airflow/example_dags/example_branch_day_of_week_operator.py
[2026-07-21T18:05:30.132+0000] {processor.py:840} INFO - DAG(s) 'example_weekday_branch_operator' retrieved from /home/airflow/.local/lib/python3.8/site-packages/airflow/example_dags/example_branch_day_of_week_operator.py
[2026-07-21T18:05:30.155+0000] {logging_mixin.py:188} INFO - [2026-07-21T18:05:30.154+0000] {dag.py:3036} INFO - Sync 1 DAGs
[2026-07-21T18:05:30.175+0000] {logging_mixin.py:188} INFO - [2026-07-21T18:05:30.175+0000] {dag.py:3823} INFO - Setting next_dagrun for example_weekday_branch_operator to 2026-07-20 00:00:00+00:00, run_after=2026-07-21 00:00:00+00:00
[2026-07-21T18:05:30.193+0000] {processor.py:183} INFO - Processing /home/airflow/.local/lib/python3.8/site-packages/airflow/example_dags/example_branch_day_of_week_operator.py took 0.075 seconds
[2026-07-21T18:06:00.795+0000] {processor.py:161} INFO - Started process (PID=1131) to work on /home/airflow/.local/lib/python3.8/site-packages/airflow/example_dags/example_branch_day_of_week_operator.py
[2026-07-21T18:06:00.796+0000] {processor.py:830} INFO - Processing file /home/airflow/.local/lib/python3.8/site-packages/airflow/example_dags/example_branch_day_of_week_operator.py for tasks to queue
[2026-07-21T18:06:00.800+0000] {logging_mixin.py:188} INFO - [2026-07-21T18:06:00.800+0000] {dagbag.py:538} INFO - Filling up the DagBag from /home/airflow/.local/lib/python3.8/site-packages/airflow/example_dags/example_branch_day_of_week_operator.py
[2026-07-21T18:06:00.808+0000] {processor.py:840} INFO - DAG(s) 'example_weekday_branch_operator' retrieved from /home/airflow/.local/lib/python3.8/site-packages/airflow/example_dags/example_branch_day_of_week_operator.py
[2026-07-21T18:06:00.833+0000] {logging_mixin.py:188} INFO - [2026-07-21T18:06:00.832+0000] {dag.py:3036} INFO - Sync 1 DAGs
[2026-07-21T18:06:00.867+0000] {logging_mixin.py:188} INFO - [2026-07-21T18:06:00.867+0000] {dag.py:3823} INFO - Setting next_dagrun for example_weekday_branch_operator to 2026-07-20 00:00:00+00:00, run_after=2026-07-21 00:00:00+00:00
[2026-07-21T18:06:00.900+0000] {processor.py:183} INFO - Processing /home/airflow/.local/lib/python3.8/site-packages/airflow/example_dags/example_branch_day_of_week_operator.py took 0.108 seconds
[2026-07-21T18:06:31.300+0000] {processor.py:161} INFO - Started process (PID=1187) to work on /home/airflow/.local/lib/python3.8/site-packages/airflow/example_dags/example_branch_day_of_week_operator.py
[2026-07-21T18:06:31.302+0000] {processor.py:830} INFO - Processing file /home/airflow/.local/lib/python3.8/site-packages/airflow/example_dags/example_branch_day_of_week_operator.py for tasks to queue
[2026-07-21T18:06:31.306+0000] {logging_mixin.py:188} INFO - [2026-07-21T18:06:31.305+0000] {dagbag.py:538} INFO - Filling up the DagBag from /home/airflow/.local/lib/python3.8/site-packages/airflow/example_dags/example_branch_day_of_week_operator.py
[2026-07-21T18:06:31.313+0000] {processor.py:840} INFO - DAG(s) 'example_weekday_branch_operator' retrieved from /home/airflow/.local/lib/python3.8/site-packages/airflow/example_dags/example_branch_day_of_week_operator.py
[2026-07-21T18:06:31.337+0000] {logging_mixin.py:188} INFO - [2026-07-21T18:06:31.336+0000] {dag.py:3036} INFO - Sync 1 DAGs
[2026-07-21T18:06:31.359+0000] {logging_mixin.py:188} INFO - [2026-07-21T18:06:31.358+0000] {dag.py:3823} INFO - Setting next_dagrun for example_weekday_branch_operator to 2026-07-20 00:00:00+00:00, run_after=2026-07-21 00:00:00+00:00
[2026-07-21T18:06:31.378+0000] {processor.py:183} INFO - Processing /home/airflow/.local/lib/python3.8/site-packages/airflow/example_dags/example_branch_day_of_week_operator.py took 0.082 seconds
[2026-07-21T18:07:01.674+0000] {processor.py:161} INFO - Started process (PID=1243) to work on /home/airflow/.local/lib/python3.8/site-packages/airflow/example_dags/example_branch_day_of_week_operator.py
[2026-07-21T18:07:01.675+0000] {processor.py:830} INFO - Processing file /home/airflow/.local/lib/python3.8/site-packages/airflow/example_dags/example_branch_day_of_week_operator.py for tasks to queue
[2026-07-21T18:07:01.677+0000] {logging_mixin.py:188} INFO - [2026-07-21T18:07:01.677+0000] {dagbag.py:538} INFO - Filling up the DagBag from /home/airflow/.local/lib/python3.8/site-packages/airflow/example_dags/example_branch_day_of_week_operator.py
[2026-07-21T18:07:01.684+0000] {processor.py:840} INFO - DAG(s) 'example_weekday_branch_operator' retrieved from /home/airflow/.local/lib/python3.8/site-packages/airflow/example_dags/example_branch_day_of_week_operator.py
[2026-07-21T18:07:01.704+0000] {logging_mixin.py:188} INFO - [2026-07-21T18:07:01.704+0000] {dag.py:3036} INFO - Sync 1 DAGs
[2026-07-21T18:07:01.723+0000] {logging_mixin.py:188} INFO - [2026-07-21T18:07:01.723+0000] {dag.py:3823} INFO - Setting next_dagrun for example_weekday_branch_operator to 2026-07-20 00:00:00+00:00, run_after=2026-07-21 00:00:00+00:00
[2026-07-21T18:07:01.741+0000] {processor.py:183} INFO - Processing /home/airflow/.local/lib/python3.8/site-packages/airflow/example_dags/example_branch_day_of_week_operator.py took 0.071 seconds
[2026-07-21T18:07:32.097+0000] {processor.py:161} INFO - Started process (PID=1299) to work on /home/airflow/.local/lib/python3.8/site-packages/airflow/example_dags/example_branch_day_of_week_operator.py
[2026-07-21T18:07:32.098+0000] {processor.py:830} INFO - Processing file /home/airflow/.local/lib/python3.8/site-packages/airflow/example_dags/example_branch_day_of_week_operator.py for tasks to queue
[2026-07-21T18:07:32.101+0000] {logging_mixin.py:188} INFO - [2026-07-21T18:07:32.100+0000] {dagbag.py:538} INFO - Filling up the DagBag from /home/airflow/.local/lib/python3.8/site-packages/airflow/example_dags/example_branch_day_of_week_operator.py
[2026-07-21T18:07:32.108+0000] {processor.py:840} INFO - DAG(s) 'example_weekday_branch_operator' retrieved from /home/airflow/.local/lib/python3.8/site-packages/airflow/example_dags/example_branch_day_of_week_operator.py
[2026-07-21T18:07:32.129+0000] {logging_mixin.py:188} INFO - [2026-07-21T18:07:32.129+0000] {dag.py:3036} INFO - Sync 1 DAGs
[2026-07-21T18:07:32.150+0000] {logging_mixin.py:188} INFO - [2026-07-21T18:07:32.150+0000] {dag.py:3823} INFO - Setting next_dagrun for example_weekday_branch_operator to 2026-07-20 00:00:00+00:00, run_after=2026-07-21 00:00:00+00:00
[2026-07-21T18:07:32.169+0000] {processor.py:183} INFO - Processing /home/airflow/.local/lib/python3.8/site-packages/airflow/example_dags/example_branch_day_of_week_operator.py took 0.076 seconds
[2026-07-21T18:09:11.470+0000] {processor.py:161} INFO - Started process (PID=94) to work on /home/airflow/.local/lib/python3.8/site-packages/airflow/example_dags/example_branch_day_of_week_operator.py
[2026-07-21T18:09:11.472+0000] {processor.py:830} INFO - Processing file /home/airflow/.local/lib/python3.8/site-packages/airflow/example_dags/example_branch_day_of_week_operator.py for tasks to queue
[2026-07-21T18:09:11.475+0000] {logging_mixin.py:188} INFO - [2026-07-21T18:09:11.474+0000] {dagbag.py:538} INFO - Filling up the DagBag from /home/airflow/.local/lib/python3.8/site-packages/airflow/example_dags/example_branch_day_of_week_operator.py
[2026-07-21T18:09:11.488+0000] {processor.py:840} INFO - DAG(s) 'example_weekday_branch_operator' retrieved from /home/airflow/.local/lib/python3.8/site-packages/airflow/example_dags/example_branch_day_of_week_operator.py
[2026-07-21T18:09:11.504+0000] {logging_mixin.py:188} INFO - [2026-07-21T18:09:11.504+0000] {dag.py:3036} INFO - Sync 1 DAGs
[2026-07-21T18:09:11.538+0000] {logging_mixin.py:188} INFO - [2026-07-21T18:09:11.537+0000] {dag.py:3823} INFO - Setting next_dagrun for example_weekday_branch_operator to 2026-07-20 00:00:00+00:00, run_after=2026-07-21 00:00:00+00:00
[2026-07-21T18:09:11.566+0000] {processor.py:183} INFO - Processing /home/airflow/.local/lib/python3.8/site-packages/airflow/example_dags/example_branch_day_of_week_operator.py took 0.100 seconds
[2026-07-21T18:09:42.088+0000] {processor.py:161} INFO - Started process (PID=156) to work on /home/airflow/.local/lib/python3.8/site-packages/airflow/example_dags/example_branch_day_of_week_operator.py
[2026-07-21T18:09:42.089+0000] {processor.py:830} INFO - Processing file /home/airflow/.local/lib/python3.8/site-packages/airflow/example_dags/example_branch_day_of_week_operator.py for tasks to queue
[2026-07-21T18:09:42.092+0000] {logging_mixin.py:188} INFO - [2026-07-21T18:09:42.091+0000] {dagbag.py:538} INFO - Filling up the DagBag from /home/airflow/.local/lib/python3.8/site-packages/airflow/example_dags/example_branch_day_of_week_operator.py
[2026-07-21T18:09:42.100+0000] {processor.py:840} INFO - DAG(s) 'example_weekday_branch_operator' retrieved from /home/airflow/.local/lib/python3.8/site-packages/airflow/example_dags/example_branch_day_of_week_operator.py
[2026-07-21T18:09:42.202+0000] {logging_mixin.py:188} INFO - [2026-07-21T18:09:42.202+0000] {dag.py:3036} INFO - Sync 1 DAGs
[2026-07-21T18:09:42.224+0000] {logging_mixin.py:188} INFO - [2026-07-21T18:09:42.224+0000] {dag.py:3823} INFO - Setting next_dagrun for example_weekday_branch_operator to 2026-07-20 00:00:00+00:00, run_after=2026-07-21 00:00:00+00:00
[2026-07-21T18:09:42.244+0000] {processor.py:183} INFO - Processing /home/airflow/.local/lib/python3.8/site-packages/airflow/example_dags/example_branch_day_of_week_operator.py took 0.160 seconds
[2026-07-21T18:10:12.313+0000] {processor.py:161} INFO - Started process (PID=212) to work on /home/airflow/.local/lib/python3.8/site-packages/airflow/example_dags/example_branch_day_of_week_operator.py
[2026-07-21T18:10:12.314+0000] {processor.py:830} INFO - Processing file /home/airflow/.local/lib/python3.8/site-packages/airflow/example_dags/example_branch_day_of_week_operator.py for tasks to queue
[2026-07-21T18:10:12.317+0000] {logging_mixin.py:188} INFO - [2026-07-21T18:10:12.316+0000] {dagbag.py:538} INFO - Filling up the DagBag from /home/airflow/.local/lib/python3.8/site-packages/airflow/example_dags/example_branch_day_of_week_operator.py
[2026-07-21T18:10:12.325+0000] {processor.py:840} INFO - DAG(s) 'example_weekday_branch_operator' retrieved from /home/airflow/.local/lib/python3.8/site-packages/airflow/example_dags/example_branch_day_of_week_operator.py
[2026-07-21T18:10:12.348+0000] {logging_mixin.py:188} INFO - [2026-07-21T18:10:12.348+0000] {dag.py:3036} INFO - Sync 1 DAGs
[2026-07-21T18:10:12.370+0000] {logging_mixin.py:188} INFO - [2026-07-21T18:10:12.370+0000] {dag.py:3823} INFO - Setting next_dagrun for example_weekday_branch_operator to 2026-07-20 00:00:00+00:00, run_after=2026-07-21 00:00:00+00:00
[2026-07-21T18:10:12.388+0000] {processor.py:183} INFO - Processing /home/airflow/.local/lib/python3.8/site-packages/airflow/example_dags/example_branch_day_of_week_operator.py took 0.079 seconds
[2026-07-21T18:10:42.727+0000] {processor.py:161} INFO - Started process (PID=268) to work on /home/airflow/.local/lib/python3.8/site-packages/airflow/example_dags/example_branch_day_of_week_operator.py
[2026-07-21T18:10:42.728+0000] {processor.py:830} INFO - Processing file /home/airflow/.local/lib/python3.8/site-packages/airflow/example_dags/example_branch_day_of_week_operator.py for tasks to queue
[2026-07-21T18:10:42.730+0000] {logging_mixin.py:188} INFO - [2026-07-21T18:10:42.730+0000] {dagbag.py:538} INFO - Filling up the DagBag from /home/airflow/.local/lib/python3.8/site-packages/airflow/example_dags/example_branch_day_of_week_operator.py
[2026-07-21T18:10:42.738+0000] {processor.py:840} INFO - DAG(s) 'example_weekday_branch_operator' retrieved from /home/airflow/.local/lib/python3.8/site-packages/airflow/example_dags/example_branch_day_of_week_operator.py
[2026-07-21T18:10:42.761+0000] {logging_mixin.py:188} INFO - [2026-07-21T18:10:42.761+0000] {dag.py:3036} INFO - Sync 1 DAGs
[2026-07-21T18:10:42.781+0000] {logging_mixin.py:188} INFO - [2026-07-21T18:10:42.781+0000] {dag.py:3823} INFO - Setting next_dagrun for example_weekday_branch_operator to 2026-07-20 00:00:00+00:00, run_after=2026-07-21 00:00:00+00:00
[2026-07-21T18:10:42.799+0000] {processor.py:183} INFO - Processing /home/airflow/.local/lib/python3.8/site-packages/airflow/example_dags/example_branch_day_of_week_operator.py took 0.076 seconds
[2026-07-21T18:11:13.139+0000] {processor.py:161} INFO - Started process (PID=324) to work on /home/airflow/.local/lib/python3.8/site-packages/airflow/example_dags/example_branch_day_of_week_operator.py
[2026-07-21T18:11:13.141+0000] {processor.py:830} INFO - Processing file /home/airflow/.local/lib/python3.8/site-packages/airflow/example_dags/example_branch_day_of_week_operator.py for tasks to queue
[2026-07-21T18:11:13.142+0000] {logging_mixin.py:188} INFO - [2026-07-21T18:11:13.142+0000] {dagbag.py:538} INFO - Filling up the DagBag from /home/airflow/.local/lib/python3.8/site-packages/airflow/example_dags/example_branch_day_of_week_operator.py
[2026-07-21T18:11:13.150+0000] {processor.py:840} INFO - DAG(s) 'example_weekday_branch_operator' retrieved from /home/airflow/.local/lib/python3.8/site-packages/airflow/example_dags/example_branch_day_of_week_operator.py
[2026-07-21T18:11:13.171+0000] {logging_mixin.py:188} INFO - [2026-07-21T18:11:13.170+0000] {dag.py:3036} INFO - Sync 1 DAGs
[2026-07-21T18:11:13.190+0000] {logging_mixin.py:188} INFO - [2026-07-21T18:11:13.190+0000] {dag.py:3823} INFO - Setting next_dagrun for example_weekday_branch_operator to 2026-07-20 00:00:00+00:00, run_after=2026-07-21 00:00:00+00:00
[2026-07-21T18:11:13.210+0000] {processor.py:183} INFO - Processing /home/airflow/.local/lib/python3.8/site-packages/airflow/example_dags/example_branch_day_of_week_operator.py took 0.074 seconds
[2026-07-21T18:11:43.584+0000] {processor.py:161} INFO - Started process (PID=380) to work on /home/airflow/.local/lib/python3.8/site-packages/airflow/example_dags/example_branch_day_of_week_operator.py
[2026-07-21T18:11:43.585+0000] {processor.py:830} INFO - Processing file /home/airflow/.local/lib/python3.8/site-packages/airflow/example_dags/example_branch_day_of_week_operator.py for tasks to queue
[2026-07-21T18:11:43.586+0000] {logging_mixin.py:188} INFO - [2026-07-21T18:11:43.586+0000] {dagbag.py:538} INFO - Filling up the DagBag from /home/airflow/.local/lib/python3.8/site-packages/airflow/example_dags/example_branch_day_of_week_operator.py
[2026-07-21T18:11:43.594+0000] {processor.py:840} INFO - DAG(s) 'example_weekday_branch_operator' retrieved from /home/airflow/.local/lib/python3.8/site-packages/airflow/example_dags/example_branch_day_of_week_operator.py
[2026-07-21T18:11:43.615+0000] {logging_mixin.py:188} INFO - [2026-07-21T18:11:43.615+0000] {dag.py:3036} INFO - Sync 1 DAGs
[2026-07-21T18:11:43.635+0000] {logging_mixin.py:188} INFO - [2026-07-21T18:11:43.635+0000] {dag.py:3823} INFO - Setting next_dagrun for example_weekday_branch_operator to 2026-07-20 00:00:00+00:00, run_after=2026-07-21 00:00:00+00:00
[2026-07-21T18:11:43.657+0000] {processor.py:183} INFO - Processing /home/airflow/.local/lib/python3.8/site-packages/airflow/example_dags/example_branch_day_of_week_operator.py took 0.077 seconds
[2026-07-21T18:12:14.194+0000] {processor.py:161} INFO - Started process (PID=436) to work on /home/airflow/.local/lib/python3.8/site-packages/airflow/example_dags/example_branch_day_of_week_operator.py
[2026-07-21T18:12:14.195+0000] {processor.py:830} INFO - Processing file /home/airflow/.local/lib/python3.8/site-packages/airflow/example_dags/example_branch_day_of_week_operator.py for tasks to queue
[2026-07-21T18:12:14.198+0000] {logging_mixin.py:188} INFO - [2026-07-21T18:12:14.197+0000] {dagbag.py:538} INFO - Filling up the DagBag from /home/airflow/.local/lib/python3.8/site-packages/airflow/example_dags/example_branch_day_of_week_operator.py
[2026-07-21T18:12:14.205+0000] {processor.py:840} INFO - DAG(s) 'example_weekday_branch_operator' retrieved from /home/airflow/.local/lib/python3.8/site-packages/airflow/example_dags/example_branch_day_of_week_operator.py
[2026-07-21T18:12:14.228+0000] {logging_mixin.py:188} INFO - [2026-07-21T18:12:14.228+0000] {dag.py:3036} INFO - Sync 1 DAGs
[2026-07-21T18:12:14.249+0000] {logging_mixin.py:188} INFO - [2026-07-21T18:12:14.249+0000] {dag.py:3823} INFO - Setting next_dagrun for example_weekday_branch_operator to 2026-07-20 00:00:00+00:00, run_after=2026-07-21 00:00:00+00:00
[2026-07-21T18:12:14.267+0000] {processor.py:183} INFO - Processing /home/airflow/.local/lib/python3.8/site-packages/airflow/example_dags/example_branch_day_of_week_operator.py took 0.077 seconds
[2026-07-21T18:12:45.148+0000] {processor.py:161} INFO - Started process (PID=492) to work on /home/airflow/.local/lib/python3.8/site-packages/airflow/example_dags/example_branch_day_of_week_operator.py
[2026-07-21T18:12:45.149+0000] {processor.py:830} INFO - Processing file /home/airflow/.local/lib/python3.8/site-packages/airflow/example_dags/example_branch_day_of_week_operator.py for tasks to queue
[2026-07-21T18:12:45.151+0000] {logging_mixin.py:188} INFO - [2026-07-21T18:12:45.151+0000] {dagbag.py:538} INFO - Filling up the DagBag from /home/airflow/.local/lib/python3.8/site-packages/airflow/example_dags/example_branch_day_of_week_operator.py
[2026-07-21T18:12:45.159+0000] {processor.py:840} INFO - DAG(s) 'example_weekday_branch_operator' retrieved from /home/airflow/.local/lib/python3.8/site-packages/airflow/example_dags/example_branch_day_of_week_operator.py
[2026-07-21T18:12:45.180+0000] {logging_mixin.py:188} INFO - [2026-07-21T18:12:45.180+0000] {dag.py:3036} INFO - Sync 1 DAGs
[2026-07-21T18:12:45.200+0000] {logging_mixin.py:188} INFO - [2026-07-21T18:12:45.200+0000] {dag.py:3823} INFO - Setting next_dagrun for example_weekday_branch_operator to 2026-07-20 00:00:00+00:00, run_after=2026-07-21 00:00:00+00:00
[2026-07-21T18:12:45.219+0000] {processor.py:183} INFO - Processing /home/airflow/.local/lib/python3.8/site-packages/airflow/example_dags/example_branch_day_of_week_operator.py took 0.075 seconds
[2026-07-21T18:13:15.858+0000] {processor.py:161} INFO - Started process (PID=548) to work on /home/airflow/.local/lib/python3.8/site-packages/airflow/example_dags/example_branch_day_of_week_operator.py
[2026-07-21T18:13:15.860+0000] {processor.py:830} INFO - Processing file /home/airflow/.local/lib/python3.8/site-packages/airflow/example_dags/example_branch_day_of_week_operator.py for tasks to queue
[2026-07-21T18:13:15.863+0000] {logging_mixin.py:188} INFO - [2026-07-21T18:13:15.862+0000] {dagbag.py:538} INFO - Filling up the DagBag from /home/airflow/.local/lib/python3.8/site-packages/airflow/example_dags/example_branch_day_of_week_operator.py
[2026-07-21T18:13:15.871+0000] {processor.py:840} INFO - DAG(s) 'example_weekday_branch_operator' retrieved from /home/airflow/.local/lib/python3.8/site-packages/airflow/example_dags/example_branch_day_of_week_operator.py
[2026-07-21T18:13:15.897+0000] {logging_mixin.py:188} INFO - [2026-07-21T18:13:15.897+0000] {dag.py:3036} INFO - Sync 1 DAGs
[2026-07-21T18:13:15.921+0000] {logging_mixin.py:188} INFO - [2026-07-21T18:13:15.920+0000] {dag.py:3823} INFO - Setting next_dagrun for example_weekday_branch_operator to 2026-07-20 00:00:00+00:00, run_after=2026-07-21 00:00:00+00:00
[2026-07-21T18:13:15.944+0000] {processor.py:183} INFO - Processing /home/airflow/.local/lib/python3.8/site-packages/airflow/example_dags/example_branch_day_of_week_operator.py took 0.089 seconds
[2026-07-21T18:13:46.355+0000] {processor.py:161} INFO - Started process (PID=604) to work on /home/airflow/.local/lib/python3.8/site-packages/airflow/example_dags/example_branch_day_of_week_operator.py
[2026-07-21T18:13:46.356+0000] {processor.py:830} INFO - Processing file /home/airflow/.local/lib/python3.8/site-packages/airflow/example_dags/example_branch_day_of_week_operator.py for tasks to queue
[2026-07-21T18:13:46.358+0000] {logging_mixin.py:188} INFO - [2026-07-21T18:13:46.358+0000] {dagbag.py:538} INFO - Filling up the DagBag from /home/airflow/.local/lib/python3.8/site-packages/airflow/example_dags/example_branch_day_of_week_operator.py
[2026-07-21T18:13:46.367+0000] {processor.py:840} INFO - DAG(s) 'example_weekday_branch_operator' retrieved from /home/airflow/.local/lib/python3.8/site-packages/airflow/example_dags/example_branch_day_of_week_operator.py
[2026-07-21T18:13:46.388+0000] {logging_mixin.py:188} INFO - [2026-07-21T18:13:46.388+0000] {dag.py:3036} INFO - Sync 1 DAGs
[2026-07-21T18:13:46.409+0000] {logging_mixin.py:188} INFO - [2026-07-21T18:13:46.409+0000] {dag.py:3823} INFO - Setting next_dagrun for example_weekday_branch_operator to 2026-07-20 00:00:00+00:00, run_after=2026-07-21 00:00:00+00:00
[2026-07-21T18:13:46.429+0000] {processor.py:183} INFO - Processing /home/airflow/.local/lib/python3.8/site-packages/airflow/example_dags/example_branch_day_of_week_operator.py took 0.078 seconds
[2026-07-21T18:14:17.286+0000] {processor.py:161} INFO - Started process (PID=660) to work on /home/airflow/.local/lib/python3.8/site-packages/airflow/example_dags/example_branch_day_of_week_operator.py
[2026-07-21T18:14:17.287+0000] {processor.py:830} INFO - Processing file /home/airflow/.local/lib/python3.8/site-packages/airflow/example_dags/example_branch_day_of_week_operator.py for tasks to queue
[2026-07-21T18:14:17.290+0000] {logging_mixin.py:188} INFO - [2026-07-21T18:14:17.290+0000] {dagbag.py:538} INFO - Filling up the DagBag from /home/airflow/.local/lib/python3.8/site-packages/airflow/example_dags/example_branch_day_of_week_operator.py
[2026-07-21T18:14:17.298+0000] {processor.py:840} INFO - DAG(s) 'example_weekday_branch_operator' retrieved from /home/airflow/.local/lib/python3.8/site-packages/airflow/example_dags/example_branch_day_of_week_operator.py
[2026-07-21T18:14:17.319+0000] {logging_mixin.py:188} INFO - [2026-07-21T18:14:17.319+0000] {dag.py:3036} INFO - Sync 1 DAGs
[2026-07-21T18:14:17.340+0000] {logging_mixin.py:188} INFO - [2026-07-21T18:14:17.339+0000] {dag.py:3823} INFO - Setting next_dagrun for example_weekday_branch_operator to 2026-07-20 00:00:00+00:00, run_after=2026-07-21 00:00:00+00:00
[2026-07-21T18:14:17.361+0000] {processor.py:183} INFO - Processing /home/airflow/.local/lib/python3.8/site-packages/airflow/example_dags/example_branch_day_of_week_operator.py took 0.078 seconds
[2026-07-21T18:14:48.182+0000] {processor.py:161} INFO - Started process (PID=717) to work on /home/airflow/.local/lib/python3.8/site-packages/airflow/example_dags/example_branch_day_of_week_operator.py
[2026-07-21T18:14:48.185+0000] {processor.py:830} INFO - Processing file /home/airflow/.local/lib/python3.8/site-packages/airflow/example_dags/example_branch_day_of_week_operator.py for tasks to queue
[2026-07-21T18:14:48.198+0000] {logging_mixin.py:188} INFO - [2026-07-21T18:14:48.197+0000] {dagbag.py:538} INFO - Filling up the DagBag from /home/airflow/.local/lib/python3.8/site-packages/airflow/example_dags/example_branch_day_of_week_operator.py
[2026-07-21T18:14:48.217+0000] {processor.py:840} INFO - DAG(s) 'example_weekday_branch_operator' retrieved from /home/airflow/.local/lib/python3.8/site-packages/airflow/example_dags/example_branch_day_of_week_operator.py
[2026-07-21T18:14:48.259+0000] {logging_mixin.py:188} INFO - [2026-07-21T18:14:48.259+0000] {dag.py:3036} INFO - Sync 1 DAGs
[2026-07-21T18:14:48.287+0000] {logging_mixin.py:188} INFO - [2026-07-21T18:14:48.286+0000] {dag.py:3823} INFO - Setting next_dagrun for example_weekday_branch_operator to 2026-07-20 00:00:00+00:00, run_after=2026-07-21 00:00:00+00:00
[2026-07-21T18:14:48.310+0000] {processor.py:183} INFO - Processing /home/airflow/.local/lib/python3.8/site-packages/airflow/example_dags/example_branch_day_of_week_operator.py took 0.134 seconds
[2026-07-21T18:15:19.133+0000] {processor.py:161} INFO - Started process (PID=773) to work on /home/airflow/.local/lib/python3.8/site-packages/airflow/example_dags/example_branch_day_of_week_operator.py
[2026-07-21T18:15:19.134+0000] {processor.py:830} INFO - Processing file /home/airflow/.local/lib/python3.8/site-packages/airflow/example_dags/example_branch_day_of_week_operator.py for tasks to queue
[2026-07-21T18:15:19.138+0000] {logging_mixin.py:188} INFO - [2026-07-21T18:15:19.137+0000] {dagbag.py:538} INFO - Filling up the DagBag from /home/airflow/.local/lib/python3.8/site-packages/airflow/example_dags/example_branch_day_of_week_operator.py
[2026-07-21T18:15:19.147+0000] {processor.py:840} INFO - DAG(s) 'example_weekday_branch_operator' retrieved from /home/airflow/.local/lib/python3.8/site-packages/airflow/example_dags/example_branch_day_of_week_operator.py
[2026-07-21T18:15:19.176+0000] {logging_mixin.py:188} INFO - [2026-07-21T18:15:19.175+0000] {dag.py:3036} INFO - Sync 1 DAGs
[2026-07-21T18:15:19.217+0000] {logging_mixin.py:188} INFO - [2026-07-21T18:15:19.217+0000] {dag.py:3823} INFO - Setting next_dagrun for example_weekday_branch_operator to 2026-07-20 00:00:00+00:00, run_after=2026-07-21 00:00:00+00:00
[2026-07-21T18:15:19.247+0000] {processor.py:183} INFO - Processing /home/airflow/.local/lib/python3.8/site-packages/airflow/example_dags/example_branch_day_of_week_operator.py took 0.118 seconds
[2026-07-21T18:15:49.962+0000] {processor.py:161} INFO - Started process (PID=829) to work on /home/airflow/.local/lib/python3.8/site-packages/airflow/example_dags/example_branch_day_of_week_operator.py
[2026-07-21T18:15:49.963+0000] {processor.py:830} INFO - Processing file /home/airflow/.local/lib/python3.8/site-packages/airflow/example_dags/example_branch_day_of_week_operator.py for tasks to queue
[2026-07-21T18:15:49.966+0000] {logging_mixin.py:188} INFO - [2026-07-21T18:15:49.966+0000] {dagbag.py:538} INFO - Filling up the DagBag from /home/airflow/.local/lib/python3.8/site-packages/airflow/example_dags/example_branch_day_of_week_operator.py
[2026-07-21T18:15:49.974+0000] {processor.py:840} INFO - DAG(s) 'example_weekday_branch_operator' retrieved from /home/airflow/.local/lib/python3.8/site-packages/airflow/example_dags/example_branch_day_of_week_operator.py
[2026-07-21T18:15:49.997+0000] {logging_mixin.py:188} INFO - [2026-07-21T18:15:49.996+0000] {dag.py:3036} INFO - Sync 1 DAGs
[2026-07-21T18:15:50.017+0000] {logging_mixin.py:188} INFO - [2026-07-21T18:15:50.017+0000] {dag.py:3823} INFO - Setting next_dagrun for example_weekday_branch_operator to 2026-07-20 00:00:00+00:00, run_after=2026-07-21 00:00:00+00:00
[2026-07-21T18:15:50.037+0000] {processor.py:183} INFO - Processing /home/airflow/.local/lib/python3.8/site-packages/airflow/example_dags/example_branch_day_of_week_operator.py took 0.080 seconds
[2026-07-21T18:16:20.679+0000] {processor.py:161} INFO - Started process (PID=885) to work on /home/airflow/.local/lib/python3.8/site-packages/airflow/example_dags/example_branch_day_of_week_operator.py
[2026-07-21T18:16:20.680+0000] {processor.py:830} INFO - Processing file /home/airflow/.local/lib/python3.8/site-packages/airflow/example_dags/example_branch_day_of_week_operator.py for tasks to queue
[2026-07-21T18:16:20.683+0000] {logging_mixin.py:188} INFO - [2026-07-21T18:16:20.682+0000] {dagbag.py:538} INFO - Filling up the DagBag from /home/airflow/.local/lib/python3.8/site-packages/airflow/example_dags/example_branch_day_of_week_operator.py
[2026-07-21T18:16:20.690+0000] {processor.py:840} INFO - DAG(s) 'example_weekday_branch_operator' retrieved from /home/airflow/.local/lib/python3.8/site-packages/airflow/example_dags/example_branch_day_of_week_operator.py
[2026-07-21T18:16:20.714+0000] {logging_mixin.py:188} INFO - [2026-07-21T18:16:20.714+0000] {dag.py:3036} INFO - Sync 1 DAGs
[2026-07-21T18:16:20.735+0000] {logging_mixin.py:188} INFO - [2026-07-21T18:16:20.735+0000] {dag.py:3823} INFO - Setting next_dagrun for example_weekday_branch_operator to 2026-07-20 00:00:00+00:00, run_after=2026-07-21 00:00:00+00:00
[2026-07-21T18:16:20.755+0000] {processor.py:183} INFO - Processing /home/airflow/.local/lib/python3.8/site-packages/airflow/example_dags/example_branch_day_of_week_operator.py took 0.080 seconds
[2026-07-21T18:16:50.908+0000] {processor.py:161} INFO - Started process (PID=941) to work on /home/airflow/.local/lib/python3.8/site-packages/airflow/example_dags/example_branch_day_of_week_operator.py
[2026-07-21T18:16:50.909+0000] {processor.py:830} INFO - Processing file /home/airflow/.local/lib/python3.8/site-packages/airflow/example_dags/example_branch_day_of_week_operator.py for tasks to queue
[2026-07-21T18:16:50.912+0000] {logging_mixin.py:188} INFO - [2026-07-21T18:16:50.912+0000] {dagbag.py:538} INFO - Filling up the DagBag from /home/airflow/.local/lib/python3.8/site-packages/airflow/example_dags/example_branch_day_of_week_operator.py
[2026-07-21T18:16:50.920+0000] {processor.py:840} INFO - DAG(s) 'example_weekday_branch_operator' retrieved from /home/airflow/.local/lib/python3.8/site-packages/airflow/example_dags/example_branch_day_of_week_operator.py
[2026-07-21T18:16:50.943+0000] {logging_mixin.py:188} INFO - [2026-07-21T18:16:50.943+0000] {dag.py:3036} INFO - Sync 1 DAGs
[2026-07-21T18:16:50.964+0000] {logging_mixin.py:188} INFO - [2026-07-21T18:16:50.964+0000] {dag.py:3823} INFO - Setting next_dagrun for example_weekday_branch_operator to 2026-07-20 00:00:00+00:00, run_after=2026-07-21 00:00:00+00:00
[2026-07-21T18:16:50.982+0000] {processor.py:183} INFO - Processing /home/airflow/.local/lib/python3.8/site-packages/airflow/example_dags/example_branch_day_of_week_operator.py took 0.078 seconds
[2026-07-21T18:17:21.302+0000] {processor.py:161} INFO - Started process (PID=997) to work on /home/airflow/.local/lib/python3.8/site-packages/airflow/example_dags/example_branch_day_of_week_operator.py
[2026-07-21T18:17:21.303+0000] {processor.py:830} INFO - Processing file /home/airflow/.local/lib/python3.8/site-packages/airflow/example_dags/example_branch_day_of_week_operator.py for tasks to queue
[2026-07-21T18:17:21.305+0000] {logging_mixin.py:188} INFO - [2026-07-21T18:17:21.305+0000] {dagbag.py:538} INFO - Filling up the DagBag from /home/airflow/.local/lib/python3.8/site-packages/airflow/example_dags/example_branch_day_of_week_operator.py
[2026-07-21T18:17:21.313+0000] {processor.py:840} INFO - DAG(s) 'example_weekday_branch_operator' retrieved from /home/airflow/.local/lib/python3.8/site-packages/airflow/example_dags/example_branch_day_of_week_operator.py
[2026-07-21T18:17:21.334+0000] {logging_mixin.py:188} INFO - [2026-07-21T18:17:21.334+0000] {dag.py:3036} INFO - Sync 1 DAGs
[2026-07-21T18:17:21.355+0000] {logging_mixin.py:188} INFO - [2026-07-21T18:17:21.355+0000] {dag.py:3823} INFO - Setting next_dagrun for example_weekday_branch_operator to 2026-07-20 00:00:00+00:00, run_after=2026-07-21 00:00:00+00:00
[2026-07-21T18:17:21.375+0000] {processor.py:183} INFO - Processing /home/airflow/.local/lib/python3.8/site-packages/airflow/example_dags/example_branch_day_of_week_operator.py took 0.077 seconds
[2026-07-21T18:17:52.204+0000] {processor.py:161} INFO - Started process (PID=1053) to work on /home/airflow/.local/lib/python3.8/site-packages/airflow/example_dags/example_branch_day_of_week_operator.py
[2026-07-21T18:17:52.205+0000] {processor.py:830} INFO - Processing file /home/airflow/.local/lib/python3.8/site-packages/airflow/example_dags/example_branch_day_of_week_operator.py for tasks to queue
[2026-07-21T18:17:52.208+0000] {logging_mixin.py:188} INFO - [2026-07-21T18:17:52.208+0000] {dagbag.py:538} INFO - Filling up the DagBag from /home/airflow/.local/lib/python3.8/site-packages/airflow/example_dags/example_branch_day_of_week_operator.py
[2026-07-21T18:17:52.216+0000] {processor.py:840} INFO - DAG(s) 'example_weekday_branch_operator' retrieved from /home/airflow/.local/lib/python3.8/site-packages/airflow/example_dags/example_branch_day_of_week_operator.py
[2026-07-21T18:17:52.239+0000] {logging_mixin.py:188} INFO - [2026-07-21T18:17:52.238+0000] {dag.py:3036} INFO - Sync 1 DAGs
[2026-07-21T18:17:52.265+0000] {logging_mixin.py:188} INFO - [2026-07-21T18:17:52.265+0000] {dag.py:3823} INFO - Setting next_dagrun for example_weekday_branch_operator to 2026-07-20 00:00:00+00:00, run_after=2026-07-21 00:00:00+00:00
[2026-07-21T18:17:52.287+0000] {processor.py:183} INFO - Processing /home/airflow/.local/lib/python3.8/site-packages/airflow/example_dags/example_branch_day_of_week_operator.py took 0.087 seconds
[2026-07-21T18:18:23.169+0000] {processor.py:161} INFO - Started process (PID=1109) to work on /home/airflow/.local/lib/python3.8/site-packages/airflow/example_dags/example_branch_day_of_week_operator.py
[2026-07-21T18:18:23.170+0000] {processor.py:830} INFO - Processing file /home/airflow/.local/lib/python3.8/site-packages/airflow/example_dags/example_branch_day_of_week_operator.py for tasks to queue
[2026-07-21T18:18:23.172+0000] {logging_mixin.py:188} INFO - [2026-07-21T18:18:23.172+0000] {dagbag.py:538} INFO - Filling up the DagBag from /home/airflow/.local/lib/python3.8/site-packages/airflow/example_dags/example_branch_day_of_week_operator.py
[2026-07-21T18:18:23.181+0000] {processor.py:840} INFO - DAG(s) 'example_weekday_branch_operator' retrieved from /home/airflow/.local/lib/python3.8/site-packages/airflow/example_dags/example_branch_day_of_week_operator.py
[2026-07-21T18:18:23.206+0000] {logging_mixin.py:188} INFO - [2026-07-21T18:18:23.206+0000] {dag.py:3036} INFO - Sync 1 DAGs
[2026-07-21T18:18:23.229+0000] {logging_mixin.py:188} INFO - [2026-07-21T18:18:23.229+0000] {dag.py:3823} INFO - Setting next_dagrun for example_weekday_branch_operator to 2026-07-20 00:00:00+00:00, run_after=2026-07-21 00:00:00+00:00
[2026-07-21T18:18:23.251+0000] {processor.py:183} INFO - Processing /home/airflow/.local/lib/python3.8/site-packages/airflow/example_dags/example_branch_day_of_week_operator.py took 0.086 seconds
[2026-07-21T18:18:53.850+0000] {processor.py:161} INFO - Started process (PID=1165) to work on /home/airflow/.local/lib/python3.8/site-packages/airflow/example_dags/example_branch_day_of_week_operator.py
[2026-07-21T18:18:53.851+0000] {processor.py:830} INFO - Processing file /home/airflow/.local/lib/python3.8/site-packages/airflow/example_dags/example_branch_day_of_week_operator.py for tasks to queue
[2026-07-21T18:18:53.854+0000] {logging_mixin.py:188} INFO - [2026-07-21T18:18:53.853+0000] {dagbag.py:538} INFO - Filling up the DagBag from /home/airflow/.local/lib/python3.8/site-packages/airflow/example_dags/example_branch_day_of_week_operator.py
[2026-07-21T18:18:53.861+0000] {processor.py:840} INFO - DAG(s) 'example_weekday_branch_operator' retrieved from /home/airflow/.local/lib/python3.8/site-packages/airflow/example_dags/example_branch_day_of_week_operator.py
[2026-07-21T18:18:53.882+0000] {logging_mixin.py:188} INFO - [2026-07-21T18:18:53.882+0000] {dag.py:3036} INFO - Sync 1 DAGs
[2026-07-21T18:18:53.905+0000] {logging_mixin.py:188} INFO - [2026-07-21T18:18:53.905+0000] {dag.py:3823} INFO - Setting next_dagrun for example_weekday_branch_operator to 2026-07-20 00:00:00+00:00, run_after=2026-07-21 00:00:00+00:00
[2026-07-21T18:18:53.925+0000] {processor.py:183} INFO - Processing /home/airflow/.local/lib/python3.8/site-packages/airflow/example_dags/example_branch_day_of_week_operator.py took 0.079 seconds
[2026-07-21T18:19:24.823+0000] {processor.py:161} INFO - Started process (PID=1221) to work on /home/airflow/.local/lib/python3.8/site-packages/airflow/example_dags/example_branch_day_of_week_operator.py
[2026-07-21T18:19:24.824+0000] {processor.py:830} INFO - Processing file /home/airflow/.local/lib/python3.8/site-packages/airflow/example_dags/example_branch_day_of_week_operator.py for tasks to queue
[2026-07-21T18:19:24.826+0000] {logging_mixin.py:188} INFO - [2026-07-21T18:19:24.826+0000] {dagbag.py:538} INFO - Filling up the DagBag from /home/airflow/.local/lib/python3.8/site-packages/airflow/example_dags/example_branch_day_of_week_operator.py
[2026-07-21T18:19:24.834+0000] {processor.py:840} INFO - DAG(s) 'example_weekday_branch_operator' retrieved from /home/airflow/.local/lib/python3.8/site-packages/airflow/example_dags/example_branch_day_of_week_operator.py
[2026-07-21T18:19:24.854+0000] {logging_mixin.py:188} INFO - [2026-07-21T18:19:24.854+0000] {dag.py:3036} INFO - Sync 1 DAGs
[2026-07-21T18:19:24.874+0000] {logging_mixin.py:188} INFO - [2026-07-21T18:19:24.874+0000] {dag.py:3823} INFO - Setting next_dagrun for example_weekday_branch_operator to 2026-07-20 00:00:00+00:00, run_after=2026-07-21 00:00:00+00:00
[2026-07-21T18:19:24.894+0000] {processor.py:183} INFO - Processing /home/airflow/.local/lib/python3.8/site-packages/airflow/example_dags/example_branch_day_of_week_operator.py took 0.074 seconds
[2026-07-21T18:19:55.314+0000] {processor.py:161} INFO - Started process (PID=1277) to work on /home/airflow/.local/lib/python3.8/site-packages/airflow/example_dags/example_branch_day_of_week_operator.py
[2026-07-21T18:19:55.315+0000] {processor.py:830} INFO - Processing file /home/airflow/.local/lib/python3.8/site-packages/airflow/example_dags/example_branch_day_of_week_operator.py for tasks to queue
[2026-07-21T18:19:55.317+0000] {logging_mixin.py:188} INFO - [2026-07-21T18:19:55.317+0000] {dagbag.py:538} INFO - Filling up the DagBag from /home/airflow/.local/lib/python3.8/site-packages/airflow/example_dags/example_branch_day_of_week_operator.py
[2026-07-21T18:19:55.325+0000] {processor.py:840} INFO - DAG(s) 'example_weekday_branch_operator' retrieved from /home/airflow/.local/lib/python3.8/site-packages/airflow/example_dags/example_branch_day_of_week_operator.py
[2026-07-21T18:19:55.346+0000] {logging_mixin.py:188} INFO - [2026-07-21T18:19:55.346+0000] {dag.py:3036} INFO - Sync 1 DAGs
[2026-07-21T18:19:55.366+0000] {logging_mixin.py:188} INFO - [2026-07-21T18:19:55.366+0000] {dag.py:3823} INFO - Setting next_dagrun for example_weekday_branch_operator to 2026-07-20 00:00:00+00:00, run_after=2026-07-21 00:00:00+00:00
[2026-07-21T18:19:55.384+0000] {processor.py:183} INFO - Processing /home/airflow/.local/lib/python3.8/site-packages/airflow/example_dags/example_branch_day_of_week_operator.py took 0.074 seconds
[2026-07-21T18:20:25.961+0000] {processor.py:161} INFO - Started process (PID=1333) to work on /home/airflow/.local/lib/python3.8/site-packages/airflow/example_dags/example_branch_day_of_week_operator.py
[2026-07-21T18:20:25.962+0000] {processor.py:830} INFO - Processing file /home/airflow/.local/lib/python3.8/site-packages/airflow/example_dags/example_branch_day_of_week_operator.py for tasks to queue
[2026-07-21T18:20:25.964+0000] {logging_mixin.py:188} INFO - [2026-07-21T18:20:25.964+0000] {dagbag.py:538} INFO - Filling up the DagBag from /home/airflow/.local/lib/python3.8/site-packages/airflow/example_dags/example_branch_day_of_week_operator.py
[2026-07-21T18:20:25.972+0000] {processor.py:840} INFO - DAG(s) 'example_weekday_branch_operator' retrieved from /home/airflow/.local/lib/python3.8/site-packages/airflow/example_dags/example_branch_day_of_week_operator.py
[2026-07-21T18:20:25.994+0000] {logging_mixin.py:188} INFO - [2026-07-21T18:20:25.993+0000] {dag.py:3036} INFO - Sync 1 DAGs
[2026-07-21T18:20:26.014+0000] {logging_mixin.py:188} INFO - [2026-07-21T18:20:26.013+0000] {dag.py:3823} INFO - Setting next_dagrun for example_weekday_branch_operator to 2026-07-20 00:00:00+00:00, run_after=2026-07-21 00:00:00+00:00
[2026-07-21T18:20:26.032+0000] {processor.py:183} INFO - Processing /home/airflow/.local/lib/python3.8/site-packages/airflow/example_dags/example_branch_day_of_week_operator.py took 0.075 seconds
[2026-07-21T18:20:57.107+0000] {processor.py:161} INFO - Started process (PID=1389) to work on /home/airflow/.local/lib/python3.8/site-packages/airflow/example_dags/example_branch_day_of_week_operator.py
[2026-07-21T18:20:57.108+0000] {processor.py:830} INFO - Processing file /home/airflow/.local/lib/python3.8/site-packages/airflow/example_dags/example_branch_day_of_week_operator.py for tasks to queue
[2026-07-21T18:20:57.111+0000] {logging_mixin.py:188} INFO - [2026-07-21T18:20:57.110+0000] {dagbag.py:538} INFO - Filling up the DagBag from /home/airflow/.local/lib/python3.8/site-packages/airflow/example_dags/example_branch_day_of_week_operator.py
[2026-07-21T18:20:57.118+0000] {processor.py:840} INFO - DAG(s) 'example_weekday_branch_operator' retrieved from /home/airflow/.local/lib/python3.8/site-packages/airflow/example_dags/example_branch_day_of_week_operator.py
[2026-07-21T18:20:57.138+0000] {logging_mixin.py:188} INFO - [2026-07-21T18:20:57.138+0000] {dag.py:3036} INFO - Sync 1 DAGs
[2026-07-21T18:20:57.159+0000] {logging_mixin.py:188} INFO - [2026-07-21T18:20:57.158+0000] {dag.py:3823} INFO - Setting next_dagrun for example_weekday_branch_operator to 2026-07-20 00:00:00+00:00, run_after=2026-07-21 00:00:00+00:00
[2026-07-21T18:20:57.327+0000] {processor.py:183} INFO - Processing /home/airflow/.local/lib/python3.8/site-packages/airflow/example_dags/example_branch_day_of_week_operator.py took 0.223 seconds
[2026-07-21T18:21:27.928+0000] {processor.py:161} INFO - Started process (PID=1445) to work on /home/airflow/.local/lib/python3.8/site-packages/airflow/example_dags/example_branch_day_of_week_operator.py
[2026-07-21T18:21:27.929+0000] {processor.py:830} INFO - Processing file /home/airflow/.local/lib/python3.8/site-packages/airflow/example_dags/example_branch_day_of_week_operator.py for tasks to queue
[2026-07-21T18:21:27.932+0000] {logging_mixin.py:188} INFO - [2026-07-21T18:21:27.932+0000] {dagbag.py:538} INFO - Filling up the DagBag from /home/airflow/.local/lib/python3.8/site-packages/airflow/example_dags/example_branch_day_of_week_operator.py
[2026-07-21T18:21:27.939+0000] {processor.py:840} INFO - DAG(s) 'example_weekday_branch_operator' retrieved from /home/airflow/.local/lib/python3.8/site-packages/airflow/example_dags/example_branch_day_of_week_operator.py
[2026-07-21T18:21:27.960+0000] {logging_mixin.py:188} INFO - [2026-07-21T18:21:27.959+0000] {dag.py:3036} INFO - Sync 1 DAGs
[2026-07-21T18:21:27.980+0000] {logging_mixin.py:188} INFO - [2026-07-21T18:21:27.980+0000] {dag.py:3823} INFO - Setting next_dagrun for example_weekday_branch_operator to 2026-07-20 00:00:00+00:00, run_after=2026-07-21 00:00:00+00:00
[2026-07-21T18:21:27.999+0000] {processor.py:183} INFO - Processing /home/airflow/.local/lib/python3.8/site-packages/airflow/example_dags/example_branch_day_of_week_operator.py took 0.074 seconds
[2026-07-21T18:21:58.393+0000] {processor.py:161} INFO - Started process (PID=1501) to work on /home/airflow/.local/lib/python3.8/site-packages/airflow/example_dags/example_branch_day_of_week_operator.py
[2026-07-21T18:21:58.394+0000] {processor.py:830} INFO - Processing file /home/airflow/.local/lib/python3.8/site-packages/airflow/example_dags/example_branch_day_of_week_operator.py for tasks to queue
[2026-07-21T18:21:58.397+0000] {logging_mixin.py:188} INFO - [2026-07-21T18:21:58.396+0000] {dagbag.py:538} INFO - Filling up the DagBag from /home/airflow/.local/lib/python3.8/site-packages/airflow/example_dags/example_branch_day_of_week_operator.py
[2026-07-21T18:21:58.404+0000] {processor.py:840} INFO - DAG(s) 'example_weekday_branch_operator' retrieved from /home/airflow/.local/lib/python3.8/site-packages/airflow/example_dags/example_branch_day_of_week_operator.py
[2026-07-21T18:21:58.425+0000] {logging_mixin.py:188} INFO - [2026-07-21T18:21:58.425+0000] {dag.py:3036} INFO - Sync 1 DAGs
[2026-07-21T18:21:58.446+0000] {logging_mixin.py:188} INFO - [2026-07-21T18:21:58.445+0000] {dag.py:3823} INFO - Setting next_dagrun for example_weekday_branch_operator to 2026-07-20 00:00:00+00:00, run_after=2026-07-21 00:00:00+00:00
[2026-07-21T18:21:58.464+0000] {processor.py:183} INFO - Processing /home/airflow/.local/lib/python3.8/site-packages/airflow/example_dags/example_branch_day_of_week_operator.py took 0.074 seconds
[2026-07-21T18:22:28.540+0000] {processor.py:161} INFO - Started process (PID=1557) to work on /home/airflow/.local/lib/python3.8/site-packages/airflow/example_dags/example_branch_day_of_week_operator.py
[2026-07-21T18:22:28.541+0000] {processor.py:830} INFO - Processing file /home/airflow/.local/lib/python3.8/site-packages/airflow/example_dags/example_branch_day_of_week_operator.py for tasks to queue
[2026-07-21T18:22:28.544+0000] {logging_mixin.py:188} INFO - [2026-07-21T18:22:28.543+0000] {dagbag.py:538} INFO - Filling up the DagBag from /home/airflow/.local/lib/python3.8/site-packages/airflow/example_dags/example_branch_day_of_week_operator.py
[2026-07-21T18:22:28.551+0000] {processor.py:840} INFO - DAG(s) 'example_weekday_branch_operator' retrieved from /home/airflow/.local/lib/python3.8/site-packages/airflow/example_dags/example_branch_day_of_week_operator.py
[2026-07-21T18:22:28.573+0000] {logging_mixin.py:188} INFO - [2026-07-21T18:22:28.573+0000] {dag.py:3036} INFO - Sync 1 DAGs
[2026-07-21T18:22:28.593+0000] {logging_mixin.py:188} INFO - [2026-07-21T18:22:28.593+0000] {dag.py:3823} INFO - Setting next_dagrun for example_weekday_branch_operator to 2026-07-20 00:00:00+00:00, run_after=2026-07-21 00:00:00+00:00
[2026-07-21T18:22:28.613+0000] {processor.py:183} INFO - Processing /home/airflow/.local/lib/python3.8/site-packages/airflow/example_dags/example_branch_day_of_week_operator.py took 0.077 seconds
[2026-07-21T18:22:59.887+0000] {processor.py:161} INFO - Started process (PID=1613) to work on /home/airflow/.local/lib/python3.8/site-packages/airflow/example_dags/example_branch_day_of_week_operator.py
[2026-07-21T18:22:59.888+0000] {processor.py:830} INFO - Processing file /home/airflow/.local/lib/python3.8/site-packages/airflow/example_dags/example_branch_day_of_week_operator.py for tasks to queue
[2026-07-21T18:22:59.890+0000] {logging_mixin.py:188} INFO - [2026-07-21T18:22:59.890+0000] {dagbag.py:538} INFO - Filling up the DagBag from /home/airflow/.local/lib/python3.8/site-packages/airflow/example_dags/example_branch_day_of_week_operator.py
[2026-07-21T18:22:59.897+0000] {processor.py:840} INFO - DAG(s) 'example_weekday_branch_operator' retrieved from /home/airflow/.local/lib/python3.8/site-packages/airflow/example_dags/example_branch_day_of_week_operator.py
[2026-07-21T18:22:59.919+0000] {logging_mixin.py:188} INFO - [2026-07-21T18:22:59.919+0000] {dag.py:3036} INFO - Sync 1 DAGs
[2026-07-21T18:23:00.090+0000] {logging_mixin.py:188} INFO - [2026-07-21T18:23:00.090+0000] {dag.py:3823} INFO - Setting next_dagrun for example_weekday_branch_operator to 2026-07-20 00:00:00+00:00, run_after=2026-07-21 00:00:00+00:00
[2026-07-21T18:23:00.108+0000] {processor.py:183} INFO - Processing /home/airflow/.local/lib/python3.8/site-packages/airflow/example_dags/example_branch_day_of_week_operator.py took 0.225 seconds
[2026-07-21T18:23:30.797+0000] {processor.py:161} INFO - Started process (PID=1669) to work on /home/airflow/.local/lib/python3.8/site-packages/airflow/example_dags/example_branch_day_of_week_operator.py
[2026-07-21T18:23:30.799+0000] {processor.py:830} INFO - Processing file /home/airflow/.local/lib/python3.8/site-packages/airflow/example_dags/example_branch_day_of_week_operator.py for tasks to queue
[2026-07-21T18:23:30.802+0000] {logging_mixin.py:188} INFO - [2026-07-21T18:23:30.801+0000] {dagbag.py:538} INFO - Filling up the DagBag from /home/airflow/.local/lib/python3.8/site-packages/airflow/example_dags/example_branch_day_of_week_operator.py
[2026-07-21T18:23:30.809+0000] {processor.py:840} INFO - DAG(s) 'example_weekday_branch_operator' retrieved from /home/airflow/.local/lib/python3.8/site-packages/airflow/example_dags/example_branch_day_of_week_operator.py
[2026-07-21T18:23:30.832+0000] {logging_mixin.py:188} INFO - [2026-07-21T18:23:30.832+0000] {dag.py:3036} INFO - Sync 1 DAGs
[2026-07-21T18:23:31.017+0000] {logging_mixin.py:188} INFO - [2026-07-21T18:23:31.017+0000] {dag.py:3823} INFO - Setting next_dagrun for example_weekday_branch_operator to 2026-07-20 00:00:00+00:00, run_after=2026-07-21 00:00:00+00:00
[2026-07-21T18:23:31.034+0000] {processor.py:183} INFO - Processing /home/airflow/.local/lib/python3.8/site-packages/airflow/example_dags/example_branch_day_of_week_operator.py took 0.241 seconds
[2026-07-21T18:24:01.706+0000] {processor.py:161} INFO - Started process (PID=1725) to work on /home/airflow/.local/lib/python3.8/site-packages/airflow/example_dags/example_branch_day_of_week_operator.py
[2026-07-21T18:24:01.708+0000] {processor.py:830} INFO - Processing file /home/airflow/.local/lib/python3.8/site-packages/airflow/example_dags/example_branch_day_of_week_operator.py for tasks to queue
[2026-07-21T18:24:01.711+0000] {logging_mixin.py:188} INFO - [2026-07-21T18:24:01.711+0000] {dagbag.py:538} INFO - Filling up the DagBag from /home/airflow/.local/lib/python3.8/site-packages/airflow/example_dags/example_branch_day_of_week_operator.py
[2026-07-21T18:24:01.722+0000] {processor.py:840} INFO - DAG(s) 'example_weekday_branch_operator' retrieved from /home/airflow/.local/lib/python3.8/site-packages/airflow/example_dags/example_branch_day_of_week_operator.py
[2026-07-21T18:24:01.761+0000] {logging_mixin.py:188} INFO - [2026-07-21T18:24:01.760+0000] {dag.py:3036} INFO - Sync 1 DAGs
[2026-07-21T18:24:01.792+0000] {logging_mixin.py:188} INFO - [2026-07-21T18:24:01.792+0000] {dag.py:3823} INFO - Setting next_dagrun for example_weekday_branch_operator to 2026-07-20 00:00:00+00:00, run_after=2026-07-21 00:00:00+00:00
[2026-07-21T18:24:01.818+0000] {processor.py:183} INFO - Processing /home/airflow/.local/lib/python3.8/site-packages/airflow/example_dags/example_branch_day_of_week_operator.py took 0.117 seconds
[2026-07-21T18:24:31.999+0000] {processor.py:161} INFO - Started process (PID=1781) to work on /home/airflow/.local/lib/python3.8/site-packages/airflow/example_dags/example_branch_day_of_week_operator.py
[2026-07-21T18:24:32.001+0000] {processor.py:830} INFO - Processing file /home/airflow/.local/lib/python3.8/site-packages/airflow/example_dags/example_branch_day_of_week_operator.py for tasks to queue
[2026-07-21T18:24:32.003+0000] {logging_mixin.py:188} INFO - [2026-07-21T18:24:32.003+0000] {dagbag.py:538} INFO - Filling up the DagBag from /home/airflow/.local/lib/python3.8/site-packages/airflow/example_dags/example_branch_day_of_week_operator.py
[2026-07-21T18:24:32.013+0000] {processor.py:840} INFO - DAG(s) 'example_weekday_branch_operator' retrieved from /home/airflow/.local/lib/python3.8/site-packages/airflow/example_dags/example_branch_day_of_week_operator.py
[2026-07-21T18:24:32.039+0000] {logging_mixin.py:188} INFO - [2026-07-21T18:24:32.038+0000] {dag.py:3036} INFO - Sync 1 DAGs
[2026-07-21T18:24:32.065+0000] {logging_mixin.py:188} INFO - [2026-07-21T18:24:32.064+0000] {dag.py:3823} INFO - Setting next_dagrun for example_weekday_branch_operator to 2026-07-20 00:00:00+00:00, run_after=2026-07-21 00:00:00+00:00
[2026-07-21T18:24:32.088+0000] {processor.py:183} INFO - Processing /home/airflow/.local/lib/python3.8/site-packages/airflow/example_dags/example_branch_day_of_week_operator.py took 0.094 seconds
[2026-07-21T18:25:02.250+0000] {processor.py:161} INFO - Started process (PID=1837) to work on /home/airflow/.local/lib/python3.8/site-packages/airflow/example_dags/example_branch_day_of_week_operator.py
[2026-07-21T18:25:02.251+0000] {processor.py:830} INFO - Processing file /home/airflow/.local/lib/python3.8/site-packages/airflow/example_dags/example_branch_day_of_week_operator.py for tasks to queue
[2026-07-21T18:25:02.253+0000] {logging_mixin.py:188} INFO - [2026-07-21T18:25:02.253+0000] {dagbag.py:538} INFO - Filling up the DagBag from /home/airflow/.local/lib/python3.8/site-packages/airflow/example_dags/example_branch_day_of_week_operator.py
[2026-07-21T18:25:02.263+0000] {processor.py:840} INFO - DAG(s) 'example_weekday_branch_operator' retrieved from /home/airflow/.local/lib/python3.8/site-packages/airflow/example_dags/example_branch_day_of_week_operator.py
[2026-07-21T18:25:02.289+0000] {logging_mixin.py:188} INFO - [2026-07-21T18:25:02.288+0000] {dag.py:3036} INFO - Sync 1 DAGs
[2026-07-21T18:25:02.313+0000] {logging_mixin.py:188} INFO - [2026-07-21T18:25:02.313+0000] {dag.py:3823} INFO - Setting next_dagrun for example_weekday_branch_operator to 2026-07-20 00:00:00+00:00, run_after=2026-07-21 00:00:00+00:00
[2026-07-21T18:25:02.336+0000] {processor.py:183} INFO - Processing /home/airflow/.local/lib/python3.8/site-packages/airflow/example_dags/example_branch_day_of_week_operator.py took 0.091 seconds
[2026-07-21T18:25:32.659+0000] {processor.py:161} INFO - Started process (PID=1893) to work on /home/airflow/.local/lib/python3.8/site-packages/airflow/example_dags/example_branch_day_of_week_operator.py
[2026-07-21T18:25:32.660+0000] {processor.py:830} INFO - Processing file /home/airflow/.local/lib/python3.8/site-packages/airflow/example_dags/example_branch_day_of_week_operator.py for tasks to queue
[2026-07-21T18:25:32.662+0000] {logging_mixin.py:188} INFO - [2026-07-21T18:25:32.662+0000] {dagbag.py:538} INFO - Filling up the DagBag from /home/airflow/.local/lib/python3.8/site-packages/airflow/example_dags/example_branch_day_of_week_operator.py
[2026-07-21T18:25:32.673+0000] {processor.py:840} INFO - DAG(s) 'example_weekday_branch_operator' retrieved from /home/airflow/.local/lib/python3.8/site-packages/airflow/example_dags/example_branch_day_of_week_operator.py
[2026-07-21T18:25:32.699+0000] {logging_mixin.py:188} INFO - [2026-07-21T18:25:32.699+0000] {dag.py:3036} INFO - Sync 1 DAGs
[2026-07-21T18:25:32.725+0000] {logging_mixin.py:188} INFO - [2026-07-21T18:25:32.724+0000] {dag.py:3823} INFO - Setting next_dagrun for example_weekday_branch_operator to 2026-07-20 00:00:00+00:00, run_after=2026-07-21 00:00:00+00:00
[2026-07-21T18:25:32.748+0000] {processor.py:183} INFO - Processing /home/airflow/.local/lib/python3.8/site-packages/airflow/example_dags/example_branch_day_of_week_operator.py took 0.094 seconds
[2026-07-21T18:26:03.220+0000] {processor.py:161} INFO - Started process (PID=1949) to work on /home/airflow/.local/lib/python3.8/site-packages/airflow/example_dags/example_branch_day_of_week_operator.py
[2026-07-21T18:26:03.222+0000] {processor.py:830} INFO - Processing file /home/airflow/.local/lib/python3.8/site-packages/airflow/example_dags/example_branch_day_of_week_operator.py for tasks to queue
[2026-07-21T18:26:03.225+0000] {logging_mixin.py:188} INFO - [2026-07-21T18:26:03.224+0000] {dagbag.py:538} INFO - Filling up the DagBag from /home/airflow/.local/lib/python3.8/site-packages/airflow/example_dags/example_branch_day_of_week_operator.py
[2026-07-21T18:26:03.237+0000] {processor.py:840} INFO - DAG(s) 'example_weekday_branch_operator' retrieved from /home/airflow/.local/lib/python3.8/site-packages/airflow/example_dags/example_branch_day_of_week_operator.py
[2026-07-21T18:26:03.273+0000] {logging_mixin.py:188} INFO - [2026-07-21T18:26:03.273+0000] {dag.py:3036} INFO - Sync 1 DAGs
[2026-07-21T18:26:03.312+0000] {logging_mixin.py:188} INFO - [2026-07-21T18:26:03.311+0000] {dag.py:3823} INFO - Setting next_dagrun for example_weekday_branch_operator to 2026-07-20 00:00:00+00:00, run_after=2026-07-21 00:00:00+00:00
[2026-07-21T18:26:03.340+0000] {processor.py:183} INFO - Processing /home/airflow/.local/lib/python3.8/site-packages/airflow/example_dags/example_branch_day_of_week_operator.py took 0.124 seconds
[2026-07-21T18:26:34.001+0000] {processor.py:161} INFO - Started process (PID=2005) to work on /home/airflow/.local/lib/python3.8/site-packages/airflow/example_dags/example_branch_day_of_week_operator.py
[2026-07-21T18:26:34.002+0000] {processor.py:830} INFO - Processing file /home/airflow/.local/lib/python3.8/site-packages/airflow/example_dags/example_branch_day_of_week_operator.py for tasks to queue
[2026-07-21T18:26:34.004+0000] {logging_mixin.py:188} INFO - [2026-07-21T18:26:34.004+0000] {dagbag.py:538} INFO - Filling up the DagBag from /home/airflow/.local/lib/python3.8/site-packages/airflow/example_dags/example_branch_day_of_week_operator.py
[2026-07-21T18:26:34.014+0000] {processor.py:840} INFO - DAG(s) 'example_weekday_branch_operator' retrieved from /home/airflow/.local/lib/python3.8/site-packages/airflow/example_dags/example_branch_day_of_week_operator.py
[2026-07-21T18:26:34.046+0000] {logging_mixin.py:188} INFO - [2026-07-21T18:26:34.045+0000] {dag.py:3036} INFO - Sync 1 DAGs
[2026-07-21T18:26:34.074+0000] {logging_mixin.py:188} INFO - [2026-07-21T18:26:34.074+0000] {dag.py:3823} INFO - Setting next_dagrun for example_weekday_branch_operator to 2026-07-20 00:00:00+00:00, run_after=2026-07-21 00:00:00+00:00
[2026-07-21T18:26:34.101+0000] {processor.py:183} INFO - Processing /home/airflow/.local/lib/python3.8/site-packages/airflow/example_dags/example_branch_day_of_week_operator.py took 0.104 seconds
[2026-07-21T18:27:04.453+0000] {processor.py:161} INFO - Started process (PID=2061) to work on /home/airflow/.local/lib/python3.8/site-packages/airflow/example_dags/example_branch_day_of_week_operator.py
[2026-07-21T18:27:04.454+0000] {processor.py:830} INFO - Processing file /home/airflow/.local/lib/python3.8/site-packages/airflow/example_dags/example_branch_day_of_week_operator.py for tasks to queue
[2026-07-21T18:27:04.456+0000] {logging_mixin.py:188} INFO - [2026-07-21T18:27:04.455+0000] {dagbag.py:538} INFO - Filling up the DagBag from /home/airflow/.local/lib/python3.8/site-packages/airflow/example_dags/example_branch_day_of_week_operator.py
[2026-07-21T18:27:04.464+0000] {processor.py:840} INFO - DAG(s) 'example_weekday_branch_operator' retrieved from /home/airflow/.local/lib/python3.8/site-packages/airflow/example_dags/example_branch_day_of_week_operator.py
[2026-07-21T18:27:04.485+0000] {logging_mixin.py:188} INFO - [2026-07-21T18:27:04.485+0000] {dag.py:3036} INFO - Sync 1 DAGs
[2026-07-21T18:27:04.505+0000] {logging_mixin.py:188} INFO - [2026-07-21T18:27:04.505+0000] {dag.py:3823} INFO - Setting next_dagrun for example_weekday_branch_operator to 2026-07-20 00:00:00+00:00, run_after=2026-07-21 00:00:00+00:00
[2026-07-21T18:27:04.523+0000] {processor.py:183} INFO - Processing /home/airflow/.local/lib/python3.8/site-packages/airflow/example_dags/example_branch_day_of_week_operator.py took 0.074 seconds
[2026-07-21T18:27:35.164+0000] {processor.py:161} INFO - Started process (PID=2117) to work on /home/airflow/.local/lib/python3.8/site-packages/airflow/example_dags/example_branch_day_of_week_operator.py
[2026-07-21T18:27:35.165+0000] {processor.py:830} INFO - Processing file /home/airflow/.local/lib/python3.8/site-packages/airflow/example_dags/example_branch_day_of_week_operator.py for tasks to queue
[2026-07-21T18:27:35.167+0000] {logging_mixin.py:188} INFO - [2026-07-21T18:27:35.167+0000] {dagbag.py:538} INFO - Filling up the DagBag from /home/airflow/.local/lib/python3.8/site-packages/airflow/example_dags/example_branch_day_of_week_operator.py
[2026-07-21T18:27:35.175+0000] {processor.py:840} INFO - DAG(s) 'example_weekday_branch_operator' retrieved from /home/airflow/.local/lib/python3.8/site-packages/airflow/example_dags/example_branch_day_of_week_operator.py
[2026-07-21T18:27:35.197+0000] {logging_mixin.py:188} INFO - [2026-07-21T18:27:35.196+0000] {dag.py:3036} INFO - Sync 1 DAGs
[2026-07-21T18:27:35.219+0000] {logging_mixin.py:188} INFO - [2026-07-21T18:27:35.219+0000] {dag.py:3823} INFO - Setting next_dagrun for example_weekday_branch_operator to 2026-07-20 00:00:00+00:00, run_after=2026-07-21 00:00:00+00:00
[2026-07-21T18:27:35.236+0000] {processor.py:183} INFO - Processing /home/airflow/.local/lib/python3.8/site-packages/airflow/example_dags/example_branch_day_of_week_operator.py took 0.076 seconds
[2026-07-21T18:28:05.773+0000] {processor.py:161} INFO - Started process (PID=2173) to work on /home/airflow/.local/lib/python3.8/site-packages/airflow/example_dags/example_branch_day_of_week_operator.py
[2026-07-21T18:28:05.774+0000] {processor.py:830} INFO - Processing file /home/airflow/.local/lib/python3.8/site-packages/airflow/example_dags/example_branch_day_of_week_operator.py for tasks to queue
[2026-07-21T18:28:05.776+0000] {logging_mixin.py:188} INFO - [2026-07-21T18:28:05.776+0000] {dagbag.py:538} INFO - Filling up the DagBag from /home/airflow/.local/lib/python3.8/site-packages/airflow/example_dags/example_branch_day_of_week_operator.py
[2026-07-21T18:28:05.784+0000] {processor.py:840} INFO - DAG(s) 'example_weekday_branch_operator' retrieved from /home/airflow/.local/lib/python3.8/site-packages/airflow/example_dags/example_branch_day_of_week_operator.py
[2026-07-21T18:28:05.804+0000] {logging_mixin.py:188} INFO - [2026-07-21T18:28:05.804+0000] {dag.py:3036} INFO - Sync 1 DAGs
[2026-07-21T18:28:05.825+0000] {logging_mixin.py:188} INFO - [2026-07-21T18:28:05.825+0000] {dag.py:3823} INFO - Setting next_dagrun for example_weekday_branch_operator to 2026-07-20 00:00:00+00:00, run_after=2026-07-21 00:00:00+00:00
[2026-07-21T18:28:05.845+0000] {processor.py:183} INFO - Processing /home/airflow/.local/lib/python3.8/site-packages/airflow/example_dags/example_branch_day_of_week_operator.py took 0.075 seconds
[2026-07-21T18:28:36.120+0000] {processor.py:161} INFO - Started process (PID=2229) to work on /home/airflow/.local/lib/python3.8/site-packages/airflow/example_dags/example_branch_day_of_week_operator.py
[2026-07-21T18:28:36.121+0000] {processor.py:830} INFO - Processing file /home/airflow/.local/lib/python3.8/site-packages/airflow/example_dags/example_branch_day_of_week_operator.py for tasks to queue
[2026-07-21T18:28:36.123+0000] {logging_mixin.py:188} INFO - [2026-07-21T18:28:36.123+0000] {dagbag.py:538} INFO - Filling up the DagBag from /home/airflow/.local/lib/python3.8/site-packages/airflow/example_dags/example_branch_day_of_week_operator.py
[2026-07-21T18:28:36.131+0000] {processor.py:840} INFO - DAG(s) 'example_weekday_branch_operator' retrieved from /home/airflow/.local/lib/python3.8/site-packages/airflow/example_dags/example_branch_day_of_week_operator.py
[2026-07-21T18:28:36.152+0000] {logging_mixin.py:188} INFO - [2026-07-21T18:28:36.152+0000] {dag.py:3036} INFO - Sync 1 DAGs
[2026-07-21T18:28:36.172+0000] {logging_mixin.py:188} INFO - [2026-07-21T18:28:36.172+0000] {dag.py:3823} INFO - Setting next_dagrun for example_weekday_branch_operator to 2026-07-20 00:00:00+00:00, run_after=2026-07-21 00:00:00+00:00
[2026-07-21T18:28:36.192+0000] {processor.py:183} INFO - Processing /home/airflow/.local/lib/python3.8/site-packages/airflow/example_dags/example_branch_day_of_week_operator.py took 0.075 seconds
[2026-07-21T18:29:06.417+0000] {processor.py:161} INFO - Started process (PID=2285) to work on /home/airflow/.local/lib/python3.8/site-packages/airflow/example_dags/example_branch_day_of_week_operator.py
[2026-07-21T18:29:06.419+0000] {processor.py:830} INFO - Processing file /home/airflow/.local/lib/python3.8/site-packages/airflow/example_dags/example_branch_day_of_week_operator.py for tasks to queue
[2026-07-21T18:29:06.420+0000] {logging_mixin.py:188} INFO - [2026-07-21T18:29:06.420+0000] {dagbag.py:538} INFO - Filling up the DagBag from /home/airflow/.local/lib/python3.8/site-packages/airflow/example_dags/example_branch_day_of_week_operator.py
[2026-07-21T18:29:06.428+0000] {processor.py:840} INFO - DAG(s) 'example_weekday_branch_operator' retrieved from /home/airflow/.local/lib/python3.8/site-packages/airflow/example_dags/example_branch_day_of_week_operator.py
[2026-07-21T18:29:06.449+0000] {logging_mixin.py:188} INFO - [2026-07-21T18:29:06.449+0000] {dag.py:3036} INFO - Sync 1 DAGs
[2026-07-21T18:29:06.470+0000] {logging_mixin.py:188} INFO - [2026-07-21T18:29:06.470+0000] {dag.py:3823} INFO - Setting next_dagrun for example_weekday_branch_operator to 2026-07-20 00:00:00+00:00, run_after=2026-07-21 00:00:00+00:00
[2026-07-21T18:29:06.489+0000] {processor.py:183} INFO - Processing /home/airflow/.local/lib/python3.8/site-packages/airflow/example_dags/example_branch_day_of_week_operator.py took 0.075 seconds
[2026-07-21T18:29:37.058+0000] {processor.py:161} INFO - Started process (PID=2341) to work on /home/airflow/.local/lib/python3.8/site-packages/airflow/example_dags/example_branch_day_of_week_operator.py
[2026-07-21T18:29:37.059+0000] {processor.py:830} INFO - Processing file /home/airflow/.local/lib/python3.8/site-packages/airflow/example_dags/example_branch_day_of_week_operator.py for tasks to queue
[2026-07-21T18:29:37.061+0000] {logging_mixin.py:188} INFO - [2026-07-21T18:29:37.060+0000] {dagbag.py:538} INFO - Filling up the DagBag from /home/airflow/.local/lib/python3.8/site-packages/airflow/example_dags/example_branch_day_of_week_operator.py
[2026-07-21T18:29:37.069+0000] {processor.py:840} INFO - DAG(s) 'example_weekday_branch_operator' retrieved from /home/airflow/.local/lib/python3.8/site-packages/airflow/example_dags/example_branch_day_of_week_operator.py
[2026-07-21T18:29:37.090+0000] {logging_mixin.py:188} INFO - [2026-07-21T18:29:37.090+0000] {dag.py:3036} INFO - Sync 1 DAGs
[2026-07-21T18:29:37.110+0000] {logging_mixin.py:188} INFO - [2026-07-21T18:29:37.110+0000] {dag.py:3823} INFO - Setting next_dagrun for example_weekday_branch_operator to 2026-07-20 00:00:00+00:00, run_after=2026-07-21 00:00:00+00:00
[2026-07-21T18:29:37.128+0000] {processor.py:183} INFO - Processing /home/airflow/.local/lib/python3.8/site-packages/airflow/example_dags/example_branch_day_of_week_operator.py took 0.074 seconds
[2026-07-21T18:30:07.517+0000] {processor.py:161} INFO - Started process (PID=2397) to work on /home/airflow/.local/lib/python3.8/site-packages/airflow/example_dags/example_branch_day_of_week_operator.py
[2026-07-21T18:30:07.519+0000] {processor.py:830} INFO - Processing file /home/airflow/.local/lib/python3.8/site-packages/airflow/example_dags/example_branch_day_of_week_operator.py for tasks to queue
[2026-07-21T18:30:07.521+0000] {logging_mixin.py:188} INFO - [2026-07-21T18:30:07.521+0000] {dagbag.py:538} INFO - Filling up the DagBag from /home/airflow/.local/lib/python3.8/site-packages/airflow/example_dags/example_branch_day_of_week_operator.py
[2026-07-21T18:30:07.530+0000] {processor.py:840} INFO - DAG(s) 'example_weekday_branch_operator' retrieved from /home/airflow/.local/lib/python3.8/site-packages/airflow/example_dags/example_branch_day_of_week_operator.py
[2026-07-21T18:30:07.552+0000] {logging_mixin.py:188} INFO - [2026-07-21T18:30:07.552+0000] {dag.py:3036} INFO - Sync 1 DAGs
[2026-07-21T18:30:07.573+0000] {logging_mixin.py:188} INFO - [2026-07-21T18:30:07.573+0000] {dag.py:3823} INFO - Setting next_dagrun for example_weekday_branch_operator to 2026-07-20 00:00:00+00:00, run_after=2026-07-21 00:00:00+00:00
[2026-07-21T18:30:07.594+0000] {processor.py:183} INFO - Processing /home/airflow/.local/lib/python3.8/site-packages/airflow/example_dags/example_branch_day_of_week_operator.py took 0.081 seconds
[2026-07-21T18:30:37.881+0000] {processor.py:161} INFO - Started process (PID=2453) to work on /home/airflow/.local/lib/python3.8/site-packages/airflow/example_dags/example_branch_day_of_week_operator.py
[2026-07-21T18:30:37.882+0000] {processor.py:830} INFO - Processing file /home/airflow/.local/lib/python3.8/site-packages/airflow/example_dags/example_branch_day_of_week_operator.py for tasks to queue
[2026-07-21T18:30:37.884+0000] {logging_mixin.py:188} INFO - [2026-07-21T18:30:37.884+0000] {dagbag.py:538} INFO - Filling up the DagBag from /home/airflow/.local/lib/python3.8/site-packages/airflow/example_dags/example_branch_day_of_week_operator.py
[2026-07-21T18:30:37.893+0000] {processor.py:840} INFO - DAG(s) 'example_weekday_branch_operator' retrieved from /home/airflow/.local/lib/python3.8/site-packages/airflow/example_dags/example_branch_day_of_week_operator.py
[2026-07-21T18:30:37.918+0000] {logging_mixin.py:188} INFO - [2026-07-21T18:30:37.918+0000] {dag.py:3036} INFO - Sync 1 DAGs
[2026-07-21T18:30:37.939+0000] {logging_mixin.py:188} INFO - [2026-07-21T18:30:37.939+0000] {dag.py:3823} INFO - Setting next_dagrun for example_weekday_branch_operator to 2026-07-20 00:00:00+00:00, run_after=2026-07-21 00:00:00+00:00
[2026-07-21T18:30:37.959+0000] {processor.py:183} INFO - Processing /home/airflow/.local/lib/python3.8/site-packages/airflow/example_dags/example_branch_day_of_week_operator.py took 0.082 seconds
[2026-07-21T18:31:08.293+0000] {processor.py:161} INFO - Started process (PID=2509) to work on /home/airflow/.local/lib/python3.8/site-packages/airflow/example_dags/example_branch_day_of_week_operator.py
[2026-07-21T18:31:08.294+0000] {processor.py:830} INFO - Processing file /home/airflow/.local/lib/python3.8/site-packages/airflow/example_dags/example_branch_day_of_week_operator.py for tasks to queue
[2026-07-21T18:31:08.296+0000] {logging_mixin.py:188} INFO - [2026-07-21T18:31:08.296+0000] {dagbag.py:538} INFO - Filling up the DagBag from /home/airflow/.local/lib/python3.8/site-packages/airflow/example_dags/example_branch_day_of_week_operator.py
[2026-07-21T18:31:08.307+0000] {processor.py:840} INFO - DAG(s) 'example_weekday_branch_operator' retrieved from /home/airflow/.local/lib/python3.8/site-packages/airflow/example_dags/example_branch_day_of_week_operator.py
[2026-07-21T18:31:08.329+0000] {logging_mixin.py:188} INFO - [2026-07-21T18:31:08.329+0000] {dag.py:3036} INFO - Sync 1 DAGs
[2026-07-21T18:31:08.351+0000] {logging_mixin.py:188} INFO - [2026-07-21T18:31:08.351+0000] {dag.py:3823} INFO - Setting next_dagrun for example_weekday_branch_operator to 2026-07-20 00:00:00+00:00, run_after=2026-07-21 00:00:00+00:00
[2026-07-21T18:31:08.369+0000] {processor.py:183} INFO - Processing /home/airflow/.local/lib/python3.8/site-packages/airflow/example_dags/example_branch_day_of_week_operator.py took 0.080 seconds
[2026-07-21T18:34:10.581+0000] {processor.py:161} INFO - Started process (PID=56) to work on /home/airflow/.local/lib/python3.10/site-packages/airflow/example_dags/example_branch_day_of_week_operator.py
[2026-07-21T18:34:10.585+0000] {processor.py:830} INFO - Processing file /home/airflow/.local/lib/python3.10/site-packages/airflow/example_dags/example_branch_day_of_week_operator.py for tasks to queue
[2026-07-21T18:34:10.595+0000] {logging_mixin.py:188} INFO - [2026-07-21T18:34:10.595+0000] {dagbag.py:538} INFO - Filling up the DagBag from /home/airflow/.local/lib/python3.10/site-packages/airflow/example_dags/example_branch_day_of_week_operator.py
[2026-07-21T18:34:10.641+0000] {processor.py:840} INFO - DAG(s) 'example_weekday_branch_operator' retrieved from /home/airflow/.local/lib/python3.10/site-packages/airflow/example_dags/example_branch_day_of_week_operator.py
[2026-07-21T18:34:10.686+0000] {logging_mixin.py:188} INFO - [2026-07-21T18:34:10.685+0000] {dag.py:3036} INFO - Sync 1 DAGs
[2026-07-21T18:34:10.771+0000] {logging_mixin.py:188} INFO - [2026-07-21T18:34:10.770+0000] {dag.py:3823} INFO - Setting next_dagrun for example_weekday_branch_operator to 2026-07-20 00:00:00+00:00, run_after=2026-07-21 00:00:00+00:00
[2026-07-21T18:34:10.814+0000] {processor.py:183} INFO - Processing /home/airflow/.local/lib/python3.10/site-packages/airflow/example_dags/example_branch_day_of_week_operator.py took 0.245 seconds
[2026-07-21T18:34:41.545+0000] {processor.py:161} INFO - Started process (PID=112) to work on /home/airflow/.local/lib/python3.10/site-packages/airflow/example_dags/example_branch_day_of_week_operator.py
[2026-07-21T18:34:41.547+0000] {processor.py:830} INFO - Processing file /home/airflow/.local/lib/python3.10/site-packages/airflow/example_dags/example_branch_day_of_week_operator.py for tasks to queue
[2026-07-21T18:34:41.550+0000] {logging_mixin.py:188} INFO - [2026-07-21T18:34:41.550+0000] {dagbag.py:538} INFO - Filling up the DagBag from /home/airflow/.local/lib/python3.10/site-packages/airflow/example_dags/example_branch_day_of_week_operator.py
[2026-07-21T18:34:41.559+0000] {processor.py:840} INFO - DAG(s) 'example_weekday_branch_operator' retrieved from /home/airflow/.local/lib/python3.10/site-packages/airflow/example_dags/example_branch_day_of_week_operator.py
[2026-07-21T18:34:41.670+0000] {logging_mixin.py:188} INFO - [2026-07-21T18:34:41.669+0000] {dag.py:3036} INFO - Sync 1 DAGs
[2026-07-21T18:34:41.693+0000] {logging_mixin.py:188} INFO - [2026-07-21T18:34:41.692+0000] {dag.py:3823} INFO - Setting next_dagrun for example_weekday_branch_operator to 2026-07-20 00:00:00+00:00, run_after=2026-07-21 00:00:00+00:00
[2026-07-21T18:34:41.714+0000] {processor.py:183} INFO - Processing /home/airflow/.local/lib/python3.10/site-packages/airflow/example_dags/example_branch_day_of_week_operator.py took 0.173 seconds
[2026-07-21T18:35:12.171+0000] {processor.py:161} INFO - Started process (PID=168) to work on /home/airflow/.local/lib/python3.10/site-packages/airflow/example_dags/example_branch_day_of_week_operator.py
[2026-07-21T18:35:12.173+0000] {processor.py:830} INFO - Processing file /home/airflow/.local/lib/python3.10/site-packages/airflow/example_dags/example_branch_day_of_week_operator.py for tasks to queue
[2026-07-21T18:35:12.176+0000] {logging_mixin.py:188} INFO - [2026-07-21T18:35:12.176+0000] {dagbag.py:538} INFO - Filling up the DagBag from /home/airflow/.local/lib/python3.10/site-packages/airflow/example_dags/example_branch_day_of_week_operator.py
[2026-07-21T18:35:12.188+0000] {processor.py:840} INFO - DAG(s) 'example_weekday_branch_operator' retrieved from /home/airflow/.local/lib/python3.10/site-packages/airflow/example_dags/example_branch_day_of_week_operator.py
[2026-07-21T18:35:12.231+0000] {logging_mixin.py:188} INFO - [2026-07-21T18:35:12.230+0000] {dag.py:3036} INFO - Sync 1 DAGs
[2026-07-21T18:35:12.274+0000] {logging_mixin.py:188} INFO - [2026-07-21T18:35:12.273+0000] {dag.py:3823} INFO - Setting next_dagrun for example_weekday_branch_operator to 2026-07-20 00:00:00+00:00, run_after=2026-07-21 00:00:00+00:00
[2026-07-21T18:35:12.312+0000] {processor.py:183} INFO - Processing /home/airflow/.local/lib/python3.10/site-packages/airflow/example_dags/example_branch_day_of_week_operator.py took 0.145 seconds
[2026-07-21T18:35:42.441+0000] {processor.py:161} INFO - Started process (PID=224) to work on /home/airflow/.local/lib/python3.10/site-packages/airflow/example_dags/example_branch_day_of_week_operator.py
[2026-07-21T18:35:42.442+0000] {processor.py:830} INFO - Processing file /home/airflow/.local/lib/python3.10/site-packages/airflow/example_dags/example_branch_day_of_week_operator.py for tasks to queue
[2026-07-21T18:35:42.446+0000] {logging_mixin.py:188} INFO - [2026-07-21T18:35:42.445+0000] {dagbag.py:538} INFO - Filling up the DagBag from /home/airflow/.local/lib/python3.10/site-packages/airflow/example_dags/example_branch_day_of_week_operator.py
[2026-07-21T18:35:42.456+0000] {processor.py:840} INFO - DAG(s) 'example_weekday_branch_operator' retrieved from /home/airflow/.local/lib/python3.10/site-packages/airflow/example_dags/example_branch_day_of_week_operator.py
[2026-07-21T18:35:42.486+0000] {logging_mixin.py:188} INFO - [2026-07-21T18:35:42.486+0000] {dag.py:3036} INFO - Sync 1 DAGs
[2026-07-21T18:35:42.512+0000] {logging_mixin.py:188} INFO - [2026-07-21T18:35:42.511+0000] {dag.py:3823} INFO - Setting next_dagrun for example_weekday_branch_operator to 2026-07-20 00:00:00+00:00, run_after=2026-07-21 00:00:00+00:00
[2026-07-21T18:35:42.533+0000] {processor.py:183} INFO - Processing /home/airflow/.local/lib/python3.10/site-packages/airflow/example_dags/example_branch_day_of_week_operator.py took 0.096 seconds
[2026-07-21T18:36:12.815+0000] {processor.py:161} INFO - Started process (PID=286) to work on /home/airflow/.local/lib/python3.10/site-packages/airflow/example_dags/example_branch_day_of_week_operator.py
[2026-07-21T18:36:12.816+0000] {processor.py:830} INFO - Processing file /home/airflow/.local/lib/python3.10/site-packages/airflow/example_dags/example_branch_day_of_week_operator.py for tasks to queue
[2026-07-21T18:36:12.818+0000] {logging_mixin.py:188} INFO - [2026-07-21T18:36:12.818+0000] {dagbag.py:538} INFO - Filling up the DagBag from /home/airflow/.local/lib/python3.10/site-packages/airflow/example_dags/example_branch_day_of_week_operator.py
[2026-07-21T18:36:12.826+0000] {processor.py:840} INFO - DAG(s) 'example_weekday_branch_operator' retrieved from /home/airflow/.local/lib/python3.10/site-packages/airflow/example_dags/example_branch_day_of_week_operator.py
[2026-07-21T18:36:12.847+0000] {logging_mixin.py:188} INFO - [2026-07-21T18:36:12.847+0000] {dag.py:3036} INFO - Sync 1 DAGs
[2026-07-21T18:36:12.867+0000] {logging_mixin.py:188} INFO - [2026-07-21T18:36:12.867+0000] {dag.py:3823} INFO - Setting next_dagrun for example_weekday_branch_operator to 2026-07-20 00:00:00+00:00, run_after=2026-07-21 00:00:00+00:00
[2026-07-21T18:36:12.887+0000] {processor.py:183} INFO - Processing /home/airflow/.local/lib/python3.10/site-packages/airflow/example_dags/example_branch_day_of_week_operator.py took 0.076 seconds
[2026-07-21T18:36:43.472+0000] {processor.py:161} INFO - Started process (PID=342) to work on /home/airflow/.local/lib/python3.10/site-packages/airflow/example_dags/example_branch_day_of_week_operator.py
[2026-07-21T18:36:43.474+0000] {processor.py:830} INFO - Processing file /home/airflow/.local/lib/python3.10/site-packages/airflow/example_dags/example_branch_day_of_week_operator.py for tasks to queue
[2026-07-21T18:36:43.475+0000] {logging_mixin.py:188} INFO - [2026-07-21T18:36:43.475+0000] {dagbag.py:538} INFO - Filling up the DagBag from /home/airflow/.local/lib/python3.10/site-packages/airflow/example_dags/example_branch_day_of_week_operator.py
[2026-07-21T18:36:43.483+0000] {processor.py:840} INFO - DAG(s) 'example_weekday_branch_operator' retrieved from /home/airflow/.local/lib/python3.10/site-packages/airflow/example_dags/example_branch_day_of_week_operator.py
[2026-07-21T18:36:43.503+0000] {logging_mixin.py:188} INFO - [2026-07-21T18:36:43.502+0000] {dag.py:3036} INFO - Sync 1 DAGs
[2026-07-21T18:36:43.521+0000] {logging_mixin.py:188} INFO - [2026-07-21T18:36:43.520+0000] {dag.py:3823} INFO - Setting next_dagrun for example_weekday_branch_operator to 2026-07-20 00:00:00+00:00, run_after=2026-07-21 00:00:00+00:00
[2026-07-21T18:36:43.537+0000] {processor.py:183} INFO - Processing /home/airflow/.local/lib/python3.10/site-packages/airflow/example_dags/example_branch_day_of_week_operator.py took 0.068 seconds
[2026-07-21T18:37:13.747+0000] {processor.py:161} INFO - Started process (PID=398) to work on /home/airflow/.local/lib/python3.10/site-packages/airflow/example_dags/example_branch_day_of_week_operator.py
[2026-07-21T18:37:13.748+0000] {processor.py:830} INFO - Processing file /home/airflow/.local/lib/python3.10/site-packages/airflow/example_dags/example_branch_day_of_week_operator.py for tasks to queue
[2026-07-21T18:37:13.750+0000] {logging_mixin.py:188} INFO - [2026-07-21T18:37:13.750+0000] {dagbag.py:538} INFO - Filling up the DagBag from /home/airflow/.local/lib/python3.10/site-packages/airflow/example_dags/example_branch_day_of_week_operator.py
[2026-07-21T18:37:13.758+0000] {processor.py:840} INFO - DAG(s) 'example_weekday_branch_operator' retrieved from /home/airflow/.local/lib/python3.10/site-packages/airflow/example_dags/example_branch_day_of_week_operator.py
[2026-07-21T18:37:13.779+0000] {logging_mixin.py:188} INFO - [2026-07-21T18:37:13.779+0000] {dag.py:3036} INFO - Sync 1 DAGs
[2026-07-21T18:37:13.799+0000] {logging_mixin.py:188} INFO - [2026-07-21T18:37:13.799+0000] {dag.py:3823} INFO - Setting next_dagrun for example_weekday_branch_operator to 2026-07-20 00:00:00+00:00, run_after=2026-07-21 00:00:00+00:00
[2026-07-21T18:37:13.818+0000] {processor.py:183} INFO - Processing /home/airflow/.local/lib/python3.10/site-packages/airflow/example_dags/example_branch_day_of_week_operator.py took 0.075 seconds
[2026-07-21T18:37:44.159+0000] {processor.py:161} INFO - Started process (PID=454) to work on /home/airflow/.local/lib/python3.10/site-packages/airflow/example_dags/example_branch_day_of_week_operator.py
[2026-07-21T18:37:44.160+0000] {processor.py:830} INFO - Processing file /home/airflow/.local/lib/python3.10/site-packages/airflow/example_dags/example_branch_day_of_week_operator.py for tasks to queue
[2026-07-21T18:37:44.162+0000] {logging_mixin.py:188} INFO - [2026-07-21T18:37:44.161+0000] {dagbag.py:538} INFO - Filling up the DagBag from /home/airflow/.local/lib/python3.10/site-packages/airflow/example_dags/example_branch_day_of_week_operator.py
[2026-07-21T18:37:44.169+0000] {processor.py:840} INFO - DAG(s) 'example_weekday_branch_operator' retrieved from /home/airflow/.local/lib/python3.10/site-packages/airflow/example_dags/example_branch_day_of_week_operator.py
[2026-07-21T18:37:44.192+0000] {logging_mixin.py:188} INFO - [2026-07-21T18:37:44.192+0000] {dag.py:3036} INFO - Sync 1 DAGs
[2026-07-21T18:37:44.211+0000] {logging_mixin.py:188} INFO - [2026-07-21T18:37:44.211+0000] {dag.py:3823} INFO - Setting next_dagrun for example_weekday_branch_operator to 2026-07-20 00:00:00+00:00, run_after=2026-07-21 00:00:00+00:00
[2026-07-21T18:37:44.228+0000] {processor.py:183} INFO - Processing /home/airflow/.local/lib/python3.10/site-packages/airflow/example_dags/example_branch_day_of_week_operator.py took 0.073 seconds
[2026-07-21T18:38:14.684+0000] {processor.py:161} INFO - Started process (PID=510) to work on /home/airflow/.local/lib/python3.10/site-packages/airflow/example_dags/example_branch_day_of_week_operator.py
[2026-07-21T18:38:14.685+0000] {processor.py:830} INFO - Processing file /home/airflow/.local/lib/python3.10/site-packages/airflow/example_dags/example_branch_day_of_week_operator.py for tasks to queue
[2026-07-21T18:38:14.687+0000] {logging_mixin.py:188} INFO - [2026-07-21T18:38:14.686+0000] {dagbag.py:538} INFO - Filling up the DagBag from /home/airflow/.local/lib/python3.10/site-packages/airflow/example_dags/example_branch_day_of_week_operator.py
[2026-07-21T18:38:14.694+0000] {processor.py:840} INFO - DAG(s) 'example_weekday_branch_operator' retrieved from /home/airflow/.local/lib/python3.10/site-packages/airflow/example_dags/example_branch_day_of_week_operator.py
[2026-07-21T18:38:14.716+0000] {logging_mixin.py:188} INFO - [2026-07-21T18:38:14.716+0000] {dag.py:3036} INFO - Sync 1 DAGs
[2026-07-21T18:38:14.735+0000] {logging_mixin.py:188} INFO - [2026-07-21T18:38:14.735+0000] {dag.py:3823} INFO - Setting next_dagrun for example_weekday_branch_operator to 2026-07-20 00:00:00+00:00, run_after=2026-07-21 00:00:00+00:00
[2026-07-21T18:38:14.754+0000] {processor.py:183} INFO - Processing /home/airflow/.local/lib/python3.10/site-packages/airflow/example_dags/example_branch_day_of_week_operator.py took 0.074 seconds
[2026-07-21T18:38:45.082+0000] {processor.py:161} INFO - Started process (PID=566) to work on /home/airflow/.local/lib/python3.10/site-packages/airflow/example_dags/example_branch_day_of_week_operator.py
[2026-07-21T18:38:45.083+0000] {processor.py:830} INFO - Processing file /home/airflow/.local/lib/python3.10/site-packages/airflow/example_dags/example_branch_day_of_week_operator.py for tasks to queue
[2026-07-21T18:38:45.085+0000] {logging_mixin.py:188} INFO - [2026-07-21T18:38:45.085+0000] {dagbag.py:538} INFO - Filling up the DagBag from /home/airflow/.local/lib/python3.10/site-packages/airflow/example_dags/example_branch_day_of_week_operator.py
[2026-07-21T18:38:45.093+0000] {processor.py:840} INFO - DAG(s) 'example_weekday_branch_operator' retrieved from /home/airflow/.local/lib/python3.10/site-packages/airflow/example_dags/example_branch_day_of_week_operator.py
[2026-07-21T18:38:45.113+0000] {logging_mixin.py:188} INFO - [2026-07-21T18:38:45.112+0000] {dag.py:3036} INFO - Sync 1 DAGs
[2026-07-21T18:38:45.132+0000] {logging_mixin.py:188} INFO - [2026-07-21T18:38:45.132+0000] {dag.py:3823} INFO - Setting next_dagrun for example_weekday_branch_operator to 2026-07-20 00:00:00+00:00, run_after=2026-07-21 00:00:00+00:00
[2026-07-21T18:38:45.151+0000] {processor.py:183} INFO - Processing /home/airflow/.local/lib/python3.10/site-packages/airflow/example_dags/example_branch_day_of_week_operator.py took 0.073 seconds
[2026-07-21T18:39:15.359+0000] {processor.py:161} INFO - Started process (PID=622) to work on /home/airflow/.local/lib/python3.10/site-packages/airflow/example_dags/example_branch_day_of_week_operator.py
[2026-07-21T18:39:15.360+0000] {processor.py:830} INFO - Processing file /home/airflow/.local/lib/python3.10/site-packages/airflow/example_dags/example_branch_day_of_week_operator.py for tasks to queue
[2026-07-21T18:39:15.362+0000] {logging_mixin.py:188} INFO - [2026-07-21T18:39:15.362+0000] {dagbag.py:538} INFO - Filling up the DagBag from /home/airflow/.local/lib/python3.10/site-packages/airflow/example_dags/example_branch_day_of_week_operator.py
[2026-07-21T18:39:15.370+0000] {processor.py:840} INFO - DAG(s) 'example_weekday_branch_operator' retrieved from /home/airflow/.local/lib/python3.10/site-packages/airflow/example_dags/example_branch_day_of_week_operator.py
[2026-07-21T18:39:15.391+0000] {logging_mixin.py:188} INFO - [2026-07-21T18:39:15.390+0000] {dag.py:3036} INFO - Sync 1 DAGs
[2026-07-21T18:39:15.412+0000] {logging_mixin.py:188} INFO - [2026-07-21T18:39:15.411+0000] {dag.py:3823} INFO - Setting next_dagrun for example_weekday_branch_operator to 2026-07-20 00:00:00+00:00, run_after=2026-07-21 00:00:00+00:00
[2026-07-21T18:39:15.432+0000] {processor.py:183} INFO - Processing /home/airflow/.local/lib/python3.10/site-packages/airflow/example_dags/example_branch_day_of_week_operator.py took 0.077 seconds
[2026-07-21T18:39:45.598+0000] {processor.py:161} INFO - Started process (PID=678) to work on /home/airflow/.local/lib/python3.10/site-packages/airflow/example_dags/example_branch_day_of_week_operator.py
[2026-07-21T18:39:45.599+0000] {processor.py:830} INFO - Processing file /home/airflow/.local/lib/python3.10/site-packages/airflow/example_dags/example_branch_day_of_week_operator.py for tasks to queue
[2026-07-21T18:39:45.601+0000] {logging_mixin.py:188} INFO - [2026-07-21T18:39:45.601+0000] {dagbag.py:538} INFO - Filling up the DagBag from /home/airflow/.local/lib/python3.10/site-packages/airflow/example_dags/example_branch_day_of_week_operator.py
[2026-07-21T18:39:45.609+0000] {processor.py:840} INFO - DAG(s) 'example_weekday_branch_operator' retrieved from /home/airflow/.local/lib/python3.10/site-packages/airflow/example_dags/example_branch_day_of_week_operator.py
[2026-07-21T18:39:45.629+0000] {logging_mixin.py:188} INFO - [2026-07-21T18:39:45.628+0000] {dag.py:3036} INFO - Sync 1 DAGs
[2026-07-21T18:39:45.647+0000] {logging_mixin.py:188} INFO - [2026-07-21T18:39:45.647+0000] {dag.py:3823} INFO - Setting next_dagrun for example_weekday_branch_operator to 2026-07-20 00:00:00+00:00, run_after=2026-07-21 00:00:00+00:00
[2026-07-21T18:39:45.666+0000] {processor.py:183} INFO - Processing /home/airflow/.local/lib/python3.10/site-packages/airflow/example_dags/example_branch_day_of_week_operator.py took 0.072 seconds
[2026-07-21T18:40:16.165+0000] {processor.py:161} INFO - Started process (PID=734) to work on /home/airflow/.local/lib/python3.10/site-packages/airflow/example_dags/example_branch_day_of_week_operator.py
[2026-07-21T18:40:16.166+0000] {processor.py:830} INFO - Processing file /home/airflow/.local/lib/python3.10/site-packages/airflow/example_dags/example_branch_day_of_week_operator.py for tasks to queue
[2026-07-21T18:40:16.168+0000] {logging_mixin.py:188} INFO - [2026-07-21T18:40:16.168+0000] {dagbag.py:538} INFO - Filling up the DagBag from /home/airflow/.local/lib/python3.10/site-packages/airflow/example_dags/example_branch_day_of_week_operator.py
[2026-07-21T18:40:16.176+0000] {processor.py:840} INFO - DAG(s) 'example_weekday_branch_operator' retrieved from /home/airflow/.local/lib/python3.10/site-packages/airflow/example_dags/example_branch_day_of_week_operator.py
[2026-07-21T18:40:16.198+0000] {logging_mixin.py:188} INFO - [2026-07-21T18:40:16.197+0000] {dag.py:3036} INFO - Sync 1 DAGs
[2026-07-21T18:40:16.216+0000] {logging_mixin.py:188} INFO - [2026-07-21T18:40:16.216+0000] {dag.py:3823} INFO - Setting next_dagrun for example_weekday_branch_operator to 2026-07-20 00:00:00+00:00, run_after=2026-07-21 00:00:00+00:00
[2026-07-21T18:40:16.236+0000] {processor.py:183} INFO - Processing /home/airflow/.local/lib/python3.10/site-packages/airflow/example_dags/example_branch_day_of_week_operator.py took 0.075 seconds
[2026-07-21T18:40:46.311+0000] {processor.py:161} INFO - Started process (PID=790) to work on /home/airflow/.local/lib/python3.10/site-packages/airflow/example_dags/example_branch_day_of_week_operator.py
[2026-07-21T18:40:46.313+0000] {processor.py:830} INFO - Processing file /home/airflow/.local/lib/python3.10/site-packages/airflow/example_dags/example_branch_day_of_week_operator.py for tasks to queue
[2026-07-21T18:40:46.314+0000] {logging_mixin.py:188} INFO - [2026-07-21T18:40:46.314+0000] {dagbag.py:538} INFO - Filling up the DagBag from /home/airflow/.local/lib/python3.10/site-packages/airflow/example_dags/example_branch_day_of_week_operator.py
[2026-07-21T18:40:46.322+0000] {processor.py:840} INFO - DAG(s) 'example_weekday_branch_operator' retrieved from /home/airflow/.local/lib/python3.10/site-packages/airflow/example_dags/example_branch_day_of_week_operator.py
[2026-07-21T18:40:46.341+0000] {logging_mixin.py:188} INFO - [2026-07-21T18:40:46.341+0000] {dag.py:3036} INFO - Sync 1 DAGs
[2026-07-21T18:40:46.360+0000] {logging_mixin.py:188} INFO - [2026-07-21T18:40:46.360+0000] {dag.py:3823} INFO - Setting next_dagrun for example_weekday_branch_operator to 2026-07-20 00:00:00+00:00, run_after=2026-07-21 00:00:00+00:00
[2026-07-21T18:40:46.380+0000] {processor.py:183} INFO - Processing /home/airflow/.local/lib/python3.10/site-packages/airflow/example_dags/example_branch_day_of_week_operator.py took 0.072 seconds
[2026-07-21T18:41:16.778+0000] {processor.py:161} INFO - Started process (PID=846) to work on /home/airflow/.local/lib/python3.10/site-packages/airflow/example_dags/example_branch_day_of_week_operator.py
[2026-07-21T18:41:16.779+0000] {processor.py:830} INFO - Processing file /home/airflow/.local/lib/python3.10/site-packages/airflow/example_dags/example_branch_day_of_week_operator.py for tasks to queue
[2026-07-21T18:41:16.781+0000] {logging_mixin.py:188} INFO - [2026-07-21T18:41:16.781+0000] {dagbag.py:538} INFO - Filling up the DagBag from /home/airflow/.local/lib/python3.10/site-packages/airflow/example_dags/example_branch_day_of_week_operator.py
[2026-07-21T18:41:16.788+0000] {processor.py:840} INFO - DAG(s) 'example_weekday_branch_operator' retrieved from /home/airflow/.local/lib/python3.10/site-packages/airflow/example_dags/example_branch_day_of_week_operator.py
[2026-07-21T18:41:16.808+0000] {logging_mixin.py:188} INFO - [2026-07-21T18:41:16.808+0000] {dag.py:3036} INFO - Sync 1 DAGs
[2026-07-21T18:41:16.826+0000] {logging_mixin.py:188} INFO - [2026-07-21T18:41:16.826+0000] {dag.py:3823} INFO - Setting next_dagrun for example_weekday_branch_operator to 2026-07-20 00:00:00+00:00, run_after=2026-07-21 00:00:00+00:00
[2026-07-21T18:41:16.844+0000] {processor.py:183} INFO - Processing /home/airflow/.local/lib/python3.10/site-packages/airflow/example_dags/example_branch_day_of_week_operator.py took 0.069 seconds
[2026-07-21T18:41:47.012+0000] {processor.py:161} INFO - Started process (PID=902) to work on /home/airflow/.local/lib/python3.10/site-packages/airflow/example_dags/example_branch_day_of_week_operator.py
[2026-07-21T18:41:47.014+0000] {processor.py:830} INFO - Processing file /home/airflow/.local/lib/python3.10/site-packages/airflow/example_dags/example_branch_day_of_week_operator.py for tasks to queue
[2026-07-21T18:41:47.016+0000] {logging_mixin.py:188} INFO - [2026-07-21T18:41:47.016+0000] {dagbag.py:538} INFO - Filling up the DagBag from /home/airflow/.local/lib/python3.10/site-packages/airflow/example_dags/example_branch_day_of_week_operator.py
[2026-07-21T18:41:47.024+0000] {processor.py:840} INFO - DAG(s) 'example_weekday_branch_operator' retrieved from /home/airflow/.local/lib/python3.10/site-packages/airflow/example_dags/example_branch_day_of_week_operator.py
[2026-07-21T18:41:47.047+0000] {logging_mixin.py:188} INFO - [2026-07-21T18:41:47.047+0000] {dag.py:3036} INFO - Sync 1 DAGs
[2026-07-21T18:41:47.070+0000] {logging_mixin.py:188} INFO - [2026-07-21T18:41:47.070+0000] {dag.py:3823} INFO - Setting next_dagrun for example_weekday_branch_operator to 2026-07-20 00:00:00+00:00, run_after=2026-07-21 00:00:00+00:00
[2026-07-21T18:41:47.090+0000] {processor.py:183} INFO - Processing /home/airflow/.local/lib/python3.10/site-packages/airflow/example_dags/example_branch_day_of_week_operator.py took 0.083 seconds
[2026-07-21T18:42:17.276+0000] {processor.py:161} INFO - Started process (PID=958) to work on /home/airflow/.local/lib/python3.10/site-packages/airflow/example_dags/example_branch_day_of_week_operator.py
[2026-07-21T18:42:17.277+0000] {processor.py:830} INFO - Processing file /home/airflow/.local/lib/python3.10/site-packages/airflow/example_dags/example_branch_day_of_week_operator.py for tasks to queue
[2026-07-21T18:42:17.279+0000] {logging_mixin.py:188} INFO - [2026-07-21T18:42:17.278+0000] {dagbag.py:538} INFO - Filling up the DagBag from /home/airflow/.local/lib/python3.10/site-packages/airflow/example_dags/example_branch_day_of_week_operator.py
[2026-07-21T18:42:17.287+0000] {processor.py:840} INFO - DAG(s) 'example_weekday_branch_operator' retrieved from /home/airflow/.local/lib/python3.10/site-packages/airflow/example_dags/example_branch_day_of_week_operator.py
[2026-07-21T18:42:17.308+0000] {logging_mixin.py:188} INFO - [2026-07-21T18:42:17.307+0000] {dag.py:3036} INFO - Sync 1 DAGs
[2026-07-21T18:42:17.327+0000] {logging_mixin.py:188} INFO - [2026-07-21T18:42:17.327+0000] {dag.py:3823} INFO - Setting next_dagrun for example_weekday_branch_operator to 2026-07-20 00:00:00+00:00, run_after=2026-07-21 00:00:00+00:00
[2026-07-21T18:42:17.344+0000] {processor.py:183} INFO - Processing /home/airflow/.local/lib/python3.10/site-packages/airflow/example_dags/example_branch_day_of_week_operator.py took 0.072 seconds
[2026-07-21T18:42:47.558+0000] {processor.py:161} INFO - Started process (PID=1015) to work on /home/airflow/.local/lib/python3.10/site-packages/airflow/example_dags/example_branch_day_of_week_operator.py
[2026-07-21T18:42:47.559+0000] {processor.py:830} INFO - Processing file /home/airflow/.local/lib/python3.10/site-packages/airflow/example_dags/example_branch_day_of_week_operator.py for tasks to queue
[2026-07-21T18:42:47.561+0000] {logging_mixin.py:188} INFO - [2026-07-21T18:42:47.561+0000] {dagbag.py:538} INFO - Filling up the DagBag from /home/airflow/.local/lib/python3.10/site-packages/airflow/example_dags/example_branch_day_of_week_operator.py
[2026-07-21T18:42:47.569+0000] {processor.py:840} INFO - DAG(s) 'example_weekday_branch_operator' retrieved from /home/airflow/.local/lib/python3.10/site-packages/airflow/example_dags/example_branch_day_of_week_operator.py
[2026-07-21T18:42:47.588+0000] {logging_mixin.py:188} INFO - [2026-07-21T18:42:47.588+0000] {dag.py:3036} INFO - Sync 1 DAGs
[2026-07-21T18:42:47.607+0000] {logging_mixin.py:188} INFO - [2026-07-21T18:42:47.606+0000] {dag.py:3823} INFO - Setting next_dagrun for example_weekday_branch_operator to 2026-07-20 00:00:00+00:00, run_after=2026-07-21 00:00:00+00:00
[2026-07-21T18:42:47.625+0000] {processor.py:183} INFO - Processing /home/airflow/.local/lib/python3.10/site-packages/airflow/example_dags/example_branch_day_of_week_operator.py took 0.071 seconds
[2026-07-21T18:43:18.028+0000] {processor.py:161} INFO - Started process (PID=1071) to work on /home/airflow/.local/lib/python3.10/site-packages/airflow/example_dags/example_branch_day_of_week_operator.py
[2026-07-21T18:43:18.030+0000] {processor.py:830} INFO - Processing file /home/airflow/.local/lib/python3.10/site-packages/airflow/example_dags/example_branch_day_of_week_operator.py for tasks to queue
[2026-07-21T18:43:18.032+0000] {logging_mixin.py:188} INFO - [2026-07-21T18:43:18.032+0000] {dagbag.py:538} INFO - Filling up the DagBag from /home/airflow/.local/lib/python3.10/site-packages/airflow/example_dags/example_branch_day_of_week_operator.py
[2026-07-21T18:43:18.040+0000] {processor.py:840} INFO - DAG(s) 'example_weekday_branch_operator' retrieved from /home/airflow/.local/lib/python3.10/site-packages/airflow/example_dags/example_branch_day_of_week_operator.py
[2026-07-21T18:43:18.061+0000] {logging_mixin.py:188} INFO - [2026-07-21T18:43:18.061+0000] {dag.py:3036} INFO - Sync 1 DAGs
[2026-07-21T18:43:18.081+0000] {logging_mixin.py:188} INFO - [2026-07-21T18:43:18.081+0000] {dag.py:3823} INFO - Setting next_dagrun for example_weekday_branch_operator to 2026-07-20 00:00:00+00:00, run_after=2026-07-21 00:00:00+00:00
[2026-07-21T18:43:18.102+0000] {processor.py:183} INFO - Processing /home/airflow/.local/lib/python3.10/site-packages/airflow/example_dags/example_branch_day_of_week_operator.py took 0.077 seconds
[2026-07-21T18:43:48.451+0000] {processor.py:161} INFO - Started process (PID=1127) to work on /home/airflow/.local/lib/python3.10/site-packages/airflow/example_dags/example_branch_day_of_week_operator.py
[2026-07-21T18:43:48.453+0000] {processor.py:830} INFO - Processing file /home/airflow/.local/lib/python3.10/site-packages/airflow/example_dags/example_branch_day_of_week_operator.py for tasks to queue
[2026-07-21T18:43:48.456+0000] {logging_mixin.py:188} INFO - [2026-07-21T18:43:48.455+0000] {dagbag.py:538} INFO - Filling up the DagBag from /home/airflow/.local/lib/python3.10/site-packages/airflow/example_dags/example_branch_day_of_week_operator.py
[2026-07-21T18:43:48.463+0000] {processor.py:840} INFO - DAG(s) 'example_weekday_branch_operator' retrieved from /home/airflow/.local/lib/python3.10/site-packages/airflow/example_dags/example_branch_day_of_week_operator.py
[2026-07-21T18:43:48.484+0000] {logging_mixin.py:188} INFO - [2026-07-21T18:43:48.484+0000] {dag.py:3036} INFO - Sync 1 DAGs
[2026-07-21T18:43:48.503+0000] {logging_mixin.py:188} INFO - [2026-07-21T18:43:48.503+0000] {dag.py:3823} INFO - Setting next_dagrun for example_weekday_branch_operator to 2026-07-20 00:00:00+00:00, run_after=2026-07-21 00:00:00+00:00
[2026-07-21T18:43:48.520+0000] {processor.py:183} INFO - Processing /home/airflow/.local/lib/python3.10/site-packages/airflow/example_dags/example_branch_day_of_week_operator.py took 0.072 seconds
[2026-07-21T18:44:18.841+0000] {processor.py:161} INFO - Started process (PID=1183) to work on /home/airflow/.local/lib/python3.10/site-packages/airflow/example_dags/example_branch_day_of_week_operator.py
[2026-07-21T18:44:18.842+0000] {processor.py:830} INFO - Processing file /home/airflow/.local/lib/python3.10/site-packages/airflow/example_dags/example_branch_day_of_week_operator.py for tasks to queue
[2026-07-21T18:44:18.844+0000] {logging_mixin.py:188} INFO - [2026-07-21T18:44:18.843+0000] {dagbag.py:538} INFO - Filling up the DagBag from /home/airflow/.local/lib/python3.10/site-packages/airflow/example_dags/example_branch_day_of_week_operator.py
[2026-07-21T18:44:18.852+0000] {processor.py:840} INFO - DAG(s) 'example_weekday_branch_operator' retrieved from /home/airflow/.local/lib/python3.10/site-packages/airflow/example_dags/example_branch_day_of_week_operator.py
[2026-07-21T18:44:18.871+0000] {logging_mixin.py:188} INFO - [2026-07-21T18:44:18.871+0000] {dag.py:3036} INFO - Sync 1 DAGs
[2026-07-21T18:44:18.890+0000] {logging_mixin.py:188} INFO - [2026-07-21T18:44:18.890+0000] {dag.py:3823} INFO - Setting next_dagrun for example_weekday_branch_operator to 2026-07-20 00:00:00+00:00, run_after=2026-07-21 00:00:00+00:00
[2026-07-21T18:44:18.909+0000] {processor.py:183} INFO - Processing /home/airflow/.local/lib/python3.10/site-packages/airflow/example_dags/example_branch_day_of_week_operator.py took 0.072 seconds
[2026-07-21T18:44:49.164+0000] {processor.py:161} INFO - Started process (PID=1239) to work on /home/airflow/.local/lib/python3.10/site-packages/airflow/example_dags/example_branch_day_of_week_operator.py
[2026-07-21T18:44:49.165+0000] {processor.py:830} INFO - Processing file /home/airflow/.local/lib/python3.10/site-packages/airflow/example_dags/example_branch_day_of_week_operator.py for tasks to queue
[2026-07-21T18:44:49.167+0000] {logging_mixin.py:188} INFO - [2026-07-21T18:44:49.166+0000] {dagbag.py:538} INFO - Filling up the DagBag from /home/airflow/.local/lib/python3.10/site-packages/airflow/example_dags/example_branch_day_of_week_operator.py
[2026-07-21T18:44:49.175+0000] {processor.py:840} INFO - DAG(s) 'example_weekday_branch_operator' retrieved from /home/airflow/.local/lib/python3.10/site-packages/airflow/example_dags/example_branch_day_of_week_operator.py
[2026-07-21T18:44:49.196+0000] {logging_mixin.py:188} INFO - [2026-07-21T18:44:49.196+0000] {dag.py:3036} INFO - Sync 1 DAGs
[2026-07-21T18:44:49.215+0000] {logging_mixin.py:188} INFO - [2026-07-21T18:44:49.215+0000] {dag.py:3823} INFO - Setting next_dagrun for example_weekday_branch_operator to 2026-07-20 00:00:00+00:00, run_after=2026-07-21 00:00:00+00:00
[2026-07-21T18:44:49.232+0000] {processor.py:183} INFO - Processing /home/airflow/.local/lib/python3.10/site-packages/airflow/example_dags/example_branch_day_of_week_operator.py took 0.072 seconds
[2026-07-21T18:45:19.452+0000] {processor.py:161} INFO - Started process (PID=1295) to work on /home/airflow/.local/lib/python3.10/site-packages/airflow/example_dags/example_branch_day_of_week_operator.py
[2026-07-21T18:45:19.453+0000] {processor.py:830} INFO - Processing file /home/airflow/.local/lib/python3.10/site-packages/airflow/example_dags/example_branch_day_of_week_operator.py for tasks to queue
[2026-07-21T18:45:19.455+0000] {logging_mixin.py:188} INFO - [2026-07-21T18:45:19.454+0000] {dagbag.py:538} INFO - Filling up the DagBag from /home/airflow/.local/lib/python3.10/site-packages/airflow/example_dags/example_branch_day_of_week_operator.py
[2026-07-21T18:45:19.462+0000] {processor.py:840} INFO - DAG(s) 'example_weekday_branch_operator' retrieved from /home/airflow/.local/lib/python3.10/site-packages/airflow/example_dags/example_branch_day_of_week_operator.py
[2026-07-21T18:45:19.482+0000] {logging_mixin.py:188} INFO - [2026-07-21T18:45:19.482+0000] {dag.py:3036} INFO - Sync 1 DAGs
[2026-07-21T18:45:19.501+0000] {logging_mixin.py:188} INFO - [2026-07-21T18:45:19.501+0000] {dag.py:3823} INFO - Setting next_dagrun for example_weekday_branch_operator to 2026-07-20 00:00:00+00:00, run_after=2026-07-21 00:00:00+00:00
[2026-07-21T18:45:19.518+0000] {processor.py:183} INFO - Processing /home/airflow/.local/lib/python3.10/site-packages/airflow/example_dags/example_branch_day_of_week_operator.py took 0.070 seconds
[2026-07-21T18:45:49.968+0000] {processor.py:161} INFO - Started process (PID=1351) to work on /home/airflow/.local/lib/python3.10/site-packages/airflow/example_dags/example_branch_day_of_week_operator.py
[2026-07-21T18:45:49.969+0000] {processor.py:830} INFO - Processing file /home/airflow/.local/lib/python3.10/site-packages/airflow/example_dags/example_branch_day_of_week_operator.py for tasks to queue
[2026-07-21T18:45:49.971+0000] {logging_mixin.py:188} INFO - [2026-07-21T18:45:49.971+0000] {dagbag.py:538} INFO - Filling up the DagBag from /home/airflow/.local/lib/python3.10/site-packages/airflow/example_dags/example_branch_day_of_week_operator.py
[2026-07-21T18:45:49.979+0000] {processor.py:840} INFO - DAG(s) 'example_weekday_branch_operator' retrieved from /home/airflow/.local/lib/python3.10/site-packages/airflow/example_dags/example_branch_day_of_week_operator.py
[2026-07-21T18:45:50.001+0000] {logging_mixin.py:188} INFO - [2026-07-21T18:45:50.000+0000] {dag.py:3036} INFO - Sync 1 DAGs
[2026-07-21T18:45:50.020+0000] {logging_mixin.py:188} INFO - [2026-07-21T18:45:50.020+0000] {dag.py:3823} INFO - Setting next_dagrun for example_weekday_branch_operator to 2026-07-20 00:00:00+00:00, run_after=2026-07-21 00:00:00+00:00
[2026-07-21T18:45:50.038+0000] {processor.py:183} INFO - Processing /home/airflow/.local/lib/python3.10/site-packages/airflow/example_dags/example_branch_day_of_week_operator.py took 0.074 seconds
[2026-07-21T18:46:20.274+0000] {processor.py:161} INFO - Started process (PID=1407) to work on /home/airflow/.local/lib/python3.10/site-packages/airflow/example_dags/example_branch_day_of_week_operator.py
[2026-07-21T18:46:20.275+0000] {processor.py:830} INFO - Processing file /home/airflow/.local/lib/python3.10/site-packages/airflow/example_dags/example_branch_day_of_week_operator.py for tasks to queue
[2026-07-21T18:46:20.278+0000] {logging_mixin.py:188} INFO - [2026-07-21T18:46:20.277+0000] {dagbag.py:538} INFO - Filling up the DagBag from /home/airflow/.local/lib/python3.10/site-packages/airflow/example_dags/example_branch_day_of_week_operator.py
[2026-07-21T18:46:20.286+0000] {processor.py:840} INFO - DAG(s) 'example_weekday_branch_operator' retrieved from /home/airflow/.local/lib/python3.10/site-packages/airflow/example_dags/example_branch_day_of_week_operator.py
[2026-07-21T18:46:20.307+0000] {logging_mixin.py:188} INFO - [2026-07-21T18:46:20.307+0000] {dag.py:3036} INFO - Sync 1 DAGs
[2026-07-21T18:46:20.327+0000] {logging_mixin.py:188} INFO - [2026-07-21T18:46:20.326+0000] {dag.py:3823} INFO - Setting next_dagrun for example_weekday_branch_operator to 2026-07-20 00:00:00+00:00, run_after=2026-07-21 00:00:00+00:00
[2026-07-21T18:46:20.345+0000] {processor.py:183} INFO - Processing /home/airflow/.local/lib/python3.10/site-packages/airflow/example_dags/example_branch_day_of_week_operator.py took 0.075 seconds
[2026-07-21T18:46:50.433+0000] {processor.py:161} INFO - Started process (PID=1463) to work on /home/airflow/.local/lib/python3.10/site-packages/airflow/example_dags/example_branch_day_of_week_operator.py
[2026-07-21T18:46:50.434+0000] {processor.py:830} INFO - Processing file /home/airflow/.local/lib/python3.10/site-packages/airflow/example_dags/example_branch_day_of_week_operator.py for tasks to queue
[2026-07-21T18:46:50.436+0000] {logging_mixin.py:188} INFO - [2026-07-21T18:46:50.436+0000] {dagbag.py:538} INFO - Filling up the DagBag from /home/airflow/.local/lib/python3.10/site-packages/airflow/example_dags/example_branch_day_of_week_operator.py
[2026-07-21T18:46:50.444+0000] {processor.py:840} INFO - DAG(s) 'example_weekday_branch_operator' retrieved from /home/airflow/.local/lib/python3.10/site-packages/airflow/example_dags/example_branch_day_of_week_operator.py
[2026-07-21T18:46:50.465+0000] {logging_mixin.py:188} INFO - [2026-07-21T18:46:50.465+0000] {dag.py:3036} INFO - Sync 1 DAGs
[2026-07-21T18:46:50.484+0000] {logging_mixin.py:188} INFO - [2026-07-21T18:46:50.484+0000] {dag.py:3823} INFO - Setting next_dagrun for example_weekday_branch_operator to 2026-07-20 00:00:00+00:00, run_after=2026-07-21 00:00:00+00:00
[2026-07-21T18:46:50.507+0000] {processor.py:183} INFO - Processing /home/airflow/.local/lib/python3.10/site-packages/airflow/example_dags/example_branch_day_of_week_operator.py took 0.077 seconds
[2026-07-21T18:47:20.728+0000] {processor.py:161} INFO - Started process (PID=1519) to work on /home/airflow/.local/lib/python3.10/site-packages/airflow/example_dags/example_branch_day_of_week_operator.py
[2026-07-21T18:47:20.729+0000] {processor.py:830} INFO - Processing file /home/airflow/.local/lib/python3.10/site-packages/airflow/example_dags/example_branch_day_of_week_operator.py for tasks to queue
[2026-07-21T18:47:20.732+0000] {logging_mixin.py:188} INFO - [2026-07-21T18:47:20.731+0000] {dagbag.py:538} INFO - Filling up the DagBag from /home/airflow/.local/lib/python3.10/site-packages/airflow/example_dags/example_branch_day_of_week_operator.py
[2026-07-21T18:47:20.739+0000] {processor.py:840} INFO - DAG(s) 'example_weekday_branch_operator' retrieved from /home/airflow/.local/lib/python3.10/site-packages/airflow/example_dags/example_branch_day_of_week_operator.py
[2026-07-21T18:47:20.760+0000] {logging_mixin.py:188} INFO - [2026-07-21T18:47:20.760+0000] {dag.py:3036} INFO - Sync 1 DAGs
[2026-07-21T18:47:20.778+0000] {logging_mixin.py:188} INFO - [2026-07-21T18:47:20.778+0000] {dag.py:3823} INFO - Setting next_dagrun for example_weekday_branch_operator to 2026-07-20 00:00:00+00:00, run_after=2026-07-21 00:00:00+00:00
[2026-07-21T18:47:20.795+0000] {processor.py:183} INFO - Processing /home/airflow/.local/lib/python3.10/site-packages/airflow/example_dags/example_branch_day_of_week_operator.py took 0.071 seconds
[2026-07-21T18:47:51.540+0000] {processor.py:161} INFO - Started process (PID=1575) to work on /home/airflow/.local/lib/python3.10/site-packages/airflow/example_dags/example_branch_day_of_week_operator.py
[2026-07-21T18:47:51.542+0000] {processor.py:830} INFO - Processing file /home/airflow/.local/lib/python3.10/site-packages/airflow/example_dags/example_branch_day_of_week_operator.py for tasks to queue
[2026-07-21T18:47:51.544+0000] {logging_mixin.py:188} INFO - [2026-07-21T18:47:51.544+0000] {dagbag.py:538} INFO - Filling up the DagBag from /home/airflow/.local/lib/python3.10/site-packages/airflow/example_dags/example_branch_day_of_week_operator.py
[2026-07-21T18:47:51.552+0000] {processor.py:840} INFO - DAG(s) 'example_weekday_branch_operator' retrieved from /home/airflow/.local/lib/python3.10/site-packages/airflow/example_dags/example_branch_day_of_week_operator.py
[2026-07-21T18:47:51.574+0000] {logging_mixin.py:188} INFO - [2026-07-21T18:47:51.574+0000] {dag.py:3036} INFO - Sync 1 DAGs
[2026-07-21T18:47:51.595+0000] {logging_mixin.py:188} INFO - [2026-07-21T18:47:51.595+0000] {dag.py:3823} INFO - Setting next_dagrun for example_weekday_branch_operator to 2026-07-20 00:00:00+00:00, run_after=2026-07-21 00:00:00+00:00
[2026-07-21T18:47:51.615+0000] {processor.py:183} INFO - Processing /home/airflow/.local/lib/python3.10/site-packages/airflow/example_dags/example_branch_day_of_week_operator.py took 0.079 seconds
[2026-07-21T18:48:21.693+0000] {processor.py:161} INFO - Started process (PID=1629) to work on /home/airflow/.local/lib/python3.10/site-packages/airflow/example_dags/example_branch_day_of_week_operator.py
[2026-07-21T18:48:21.695+0000] {processor.py:830} INFO - Processing file /home/airflow/.local/lib/python3.10/site-packages/airflow/example_dags/example_branch_day_of_week_operator.py for tasks to queue
[2026-07-21T18:48:21.698+0000] {logging_mixin.py:188} INFO - [2026-07-21T18:48:21.698+0000] {dagbag.py:538} INFO - Filling up the DagBag from /home/airflow/.local/lib/python3.10/site-packages/airflow/example_dags/example_branch_day_of_week_operator.py
[2026-07-21T18:48:21.707+0000] {processor.py:840} INFO - DAG(s) 'example_weekday_branch_operator' retrieved from /home/airflow/.local/lib/python3.10/site-packages/airflow/example_dags/example_branch_day_of_week_operator.py
[2026-07-21T18:48:21.734+0000] {logging_mixin.py:188} INFO - [2026-07-21T18:48:21.733+0000] {dag.py:3036} INFO - Sync 1 DAGs
[2026-07-21T18:48:21.753+0000] {logging_mixin.py:188} INFO - [2026-07-21T18:48:21.753+0000] {dag.py:3823} INFO - Setting next_dagrun for example_weekday_branch_operator to 2026-07-20 00:00:00+00:00, run_after=2026-07-21 00:00:00+00:00
[2026-07-21T18:48:21.772+0000] {processor.py:183} INFO - Processing /home/airflow/.local/lib/python3.10/site-packages/airflow/example_dags/example_branch_day_of_week_operator.py took 0.084 seconds
