[2026-07-21T17:56:24.834+0000] {processor.py:161} INFO - Started process (PID=74) to work on /home/airflow/.local/lib/python3.8/site-packages/airflow/example_dags/example_python_operator.py
[2026-07-21T17:56:24.836+0000] {processor.py:830} INFO - Processing file /home/airflow/.local/lib/python3.8/site-packages/airflow/example_dags/example_python_operator.py for tasks to queue
[2026-07-21T17:56:24.840+0000] {logging_mixin.py:188} INFO - [2026-07-21T17:56:24.840+0000] {dagbag.py:538} INFO - Filling up the DagBag from /home/airflow/.local/lib/python3.8/site-packages/airflow/example_dags/example_python_operator.py
[2026-07-21T17:56:24.878+0000] {processor.py:840} INFO - DAG(s) 'example_python_operator' retrieved from /home/airflow/.local/lib/python3.8/site-packages/airflow/example_dags/example_python_operator.py
[2026-07-21T17:56:24.902+0000] {logging_mixin.py:188} INFO - [2026-07-21T17:56:24.901+0000] {dag.py:3036} INFO - Sync 1 DAGs
[2026-07-21T17:56:24.931+0000] {logging_mixin.py:188} INFO - [2026-07-21T17:56:24.931+0000] {dag.py:3823} INFO - Setting next_dagrun for example_python_operator to None, run_after=None
[2026-07-21T17:56:24.983+0000] {processor.py:183} INFO - Processing /home/airflow/.local/lib/python3.8/site-packages/airflow/example_dags/example_python_operator.py took 0.159 seconds
[2026-07-21T17:56:55.203+0000] {processor.py:161} INFO - Started process (PID=130) to work on /home/airflow/.local/lib/python3.8/site-packages/airflow/example_dags/example_python_operator.py
[2026-07-21T17:56:55.204+0000] {processor.py:830} INFO - Processing file /home/airflow/.local/lib/python3.8/site-packages/airflow/example_dags/example_python_operator.py for tasks to queue
[2026-07-21T17:56:55.206+0000] {logging_mixin.py:188} INFO - [2026-07-21T17:56:55.206+0000] {dagbag.py:538} INFO - Filling up the DagBag from /home/airflow/.local/lib/python3.8/site-packages/airflow/example_dags/example_python_operator.py
[2026-07-21T17:56:55.216+0000] {processor.py:840} INFO - DAG(s) 'example_python_operator' retrieved from /home/airflow/.local/lib/python3.8/site-packages/airflow/example_dags/example_python_operator.py
[2026-07-21T17:56:55.312+0000] {logging_mixin.py:188} INFO - [2026-07-21T17:56:55.312+0000] {dag.py:3036} INFO - Sync 1 DAGs
[2026-07-21T17:56:55.323+0000] {logging_mixin.py:188} INFO - [2026-07-21T17:56:55.323+0000] {dag.py:3823} INFO - Setting next_dagrun for example_python_operator to None, run_after=None
[2026-07-21T17:56:55.342+0000] {processor.py:183} INFO - Processing /home/airflow/.local/lib/python3.8/site-packages/airflow/example_dags/example_python_operator.py took 0.143 seconds
[2026-07-21T17:57:25.487+0000] {processor.py:161} INFO - Started process (PID=186) to work on /home/airflow/.local/lib/python3.8/site-packages/airflow/example_dags/example_python_operator.py
[2026-07-21T17:57:25.488+0000] {processor.py:830} INFO - Processing file /home/airflow/.local/lib/python3.8/site-packages/airflow/example_dags/example_python_operator.py for tasks to queue
[2026-07-21T17:57:25.491+0000] {logging_mixin.py:188} INFO - [2026-07-21T17:57:25.490+0000] {dagbag.py:538} INFO - Filling up the DagBag from /home/airflow/.local/lib/python3.8/site-packages/airflow/example_dags/example_python_operator.py
[2026-07-21T17:57:25.502+0000] {processor.py:840} INFO - DAG(s) 'example_python_operator' retrieved from /home/airflow/.local/lib/python3.8/site-packages/airflow/example_dags/example_python_operator.py
[2026-07-21T17:57:25.526+0000] {logging_mixin.py:188} INFO - [2026-07-21T17:57:25.526+0000] {dag.py:3036} INFO - Sync 1 DAGs
[2026-07-21T17:57:25.538+0000] {logging_mixin.py:188} INFO - [2026-07-21T17:57:25.538+0000] {dag.py:3823} INFO - Setting next_dagrun for example_python_operator to None, run_after=None
[2026-07-21T17:57:25.557+0000] {processor.py:183} INFO - Processing /home/airflow/.local/lib/python3.8/site-packages/airflow/example_dags/example_python_operator.py took 0.074 seconds
[2026-07-21T17:57:55.718+0000] {processor.py:161} INFO - Started process (PID=242) to work on /home/airflow/.local/lib/python3.8/site-packages/airflow/example_dags/example_python_operator.py
[2026-07-21T17:57:55.719+0000] {processor.py:830} INFO - Processing file /home/airflow/.local/lib/python3.8/site-packages/airflow/example_dags/example_python_operator.py for tasks to queue
[2026-07-21T17:57:55.721+0000] {logging_mixin.py:188} INFO - [2026-07-21T17:57:55.721+0000] {dagbag.py:538} INFO - Filling up the DagBag from /home/airflow/.local/lib/python3.8/site-packages/airflow/example_dags/example_python_operator.py
[2026-07-21T17:57:55.732+0000] {processor.py:840} INFO - DAG(s) 'example_python_operator' retrieved from /home/airflow/.local/lib/python3.8/site-packages/airflow/example_dags/example_python_operator.py
[2026-07-21T17:57:55.755+0000] {logging_mixin.py:188} INFO - [2026-07-21T17:57:55.755+0000] {dag.py:3036} INFO - Sync 1 DAGs
[2026-07-21T17:57:55.766+0000] {logging_mixin.py:188} INFO - [2026-07-21T17:57:55.766+0000] {dag.py:3823} INFO - Setting next_dagrun for example_python_operator to None, run_after=None
[2026-07-21T17:57:55.785+0000] {processor.py:183} INFO - Processing /home/airflow/.local/lib/python3.8/site-packages/airflow/example_dags/example_python_operator.py took 0.071 seconds
[2026-07-21T17:58:26.022+0000] {processor.py:161} INFO - Started process (PID=298) to work on /home/airflow/.local/lib/python3.8/site-packages/airflow/example_dags/example_python_operator.py
[2026-07-21T17:58:26.023+0000] {processor.py:830} INFO - Processing file /home/airflow/.local/lib/python3.8/site-packages/airflow/example_dags/example_python_operator.py for tasks to queue
[2026-07-21T17:58:26.025+0000] {logging_mixin.py:188} INFO - [2026-07-21T17:58:26.025+0000] {dagbag.py:538} INFO - Filling up the DagBag from /home/airflow/.local/lib/python3.8/site-packages/airflow/example_dags/example_python_operator.py
[2026-07-21T17:58:26.035+0000] {processor.py:840} INFO - DAG(s) 'example_python_operator' retrieved from /home/airflow/.local/lib/python3.8/site-packages/airflow/example_dags/example_python_operator.py
[2026-07-21T17:58:26.056+0000] {logging_mixin.py:188} INFO - [2026-07-21T17:58:26.056+0000] {dag.py:3036} INFO - Sync 1 DAGs
[2026-07-21T17:58:26.068+0000] {logging_mixin.py:188} INFO - [2026-07-21T17:58:26.068+0000] {dag.py:3823} INFO - Setting next_dagrun for example_python_operator to None, run_after=None
[2026-07-21T17:58:26.087+0000] {processor.py:183} INFO - Processing /home/airflow/.local/lib/python3.8/site-packages/airflow/example_dags/example_python_operator.py took 0.069 seconds
[2026-07-21T17:58:56.373+0000] {processor.py:161} INFO - Started process (PID=354) to work on /home/airflow/.local/lib/python3.8/site-packages/airflow/example_dags/example_python_operator.py
[2026-07-21T17:58:56.374+0000] {processor.py:830} INFO - Processing file /home/airflow/.local/lib/python3.8/site-packages/airflow/example_dags/example_python_operator.py for tasks to queue
[2026-07-21T17:58:56.376+0000] {logging_mixin.py:188} INFO - [2026-07-21T17:58:56.376+0000] {dagbag.py:538} INFO - Filling up the DagBag from /home/airflow/.local/lib/python3.8/site-packages/airflow/example_dags/example_python_operator.py
[2026-07-21T17:58:56.387+0000] {processor.py:840} INFO - DAG(s) 'example_python_operator' retrieved from /home/airflow/.local/lib/python3.8/site-packages/airflow/example_dags/example_python_operator.py
[2026-07-21T17:58:56.410+0000] {logging_mixin.py:188} INFO - [2026-07-21T17:58:56.410+0000] {dag.py:3036} INFO - Sync 1 DAGs
[2026-07-21T17:58:56.421+0000] {logging_mixin.py:188} INFO - [2026-07-21T17:58:56.421+0000] {dag.py:3823} INFO - Setting next_dagrun for example_python_operator to None, run_after=None
[2026-07-21T17:58:56.440+0000] {processor.py:183} INFO - Processing /home/airflow/.local/lib/python3.8/site-packages/airflow/example_dags/example_python_operator.py took 0.071 seconds
[2026-07-21T17:59:26.660+0000] {processor.py:161} INFO - Started process (PID=410) to work on /home/airflow/.local/lib/python3.8/site-packages/airflow/example_dags/example_python_operator.py
[2026-07-21T17:59:26.661+0000] {processor.py:830} INFO - Processing file /home/airflow/.local/lib/python3.8/site-packages/airflow/example_dags/example_python_operator.py for tasks to queue
[2026-07-21T17:59:26.664+0000] {logging_mixin.py:188} INFO - [2026-07-21T17:59:26.663+0000] {dagbag.py:538} INFO - Filling up the DagBag from /home/airflow/.local/lib/python3.8/site-packages/airflow/example_dags/example_python_operator.py
[2026-07-21T17:59:26.674+0000] {processor.py:840} INFO - DAG(s) 'example_python_operator' retrieved from /home/airflow/.local/lib/python3.8/site-packages/airflow/example_dags/example_python_operator.py
[2026-07-21T17:59:26.698+0000] {logging_mixin.py:188} INFO - [2026-07-21T17:59:26.698+0000] {dag.py:3036} INFO - Sync 1 DAGs
[2026-07-21T17:59:26.711+0000] {logging_mixin.py:188} INFO - [2026-07-21T17:59:26.711+0000] {dag.py:3823} INFO - Setting next_dagrun for example_python_operator to None, run_after=None
[2026-07-21T17:59:26.730+0000] {processor.py:183} INFO - Processing /home/airflow/.local/lib/python3.8/site-packages/airflow/example_dags/example_python_operator.py took 0.074 seconds
[2026-07-21T17:59:56.962+0000] {processor.py:161} INFO - Started process (PID=466) to work on /home/airflow/.local/lib/python3.8/site-packages/airflow/example_dags/example_python_operator.py
[2026-07-21T17:59:56.963+0000] {processor.py:830} INFO - Processing file /home/airflow/.local/lib/python3.8/site-packages/airflow/example_dags/example_python_operator.py for tasks to queue
[2026-07-21T17:59:56.965+0000] {logging_mixin.py:188} INFO - [2026-07-21T17:59:56.965+0000] {dagbag.py:538} INFO - Filling up the DagBag from /home/airflow/.local/lib/python3.8/site-packages/airflow/example_dags/example_python_operator.py
[2026-07-21T17:59:56.976+0000] {processor.py:840} INFO - DAG(s) 'example_python_operator' retrieved from /home/airflow/.local/lib/python3.8/site-packages/airflow/example_dags/example_python_operator.py
[2026-07-21T17:59:56.998+0000] {logging_mixin.py:188} INFO - [2026-07-21T17:59:56.998+0000] {dag.py:3036} INFO - Sync 1 DAGs
[2026-07-21T17:59:57.010+0000] {logging_mixin.py:188} INFO - [2026-07-21T17:59:57.009+0000] {dag.py:3823} INFO - Setting next_dagrun for example_python_operator to None, run_after=None
[2026-07-21T17:59:57.029+0000] {processor.py:183} INFO - Processing /home/airflow/.local/lib/python3.8/site-packages/airflow/example_dags/example_python_operator.py took 0.071 seconds
[2026-07-21T18:00:27.333+0000] {processor.py:161} INFO - Started process (PID=522) to work on /home/airflow/.local/lib/python3.8/site-packages/airflow/example_dags/example_python_operator.py
[2026-07-21T18:00:27.334+0000] {processor.py:830} INFO - Processing file /home/airflow/.local/lib/python3.8/site-packages/airflow/example_dags/example_python_operator.py for tasks to queue
[2026-07-21T18:00:27.336+0000] {logging_mixin.py:188} INFO - [2026-07-21T18:00:27.336+0000] {dagbag.py:538} INFO - Filling up the DagBag from /home/airflow/.local/lib/python3.8/site-packages/airflow/example_dags/example_python_operator.py
[2026-07-21T18:00:27.348+0000] {processor.py:840} INFO - DAG(s) 'example_python_operator' retrieved from /home/airflow/.local/lib/python3.8/site-packages/airflow/example_dags/example_python_operator.py
[2026-07-21T18:00:27.371+0000] {logging_mixin.py:188} INFO - [2026-07-21T18:00:27.370+0000] {dag.py:3036} INFO - Sync 1 DAGs
[2026-07-21T18:00:27.382+0000] {logging_mixin.py:188} INFO - [2026-07-21T18:00:27.382+0000] {dag.py:3823} INFO - Setting next_dagrun for example_python_operator to None, run_after=None
[2026-07-21T18:00:27.402+0000] {processor.py:183} INFO - Processing /home/airflow/.local/lib/python3.8/site-packages/airflow/example_dags/example_python_operator.py took 0.073 seconds
[2026-07-21T18:00:57.635+0000] {processor.py:161} INFO - Started process (PID=579) to work on /home/airflow/.local/lib/python3.8/site-packages/airflow/example_dags/example_python_operator.py
[2026-07-21T18:00:57.636+0000] {processor.py:830} INFO - Processing file /home/airflow/.local/lib/python3.8/site-packages/airflow/example_dags/example_python_operator.py for tasks to queue
[2026-07-21T18:00:57.638+0000] {logging_mixin.py:188} INFO - [2026-07-21T18:00:57.638+0000] {dagbag.py:538} INFO - Filling up the DagBag from /home/airflow/.local/lib/python3.8/site-packages/airflow/example_dags/example_python_operator.py
[2026-07-21T18:00:57.648+0000] {processor.py:840} INFO - DAG(s) 'example_python_operator' retrieved from /home/airflow/.local/lib/python3.8/site-packages/airflow/example_dags/example_python_operator.py
[2026-07-21T18:00:57.671+0000] {logging_mixin.py:188} INFO - [2026-07-21T18:00:57.670+0000] {dag.py:3036} INFO - Sync 1 DAGs
[2026-07-21T18:00:57.683+0000] {logging_mixin.py:188} INFO - [2026-07-21T18:00:57.682+0000] {dag.py:3823} INFO - Setting next_dagrun for example_python_operator to None, run_after=None
[2026-07-21T18:00:57.701+0000] {processor.py:183} INFO - Processing /home/airflow/.local/lib/python3.8/site-packages/airflow/example_dags/example_python_operator.py took 0.070 seconds
[2026-07-21T18:01:27.850+0000] {processor.py:161} INFO - Started process (PID=635) to work on /home/airflow/.local/lib/python3.8/site-packages/airflow/example_dags/example_python_operator.py
[2026-07-21T18:01:27.851+0000] {processor.py:830} INFO - Processing file /home/airflow/.local/lib/python3.8/site-packages/airflow/example_dags/example_python_operator.py for tasks to queue
[2026-07-21T18:01:27.853+0000] {logging_mixin.py:188} INFO - [2026-07-21T18:01:27.853+0000] {dagbag.py:538} INFO - Filling up the DagBag from /home/airflow/.local/lib/python3.8/site-packages/airflow/example_dags/example_python_operator.py
[2026-07-21T18:01:27.868+0000] {processor.py:840} INFO - DAG(s) 'example_python_operator' retrieved from /home/airflow/.local/lib/python3.8/site-packages/airflow/example_dags/example_python_operator.py
[2026-07-21T18:01:27.901+0000] {logging_mixin.py:188} INFO - [2026-07-21T18:01:27.901+0000] {dag.py:3036} INFO - Sync 1 DAGs
[2026-07-21T18:01:27.917+0000] {logging_mixin.py:188} INFO - [2026-07-21T18:01:27.917+0000] {dag.py:3823} INFO - Setting next_dagrun for example_python_operator to None, run_after=None
[2026-07-21T18:01:27.936+0000] {processor.py:183} INFO - Processing /home/airflow/.local/lib/python3.8/site-packages/airflow/example_dags/example_python_operator.py took 0.091 seconds
[2026-07-21T18:01:58.057+0000] {processor.py:161} INFO - Started process (PID=691) to work on /home/airflow/.local/lib/python3.8/site-packages/airflow/example_dags/example_python_operator.py
[2026-07-21T18:01:58.058+0000] {processor.py:830} INFO - Processing file /home/airflow/.local/lib/python3.8/site-packages/airflow/example_dags/example_python_operator.py for tasks to queue
[2026-07-21T18:01:58.060+0000] {logging_mixin.py:188} INFO - [2026-07-21T18:01:58.060+0000] {dagbag.py:538} INFO - Filling up the DagBag from /home/airflow/.local/lib/python3.8/site-packages/airflow/example_dags/example_python_operator.py
[2026-07-21T18:01:58.071+0000] {processor.py:840} INFO - DAG(s) 'example_python_operator' retrieved from /home/airflow/.local/lib/python3.8/site-packages/airflow/example_dags/example_python_operator.py
[2026-07-21T18:01:58.094+0000] {logging_mixin.py:188} INFO - [2026-07-21T18:01:58.094+0000] {dag.py:3036} INFO - Sync 1 DAGs
[2026-07-21T18:01:58.106+0000] {logging_mixin.py:188} INFO - [2026-07-21T18:01:58.106+0000] {dag.py:3823} INFO - Setting next_dagrun for example_python_operator to None, run_after=None
[2026-07-21T18:01:58.124+0000] {processor.py:183} INFO - Processing /home/airflow/.local/lib/python3.8/site-packages/airflow/example_dags/example_python_operator.py took 0.070 seconds
[2026-07-21T18:02:28.535+0000] {processor.py:161} INFO - Started process (PID=747) to work on /home/airflow/.local/lib/python3.8/site-packages/airflow/example_dags/example_python_operator.py
[2026-07-21T18:02:28.536+0000] {processor.py:830} INFO - Processing file /home/airflow/.local/lib/python3.8/site-packages/airflow/example_dags/example_python_operator.py for tasks to queue
[2026-07-21T18:02:28.538+0000] {logging_mixin.py:188} INFO - [2026-07-21T18:02:28.538+0000] {dagbag.py:538} INFO - Filling up the DagBag from /home/airflow/.local/lib/python3.8/site-packages/airflow/example_dags/example_python_operator.py
[2026-07-21T18:02:28.551+0000] {processor.py:840} INFO - DAG(s) 'example_python_operator' retrieved from /home/airflow/.local/lib/python3.8/site-packages/airflow/example_dags/example_python_operator.py
[2026-07-21T18:02:28.580+0000] {logging_mixin.py:188} INFO - [2026-07-21T18:02:28.580+0000] {dag.py:3036} INFO - Sync 1 DAGs
[2026-07-21T18:02:28.593+0000] {logging_mixin.py:188} INFO - [2026-07-21T18:02:28.593+0000] {dag.py:3823} INFO - Setting next_dagrun for example_python_operator to None, run_after=None
[2026-07-21T18:02:28.615+0000] {processor.py:183} INFO - Processing /home/airflow/.local/lib/python3.8/site-packages/airflow/example_dags/example_python_operator.py took 0.083 seconds
[2026-07-21T18:02:59.082+0000] {processor.py:161} INFO - Started process (PID=803) to work on /home/airflow/.local/lib/python3.8/site-packages/airflow/example_dags/example_python_operator.py
[2026-07-21T18:02:59.083+0000] {processor.py:830} INFO - Processing file /home/airflow/.local/lib/python3.8/site-packages/airflow/example_dags/example_python_operator.py for tasks to queue
[2026-07-21T18:02:59.085+0000] {logging_mixin.py:188} INFO - [2026-07-21T18:02:59.085+0000] {dagbag.py:538} INFO - Filling up the DagBag from /home/airflow/.local/lib/python3.8/site-packages/airflow/example_dags/example_python_operator.py
[2026-07-21T18:02:59.097+0000] {processor.py:840} INFO - DAG(s) 'example_python_operator' retrieved from /home/airflow/.local/lib/python3.8/site-packages/airflow/example_dags/example_python_operator.py
[2026-07-21T18:02:59.122+0000] {logging_mixin.py:188} INFO - [2026-07-21T18:02:59.122+0000] {dag.py:3036} INFO - Sync 1 DAGs
[2026-07-21T18:02:59.139+0000] {logging_mixin.py:188} INFO - [2026-07-21T18:02:59.139+0000] {dag.py:3823} INFO - Setting next_dagrun for example_python_operator to None, run_after=None
[2026-07-21T18:02:59.163+0000] {processor.py:183} INFO - Processing /home/airflow/.local/lib/python3.8/site-packages/airflow/example_dags/example_python_operator.py took 0.085 seconds
[2026-07-21T18:03:29.277+0000] {processor.py:161} INFO - Started process (PID=859) to work on /home/airflow/.local/lib/python3.8/site-packages/airflow/example_dags/example_python_operator.py
[2026-07-21T18:03:29.278+0000] {processor.py:830} INFO - Processing file /home/airflow/.local/lib/python3.8/site-packages/airflow/example_dags/example_python_operator.py for tasks to queue
[2026-07-21T18:03:29.280+0000] {logging_mixin.py:188} INFO - [2026-07-21T18:03:29.280+0000] {dagbag.py:538} INFO - Filling up the DagBag from /home/airflow/.local/lib/python3.8/site-packages/airflow/example_dags/example_python_operator.py
[2026-07-21T18:03:29.290+0000] {processor.py:840} INFO - DAG(s) 'example_python_operator' retrieved from /home/airflow/.local/lib/python3.8/site-packages/airflow/example_dags/example_python_operator.py
[2026-07-21T18:03:29.314+0000] {logging_mixin.py:188} INFO - [2026-07-21T18:03:29.313+0000] {dag.py:3036} INFO - Sync 1 DAGs
[2026-07-21T18:03:29.326+0000] {logging_mixin.py:188} INFO - [2026-07-21T18:03:29.326+0000] {dag.py:3823} INFO - Setting next_dagrun for example_python_operator to None, run_after=None
[2026-07-21T18:03:29.347+0000] {processor.py:183} INFO - Processing /home/airflow/.local/lib/python3.8/site-packages/airflow/example_dags/example_python_operator.py took 0.075 seconds
[2026-07-21T18:03:59.646+0000] {processor.py:161} INFO - Started process (PID=915) to work on /home/airflow/.local/lib/python3.8/site-packages/airflow/example_dags/example_python_operator.py
[2026-07-21T18:03:59.648+0000] {processor.py:830} INFO - Processing file /home/airflow/.local/lib/python3.8/site-packages/airflow/example_dags/example_python_operator.py for tasks to queue
[2026-07-21T18:03:59.650+0000] {logging_mixin.py:188} INFO - [2026-07-21T18:03:59.649+0000] {dagbag.py:538} INFO - Filling up the DagBag from /home/airflow/.local/lib/python3.8/site-packages/airflow/example_dags/example_python_operator.py
[2026-07-21T18:03:59.661+0000] {processor.py:840} INFO - DAG(s) 'example_python_operator' retrieved from /home/airflow/.local/lib/python3.8/site-packages/airflow/example_dags/example_python_operator.py
[2026-07-21T18:03:59.695+0000] {logging_mixin.py:188} INFO - [2026-07-21T18:03:59.695+0000] {dag.py:3036} INFO - Sync 1 DAGs
[2026-07-21T18:03:59.710+0000] {logging_mixin.py:188} INFO - [2026-07-21T18:03:59.710+0000] {dag.py:3823} INFO - Setting next_dagrun for example_python_operator to None, run_after=None
[2026-07-21T18:03:59.729+0000] {processor.py:183} INFO - Processing /home/airflow/.local/lib/python3.8/site-packages/airflow/example_dags/example_python_operator.py took 0.087 seconds
[2026-07-21T18:04:30.065+0000] {processor.py:161} INFO - Started process (PID=971) to work on /home/airflow/.local/lib/python3.8/site-packages/airflow/example_dags/example_python_operator.py
[2026-07-21T18:04:30.067+0000] {processor.py:830} INFO - Processing file /home/airflow/.local/lib/python3.8/site-packages/airflow/example_dags/example_python_operator.py for tasks to queue
[2026-07-21T18:04:30.069+0000] {logging_mixin.py:188} INFO - [2026-07-21T18:04:30.068+0000] {dagbag.py:538} INFO - Filling up the DagBag from /home/airflow/.local/lib/python3.8/site-packages/airflow/example_dags/example_python_operator.py
[2026-07-21T18:04:30.079+0000] {processor.py:840} INFO - DAG(s) 'example_python_operator' retrieved from /home/airflow/.local/lib/python3.8/site-packages/airflow/example_dags/example_python_operator.py
[2026-07-21T18:04:30.103+0000] {logging_mixin.py:188} INFO - [2026-07-21T18:04:30.103+0000] {dag.py:3036} INFO - Sync 1 DAGs
[2026-07-21T18:04:30.116+0000] {logging_mixin.py:188} INFO - [2026-07-21T18:04:30.116+0000] {dag.py:3823} INFO - Setting next_dagrun for example_python_operator to None, run_after=None
[2026-07-21T18:04:30.135+0000] {processor.py:183} INFO - Processing /home/airflow/.local/lib/python3.8/site-packages/airflow/example_dags/example_python_operator.py took 0.075 seconds
[2026-07-21T18:05:00.497+0000] {processor.py:161} INFO - Started process (PID=1027) to work on /home/airflow/.local/lib/python3.8/site-packages/airflow/example_dags/example_python_operator.py
[2026-07-21T18:05:00.499+0000] {processor.py:830} INFO - Processing file /home/airflow/.local/lib/python3.8/site-packages/airflow/example_dags/example_python_operator.py for tasks to queue
[2026-07-21T18:05:00.501+0000] {logging_mixin.py:188} INFO - [2026-07-21T18:05:00.501+0000] {dagbag.py:538} INFO - Filling up the DagBag from /home/airflow/.local/lib/python3.8/site-packages/airflow/example_dags/example_python_operator.py
[2026-07-21T18:05:00.516+0000] {processor.py:840} INFO - DAG(s) 'example_python_operator' retrieved from /home/airflow/.local/lib/python3.8/site-packages/airflow/example_dags/example_python_operator.py
[2026-07-21T18:05:00.557+0000] {logging_mixin.py:188} INFO - [2026-07-21T18:05:00.556+0000] {dag.py:3036} INFO - Sync 1 DAGs
[2026-07-21T18:05:00.572+0000] {logging_mixin.py:188} INFO - [2026-07-21T18:05:00.572+0000] {dag.py:3823} INFO - Setting next_dagrun for example_python_operator to None, run_after=None
[2026-07-21T18:05:00.597+0000] {processor.py:183} INFO - Processing /home/airflow/.local/lib/python3.8/site-packages/airflow/example_dags/example_python_operator.py took 0.103 seconds
[2026-07-21T18:05:30.975+0000] {processor.py:161} INFO - Started process (PID=1083) to work on /home/airflow/.local/lib/python3.8/site-packages/airflow/example_dags/example_python_operator.py
[2026-07-21T18:05:30.977+0000] {processor.py:830} INFO - Processing file /home/airflow/.local/lib/python3.8/site-packages/airflow/example_dags/example_python_operator.py for tasks to queue
[2026-07-21T18:05:30.980+0000] {logging_mixin.py:188} INFO - [2026-07-21T18:05:30.980+0000] {dagbag.py:538} INFO - Filling up the DagBag from /home/airflow/.local/lib/python3.8/site-packages/airflow/example_dags/example_python_operator.py
[2026-07-21T18:05:31.000+0000] {processor.py:840} INFO - DAG(s) 'example_python_operator' retrieved from /home/airflow/.local/lib/python3.8/site-packages/airflow/example_dags/example_python_operator.py
[2026-07-21T18:05:31.031+0000] {logging_mixin.py:188} INFO - [2026-07-21T18:05:31.031+0000] {dag.py:3036} INFO - Sync 1 DAGs
[2026-07-21T18:05:31.046+0000] {logging_mixin.py:188} INFO - [2026-07-21T18:05:31.046+0000] {dag.py:3823} INFO - Setting next_dagrun for example_python_operator to None, run_after=None
[2026-07-21T18:05:31.071+0000] {processor.py:183} INFO - Processing /home/airflow/.local/lib/python3.8/site-packages/airflow/example_dags/example_python_operator.py took 0.109 seconds
[2026-07-21T18:06:01.433+0000] {processor.py:161} INFO - Started process (PID=1139) to work on /home/airflow/.local/lib/python3.8/site-packages/airflow/example_dags/example_python_operator.py
[2026-07-21T18:06:01.434+0000] {processor.py:830} INFO - Processing file /home/airflow/.local/lib/python3.8/site-packages/airflow/example_dags/example_python_operator.py for tasks to queue
[2026-07-21T18:06:01.437+0000] {logging_mixin.py:188} INFO - [2026-07-21T18:06:01.436+0000] {dagbag.py:538} INFO - Filling up the DagBag from /home/airflow/.local/lib/python3.8/site-packages/airflow/example_dags/example_python_operator.py
[2026-07-21T18:06:01.447+0000] {processor.py:840} INFO - DAG(s) 'example_python_operator' retrieved from /home/airflow/.local/lib/python3.8/site-packages/airflow/example_dags/example_python_operator.py
[2026-07-21T18:06:01.470+0000] {logging_mixin.py:188} INFO - [2026-07-21T18:06:01.470+0000] {dag.py:3036} INFO - Sync 1 DAGs
[2026-07-21T18:06:01.481+0000] {logging_mixin.py:188} INFO - [2026-07-21T18:06:01.481+0000] {dag.py:3823} INFO - Setting next_dagrun for example_python_operator to None, run_after=None
[2026-07-21T18:06:01.499+0000] {processor.py:183} INFO - Processing /home/airflow/.local/lib/python3.8/site-packages/airflow/example_dags/example_python_operator.py took 0.070 seconds
[2026-07-21T18:06:31.969+0000] {processor.py:161} INFO - Started process (PID=1195) to work on /home/airflow/.local/lib/python3.8/site-packages/airflow/example_dags/example_python_operator.py
[2026-07-21T18:06:31.970+0000] {processor.py:830} INFO - Processing file /home/airflow/.local/lib/python3.8/site-packages/airflow/example_dags/example_python_operator.py for tasks to queue
[2026-07-21T18:06:31.972+0000] {logging_mixin.py:188} INFO - [2026-07-21T18:06:31.972+0000] {dagbag.py:538} INFO - Filling up the DagBag from /home/airflow/.local/lib/python3.8/site-packages/airflow/example_dags/example_python_operator.py
[2026-07-21T18:06:31.984+0000] {processor.py:840} INFO - DAG(s) 'example_python_operator' retrieved from /home/airflow/.local/lib/python3.8/site-packages/airflow/example_dags/example_python_operator.py
[2026-07-21T18:06:32.008+0000] {logging_mixin.py:188} INFO - [2026-07-21T18:06:32.007+0000] {dag.py:3036} INFO - Sync 1 DAGs
[2026-07-21T18:06:32.019+0000] {logging_mixin.py:188} INFO - [2026-07-21T18:06:32.019+0000] {dag.py:3823} INFO - Setting next_dagrun for example_python_operator to None, run_after=None
[2026-07-21T18:06:32.039+0000] {processor.py:183} INFO - Processing /home/airflow/.local/lib/python3.8/site-packages/airflow/example_dags/example_python_operator.py took 0.074 seconds
[2026-07-21T18:07:02.354+0000] {processor.py:161} INFO - Started process (PID=1251) to work on /home/airflow/.local/lib/python3.8/site-packages/airflow/example_dags/example_python_operator.py
[2026-07-21T18:07:02.355+0000] {processor.py:830} INFO - Processing file /home/airflow/.local/lib/python3.8/site-packages/airflow/example_dags/example_python_operator.py for tasks to queue
[2026-07-21T18:07:02.357+0000] {logging_mixin.py:188} INFO - [2026-07-21T18:07:02.357+0000] {dagbag.py:538} INFO - Filling up the DagBag from /home/airflow/.local/lib/python3.8/site-packages/airflow/example_dags/example_python_operator.py
[2026-07-21T18:07:02.368+0000] {processor.py:840} INFO - DAG(s) 'example_python_operator' retrieved from /home/airflow/.local/lib/python3.8/site-packages/airflow/example_dags/example_python_operator.py
[2026-07-21T18:07:02.391+0000] {logging_mixin.py:188} INFO - [2026-07-21T18:07:02.390+0000] {dag.py:3036} INFO - Sync 1 DAGs
[2026-07-21T18:07:02.402+0000] {logging_mixin.py:188} INFO - [2026-07-21T18:07:02.401+0000] {dag.py:3823} INFO - Setting next_dagrun for example_python_operator to None, run_after=None
[2026-07-21T18:07:02.419+0000] {processor.py:183} INFO - Processing /home/airflow/.local/lib/python3.8/site-packages/airflow/example_dags/example_python_operator.py took 0.069 seconds
[2026-07-21T18:07:32.784+0000] {processor.py:161} INFO - Started process (PID=1307) to work on /home/airflow/.local/lib/python3.8/site-packages/airflow/example_dags/example_python_operator.py
[2026-07-21T18:07:32.785+0000] {processor.py:830} INFO - Processing file /home/airflow/.local/lib/python3.8/site-packages/airflow/example_dags/example_python_operator.py for tasks to queue
[2026-07-21T18:07:32.787+0000] {logging_mixin.py:188} INFO - [2026-07-21T18:07:32.787+0000] {dagbag.py:538} INFO - Filling up the DagBag from /home/airflow/.local/lib/python3.8/site-packages/airflow/example_dags/example_python_operator.py
[2026-07-21T18:07:32.798+0000] {processor.py:840} INFO - DAG(s) 'example_python_operator' retrieved from /home/airflow/.local/lib/python3.8/site-packages/airflow/example_dags/example_python_operator.py
[2026-07-21T18:07:32.822+0000] {logging_mixin.py:188} INFO - [2026-07-21T18:07:32.822+0000] {dag.py:3036} INFO - Sync 1 DAGs
[2026-07-21T18:07:32.833+0000] {logging_mixin.py:188} INFO - [2026-07-21T18:07:32.833+0000] {dag.py:3823} INFO - Setting next_dagrun for example_python_operator to None, run_after=None
[2026-07-21T18:07:32.851+0000] {processor.py:183} INFO - Processing /home/airflow/.local/lib/python3.8/site-packages/airflow/example_dags/example_python_operator.py took 0.072 seconds
[2026-07-21T18:09:12.108+0000] {processor.py:161} INFO - Started process (PID=108) to work on /home/airflow/.local/lib/python3.8/site-packages/airflow/example_dags/example_python_operator.py
[2026-07-21T18:09:12.110+0000] {processor.py:830} INFO - Processing file /home/airflow/.local/lib/python3.8/site-packages/airflow/example_dags/example_python_operator.py for tasks to queue
[2026-07-21T18:09:12.114+0000] {logging_mixin.py:188} INFO - [2026-07-21T18:09:12.114+0000] {dagbag.py:538} INFO - Filling up the DagBag from /home/airflow/.local/lib/python3.8/site-packages/airflow/example_dags/example_python_operator.py
[2026-07-21T18:09:12.149+0000] {processor.py:840} INFO - DAG(s) 'example_python_operator' retrieved from /home/airflow/.local/lib/python3.8/site-packages/airflow/example_dags/example_python_operator.py
[2026-07-21T18:09:12.166+0000] {logging_mixin.py:188} INFO - [2026-07-21T18:09:12.166+0000] {dag.py:3036} INFO - Sync 1 DAGs
[2026-07-21T18:09:12.182+0000] {logging_mixin.py:188} INFO - [2026-07-21T18:09:12.181+0000] {dag.py:3823} INFO - Setting next_dagrun for example_python_operator to None, run_after=None
[2026-07-21T18:09:12.210+0000] {processor.py:183} INFO - Processing /home/airflow/.local/lib/python3.8/site-packages/airflow/example_dags/example_python_operator.py took 0.110 seconds
[2026-07-21T18:09:42.865+0000] {processor.py:161} INFO - Started process (PID=164) to work on /home/airflow/.local/lib/python3.8/site-packages/airflow/example_dags/example_python_operator.py
[2026-07-21T18:09:42.866+0000] {processor.py:830} INFO - Processing file /home/airflow/.local/lib/python3.8/site-packages/airflow/example_dags/example_python_operator.py for tasks to queue
[2026-07-21T18:09:42.869+0000] {logging_mixin.py:188} INFO - [2026-07-21T18:09:42.868+0000] {dagbag.py:538} INFO - Filling up the DagBag from /home/airflow/.local/lib/python3.8/site-packages/airflow/example_dags/example_python_operator.py
[2026-07-21T18:09:42.880+0000] {processor.py:840} INFO - DAG(s) 'example_python_operator' retrieved from /home/airflow/.local/lib/python3.8/site-packages/airflow/example_dags/example_python_operator.py
[2026-07-21T18:09:42.981+0000] {logging_mixin.py:188} INFO - [2026-07-21T18:09:42.981+0000] {dag.py:3036} INFO - Sync 1 DAGs
[2026-07-21T18:09:42.992+0000] {logging_mixin.py:188} INFO - [2026-07-21T18:09:42.991+0000] {dag.py:3823} INFO - Setting next_dagrun for example_python_operator to None, run_after=None
[2026-07-21T18:09:43.011+0000] {processor.py:183} INFO - Processing /home/airflow/.local/lib/python3.8/site-packages/airflow/example_dags/example_python_operator.py took 0.150 seconds
[2026-07-21T18:10:13.929+0000] {processor.py:161} INFO - Started process (PID=220) to work on /home/airflow/.local/lib/python3.8/site-packages/airflow/example_dags/example_python_operator.py
[2026-07-21T18:10:13.931+0000] {processor.py:830} INFO - Processing file /home/airflow/.local/lib/python3.8/site-packages/airflow/example_dags/example_python_operator.py for tasks to queue
[2026-07-21T18:10:13.933+0000] {logging_mixin.py:188} INFO - [2026-07-21T18:10:13.933+0000] {dagbag.py:538} INFO - Filling up the DagBag from /home/airflow/.local/lib/python3.8/site-packages/airflow/example_dags/example_python_operator.py
[2026-07-21T18:10:13.950+0000] {processor.py:840} INFO - DAG(s) 'example_python_operator' retrieved from /home/airflow/.local/lib/python3.8/site-packages/airflow/example_dags/example_python_operator.py
[2026-07-21T18:10:13.986+0000] {logging_mixin.py:188} INFO - [2026-07-21T18:10:13.986+0000] {dag.py:3036} INFO - Sync 1 DAGs
[2026-07-21T18:10:14.006+0000] {logging_mixin.py:188} INFO - [2026-07-21T18:10:14.005+0000] {dag.py:3823} INFO - Setting next_dagrun for example_python_operator to None, run_after=None
[2026-07-21T18:10:14.041+0000] {processor.py:183} INFO - Processing /home/airflow/.local/lib/python3.8/site-packages/airflow/example_dags/example_python_operator.py took 0.116 seconds
[2026-07-21T18:10:44.296+0000] {processor.py:161} INFO - Started process (PID=276) to work on /home/airflow/.local/lib/python3.8/site-packages/airflow/example_dags/example_python_operator.py
[2026-07-21T18:10:44.297+0000] {processor.py:830} INFO - Processing file /home/airflow/.local/lib/python3.8/site-packages/airflow/example_dags/example_python_operator.py for tasks to queue
[2026-07-21T18:10:44.299+0000] {logging_mixin.py:188} INFO - [2026-07-21T18:10:44.299+0000] {dagbag.py:538} INFO - Filling up the DagBag from /home/airflow/.local/lib/python3.8/site-packages/airflow/example_dags/example_python_operator.py
[2026-07-21T18:10:44.310+0000] {processor.py:840} INFO - DAG(s) 'example_python_operator' retrieved from /home/airflow/.local/lib/python3.8/site-packages/airflow/example_dags/example_python_operator.py
[2026-07-21T18:10:44.333+0000] {logging_mixin.py:188} INFO - [2026-07-21T18:10:44.333+0000] {dag.py:3036} INFO - Sync 1 DAGs
[2026-07-21T18:10:44.345+0000] {logging_mixin.py:188} INFO - [2026-07-21T18:10:44.344+0000] {dag.py:3823} INFO - Setting next_dagrun for example_python_operator to None, run_after=None
[2026-07-21T18:10:44.365+0000] {processor.py:183} INFO - Processing /home/airflow/.local/lib/python3.8/site-packages/airflow/example_dags/example_python_operator.py took 0.075 seconds
[2026-07-21T18:11:14.740+0000] {processor.py:161} INFO - Started process (PID=332) to work on /home/airflow/.local/lib/python3.8/site-packages/airflow/example_dags/example_python_operator.py
[2026-07-21T18:11:14.741+0000] {processor.py:830} INFO - Processing file /home/airflow/.local/lib/python3.8/site-packages/airflow/example_dags/example_python_operator.py for tasks to queue
[2026-07-21T18:11:14.744+0000] {logging_mixin.py:188} INFO - [2026-07-21T18:11:14.743+0000] {dagbag.py:538} INFO - Filling up the DagBag from /home/airflow/.local/lib/python3.8/site-packages/airflow/example_dags/example_python_operator.py
[2026-07-21T18:11:14.755+0000] {processor.py:840} INFO - DAG(s) 'example_python_operator' retrieved from /home/airflow/.local/lib/python3.8/site-packages/airflow/example_dags/example_python_operator.py
[2026-07-21T18:11:14.779+0000] {logging_mixin.py:188} INFO - [2026-07-21T18:11:14.778+0000] {dag.py:3036} INFO - Sync 1 DAGs
[2026-07-21T18:11:14.790+0000] {logging_mixin.py:188} INFO - [2026-07-21T18:11:14.790+0000] {dag.py:3823} INFO - Setting next_dagrun for example_python_operator to None, run_after=None
[2026-07-21T18:11:14.810+0000] {processor.py:183} INFO - Processing /home/airflow/.local/lib/python3.8/site-packages/airflow/example_dags/example_python_operator.py took 0.075 seconds
[2026-07-21T18:11:45.101+0000] {processor.py:161} INFO - Started process (PID=388) to work on /home/airflow/.local/lib/python3.8/site-packages/airflow/example_dags/example_python_operator.py
[2026-07-21T18:11:45.102+0000] {processor.py:830} INFO - Processing file /home/airflow/.local/lib/python3.8/site-packages/airflow/example_dags/example_python_operator.py for tasks to queue
[2026-07-21T18:11:45.104+0000] {logging_mixin.py:188} INFO - [2026-07-21T18:11:45.104+0000] {dagbag.py:538} INFO - Filling up the DagBag from /home/airflow/.local/lib/python3.8/site-packages/airflow/example_dags/example_python_operator.py
[2026-07-21T18:11:45.116+0000] {processor.py:840} INFO - DAG(s) 'example_python_operator' retrieved from /home/airflow/.local/lib/python3.8/site-packages/airflow/example_dags/example_python_operator.py
[2026-07-21T18:11:45.139+0000] {logging_mixin.py:188} INFO - [2026-07-21T18:11:45.139+0000] {dag.py:3036} INFO - Sync 1 DAGs
[2026-07-21T18:11:45.151+0000] {logging_mixin.py:188} INFO - [2026-07-21T18:11:45.151+0000] {dag.py:3823} INFO - Setting next_dagrun for example_python_operator to None, run_after=None
[2026-07-21T18:11:45.169+0000] {processor.py:183} INFO - Processing /home/airflow/.local/lib/python3.8/site-packages/airflow/example_dags/example_python_operator.py took 0.072 seconds
[2026-07-21T18:12:15.688+0000] {processor.py:161} INFO - Started process (PID=444) to work on /home/airflow/.local/lib/python3.8/site-packages/airflow/example_dags/example_python_operator.py
[2026-07-21T18:12:15.689+0000] {processor.py:830} INFO - Processing file /home/airflow/.local/lib/python3.8/site-packages/airflow/example_dags/example_python_operator.py for tasks to queue
[2026-07-21T18:12:15.692+0000] {logging_mixin.py:188} INFO - [2026-07-21T18:12:15.691+0000] {dagbag.py:538} INFO - Filling up the DagBag from /home/airflow/.local/lib/python3.8/site-packages/airflow/example_dags/example_python_operator.py
[2026-07-21T18:12:15.706+0000] {processor.py:840} INFO - DAG(s) 'example_python_operator' retrieved from /home/airflow/.local/lib/python3.8/site-packages/airflow/example_dags/example_python_operator.py
[2026-07-21T18:12:15.731+0000] {logging_mixin.py:188} INFO - [2026-07-21T18:12:15.731+0000] {dag.py:3036} INFO - Sync 1 DAGs
[2026-07-21T18:12:15.744+0000] {logging_mixin.py:188} INFO - [2026-07-21T18:12:15.744+0000] {dag.py:3823} INFO - Setting next_dagrun for example_python_operator to None, run_after=None
[2026-07-21T18:12:15.766+0000] {processor.py:183} INFO - Processing /home/airflow/.local/lib/python3.8/site-packages/airflow/example_dags/example_python_operator.py took 0.082 seconds
[2026-07-21T18:12:46.641+0000] {processor.py:161} INFO - Started process (PID=500) to work on /home/airflow/.local/lib/python3.8/site-packages/airflow/example_dags/example_python_operator.py
[2026-07-21T18:12:46.642+0000] {processor.py:830} INFO - Processing file /home/airflow/.local/lib/python3.8/site-packages/airflow/example_dags/example_python_operator.py for tasks to queue
[2026-07-21T18:12:46.644+0000] {logging_mixin.py:188} INFO - [2026-07-21T18:12:46.644+0000] {dagbag.py:538} INFO - Filling up the DagBag from /home/airflow/.local/lib/python3.8/site-packages/airflow/example_dags/example_python_operator.py
[2026-07-21T18:12:46.655+0000] {processor.py:840} INFO - DAG(s) 'example_python_operator' retrieved from /home/airflow/.local/lib/python3.8/site-packages/airflow/example_dags/example_python_operator.py
[2026-07-21T18:12:46.679+0000] {logging_mixin.py:188} INFO - [2026-07-21T18:12:46.679+0000] {dag.py:3036} INFO - Sync 1 DAGs
[2026-07-21T18:12:46.691+0000] {logging_mixin.py:188} INFO - [2026-07-21T18:12:46.690+0000] {dag.py:3823} INFO - Setting next_dagrun for example_python_operator to None, run_after=None
[2026-07-21T18:12:46.710+0000] {processor.py:183} INFO - Processing /home/airflow/.local/lib/python3.8/site-packages/airflow/example_dags/example_python_operator.py took 0.072 seconds
[2026-07-21T18:13:17.376+0000] {processor.py:161} INFO - Started process (PID=556) to work on /home/airflow/.local/lib/python3.8/site-packages/airflow/example_dags/example_python_operator.py
[2026-07-21T18:13:17.378+0000] {processor.py:830} INFO - Processing file /home/airflow/.local/lib/python3.8/site-packages/airflow/example_dags/example_python_operator.py for tasks to queue
[2026-07-21T18:13:17.381+0000] {logging_mixin.py:188} INFO - [2026-07-21T18:13:17.380+0000] {dagbag.py:538} INFO - Filling up the DagBag from /home/airflow/.local/lib/python3.8/site-packages/airflow/example_dags/example_python_operator.py
[2026-07-21T18:13:17.393+0000] {processor.py:840} INFO - DAG(s) 'example_python_operator' retrieved from /home/airflow/.local/lib/python3.8/site-packages/airflow/example_dags/example_python_operator.py
[2026-07-21T18:13:17.418+0000] {logging_mixin.py:188} INFO - [2026-07-21T18:13:17.418+0000] {dag.py:3036} INFO - Sync 1 DAGs
[2026-07-21T18:13:17.431+0000] {logging_mixin.py:188} INFO - [2026-07-21T18:13:17.430+0000] {dag.py:3823} INFO - Setting next_dagrun for example_python_operator to None, run_after=None
[2026-07-21T18:13:17.449+0000] {processor.py:183} INFO - Processing /home/airflow/.local/lib/python3.8/site-packages/airflow/example_dags/example_python_operator.py took 0.077 seconds
[2026-07-21T18:13:47.847+0000] {processor.py:161} INFO - Started process (PID=612) to work on /home/airflow/.local/lib/python3.8/site-packages/airflow/example_dags/example_python_operator.py
[2026-07-21T18:13:47.848+0000] {processor.py:830} INFO - Processing file /home/airflow/.local/lib/python3.8/site-packages/airflow/example_dags/example_python_operator.py for tasks to queue
[2026-07-21T18:13:47.850+0000] {logging_mixin.py:188} INFO - [2026-07-21T18:13:47.849+0000] {dagbag.py:538} INFO - Filling up the DagBag from /home/airflow/.local/lib/python3.8/site-packages/airflow/example_dags/example_python_operator.py
[2026-07-21T18:13:47.863+0000] {processor.py:840} INFO - DAG(s) 'example_python_operator' retrieved from /home/airflow/.local/lib/python3.8/site-packages/airflow/example_dags/example_python_operator.py
[2026-07-21T18:13:47.887+0000] {logging_mixin.py:188} INFO - [2026-07-21T18:13:47.887+0000] {dag.py:3036} INFO - Sync 1 DAGs
[2026-07-21T18:13:47.900+0000] {logging_mixin.py:188} INFO - [2026-07-21T18:13:47.899+0000] {dag.py:3823} INFO - Setting next_dagrun for example_python_operator to None, run_after=None
[2026-07-21T18:13:47.919+0000] {processor.py:183} INFO - Processing /home/airflow/.local/lib/python3.8/site-packages/airflow/example_dags/example_python_operator.py took 0.076 seconds
[2026-07-21T18:14:18.787+0000] {processor.py:161} INFO - Started process (PID=668) to work on /home/airflow/.local/lib/python3.8/site-packages/airflow/example_dags/example_python_operator.py
[2026-07-21T18:14:18.789+0000] {processor.py:830} INFO - Processing file /home/airflow/.local/lib/python3.8/site-packages/airflow/example_dags/example_python_operator.py for tasks to queue
[2026-07-21T18:14:18.791+0000] {logging_mixin.py:188} INFO - [2026-07-21T18:14:18.790+0000] {dagbag.py:538} INFO - Filling up the DagBag from /home/airflow/.local/lib/python3.8/site-packages/airflow/example_dags/example_python_operator.py
[2026-07-21T18:14:18.802+0000] {processor.py:840} INFO - DAG(s) 'example_python_operator' retrieved from /home/airflow/.local/lib/python3.8/site-packages/airflow/example_dags/example_python_operator.py
[2026-07-21T18:14:18.827+0000] {logging_mixin.py:188} INFO - [2026-07-21T18:14:18.827+0000] {dag.py:3036} INFO - Sync 1 DAGs
[2026-07-21T18:14:18.839+0000] {logging_mixin.py:188} INFO - [2026-07-21T18:14:18.839+0000] {dag.py:3823} INFO - Setting next_dagrun for example_python_operator to None, run_after=None
[2026-07-21T18:14:18.859+0000] {processor.py:183} INFO - Processing /home/airflow/.local/lib/python3.8/site-packages/airflow/example_dags/example_python_operator.py took 0.075 seconds
[2026-07-21T18:14:49.773+0000] {processor.py:161} INFO - Started process (PID=725) to work on /home/airflow/.local/lib/python3.8/site-packages/airflow/example_dags/example_python_operator.py
[2026-07-21T18:14:49.774+0000] {processor.py:830} INFO - Processing file /home/airflow/.local/lib/python3.8/site-packages/airflow/example_dags/example_python_operator.py for tasks to queue
[2026-07-21T18:14:49.777+0000] {logging_mixin.py:188} INFO - [2026-07-21T18:14:49.776+0000] {dagbag.py:538} INFO - Filling up the DagBag from /home/airflow/.local/lib/python3.8/site-packages/airflow/example_dags/example_python_operator.py
[2026-07-21T18:14:49.788+0000] {processor.py:840} INFO - DAG(s) 'example_python_operator' retrieved from /home/airflow/.local/lib/python3.8/site-packages/airflow/example_dags/example_python_operator.py
[2026-07-21T18:14:49.817+0000] {logging_mixin.py:188} INFO - [2026-07-21T18:14:49.816+0000] {dag.py:3036} INFO - Sync 1 DAGs
[2026-07-21T18:14:49.835+0000] {logging_mixin.py:188} INFO - [2026-07-21T18:14:49.834+0000] {dag.py:3823} INFO - Setting next_dagrun for example_python_operator to None, run_after=None
[2026-07-21T18:14:50.050+0000] {processor.py:183} INFO - Processing /home/airflow/.local/lib/python3.8/site-packages/airflow/example_dags/example_python_operator.py took 0.281 seconds
[2026-07-21T18:15:20.671+0000] {processor.py:161} INFO - Started process (PID=781) to work on /home/airflow/.local/lib/python3.8/site-packages/airflow/example_dags/example_python_operator.py
[2026-07-21T18:15:20.672+0000] {processor.py:830} INFO - Processing file /home/airflow/.local/lib/python3.8/site-packages/airflow/example_dags/example_python_operator.py for tasks to queue
[2026-07-21T18:15:20.674+0000] {logging_mixin.py:188} INFO - [2026-07-21T18:15:20.673+0000] {dagbag.py:538} INFO - Filling up the DagBag from /home/airflow/.local/lib/python3.8/site-packages/airflow/example_dags/example_python_operator.py
[2026-07-21T18:15:20.685+0000] {processor.py:840} INFO - DAG(s) 'example_python_operator' retrieved from /home/airflow/.local/lib/python3.8/site-packages/airflow/example_dags/example_python_operator.py
[2026-07-21T18:15:20.707+0000] {logging_mixin.py:188} INFO - [2026-07-21T18:15:20.707+0000] {dag.py:3036} INFO - Sync 1 DAGs
[2026-07-21T18:15:20.719+0000] {logging_mixin.py:188} INFO - [2026-07-21T18:15:20.719+0000] {dag.py:3823} INFO - Setting next_dagrun for example_python_operator to None, run_after=None
[2026-07-21T18:15:20.738+0000] {processor.py:183} INFO - Processing /home/airflow/.local/lib/python3.8/site-packages/airflow/example_dags/example_python_operator.py took 0.071 seconds
[2026-07-21T18:15:51.474+0000] {processor.py:161} INFO - Started process (PID=837) to work on /home/airflow/.local/lib/python3.8/site-packages/airflow/example_dags/example_python_operator.py
[2026-07-21T18:15:51.476+0000] {processor.py:830} INFO - Processing file /home/airflow/.local/lib/python3.8/site-packages/airflow/example_dags/example_python_operator.py for tasks to queue
[2026-07-21T18:15:51.478+0000] {logging_mixin.py:188} INFO - [2026-07-21T18:15:51.478+0000] {dagbag.py:538} INFO - Filling up the DagBag from /home/airflow/.local/lib/python3.8/site-packages/airflow/example_dags/example_python_operator.py
[2026-07-21T18:15:51.489+0000] {processor.py:840} INFO - DAG(s) 'example_python_operator' retrieved from /home/airflow/.local/lib/python3.8/site-packages/airflow/example_dags/example_python_operator.py
[2026-07-21T18:15:51.519+0000] {logging_mixin.py:188} INFO - [2026-07-21T18:15:51.519+0000] {dag.py:3036} INFO - Sync 1 DAGs
[2026-07-21T18:15:51.531+0000] {logging_mixin.py:188} INFO - [2026-07-21T18:15:51.531+0000] {dag.py:3823} INFO - Setting next_dagrun for example_python_operator to None, run_after=None
[2026-07-21T18:15:51.552+0000] {processor.py:183} INFO - Processing /home/airflow/.local/lib/python3.8/site-packages/airflow/example_dags/example_python_operator.py took 0.081 seconds
[2026-07-21T18:16:22.167+0000] {processor.py:161} INFO - Started process (PID=893) to work on /home/airflow/.local/lib/python3.8/site-packages/airflow/example_dags/example_python_operator.py
[2026-07-21T18:16:22.168+0000] {processor.py:830} INFO - Processing file /home/airflow/.local/lib/python3.8/site-packages/airflow/example_dags/example_python_operator.py for tasks to queue
[2026-07-21T18:16:22.170+0000] {logging_mixin.py:188} INFO - [2026-07-21T18:16:22.170+0000] {dagbag.py:538} INFO - Filling up the DagBag from /home/airflow/.local/lib/python3.8/site-packages/airflow/example_dags/example_python_operator.py
[2026-07-21T18:16:22.183+0000] {processor.py:840} INFO - DAG(s) 'example_python_operator' retrieved from /home/airflow/.local/lib/python3.8/site-packages/airflow/example_dags/example_python_operator.py
[2026-07-21T18:16:22.207+0000] {logging_mixin.py:188} INFO - [2026-07-21T18:16:22.207+0000] {dag.py:3036} INFO - Sync 1 DAGs
[2026-07-21T18:16:22.219+0000] {logging_mixin.py:188} INFO - [2026-07-21T18:16:22.219+0000] {dag.py:3823} INFO - Setting next_dagrun for example_python_operator to None, run_after=None
[2026-07-21T18:16:22.245+0000] {processor.py:183} INFO - Processing /home/airflow/.local/lib/python3.8/site-packages/airflow/example_dags/example_python_operator.py took 0.081 seconds
[2026-07-21T18:16:52.455+0000] {processor.py:161} INFO - Started process (PID=949) to work on /home/airflow/.local/lib/python3.8/site-packages/airflow/example_dags/example_python_operator.py
[2026-07-21T18:16:52.456+0000] {processor.py:830} INFO - Processing file /home/airflow/.local/lib/python3.8/site-packages/airflow/example_dags/example_python_operator.py for tasks to queue
[2026-07-21T18:16:52.458+0000] {logging_mixin.py:188} INFO - [2026-07-21T18:16:52.458+0000] {dagbag.py:538} INFO - Filling up the DagBag from /home/airflow/.local/lib/python3.8/site-packages/airflow/example_dags/example_python_operator.py
[2026-07-21T18:16:52.469+0000] {processor.py:840} INFO - DAG(s) 'example_python_operator' retrieved from /home/airflow/.local/lib/python3.8/site-packages/airflow/example_dags/example_python_operator.py
[2026-07-21T18:16:52.493+0000] {logging_mixin.py:188} INFO - [2026-07-21T18:16:52.492+0000] {dag.py:3036} INFO - Sync 1 DAGs
[2026-07-21T18:16:52.506+0000] {logging_mixin.py:188} INFO - [2026-07-21T18:16:52.505+0000] {dag.py:3823} INFO - Setting next_dagrun for example_python_operator to None, run_after=None
[2026-07-21T18:16:52.526+0000] {processor.py:183} INFO - Processing /home/airflow/.local/lib/python3.8/site-packages/airflow/example_dags/example_python_operator.py took 0.074 seconds
[2026-07-21T18:17:22.796+0000] {processor.py:161} INFO - Started process (PID=1005) to work on /home/airflow/.local/lib/python3.8/site-packages/airflow/example_dags/example_python_operator.py
[2026-07-21T18:17:22.797+0000] {processor.py:830} INFO - Processing file /home/airflow/.local/lib/python3.8/site-packages/airflow/example_dags/example_python_operator.py for tasks to queue
[2026-07-21T18:17:22.799+0000] {logging_mixin.py:188} INFO - [2026-07-21T18:17:22.799+0000] {dagbag.py:538} INFO - Filling up the DagBag from /home/airflow/.local/lib/python3.8/site-packages/airflow/example_dags/example_python_operator.py
[2026-07-21T18:17:22.810+0000] {processor.py:840} INFO - DAG(s) 'example_python_operator' retrieved from /home/airflow/.local/lib/python3.8/site-packages/airflow/example_dags/example_python_operator.py
[2026-07-21T18:17:22.834+0000] {logging_mixin.py:188} INFO - [2026-07-21T18:17:22.834+0000] {dag.py:3036} INFO - Sync 1 DAGs
[2026-07-21T18:17:22.845+0000] {logging_mixin.py:188} INFO - [2026-07-21T18:17:22.845+0000] {dag.py:3823} INFO - Setting next_dagrun for example_python_operator to None, run_after=None
[2026-07-21T18:17:22.865+0000] {processor.py:183} INFO - Processing /home/airflow/.local/lib/python3.8/site-packages/airflow/example_dags/example_python_operator.py took 0.072 seconds
[2026-07-21T18:17:53.690+0000] {processor.py:161} INFO - Started process (PID=1061) to work on /home/airflow/.local/lib/python3.8/site-packages/airflow/example_dags/example_python_operator.py
[2026-07-21T18:17:53.691+0000] {processor.py:830} INFO - Processing file /home/airflow/.local/lib/python3.8/site-packages/airflow/example_dags/example_python_operator.py for tasks to queue
[2026-07-21T18:17:53.693+0000] {logging_mixin.py:188} INFO - [2026-07-21T18:17:53.693+0000] {dagbag.py:538} INFO - Filling up the DagBag from /home/airflow/.local/lib/python3.8/site-packages/airflow/example_dags/example_python_operator.py
[2026-07-21T18:17:53.704+0000] {processor.py:840} INFO - DAG(s) 'example_python_operator' retrieved from /home/airflow/.local/lib/python3.8/site-packages/airflow/example_dags/example_python_operator.py
[2026-07-21T18:17:53.727+0000] {logging_mixin.py:188} INFO - [2026-07-21T18:17:53.727+0000] {dag.py:3036} INFO - Sync 1 DAGs
[2026-07-21T18:17:53.741+0000] {logging_mixin.py:188} INFO - [2026-07-21T18:17:53.740+0000] {dag.py:3823} INFO - Setting next_dagrun for example_python_operator to None, run_after=None
[2026-07-21T18:17:53.761+0000] {processor.py:183} INFO - Processing /home/airflow/.local/lib/python3.8/site-packages/airflow/example_dags/example_python_operator.py took 0.074 seconds
[2026-07-21T18:18:24.711+0000] {processor.py:161} INFO - Started process (PID=1117) to work on /home/airflow/.local/lib/python3.8/site-packages/airflow/example_dags/example_python_operator.py
[2026-07-21T18:18:24.712+0000] {processor.py:830} INFO - Processing file /home/airflow/.local/lib/python3.8/site-packages/airflow/example_dags/example_python_operator.py for tasks to queue
[2026-07-21T18:18:24.714+0000] {logging_mixin.py:188} INFO - [2026-07-21T18:18:24.714+0000] {dagbag.py:538} INFO - Filling up the DagBag from /home/airflow/.local/lib/python3.8/site-packages/airflow/example_dags/example_python_operator.py
[2026-07-21T18:18:24.724+0000] {processor.py:840} INFO - DAG(s) 'example_python_operator' retrieved from /home/airflow/.local/lib/python3.8/site-packages/airflow/example_dags/example_python_operator.py
[2026-07-21T18:18:24.750+0000] {logging_mixin.py:188} INFO - [2026-07-21T18:18:24.749+0000] {dag.py:3036} INFO - Sync 1 DAGs
[2026-07-21T18:18:24.767+0000] {logging_mixin.py:188} INFO - [2026-07-21T18:18:24.767+0000] {dag.py:3823} INFO - Setting next_dagrun for example_python_operator to None, run_after=None
[2026-07-21T18:18:24.788+0000] {processor.py:183} INFO - Processing /home/airflow/.local/lib/python3.8/site-packages/airflow/example_dags/example_python_operator.py took 0.081 seconds
[2026-07-21T18:18:55.324+0000] {processor.py:161} INFO - Started process (PID=1173) to work on /home/airflow/.local/lib/python3.8/site-packages/airflow/example_dags/example_python_operator.py
[2026-07-21T18:18:55.326+0000] {processor.py:830} INFO - Processing file /home/airflow/.local/lib/python3.8/site-packages/airflow/example_dags/example_python_operator.py for tasks to queue
[2026-07-21T18:18:55.327+0000] {logging_mixin.py:188} INFO - [2026-07-21T18:18:55.327+0000] {dagbag.py:538} INFO - Filling up the DagBag from /home/airflow/.local/lib/python3.8/site-packages/airflow/example_dags/example_python_operator.py
[2026-07-21T18:18:55.338+0000] {processor.py:840} INFO - DAG(s) 'example_python_operator' retrieved from /home/airflow/.local/lib/python3.8/site-packages/airflow/example_dags/example_python_operator.py
[2026-07-21T18:18:55.360+0000] {logging_mixin.py:188} INFO - [2026-07-21T18:18:55.360+0000] {dag.py:3036} INFO - Sync 1 DAGs
[2026-07-21T18:18:55.372+0000] {logging_mixin.py:188} INFO - [2026-07-21T18:18:55.372+0000] {dag.py:3823} INFO - Setting next_dagrun for example_python_operator to None, run_after=None
[2026-07-21T18:18:55.391+0000] {processor.py:183} INFO - Processing /home/airflow/.local/lib/python3.8/site-packages/airflow/example_dags/example_python_operator.py took 0.070 seconds
[2026-07-21T18:19:26.299+0000] {processor.py:161} INFO - Started process (PID=1229) to work on /home/airflow/.local/lib/python3.8/site-packages/airflow/example_dags/example_python_operator.py
[2026-07-21T18:19:26.300+0000] {processor.py:830} INFO - Processing file /home/airflow/.local/lib/python3.8/site-packages/airflow/example_dags/example_python_operator.py for tasks to queue
[2026-07-21T18:19:26.301+0000] {logging_mixin.py:188} INFO - [2026-07-21T18:19:26.301+0000] {dagbag.py:538} INFO - Filling up the DagBag from /home/airflow/.local/lib/python3.8/site-packages/airflow/example_dags/example_python_operator.py
[2026-07-21T18:19:26.312+0000] {processor.py:840} INFO - DAG(s) 'example_python_operator' retrieved from /home/airflow/.local/lib/python3.8/site-packages/airflow/example_dags/example_python_operator.py
[2026-07-21T18:19:26.335+0000] {logging_mixin.py:188} INFO - [2026-07-21T18:19:26.334+0000] {dag.py:3036} INFO - Sync 1 DAGs
[2026-07-21T18:19:26.346+0000] {logging_mixin.py:188} INFO - [2026-07-21T18:19:26.345+0000] {dag.py:3823} INFO - Setting next_dagrun for example_python_operator to None, run_after=None
[2026-07-21T18:19:26.364+0000] {processor.py:183} INFO - Processing /home/airflow/.local/lib/python3.8/site-packages/airflow/example_dags/example_python_operator.py took 0.069 seconds
[2026-07-21T18:19:56.791+0000] {processor.py:161} INFO - Started process (PID=1285) to work on /home/airflow/.local/lib/python3.8/site-packages/airflow/example_dags/example_python_operator.py
[2026-07-21T18:19:56.792+0000] {processor.py:830} INFO - Processing file /home/airflow/.local/lib/python3.8/site-packages/airflow/example_dags/example_python_operator.py for tasks to queue
[2026-07-21T18:19:56.794+0000] {logging_mixin.py:188} INFO - [2026-07-21T18:19:56.794+0000] {dagbag.py:538} INFO - Filling up the DagBag from /home/airflow/.local/lib/python3.8/site-packages/airflow/example_dags/example_python_operator.py
[2026-07-21T18:19:56.806+0000] {processor.py:840} INFO - DAG(s) 'example_python_operator' retrieved from /home/airflow/.local/lib/python3.8/site-packages/airflow/example_dags/example_python_operator.py
[2026-07-21T18:19:56.828+0000] {logging_mixin.py:188} INFO - [2026-07-21T18:19:56.828+0000] {dag.py:3036} INFO - Sync 1 DAGs
[2026-07-21T18:19:56.839+0000] {logging_mixin.py:188} INFO - [2026-07-21T18:19:56.838+0000] {dag.py:3823} INFO - Setting next_dagrun for example_python_operator to None, run_after=None
[2026-07-21T18:19:56.858+0000] {processor.py:183} INFO - Processing /home/airflow/.local/lib/python3.8/site-packages/airflow/example_dags/example_python_operator.py took 0.070 seconds
[2026-07-21T18:20:27.423+0000] {processor.py:161} INFO - Started process (PID=1341) to work on /home/airflow/.local/lib/python3.8/site-packages/airflow/example_dags/example_python_operator.py
[2026-07-21T18:20:27.424+0000] {processor.py:830} INFO - Processing file /home/airflow/.local/lib/python3.8/site-packages/airflow/example_dags/example_python_operator.py for tasks to queue
[2026-07-21T18:20:27.426+0000] {logging_mixin.py:188} INFO - [2026-07-21T18:20:27.426+0000] {dagbag.py:538} INFO - Filling up the DagBag from /home/airflow/.local/lib/python3.8/site-packages/airflow/example_dags/example_python_operator.py
[2026-07-21T18:20:27.437+0000] {processor.py:840} INFO - DAG(s) 'example_python_operator' retrieved from /home/airflow/.local/lib/python3.8/site-packages/airflow/example_dags/example_python_operator.py
[2026-07-21T18:20:27.459+0000] {logging_mixin.py:188} INFO - [2026-07-21T18:20:27.459+0000] {dag.py:3036} INFO - Sync 1 DAGs
[2026-07-21T18:20:27.470+0000] {logging_mixin.py:188} INFO - [2026-07-21T18:20:27.470+0000] {dag.py:3823} INFO - Setting next_dagrun for example_python_operator to None, run_after=None
[2026-07-21T18:20:27.489+0000] {processor.py:183} INFO - Processing /home/airflow/.local/lib/python3.8/site-packages/airflow/example_dags/example_python_operator.py took 0.070 seconds
[2026-07-21T18:20:57.982+0000] {processor.py:161} INFO - Started process (PID=1397) to work on /home/airflow/.local/lib/python3.8/site-packages/airflow/example_dags/example_python_operator.py
[2026-07-21T18:20:57.984+0000] {processor.py:830} INFO - Processing file /home/airflow/.local/lib/python3.8/site-packages/airflow/example_dags/example_python_operator.py for tasks to queue
[2026-07-21T18:20:57.986+0000] {logging_mixin.py:188} INFO - [2026-07-21T18:20:57.985+0000] {dagbag.py:538} INFO - Filling up the DagBag from /home/airflow/.local/lib/python3.8/site-packages/airflow/example_dags/example_python_operator.py
[2026-07-21T18:20:57.996+0000] {processor.py:840} INFO - DAG(s) 'example_python_operator' retrieved from /home/airflow/.local/lib/python3.8/site-packages/airflow/example_dags/example_python_operator.py
[2026-07-21T18:20:58.019+0000] {logging_mixin.py:188} INFO - [2026-07-21T18:20:58.018+0000] {dag.py:3036} INFO - Sync 1 DAGs
[2026-07-21T18:20:58.031+0000] {logging_mixin.py:188} INFO - [2026-07-21T18:20:58.030+0000] {dag.py:3823} INFO - Setting next_dagrun for example_python_operator to None, run_after=None
[2026-07-21T18:20:58.050+0000] {processor.py:183} INFO - Processing /home/airflow/.local/lib/python3.8/site-packages/airflow/example_dags/example_python_operator.py took 0.071 seconds
[2026-07-21T18:21:28.800+0000] {processor.py:161} INFO - Started process (PID=1453) to work on /home/airflow/.local/lib/python3.8/site-packages/airflow/example_dags/example_python_operator.py
[2026-07-21T18:21:28.801+0000] {processor.py:830} INFO - Processing file /home/airflow/.local/lib/python3.8/site-packages/airflow/example_dags/example_python_operator.py for tasks to queue
[2026-07-21T18:21:28.803+0000] {logging_mixin.py:188} INFO - [2026-07-21T18:21:28.803+0000] {dagbag.py:538} INFO - Filling up the DagBag from /home/airflow/.local/lib/python3.8/site-packages/airflow/example_dags/example_python_operator.py
[2026-07-21T18:21:28.815+0000] {processor.py:840} INFO - DAG(s) 'example_python_operator' retrieved from /home/airflow/.local/lib/python3.8/site-packages/airflow/example_dags/example_python_operator.py
[2026-07-21T18:21:28.838+0000] {logging_mixin.py:188} INFO - [2026-07-21T18:21:28.837+0000] {dag.py:3036} INFO - Sync 1 DAGs
[2026-07-21T18:21:28.849+0000] {logging_mixin.py:188} INFO - [2026-07-21T18:21:28.848+0000] {dag.py:3823} INFO - Setting next_dagrun for example_python_operator to None, run_after=None
[2026-07-21T18:21:28.869+0000] {processor.py:183} INFO - Processing /home/airflow/.local/lib/python3.8/site-packages/airflow/example_dags/example_python_operator.py took 0.073 seconds
[2026-07-21T18:21:59.063+0000] {processor.py:161} INFO - Started process (PID=1509) to work on /home/airflow/.local/lib/python3.8/site-packages/airflow/example_dags/example_python_operator.py
[2026-07-21T18:21:59.064+0000] {processor.py:830} INFO - Processing file /home/airflow/.local/lib/python3.8/site-packages/airflow/example_dags/example_python_operator.py for tasks to queue
[2026-07-21T18:21:59.066+0000] {logging_mixin.py:188} INFO - [2026-07-21T18:21:59.066+0000] {dagbag.py:538} INFO - Filling up the DagBag from /home/airflow/.local/lib/python3.8/site-packages/airflow/example_dags/example_python_operator.py
[2026-07-21T18:21:59.077+0000] {processor.py:840} INFO - DAG(s) 'example_python_operator' retrieved from /home/airflow/.local/lib/python3.8/site-packages/airflow/example_dags/example_python_operator.py
[2026-07-21T18:21:59.100+0000] {logging_mixin.py:188} INFO - [2026-07-21T18:21:59.100+0000] {dag.py:3036} INFO - Sync 1 DAGs
[2026-07-21T18:21:59.111+0000] {logging_mixin.py:188} INFO - [2026-07-21T18:21:59.111+0000] {dag.py:3823} INFO - Setting next_dagrun for example_python_operator to None, run_after=None
[2026-07-21T18:21:59.131+0000] {processor.py:183} INFO - Processing /home/airflow/.local/lib/python3.8/site-packages/airflow/example_dags/example_python_operator.py took 0.072 seconds
[2026-07-21T18:22:29.220+0000] {processor.py:161} INFO - Started process (PID=1565) to work on /home/airflow/.local/lib/python3.8/site-packages/airflow/example_dags/example_python_operator.py
[2026-07-21T18:22:29.221+0000] {processor.py:830} INFO - Processing file /home/airflow/.local/lib/python3.8/site-packages/airflow/example_dags/example_python_operator.py for tasks to queue
[2026-07-21T18:22:29.223+0000] {logging_mixin.py:188} INFO - [2026-07-21T18:22:29.223+0000] {dagbag.py:538} INFO - Filling up the DagBag from /home/airflow/.local/lib/python3.8/site-packages/airflow/example_dags/example_python_operator.py
[2026-07-21T18:22:29.235+0000] {processor.py:840} INFO - DAG(s) 'example_python_operator' retrieved from /home/airflow/.local/lib/python3.8/site-packages/airflow/example_dags/example_python_operator.py
[2026-07-21T18:22:29.258+0000] {logging_mixin.py:188} INFO - [2026-07-21T18:22:29.258+0000] {dag.py:3036} INFO - Sync 1 DAGs
[2026-07-21T18:22:29.269+0000] {logging_mixin.py:188} INFO - [2026-07-21T18:22:29.269+0000] {dag.py:3823} INFO - Setting next_dagrun for example_python_operator to None, run_after=None
[2026-07-21T18:22:29.288+0000] {processor.py:183} INFO - Processing /home/airflow/.local/lib/python3.8/site-packages/airflow/example_dags/example_python_operator.py took 0.072 seconds
[2026-07-21T18:23:01.233+0000] {processor.py:161} INFO - Started process (PID=1621) to work on /home/airflow/.local/lib/python3.8/site-packages/airflow/example_dags/example_python_operator.py
[2026-07-21T18:23:01.235+0000] {processor.py:830} INFO - Processing file /home/airflow/.local/lib/python3.8/site-packages/airflow/example_dags/example_python_operator.py for tasks to queue
[2026-07-21T18:23:01.237+0000] {logging_mixin.py:188} INFO - [2026-07-21T18:23:01.236+0000] {dagbag.py:538} INFO - Filling up the DagBag from /home/airflow/.local/lib/python3.8/site-packages/airflow/example_dags/example_python_operator.py
[2026-07-21T18:23:01.248+0000] {processor.py:840} INFO - DAG(s) 'example_python_operator' retrieved from /home/airflow/.local/lib/python3.8/site-packages/airflow/example_dags/example_python_operator.py
[2026-07-21T18:23:01.420+0000] {logging_mixin.py:188} INFO - [2026-07-21T18:23:01.420+0000] {dag.py:3036} INFO - Sync 1 DAGs
[2026-07-21T18:23:01.430+0000] {logging_mixin.py:188} INFO - [2026-07-21T18:23:01.430+0000] {dag.py:3823} INFO - Setting next_dagrun for example_python_operator to None, run_after=None
[2026-07-21T18:23:01.447+0000] {processor.py:183} INFO - Processing /home/airflow/.local/lib/python3.8/site-packages/airflow/example_dags/example_python_operator.py took 0.217 seconds
[2026-07-21T18:23:32.476+0000] {processor.py:161} INFO - Started process (PID=1677) to work on /home/airflow/.local/lib/python3.8/site-packages/airflow/example_dags/example_python_operator.py
[2026-07-21T18:23:32.477+0000] {processor.py:830} INFO - Processing file /home/airflow/.local/lib/python3.8/site-packages/airflow/example_dags/example_python_operator.py for tasks to queue
[2026-07-21T18:23:32.479+0000] {logging_mixin.py:188} INFO - [2026-07-21T18:23:32.479+0000] {dagbag.py:538} INFO - Filling up the DagBag from /home/airflow/.local/lib/python3.8/site-packages/airflow/example_dags/example_python_operator.py
[2026-07-21T18:23:32.489+0000] {processor.py:840} INFO - DAG(s) 'example_python_operator' retrieved from /home/airflow/.local/lib/python3.8/site-packages/airflow/example_dags/example_python_operator.py
[2026-07-21T18:23:32.513+0000] {logging_mixin.py:188} INFO - [2026-07-21T18:23:32.512+0000] {dag.py:3036} INFO - Sync 1 DAGs
[2026-07-21T18:23:32.677+0000] {logging_mixin.py:188} INFO - [2026-07-21T18:23:32.676+0000] {dag.py:3823} INFO - Setting next_dagrun for example_python_operator to None, run_after=None
[2026-07-21T18:23:32.694+0000] {processor.py:183} INFO - Processing /home/airflow/.local/lib/python3.8/site-packages/airflow/example_dags/example_python_operator.py took 0.222 seconds
[2026-07-21T18:24:03.302+0000] {processor.py:161} INFO - Started process (PID=1733) to work on /home/airflow/.local/lib/python3.8/site-packages/airflow/example_dags/example_python_operator.py
[2026-07-21T18:24:03.303+0000] {processor.py:830} INFO - Processing file /home/airflow/.local/lib/python3.8/site-packages/airflow/example_dags/example_python_operator.py for tasks to queue
[2026-07-21T18:24:03.306+0000] {logging_mixin.py:188} INFO - [2026-07-21T18:24:03.305+0000] {dagbag.py:538} INFO - Filling up the DagBag from /home/airflow/.local/lib/python3.8/site-packages/airflow/example_dags/example_python_operator.py
[2026-07-21T18:24:03.318+0000] {processor.py:840} INFO - DAG(s) 'example_python_operator' retrieved from /home/airflow/.local/lib/python3.8/site-packages/airflow/example_dags/example_python_operator.py
[2026-07-21T18:24:03.343+0000] {logging_mixin.py:188} INFO - [2026-07-21T18:24:03.343+0000] {dag.py:3036} INFO - Sync 1 DAGs
[2026-07-21T18:24:03.356+0000] {logging_mixin.py:188} INFO - [2026-07-21T18:24:03.356+0000] {dag.py:3823} INFO - Setting next_dagrun for example_python_operator to None, run_after=None
[2026-07-21T18:24:03.379+0000] {processor.py:183} INFO - Processing /home/airflow/.local/lib/python3.8/site-packages/airflow/example_dags/example_python_operator.py took 0.081 seconds
[2026-07-21T18:24:33.568+0000] {processor.py:161} INFO - Started process (PID=1789) to work on /home/airflow/.local/lib/python3.8/site-packages/airflow/example_dags/example_python_operator.py
[2026-07-21T18:24:33.570+0000] {processor.py:830} INFO - Processing file /home/airflow/.local/lib/python3.8/site-packages/airflow/example_dags/example_python_operator.py for tasks to queue
[2026-07-21T18:24:33.573+0000] {logging_mixin.py:188} INFO - [2026-07-21T18:24:33.572+0000] {dagbag.py:538} INFO - Filling up the DagBag from /home/airflow/.local/lib/python3.8/site-packages/airflow/example_dags/example_python_operator.py
[2026-07-21T18:24:33.586+0000] {processor.py:840} INFO - DAG(s) 'example_python_operator' retrieved from /home/airflow/.local/lib/python3.8/site-packages/airflow/example_dags/example_python_operator.py
[2026-07-21T18:24:33.614+0000] {logging_mixin.py:188} INFO - [2026-07-21T18:24:33.614+0000] {dag.py:3036} INFO - Sync 1 DAGs
[2026-07-21T18:24:33.627+0000] {logging_mixin.py:188} INFO - [2026-07-21T18:24:33.627+0000] {dag.py:3823} INFO - Setting next_dagrun for example_python_operator to None, run_after=None
[2026-07-21T18:24:33.650+0000] {processor.py:183} INFO - Processing /home/airflow/.local/lib/python3.8/site-packages/airflow/example_dags/example_python_operator.py took 0.086 seconds
[2026-07-21T18:25:03.799+0000] {processor.py:161} INFO - Started process (PID=1845) to work on /home/airflow/.local/lib/python3.8/site-packages/airflow/example_dags/example_python_operator.py
[2026-07-21T18:25:03.800+0000] {processor.py:830} INFO - Processing file /home/airflow/.local/lib/python3.8/site-packages/airflow/example_dags/example_python_operator.py for tasks to queue
[2026-07-21T18:25:03.802+0000] {logging_mixin.py:188} INFO - [2026-07-21T18:25:03.802+0000] {dagbag.py:538} INFO - Filling up the DagBag from /home/airflow/.local/lib/python3.8/site-packages/airflow/example_dags/example_python_operator.py
[2026-07-21T18:25:03.814+0000] {processor.py:840} INFO - DAG(s) 'example_python_operator' retrieved from /home/airflow/.local/lib/python3.8/site-packages/airflow/example_dags/example_python_operator.py
[2026-07-21T18:25:03.838+0000] {logging_mixin.py:188} INFO - [2026-07-21T18:25:03.838+0000] {dag.py:3036} INFO - Sync 1 DAGs
[2026-07-21T18:25:03.851+0000] {logging_mixin.py:188} INFO - [2026-07-21T18:25:03.850+0000] {dag.py:3823} INFO - Setting next_dagrun for example_python_operator to None, run_after=None
[2026-07-21T18:25:03.872+0000] {processor.py:183} INFO - Processing /home/airflow/.local/lib/python3.8/site-packages/airflow/example_dags/example_python_operator.py took 0.077 seconds
[2026-07-21T18:25:34.233+0000] {processor.py:161} INFO - Started process (PID=1901) to work on /home/airflow/.local/lib/python3.8/site-packages/airflow/example_dags/example_python_operator.py
[2026-07-21T18:25:34.234+0000] {processor.py:830} INFO - Processing file /home/airflow/.local/lib/python3.8/site-packages/airflow/example_dags/example_python_operator.py for tasks to queue
[2026-07-21T18:25:34.237+0000] {logging_mixin.py:188} INFO - [2026-07-21T18:25:34.236+0000] {dagbag.py:538} INFO - Filling up the DagBag from /home/airflow/.local/lib/python3.8/site-packages/airflow/example_dags/example_python_operator.py
[2026-07-21T18:25:34.248+0000] {processor.py:840} INFO - DAG(s) 'example_python_operator' retrieved from /home/airflow/.local/lib/python3.8/site-packages/airflow/example_dags/example_python_operator.py
[2026-07-21T18:25:34.275+0000] {logging_mixin.py:188} INFO - [2026-07-21T18:25:34.274+0000] {dag.py:3036} INFO - Sync 1 DAGs
[2026-07-21T18:25:34.287+0000] {logging_mixin.py:188} INFO - [2026-07-21T18:25:34.287+0000] {dag.py:3823} INFO - Setting next_dagrun for example_python_operator to None, run_after=None
[2026-07-21T18:25:34.307+0000] {processor.py:183} INFO - Processing /home/airflow/.local/lib/python3.8/site-packages/airflow/example_dags/example_python_operator.py took 0.078 seconds
[2026-07-21T18:26:04.823+0000] {processor.py:161} INFO - Started process (PID=1957) to work on /home/airflow/.local/lib/python3.8/site-packages/airflow/example_dags/example_python_operator.py
[2026-07-21T18:26:04.824+0000] {processor.py:830} INFO - Processing file /home/airflow/.local/lib/python3.8/site-packages/airflow/example_dags/example_python_operator.py for tasks to queue
[2026-07-21T18:26:04.826+0000] {logging_mixin.py:188} INFO - [2026-07-21T18:26:04.826+0000] {dagbag.py:538} INFO - Filling up the DagBag from /home/airflow/.local/lib/python3.8/site-packages/airflow/example_dags/example_python_operator.py
[2026-07-21T18:26:04.838+0000] {processor.py:840} INFO - DAG(s) 'example_python_operator' retrieved from /home/airflow/.local/lib/python3.8/site-packages/airflow/example_dags/example_python_operator.py
[2026-07-21T18:26:04.863+0000] {logging_mixin.py:188} INFO - [2026-07-21T18:26:04.863+0000] {dag.py:3036} INFO - Sync 1 DAGs
[2026-07-21T18:26:04.878+0000] {logging_mixin.py:188} INFO - [2026-07-21T18:26:04.877+0000] {dag.py:3823} INFO - Setting next_dagrun for example_python_operator to None, run_after=None
[2026-07-21T18:26:04.899+0000] {processor.py:183} INFO - Processing /home/airflow/.local/lib/python3.8/site-packages/airflow/example_dags/example_python_operator.py took 0.080 seconds
[2026-07-21T18:26:35.558+0000] {processor.py:161} INFO - Started process (PID=2013) to work on /home/airflow/.local/lib/python3.8/site-packages/airflow/example_dags/example_python_operator.py
[2026-07-21T18:26:35.560+0000] {processor.py:830} INFO - Processing file /home/airflow/.local/lib/python3.8/site-packages/airflow/example_dags/example_python_operator.py for tasks to queue
[2026-07-21T18:26:35.563+0000] {logging_mixin.py:188} INFO - [2026-07-21T18:26:35.563+0000] {dagbag.py:538} INFO - Filling up the DagBag from /home/airflow/.local/lib/python3.8/site-packages/airflow/example_dags/example_python_operator.py
[2026-07-21T18:26:35.579+0000] {processor.py:840} INFO - DAG(s) 'example_python_operator' retrieved from /home/airflow/.local/lib/python3.8/site-packages/airflow/example_dags/example_python_operator.py
[2026-07-21T18:26:35.608+0000] {logging_mixin.py:188} INFO - [2026-07-21T18:26:35.607+0000] {dag.py:3036} INFO - Sync 1 DAGs
[2026-07-21T18:26:35.622+0000] {logging_mixin.py:188} INFO - [2026-07-21T18:26:35.621+0000] {dag.py:3823} INFO - Setting next_dagrun for example_python_operator to None, run_after=None
[2026-07-21T18:26:35.646+0000] {processor.py:183} INFO - Processing /home/airflow/.local/lib/python3.8/site-packages/airflow/example_dags/example_python_operator.py took 0.093 seconds
[2026-07-21T18:27:05.932+0000] {processor.py:161} INFO - Started process (PID=2069) to work on /home/airflow/.local/lib/python3.8/site-packages/airflow/example_dags/example_python_operator.py
[2026-07-21T18:27:05.933+0000] {processor.py:830} INFO - Processing file /home/airflow/.local/lib/python3.8/site-packages/airflow/example_dags/example_python_operator.py for tasks to queue
[2026-07-21T18:27:05.935+0000] {logging_mixin.py:188} INFO - [2026-07-21T18:27:05.935+0000] {dagbag.py:538} INFO - Filling up the DagBag from /home/airflow/.local/lib/python3.8/site-packages/airflow/example_dags/example_python_operator.py
[2026-07-21T18:27:05.946+0000] {processor.py:840} INFO - DAG(s) 'example_python_operator' retrieved from /home/airflow/.local/lib/python3.8/site-packages/airflow/example_dags/example_python_operator.py
[2026-07-21T18:27:05.968+0000] {logging_mixin.py:188} INFO - [2026-07-21T18:27:05.968+0000] {dag.py:3036} INFO - Sync 1 DAGs
[2026-07-21T18:27:05.979+0000] {logging_mixin.py:188} INFO - [2026-07-21T18:27:05.979+0000] {dag.py:3823} INFO - Setting next_dagrun for example_python_operator to None, run_after=None
[2026-07-21T18:27:05.997+0000] {processor.py:183} INFO - Processing /home/airflow/.local/lib/python3.8/site-packages/airflow/example_dags/example_python_operator.py took 0.068 seconds
[2026-07-21T18:27:36.646+0000] {processor.py:161} INFO - Started process (PID=2125) to work on /home/airflow/.local/lib/python3.8/site-packages/airflow/example_dags/example_python_operator.py
[2026-07-21T18:27:36.648+0000] {processor.py:830} INFO - Processing file /home/airflow/.local/lib/python3.8/site-packages/airflow/example_dags/example_python_operator.py for tasks to queue
[2026-07-21T18:27:36.649+0000] {logging_mixin.py:188} INFO - [2026-07-21T18:27:36.649+0000] {dagbag.py:538} INFO - Filling up the DagBag from /home/airflow/.local/lib/python3.8/site-packages/airflow/example_dags/example_python_operator.py
[2026-07-21T18:27:36.660+0000] {processor.py:840} INFO - DAG(s) 'example_python_operator' retrieved from /home/airflow/.local/lib/python3.8/site-packages/airflow/example_dags/example_python_operator.py
[2026-07-21T18:27:36.683+0000] {logging_mixin.py:188} INFO - [2026-07-21T18:27:36.683+0000] {dag.py:3036} INFO - Sync 1 DAGs
[2026-07-21T18:27:36.694+0000] {logging_mixin.py:188} INFO - [2026-07-21T18:27:36.693+0000] {dag.py:3823} INFO - Setting next_dagrun for example_python_operator to None, run_after=None
[2026-07-21T18:27:36.712+0000] {processor.py:183} INFO - Processing /home/airflow/.local/lib/python3.8/site-packages/airflow/example_dags/example_python_operator.py took 0.069 seconds
[2026-07-21T18:28:07.264+0000] {processor.py:161} INFO - Started process (PID=2181) to work on /home/airflow/.local/lib/python3.8/site-packages/airflow/example_dags/example_python_operator.py
[2026-07-21T18:28:07.265+0000] {processor.py:830} INFO - Processing file /home/airflow/.local/lib/python3.8/site-packages/airflow/example_dags/example_python_operator.py for tasks to queue
[2026-07-21T18:28:07.267+0000] {logging_mixin.py:188} INFO - [2026-07-21T18:28:07.266+0000] {dagbag.py:538} INFO - Filling up the DagBag from /home/airflow/.local/lib/python3.8/site-packages/airflow/example_dags/example_python_operator.py
[2026-07-21T18:28:07.278+0000] {processor.py:840} INFO - DAG(s) 'example_python_operator' retrieved from /home/airflow/.local/lib/python3.8/site-packages/airflow/example_dags/example_python_operator.py
[2026-07-21T18:28:07.300+0000] {logging_mixin.py:188} INFO - [2026-07-21T18:28:07.300+0000] {dag.py:3036} INFO - Sync 1 DAGs
[2026-07-21T18:28:07.311+0000] {logging_mixin.py:188} INFO - [2026-07-21T18:28:07.311+0000] {dag.py:3823} INFO - Setting next_dagrun for example_python_operator to None, run_after=None
[2026-07-21T18:28:07.332+0000] {processor.py:183} INFO - Processing /home/airflow/.local/lib/python3.8/site-packages/airflow/example_dags/example_python_operator.py took 0.071 seconds
[2026-07-21T18:28:37.710+0000] {processor.py:161} INFO - Started process (PID=2237) to work on /home/airflow/.local/lib/python3.8/site-packages/airflow/example_dags/example_python_operator.py
[2026-07-21T18:28:37.711+0000] {processor.py:830} INFO - Processing file /home/airflow/.local/lib/python3.8/site-packages/airflow/example_dags/example_python_operator.py for tasks to queue
[2026-07-21T18:28:37.713+0000] {logging_mixin.py:188} INFO - [2026-07-21T18:28:37.713+0000] {dagbag.py:538} INFO - Filling up the DagBag from /home/airflow/.local/lib/python3.8/site-packages/airflow/example_dags/example_python_operator.py
[2026-07-21T18:28:37.723+0000] {processor.py:840} INFO - DAG(s) 'example_python_operator' retrieved from /home/airflow/.local/lib/python3.8/site-packages/airflow/example_dags/example_python_operator.py
[2026-07-21T18:28:37.745+0000] {logging_mixin.py:188} INFO - [2026-07-21T18:28:37.745+0000] {dag.py:3036} INFO - Sync 1 DAGs
[2026-07-21T18:28:37.756+0000] {logging_mixin.py:188} INFO - [2026-07-21T18:28:37.756+0000] {dag.py:3823} INFO - Setting next_dagrun for example_python_operator to None, run_after=None
[2026-07-21T18:28:37.779+0000] {processor.py:183} INFO - Processing /home/airflow/.local/lib/python3.8/site-packages/airflow/example_dags/example_python_operator.py took 0.072 seconds
[2026-07-21T18:29:07.905+0000] {processor.py:161} INFO - Started process (PID=2293) to work on /home/airflow/.local/lib/python3.8/site-packages/airflow/example_dags/example_python_operator.py
[2026-07-21T18:29:07.907+0000] {processor.py:830} INFO - Processing file /home/airflow/.local/lib/python3.8/site-packages/airflow/example_dags/example_python_operator.py for tasks to queue
[2026-07-21T18:29:07.909+0000] {logging_mixin.py:188} INFO - [2026-07-21T18:29:07.909+0000] {dagbag.py:538} INFO - Filling up the DagBag from /home/airflow/.local/lib/python3.8/site-packages/airflow/example_dags/example_python_operator.py
[2026-07-21T18:29:07.921+0000] {processor.py:840} INFO - DAG(s) 'example_python_operator' retrieved from /home/airflow/.local/lib/python3.8/site-packages/airflow/example_dags/example_python_operator.py
[2026-07-21T18:29:07.943+0000] {logging_mixin.py:188} INFO - [2026-07-21T18:29:07.943+0000] {dag.py:3036} INFO - Sync 1 DAGs
[2026-07-21T18:29:07.955+0000] {logging_mixin.py:188} INFO - [2026-07-21T18:29:07.955+0000] {dag.py:3823} INFO - Setting next_dagrun for example_python_operator to None, run_after=None
[2026-07-21T18:29:07.974+0000] {processor.py:183} INFO - Processing /home/airflow/.local/lib/python3.8/site-packages/airflow/example_dags/example_python_operator.py took 0.073 seconds
[2026-07-21T18:29:38.545+0000] {processor.py:161} INFO - Started process (PID=2349) to work on /home/airflow/.local/lib/python3.8/site-packages/airflow/example_dags/example_python_operator.py
[2026-07-21T18:29:38.546+0000] {processor.py:830} INFO - Processing file /home/airflow/.local/lib/python3.8/site-packages/airflow/example_dags/example_python_operator.py for tasks to queue
[2026-07-21T18:29:38.548+0000] {logging_mixin.py:188} INFO - [2026-07-21T18:29:38.548+0000] {dagbag.py:538} INFO - Filling up the DagBag from /home/airflow/.local/lib/python3.8/site-packages/airflow/example_dags/example_python_operator.py
[2026-07-21T18:29:38.559+0000] {processor.py:840} INFO - DAG(s) 'example_python_operator' retrieved from /home/airflow/.local/lib/python3.8/site-packages/airflow/example_dags/example_python_operator.py
[2026-07-21T18:29:38.582+0000] {logging_mixin.py:188} INFO - [2026-07-21T18:29:38.581+0000] {dag.py:3036} INFO - Sync 1 DAGs
[2026-07-21T18:29:38.593+0000] {logging_mixin.py:188} INFO - [2026-07-21T18:29:38.593+0000] {dag.py:3823} INFO - Setting next_dagrun for example_python_operator to None, run_after=None
[2026-07-21T18:29:38.615+0000] {processor.py:183} INFO - Processing /home/airflow/.local/lib/python3.8/site-packages/airflow/example_dags/example_python_operator.py took 0.073 seconds
[2026-07-21T18:30:09.002+0000] {processor.py:161} INFO - Started process (PID=2405) to work on /home/airflow/.local/lib/python3.8/site-packages/airflow/example_dags/example_python_operator.py
[2026-07-21T18:30:09.003+0000] {processor.py:830} INFO - Processing file /home/airflow/.local/lib/python3.8/site-packages/airflow/example_dags/example_python_operator.py for tasks to queue
[2026-07-21T18:30:09.005+0000] {logging_mixin.py:188} INFO - [2026-07-21T18:30:09.005+0000] {dagbag.py:538} INFO - Filling up the DagBag from /home/airflow/.local/lib/python3.8/site-packages/airflow/example_dags/example_python_operator.py
[2026-07-21T18:30:09.016+0000] {processor.py:840} INFO - DAG(s) 'example_python_operator' retrieved from /home/airflow/.local/lib/python3.8/site-packages/airflow/example_dags/example_python_operator.py
[2026-07-21T18:30:09.038+0000] {logging_mixin.py:188} INFO - [2026-07-21T18:30:09.038+0000] {dag.py:3036} INFO - Sync 1 DAGs
[2026-07-21T18:30:09.049+0000] {logging_mixin.py:188} INFO - [2026-07-21T18:30:09.049+0000] {dag.py:3823} INFO - Setting next_dagrun for example_python_operator to None, run_after=None
[2026-07-21T18:30:09.071+0000] {processor.py:183} INFO - Processing /home/airflow/.local/lib/python3.8/site-packages/airflow/example_dags/example_python_operator.py took 0.072 seconds
[2026-07-21T18:30:39.359+0000] {processor.py:161} INFO - Started process (PID=2461) to work on /home/airflow/.local/lib/python3.8/site-packages/airflow/example_dags/example_python_operator.py
[2026-07-21T18:30:39.360+0000] {processor.py:830} INFO - Processing file /home/airflow/.local/lib/python3.8/site-packages/airflow/example_dags/example_python_operator.py for tasks to queue
[2026-07-21T18:30:39.362+0000] {logging_mixin.py:188} INFO - [2026-07-21T18:30:39.362+0000] {dagbag.py:538} INFO - Filling up the DagBag from /home/airflow/.local/lib/python3.8/site-packages/airflow/example_dags/example_python_operator.py
[2026-07-21T18:30:39.373+0000] {processor.py:840} INFO - DAG(s) 'example_python_operator' retrieved from /home/airflow/.local/lib/python3.8/site-packages/airflow/example_dags/example_python_operator.py
[2026-07-21T18:30:39.395+0000] {logging_mixin.py:188} INFO - [2026-07-21T18:30:39.395+0000] {dag.py:3036} INFO - Sync 1 DAGs
[2026-07-21T18:30:39.408+0000] {logging_mixin.py:188} INFO - [2026-07-21T18:30:39.408+0000] {dag.py:3823} INFO - Setting next_dagrun for example_python_operator to None, run_after=None
[2026-07-21T18:30:39.427+0000] {processor.py:183} INFO - Processing /home/airflow/.local/lib/python3.8/site-packages/airflow/example_dags/example_python_operator.py took 0.071 seconds
[2026-07-21T18:31:09.771+0000] {processor.py:161} INFO - Started process (PID=2517) to work on /home/airflow/.local/lib/python3.8/site-packages/airflow/example_dags/example_python_operator.py
[2026-07-21T18:31:09.772+0000] {processor.py:830} INFO - Processing file /home/airflow/.local/lib/python3.8/site-packages/airflow/example_dags/example_python_operator.py for tasks to queue
[2026-07-21T18:31:09.774+0000] {logging_mixin.py:188} INFO - [2026-07-21T18:31:09.774+0000] {dagbag.py:538} INFO - Filling up the DagBag from /home/airflow/.local/lib/python3.8/site-packages/airflow/example_dags/example_python_operator.py
[2026-07-21T18:31:09.785+0000] {processor.py:840} INFO - DAG(s) 'example_python_operator' retrieved from /home/airflow/.local/lib/python3.8/site-packages/airflow/example_dags/example_python_operator.py
[2026-07-21T18:31:09.806+0000] {logging_mixin.py:188} INFO - [2026-07-21T18:31:09.806+0000] {dag.py:3036} INFO - Sync 1 DAGs
[2026-07-21T18:31:09.817+0000] {logging_mixin.py:188} INFO - [2026-07-21T18:31:09.817+0000] {dag.py:3823} INFO - Setting next_dagrun for example_python_operator to None, run_after=None
[2026-07-21T18:31:09.837+0000] {processor.py:183} INFO - Processing /home/airflow/.local/lib/python3.8/site-packages/airflow/example_dags/example_python_operator.py took 0.069 seconds
[2026-07-21T18:34:12.046+0000] {processor.py:161} INFO - Started process (PID=64) to work on /home/airflow/.local/lib/python3.10/site-packages/airflow/example_dags/example_python_operator.py
[2026-07-21T18:34:12.048+0000] {processor.py:830} INFO - Processing file /home/airflow/.local/lib/python3.10/site-packages/airflow/example_dags/example_python_operator.py for tasks to queue
[2026-07-21T18:34:12.051+0000] {logging_mixin.py:188} INFO - [2026-07-21T18:34:12.050+0000] {dagbag.py:538} INFO - Filling up the DagBag from /home/airflow/.local/lib/python3.10/site-packages/airflow/example_dags/example_python_operator.py
[2026-07-21T18:34:12.131+0000] {processor.py:840} INFO - DAG(s) 'example_python_operator' retrieved from /home/airflow/.local/lib/python3.10/site-packages/airflow/example_dags/example_python_operator.py
[2026-07-21T18:34:12.179+0000] {logging_mixin.py:188} INFO - [2026-07-21T18:34:12.178+0000] {dag.py:3036} INFO - Sync 1 DAGs
[2026-07-21T18:34:12.233+0000] {logging_mixin.py:188} INFO - [2026-07-21T18:34:12.232+0000] {dag.py:3823} INFO - Setting next_dagrun for example_python_operator to None, run_after=None
[2026-07-21T18:34:12.294+0000] {processor.py:183} INFO - Processing /home/airflow/.local/lib/python3.10/site-packages/airflow/example_dags/example_python_operator.py took 0.282 seconds
[2026-07-21T18:34:42.408+0000] {processor.py:161} INFO - Started process (PID=126) to work on /home/airflow/.local/lib/python3.10/site-packages/airflow/example_dags/example_python_operator.py
[2026-07-21T18:34:42.410+0000] {processor.py:830} INFO - Processing file /home/airflow/.local/lib/python3.10/site-packages/airflow/example_dags/example_python_operator.py for tasks to queue
[2026-07-21T18:34:42.412+0000] {logging_mixin.py:188} INFO - [2026-07-21T18:34:42.412+0000] {dagbag.py:538} INFO - Filling up the DagBag from /home/airflow/.local/lib/python3.10/site-packages/airflow/example_dags/example_python_operator.py
[2026-07-21T18:34:42.425+0000] {processor.py:840} INFO - DAG(s) 'example_python_operator' retrieved from /home/airflow/.local/lib/python3.10/site-packages/airflow/example_dags/example_python_operator.py
[2026-07-21T18:34:42.517+0000] {logging_mixin.py:188} INFO - [2026-07-21T18:34:42.516+0000] {dag.py:3036} INFO - Sync 1 DAGs
[2026-07-21T18:34:42.526+0000] {logging_mixin.py:188} INFO - [2026-07-21T18:34:42.525+0000] {dag.py:3823} INFO - Setting next_dagrun for example_python_operator to None, run_after=None
[2026-07-21T18:34:42.544+0000] {processor.py:183} INFO - Processing /home/airflow/.local/lib/python3.10/site-packages/airflow/example_dags/example_python_operator.py took 0.140 seconds
[2026-07-21T18:35:12.944+0000] {processor.py:161} INFO - Started process (PID=182) to work on /home/airflow/.local/lib/python3.10/site-packages/airflow/example_dags/example_python_operator.py
[2026-07-21T18:35:12.945+0000] {processor.py:830} INFO - Processing file /home/airflow/.local/lib/python3.10/site-packages/airflow/example_dags/example_python_operator.py for tasks to queue
[2026-07-21T18:35:12.947+0000] {logging_mixin.py:188} INFO - [2026-07-21T18:35:12.947+0000] {dagbag.py:538} INFO - Filling up the DagBag from /home/airflow/.local/lib/python3.10/site-packages/airflow/example_dags/example_python_operator.py
[2026-07-21T18:35:12.958+0000] {processor.py:840} INFO - DAG(s) 'example_python_operator' retrieved from /home/airflow/.local/lib/python3.10/site-packages/airflow/example_dags/example_python_operator.py
[2026-07-21T18:35:12.981+0000] {logging_mixin.py:188} INFO - [2026-07-21T18:35:12.980+0000] {dag.py:3036} INFO - Sync 1 DAGs
[2026-07-21T18:35:12.991+0000] {logging_mixin.py:188} INFO - [2026-07-21T18:35:12.991+0000] {dag.py:3823} INFO - Setting next_dagrun for example_python_operator to None, run_after=None
[2026-07-21T18:35:13.009+0000] {processor.py:183} INFO - Processing /home/airflow/.local/lib/python3.10/site-packages/airflow/example_dags/example_python_operator.py took 0.069 seconds
[2026-07-21T18:35:43.125+0000] {processor.py:161} INFO - Started process (PID=238) to work on /home/airflow/.local/lib/python3.10/site-packages/airflow/example_dags/example_python_operator.py
[2026-07-21T18:35:43.126+0000] {processor.py:830} INFO - Processing file /home/airflow/.local/lib/python3.10/site-packages/airflow/example_dags/example_python_operator.py for tasks to queue
[2026-07-21T18:35:43.128+0000] {logging_mixin.py:188} INFO - [2026-07-21T18:35:43.128+0000] {dagbag.py:538} INFO - Filling up the DagBag from /home/airflow/.local/lib/python3.10/site-packages/airflow/example_dags/example_python_operator.py
[2026-07-21T18:35:43.139+0000] {processor.py:840} INFO - DAG(s) 'example_python_operator' retrieved from /home/airflow/.local/lib/python3.10/site-packages/airflow/example_dags/example_python_operator.py
[2026-07-21T18:35:43.162+0000] {logging_mixin.py:188} INFO - [2026-07-21T18:35:43.162+0000] {dag.py:3036} INFO - Sync 1 DAGs
[2026-07-21T18:35:43.174+0000] {logging_mixin.py:188} INFO - [2026-07-21T18:35:43.173+0000] {dag.py:3823} INFO - Setting next_dagrun for example_python_operator to None, run_after=None
[2026-07-21T18:35:43.193+0000] {processor.py:183} INFO - Processing /home/airflow/.local/lib/python3.10/site-packages/airflow/example_dags/example_python_operator.py took 0.072 seconds
[2026-07-21T18:36:13.712+0000] {processor.py:161} INFO - Started process (PID=294) to work on /home/airflow/.local/lib/python3.10/site-packages/airflow/example_dags/example_python_operator.py
[2026-07-21T18:36:13.714+0000] {processor.py:830} INFO - Processing file /home/airflow/.local/lib/python3.10/site-packages/airflow/example_dags/example_python_operator.py for tasks to queue
[2026-07-21T18:36:13.716+0000] {logging_mixin.py:188} INFO - [2026-07-21T18:36:13.716+0000] {dagbag.py:538} INFO - Filling up the DagBag from /home/airflow/.local/lib/python3.10/site-packages/airflow/example_dags/example_python_operator.py
[2026-07-21T18:36:13.733+0000] {processor.py:840} INFO - DAG(s) 'example_python_operator' retrieved from /home/airflow/.local/lib/python3.10/site-packages/airflow/example_dags/example_python_operator.py
[2026-07-21T18:36:13.762+0000] {logging_mixin.py:188} INFO - [2026-07-21T18:36:13.762+0000] {dag.py:3036} INFO - Sync 1 DAGs
[2026-07-21T18:36:13.775+0000] {logging_mixin.py:188} INFO - [2026-07-21T18:36:13.775+0000] {dag.py:3823} INFO - Setting next_dagrun for example_python_operator to None, run_after=None
[2026-07-21T18:36:13.797+0000] {processor.py:183} INFO - Processing /home/airflow/.local/lib/python3.10/site-packages/airflow/example_dags/example_python_operator.py took 0.089 seconds
[2026-07-21T18:36:44.125+0000] {processor.py:161} INFO - Started process (PID=350) to work on /home/airflow/.local/lib/python3.10/site-packages/airflow/example_dags/example_python_operator.py
[2026-07-21T18:36:44.126+0000] {processor.py:830} INFO - Processing file /home/airflow/.local/lib/python3.10/site-packages/airflow/example_dags/example_python_operator.py for tasks to queue
[2026-07-21T18:36:44.128+0000] {logging_mixin.py:188} INFO - [2026-07-21T18:36:44.128+0000] {dagbag.py:538} INFO - Filling up the DagBag from /home/airflow/.local/lib/python3.10/site-packages/airflow/example_dags/example_python_operator.py
[2026-07-21T18:36:44.139+0000] {processor.py:840} INFO - DAG(s) 'example_python_operator' retrieved from /home/airflow/.local/lib/python3.10/site-packages/airflow/example_dags/example_python_operator.py
[2026-07-21T18:36:44.162+0000] {logging_mixin.py:188} INFO - [2026-07-21T18:36:44.161+0000] {dag.py:3036} INFO - Sync 1 DAGs
[2026-07-21T18:36:44.172+0000] {logging_mixin.py:188} INFO - [2026-07-21T18:36:44.172+0000] {dag.py:3823} INFO - Setting next_dagrun for example_python_operator to None, run_after=None
[2026-07-21T18:36:44.191+0000] {processor.py:183} INFO - Processing /home/airflow/.local/lib/python3.10/site-packages/airflow/example_dags/example_python_operator.py took 0.069 seconds
[2026-07-21T18:37:14.423+0000] {processor.py:161} INFO - Started process (PID=406) to work on /home/airflow/.local/lib/python3.10/site-packages/airflow/example_dags/example_python_operator.py
[2026-07-21T18:37:14.425+0000] {processor.py:830} INFO - Processing file /home/airflow/.local/lib/python3.10/site-packages/airflow/example_dags/example_python_operator.py for tasks to queue
[2026-07-21T18:37:14.427+0000] {logging_mixin.py:188} INFO - [2026-07-21T18:37:14.427+0000] {dagbag.py:538} INFO - Filling up the DagBag from /home/airflow/.local/lib/python3.10/site-packages/airflow/example_dags/example_python_operator.py
[2026-07-21T18:37:14.438+0000] {processor.py:840} INFO - DAG(s) 'example_python_operator' retrieved from /home/airflow/.local/lib/python3.10/site-packages/airflow/example_dags/example_python_operator.py
[2026-07-21T18:37:14.462+0000] {logging_mixin.py:188} INFO - [2026-07-21T18:37:14.461+0000] {dag.py:3036} INFO - Sync 1 DAGs
[2026-07-21T18:37:14.473+0000] {logging_mixin.py:188} INFO - [2026-07-21T18:37:14.473+0000] {dag.py:3823} INFO - Setting next_dagrun for example_python_operator to None, run_after=None
[2026-07-21T18:37:14.492+0000] {processor.py:183} INFO - Processing /home/airflow/.local/lib/python3.10/site-packages/airflow/example_dags/example_python_operator.py took 0.073 seconds
[2026-07-21T18:37:44.705+0000] {processor.py:161} INFO - Started process (PID=462) to work on /home/airflow/.local/lib/python3.10/site-packages/airflow/example_dags/example_python_operator.py
[2026-07-21T18:37:44.706+0000] {processor.py:830} INFO - Processing file /home/airflow/.local/lib/python3.10/site-packages/airflow/example_dags/example_python_operator.py for tasks to queue
[2026-07-21T18:37:44.708+0000] {logging_mixin.py:188} INFO - [2026-07-21T18:37:44.708+0000] {dagbag.py:538} INFO - Filling up the DagBag from /home/airflow/.local/lib/python3.10/site-packages/airflow/example_dags/example_python_operator.py
[2026-07-21T18:37:44.719+0000] {processor.py:840} INFO - DAG(s) 'example_python_operator' retrieved from /home/airflow/.local/lib/python3.10/site-packages/airflow/example_dags/example_python_operator.py
[2026-07-21T18:37:44.740+0000] {logging_mixin.py:188} INFO - [2026-07-21T18:37:44.740+0000] {dag.py:3036} INFO - Sync 1 DAGs
[2026-07-21T18:37:44.750+0000] {logging_mixin.py:188} INFO - [2026-07-21T18:37:44.750+0000] {dag.py:3823} INFO - Setting next_dagrun for example_python_operator to None, run_after=None
[2026-07-21T18:37:44.767+0000] {processor.py:183} INFO - Processing /home/airflow/.local/lib/python3.10/site-packages/airflow/example_dags/example_python_operator.py took 0.066 seconds
[2026-07-21T18:38:15.232+0000] {processor.py:161} INFO - Started process (PID=518) to work on /home/airflow/.local/lib/python3.10/site-packages/airflow/example_dags/example_python_operator.py
[2026-07-21T18:38:15.233+0000] {processor.py:830} INFO - Processing file /home/airflow/.local/lib/python3.10/site-packages/airflow/example_dags/example_python_operator.py for tasks to queue
[2026-07-21T18:38:15.235+0000] {logging_mixin.py:188} INFO - [2026-07-21T18:38:15.235+0000] {dagbag.py:538} INFO - Filling up the DagBag from /home/airflow/.local/lib/python3.10/site-packages/airflow/example_dags/example_python_operator.py
[2026-07-21T18:38:15.246+0000] {processor.py:840} INFO - DAG(s) 'example_python_operator' retrieved from /home/airflow/.local/lib/python3.10/site-packages/airflow/example_dags/example_python_operator.py
[2026-07-21T18:38:15.268+0000] {logging_mixin.py:188} INFO - [2026-07-21T18:38:15.267+0000] {dag.py:3036} INFO - Sync 1 DAGs
[2026-07-21T18:38:15.278+0000] {logging_mixin.py:188} INFO - [2026-07-21T18:38:15.278+0000] {dag.py:3823} INFO - Setting next_dagrun for example_python_operator to None, run_after=None
[2026-07-21T18:38:15.295+0000] {processor.py:183} INFO - Processing /home/airflow/.local/lib/python3.10/site-packages/airflow/example_dags/example_python_operator.py took 0.067 seconds
[2026-07-21T18:38:45.733+0000] {processor.py:161} INFO - Started process (PID=574) to work on /home/airflow/.local/lib/python3.10/site-packages/airflow/example_dags/example_python_operator.py
[2026-07-21T18:38:45.734+0000] {processor.py:830} INFO - Processing file /home/airflow/.local/lib/python3.10/site-packages/airflow/example_dags/example_python_operator.py for tasks to queue
[2026-07-21T18:38:45.737+0000] {logging_mixin.py:188} INFO - [2026-07-21T18:38:45.736+0000] {dagbag.py:538} INFO - Filling up the DagBag from /home/airflow/.local/lib/python3.10/site-packages/airflow/example_dags/example_python_operator.py
[2026-07-21T18:38:45.750+0000] {processor.py:840} INFO - DAG(s) 'example_python_operator' retrieved from /home/airflow/.local/lib/python3.10/site-packages/airflow/example_dags/example_python_operator.py
[2026-07-21T18:38:45.775+0000] {logging_mixin.py:188} INFO - [2026-07-21T18:38:45.775+0000] {dag.py:3036} INFO - Sync 1 DAGs
[2026-07-21T18:38:45.787+0000] {logging_mixin.py:188} INFO - [2026-07-21T18:38:45.787+0000] {dag.py:3823} INFO - Setting next_dagrun for example_python_operator to None, run_after=None
[2026-07-21T18:38:45.804+0000] {processor.py:183} INFO - Processing /home/airflow/.local/lib/python3.10/site-packages/airflow/example_dags/example_python_operator.py took 0.077 seconds
[2026-07-21T18:39:16.024+0000] {processor.py:161} INFO - Started process (PID=630) to work on /home/airflow/.local/lib/python3.10/site-packages/airflow/example_dags/example_python_operator.py
[2026-07-21T18:39:16.025+0000] {processor.py:830} INFO - Processing file /home/airflow/.local/lib/python3.10/site-packages/airflow/example_dags/example_python_operator.py for tasks to queue
[2026-07-21T18:39:16.027+0000] {logging_mixin.py:188} INFO - [2026-07-21T18:39:16.027+0000] {dagbag.py:538} INFO - Filling up the DagBag from /home/airflow/.local/lib/python3.10/site-packages/airflow/example_dags/example_python_operator.py
[2026-07-21T18:39:16.039+0000] {processor.py:840} INFO - DAG(s) 'example_python_operator' retrieved from /home/airflow/.local/lib/python3.10/site-packages/airflow/example_dags/example_python_operator.py
[2026-07-21T18:39:16.060+0000] {logging_mixin.py:188} INFO - [2026-07-21T18:39:16.060+0000] {dag.py:3036} INFO - Sync 1 DAGs
[2026-07-21T18:39:16.071+0000] {logging_mixin.py:188} INFO - [2026-07-21T18:39:16.071+0000] {dag.py:3823} INFO - Setting next_dagrun for example_python_operator to None, run_after=None
[2026-07-21T18:39:16.088+0000] {processor.py:183} INFO - Processing /home/airflow/.local/lib/python3.10/site-packages/airflow/example_dags/example_python_operator.py took 0.068 seconds
[2026-07-21T18:39:46.139+0000] {processor.py:161} INFO - Started process (PID=686) to work on /home/airflow/.local/lib/python3.10/site-packages/airflow/example_dags/example_python_operator.py
[2026-07-21T18:39:46.140+0000] {processor.py:830} INFO - Processing file /home/airflow/.local/lib/python3.10/site-packages/airflow/example_dags/example_python_operator.py for tasks to queue
[2026-07-21T18:39:46.142+0000] {logging_mixin.py:188} INFO - [2026-07-21T18:39:46.142+0000] {dagbag.py:538} INFO - Filling up the DagBag from /home/airflow/.local/lib/python3.10/site-packages/airflow/example_dags/example_python_operator.py
[2026-07-21T18:39:46.153+0000] {processor.py:840} INFO - DAG(s) 'example_python_operator' retrieved from /home/airflow/.local/lib/python3.10/site-packages/airflow/example_dags/example_python_operator.py
[2026-07-21T18:39:46.176+0000] {logging_mixin.py:188} INFO - [2026-07-21T18:39:46.176+0000] {dag.py:3036} INFO - Sync 1 DAGs
[2026-07-21T18:39:46.187+0000] {logging_mixin.py:188} INFO - [2026-07-21T18:39:46.187+0000] {dag.py:3823} INFO - Setting next_dagrun for example_python_operator to None, run_after=None
[2026-07-21T18:39:46.205+0000] {processor.py:183} INFO - Processing /home/airflow/.local/lib/python3.10/site-packages/airflow/example_dags/example_python_operator.py took 0.071 seconds
[2026-07-21T18:40:16.822+0000] {processor.py:161} INFO - Started process (PID=742) to work on /home/airflow/.local/lib/python3.10/site-packages/airflow/example_dags/example_python_operator.py
[2026-07-21T18:40:16.823+0000] {processor.py:830} INFO - Processing file /home/airflow/.local/lib/python3.10/site-packages/airflow/example_dags/example_python_operator.py for tasks to queue
[2026-07-21T18:40:16.826+0000] {logging_mixin.py:188} INFO - [2026-07-21T18:40:16.826+0000] {dagbag.py:538} INFO - Filling up the DagBag from /home/airflow/.local/lib/python3.10/site-packages/airflow/example_dags/example_python_operator.py
[2026-07-21T18:40:16.837+0000] {processor.py:840} INFO - DAG(s) 'example_python_operator' retrieved from /home/airflow/.local/lib/python3.10/site-packages/airflow/example_dags/example_python_operator.py
[2026-07-21T18:40:16.859+0000] {logging_mixin.py:188} INFO - [2026-07-21T18:40:16.859+0000] {dag.py:3036} INFO - Sync 1 DAGs
[2026-07-21T18:40:16.869+0000] {logging_mixin.py:188} INFO - [2026-07-21T18:40:16.869+0000] {dag.py:3823} INFO - Setting next_dagrun for example_python_operator to None, run_after=None
[2026-07-21T18:40:16.887+0000] {processor.py:183} INFO - Processing /home/airflow/.local/lib/python3.10/site-packages/airflow/example_dags/example_python_operator.py took 0.068 seconds
[2026-07-21T18:40:46.962+0000] {processor.py:161} INFO - Started process (PID=798) to work on /home/airflow/.local/lib/python3.10/site-packages/airflow/example_dags/example_python_operator.py
[2026-07-21T18:40:46.964+0000] {processor.py:830} INFO - Processing file /home/airflow/.local/lib/python3.10/site-packages/airflow/example_dags/example_python_operator.py for tasks to queue
[2026-07-21T18:40:46.967+0000] {logging_mixin.py:188} INFO - [2026-07-21T18:40:46.967+0000] {dagbag.py:538} INFO - Filling up the DagBag from /home/airflow/.local/lib/python3.10/site-packages/airflow/example_dags/example_python_operator.py
[2026-07-21T18:40:46.978+0000] {processor.py:840} INFO - DAG(s) 'example_python_operator' retrieved from /home/airflow/.local/lib/python3.10/site-packages/airflow/example_dags/example_python_operator.py
[2026-07-21T18:40:47.000+0000] {logging_mixin.py:188} INFO - [2026-07-21T18:40:47.000+0000] {dag.py:3036} INFO - Sync 1 DAGs
[2026-07-21T18:40:47.009+0000] {logging_mixin.py:188} INFO - [2026-07-21T18:40:47.009+0000] {dag.py:3823} INFO - Setting next_dagrun for example_python_operator to None, run_after=None
[2026-07-21T18:40:47.027+0000] {processor.py:183} INFO - Processing /home/airflow/.local/lib/python3.10/site-packages/airflow/example_dags/example_python_operator.py took 0.070 seconds
[2026-07-21T18:41:17.332+0000] {processor.py:161} INFO - Started process (PID=854) to work on /home/airflow/.local/lib/python3.10/site-packages/airflow/example_dags/example_python_operator.py
[2026-07-21T18:41:17.333+0000] {processor.py:830} INFO - Processing file /home/airflow/.local/lib/python3.10/site-packages/airflow/example_dags/example_python_operator.py for tasks to queue
[2026-07-21T18:41:17.335+0000] {logging_mixin.py:188} INFO - [2026-07-21T18:41:17.335+0000] {dagbag.py:538} INFO - Filling up the DagBag from /home/airflow/.local/lib/python3.10/site-packages/airflow/example_dags/example_python_operator.py
[2026-07-21T18:41:17.346+0000] {processor.py:840} INFO - DAG(s) 'example_python_operator' retrieved from /home/airflow/.local/lib/python3.10/site-packages/airflow/example_dags/example_python_operator.py
[2026-07-21T18:41:17.367+0000] {logging_mixin.py:188} INFO - [2026-07-21T18:41:17.367+0000] {dag.py:3036} INFO - Sync 1 DAGs
[2026-07-21T18:41:17.378+0000] {logging_mixin.py:188} INFO - [2026-07-21T18:41:17.377+0000] {dag.py:3823} INFO - Setting next_dagrun for example_python_operator to None, run_after=None
[2026-07-21T18:41:17.395+0000] {processor.py:183} INFO - Processing /home/airflow/.local/lib/python3.10/site-packages/airflow/example_dags/example_python_operator.py took 0.067 seconds
[2026-07-21T18:41:47.717+0000] {processor.py:161} INFO - Started process (PID=910) to work on /home/airflow/.local/lib/python3.10/site-packages/airflow/example_dags/example_python_operator.py
[2026-07-21T18:41:47.718+0000] {processor.py:830} INFO - Processing file /home/airflow/.local/lib/python3.10/site-packages/airflow/example_dags/example_python_operator.py for tasks to queue
[2026-07-21T18:41:47.720+0000] {logging_mixin.py:188} INFO - [2026-07-21T18:41:47.720+0000] {dagbag.py:538} INFO - Filling up the DagBag from /home/airflow/.local/lib/python3.10/site-packages/airflow/example_dags/example_python_operator.py
[2026-07-21T18:41:47.731+0000] {processor.py:840} INFO - DAG(s) 'example_python_operator' retrieved from /home/airflow/.local/lib/python3.10/site-packages/airflow/example_dags/example_python_operator.py
[2026-07-21T18:41:47.755+0000] {logging_mixin.py:188} INFO - [2026-07-21T18:41:47.755+0000] {dag.py:3036} INFO - Sync 1 DAGs
[2026-07-21T18:41:47.767+0000] {logging_mixin.py:188} INFO - [2026-07-21T18:41:47.767+0000] {dag.py:3823} INFO - Setting next_dagrun for example_python_operator to None, run_after=None
[2026-07-21T18:41:47.785+0000] {processor.py:183} INFO - Processing /home/airflow/.local/lib/python3.10/site-packages/airflow/example_dags/example_python_operator.py took 0.072 seconds
[2026-07-21T18:42:17.935+0000] {processor.py:161} INFO - Started process (PID=966) to work on /home/airflow/.local/lib/python3.10/site-packages/airflow/example_dags/example_python_operator.py
[2026-07-21T18:42:17.936+0000] {processor.py:830} INFO - Processing file /home/airflow/.local/lib/python3.10/site-packages/airflow/example_dags/example_python_operator.py for tasks to queue
[2026-07-21T18:42:17.939+0000] {logging_mixin.py:188} INFO - [2026-07-21T18:42:17.938+0000] {dagbag.py:538} INFO - Filling up the DagBag from /home/airflow/.local/lib/python3.10/site-packages/airflow/example_dags/example_python_operator.py
[2026-07-21T18:42:17.958+0000] {processor.py:840} INFO - DAG(s) 'example_python_operator' retrieved from /home/airflow/.local/lib/python3.10/site-packages/airflow/example_dags/example_python_operator.py
[2026-07-21T18:42:17.990+0000] {logging_mixin.py:188} INFO - [2026-07-21T18:42:17.990+0000] {dag.py:3036} INFO - Sync 1 DAGs
[2026-07-21T18:42:18.003+0000] {logging_mixin.py:188} INFO - [2026-07-21T18:42:18.002+0000] {dag.py:3823} INFO - Setting next_dagrun for example_python_operator to None, run_after=None
[2026-07-21T18:42:18.022+0000] {processor.py:183} INFO - Processing /home/airflow/.local/lib/python3.10/site-packages/airflow/example_dags/example_python_operator.py took 0.090 seconds
[2026-07-21T18:42:48.212+0000] {processor.py:161} INFO - Started process (PID=1023) to work on /home/airflow/.local/lib/python3.10/site-packages/airflow/example_dags/example_python_operator.py
[2026-07-21T18:42:48.213+0000] {processor.py:830} INFO - Processing file /home/airflow/.local/lib/python3.10/site-packages/airflow/example_dags/example_python_operator.py for tasks to queue
[2026-07-21T18:42:48.215+0000] {logging_mixin.py:188} INFO - [2026-07-21T18:42:48.215+0000] {dagbag.py:538} INFO - Filling up the DagBag from /home/airflow/.local/lib/python3.10/site-packages/airflow/example_dags/example_python_operator.py
[2026-07-21T18:42:48.226+0000] {processor.py:840} INFO - DAG(s) 'example_python_operator' retrieved from /home/airflow/.local/lib/python3.10/site-packages/airflow/example_dags/example_python_operator.py
[2026-07-21T18:42:48.251+0000] {logging_mixin.py:188} INFO - [2026-07-21T18:42:48.250+0000] {dag.py:3036} INFO - Sync 1 DAGs
[2026-07-21T18:42:48.262+0000] {logging_mixin.py:188} INFO - [2026-07-21T18:42:48.262+0000] {dag.py:3823} INFO - Setting next_dagrun for example_python_operator to None, run_after=None
[2026-07-21T18:42:48.280+0000] {processor.py:183} INFO - Processing /home/airflow/.local/lib/python3.10/site-packages/airflow/example_dags/example_python_operator.py took 0.072 seconds
[2026-07-21T18:43:18.608+0000] {processor.py:161} INFO - Started process (PID=1079) to work on /home/airflow/.local/lib/python3.10/site-packages/airflow/example_dags/example_python_operator.py
[2026-07-21T18:43:18.609+0000] {processor.py:830} INFO - Processing file /home/airflow/.local/lib/python3.10/site-packages/airflow/example_dags/example_python_operator.py for tasks to queue
[2026-07-21T18:43:18.611+0000] {logging_mixin.py:188} INFO - [2026-07-21T18:43:18.611+0000] {dagbag.py:538} INFO - Filling up the DagBag from /home/airflow/.local/lib/python3.10/site-packages/airflow/example_dags/example_python_operator.py
[2026-07-21T18:43:18.622+0000] {processor.py:840} INFO - DAG(s) 'example_python_operator' retrieved from /home/airflow/.local/lib/python3.10/site-packages/airflow/example_dags/example_python_operator.py
[2026-07-21T18:43:18.646+0000] {logging_mixin.py:188} INFO - [2026-07-21T18:43:18.646+0000] {dag.py:3036} INFO - Sync 1 DAGs
[2026-07-21T18:43:18.658+0000] {logging_mixin.py:188} INFO - [2026-07-21T18:43:18.658+0000] {dag.py:3823} INFO - Setting next_dagrun for example_python_operator to None, run_after=None
[2026-07-21T18:43:18.678+0000] {processor.py:183} INFO - Processing /home/airflow/.local/lib/python3.10/site-packages/airflow/example_dags/example_python_operator.py took 0.074 seconds
[2026-07-21T18:43:49.133+0000] {processor.py:161} INFO - Started process (PID=1135) to work on /home/airflow/.local/lib/python3.10/site-packages/airflow/example_dags/example_python_operator.py
[2026-07-21T18:43:49.134+0000] {processor.py:830} INFO - Processing file /home/airflow/.local/lib/python3.10/site-packages/airflow/example_dags/example_python_operator.py for tasks to queue
[2026-07-21T18:43:49.137+0000] {logging_mixin.py:188} INFO - [2026-07-21T18:43:49.136+0000] {dagbag.py:538} INFO - Filling up the DagBag from /home/airflow/.local/lib/python3.10/site-packages/airflow/example_dags/example_python_operator.py
[2026-07-21T18:43:49.148+0000] {processor.py:840} INFO - DAG(s) 'example_python_operator' retrieved from /home/airflow/.local/lib/python3.10/site-packages/airflow/example_dags/example_python_operator.py
[2026-07-21T18:43:49.171+0000] {logging_mixin.py:188} INFO - [2026-07-21T18:43:49.171+0000] {dag.py:3036} INFO - Sync 1 DAGs
[2026-07-21T18:43:49.182+0000] {logging_mixin.py:188} INFO - [2026-07-21T18:43:49.182+0000] {dag.py:3823} INFO - Setting next_dagrun for example_python_operator to None, run_after=None
[2026-07-21T18:43:49.202+0000] {processor.py:183} INFO - Processing /home/airflow/.local/lib/python3.10/site-packages/airflow/example_dags/example_python_operator.py took 0.073 seconds
[2026-07-21T18:44:19.507+0000] {processor.py:161} INFO - Started process (PID=1191) to work on /home/airflow/.local/lib/python3.10/site-packages/airflow/example_dags/example_python_operator.py
[2026-07-21T18:44:19.508+0000] {processor.py:830} INFO - Processing file /home/airflow/.local/lib/python3.10/site-packages/airflow/example_dags/example_python_operator.py for tasks to queue
[2026-07-21T18:44:19.511+0000] {logging_mixin.py:188} INFO - [2026-07-21T18:44:19.510+0000] {dagbag.py:538} INFO - Filling up the DagBag from /home/airflow/.local/lib/python3.10/site-packages/airflow/example_dags/example_python_operator.py
[2026-07-21T18:44:19.522+0000] {processor.py:840} INFO - DAG(s) 'example_python_operator' retrieved from /home/airflow/.local/lib/python3.10/site-packages/airflow/example_dags/example_python_operator.py
[2026-07-21T18:44:19.545+0000] {logging_mixin.py:188} INFO - [2026-07-21T18:44:19.545+0000] {dag.py:3036} INFO - Sync 1 DAGs
[2026-07-21T18:44:19.557+0000] {logging_mixin.py:188} INFO - [2026-07-21T18:44:19.557+0000] {dag.py:3823} INFO - Setting next_dagrun for example_python_operator to None, run_after=None
[2026-07-21T18:44:19.576+0000] {processor.py:183} INFO - Processing /home/airflow/.local/lib/python3.10/site-packages/airflow/example_dags/example_python_operator.py took 0.073 seconds
[2026-07-21T18:44:49.814+0000] {processor.py:161} INFO - Started process (PID=1247) to work on /home/airflow/.local/lib/python3.10/site-packages/airflow/example_dags/example_python_operator.py
[2026-07-21T18:44:49.815+0000] {processor.py:830} INFO - Processing file /home/airflow/.local/lib/python3.10/site-packages/airflow/example_dags/example_python_operator.py for tasks to queue
[2026-07-21T18:44:49.818+0000] {logging_mixin.py:188} INFO - [2026-07-21T18:44:49.817+0000] {dagbag.py:538} INFO - Filling up the DagBag from /home/airflow/.local/lib/python3.10/site-packages/airflow/example_dags/example_python_operator.py
[2026-07-21T18:44:49.829+0000] {processor.py:840} INFO - DAG(s) 'example_python_operator' retrieved from /home/airflow/.local/lib/python3.10/site-packages/airflow/example_dags/example_python_operator.py
[2026-07-21T18:44:49.851+0000] {logging_mixin.py:188} INFO - [2026-07-21T18:44:49.851+0000] {dag.py:3036} INFO - Sync 1 DAGs
[2026-07-21T18:44:49.861+0000] {logging_mixin.py:188} INFO - [2026-07-21T18:44:49.861+0000] {dag.py:3823} INFO - Setting next_dagrun for example_python_operator to None, run_after=None
[2026-07-21T18:44:49.880+0000] {processor.py:183} INFO - Processing /home/airflow/.local/lib/python3.10/site-packages/airflow/example_dags/example_python_operator.py took 0.070 seconds
[2026-07-21T18:45:20.106+0000] {processor.py:161} INFO - Started process (PID=1303) to work on /home/airflow/.local/lib/python3.10/site-packages/airflow/example_dags/example_python_operator.py
[2026-07-21T18:45:20.107+0000] {processor.py:830} INFO - Processing file /home/airflow/.local/lib/python3.10/site-packages/airflow/example_dags/example_python_operator.py for tasks to queue
[2026-07-21T18:45:20.109+0000] {logging_mixin.py:188} INFO - [2026-07-21T18:45:20.109+0000] {dagbag.py:538} INFO - Filling up the DagBag from /home/airflow/.local/lib/python3.10/site-packages/airflow/example_dags/example_python_operator.py
[2026-07-21T18:45:20.120+0000] {processor.py:840} INFO - DAG(s) 'example_python_operator' retrieved from /home/airflow/.local/lib/python3.10/site-packages/airflow/example_dags/example_python_operator.py
[2026-07-21T18:45:20.142+0000] {logging_mixin.py:188} INFO - [2026-07-21T18:45:20.142+0000] {dag.py:3036} INFO - Sync 1 DAGs
[2026-07-21T18:45:20.153+0000] {logging_mixin.py:188} INFO - [2026-07-21T18:45:20.153+0000] {dag.py:3823} INFO - Setting next_dagrun for example_python_operator to None, run_after=None
[2026-07-21T18:45:20.171+0000] {processor.py:183} INFO - Processing /home/airflow/.local/lib/python3.10/site-packages/airflow/example_dags/example_python_operator.py took 0.069 seconds
[2026-07-21T18:45:50.696+0000] {processor.py:161} INFO - Started process (PID=1359) to work on /home/airflow/.local/lib/python3.10/site-packages/airflow/example_dags/example_python_operator.py
[2026-07-21T18:45:50.697+0000] {processor.py:830} INFO - Processing file /home/airflow/.local/lib/python3.10/site-packages/airflow/example_dags/example_python_operator.py for tasks to queue
[2026-07-21T18:45:50.699+0000] {logging_mixin.py:188} INFO - [2026-07-21T18:45:50.699+0000] {dagbag.py:538} INFO - Filling up the DagBag from /home/airflow/.local/lib/python3.10/site-packages/airflow/example_dags/example_python_operator.py
[2026-07-21T18:45:50.713+0000] {processor.py:840} INFO - DAG(s) 'example_python_operator' retrieved from /home/airflow/.local/lib/python3.10/site-packages/airflow/example_dags/example_python_operator.py
[2026-07-21T18:45:50.735+0000] {logging_mixin.py:188} INFO - [2026-07-21T18:45:50.734+0000] {dag.py:3036} INFO - Sync 1 DAGs
[2026-07-21T18:45:50.745+0000] {logging_mixin.py:188} INFO - [2026-07-21T18:45:50.745+0000] {dag.py:3823} INFO - Setting next_dagrun for example_python_operator to None, run_after=None
[2026-07-21T18:45:50.761+0000] {processor.py:183} INFO - Processing /home/airflow/.local/lib/python3.10/site-packages/airflow/example_dags/example_python_operator.py took 0.069 seconds
[2026-07-21T18:46:20.881+0000] {processor.py:161} INFO - Started process (PID=1415) to work on /home/airflow/.local/lib/python3.10/site-packages/airflow/example_dags/example_python_operator.py
[2026-07-21T18:46:20.882+0000] {processor.py:830} INFO - Processing file /home/airflow/.local/lib/python3.10/site-packages/airflow/example_dags/example_python_operator.py for tasks to queue
[2026-07-21T18:46:20.884+0000] {logging_mixin.py:188} INFO - [2026-07-21T18:46:20.884+0000] {dagbag.py:538} INFO - Filling up the DagBag from /home/airflow/.local/lib/python3.10/site-packages/airflow/example_dags/example_python_operator.py
[2026-07-21T18:46:20.894+0000] {processor.py:840} INFO - DAG(s) 'example_python_operator' retrieved from /home/airflow/.local/lib/python3.10/site-packages/airflow/example_dags/example_python_operator.py
[2026-07-21T18:46:20.917+0000] {logging_mixin.py:188} INFO - [2026-07-21T18:46:20.917+0000] {dag.py:3036} INFO - Sync 1 DAGs
[2026-07-21T18:46:20.928+0000] {logging_mixin.py:188} INFO - [2026-07-21T18:46:20.928+0000] {dag.py:3823} INFO - Setting next_dagrun for example_python_operator to None, run_after=None
[2026-07-21T18:46:20.947+0000] {processor.py:183} INFO - Processing /home/airflow/.local/lib/python3.10/site-packages/airflow/example_dags/example_python_operator.py took 0.070 seconds
[2026-07-21T18:46:51.143+0000] {processor.py:161} INFO - Started process (PID=1471) to work on /home/airflow/.local/lib/python3.10/site-packages/airflow/example_dags/example_python_operator.py
[2026-07-21T18:46:51.145+0000] {processor.py:830} INFO - Processing file /home/airflow/.local/lib/python3.10/site-packages/airflow/example_dags/example_python_operator.py for tasks to queue
[2026-07-21T18:46:51.147+0000] {logging_mixin.py:188} INFO - [2026-07-21T18:46:51.147+0000] {dagbag.py:538} INFO - Filling up the DagBag from /home/airflow/.local/lib/python3.10/site-packages/airflow/example_dags/example_python_operator.py
[2026-07-21T18:46:51.159+0000] {processor.py:840} INFO - DAG(s) 'example_python_operator' retrieved from /home/airflow/.local/lib/python3.10/site-packages/airflow/example_dags/example_python_operator.py
[2026-07-21T18:46:51.184+0000] {logging_mixin.py:188} INFO - [2026-07-21T18:46:51.184+0000] {dag.py:3036} INFO - Sync 1 DAGs
[2026-07-21T18:46:51.195+0000] {logging_mixin.py:188} INFO - [2026-07-21T18:46:51.195+0000] {dag.py:3823} INFO - Setting next_dagrun for example_python_operator to None, run_after=None
[2026-07-21T18:46:51.213+0000] {processor.py:183} INFO - Processing /home/airflow/.local/lib/python3.10/site-packages/airflow/example_dags/example_python_operator.py took 0.074 seconds
[2026-07-21T18:47:21.500+0000] {processor.py:161} INFO - Started process (PID=1527) to work on /home/airflow/.local/lib/python3.10/site-packages/airflow/example_dags/example_python_operator.py
[2026-07-21T18:47:21.501+0000] {processor.py:830} INFO - Processing file /home/airflow/.local/lib/python3.10/site-packages/airflow/example_dags/example_python_operator.py for tasks to queue
[2026-07-21T18:47:21.503+0000] {logging_mixin.py:188} INFO - [2026-07-21T18:47:21.503+0000] {dagbag.py:538} INFO - Filling up the DagBag from /home/airflow/.local/lib/python3.10/site-packages/airflow/example_dags/example_python_operator.py
[2026-07-21T18:47:21.514+0000] {processor.py:840} INFO - DAG(s) 'example_python_operator' retrieved from /home/airflow/.local/lib/python3.10/site-packages/airflow/example_dags/example_python_operator.py
[2026-07-21T18:47:21.537+0000] {logging_mixin.py:188} INFO - [2026-07-21T18:47:21.536+0000] {dag.py:3036} INFO - Sync 1 DAGs
[2026-07-21T18:47:21.547+0000] {logging_mixin.py:188} INFO - [2026-07-21T18:47:21.547+0000] {dag.py:3823} INFO - Setting next_dagrun for example_python_operator to None, run_after=None
[2026-07-21T18:47:21.569+0000] {processor.py:183} INFO - Processing /home/airflow/.local/lib/python3.10/site-packages/airflow/example_dags/example_python_operator.py took 0.073 seconds
[2026-07-21T18:47:52.211+0000] {processor.py:161} INFO - Started process (PID=1583) to work on /home/airflow/.local/lib/python3.10/site-packages/airflow/example_dags/example_python_operator.py
[2026-07-21T18:47:52.212+0000] {processor.py:830} INFO - Processing file /home/airflow/.local/lib/python3.10/site-packages/airflow/example_dags/example_python_operator.py for tasks to queue
[2026-07-21T18:47:52.214+0000] {logging_mixin.py:188} INFO - [2026-07-21T18:47:52.214+0000] {dagbag.py:538} INFO - Filling up the DagBag from /home/airflow/.local/lib/python3.10/site-packages/airflow/example_dags/example_python_operator.py
[2026-07-21T18:47:52.225+0000] {processor.py:840} INFO - DAG(s) 'example_python_operator' retrieved from /home/airflow/.local/lib/python3.10/site-packages/airflow/example_dags/example_python_operator.py
[2026-07-21T18:47:52.247+0000] {logging_mixin.py:188} INFO - [2026-07-21T18:47:52.247+0000] {dag.py:3036} INFO - Sync 1 DAGs
[2026-07-21T18:47:52.258+0000] {logging_mixin.py:188} INFO - [2026-07-21T18:47:52.258+0000] {dag.py:3823} INFO - Setting next_dagrun for example_python_operator to None, run_after=None
[2026-07-21T18:47:52.275+0000] {processor.py:183} INFO - Processing /home/airflow/.local/lib/python3.10/site-packages/airflow/example_dags/example_python_operator.py took 0.068 seconds
[2026-07-21T18:48:22.845+0000] {processor.py:161} INFO - Started process (PID=1639) to work on /home/airflow/.local/lib/python3.10/site-packages/airflow/example_dags/example_python_operator.py
[2026-07-21T18:48:22.846+0000] {processor.py:830} INFO - Processing file /home/airflow/.local/lib/python3.10/site-packages/airflow/example_dags/example_python_operator.py for tasks to queue
[2026-07-21T18:48:22.848+0000] {logging_mixin.py:188} INFO - [2026-07-21T18:48:22.848+0000] {dagbag.py:538} INFO - Filling up the DagBag from /home/airflow/.local/lib/python3.10/site-packages/airflow/example_dags/example_python_operator.py
[2026-07-21T18:48:22.860+0000] {processor.py:840} INFO - DAG(s) 'example_python_operator' retrieved from /home/airflow/.local/lib/python3.10/site-packages/airflow/example_dags/example_python_operator.py
[2026-07-21T18:48:22.883+0000] {logging_mixin.py:188} INFO - [2026-07-21T18:48:22.883+0000] {dag.py:3036} INFO - Sync 1 DAGs
[2026-07-21T18:48:22.894+0000] {logging_mixin.py:188} INFO - [2026-07-21T18:48:22.894+0000] {dag.py:3823} INFO - Setting next_dagrun for example_python_operator to None, run_after=None
[2026-07-21T18:48:22.918+0000] {processor.py:183} INFO - Processing /home/airflow/.local/lib/python3.10/site-packages/airflow/example_dags/example_python_operator.py took 0.078 seconds
