[2026-07-21T17:56:23.500+0000] {processor.py:161} INFO - Started process (PID=58) to work on /home/airflow/.local/lib/python3.8/site-packages/airflow/example_dags/example_nested_branch_dag.py
[2026-07-21T17:56:23.506+0000] {processor.py:830} INFO - Processing file /home/airflow/.local/lib/python3.8/site-packages/airflow/example_dags/example_nested_branch_dag.py for tasks to queue
[2026-07-21T17:56:23.515+0000] {logging_mixin.py:188} INFO - [2026-07-21T17:56:23.511+0000] {dagbag.py:538} INFO - Filling up the DagBag from /home/airflow/.local/lib/python3.8/site-packages/airflow/example_dags/example_nested_branch_dag.py
[2026-07-21T17:56:23.559+0000] {processor.py:840} INFO - DAG(s) 'example_nested_branch_dag' retrieved from /home/airflow/.local/lib/python3.8/site-packages/airflow/example_dags/example_nested_branch_dag.py
[2026-07-21T17:56:23.587+0000] {logging_mixin.py:188} INFO - [2026-07-21T17:56:23.587+0000] {dag.py:3036} INFO - Sync 1 DAGs
[2026-07-21T17:56:23.640+0000] {logging_mixin.py:188} INFO - [2026-07-21T17:56:23.640+0000] {dag.py:3823} INFO - Setting next_dagrun for example_nested_branch_dag to 2026-07-20 00:00:00+00:00, run_after=2026-07-21 00:00:00+00:00
[2026-07-21T17:56:23.696+0000] {processor.py:183} INFO - Processing /home/airflow/.local/lib/python3.8/site-packages/airflow/example_dags/example_nested_branch_dag.py took 0.211 seconds
[2026-07-21T17:56:53.976+0000] {processor.py:161} INFO - Started process (PID=119) to work on /home/airflow/.local/lib/python3.8/site-packages/airflow/example_dags/example_nested_branch_dag.py
[2026-07-21T17:56:53.983+0000] {processor.py:830} INFO - Processing file /home/airflow/.local/lib/python3.8/site-packages/airflow/example_dags/example_nested_branch_dag.py for tasks to queue
[2026-07-21T17:56:53.999+0000] {logging_mixin.py:188} INFO - [2026-07-21T17:56:53.998+0000] {dagbag.py:538} INFO - Filling up the DagBag from /home/airflow/.local/lib/python3.8/site-packages/airflow/example_dags/example_nested_branch_dag.py
[2026-07-21T17:56:54.041+0000] {processor.py:840} INFO - DAG(s) 'example_nested_branch_dag' retrieved from /home/airflow/.local/lib/python3.8/site-packages/airflow/example_dags/example_nested_branch_dag.py
[2026-07-21T17:56:54.184+0000] {logging_mixin.py:188} INFO - [2026-07-21T17:56:54.184+0000] {dag.py:3036} INFO - Sync 1 DAGs
[2026-07-21T17:56:54.229+0000] {logging_mixin.py:188} INFO - [2026-07-21T17:56:54.229+0000] {dag.py:3823} INFO - Setting next_dagrun for example_nested_branch_dag to 2026-07-20 00:00:00+00:00, run_after=2026-07-21 00:00:00+00:00
[2026-07-21T17:56:54.256+0000] {processor.py:183} INFO - Processing /home/airflow/.local/lib/python3.8/site-packages/airflow/example_dags/example_nested_branch_dag.py took 0.306 seconds
[2026-07-21T17:57:24.692+0000] {processor.py:161} INFO - Started process (PID=176) to work on /home/airflow/.local/lib/python3.8/site-packages/airflow/example_dags/example_nested_branch_dag.py
[2026-07-21T17:57:24.694+0000] {processor.py:830} INFO - Processing file /home/airflow/.local/lib/python3.8/site-packages/airflow/example_dags/example_nested_branch_dag.py for tasks to queue
[2026-07-21T17:57:24.696+0000] {logging_mixin.py:188} INFO - [2026-07-21T17:57:24.696+0000] {dagbag.py:538} INFO - Filling up the DagBag from /home/airflow/.local/lib/python3.8/site-packages/airflow/example_dags/example_nested_branch_dag.py
[2026-07-21T17:57:24.706+0000] {processor.py:840} INFO - DAG(s) 'example_nested_branch_dag' retrieved from /home/airflow/.local/lib/python3.8/site-packages/airflow/example_dags/example_nested_branch_dag.py
[2026-07-21T17:57:24.729+0000] {logging_mixin.py:188} INFO - [2026-07-21T17:57:24.729+0000] {dag.py:3036} INFO - Sync 1 DAGs
[2026-07-21T17:57:24.749+0000] {logging_mixin.py:188} INFO - [2026-07-21T17:57:24.749+0000] {dag.py:3823} INFO - Setting next_dagrun for example_nested_branch_dag to 2026-07-20 00:00:00+00:00, run_after=2026-07-21 00:00:00+00:00
[2026-07-21T17:57:24.767+0000] {processor.py:183} INFO - Processing /home/airflow/.local/lib/python3.8/site-packages/airflow/example_dags/example_nested_branch_dag.py took 0.079 seconds
[2026-07-21T17:57:54.943+0000] {processor.py:161} INFO - Started process (PID=232) to work on /home/airflow/.local/lib/python3.8/site-packages/airflow/example_dags/example_nested_branch_dag.py
[2026-07-21T17:57:54.944+0000] {processor.py:830} INFO - Processing file /home/airflow/.local/lib/python3.8/site-packages/airflow/example_dags/example_nested_branch_dag.py for tasks to queue
[2026-07-21T17:57:54.946+0000] {logging_mixin.py:188} INFO - [2026-07-21T17:57:54.946+0000] {dagbag.py:538} INFO - Filling up the DagBag from /home/airflow/.local/lib/python3.8/site-packages/airflow/example_dags/example_nested_branch_dag.py
[2026-07-21T17:57:54.956+0000] {processor.py:840} INFO - DAG(s) 'example_nested_branch_dag' retrieved from /home/airflow/.local/lib/python3.8/site-packages/airflow/example_dags/example_nested_branch_dag.py
[2026-07-21T17:57:54.978+0000] {logging_mixin.py:188} INFO - [2026-07-21T17:57:54.978+0000] {dag.py:3036} INFO - Sync 1 DAGs
[2026-07-21T17:57:54.998+0000] {logging_mixin.py:188} INFO - [2026-07-21T17:57:54.998+0000] {dag.py:3823} INFO - Setting next_dagrun for example_nested_branch_dag to 2026-07-20 00:00:00+00:00, run_after=2026-07-21 00:00:00+00:00
[2026-07-21T17:57:55.015+0000] {processor.py:183} INFO - Processing /home/airflow/.local/lib/python3.8/site-packages/airflow/example_dags/example_nested_branch_dag.py took 0.076 seconds
[2026-07-21T17:58:25.234+0000] {processor.py:161} INFO - Started process (PID=288) to work on /home/airflow/.local/lib/python3.8/site-packages/airflow/example_dags/example_nested_branch_dag.py
[2026-07-21T17:58:25.235+0000] {processor.py:830} INFO - Processing file /home/airflow/.local/lib/python3.8/site-packages/airflow/example_dags/example_nested_branch_dag.py for tasks to queue
[2026-07-21T17:58:25.238+0000] {logging_mixin.py:188} INFO - [2026-07-21T17:58:25.238+0000] {dagbag.py:538} INFO - Filling up the DagBag from /home/airflow/.local/lib/python3.8/site-packages/airflow/example_dags/example_nested_branch_dag.py
[2026-07-21T17:58:25.248+0000] {processor.py:840} INFO - DAG(s) 'example_nested_branch_dag' retrieved from /home/airflow/.local/lib/python3.8/site-packages/airflow/example_dags/example_nested_branch_dag.py
[2026-07-21T17:58:25.272+0000] {logging_mixin.py:188} INFO - [2026-07-21T17:58:25.272+0000] {dag.py:3036} INFO - Sync 1 DAGs
[2026-07-21T17:58:25.294+0000] {logging_mixin.py:188} INFO - [2026-07-21T17:58:25.294+0000] {dag.py:3823} INFO - Setting next_dagrun for example_nested_branch_dag to 2026-07-20 00:00:00+00:00, run_after=2026-07-21 00:00:00+00:00
[2026-07-21T17:58:25.312+0000] {processor.py:183} INFO - Processing /home/airflow/.local/lib/python3.8/site-packages/airflow/example_dags/example_nested_branch_dag.py took 0.082 seconds
[2026-07-21T17:58:55.512+0000] {processor.py:161} INFO - Started process (PID=344) to work on /home/airflow/.local/lib/python3.8/site-packages/airflow/example_dags/example_nested_branch_dag.py
[2026-07-21T17:58:55.514+0000] {processor.py:830} INFO - Processing file /home/airflow/.local/lib/python3.8/site-packages/airflow/example_dags/example_nested_branch_dag.py for tasks to queue
[2026-07-21T17:58:55.516+0000] {logging_mixin.py:188} INFO - [2026-07-21T17:58:55.516+0000] {dagbag.py:538} INFO - Filling up the DagBag from /home/airflow/.local/lib/python3.8/site-packages/airflow/example_dags/example_nested_branch_dag.py
[2026-07-21T17:58:55.528+0000] {processor.py:840} INFO - DAG(s) 'example_nested_branch_dag' retrieved from /home/airflow/.local/lib/python3.8/site-packages/airflow/example_dags/example_nested_branch_dag.py
[2026-07-21T17:58:55.556+0000] {logging_mixin.py:188} INFO - [2026-07-21T17:58:55.556+0000] {dag.py:3036} INFO - Sync 1 DAGs
[2026-07-21T17:58:55.583+0000] {logging_mixin.py:188} INFO - [2026-07-21T17:58:55.583+0000] {dag.py:3823} INFO - Setting next_dagrun for example_nested_branch_dag to 2026-07-20 00:00:00+00:00, run_after=2026-07-21 00:00:00+00:00
[2026-07-21T17:58:55.607+0000] {processor.py:183} INFO - Processing /home/airflow/.local/lib/python3.8/site-packages/airflow/example_dags/example_nested_branch_dag.py took 0.099 seconds
[2026-07-21T17:59:25.867+0000] {processor.py:161} INFO - Started process (PID=400) to work on /home/airflow/.local/lib/python3.8/site-packages/airflow/example_dags/example_nested_branch_dag.py
[2026-07-21T17:59:25.868+0000] {processor.py:830} INFO - Processing file /home/airflow/.local/lib/python3.8/site-packages/airflow/example_dags/example_nested_branch_dag.py for tasks to queue
[2026-07-21T17:59:25.870+0000] {logging_mixin.py:188} INFO - [2026-07-21T17:59:25.870+0000] {dagbag.py:538} INFO - Filling up the DagBag from /home/airflow/.local/lib/python3.8/site-packages/airflow/example_dags/example_nested_branch_dag.py
[2026-07-21T17:59:25.880+0000] {processor.py:840} INFO - DAG(s) 'example_nested_branch_dag' retrieved from /home/airflow/.local/lib/python3.8/site-packages/airflow/example_dags/example_nested_branch_dag.py
[2026-07-21T17:59:25.902+0000] {logging_mixin.py:188} INFO - [2026-07-21T17:59:25.902+0000] {dag.py:3036} INFO - Sync 1 DAGs
[2026-07-21T17:59:25.922+0000] {logging_mixin.py:188} INFO - [2026-07-21T17:59:25.922+0000] {dag.py:3823} INFO - Setting next_dagrun for example_nested_branch_dag to 2026-07-20 00:00:00+00:00, run_after=2026-07-21 00:00:00+00:00
[2026-07-21T17:59:25.940+0000] {processor.py:183} INFO - Processing /home/airflow/.local/lib/python3.8/site-packages/airflow/example_dags/example_nested_branch_dag.py took 0.077 seconds
[2026-07-21T17:59:56.137+0000] {processor.py:161} INFO - Started process (PID=456) to work on /home/airflow/.local/lib/python3.8/site-packages/airflow/example_dags/example_nested_branch_dag.py
[2026-07-21T17:59:56.138+0000] {processor.py:830} INFO - Processing file /home/airflow/.local/lib/python3.8/site-packages/airflow/example_dags/example_nested_branch_dag.py for tasks to queue
[2026-07-21T17:59:56.140+0000] {logging_mixin.py:188} INFO - [2026-07-21T17:59:56.140+0000] {dagbag.py:538} INFO - Filling up the DagBag from /home/airflow/.local/lib/python3.8/site-packages/airflow/example_dags/example_nested_branch_dag.py
[2026-07-21T17:59:56.150+0000] {processor.py:840} INFO - DAG(s) 'example_nested_branch_dag' retrieved from /home/airflow/.local/lib/python3.8/site-packages/airflow/example_dags/example_nested_branch_dag.py
[2026-07-21T17:59:56.173+0000] {logging_mixin.py:188} INFO - [2026-07-21T17:59:56.172+0000] {dag.py:3036} INFO - Sync 1 DAGs
[2026-07-21T17:59:56.193+0000] {logging_mixin.py:188} INFO - [2026-07-21T17:59:56.193+0000] {dag.py:3823} INFO - Setting next_dagrun for example_nested_branch_dag to 2026-07-20 00:00:00+00:00, run_after=2026-07-21 00:00:00+00:00
[2026-07-21T17:59:56.212+0000] {processor.py:183} INFO - Processing /home/airflow/.local/lib/python3.8/site-packages/airflow/example_dags/example_nested_branch_dag.py took 0.078 seconds
[2026-07-21T18:00:26.527+0000] {processor.py:161} INFO - Started process (PID=512) to work on /home/airflow/.local/lib/python3.8/site-packages/airflow/example_dags/example_nested_branch_dag.py
[2026-07-21T18:00:26.529+0000] {processor.py:830} INFO - Processing file /home/airflow/.local/lib/python3.8/site-packages/airflow/example_dags/example_nested_branch_dag.py for tasks to queue
[2026-07-21T18:00:26.531+0000] {logging_mixin.py:188} INFO - [2026-07-21T18:00:26.531+0000] {dagbag.py:538} INFO - Filling up the DagBag from /home/airflow/.local/lib/python3.8/site-packages/airflow/example_dags/example_nested_branch_dag.py
[2026-07-21T18:00:26.542+0000] {processor.py:840} INFO - DAG(s) 'example_nested_branch_dag' retrieved from /home/airflow/.local/lib/python3.8/site-packages/airflow/example_dags/example_nested_branch_dag.py
[2026-07-21T18:00:26.567+0000] {logging_mixin.py:188} INFO - [2026-07-21T18:00:26.567+0000] {dag.py:3036} INFO - Sync 1 DAGs
[2026-07-21T18:00:26.590+0000] {logging_mixin.py:188} INFO - [2026-07-21T18:00:26.590+0000] {dag.py:3823} INFO - Setting next_dagrun for example_nested_branch_dag to 2026-07-20 00:00:00+00:00, run_after=2026-07-21 00:00:00+00:00
[2026-07-21T18:00:26.610+0000] {processor.py:183} INFO - Processing /home/airflow/.local/lib/python3.8/site-packages/airflow/example_dags/example_nested_branch_dag.py took 0.086 seconds
[2026-07-21T18:00:56.773+0000] {processor.py:161} INFO - Started process (PID=569) to work on /home/airflow/.local/lib/python3.8/site-packages/airflow/example_dags/example_nested_branch_dag.py
[2026-07-21T18:00:56.774+0000] {processor.py:830} INFO - Processing file /home/airflow/.local/lib/python3.8/site-packages/airflow/example_dags/example_nested_branch_dag.py for tasks to queue
[2026-07-21T18:00:56.776+0000] {logging_mixin.py:188} INFO - [2026-07-21T18:00:56.776+0000] {dagbag.py:538} INFO - Filling up the DagBag from /home/airflow/.local/lib/python3.8/site-packages/airflow/example_dags/example_nested_branch_dag.py
[2026-07-21T18:00:56.786+0000] {processor.py:840} INFO - DAG(s) 'example_nested_branch_dag' retrieved from /home/airflow/.local/lib/python3.8/site-packages/airflow/example_dags/example_nested_branch_dag.py
[2026-07-21T18:00:56.811+0000] {logging_mixin.py:188} INFO - [2026-07-21T18:00:56.811+0000] {dag.py:3036} INFO - Sync 1 DAGs
[2026-07-21T18:00:56.833+0000] {logging_mixin.py:188} INFO - [2026-07-21T18:00:56.833+0000] {dag.py:3823} INFO - Setting next_dagrun for example_nested_branch_dag to 2026-07-20 00:00:00+00:00, run_after=2026-07-21 00:00:00+00:00
[2026-07-21T18:00:56.854+0000] {processor.py:183} INFO - Processing /home/airflow/.local/lib/python3.8/site-packages/airflow/example_dags/example_nested_branch_dag.py took 0.084 seconds
[2026-07-21T18:01:26.960+0000] {processor.py:161} INFO - Started process (PID=625) to work on /home/airflow/.local/lib/python3.8/site-packages/airflow/example_dags/example_nested_branch_dag.py
[2026-07-21T18:01:26.961+0000] {processor.py:830} INFO - Processing file /home/airflow/.local/lib/python3.8/site-packages/airflow/example_dags/example_nested_branch_dag.py for tasks to queue
[2026-07-21T18:01:26.963+0000] {logging_mixin.py:188} INFO - [2026-07-21T18:01:26.963+0000] {dagbag.py:538} INFO - Filling up the DagBag from /home/airflow/.local/lib/python3.8/site-packages/airflow/example_dags/example_nested_branch_dag.py
[2026-07-21T18:01:26.973+0000] {processor.py:840} INFO - DAG(s) 'example_nested_branch_dag' retrieved from /home/airflow/.local/lib/python3.8/site-packages/airflow/example_dags/example_nested_branch_dag.py
[2026-07-21T18:01:26.995+0000] {logging_mixin.py:188} INFO - [2026-07-21T18:01:26.995+0000] {dag.py:3036} INFO - Sync 1 DAGs
[2026-07-21T18:01:27.015+0000] {logging_mixin.py:188} INFO - [2026-07-21T18:01:27.015+0000] {dag.py:3823} INFO - Setting next_dagrun for example_nested_branch_dag to 2026-07-20 00:00:00+00:00, run_after=2026-07-21 00:00:00+00:00
[2026-07-21T18:01:27.034+0000] {processor.py:183} INFO - Processing /home/airflow/.local/lib/python3.8/site-packages/airflow/example_dags/example_nested_branch_dag.py took 0.078 seconds
[2026-07-21T18:01:57.294+0000] {processor.py:161} INFO - Started process (PID=681) to work on /home/airflow/.local/lib/python3.8/site-packages/airflow/example_dags/example_nested_branch_dag.py
[2026-07-21T18:01:57.295+0000] {processor.py:830} INFO - Processing file /home/airflow/.local/lib/python3.8/site-packages/airflow/example_dags/example_nested_branch_dag.py for tasks to queue
[2026-07-21T18:01:57.297+0000] {logging_mixin.py:188} INFO - [2026-07-21T18:01:57.296+0000] {dagbag.py:538} INFO - Filling up the DagBag from /home/airflow/.local/lib/python3.8/site-packages/airflow/example_dags/example_nested_branch_dag.py
[2026-07-21T18:01:57.307+0000] {processor.py:840} INFO - DAG(s) 'example_nested_branch_dag' retrieved from /home/airflow/.local/lib/python3.8/site-packages/airflow/example_dags/example_nested_branch_dag.py
[2026-07-21T18:01:57.331+0000] {logging_mixin.py:188} INFO - [2026-07-21T18:01:57.330+0000] {dag.py:3036} INFO - Sync 1 DAGs
[2026-07-21T18:01:57.350+0000] {logging_mixin.py:188} INFO - [2026-07-21T18:01:57.350+0000] {dag.py:3823} INFO - Setting next_dagrun for example_nested_branch_dag to 2026-07-20 00:00:00+00:00, run_after=2026-07-21 00:00:00+00:00
[2026-07-21T18:01:57.369+0000] {processor.py:183} INFO - Processing /home/airflow/.local/lib/python3.8/site-packages/airflow/example_dags/example_nested_branch_dag.py took 0.079 seconds
[2026-07-21T18:02:27.817+0000] {processor.py:161} INFO - Started process (PID=737) to work on /home/airflow/.local/lib/python3.8/site-packages/airflow/example_dags/example_nested_branch_dag.py
[2026-07-21T18:02:27.818+0000] {processor.py:830} INFO - Processing file /home/airflow/.local/lib/python3.8/site-packages/airflow/example_dags/example_nested_branch_dag.py for tasks to queue
[2026-07-21T18:02:27.820+0000] {logging_mixin.py:188} INFO - [2026-07-21T18:02:27.820+0000] {dagbag.py:538} INFO - Filling up the DagBag from /home/airflow/.local/lib/python3.8/site-packages/airflow/example_dags/example_nested_branch_dag.py
[2026-07-21T18:02:27.830+0000] {processor.py:840} INFO - DAG(s) 'example_nested_branch_dag' retrieved from /home/airflow/.local/lib/python3.8/site-packages/airflow/example_dags/example_nested_branch_dag.py
[2026-07-21T18:02:27.854+0000] {logging_mixin.py:188} INFO - [2026-07-21T18:02:27.854+0000] {dag.py:3036} INFO - Sync 1 DAGs
[2026-07-21T18:02:27.875+0000] {logging_mixin.py:188} INFO - [2026-07-21T18:02:27.875+0000] {dag.py:3823} INFO - Setting next_dagrun for example_nested_branch_dag to 2026-07-20 00:00:00+00:00, run_after=2026-07-21 00:00:00+00:00
[2026-07-21T18:02:27.894+0000] {processor.py:183} INFO - Processing /home/airflow/.local/lib/python3.8/site-packages/airflow/example_dags/example_nested_branch_dag.py took 0.082 seconds
[2026-07-21T18:02:58.233+0000] {processor.py:161} INFO - Started process (PID=793) to work on /home/airflow/.local/lib/python3.8/site-packages/airflow/example_dags/example_nested_branch_dag.py
[2026-07-21T18:02:58.234+0000] {processor.py:830} INFO - Processing file /home/airflow/.local/lib/python3.8/site-packages/airflow/example_dags/example_nested_branch_dag.py for tasks to queue
[2026-07-21T18:02:58.237+0000] {logging_mixin.py:188} INFO - [2026-07-21T18:02:58.236+0000] {dagbag.py:538} INFO - Filling up the DagBag from /home/airflow/.local/lib/python3.8/site-packages/airflow/example_dags/example_nested_branch_dag.py
[2026-07-21T18:02:58.246+0000] {processor.py:840} INFO - DAG(s) 'example_nested_branch_dag' retrieved from /home/airflow/.local/lib/python3.8/site-packages/airflow/example_dags/example_nested_branch_dag.py
[2026-07-21T18:02:58.270+0000] {logging_mixin.py:188} INFO - [2026-07-21T18:02:58.270+0000] {dag.py:3036} INFO - Sync 1 DAGs
[2026-07-21T18:02:58.292+0000] {logging_mixin.py:188} INFO - [2026-07-21T18:02:58.292+0000] {dag.py:3823} INFO - Setting next_dagrun for example_nested_branch_dag to 2026-07-20 00:00:00+00:00, run_after=2026-07-21 00:00:00+00:00
[2026-07-21T18:02:58.316+0000] {processor.py:183} INFO - Processing /home/airflow/.local/lib/python3.8/site-packages/airflow/example_dags/example_nested_branch_dag.py took 0.086 seconds
[2026-07-21T18:03:28.379+0000] {processor.py:161} INFO - Started process (PID=849) to work on /home/airflow/.local/lib/python3.8/site-packages/airflow/example_dags/example_nested_branch_dag.py
[2026-07-21T18:03:28.380+0000] {processor.py:830} INFO - Processing file /home/airflow/.local/lib/python3.8/site-packages/airflow/example_dags/example_nested_branch_dag.py for tasks to queue
[2026-07-21T18:03:28.382+0000] {logging_mixin.py:188} INFO - [2026-07-21T18:03:28.382+0000] {dagbag.py:538} INFO - Filling up the DagBag from /home/airflow/.local/lib/python3.8/site-packages/airflow/example_dags/example_nested_branch_dag.py
[2026-07-21T18:03:28.392+0000] {processor.py:840} INFO - DAG(s) 'example_nested_branch_dag' retrieved from /home/airflow/.local/lib/python3.8/site-packages/airflow/example_dags/example_nested_branch_dag.py
[2026-07-21T18:03:28.414+0000] {logging_mixin.py:188} INFO - [2026-07-21T18:03:28.414+0000] {dag.py:3036} INFO - Sync 1 DAGs
[2026-07-21T18:03:28.435+0000] {logging_mixin.py:188} INFO - [2026-07-21T18:03:28.434+0000] {dag.py:3823} INFO - Setting next_dagrun for example_nested_branch_dag to 2026-07-20 00:00:00+00:00, run_after=2026-07-21 00:00:00+00:00
[2026-07-21T18:03:28.453+0000] {processor.py:183} INFO - Processing /home/airflow/.local/lib/python3.8/site-packages/airflow/example_dags/example_nested_branch_dag.py took 0.078 seconds
[2026-07-21T18:03:58.808+0000] {processor.py:161} INFO - Started process (PID=905) to work on /home/airflow/.local/lib/python3.8/site-packages/airflow/example_dags/example_nested_branch_dag.py
[2026-07-21T18:03:58.810+0000] {processor.py:830} INFO - Processing file /home/airflow/.local/lib/python3.8/site-packages/airflow/example_dags/example_nested_branch_dag.py for tasks to queue
[2026-07-21T18:03:58.812+0000] {logging_mixin.py:188} INFO - [2026-07-21T18:03:58.811+0000] {dagbag.py:538} INFO - Filling up the DagBag from /home/airflow/.local/lib/python3.8/site-packages/airflow/example_dags/example_nested_branch_dag.py
[2026-07-21T18:03:58.824+0000] {processor.py:840} INFO - DAG(s) 'example_nested_branch_dag' retrieved from /home/airflow/.local/lib/python3.8/site-packages/airflow/example_dags/example_nested_branch_dag.py
[2026-07-21T18:03:58.849+0000] {logging_mixin.py:188} INFO - [2026-07-21T18:03:58.849+0000] {dag.py:3036} INFO - Sync 1 DAGs
[2026-07-21T18:03:58.872+0000] {logging_mixin.py:188} INFO - [2026-07-21T18:03:58.872+0000] {dag.py:3823} INFO - Setting next_dagrun for example_nested_branch_dag to 2026-07-20 00:00:00+00:00, run_after=2026-07-21 00:00:00+00:00
[2026-07-21T18:03:58.893+0000] {processor.py:183} INFO - Processing /home/airflow/.local/lib/python3.8/site-packages/airflow/example_dags/example_nested_branch_dag.py took 0.088 seconds
[2026-07-21T18:04:29.235+0000] {processor.py:161} INFO - Started process (PID=961) to work on /home/airflow/.local/lib/python3.8/site-packages/airflow/example_dags/example_nested_branch_dag.py
[2026-07-21T18:04:29.237+0000] {processor.py:830} INFO - Processing file /home/airflow/.local/lib/python3.8/site-packages/airflow/example_dags/example_nested_branch_dag.py for tasks to queue
[2026-07-21T18:04:29.244+0000] {logging_mixin.py:188} INFO - [2026-07-21T18:04:29.243+0000] {dagbag.py:538} INFO - Filling up the DagBag from /home/airflow/.local/lib/python3.8/site-packages/airflow/example_dags/example_nested_branch_dag.py
[2026-07-21T18:04:29.257+0000] {processor.py:840} INFO - DAG(s) 'example_nested_branch_dag' retrieved from /home/airflow/.local/lib/python3.8/site-packages/airflow/example_dags/example_nested_branch_dag.py
[2026-07-21T18:04:29.283+0000] {logging_mixin.py:188} INFO - [2026-07-21T18:04:29.283+0000] {dag.py:3036} INFO - Sync 1 DAGs
[2026-07-21T18:04:29.305+0000] {logging_mixin.py:188} INFO - [2026-07-21T18:04:29.305+0000] {dag.py:3823} INFO - Setting next_dagrun for example_nested_branch_dag to 2026-07-20 00:00:00+00:00, run_after=2026-07-21 00:00:00+00:00
[2026-07-21T18:04:29.325+0000] {processor.py:183} INFO - Processing /home/airflow/.local/lib/python3.8/site-packages/airflow/example_dags/example_nested_branch_dag.py took 0.096 seconds
[2026-07-21T18:04:59.615+0000] {processor.py:161} INFO - Started process (PID=1017) to work on /home/airflow/.local/lib/python3.8/site-packages/airflow/example_dags/example_nested_branch_dag.py
[2026-07-21T18:04:59.616+0000] {processor.py:830} INFO - Processing file /home/airflow/.local/lib/python3.8/site-packages/airflow/example_dags/example_nested_branch_dag.py for tasks to queue
[2026-07-21T18:04:59.620+0000] {logging_mixin.py:188} INFO - [2026-07-21T18:04:59.619+0000] {dagbag.py:538} INFO - Filling up the DagBag from /home/airflow/.local/lib/python3.8/site-packages/airflow/example_dags/example_nested_branch_dag.py
[2026-07-21T18:04:59.630+0000] {processor.py:840} INFO - DAG(s) 'example_nested_branch_dag' retrieved from /home/airflow/.local/lib/python3.8/site-packages/airflow/example_dags/example_nested_branch_dag.py
[2026-07-21T18:04:59.657+0000] {logging_mixin.py:188} INFO - [2026-07-21T18:04:59.656+0000] {dag.py:3036} INFO - Sync 1 DAGs
[2026-07-21T18:04:59.679+0000] {logging_mixin.py:188} INFO - [2026-07-21T18:04:59.679+0000] {dag.py:3823} INFO - Setting next_dagrun for example_nested_branch_dag to 2026-07-20 00:00:00+00:00, run_after=2026-07-21 00:00:00+00:00
[2026-07-21T18:04:59.697+0000] {processor.py:183} INFO - Processing /home/airflow/.local/lib/python3.8/site-packages/airflow/example_dags/example_nested_branch_dag.py took 0.087 seconds
[2026-07-21T18:05:30.002+0000] {processor.py:161} INFO - Started process (PID=1073) to work on /home/airflow/.local/lib/python3.8/site-packages/airflow/example_dags/example_nested_branch_dag.py
[2026-07-21T18:05:30.003+0000] {processor.py:830} INFO - Processing file /home/airflow/.local/lib/python3.8/site-packages/airflow/example_dags/example_nested_branch_dag.py for tasks to queue
[2026-07-21T18:05:30.006+0000] {logging_mixin.py:188} INFO - [2026-07-21T18:05:30.006+0000] {dagbag.py:538} INFO - Filling up the DagBag from /home/airflow/.local/lib/python3.8/site-packages/airflow/example_dags/example_nested_branch_dag.py
[2026-07-21T18:05:30.017+0000] {processor.py:840} INFO - DAG(s) 'example_nested_branch_dag' retrieved from /home/airflow/.local/lib/python3.8/site-packages/airflow/example_dags/example_nested_branch_dag.py
[2026-07-21T18:05:30.040+0000] {logging_mixin.py:188} INFO - [2026-07-21T18:05:30.040+0000] {dag.py:3036} INFO - Sync 1 DAGs
[2026-07-21T18:05:30.062+0000] {logging_mixin.py:188} INFO - [2026-07-21T18:05:30.062+0000] {dag.py:3823} INFO - Setting next_dagrun for example_nested_branch_dag to 2026-07-20 00:00:00+00:00, run_after=2026-07-21 00:00:00+00:00
[2026-07-21T18:05:30.081+0000] {processor.py:183} INFO - Processing /home/airflow/.local/lib/python3.8/site-packages/airflow/example_dags/example_nested_branch_dag.py took 0.086 seconds
[2026-07-21T18:06:00.678+0000] {processor.py:161} INFO - Started process (PID=1129) to work on /home/airflow/.local/lib/python3.8/site-packages/airflow/example_dags/example_nested_branch_dag.py
[2026-07-21T18:06:00.679+0000] {processor.py:830} INFO - Processing file /home/airflow/.local/lib/python3.8/site-packages/airflow/example_dags/example_nested_branch_dag.py for tasks to queue
[2026-07-21T18:06:00.681+0000] {logging_mixin.py:188} INFO - [2026-07-21T18:06:00.681+0000] {dagbag.py:538} INFO - Filling up the DagBag from /home/airflow/.local/lib/python3.8/site-packages/airflow/example_dags/example_nested_branch_dag.py
[2026-07-21T18:06:00.691+0000] {processor.py:840} INFO - DAG(s) 'example_nested_branch_dag' retrieved from /home/airflow/.local/lib/python3.8/site-packages/airflow/example_dags/example_nested_branch_dag.py
[2026-07-21T18:06:00.713+0000] {logging_mixin.py:188} INFO - [2026-07-21T18:06:00.713+0000] {dag.py:3036} INFO - Sync 1 DAGs
[2026-07-21T18:06:00.733+0000] {logging_mixin.py:188} INFO - [2026-07-21T18:06:00.733+0000] {dag.py:3823} INFO - Setting next_dagrun for example_nested_branch_dag to 2026-07-20 00:00:00+00:00, run_after=2026-07-21 00:00:00+00:00
[2026-07-21T18:06:00.752+0000] {processor.py:183} INFO - Processing /home/airflow/.local/lib/python3.8/site-packages/airflow/example_dags/example_nested_branch_dag.py took 0.078 seconds
[2026-07-21T18:06:31.167+0000] {processor.py:161} INFO - Started process (PID=1185) to work on /home/airflow/.local/lib/python3.8/site-packages/airflow/example_dags/example_nested_branch_dag.py
[2026-07-21T18:06:31.169+0000] {processor.py:830} INFO - Processing file /home/airflow/.local/lib/python3.8/site-packages/airflow/example_dags/example_nested_branch_dag.py for tasks to queue
[2026-07-21T18:06:31.172+0000] {logging_mixin.py:188} INFO - [2026-07-21T18:06:31.171+0000] {dagbag.py:538} INFO - Filling up the DagBag from /home/airflow/.local/lib/python3.8/site-packages/airflow/example_dags/example_nested_branch_dag.py
[2026-07-21T18:06:31.181+0000] {processor.py:840} INFO - DAG(s) 'example_nested_branch_dag' retrieved from /home/airflow/.local/lib/python3.8/site-packages/airflow/example_dags/example_nested_branch_dag.py
[2026-07-21T18:06:31.203+0000] {logging_mixin.py:188} INFO - [2026-07-21T18:06:31.203+0000] {dag.py:3036} INFO - Sync 1 DAGs
[2026-07-21T18:06:31.225+0000] {logging_mixin.py:188} INFO - [2026-07-21T18:06:31.225+0000] {dag.py:3823} INFO - Setting next_dagrun for example_nested_branch_dag to 2026-07-20 00:00:00+00:00, run_after=2026-07-21 00:00:00+00:00
[2026-07-21T18:06:31.248+0000] {processor.py:183} INFO - Processing /home/airflow/.local/lib/python3.8/site-packages/airflow/example_dags/example_nested_branch_dag.py took 0.085 seconds
[2026-07-21T18:07:01.560+0000] {processor.py:161} INFO - Started process (PID=1241) to work on /home/airflow/.local/lib/python3.8/site-packages/airflow/example_dags/example_nested_branch_dag.py
[2026-07-21T18:07:01.561+0000] {processor.py:830} INFO - Processing file /home/airflow/.local/lib/python3.8/site-packages/airflow/example_dags/example_nested_branch_dag.py for tasks to queue
[2026-07-21T18:07:01.563+0000] {logging_mixin.py:188} INFO - [2026-07-21T18:07:01.563+0000] {dagbag.py:538} INFO - Filling up the DagBag from /home/airflow/.local/lib/python3.8/site-packages/airflow/example_dags/example_nested_branch_dag.py
[2026-07-21T18:07:01.574+0000] {processor.py:840} INFO - DAG(s) 'example_nested_branch_dag' retrieved from /home/airflow/.local/lib/python3.8/site-packages/airflow/example_dags/example_nested_branch_dag.py
[2026-07-21T18:07:01.597+0000] {logging_mixin.py:188} INFO - [2026-07-21T18:07:01.596+0000] {dag.py:3036} INFO - Sync 1 DAGs
[2026-07-21T18:07:01.616+0000] {logging_mixin.py:188} INFO - [2026-07-21T18:07:01.616+0000] {dag.py:3823} INFO - Setting next_dagrun for example_nested_branch_dag to 2026-07-20 00:00:00+00:00, run_after=2026-07-21 00:00:00+00:00
[2026-07-21T18:07:01.634+0000] {processor.py:183} INFO - Processing /home/airflow/.local/lib/python3.8/site-packages/airflow/example_dags/example_nested_branch_dag.py took 0.078 seconds
[2026-07-21T18:07:31.968+0000] {processor.py:161} INFO - Started process (PID=1297) to work on /home/airflow/.local/lib/python3.8/site-packages/airflow/example_dags/example_nested_branch_dag.py
[2026-07-21T18:07:31.969+0000] {processor.py:830} INFO - Processing file /home/airflow/.local/lib/python3.8/site-packages/airflow/example_dags/example_nested_branch_dag.py for tasks to queue
[2026-07-21T18:07:31.971+0000] {logging_mixin.py:188} INFO - [2026-07-21T18:07:31.971+0000] {dagbag.py:538} INFO - Filling up the DagBag from /home/airflow/.local/lib/python3.8/site-packages/airflow/example_dags/example_nested_branch_dag.py
[2026-07-21T18:07:31.983+0000] {processor.py:840} INFO - DAG(s) 'example_nested_branch_dag' retrieved from /home/airflow/.local/lib/python3.8/site-packages/airflow/example_dags/example_nested_branch_dag.py
[2026-07-21T18:07:32.010+0000] {logging_mixin.py:188} INFO - [2026-07-21T18:07:32.010+0000] {dag.py:3036} INFO - Sync 1 DAGs
[2026-07-21T18:07:32.036+0000] {logging_mixin.py:188} INFO - [2026-07-21T18:07:32.036+0000] {dag.py:3823} INFO - Setting next_dagrun for example_nested_branch_dag to 2026-07-20 00:00:00+00:00, run_after=2026-07-21 00:00:00+00:00
[2026-07-21T18:07:32.055+0000] {processor.py:183} INFO - Processing /home/airflow/.local/lib/python3.8/site-packages/airflow/example_dags/example_nested_branch_dag.py took 0.091 seconds
[2026-07-21T18:09:11.260+0000] {processor.py:161} INFO - Started process (PID=92) to work on /home/airflow/.local/lib/python3.8/site-packages/airflow/example_dags/example_nested_branch_dag.py
[2026-07-21T18:09:11.262+0000] {processor.py:830} INFO - Processing file /home/airflow/.local/lib/python3.8/site-packages/airflow/example_dags/example_nested_branch_dag.py for tasks to queue
[2026-07-21T18:09:11.265+0000] {logging_mixin.py:188} INFO - [2026-07-21T18:09:11.265+0000] {dagbag.py:538} INFO - Filling up the DagBag from /home/airflow/.local/lib/python3.8/site-packages/airflow/example_dags/example_nested_branch_dag.py
[2026-07-21T18:09:11.284+0000] {processor.py:840} INFO - DAG(s) 'example_nested_branch_dag' retrieved from /home/airflow/.local/lib/python3.8/site-packages/airflow/example_dags/example_nested_branch_dag.py
[2026-07-21T18:09:11.304+0000] {logging_mixin.py:188} INFO - [2026-07-21T18:09:11.304+0000] {dag.py:3036} INFO - Sync 1 DAGs
[2026-07-21T18:09:11.343+0000] {logging_mixin.py:188} INFO - [2026-07-21T18:09:11.342+0000] {dag.py:3823} INFO - Setting next_dagrun for example_nested_branch_dag to 2026-07-20 00:00:00+00:00, run_after=2026-07-21 00:00:00+00:00
[2026-07-21T18:09:11.372+0000] {processor.py:183} INFO - Processing /home/airflow/.local/lib/python3.8/site-packages/airflow/example_dags/example_nested_branch_dag.py took 0.118 seconds
[2026-07-21T18:09:41.869+0000] {processor.py:161} INFO - Started process (PID=149) to work on /home/airflow/.local/lib/python3.8/site-packages/airflow/example_dags/example_nested_branch_dag.py
[2026-07-21T18:09:41.870+0000] {processor.py:830} INFO - Processing file /home/airflow/.local/lib/python3.8/site-packages/airflow/example_dags/example_nested_branch_dag.py for tasks to queue
[2026-07-21T18:09:41.872+0000] {logging_mixin.py:188} INFO - [2026-07-21T18:09:41.872+0000] {dagbag.py:538} INFO - Filling up the DagBag from /home/airflow/.local/lib/python3.8/site-packages/airflow/example_dags/example_nested_branch_dag.py
[2026-07-21T18:09:41.883+0000] {processor.py:840} INFO - DAG(s) 'example_nested_branch_dag' retrieved from /home/airflow/.local/lib/python3.8/site-packages/airflow/example_dags/example_nested_branch_dag.py
[2026-07-21T18:09:42.011+0000] {logging_mixin.py:188} INFO - [2026-07-21T18:09:42.010+0000] {dag.py:3036} INFO - Sync 1 DAGs
[2026-07-21T18:09:42.031+0000] {logging_mixin.py:188} INFO - [2026-07-21T18:09:42.031+0000] {dag.py:3823} INFO - Setting next_dagrun for example_nested_branch_dag to 2026-07-20 00:00:00+00:00, run_after=2026-07-21 00:00:00+00:00
[2026-07-21T18:09:42.051+0000] {processor.py:183} INFO - Processing /home/airflow/.local/lib/python3.8/site-packages/airflow/example_dags/example_nested_branch_dag.py took 0.186 seconds
[2026-07-21T18:10:12.184+0000] {processor.py:161} INFO - Started process (PID=210) to work on /home/airflow/.local/lib/python3.8/site-packages/airflow/example_dags/example_nested_branch_dag.py
[2026-07-21T18:10:12.186+0000] {processor.py:830} INFO - Processing file /home/airflow/.local/lib/python3.8/site-packages/airflow/example_dags/example_nested_branch_dag.py for tasks to queue
[2026-07-21T18:10:12.188+0000] {logging_mixin.py:188} INFO - [2026-07-21T18:10:12.187+0000] {dagbag.py:538} INFO - Filling up the DagBag from /home/airflow/.local/lib/python3.8/site-packages/airflow/example_dags/example_nested_branch_dag.py
[2026-07-21T18:10:12.199+0000] {processor.py:840} INFO - DAG(s) 'example_nested_branch_dag' retrieved from /home/airflow/.local/lib/python3.8/site-packages/airflow/example_dags/example_nested_branch_dag.py
[2026-07-21T18:10:12.227+0000] {logging_mixin.py:188} INFO - [2026-07-21T18:10:12.226+0000] {dag.py:3036} INFO - Sync 1 DAGs
[2026-07-21T18:10:12.251+0000] {logging_mixin.py:188} INFO - [2026-07-21T18:10:12.251+0000] {dag.py:3823} INFO - Setting next_dagrun for example_nested_branch_dag to 2026-07-20 00:00:00+00:00, run_after=2026-07-21 00:00:00+00:00
[2026-07-21T18:10:12.274+0000] {processor.py:183} INFO - Processing /home/airflow/.local/lib/python3.8/site-packages/airflow/example_dags/example_nested_branch_dag.py took 0.093 seconds
[2026-07-21T18:10:42.496+0000] {processor.py:161} INFO - Started process (PID=266) to work on /home/airflow/.local/lib/python3.8/site-packages/airflow/example_dags/example_nested_branch_dag.py
[2026-07-21T18:10:42.498+0000] {processor.py:830} INFO - Processing file /home/airflow/.local/lib/python3.8/site-packages/airflow/example_dags/example_nested_branch_dag.py for tasks to queue
[2026-07-21T18:10:42.500+0000] {logging_mixin.py:188} INFO - [2026-07-21T18:10:42.500+0000] {dagbag.py:538} INFO - Filling up the DagBag from /home/airflow/.local/lib/python3.8/site-packages/airflow/example_dags/example_nested_branch_dag.py
[2026-07-21T18:10:42.512+0000] {processor.py:840} INFO - DAG(s) 'example_nested_branch_dag' retrieved from /home/airflow/.local/lib/python3.8/site-packages/airflow/example_dags/example_nested_branch_dag.py
[2026-07-21T18:10:42.537+0000] {logging_mixin.py:188} INFO - [2026-07-21T18:10:42.537+0000] {dag.py:3036} INFO - Sync 1 DAGs
[2026-07-21T18:10:42.560+0000] {logging_mixin.py:188} INFO - [2026-07-21T18:10:42.560+0000] {dag.py:3823} INFO - Setting next_dagrun for example_nested_branch_dag to 2026-07-20 00:00:00+00:00, run_after=2026-07-21 00:00:00+00:00
[2026-07-21T18:10:42.579+0000] {processor.py:183} INFO - Processing /home/airflow/.local/lib/python3.8/site-packages/airflow/example_dags/example_nested_branch_dag.py took 0.088 seconds
[2026-07-21T18:11:13.025+0000] {processor.py:161} INFO - Started process (PID=322) to work on /home/airflow/.local/lib/python3.8/site-packages/airflow/example_dags/example_nested_branch_dag.py
[2026-07-21T18:11:13.026+0000] {processor.py:830} INFO - Processing file /home/airflow/.local/lib/python3.8/site-packages/airflow/example_dags/example_nested_branch_dag.py for tasks to queue
[2026-07-21T18:11:13.028+0000] {logging_mixin.py:188} INFO - [2026-07-21T18:11:13.028+0000] {dagbag.py:538} INFO - Filling up the DagBag from /home/airflow/.local/lib/python3.8/site-packages/airflow/example_dags/example_nested_branch_dag.py
[2026-07-21T18:11:13.038+0000] {processor.py:840} INFO - DAG(s) 'example_nested_branch_dag' retrieved from /home/airflow/.local/lib/python3.8/site-packages/airflow/example_dags/example_nested_branch_dag.py
[2026-07-21T18:11:13.060+0000] {logging_mixin.py:188} INFO - [2026-07-21T18:11:13.060+0000] {dag.py:3036} INFO - Sync 1 DAGs
[2026-07-21T18:11:13.081+0000] {logging_mixin.py:188} INFO - [2026-07-21T18:11:13.081+0000] {dag.py:3823} INFO - Setting next_dagrun for example_nested_branch_dag to 2026-07-20 00:00:00+00:00, run_after=2026-07-21 00:00:00+00:00
[2026-07-21T18:11:13.099+0000] {processor.py:183} INFO - Processing /home/airflow/.local/lib/python3.8/site-packages/airflow/example_dags/example_nested_branch_dag.py took 0.078 seconds
[2026-07-21T18:11:43.461+0000] {processor.py:161} INFO - Started process (PID=378) to work on /home/airflow/.local/lib/python3.8/site-packages/airflow/example_dags/example_nested_branch_dag.py
[2026-07-21T18:11:43.462+0000] {processor.py:830} INFO - Processing file /home/airflow/.local/lib/python3.8/site-packages/airflow/example_dags/example_nested_branch_dag.py for tasks to queue
[2026-07-21T18:11:43.464+0000] {logging_mixin.py:188} INFO - [2026-07-21T18:11:43.463+0000] {dagbag.py:538} INFO - Filling up the DagBag from /home/airflow/.local/lib/python3.8/site-packages/airflow/example_dags/example_nested_branch_dag.py
[2026-07-21T18:11:43.475+0000] {processor.py:840} INFO - DAG(s) 'example_nested_branch_dag' retrieved from /home/airflow/.local/lib/python3.8/site-packages/airflow/example_dags/example_nested_branch_dag.py
[2026-07-21T18:11:43.500+0000] {logging_mixin.py:188} INFO - [2026-07-21T18:11:43.500+0000] {dag.py:3036} INFO - Sync 1 DAGs
[2026-07-21T18:11:43.523+0000] {logging_mixin.py:188} INFO - [2026-07-21T18:11:43.522+0000] {dag.py:3823} INFO - Setting next_dagrun for example_nested_branch_dag to 2026-07-20 00:00:00+00:00, run_after=2026-07-21 00:00:00+00:00
[2026-07-21T18:11:43.543+0000] {processor.py:183} INFO - Processing /home/airflow/.local/lib/python3.8/site-packages/airflow/example_dags/example_nested_branch_dag.py took 0.086 seconds
[2026-07-21T18:12:14.072+0000] {processor.py:161} INFO - Started process (PID=434) to work on /home/airflow/.local/lib/python3.8/site-packages/airflow/example_dags/example_nested_branch_dag.py
[2026-07-21T18:12:14.073+0000] {processor.py:830} INFO - Processing file /home/airflow/.local/lib/python3.8/site-packages/airflow/example_dags/example_nested_branch_dag.py for tasks to queue
[2026-07-21T18:12:14.076+0000] {logging_mixin.py:188} INFO - [2026-07-21T18:12:14.076+0000] {dagbag.py:538} INFO - Filling up the DagBag from /home/airflow/.local/lib/python3.8/site-packages/airflow/example_dags/example_nested_branch_dag.py
[2026-07-21T18:12:14.087+0000] {processor.py:840} INFO - DAG(s) 'example_nested_branch_dag' retrieved from /home/airflow/.local/lib/python3.8/site-packages/airflow/example_dags/example_nested_branch_dag.py
[2026-07-21T18:12:14.110+0000] {logging_mixin.py:188} INFO - [2026-07-21T18:12:14.110+0000] {dag.py:3036} INFO - Sync 1 DAGs
[2026-07-21T18:12:14.131+0000] {logging_mixin.py:188} INFO - [2026-07-21T18:12:14.131+0000] {dag.py:3823} INFO - Setting next_dagrun for example_nested_branch_dag to 2026-07-20 00:00:00+00:00, run_after=2026-07-21 00:00:00+00:00
[2026-07-21T18:12:14.150+0000] {processor.py:183} INFO - Processing /home/airflow/.local/lib/python3.8/site-packages/airflow/example_dags/example_nested_branch_dag.py took 0.082 seconds
[2026-07-21T18:12:45.030+0000] {processor.py:161} INFO - Started process (PID=490) to work on /home/airflow/.local/lib/python3.8/site-packages/airflow/example_dags/example_nested_branch_dag.py
[2026-07-21T18:12:45.031+0000] {processor.py:830} INFO - Processing file /home/airflow/.local/lib/python3.8/site-packages/airflow/example_dags/example_nested_branch_dag.py for tasks to queue
[2026-07-21T18:12:45.034+0000] {logging_mixin.py:188} INFO - [2026-07-21T18:12:45.034+0000] {dagbag.py:538} INFO - Filling up the DagBag from /home/airflow/.local/lib/python3.8/site-packages/airflow/example_dags/example_nested_branch_dag.py
[2026-07-21T18:12:45.044+0000] {processor.py:840} INFO - DAG(s) 'example_nested_branch_dag' retrieved from /home/airflow/.local/lib/python3.8/site-packages/airflow/example_dags/example_nested_branch_dag.py
[2026-07-21T18:12:45.067+0000] {logging_mixin.py:188} INFO - [2026-07-21T18:12:45.067+0000] {dag.py:3036} INFO - Sync 1 DAGs
[2026-07-21T18:12:45.087+0000] {logging_mixin.py:188} INFO - [2026-07-21T18:12:45.087+0000] {dag.py:3823} INFO - Setting next_dagrun for example_nested_branch_dag to 2026-07-20 00:00:00+00:00, run_after=2026-07-21 00:00:00+00:00
[2026-07-21T18:12:45.106+0000] {processor.py:183} INFO - Processing /home/airflow/.local/lib/python3.8/site-packages/airflow/example_dags/example_nested_branch_dag.py took 0.080 seconds
[2026-07-21T18:13:15.732+0000] {processor.py:161} INFO - Started process (PID=546) to work on /home/airflow/.local/lib/python3.8/site-packages/airflow/example_dags/example_nested_branch_dag.py
[2026-07-21T18:13:15.733+0000] {processor.py:830} INFO - Processing file /home/airflow/.local/lib/python3.8/site-packages/airflow/example_dags/example_nested_branch_dag.py for tasks to queue
[2026-07-21T18:13:15.736+0000] {logging_mixin.py:188} INFO - [2026-07-21T18:13:15.736+0000] {dagbag.py:538} INFO - Filling up the DagBag from /home/airflow/.local/lib/python3.8/site-packages/airflow/example_dags/example_nested_branch_dag.py
[2026-07-21T18:13:15.747+0000] {processor.py:840} INFO - DAG(s) 'example_nested_branch_dag' retrieved from /home/airflow/.local/lib/python3.8/site-packages/airflow/example_dags/example_nested_branch_dag.py
[2026-07-21T18:13:15.771+0000] {logging_mixin.py:188} INFO - [2026-07-21T18:13:15.771+0000] {dag.py:3036} INFO - Sync 1 DAGs
[2026-07-21T18:13:15.793+0000] {logging_mixin.py:188} INFO - [2026-07-21T18:13:15.792+0000] {dag.py:3823} INFO - Setting next_dagrun for example_nested_branch_dag to 2026-07-20 00:00:00+00:00, run_after=2026-07-21 00:00:00+00:00
[2026-07-21T18:13:15.813+0000] {processor.py:183} INFO - Processing /home/airflow/.local/lib/python3.8/site-packages/airflow/example_dags/example_nested_branch_dag.py took 0.085 seconds
[2026-07-21T18:13:46.233+0000] {processor.py:161} INFO - Started process (PID=602) to work on /home/airflow/.local/lib/python3.8/site-packages/airflow/example_dags/example_nested_branch_dag.py
[2026-07-21T18:13:46.234+0000] {processor.py:830} INFO - Processing file /home/airflow/.local/lib/python3.8/site-packages/airflow/example_dags/example_nested_branch_dag.py for tasks to queue
[2026-07-21T18:13:46.237+0000] {logging_mixin.py:188} INFO - [2026-07-21T18:13:46.237+0000] {dagbag.py:538} INFO - Filling up the DagBag from /home/airflow/.local/lib/python3.8/site-packages/airflow/example_dags/example_nested_branch_dag.py
[2026-07-21T18:13:46.247+0000] {processor.py:840} INFO - DAG(s) 'example_nested_branch_dag' retrieved from /home/airflow/.local/lib/python3.8/site-packages/airflow/example_dags/example_nested_branch_dag.py
[2026-07-21T18:13:46.271+0000] {logging_mixin.py:188} INFO - [2026-07-21T18:13:46.271+0000] {dag.py:3036} INFO - Sync 1 DAGs
[2026-07-21T18:13:46.292+0000] {logging_mixin.py:188} INFO - [2026-07-21T18:13:46.292+0000] {dag.py:3823} INFO - Setting next_dagrun for example_nested_branch_dag to 2026-07-20 00:00:00+00:00, run_after=2026-07-21 00:00:00+00:00
[2026-07-21T18:13:46.311+0000] {processor.py:183} INFO - Processing /home/airflow/.local/lib/python3.8/site-packages/airflow/example_dags/example_nested_branch_dag.py took 0.082 seconds
[2026-07-21T18:14:17.167+0000] {processor.py:161} INFO - Started process (PID=658) to work on /home/airflow/.local/lib/python3.8/site-packages/airflow/example_dags/example_nested_branch_dag.py
[2026-07-21T18:14:17.168+0000] {processor.py:830} INFO - Processing file /home/airflow/.local/lib/python3.8/site-packages/airflow/example_dags/example_nested_branch_dag.py for tasks to queue
[2026-07-21T18:14:17.171+0000] {logging_mixin.py:188} INFO - [2026-07-21T18:14:17.170+0000] {dagbag.py:538} INFO - Filling up the DagBag from /home/airflow/.local/lib/python3.8/site-packages/airflow/example_dags/example_nested_branch_dag.py
[2026-07-21T18:14:17.181+0000] {processor.py:840} INFO - DAG(s) 'example_nested_branch_dag' retrieved from /home/airflow/.local/lib/python3.8/site-packages/airflow/example_dags/example_nested_branch_dag.py
[2026-07-21T18:14:17.203+0000] {logging_mixin.py:188} INFO - [2026-07-21T18:14:17.203+0000] {dag.py:3036} INFO - Sync 1 DAGs
[2026-07-21T18:14:17.223+0000] {logging_mixin.py:188} INFO - [2026-07-21T18:14:17.223+0000] {dag.py:3823} INFO - Setting next_dagrun for example_nested_branch_dag to 2026-07-20 00:00:00+00:00, run_after=2026-07-21 00:00:00+00:00
[2026-07-21T18:14:17.243+0000] {processor.py:183} INFO - Processing /home/airflow/.local/lib/python3.8/site-packages/airflow/example_dags/example_nested_branch_dag.py took 0.080 seconds
[2026-07-21T18:14:48.015+0000] {processor.py:161} INFO - Started process (PID=715) to work on /home/airflow/.local/lib/python3.8/site-packages/airflow/example_dags/example_nested_branch_dag.py
[2026-07-21T18:14:48.016+0000] {processor.py:830} INFO - Processing file /home/airflow/.local/lib/python3.8/site-packages/airflow/example_dags/example_nested_branch_dag.py for tasks to queue
[2026-07-21T18:14:48.019+0000] {logging_mixin.py:188} INFO - [2026-07-21T18:14:48.019+0000] {dagbag.py:538} INFO - Filling up the DagBag from /home/airflow/.local/lib/python3.8/site-packages/airflow/example_dags/example_nested_branch_dag.py
[2026-07-21T18:14:48.030+0000] {processor.py:840} INFO - DAG(s) 'example_nested_branch_dag' retrieved from /home/airflow/.local/lib/python3.8/site-packages/airflow/example_dags/example_nested_branch_dag.py
[2026-07-21T18:14:48.057+0000] {logging_mixin.py:188} INFO - [2026-07-21T18:14:48.057+0000] {dag.py:3036} INFO - Sync 1 DAGs
[2026-07-21T18:14:48.086+0000] {logging_mixin.py:188} INFO - [2026-07-21T18:14:48.086+0000] {dag.py:3823} INFO - Setting next_dagrun for example_nested_branch_dag to 2026-07-20 00:00:00+00:00, run_after=2026-07-21 00:00:00+00:00
[2026-07-21T18:14:48.112+0000] {processor.py:183} INFO - Processing /home/airflow/.local/lib/python3.8/site-packages/airflow/example_dags/example_nested_branch_dag.py took 0.101 seconds
[2026-07-21T18:15:19.007+0000] {processor.py:161} INFO - Started process (PID=771) to work on /home/airflow/.local/lib/python3.8/site-packages/airflow/example_dags/example_nested_branch_dag.py
[2026-07-21T18:15:19.009+0000] {processor.py:830} INFO - Processing file /home/airflow/.local/lib/python3.8/site-packages/airflow/example_dags/example_nested_branch_dag.py for tasks to queue
[2026-07-21T18:15:19.012+0000] {logging_mixin.py:188} INFO - [2026-07-21T18:15:19.012+0000] {dagbag.py:538} INFO - Filling up the DagBag from /home/airflow/.local/lib/python3.8/site-packages/airflow/example_dags/example_nested_branch_dag.py
[2026-07-21T18:15:19.023+0000] {processor.py:840} INFO - DAG(s) 'example_nested_branch_dag' retrieved from /home/airflow/.local/lib/python3.8/site-packages/airflow/example_dags/example_nested_branch_dag.py
[2026-07-21T18:15:19.047+0000] {logging_mixin.py:188} INFO - [2026-07-21T18:15:19.047+0000] {dag.py:3036} INFO - Sync 1 DAGs
[2026-07-21T18:15:19.068+0000] {logging_mixin.py:188} INFO - [2026-07-21T18:15:19.068+0000] {dag.py:3823} INFO - Setting next_dagrun for example_nested_branch_dag to 2026-07-20 00:00:00+00:00, run_after=2026-07-21 00:00:00+00:00
[2026-07-21T18:15:19.086+0000] {processor.py:183} INFO - Processing /home/airflow/.local/lib/python3.8/site-packages/airflow/example_dags/example_nested_branch_dag.py took 0.084 seconds
[2026-07-21T18:15:49.837+0000] {processor.py:161} INFO - Started process (PID=827) to work on /home/airflow/.local/lib/python3.8/site-packages/airflow/example_dags/example_nested_branch_dag.py
[2026-07-21T18:15:49.839+0000] {processor.py:830} INFO - Processing file /home/airflow/.local/lib/python3.8/site-packages/airflow/example_dags/example_nested_branch_dag.py for tasks to queue
[2026-07-21T18:15:49.842+0000] {logging_mixin.py:188} INFO - [2026-07-21T18:15:49.842+0000] {dagbag.py:538} INFO - Filling up the DagBag from /home/airflow/.local/lib/python3.8/site-packages/airflow/example_dags/example_nested_branch_dag.py
[2026-07-21T18:15:49.853+0000] {processor.py:840} INFO - DAG(s) 'example_nested_branch_dag' retrieved from /home/airflow/.local/lib/python3.8/site-packages/airflow/example_dags/example_nested_branch_dag.py
[2026-07-21T18:15:49.877+0000] {logging_mixin.py:188} INFO - [2026-07-21T18:15:49.877+0000] {dag.py:3036} INFO - Sync 1 DAGs
[2026-07-21T18:15:49.898+0000] {logging_mixin.py:188} INFO - [2026-07-21T18:15:49.898+0000] {dag.py:3823} INFO - Setting next_dagrun for example_nested_branch_dag to 2026-07-20 00:00:00+00:00, run_after=2026-07-21 00:00:00+00:00
[2026-07-21T18:15:49.919+0000] {processor.py:183} INFO - Processing /home/airflow/.local/lib/python3.8/site-packages/airflow/example_dags/example_nested_branch_dag.py took 0.085 seconds
[2026-07-21T18:16:20.554+0000] {processor.py:161} INFO - Started process (PID=883) to work on /home/airflow/.local/lib/python3.8/site-packages/airflow/example_dags/example_nested_branch_dag.py
[2026-07-21T18:16:20.555+0000] {processor.py:830} INFO - Processing file /home/airflow/.local/lib/python3.8/site-packages/airflow/example_dags/example_nested_branch_dag.py for tasks to queue
[2026-07-21T18:16:20.558+0000] {logging_mixin.py:188} INFO - [2026-07-21T18:16:20.557+0000] {dagbag.py:538} INFO - Filling up the DagBag from /home/airflow/.local/lib/python3.8/site-packages/airflow/example_dags/example_nested_branch_dag.py
[2026-07-21T18:16:20.567+0000] {processor.py:840} INFO - DAG(s) 'example_nested_branch_dag' retrieved from /home/airflow/.local/lib/python3.8/site-packages/airflow/example_dags/example_nested_branch_dag.py
[2026-07-21T18:16:20.591+0000] {logging_mixin.py:188} INFO - [2026-07-21T18:16:20.590+0000] {dag.py:3036} INFO - Sync 1 DAGs
[2026-07-21T18:16:20.615+0000] {logging_mixin.py:188} INFO - [2026-07-21T18:16:20.615+0000] {dag.py:3823} INFO - Setting next_dagrun for example_nested_branch_dag to 2026-07-20 00:00:00+00:00, run_after=2026-07-21 00:00:00+00:00
[2026-07-21T18:16:20.636+0000] {processor.py:183} INFO - Processing /home/airflow/.local/lib/python3.8/site-packages/airflow/example_dags/example_nested_branch_dag.py took 0.086 seconds
[2026-07-21T18:16:50.793+0000] {processor.py:161} INFO - Started process (PID=939) to work on /home/airflow/.local/lib/python3.8/site-packages/airflow/example_dags/example_nested_branch_dag.py
[2026-07-21T18:16:50.794+0000] {processor.py:830} INFO - Processing file /home/airflow/.local/lib/python3.8/site-packages/airflow/example_dags/example_nested_branch_dag.py for tasks to queue
[2026-07-21T18:16:50.797+0000] {logging_mixin.py:188} INFO - [2026-07-21T18:16:50.796+0000] {dagbag.py:538} INFO - Filling up the DagBag from /home/airflow/.local/lib/python3.8/site-packages/airflow/example_dags/example_nested_branch_dag.py
[2026-07-21T18:16:50.807+0000] {processor.py:840} INFO - DAG(s) 'example_nested_branch_dag' retrieved from /home/airflow/.local/lib/python3.8/site-packages/airflow/example_dags/example_nested_branch_dag.py
[2026-07-21T18:16:50.831+0000] {logging_mixin.py:188} INFO - [2026-07-21T18:16:50.831+0000] {dag.py:3036} INFO - Sync 1 DAGs
[2026-07-21T18:16:50.852+0000] {logging_mixin.py:188} INFO - [2026-07-21T18:16:50.851+0000] {dag.py:3823} INFO - Setting next_dagrun for example_nested_branch_dag to 2026-07-20 00:00:00+00:00, run_after=2026-07-21 00:00:00+00:00
[2026-07-21T18:16:50.871+0000] {processor.py:183} INFO - Processing /home/airflow/.local/lib/python3.8/site-packages/airflow/example_dags/example_nested_branch_dag.py took 0.082 seconds
[2026-07-21T18:17:21.180+0000] {processor.py:161} INFO - Started process (PID=995) to work on /home/airflow/.local/lib/python3.8/site-packages/airflow/example_dags/example_nested_branch_dag.py
[2026-07-21T18:17:21.181+0000] {processor.py:830} INFO - Processing file /home/airflow/.local/lib/python3.8/site-packages/airflow/example_dags/example_nested_branch_dag.py for tasks to queue
[2026-07-21T18:17:21.183+0000] {logging_mixin.py:188} INFO - [2026-07-21T18:17:21.183+0000] {dagbag.py:538} INFO - Filling up the DagBag from /home/airflow/.local/lib/python3.8/site-packages/airflow/example_dags/example_nested_branch_dag.py
[2026-07-21T18:17:21.194+0000] {processor.py:840} INFO - DAG(s) 'example_nested_branch_dag' retrieved from /home/airflow/.local/lib/python3.8/site-packages/airflow/example_dags/example_nested_branch_dag.py
[2026-07-21T18:17:21.217+0000] {logging_mixin.py:188} INFO - [2026-07-21T18:17:21.217+0000] {dag.py:3036} INFO - Sync 1 DAGs
[2026-07-21T18:17:21.239+0000] {logging_mixin.py:188} INFO - [2026-07-21T18:17:21.239+0000] {dag.py:3823} INFO - Setting next_dagrun for example_nested_branch_dag to 2026-07-20 00:00:00+00:00, run_after=2026-07-21 00:00:00+00:00
[2026-07-21T18:17:21.259+0000] {processor.py:183} INFO - Processing /home/airflow/.local/lib/python3.8/site-packages/airflow/example_dags/example_nested_branch_dag.py took 0.083 seconds
[2026-07-21T18:17:52.056+0000] {processor.py:161} INFO - Started process (PID=1051) to work on /home/airflow/.local/lib/python3.8/site-packages/airflow/example_dags/example_nested_branch_dag.py
[2026-07-21T18:17:52.057+0000] {processor.py:830} INFO - Processing file /home/airflow/.local/lib/python3.8/site-packages/airflow/example_dags/example_nested_branch_dag.py for tasks to queue
[2026-07-21T18:17:52.060+0000] {logging_mixin.py:188} INFO - [2026-07-21T18:17:52.060+0000] {dagbag.py:538} INFO - Filling up the DagBag from /home/airflow/.local/lib/python3.8/site-packages/airflow/example_dags/example_nested_branch_dag.py
[2026-07-21T18:17:52.076+0000] {processor.py:840} INFO - DAG(s) 'example_nested_branch_dag' retrieved from /home/airflow/.local/lib/python3.8/site-packages/airflow/example_dags/example_nested_branch_dag.py
[2026-07-21T18:17:52.106+0000] {logging_mixin.py:188} INFO - [2026-07-21T18:17:52.106+0000] {dag.py:3036} INFO - Sync 1 DAGs
[2026-07-21T18:17:52.137+0000] {logging_mixin.py:188} INFO - [2026-07-21T18:17:52.137+0000] {dag.py:3823} INFO - Setting next_dagrun for example_nested_branch_dag to 2026-07-20 00:00:00+00:00, run_after=2026-07-21 00:00:00+00:00
[2026-07-21T18:17:52.161+0000] {processor.py:183} INFO - Processing /home/airflow/.local/lib/python3.8/site-packages/airflow/example_dags/example_nested_branch_dag.py took 0.110 seconds
[2026-07-21T18:18:23.053+0000] {processor.py:161} INFO - Started process (PID=1107) to work on /home/airflow/.local/lib/python3.8/site-packages/airflow/example_dags/example_nested_branch_dag.py
[2026-07-21T18:18:23.054+0000] {processor.py:830} INFO - Processing file /home/airflow/.local/lib/python3.8/site-packages/airflow/example_dags/example_nested_branch_dag.py for tasks to queue
[2026-07-21T18:18:23.056+0000] {logging_mixin.py:188} INFO - [2026-07-21T18:18:23.056+0000] {dagbag.py:538} INFO - Filling up the DagBag from /home/airflow/.local/lib/python3.8/site-packages/airflow/example_dags/example_nested_branch_dag.py
[2026-07-21T18:18:23.066+0000] {processor.py:840} INFO - DAG(s) 'example_nested_branch_dag' retrieved from /home/airflow/.local/lib/python3.8/site-packages/airflow/example_dags/example_nested_branch_dag.py
[2026-07-21T18:18:23.087+0000] {logging_mixin.py:188} INFO - [2026-07-21T18:18:23.087+0000] {dag.py:3036} INFO - Sync 1 DAGs
[2026-07-21T18:18:23.107+0000] {logging_mixin.py:188} INFO - [2026-07-21T18:18:23.107+0000] {dag.py:3823} INFO - Setting next_dagrun for example_nested_branch_dag to 2026-07-20 00:00:00+00:00, run_after=2026-07-21 00:00:00+00:00
[2026-07-21T18:18:23.126+0000] {processor.py:183} INFO - Processing /home/airflow/.local/lib/python3.8/site-packages/airflow/example_dags/example_nested_branch_dag.py took 0.076 seconds
[2026-07-21T18:18:53.735+0000] {processor.py:161} INFO - Started process (PID=1163) to work on /home/airflow/.local/lib/python3.8/site-packages/airflow/example_dags/example_nested_branch_dag.py
[2026-07-21T18:18:53.736+0000] {processor.py:830} INFO - Processing file /home/airflow/.local/lib/python3.8/site-packages/airflow/example_dags/example_nested_branch_dag.py for tasks to queue
[2026-07-21T18:18:53.739+0000] {logging_mixin.py:188} INFO - [2026-07-21T18:18:53.739+0000] {dagbag.py:538} INFO - Filling up the DagBag from /home/airflow/.local/lib/python3.8/site-packages/airflow/example_dags/example_nested_branch_dag.py
[2026-07-21T18:18:53.749+0000] {processor.py:840} INFO - DAG(s) 'example_nested_branch_dag' retrieved from /home/airflow/.local/lib/python3.8/site-packages/airflow/example_dags/example_nested_branch_dag.py
[2026-07-21T18:18:53.771+0000] {logging_mixin.py:188} INFO - [2026-07-21T18:18:53.771+0000] {dag.py:3036} INFO - Sync 1 DAGs
[2026-07-21T18:18:53.791+0000] {logging_mixin.py:188} INFO - [2026-07-21T18:18:53.791+0000] {dag.py:3823} INFO - Setting next_dagrun for example_nested_branch_dag to 2026-07-20 00:00:00+00:00, run_after=2026-07-21 00:00:00+00:00
[2026-07-21T18:18:53.809+0000] {processor.py:183} INFO - Processing /home/airflow/.local/lib/python3.8/site-packages/airflow/example_dags/example_nested_branch_dag.py took 0.078 seconds
[2026-07-21T18:19:24.708+0000] {processor.py:161} INFO - Started process (PID=1219) to work on /home/airflow/.local/lib/python3.8/site-packages/airflow/example_dags/example_nested_branch_dag.py
[2026-07-21T18:19:24.709+0000] {processor.py:830} INFO - Processing file /home/airflow/.local/lib/python3.8/site-packages/airflow/example_dags/example_nested_branch_dag.py for tasks to queue
[2026-07-21T18:19:24.712+0000] {logging_mixin.py:188} INFO - [2026-07-21T18:19:24.711+0000] {dagbag.py:538} INFO - Filling up the DagBag from /home/airflow/.local/lib/python3.8/site-packages/airflow/example_dags/example_nested_branch_dag.py
[2026-07-21T18:19:24.722+0000] {processor.py:840} INFO - DAG(s) 'example_nested_branch_dag' retrieved from /home/airflow/.local/lib/python3.8/site-packages/airflow/example_dags/example_nested_branch_dag.py
[2026-07-21T18:19:24.744+0000] {logging_mixin.py:188} INFO - [2026-07-21T18:19:24.744+0000] {dag.py:3036} INFO - Sync 1 DAGs
[2026-07-21T18:19:24.764+0000] {logging_mixin.py:188} INFO - [2026-07-21T18:19:24.764+0000] {dag.py:3823} INFO - Setting next_dagrun for example_nested_branch_dag to 2026-07-20 00:00:00+00:00, run_after=2026-07-21 00:00:00+00:00
[2026-07-21T18:19:24.783+0000] {processor.py:183} INFO - Processing /home/airflow/.local/lib/python3.8/site-packages/airflow/example_dags/example_nested_branch_dag.py took 0.078 seconds
[2026-07-21T18:19:55.200+0000] {processor.py:161} INFO - Started process (PID=1275) to work on /home/airflow/.local/lib/python3.8/site-packages/airflow/example_dags/example_nested_branch_dag.py
[2026-07-21T18:19:55.201+0000] {processor.py:830} INFO - Processing file /home/airflow/.local/lib/python3.8/site-packages/airflow/example_dags/example_nested_branch_dag.py for tasks to queue
[2026-07-21T18:19:55.204+0000] {logging_mixin.py:188} INFO - [2026-07-21T18:19:55.204+0000] {dagbag.py:538} INFO - Filling up the DagBag from /home/airflow/.local/lib/python3.8/site-packages/airflow/example_dags/example_nested_branch_dag.py
[2026-07-21T18:19:55.213+0000] {processor.py:840} INFO - DAG(s) 'example_nested_branch_dag' retrieved from /home/airflow/.local/lib/python3.8/site-packages/airflow/example_dags/example_nested_branch_dag.py
[2026-07-21T18:19:55.235+0000] {logging_mixin.py:188} INFO - [2026-07-21T18:19:55.235+0000] {dag.py:3036} INFO - Sync 1 DAGs
[2026-07-21T18:19:55.255+0000] {logging_mixin.py:188} INFO - [2026-07-21T18:19:55.255+0000] {dag.py:3823} INFO - Setting next_dagrun for example_nested_branch_dag to 2026-07-20 00:00:00+00:00, run_after=2026-07-21 00:00:00+00:00
[2026-07-21T18:19:55.273+0000] {processor.py:183} INFO - Processing /home/airflow/.local/lib/python3.8/site-packages/airflow/example_dags/example_nested_branch_dag.py took 0.077 seconds
[2026-07-21T18:20:25.851+0000] {processor.py:161} INFO - Started process (PID=1331) to work on /home/airflow/.local/lib/python3.8/site-packages/airflow/example_dags/example_nested_branch_dag.py
[2026-07-21T18:20:25.853+0000] {processor.py:830} INFO - Processing file /home/airflow/.local/lib/python3.8/site-packages/airflow/example_dags/example_nested_branch_dag.py for tasks to queue
[2026-07-21T18:20:25.855+0000] {logging_mixin.py:188} INFO - [2026-07-21T18:20:25.855+0000] {dagbag.py:538} INFO - Filling up the DagBag from /home/airflow/.local/lib/python3.8/site-packages/airflow/example_dags/example_nested_branch_dag.py
[2026-07-21T18:20:25.865+0000] {processor.py:840} INFO - DAG(s) 'example_nested_branch_dag' retrieved from /home/airflow/.local/lib/python3.8/site-packages/airflow/example_dags/example_nested_branch_dag.py
[2026-07-21T18:20:25.886+0000] {logging_mixin.py:188} INFO - [2026-07-21T18:20:25.886+0000] {dag.py:3036} INFO - Sync 1 DAGs
[2026-07-21T18:20:25.906+0000] {logging_mixin.py:188} INFO - [2026-07-21T18:20:25.906+0000] {dag.py:3823} INFO - Setting next_dagrun for example_nested_branch_dag to 2026-07-20 00:00:00+00:00, run_after=2026-07-21 00:00:00+00:00
[2026-07-21T18:20:25.924+0000] {processor.py:183} INFO - Processing /home/airflow/.local/lib/python3.8/site-packages/airflow/example_dags/example_nested_branch_dag.py took 0.076 seconds
[2026-07-21T18:20:56.842+0000] {processor.py:161} INFO - Started process (PID=1387) to work on /home/airflow/.local/lib/python3.8/site-packages/airflow/example_dags/example_nested_branch_dag.py
[2026-07-21T18:20:56.843+0000] {processor.py:830} INFO - Processing file /home/airflow/.local/lib/python3.8/site-packages/airflow/example_dags/example_nested_branch_dag.py for tasks to queue
[2026-07-21T18:20:56.845+0000] {logging_mixin.py:188} INFO - [2026-07-21T18:20:56.845+0000] {dagbag.py:538} INFO - Filling up the DagBag from /home/airflow/.local/lib/python3.8/site-packages/airflow/example_dags/example_nested_branch_dag.py
[2026-07-21T18:20:56.855+0000] {processor.py:840} INFO - DAG(s) 'example_nested_branch_dag' retrieved from /home/airflow/.local/lib/python3.8/site-packages/airflow/example_dags/example_nested_branch_dag.py
[2026-07-21T18:20:56.877+0000] {logging_mixin.py:188} INFO - [2026-07-21T18:20:56.876+0000] {dag.py:3036} INFO - Sync 1 DAGs
[2026-07-21T18:20:56.897+0000] {logging_mixin.py:188} INFO - [2026-07-21T18:20:56.897+0000] {dag.py:3823} INFO - Setting next_dagrun for example_nested_branch_dag to 2026-07-20 00:00:00+00:00, run_after=2026-07-21 00:00:00+00:00
[2026-07-21T18:20:57.059+0000] {processor.py:183} INFO - Processing /home/airflow/.local/lib/python3.8/site-packages/airflow/example_dags/example_nested_branch_dag.py took 0.221 seconds
[2026-07-21T18:21:27.807+0000] {processor.py:161} INFO - Started process (PID=1443) to work on /home/airflow/.local/lib/python3.8/site-packages/airflow/example_dags/example_nested_branch_dag.py
[2026-07-21T18:21:27.808+0000] {processor.py:830} INFO - Processing file /home/airflow/.local/lib/python3.8/site-packages/airflow/example_dags/example_nested_branch_dag.py for tasks to queue
[2026-07-21T18:21:27.811+0000] {logging_mixin.py:188} INFO - [2026-07-21T18:21:27.811+0000] {dagbag.py:538} INFO - Filling up the DagBag from /home/airflow/.local/lib/python3.8/site-packages/airflow/example_dags/example_nested_branch_dag.py
[2026-07-21T18:21:27.823+0000] {processor.py:840} INFO - DAG(s) 'example_nested_branch_dag' retrieved from /home/airflow/.local/lib/python3.8/site-packages/airflow/example_dags/example_nested_branch_dag.py
[2026-07-21T18:21:27.847+0000] {logging_mixin.py:188} INFO - [2026-07-21T18:21:27.847+0000] {dag.py:3036} INFO - Sync 1 DAGs
[2026-07-21T18:21:27.870+0000] {logging_mixin.py:188} INFO - [2026-07-21T18:21:27.869+0000] {dag.py:3823} INFO - Setting next_dagrun for example_nested_branch_dag to 2026-07-20 00:00:00+00:00, run_after=2026-07-21 00:00:00+00:00
[2026-07-21T18:21:27.888+0000] {processor.py:183} INFO - Processing /home/airflow/.local/lib/python3.8/site-packages/airflow/example_dags/example_nested_branch_dag.py took 0.086 seconds
[2026-07-21T18:21:58.278+0000] {processor.py:161} INFO - Started process (PID=1499) to work on /home/airflow/.local/lib/python3.8/site-packages/airflow/example_dags/example_nested_branch_dag.py
[2026-07-21T18:21:58.279+0000] {processor.py:830} INFO - Processing file /home/airflow/.local/lib/python3.8/site-packages/airflow/example_dags/example_nested_branch_dag.py for tasks to queue
[2026-07-21T18:21:58.282+0000] {logging_mixin.py:188} INFO - [2026-07-21T18:21:58.281+0000] {dagbag.py:538} INFO - Filling up the DagBag from /home/airflow/.local/lib/python3.8/site-packages/airflow/example_dags/example_nested_branch_dag.py
[2026-07-21T18:21:58.291+0000] {processor.py:840} INFO - DAG(s) 'example_nested_branch_dag' retrieved from /home/airflow/.local/lib/python3.8/site-packages/airflow/example_dags/example_nested_branch_dag.py
[2026-07-21T18:21:58.313+0000] {logging_mixin.py:188} INFO - [2026-07-21T18:21:58.313+0000] {dag.py:3036} INFO - Sync 1 DAGs
[2026-07-21T18:21:58.334+0000] {logging_mixin.py:188} INFO - [2026-07-21T18:21:58.333+0000] {dag.py:3823} INFO - Setting next_dagrun for example_nested_branch_dag to 2026-07-20 00:00:00+00:00, run_after=2026-07-21 00:00:00+00:00
[2026-07-21T18:21:58.352+0000] {processor.py:183} INFO - Processing /home/airflow/.local/lib/python3.8/site-packages/airflow/example_dags/example_nested_branch_dag.py took 0.078 seconds
[2026-07-21T18:22:28.420+0000] {processor.py:161} INFO - Started process (PID=1555) to work on /home/airflow/.local/lib/python3.8/site-packages/airflow/example_dags/example_nested_branch_dag.py
[2026-07-21T18:22:28.422+0000] {processor.py:830} INFO - Processing file /home/airflow/.local/lib/python3.8/site-packages/airflow/example_dags/example_nested_branch_dag.py for tasks to queue
[2026-07-21T18:22:28.424+0000] {logging_mixin.py:188} INFO - [2026-07-21T18:22:28.424+0000] {dagbag.py:538} INFO - Filling up the DagBag from /home/airflow/.local/lib/python3.8/site-packages/airflow/example_dags/example_nested_branch_dag.py
[2026-07-21T18:22:28.434+0000] {processor.py:840} INFO - DAG(s) 'example_nested_branch_dag' retrieved from /home/airflow/.local/lib/python3.8/site-packages/airflow/example_dags/example_nested_branch_dag.py
[2026-07-21T18:22:28.456+0000] {logging_mixin.py:188} INFO - [2026-07-21T18:22:28.456+0000] {dag.py:3036} INFO - Sync 1 DAGs
[2026-07-21T18:22:28.476+0000] {logging_mixin.py:188} INFO - [2026-07-21T18:22:28.476+0000] {dag.py:3823} INFO - Setting next_dagrun for example_nested_branch_dag to 2026-07-20 00:00:00+00:00, run_after=2026-07-21 00:00:00+00:00
[2026-07-21T18:22:28.495+0000] {processor.py:183} INFO - Processing /home/airflow/.local/lib/python3.8/site-packages/airflow/example_dags/example_nested_branch_dag.py took 0.078 seconds
[2026-07-21T18:22:59.603+0000] {processor.py:161} INFO - Started process (PID=1611) to work on /home/airflow/.local/lib/python3.8/site-packages/airflow/example_dags/example_nested_branch_dag.py
[2026-07-21T18:22:59.605+0000] {processor.py:830} INFO - Processing file /home/airflow/.local/lib/python3.8/site-packages/airflow/example_dags/example_nested_branch_dag.py for tasks to queue
[2026-07-21T18:22:59.608+0000] {logging_mixin.py:188} INFO - [2026-07-21T18:22:59.608+0000] {dagbag.py:538} INFO - Filling up the DagBag from /home/airflow/.local/lib/python3.8/site-packages/airflow/example_dags/example_nested_branch_dag.py
[2026-07-21T18:22:59.619+0000] {processor.py:840} INFO - DAG(s) 'example_nested_branch_dag' retrieved from /home/airflow/.local/lib/python3.8/site-packages/airflow/example_dags/example_nested_branch_dag.py
[2026-07-21T18:22:59.655+0000] {logging_mixin.py:188} INFO - [2026-07-21T18:22:59.655+0000] {dag.py:3036} INFO - Sync 1 DAGs
[2026-07-21T18:22:59.820+0000] {logging_mixin.py:188} INFO - [2026-07-21T18:22:59.819+0000] {dag.py:3823} INFO - Setting next_dagrun for example_nested_branch_dag to 2026-07-20 00:00:00+00:00, run_after=2026-07-21 00:00:00+00:00
[2026-07-21T18:22:59.837+0000] {processor.py:183} INFO - Processing /home/airflow/.local/lib/python3.8/site-packages/airflow/example_dags/example_nested_branch_dag.py took 0.239 seconds
[2026-07-21T18:23:30.527+0000] {processor.py:161} INFO - Started process (PID=1667) to work on /home/airflow/.local/lib/python3.8/site-packages/airflow/example_dags/example_nested_branch_dag.py
[2026-07-21T18:23:30.528+0000] {processor.py:830} INFO - Processing file /home/airflow/.local/lib/python3.8/site-packages/airflow/example_dags/example_nested_branch_dag.py for tasks to queue
[2026-07-21T18:23:30.531+0000] {logging_mixin.py:188} INFO - [2026-07-21T18:23:30.531+0000] {dagbag.py:538} INFO - Filling up the DagBag from /home/airflow/.local/lib/python3.8/site-packages/airflow/example_dags/example_nested_branch_dag.py
[2026-07-21T18:23:30.540+0000] {processor.py:840} INFO - DAG(s) 'example_nested_branch_dag' retrieved from /home/airflow/.local/lib/python3.8/site-packages/airflow/example_dags/example_nested_branch_dag.py
[2026-07-21T18:23:30.561+0000] {logging_mixin.py:188} INFO - [2026-07-21T18:23:30.561+0000] {dag.py:3036} INFO - Sync 1 DAGs
[2026-07-21T18:23:30.732+0000] {logging_mixin.py:188} INFO - [2026-07-21T18:23:30.732+0000] {dag.py:3823} INFO - Setting next_dagrun for example_nested_branch_dag to 2026-07-20 00:00:00+00:00, run_after=2026-07-21 00:00:00+00:00
[2026-07-21T18:23:30.750+0000] {processor.py:183} INFO - Processing /home/airflow/.local/lib/python3.8/site-packages/airflow/example_dags/example_nested_branch_dag.py took 0.227 seconds
[2026-07-21T18:24:01.578+0000] {processor.py:161} INFO - Started process (PID=1723) to work on /home/airflow/.local/lib/python3.8/site-packages/airflow/example_dags/example_nested_branch_dag.py
[2026-07-21T18:24:01.579+0000] {processor.py:830} INFO - Processing file /home/airflow/.local/lib/python3.8/site-packages/airflow/example_dags/example_nested_branch_dag.py for tasks to queue
[2026-07-21T18:24:01.582+0000] {logging_mixin.py:188} INFO - [2026-07-21T18:24:01.581+0000] {dagbag.py:538} INFO - Filling up the DagBag from /home/airflow/.local/lib/python3.8/site-packages/airflow/example_dags/example_nested_branch_dag.py
[2026-07-21T18:24:01.592+0000] {processor.py:840} INFO - DAG(s) 'example_nested_branch_dag' retrieved from /home/airflow/.local/lib/python3.8/site-packages/airflow/example_dags/example_nested_branch_dag.py
[2026-07-21T18:24:01.616+0000] {logging_mixin.py:188} INFO - [2026-07-21T18:24:01.616+0000] {dag.py:3036} INFO - Sync 1 DAGs
[2026-07-21T18:24:01.639+0000] {logging_mixin.py:188} INFO - [2026-07-21T18:24:01.639+0000] {dag.py:3823} INFO - Setting next_dagrun for example_nested_branch_dag to 2026-07-20 00:00:00+00:00, run_after=2026-07-21 00:00:00+00:00
[2026-07-21T18:24:01.665+0000] {processor.py:183} INFO - Processing /home/airflow/.local/lib/python3.8/site-packages/airflow/example_dags/example_nested_branch_dag.py took 0.091 seconds
[2026-07-21T18:24:31.718+0000] {processor.py:161} INFO - Started process (PID=1779) to work on /home/airflow/.local/lib/python3.8/site-packages/airflow/example_dags/example_nested_branch_dag.py
[2026-07-21T18:24:31.720+0000] {processor.py:830} INFO - Processing file /home/airflow/.local/lib/python3.8/site-packages/airflow/example_dags/example_nested_branch_dag.py for tasks to queue
[2026-07-21T18:24:31.722+0000] {logging_mixin.py:188} INFO - [2026-07-21T18:24:31.722+0000] {dagbag.py:538} INFO - Filling up the DagBag from /home/airflow/.local/lib/python3.8/site-packages/airflow/example_dags/example_nested_branch_dag.py
[2026-07-21T18:24:31.732+0000] {processor.py:840} INFO - DAG(s) 'example_nested_branch_dag' retrieved from /home/airflow/.local/lib/python3.8/site-packages/airflow/example_dags/example_nested_branch_dag.py
[2026-07-21T18:24:31.757+0000] {logging_mixin.py:188} INFO - [2026-07-21T18:24:31.757+0000] {dag.py:3036} INFO - Sync 1 DAGs
[2026-07-21T18:24:31.791+0000] {logging_mixin.py:188} INFO - [2026-07-21T18:24:31.791+0000] {dag.py:3823} INFO - Setting next_dagrun for example_nested_branch_dag to 2026-07-20 00:00:00+00:00, run_after=2026-07-21 00:00:00+00:00
[2026-07-21T18:24:31.818+0000] {processor.py:183} INFO - Processing /home/airflow/.local/lib/python3.8/site-packages/airflow/example_dags/example_nested_branch_dag.py took 0.104 seconds
[2026-07-21T18:25:01.992+0000] {processor.py:161} INFO - Started process (PID=1835) to work on /home/airflow/.local/lib/python3.8/site-packages/airflow/example_dags/example_nested_branch_dag.py
[2026-07-21T18:25:01.994+0000] {processor.py:830} INFO - Processing file /home/airflow/.local/lib/python3.8/site-packages/airflow/example_dags/example_nested_branch_dag.py for tasks to queue
[2026-07-21T18:25:01.996+0000] {logging_mixin.py:188} INFO - [2026-07-21T18:25:01.996+0000] {dagbag.py:538} INFO - Filling up the DagBag from /home/airflow/.local/lib/python3.8/site-packages/airflow/example_dags/example_nested_branch_dag.py
[2026-07-21T18:25:02.008+0000] {processor.py:840} INFO - DAG(s) 'example_nested_branch_dag' retrieved from /home/airflow/.local/lib/python3.8/site-packages/airflow/example_dags/example_nested_branch_dag.py
[2026-07-21T18:25:02.035+0000] {logging_mixin.py:188} INFO - [2026-07-21T18:25:02.034+0000] {dag.py:3036} INFO - Sync 1 DAGs
[2026-07-21T18:25:02.058+0000] {logging_mixin.py:188} INFO - [2026-07-21T18:25:02.058+0000] {dag.py:3823} INFO - Setting next_dagrun for example_nested_branch_dag to 2026-07-20 00:00:00+00:00, run_after=2026-07-21 00:00:00+00:00
[2026-07-21T18:25:02.079+0000] {processor.py:183} INFO - Processing /home/airflow/.local/lib/python3.8/site-packages/airflow/example_dags/example_nested_branch_dag.py took 0.091 seconds
[2026-07-21T18:25:32.404+0000] {processor.py:161} INFO - Started process (PID=1891) to work on /home/airflow/.local/lib/python3.8/site-packages/airflow/example_dags/example_nested_branch_dag.py
[2026-07-21T18:25:32.405+0000] {processor.py:830} INFO - Processing file /home/airflow/.local/lib/python3.8/site-packages/airflow/example_dags/example_nested_branch_dag.py for tasks to queue
[2026-07-21T18:25:32.408+0000] {logging_mixin.py:188} INFO - [2026-07-21T18:25:32.407+0000] {dagbag.py:538} INFO - Filling up the DagBag from /home/airflow/.local/lib/python3.8/site-packages/airflow/example_dags/example_nested_branch_dag.py
[2026-07-21T18:25:32.419+0000] {processor.py:840} INFO - DAG(s) 'example_nested_branch_dag' retrieved from /home/airflow/.local/lib/python3.8/site-packages/airflow/example_dags/example_nested_branch_dag.py
[2026-07-21T18:25:32.444+0000] {logging_mixin.py:188} INFO - [2026-07-21T18:25:32.444+0000] {dag.py:3036} INFO - Sync 1 DAGs
[2026-07-21T18:25:32.469+0000] {logging_mixin.py:188} INFO - [2026-07-21T18:25:32.469+0000] {dag.py:3823} INFO - Setting next_dagrun for example_nested_branch_dag to 2026-07-20 00:00:00+00:00, run_after=2026-07-21 00:00:00+00:00
[2026-07-21T18:25:32.491+0000] {processor.py:183} INFO - Processing /home/airflow/.local/lib/python3.8/site-packages/airflow/example_dags/example_nested_branch_dag.py took 0.091 seconds
[2026-07-21T18:26:03.070+0000] {processor.py:161} INFO - Started process (PID=1947) to work on /home/airflow/.local/lib/python3.8/site-packages/airflow/example_dags/example_nested_branch_dag.py
[2026-07-21T18:26:03.072+0000] {processor.py:830} INFO - Processing file /home/airflow/.local/lib/python3.8/site-packages/airflow/example_dags/example_nested_branch_dag.py for tasks to queue
[2026-07-21T18:26:03.074+0000] {logging_mixin.py:188} INFO - [2026-07-21T18:26:03.074+0000] {dagbag.py:538} INFO - Filling up the DagBag from /home/airflow/.local/lib/python3.8/site-packages/airflow/example_dags/example_nested_branch_dag.py
[2026-07-21T18:26:03.087+0000] {processor.py:840} INFO - DAG(s) 'example_nested_branch_dag' retrieved from /home/airflow/.local/lib/python3.8/site-packages/airflow/example_dags/example_nested_branch_dag.py
[2026-07-21T18:26:03.115+0000] {logging_mixin.py:188} INFO - [2026-07-21T18:26:03.115+0000] {dag.py:3036} INFO - Sync 1 DAGs
[2026-07-21T18:26:03.142+0000] {logging_mixin.py:188} INFO - [2026-07-21T18:26:03.142+0000] {dag.py:3823} INFO - Setting next_dagrun for example_nested_branch_dag to 2026-07-20 00:00:00+00:00, run_after=2026-07-21 00:00:00+00:00
[2026-07-21T18:26:03.166+0000] {processor.py:183} INFO - Processing /home/airflow/.local/lib/python3.8/site-packages/airflow/example_dags/example_nested_branch_dag.py took 0.100 seconds
[2026-07-21T18:26:33.859+0000] {processor.py:161} INFO - Started process (PID=2003) to work on /home/airflow/.local/lib/python3.8/site-packages/airflow/example_dags/example_nested_branch_dag.py
[2026-07-21T18:26:33.860+0000] {processor.py:830} INFO - Processing file /home/airflow/.local/lib/python3.8/site-packages/airflow/example_dags/example_nested_branch_dag.py for tasks to queue
[2026-07-21T18:26:33.862+0000] {logging_mixin.py:188} INFO - [2026-07-21T18:26:33.862+0000] {dagbag.py:538} INFO - Filling up the DagBag from /home/airflow/.local/lib/python3.8/site-packages/airflow/example_dags/example_nested_branch_dag.py
[2026-07-21T18:26:33.874+0000] {processor.py:840} INFO - DAG(s) 'example_nested_branch_dag' retrieved from /home/airflow/.local/lib/python3.8/site-packages/airflow/example_dags/example_nested_branch_dag.py
[2026-07-21T18:26:33.901+0000] {logging_mixin.py:188} INFO - [2026-07-21T18:26:33.901+0000] {dag.py:3036} INFO - Sync 1 DAGs
[2026-07-21T18:26:33.927+0000] {logging_mixin.py:188} INFO - [2026-07-21T18:26:33.927+0000] {dag.py:3823} INFO - Setting next_dagrun for example_nested_branch_dag to 2026-07-20 00:00:00+00:00, run_after=2026-07-21 00:00:00+00:00
[2026-07-21T18:26:33.952+0000] {processor.py:183} INFO - Processing /home/airflow/.local/lib/python3.8/site-packages/airflow/example_dags/example_nested_branch_dag.py took 0.097 seconds
[2026-07-21T18:27:04.332+0000] {processor.py:161} INFO - Started process (PID=2059) to work on /home/airflow/.local/lib/python3.8/site-packages/airflow/example_dags/example_nested_branch_dag.py
[2026-07-21T18:27:04.334+0000] {processor.py:830} INFO - Processing file /home/airflow/.local/lib/python3.8/site-packages/airflow/example_dags/example_nested_branch_dag.py for tasks to queue
[2026-07-21T18:27:04.336+0000] {logging_mixin.py:188} INFO - [2026-07-21T18:27:04.335+0000] {dagbag.py:538} INFO - Filling up the DagBag from /home/airflow/.local/lib/python3.8/site-packages/airflow/example_dags/example_nested_branch_dag.py
[2026-07-21T18:27:04.346+0000] {processor.py:840} INFO - DAG(s) 'example_nested_branch_dag' retrieved from /home/airflow/.local/lib/python3.8/site-packages/airflow/example_dags/example_nested_branch_dag.py
[2026-07-21T18:27:04.369+0000] {logging_mixin.py:188} INFO - [2026-07-21T18:27:04.369+0000] {dag.py:3036} INFO - Sync 1 DAGs
[2026-07-21T18:27:04.390+0000] {logging_mixin.py:188} INFO - [2026-07-21T18:27:04.390+0000] {dag.py:3823} INFO - Setting next_dagrun for example_nested_branch_dag to 2026-07-20 00:00:00+00:00, run_after=2026-07-21 00:00:00+00:00
[2026-07-21T18:27:04.410+0000] {processor.py:183} INFO - Processing /home/airflow/.local/lib/python3.8/site-packages/airflow/example_dags/example_nested_branch_dag.py took 0.081 seconds
[2026-07-21T18:27:35.045+0000] {processor.py:161} INFO - Started process (PID=2115) to work on /home/airflow/.local/lib/python3.8/site-packages/airflow/example_dags/example_nested_branch_dag.py
[2026-07-21T18:27:35.046+0000] {processor.py:830} INFO - Processing file /home/airflow/.local/lib/python3.8/site-packages/airflow/example_dags/example_nested_branch_dag.py for tasks to queue
[2026-07-21T18:27:35.049+0000] {logging_mixin.py:188} INFO - [2026-07-21T18:27:35.048+0000] {dagbag.py:538} INFO - Filling up the DagBag from /home/airflow/.local/lib/python3.8/site-packages/airflow/example_dags/example_nested_branch_dag.py
[2026-07-21T18:27:35.059+0000] {processor.py:840} INFO - DAG(s) 'example_nested_branch_dag' retrieved from /home/airflow/.local/lib/python3.8/site-packages/airflow/example_dags/example_nested_branch_dag.py
[2026-07-21T18:27:35.082+0000] {logging_mixin.py:188} INFO - [2026-07-21T18:27:35.082+0000] {dag.py:3036} INFO - Sync 1 DAGs
[2026-07-21T18:27:35.103+0000] {logging_mixin.py:188} INFO - [2026-07-21T18:27:35.103+0000] {dag.py:3823} INFO - Setting next_dagrun for example_nested_branch_dag to 2026-07-20 00:00:00+00:00, run_after=2026-07-21 00:00:00+00:00
[2026-07-21T18:27:35.122+0000] {processor.py:183} INFO - Processing /home/airflow/.local/lib/python3.8/site-packages/airflow/example_dags/example_nested_branch_dag.py took 0.081 seconds
[2026-07-21T18:28:05.660+0000] {processor.py:161} INFO - Started process (PID=2171) to work on /home/airflow/.local/lib/python3.8/site-packages/airflow/example_dags/example_nested_branch_dag.py
[2026-07-21T18:28:05.661+0000] {processor.py:830} INFO - Processing file /home/airflow/.local/lib/python3.8/site-packages/airflow/example_dags/example_nested_branch_dag.py for tasks to queue
[2026-07-21T18:28:05.663+0000] {logging_mixin.py:188} INFO - [2026-07-21T18:28:05.662+0000] {dagbag.py:538} INFO - Filling up the DagBag from /home/airflow/.local/lib/python3.8/site-packages/airflow/example_dags/example_nested_branch_dag.py
[2026-07-21T18:28:05.673+0000] {processor.py:840} INFO - DAG(s) 'example_nested_branch_dag' retrieved from /home/airflow/.local/lib/python3.8/site-packages/airflow/example_dags/example_nested_branch_dag.py
[2026-07-21T18:28:05.695+0000] {logging_mixin.py:188} INFO - [2026-07-21T18:28:05.695+0000] {dag.py:3036} INFO - Sync 1 DAGs
[2026-07-21T18:28:05.714+0000] {logging_mixin.py:188} INFO - [2026-07-21T18:28:05.714+0000] {dag.py:3823} INFO - Setting next_dagrun for example_nested_branch_dag to 2026-07-20 00:00:00+00:00, run_after=2026-07-21 00:00:00+00:00
[2026-07-21T18:28:05.732+0000] {processor.py:183} INFO - Processing /home/airflow/.local/lib/python3.8/site-packages/airflow/example_dags/example_nested_branch_dag.py took 0.076 seconds
[2026-07-21T18:28:36.001+0000] {processor.py:161} INFO - Started process (PID=2227) to work on /home/airflow/.local/lib/python3.8/site-packages/airflow/example_dags/example_nested_branch_dag.py
[2026-07-21T18:28:36.002+0000] {processor.py:830} INFO - Processing file /home/airflow/.local/lib/python3.8/site-packages/airflow/example_dags/example_nested_branch_dag.py for tasks to queue
[2026-07-21T18:28:36.004+0000] {logging_mixin.py:188} INFO - [2026-07-21T18:28:36.004+0000] {dagbag.py:538} INFO - Filling up the DagBag from /home/airflow/.local/lib/python3.8/site-packages/airflow/example_dags/example_nested_branch_dag.py
[2026-07-21T18:28:36.014+0000] {processor.py:840} INFO - DAG(s) 'example_nested_branch_dag' retrieved from /home/airflow/.local/lib/python3.8/site-packages/airflow/example_dags/example_nested_branch_dag.py
[2026-07-21T18:28:36.036+0000] {logging_mixin.py:188} INFO - [2026-07-21T18:28:36.036+0000] {dag.py:3036} INFO - Sync 1 DAGs
[2026-07-21T18:28:36.057+0000] {logging_mixin.py:188} INFO - [2026-07-21T18:28:36.057+0000] {dag.py:3823} INFO - Setting next_dagrun for example_nested_branch_dag to 2026-07-20 00:00:00+00:00, run_after=2026-07-21 00:00:00+00:00
[2026-07-21T18:28:36.078+0000] {processor.py:183} INFO - Processing /home/airflow/.local/lib/python3.8/site-packages/airflow/example_dags/example_nested_branch_dag.py took 0.081 seconds
[2026-07-21T18:29:06.302+0000] {processor.py:161} INFO - Started process (PID=2283) to work on /home/airflow/.local/lib/python3.8/site-packages/airflow/example_dags/example_nested_branch_dag.py
[2026-07-21T18:29:06.303+0000] {processor.py:830} INFO - Processing file /home/airflow/.local/lib/python3.8/site-packages/airflow/example_dags/example_nested_branch_dag.py for tasks to queue
[2026-07-21T18:29:06.305+0000] {logging_mixin.py:188} INFO - [2026-07-21T18:29:06.305+0000] {dagbag.py:538} INFO - Filling up the DagBag from /home/airflow/.local/lib/python3.8/site-packages/airflow/example_dags/example_nested_branch_dag.py
[2026-07-21T18:29:06.315+0000] {processor.py:840} INFO - DAG(s) 'example_nested_branch_dag' retrieved from /home/airflow/.local/lib/python3.8/site-packages/airflow/example_dags/example_nested_branch_dag.py
[2026-07-21T18:29:06.336+0000] {logging_mixin.py:188} INFO - [2026-07-21T18:29:06.336+0000] {dag.py:3036} INFO - Sync 1 DAGs
[2026-07-21T18:29:06.357+0000] {logging_mixin.py:188} INFO - [2026-07-21T18:29:06.356+0000] {dag.py:3823} INFO - Setting next_dagrun for example_nested_branch_dag to 2026-07-20 00:00:00+00:00, run_after=2026-07-21 00:00:00+00:00
[2026-07-21T18:29:06.375+0000] {processor.py:183} INFO - Processing /home/airflow/.local/lib/python3.8/site-packages/airflow/example_dags/example_nested_branch_dag.py took 0.076 seconds
[2026-07-21T18:29:36.938+0000] {processor.py:161} INFO - Started process (PID=2339) to work on /home/airflow/.local/lib/python3.8/site-packages/airflow/example_dags/example_nested_branch_dag.py
[2026-07-21T18:29:36.940+0000] {processor.py:830} INFO - Processing file /home/airflow/.local/lib/python3.8/site-packages/airflow/example_dags/example_nested_branch_dag.py for tasks to queue
[2026-07-21T18:29:36.942+0000] {logging_mixin.py:188} INFO - [2026-07-21T18:29:36.941+0000] {dagbag.py:538} INFO - Filling up the DagBag from /home/airflow/.local/lib/python3.8/site-packages/airflow/example_dags/example_nested_branch_dag.py
[2026-07-21T18:29:36.952+0000] {processor.py:840} INFO - DAG(s) 'example_nested_branch_dag' retrieved from /home/airflow/.local/lib/python3.8/site-packages/airflow/example_dags/example_nested_branch_dag.py
[2026-07-21T18:29:36.976+0000] {logging_mixin.py:188} INFO - [2026-07-21T18:29:36.975+0000] {dag.py:3036} INFO - Sync 1 DAGs
[2026-07-21T18:29:36.997+0000] {logging_mixin.py:188} INFO - [2026-07-21T18:29:36.997+0000] {dag.py:3823} INFO - Setting next_dagrun for example_nested_branch_dag to 2026-07-20 00:00:00+00:00, run_after=2026-07-21 00:00:00+00:00
[2026-07-21T18:29:37.015+0000] {processor.py:183} INFO - Processing /home/airflow/.local/lib/python3.8/site-packages/airflow/example_dags/example_nested_branch_dag.py took 0.081 seconds
[2026-07-21T18:30:07.406+0000] {processor.py:161} INFO - Started process (PID=2395) to work on /home/airflow/.local/lib/python3.8/site-packages/airflow/example_dags/example_nested_branch_dag.py
[2026-07-21T18:30:07.408+0000] {processor.py:830} INFO - Processing file /home/airflow/.local/lib/python3.8/site-packages/airflow/example_dags/example_nested_branch_dag.py for tasks to queue
[2026-07-21T18:30:07.410+0000] {logging_mixin.py:188} INFO - [2026-07-21T18:30:07.409+0000] {dagbag.py:538} INFO - Filling up the DagBag from /home/airflow/.local/lib/python3.8/site-packages/airflow/example_dags/example_nested_branch_dag.py
[2026-07-21T18:30:07.421+0000] {processor.py:840} INFO - DAG(s) 'example_nested_branch_dag' retrieved from /home/airflow/.local/lib/python3.8/site-packages/airflow/example_dags/example_nested_branch_dag.py
[2026-07-21T18:30:07.445+0000] {logging_mixin.py:188} INFO - [2026-07-21T18:30:07.445+0000] {dag.py:3036} INFO - Sync 1 DAGs
[2026-07-21T18:30:07.467+0000] {logging_mixin.py:188} INFO - [2026-07-21T18:30:07.466+0000] {dag.py:3823} INFO - Setting next_dagrun for example_nested_branch_dag to 2026-07-20 00:00:00+00:00, run_after=2026-07-21 00:00:00+00:00
[2026-07-21T18:30:07.486+0000] {processor.py:183} INFO - Processing /home/airflow/.local/lib/python3.8/site-packages/airflow/example_dags/example_nested_branch_dag.py took 0.083 seconds
[2026-07-21T18:30:37.771+0000] {processor.py:161} INFO - Started process (PID=2451) to work on /home/airflow/.local/lib/python3.8/site-packages/airflow/example_dags/example_nested_branch_dag.py
[2026-07-21T18:30:37.772+0000] {processor.py:830} INFO - Processing file /home/airflow/.local/lib/python3.8/site-packages/airflow/example_dags/example_nested_branch_dag.py for tasks to queue
[2026-07-21T18:30:37.774+0000] {logging_mixin.py:188} INFO - [2026-07-21T18:30:37.773+0000] {dagbag.py:538} INFO - Filling up the DagBag from /home/airflow/.local/lib/python3.8/site-packages/airflow/example_dags/example_nested_branch_dag.py
[2026-07-21T18:30:37.784+0000] {processor.py:840} INFO - DAG(s) 'example_nested_branch_dag' retrieved from /home/airflow/.local/lib/python3.8/site-packages/airflow/example_dags/example_nested_branch_dag.py
[2026-07-21T18:30:37.807+0000] {logging_mixin.py:188} INFO - [2026-07-21T18:30:37.807+0000] {dag.py:3036} INFO - Sync 1 DAGs
[2026-07-21T18:30:37.830+0000] {logging_mixin.py:188} INFO - [2026-07-21T18:30:37.830+0000] {dag.py:3823} INFO - Setting next_dagrun for example_nested_branch_dag to 2026-07-20 00:00:00+00:00, run_after=2026-07-21 00:00:00+00:00
[2026-07-21T18:30:37.850+0000] {processor.py:183} INFO - Processing /home/airflow/.local/lib/python3.8/site-packages/airflow/example_dags/example_nested_branch_dag.py took 0.083 seconds
[2026-07-21T18:31:08.169+0000] {processor.py:161} INFO - Started process (PID=2507) to work on /home/airflow/.local/lib/python3.8/site-packages/airflow/example_dags/example_nested_branch_dag.py
[2026-07-21T18:31:08.170+0000] {processor.py:830} INFO - Processing file /home/airflow/.local/lib/python3.8/site-packages/airflow/example_dags/example_nested_branch_dag.py for tasks to queue
[2026-07-21T18:31:08.172+0000] {logging_mixin.py:188} INFO - [2026-07-21T18:31:08.172+0000] {dagbag.py:538} INFO - Filling up the DagBag from /home/airflow/.local/lib/python3.8/site-packages/airflow/example_dags/example_nested_branch_dag.py
[2026-07-21T18:31:08.182+0000] {processor.py:840} INFO - DAG(s) 'example_nested_branch_dag' retrieved from /home/airflow/.local/lib/python3.8/site-packages/airflow/example_dags/example_nested_branch_dag.py
[2026-07-21T18:31:08.204+0000] {logging_mixin.py:188} INFO - [2026-07-21T18:31:08.204+0000] {dag.py:3036} INFO - Sync 1 DAGs
[2026-07-21T18:31:08.229+0000] {logging_mixin.py:188} INFO - [2026-07-21T18:31:08.229+0000] {dag.py:3823} INFO - Setting next_dagrun for example_nested_branch_dag to 2026-07-20 00:00:00+00:00, run_after=2026-07-21 00:00:00+00:00
[2026-07-21T18:31:08.250+0000] {processor.py:183} INFO - Processing /home/airflow/.local/lib/python3.8/site-packages/airflow/example_dags/example_nested_branch_dag.py took 0.085 seconds
[2026-07-21T18:34:10.248+0000] {processor.py:161} INFO - Started process (PID=54) to work on /home/airflow/.local/lib/python3.10/site-packages/airflow/example_dags/example_nested_branch_dag.py
[2026-07-21T18:34:10.250+0000] {processor.py:830} INFO - Processing file /home/airflow/.local/lib/python3.10/site-packages/airflow/example_dags/example_nested_branch_dag.py for tasks to queue
[2026-07-21T18:34:10.253+0000] {logging_mixin.py:188} INFO - [2026-07-21T18:34:10.252+0000] {dagbag.py:538} INFO - Filling up the DagBag from /home/airflow/.local/lib/python3.10/site-packages/airflow/example_dags/example_nested_branch_dag.py
[2026-07-21T18:34:10.267+0000] {processor.py:840} INFO - DAG(s) 'example_nested_branch_dag' retrieved from /home/airflow/.local/lib/python3.10/site-packages/airflow/example_dags/example_nested_branch_dag.py
[2026-07-21T18:34:10.313+0000] {logging_mixin.py:188} INFO - [2026-07-21T18:34:10.312+0000] {dag.py:3036} INFO - Sync 1 DAGs
[2026-07-21T18:34:10.409+0000] {logging_mixin.py:188} INFO - [2026-07-21T18:34:10.409+0000] {dag.py:3823} INFO - Setting next_dagrun for example_nested_branch_dag to 2026-07-20 00:00:00+00:00, run_after=2026-07-21 00:00:00+00:00
[2026-07-21T18:34:10.453+0000] {processor.py:183} INFO - Processing /home/airflow/.local/lib/python3.10/site-packages/airflow/example_dags/example_nested_branch_dag.py took 0.209 seconds
[2026-07-21T18:34:41.279+0000] {processor.py:161} INFO - Started process (PID=110) to work on /home/airflow/.local/lib/python3.10/site-packages/airflow/example_dags/example_nested_branch_dag.py
[2026-07-21T18:34:41.281+0000] {processor.py:830} INFO - Processing file /home/airflow/.local/lib/python3.10/site-packages/airflow/example_dags/example_nested_branch_dag.py for tasks to queue
[2026-07-21T18:34:41.284+0000] {logging_mixin.py:188} INFO - [2026-07-21T18:34:41.284+0000] {dagbag.py:538} INFO - Filling up the DagBag from /home/airflow/.local/lib/python3.10/site-packages/airflow/example_dags/example_nested_branch_dag.py
[2026-07-21T18:34:41.298+0000] {processor.py:840} INFO - DAG(s) 'example_nested_branch_dag' retrieved from /home/airflow/.local/lib/python3.10/site-packages/airflow/example_dags/example_nested_branch_dag.py
[2026-07-21T18:34:41.444+0000] {logging_mixin.py:188} INFO - [2026-07-21T18:34:41.444+0000] {dag.py:3036} INFO - Sync 1 DAGs
[2026-07-21T18:34:41.471+0000] {logging_mixin.py:188} INFO - [2026-07-21T18:34:41.471+0000] {dag.py:3823} INFO - Setting next_dagrun for example_nested_branch_dag to 2026-07-20 00:00:00+00:00, run_after=2026-07-21 00:00:00+00:00
[2026-07-21T18:34:41.497+0000] {processor.py:183} INFO - Processing /home/airflow/.local/lib/python3.10/site-packages/airflow/example_dags/example_nested_branch_dag.py took 0.223 seconds
[2026-07-21T18:35:12.027+0000] {processor.py:161} INFO - Started process (PID=166) to work on /home/airflow/.local/lib/python3.10/site-packages/airflow/example_dags/example_nested_branch_dag.py
[2026-07-21T18:35:12.028+0000] {processor.py:830} INFO - Processing file /home/airflow/.local/lib/python3.10/site-packages/airflow/example_dags/example_nested_branch_dag.py for tasks to queue
[2026-07-21T18:35:12.030+0000] {logging_mixin.py:188} INFO - [2026-07-21T18:35:12.030+0000] {dagbag.py:538} INFO - Filling up the DagBag from /home/airflow/.local/lib/python3.10/site-packages/airflow/example_dags/example_nested_branch_dag.py
[2026-07-21T18:35:12.040+0000] {processor.py:840} INFO - DAG(s) 'example_nested_branch_dag' retrieved from /home/airflow/.local/lib/python3.10/site-packages/airflow/example_dags/example_nested_branch_dag.py
[2026-07-21T18:35:12.065+0000] {logging_mixin.py:188} INFO - [2026-07-21T18:35:12.065+0000] {dag.py:3036} INFO - Sync 1 DAGs
[2026-07-21T18:35:12.088+0000] {logging_mixin.py:188} INFO - [2026-07-21T18:35:12.088+0000] {dag.py:3823} INFO - Setting next_dagrun for example_nested_branch_dag to 2026-07-20 00:00:00+00:00, run_after=2026-07-21 00:00:00+00:00
[2026-07-21T18:35:12.108+0000] {processor.py:183} INFO - Processing /home/airflow/.local/lib/python3.10/site-packages/airflow/example_dags/example_nested_branch_dag.py took 0.085 seconds
[2026-07-21T18:35:42.301+0000] {processor.py:161} INFO - Started process (PID=222) to work on /home/airflow/.local/lib/python3.10/site-packages/airflow/example_dags/example_nested_branch_dag.py
[2026-07-21T18:35:42.302+0000] {processor.py:830} INFO - Processing file /home/airflow/.local/lib/python3.10/site-packages/airflow/example_dags/example_nested_branch_dag.py for tasks to queue
[2026-07-21T18:35:42.306+0000] {logging_mixin.py:188} INFO - [2026-07-21T18:35:42.306+0000] {dagbag.py:538} INFO - Filling up the DagBag from /home/airflow/.local/lib/python3.10/site-packages/airflow/example_dags/example_nested_branch_dag.py
[2026-07-21T18:35:42.320+0000] {processor.py:840} INFO - DAG(s) 'example_nested_branch_dag' retrieved from /home/airflow/.local/lib/python3.10/site-packages/airflow/example_dags/example_nested_branch_dag.py
[2026-07-21T18:35:42.348+0000] {logging_mixin.py:188} INFO - [2026-07-21T18:35:42.348+0000] {dag.py:3036} INFO - Sync 1 DAGs
[2026-07-21T18:35:42.370+0000] {logging_mixin.py:188} INFO - [2026-07-21T18:35:42.370+0000] {dag.py:3823} INFO - Setting next_dagrun for example_nested_branch_dag to 2026-07-20 00:00:00+00:00, run_after=2026-07-21 00:00:00+00:00
[2026-07-21T18:35:42.387+0000] {processor.py:183} INFO - Processing /home/airflow/.local/lib/python3.10/site-packages/airflow/example_dags/example_nested_branch_dag.py took 0.091 seconds
[2026-07-21T18:36:12.691+0000] {processor.py:161} INFO - Started process (PID=284) to work on /home/airflow/.local/lib/python3.10/site-packages/airflow/example_dags/example_nested_branch_dag.py
[2026-07-21T18:36:12.693+0000] {processor.py:830} INFO - Processing file /home/airflow/.local/lib/python3.10/site-packages/airflow/example_dags/example_nested_branch_dag.py for tasks to queue
[2026-07-21T18:36:12.695+0000] {logging_mixin.py:188} INFO - [2026-07-21T18:36:12.694+0000] {dagbag.py:538} INFO - Filling up the DagBag from /home/airflow/.local/lib/python3.10/site-packages/airflow/example_dags/example_nested_branch_dag.py
[2026-07-21T18:36:12.705+0000] {processor.py:840} INFO - DAG(s) 'example_nested_branch_dag' retrieved from /home/airflow/.local/lib/python3.10/site-packages/airflow/example_dags/example_nested_branch_dag.py
[2026-07-21T18:36:12.729+0000] {logging_mixin.py:188} INFO - [2026-07-21T18:36:12.729+0000] {dag.py:3036} INFO - Sync 1 DAGs
[2026-07-21T18:36:12.751+0000] {logging_mixin.py:188} INFO - [2026-07-21T18:36:12.750+0000] {dag.py:3823} INFO - Setting next_dagrun for example_nested_branch_dag to 2026-07-20 00:00:00+00:00, run_after=2026-07-21 00:00:00+00:00
[2026-07-21T18:36:12.769+0000] {processor.py:183} INFO - Processing /home/airflow/.local/lib/python3.10/site-packages/airflow/example_dags/example_nested_branch_dag.py took 0.082 seconds
[2026-07-21T18:36:43.362+0000] {processor.py:161} INFO - Started process (PID=340) to work on /home/airflow/.local/lib/python3.10/site-packages/airflow/example_dags/example_nested_branch_dag.py
[2026-07-21T18:36:43.363+0000] {processor.py:830} INFO - Processing file /home/airflow/.local/lib/python3.10/site-packages/airflow/example_dags/example_nested_branch_dag.py for tasks to queue
[2026-07-21T18:36:43.365+0000] {logging_mixin.py:188} INFO - [2026-07-21T18:36:43.365+0000] {dagbag.py:538} INFO - Filling up the DagBag from /home/airflow/.local/lib/python3.10/site-packages/airflow/example_dags/example_nested_branch_dag.py
[2026-07-21T18:36:43.375+0000] {processor.py:840} INFO - DAG(s) 'example_nested_branch_dag' retrieved from /home/airflow/.local/lib/python3.10/site-packages/airflow/example_dags/example_nested_branch_dag.py
[2026-07-21T18:36:43.396+0000] {logging_mixin.py:188} INFO - [2026-07-21T18:36:43.395+0000] {dag.py:3036} INFO - Sync 1 DAGs
[2026-07-21T18:36:43.415+0000] {logging_mixin.py:188} INFO - [2026-07-21T18:36:43.414+0000] {dag.py:3823} INFO - Setting next_dagrun for example_nested_branch_dag to 2026-07-20 00:00:00+00:00, run_after=2026-07-21 00:00:00+00:00
[2026-07-21T18:36:43.431+0000] {processor.py:183} INFO - Processing /home/airflow/.local/lib/python3.10/site-packages/airflow/example_dags/example_nested_branch_dag.py took 0.073 seconds
[2026-07-21T18:37:13.628+0000] {processor.py:161} INFO - Started process (PID=396) to work on /home/airflow/.local/lib/python3.10/site-packages/airflow/example_dags/example_nested_branch_dag.py
[2026-07-21T18:37:13.630+0000] {processor.py:830} INFO - Processing file /home/airflow/.local/lib/python3.10/site-packages/airflow/example_dags/example_nested_branch_dag.py for tasks to queue
[2026-07-21T18:37:13.632+0000] {logging_mixin.py:188} INFO - [2026-07-21T18:37:13.631+0000] {dagbag.py:538} INFO - Filling up the DagBag from /home/airflow/.local/lib/python3.10/site-packages/airflow/example_dags/example_nested_branch_dag.py
[2026-07-21T18:37:13.641+0000] {processor.py:840} INFO - DAG(s) 'example_nested_branch_dag' retrieved from /home/airflow/.local/lib/python3.10/site-packages/airflow/example_dags/example_nested_branch_dag.py
[2026-07-21T18:37:13.665+0000] {logging_mixin.py:188} INFO - [2026-07-21T18:37:13.665+0000] {dag.py:3036} INFO - Sync 1 DAGs
[2026-07-21T18:37:13.686+0000] {logging_mixin.py:188} INFO - [2026-07-21T18:37:13.686+0000] {dag.py:3823} INFO - Setting next_dagrun for example_nested_branch_dag to 2026-07-20 00:00:00+00:00, run_after=2026-07-21 00:00:00+00:00
[2026-07-21T18:37:13.703+0000] {processor.py:183} INFO - Processing /home/airflow/.local/lib/python3.10/site-packages/airflow/example_dags/example_nested_branch_dag.py took 0.079 seconds
[2026-07-21T18:37:44.046+0000] {processor.py:161} INFO - Started process (PID=452) to work on /home/airflow/.local/lib/python3.10/site-packages/airflow/example_dags/example_nested_branch_dag.py
[2026-07-21T18:37:44.047+0000] {processor.py:830} INFO - Processing file /home/airflow/.local/lib/python3.10/site-packages/airflow/example_dags/example_nested_branch_dag.py for tasks to queue
[2026-07-21T18:37:44.049+0000] {logging_mixin.py:188} INFO - [2026-07-21T18:37:44.049+0000] {dagbag.py:538} INFO - Filling up the DagBag from /home/airflow/.local/lib/python3.10/site-packages/airflow/example_dags/example_nested_branch_dag.py
[2026-07-21T18:37:44.059+0000] {processor.py:840} INFO - DAG(s) 'example_nested_branch_dag' retrieved from /home/airflow/.local/lib/python3.10/site-packages/airflow/example_dags/example_nested_branch_dag.py
[2026-07-21T18:37:44.080+0000] {logging_mixin.py:188} INFO - [2026-07-21T18:37:44.080+0000] {dag.py:3036} INFO - Sync 1 DAGs
[2026-07-21T18:37:44.100+0000] {logging_mixin.py:188} INFO - [2026-07-21T18:37:44.099+0000] {dag.py:3823} INFO - Setting next_dagrun for example_nested_branch_dag to 2026-07-20 00:00:00+00:00, run_after=2026-07-21 00:00:00+00:00
[2026-07-21T18:37:44.117+0000] {processor.py:183} INFO - Processing /home/airflow/.local/lib/python3.10/site-packages/airflow/example_dags/example_nested_branch_dag.py took 0.076 seconds
[2026-07-21T18:38:14.574+0000] {processor.py:161} INFO - Started process (PID=508) to work on /home/airflow/.local/lib/python3.10/site-packages/airflow/example_dags/example_nested_branch_dag.py
[2026-07-21T18:38:14.575+0000] {processor.py:830} INFO - Processing file /home/airflow/.local/lib/python3.10/site-packages/airflow/example_dags/example_nested_branch_dag.py for tasks to queue
[2026-07-21T18:38:14.578+0000] {logging_mixin.py:188} INFO - [2026-07-21T18:38:14.577+0000] {dagbag.py:538} INFO - Filling up the DagBag from /home/airflow/.local/lib/python3.10/site-packages/airflow/example_dags/example_nested_branch_dag.py
[2026-07-21T18:38:14.587+0000] {processor.py:840} INFO - DAG(s) 'example_nested_branch_dag' retrieved from /home/airflow/.local/lib/python3.10/site-packages/airflow/example_dags/example_nested_branch_dag.py
[2026-07-21T18:38:14.609+0000] {logging_mixin.py:188} INFO - [2026-07-21T18:38:14.608+0000] {dag.py:3036} INFO - Sync 1 DAGs
[2026-07-21T18:38:14.627+0000] {logging_mixin.py:188} INFO - [2026-07-21T18:38:14.626+0000] {dag.py:3823} INFO - Setting next_dagrun for example_nested_branch_dag to 2026-07-20 00:00:00+00:00, run_after=2026-07-21 00:00:00+00:00
[2026-07-21T18:38:14.644+0000] {processor.py:183} INFO - Processing /home/airflow/.local/lib/python3.10/site-packages/airflow/example_dags/example_nested_branch_dag.py took 0.073 seconds
[2026-07-21T18:38:44.967+0000] {processor.py:161} INFO - Started process (PID=564) to work on /home/airflow/.local/lib/python3.10/site-packages/airflow/example_dags/example_nested_branch_dag.py
[2026-07-21T18:38:44.968+0000] {processor.py:830} INFO - Processing file /home/airflow/.local/lib/python3.10/site-packages/airflow/example_dags/example_nested_branch_dag.py for tasks to queue
[2026-07-21T18:38:44.970+0000] {logging_mixin.py:188} INFO - [2026-07-21T18:38:44.970+0000] {dagbag.py:538} INFO - Filling up the DagBag from /home/airflow/.local/lib/python3.10/site-packages/airflow/example_dags/example_nested_branch_dag.py
[2026-07-21T18:38:44.980+0000] {processor.py:840} INFO - DAG(s) 'example_nested_branch_dag' retrieved from /home/airflow/.local/lib/python3.10/site-packages/airflow/example_dags/example_nested_branch_dag.py
[2026-07-21T18:38:45.002+0000] {logging_mixin.py:188} INFO - [2026-07-21T18:38:45.001+0000] {dag.py:3036} INFO - Sync 1 DAGs
[2026-07-21T18:38:45.020+0000] {logging_mixin.py:188} INFO - [2026-07-21T18:38:45.020+0000] {dag.py:3823} INFO - Setting next_dagrun for example_nested_branch_dag to 2026-07-20 00:00:00+00:00, run_after=2026-07-21 00:00:00+00:00
[2026-07-21T18:38:45.039+0000] {processor.py:183} INFO - Processing /home/airflow/.local/lib/python3.10/site-packages/airflow/example_dags/example_nested_branch_dag.py took 0.076 seconds
[2026-07-21T18:39:15.245+0000] {processor.py:161} INFO - Started process (PID=620) to work on /home/airflow/.local/lib/python3.10/site-packages/airflow/example_dags/example_nested_branch_dag.py
[2026-07-21T18:39:15.247+0000] {processor.py:830} INFO - Processing file /home/airflow/.local/lib/python3.10/site-packages/airflow/example_dags/example_nested_branch_dag.py for tasks to queue
[2026-07-21T18:39:15.249+0000] {logging_mixin.py:188} INFO - [2026-07-21T18:39:15.248+0000] {dagbag.py:538} INFO - Filling up the DagBag from /home/airflow/.local/lib/python3.10/site-packages/airflow/example_dags/example_nested_branch_dag.py
[2026-07-21T18:39:15.259+0000] {processor.py:840} INFO - DAG(s) 'example_nested_branch_dag' retrieved from /home/airflow/.local/lib/python3.10/site-packages/airflow/example_dags/example_nested_branch_dag.py
[2026-07-21T18:39:15.280+0000] {logging_mixin.py:188} INFO - [2026-07-21T18:39:15.280+0000] {dag.py:3036} INFO - Sync 1 DAGs
[2026-07-21T18:39:15.299+0000] {logging_mixin.py:188} INFO - [2026-07-21T18:39:15.299+0000] {dag.py:3823} INFO - Setting next_dagrun for example_nested_branch_dag to 2026-07-20 00:00:00+00:00, run_after=2026-07-21 00:00:00+00:00
[2026-07-21T18:39:15.315+0000] {processor.py:183} INFO - Processing /home/airflow/.local/lib/python3.10/site-packages/airflow/example_dags/example_nested_branch_dag.py took 0.074 seconds
[2026-07-21T18:39:45.488+0000] {processor.py:161} INFO - Started process (PID=676) to work on /home/airflow/.local/lib/python3.10/site-packages/airflow/example_dags/example_nested_branch_dag.py
[2026-07-21T18:39:45.490+0000] {processor.py:830} INFO - Processing file /home/airflow/.local/lib/python3.10/site-packages/airflow/example_dags/example_nested_branch_dag.py for tasks to queue
[2026-07-21T18:39:45.492+0000] {logging_mixin.py:188} INFO - [2026-07-21T18:39:45.491+0000] {dagbag.py:538} INFO - Filling up the DagBag from /home/airflow/.local/lib/python3.10/site-packages/airflow/example_dags/example_nested_branch_dag.py
[2026-07-21T18:39:45.501+0000] {processor.py:840} INFO - DAG(s) 'example_nested_branch_dag' retrieved from /home/airflow/.local/lib/python3.10/site-packages/airflow/example_dags/example_nested_branch_dag.py
[2026-07-21T18:39:45.522+0000] {logging_mixin.py:188} INFO - [2026-07-21T18:39:45.522+0000] {dag.py:3036} INFO - Sync 1 DAGs
[2026-07-21T18:39:45.541+0000] {logging_mixin.py:188} INFO - [2026-07-21T18:39:45.541+0000] {dag.py:3823} INFO - Setting next_dagrun for example_nested_branch_dag to 2026-07-20 00:00:00+00:00, run_after=2026-07-21 00:00:00+00:00
[2026-07-21T18:39:45.558+0000] {processor.py:183} INFO - Processing /home/airflow/.local/lib/python3.10/site-packages/airflow/example_dags/example_nested_branch_dag.py took 0.073 seconds
[2026-07-21T18:40:16.051+0000] {processor.py:161} INFO - Started process (PID=732) to work on /home/airflow/.local/lib/python3.10/site-packages/airflow/example_dags/example_nested_branch_dag.py
[2026-07-21T18:40:16.052+0000] {processor.py:830} INFO - Processing file /home/airflow/.local/lib/python3.10/site-packages/airflow/example_dags/example_nested_branch_dag.py for tasks to queue
[2026-07-21T18:40:16.055+0000] {logging_mixin.py:188} INFO - [2026-07-21T18:40:16.054+0000] {dagbag.py:538} INFO - Filling up the DagBag from /home/airflow/.local/lib/python3.10/site-packages/airflow/example_dags/example_nested_branch_dag.py
[2026-07-21T18:40:16.064+0000] {processor.py:840} INFO - DAG(s) 'example_nested_branch_dag' retrieved from /home/airflow/.local/lib/python3.10/site-packages/airflow/example_dags/example_nested_branch_dag.py
[2026-07-21T18:40:16.085+0000] {logging_mixin.py:188} INFO - [2026-07-21T18:40:16.085+0000] {dag.py:3036} INFO - Sync 1 DAGs
[2026-07-21T18:40:16.104+0000] {logging_mixin.py:188} INFO - [2026-07-21T18:40:16.104+0000] {dag.py:3823} INFO - Setting next_dagrun for example_nested_branch_dag to 2026-07-20 00:00:00+00:00, run_after=2026-07-21 00:00:00+00:00
[2026-07-21T18:40:16.123+0000] {processor.py:183} INFO - Processing /home/airflow/.local/lib/python3.10/site-packages/airflow/example_dags/example_nested_branch_dag.py took 0.075 seconds
[2026-07-21T18:40:46.192+0000] {processor.py:161} INFO - Started process (PID=788) to work on /home/airflow/.local/lib/python3.10/site-packages/airflow/example_dags/example_nested_branch_dag.py
[2026-07-21T18:40:46.193+0000] {processor.py:830} INFO - Processing file /home/airflow/.local/lib/python3.10/site-packages/airflow/example_dags/example_nested_branch_dag.py for tasks to queue
[2026-07-21T18:40:46.195+0000] {logging_mixin.py:188} INFO - [2026-07-21T18:40:46.195+0000] {dagbag.py:538} INFO - Filling up the DagBag from /home/airflow/.local/lib/python3.10/site-packages/airflow/example_dags/example_nested_branch_dag.py
[2026-07-21T18:40:46.206+0000] {processor.py:840} INFO - DAG(s) 'example_nested_branch_dag' retrieved from /home/airflow/.local/lib/python3.10/site-packages/airflow/example_dags/example_nested_branch_dag.py
[2026-07-21T18:40:46.229+0000] {logging_mixin.py:188} INFO - [2026-07-21T18:40:46.229+0000] {dag.py:3036} INFO - Sync 1 DAGs
[2026-07-21T18:40:46.250+0000] {logging_mixin.py:188} INFO - [2026-07-21T18:40:46.250+0000] {dag.py:3823} INFO - Setting next_dagrun for example_nested_branch_dag to 2026-07-20 00:00:00+00:00, run_after=2026-07-21 00:00:00+00:00
[2026-07-21T18:40:46.269+0000] {processor.py:183} INFO - Processing /home/airflow/.local/lib/python3.10/site-packages/airflow/example_dags/example_nested_branch_dag.py took 0.081 seconds
[2026-07-21T18:41:16.656+0000] {processor.py:161} INFO - Started process (PID=844) to work on /home/airflow/.local/lib/python3.10/site-packages/airflow/example_dags/example_nested_branch_dag.py
[2026-07-21T18:41:16.657+0000] {processor.py:830} INFO - Processing file /home/airflow/.local/lib/python3.10/site-packages/airflow/example_dags/example_nested_branch_dag.py for tasks to queue
[2026-07-21T18:41:16.659+0000] {logging_mixin.py:188} INFO - [2026-07-21T18:41:16.659+0000] {dagbag.py:538} INFO - Filling up the DagBag from /home/airflow/.local/lib/python3.10/site-packages/airflow/example_dags/example_nested_branch_dag.py
[2026-07-21T18:41:16.672+0000] {processor.py:840} INFO - DAG(s) 'example_nested_branch_dag' retrieved from /home/airflow/.local/lib/python3.10/site-packages/airflow/example_dags/example_nested_branch_dag.py
[2026-07-21T18:41:16.698+0000] {logging_mixin.py:188} INFO - [2026-07-21T18:41:16.697+0000] {dag.py:3036} INFO - Sync 1 DAGs
[2026-07-21T18:41:16.720+0000] {logging_mixin.py:188} INFO - [2026-07-21T18:41:16.720+0000] {dag.py:3823} INFO - Setting next_dagrun for example_nested_branch_dag to 2026-07-20 00:00:00+00:00, run_after=2026-07-21 00:00:00+00:00
[2026-07-21T18:41:16.737+0000] {processor.py:183} INFO - Processing /home/airflow/.local/lib/python3.10/site-packages/airflow/example_dags/example_nested_branch_dag.py took 0.085 seconds
[2026-07-21T18:41:46.892+0000] {processor.py:161} INFO - Started process (PID=900) to work on /home/airflow/.local/lib/python3.10/site-packages/airflow/example_dags/example_nested_branch_dag.py
[2026-07-21T18:41:46.893+0000] {processor.py:830} INFO - Processing file /home/airflow/.local/lib/python3.10/site-packages/airflow/example_dags/example_nested_branch_dag.py for tasks to queue
[2026-07-21T18:41:46.895+0000] {logging_mixin.py:188} INFO - [2026-07-21T18:41:46.895+0000] {dagbag.py:538} INFO - Filling up the DagBag from /home/airflow/.local/lib/python3.10/site-packages/airflow/example_dags/example_nested_branch_dag.py
[2026-07-21T18:41:46.906+0000] {processor.py:840} INFO - DAG(s) 'example_nested_branch_dag' retrieved from /home/airflow/.local/lib/python3.10/site-packages/airflow/example_dags/example_nested_branch_dag.py
[2026-07-21T18:41:46.928+0000] {logging_mixin.py:188} INFO - [2026-07-21T18:41:46.928+0000] {dag.py:3036} INFO - Sync 1 DAGs
[2026-07-21T18:41:46.949+0000] {logging_mixin.py:188} INFO - [2026-07-21T18:41:46.949+0000] {dag.py:3823} INFO - Setting next_dagrun for example_nested_branch_dag to 2026-07-20 00:00:00+00:00, run_after=2026-07-21 00:00:00+00:00
[2026-07-21T18:41:46.969+0000] {processor.py:183} INFO - Processing /home/airflow/.local/lib/python3.10/site-packages/airflow/example_dags/example_nested_branch_dag.py took 0.081 seconds
[2026-07-21T18:42:17.159+0000] {processor.py:161} INFO - Started process (PID=956) to work on /home/airflow/.local/lib/python3.10/site-packages/airflow/example_dags/example_nested_branch_dag.py
[2026-07-21T18:42:17.160+0000] {processor.py:830} INFO - Processing file /home/airflow/.local/lib/python3.10/site-packages/airflow/example_dags/example_nested_branch_dag.py for tasks to queue
[2026-07-21T18:42:17.162+0000] {logging_mixin.py:188} INFO - [2026-07-21T18:42:17.162+0000] {dagbag.py:538} INFO - Filling up the DagBag from /home/airflow/.local/lib/python3.10/site-packages/airflow/example_dags/example_nested_branch_dag.py
[2026-07-21T18:42:17.172+0000] {processor.py:840} INFO - DAG(s) 'example_nested_branch_dag' retrieved from /home/airflow/.local/lib/python3.10/site-packages/airflow/example_dags/example_nested_branch_dag.py
[2026-07-21T18:42:17.194+0000] {logging_mixin.py:188} INFO - [2026-07-21T18:42:17.194+0000] {dag.py:3036} INFO - Sync 1 DAGs
[2026-07-21T18:42:17.214+0000] {logging_mixin.py:188} INFO - [2026-07-21T18:42:17.214+0000] {dag.py:3823} INFO - Setting next_dagrun for example_nested_branch_dag to 2026-07-20 00:00:00+00:00, run_after=2026-07-21 00:00:00+00:00
[2026-07-21T18:42:17.232+0000] {processor.py:183} INFO - Processing /home/airflow/.local/lib/python3.10/site-packages/airflow/example_dags/example_nested_branch_dag.py took 0.077 seconds
[2026-07-21T18:42:47.439+0000] {processor.py:161} INFO - Started process (PID=1013) to work on /home/airflow/.local/lib/python3.10/site-packages/airflow/example_dags/example_nested_branch_dag.py
[2026-07-21T18:42:47.440+0000] {processor.py:830} INFO - Processing file /home/airflow/.local/lib/python3.10/site-packages/airflow/example_dags/example_nested_branch_dag.py for tasks to queue
[2026-07-21T18:42:47.443+0000] {logging_mixin.py:188} INFO - [2026-07-21T18:42:47.442+0000] {dagbag.py:538} INFO - Filling up the DagBag from /home/airflow/.local/lib/python3.10/site-packages/airflow/example_dags/example_nested_branch_dag.py
[2026-07-21T18:42:47.452+0000] {processor.py:840} INFO - DAG(s) 'example_nested_branch_dag' retrieved from /home/airflow/.local/lib/python3.10/site-packages/airflow/example_dags/example_nested_branch_dag.py
[2026-07-21T18:42:47.475+0000] {logging_mixin.py:188} INFO - [2026-07-21T18:42:47.475+0000] {dag.py:3036} INFO - Sync 1 DAGs
[2026-07-21T18:42:47.495+0000] {logging_mixin.py:188} INFO - [2026-07-21T18:42:47.494+0000] {dag.py:3823} INFO - Setting next_dagrun for example_nested_branch_dag to 2026-07-20 00:00:00+00:00, run_after=2026-07-21 00:00:00+00:00
[2026-07-21T18:42:47.512+0000] {processor.py:183} INFO - Processing /home/airflow/.local/lib/python3.10/site-packages/airflow/example_dags/example_nested_branch_dag.py took 0.077 seconds
[2026-07-21T18:43:17.914+0000] {processor.py:161} INFO - Started process (PID=1069) to work on /home/airflow/.local/lib/python3.10/site-packages/airflow/example_dags/example_nested_branch_dag.py
[2026-07-21T18:43:17.915+0000] {processor.py:830} INFO - Processing file /home/airflow/.local/lib/python3.10/site-packages/airflow/example_dags/example_nested_branch_dag.py for tasks to queue
[2026-07-21T18:43:17.918+0000] {logging_mixin.py:188} INFO - [2026-07-21T18:43:17.918+0000] {dagbag.py:538} INFO - Filling up the DagBag from /home/airflow/.local/lib/python3.10/site-packages/airflow/example_dags/example_nested_branch_dag.py
[2026-07-21T18:43:17.928+0000] {processor.py:840} INFO - DAG(s) 'example_nested_branch_dag' retrieved from /home/airflow/.local/lib/python3.10/site-packages/airflow/example_dags/example_nested_branch_dag.py
[2026-07-21T18:43:17.949+0000] {logging_mixin.py:188} INFO - [2026-07-21T18:43:17.949+0000] {dag.py:3036} INFO - Sync 1 DAGs
[2026-07-21T18:43:17.969+0000] {logging_mixin.py:188} INFO - [2026-07-21T18:43:17.969+0000] {dag.py:3823} INFO - Setting next_dagrun for example_nested_branch_dag to 2026-07-20 00:00:00+00:00, run_after=2026-07-21 00:00:00+00:00
[2026-07-21T18:43:17.987+0000] {processor.py:183} INFO - Processing /home/airflow/.local/lib/python3.10/site-packages/airflow/example_dags/example_nested_branch_dag.py took 0.077 seconds
[2026-07-21T18:43:48.338+0000] {processor.py:161} INFO - Started process (PID=1125) to work on /home/airflow/.local/lib/python3.10/site-packages/airflow/example_dags/example_nested_branch_dag.py
[2026-07-21T18:43:48.340+0000] {processor.py:830} INFO - Processing file /home/airflow/.local/lib/python3.10/site-packages/airflow/example_dags/example_nested_branch_dag.py for tasks to queue
[2026-07-21T18:43:48.343+0000] {logging_mixin.py:188} INFO - [2026-07-21T18:43:48.342+0000] {dagbag.py:538} INFO - Filling up the DagBag from /home/airflow/.local/lib/python3.10/site-packages/airflow/example_dags/example_nested_branch_dag.py
[2026-07-21T18:43:48.352+0000] {processor.py:840} INFO - DAG(s) 'example_nested_branch_dag' retrieved from /home/airflow/.local/lib/python3.10/site-packages/airflow/example_dags/example_nested_branch_dag.py
[2026-07-21T18:43:48.375+0000] {logging_mixin.py:188} INFO - [2026-07-21T18:43:48.374+0000] {dag.py:3036} INFO - Sync 1 DAGs
[2026-07-21T18:43:48.394+0000] {logging_mixin.py:188} INFO - [2026-07-21T18:43:48.393+0000] {dag.py:3823} INFO - Setting next_dagrun for example_nested_branch_dag to 2026-07-20 00:00:00+00:00, run_after=2026-07-21 00:00:00+00:00
[2026-07-21T18:43:48.410+0000] {processor.py:183} INFO - Processing /home/airflow/.local/lib/python3.10/site-packages/airflow/example_dags/example_nested_branch_dag.py took 0.075 seconds
[2026-07-21T18:44:18.721+0000] {processor.py:161} INFO - Started process (PID=1181) to work on /home/airflow/.local/lib/python3.10/site-packages/airflow/example_dags/example_nested_branch_dag.py
[2026-07-21T18:44:18.723+0000] {processor.py:830} INFO - Processing file /home/airflow/.local/lib/python3.10/site-packages/airflow/example_dags/example_nested_branch_dag.py for tasks to queue
[2026-07-21T18:44:18.726+0000] {logging_mixin.py:188} INFO - [2026-07-21T18:44:18.726+0000] {dagbag.py:538} INFO - Filling up the DagBag from /home/airflow/.local/lib/python3.10/site-packages/airflow/example_dags/example_nested_branch_dag.py
[2026-07-21T18:44:18.738+0000] {processor.py:840} INFO - DAG(s) 'example_nested_branch_dag' retrieved from /home/airflow/.local/lib/python3.10/site-packages/airflow/example_dags/example_nested_branch_dag.py
[2026-07-21T18:44:18.761+0000] {logging_mixin.py:188} INFO - [2026-07-21T18:44:18.761+0000] {dag.py:3036} INFO - Sync 1 DAGs
[2026-07-21T18:44:18.780+0000] {logging_mixin.py:188} INFO - [2026-07-21T18:44:18.780+0000] {dag.py:3823} INFO - Setting next_dagrun for example_nested_branch_dag to 2026-07-20 00:00:00+00:00, run_after=2026-07-21 00:00:00+00:00
[2026-07-21T18:44:18.799+0000] {processor.py:183} INFO - Processing /home/airflow/.local/lib/python3.10/site-packages/airflow/example_dags/example_nested_branch_dag.py took 0.082 seconds
[2026-07-21T18:44:49.049+0000] {processor.py:161} INFO - Started process (PID=1237) to work on /home/airflow/.local/lib/python3.10/site-packages/airflow/example_dags/example_nested_branch_dag.py
[2026-07-21T18:44:49.050+0000] {processor.py:830} INFO - Processing file /home/airflow/.local/lib/python3.10/site-packages/airflow/example_dags/example_nested_branch_dag.py for tasks to queue
[2026-07-21T18:44:49.052+0000] {logging_mixin.py:188} INFO - [2026-07-21T18:44:49.052+0000] {dagbag.py:538} INFO - Filling up the DagBag from /home/airflow/.local/lib/python3.10/site-packages/airflow/example_dags/example_nested_branch_dag.py
[2026-07-21T18:44:49.062+0000] {processor.py:840} INFO - DAG(s) 'example_nested_branch_dag' retrieved from /home/airflow/.local/lib/python3.10/site-packages/airflow/example_dags/example_nested_branch_dag.py
[2026-07-21T18:44:49.084+0000] {logging_mixin.py:188} INFO - [2026-07-21T18:44:49.083+0000] {dag.py:3036} INFO - Sync 1 DAGs
[2026-07-21T18:44:49.103+0000] {logging_mixin.py:188} INFO - [2026-07-21T18:44:49.103+0000] {dag.py:3823} INFO - Setting next_dagrun for example_nested_branch_dag to 2026-07-20 00:00:00+00:00, run_after=2026-07-21 00:00:00+00:00
[2026-07-21T18:44:49.120+0000] {processor.py:183} INFO - Processing /home/airflow/.local/lib/python3.10/site-packages/airflow/example_dags/example_nested_branch_dag.py took 0.075 seconds
[2026-07-21T18:45:19.336+0000] {processor.py:161} INFO - Started process (PID=1293) to work on /home/airflow/.local/lib/python3.10/site-packages/airflow/example_dags/example_nested_branch_dag.py
[2026-07-21T18:45:19.338+0000] {processor.py:830} INFO - Processing file /home/airflow/.local/lib/python3.10/site-packages/airflow/example_dags/example_nested_branch_dag.py for tasks to queue
[2026-07-21T18:45:19.340+0000] {logging_mixin.py:188} INFO - [2026-07-21T18:45:19.340+0000] {dagbag.py:538} INFO - Filling up the DagBag from /home/airflow/.local/lib/python3.10/site-packages/airflow/example_dags/example_nested_branch_dag.py
[2026-07-21T18:45:19.350+0000] {processor.py:840} INFO - DAG(s) 'example_nested_branch_dag' retrieved from /home/airflow/.local/lib/python3.10/site-packages/airflow/example_dags/example_nested_branch_dag.py
[2026-07-21T18:45:19.372+0000] {logging_mixin.py:188} INFO - [2026-07-21T18:45:19.372+0000] {dag.py:3036} INFO - Sync 1 DAGs
[2026-07-21T18:45:19.392+0000] {logging_mixin.py:188} INFO - [2026-07-21T18:45:19.391+0000] {dag.py:3823} INFO - Setting next_dagrun for example_nested_branch_dag to 2026-07-20 00:00:00+00:00, run_after=2026-07-21 00:00:00+00:00
[2026-07-21T18:45:19.409+0000] {processor.py:183} INFO - Processing /home/airflow/.local/lib/python3.10/site-packages/airflow/example_dags/example_nested_branch_dag.py took 0.076 seconds
[2026-07-21T18:45:49.861+0000] {processor.py:161} INFO - Started process (PID=1349) to work on /home/airflow/.local/lib/python3.10/site-packages/airflow/example_dags/example_nested_branch_dag.py
[2026-07-21T18:45:49.862+0000] {processor.py:830} INFO - Processing file /home/airflow/.local/lib/python3.10/site-packages/airflow/example_dags/example_nested_branch_dag.py for tasks to queue
[2026-07-21T18:45:49.865+0000] {logging_mixin.py:188} INFO - [2026-07-21T18:45:49.864+0000] {dagbag.py:538} INFO - Filling up the DagBag from /home/airflow/.local/lib/python3.10/site-packages/airflow/example_dags/example_nested_branch_dag.py
[2026-07-21T18:45:49.874+0000] {processor.py:840} INFO - DAG(s) 'example_nested_branch_dag' retrieved from /home/airflow/.local/lib/python3.10/site-packages/airflow/example_dags/example_nested_branch_dag.py
[2026-07-21T18:45:49.895+0000] {logging_mixin.py:188} INFO - [2026-07-21T18:45:49.895+0000] {dag.py:3036} INFO - Sync 1 DAGs
[2026-07-21T18:45:49.913+0000] {logging_mixin.py:188} INFO - [2026-07-21T18:45:49.913+0000] {dag.py:3823} INFO - Setting next_dagrun for example_nested_branch_dag to 2026-07-20 00:00:00+00:00, run_after=2026-07-21 00:00:00+00:00
[2026-07-21T18:45:49.930+0000] {processor.py:183} INFO - Processing /home/airflow/.local/lib/python3.10/site-packages/airflow/example_dags/example_nested_branch_dag.py took 0.073 seconds
[2026-07-21T18:46:20.055+0000] {processor.py:161} INFO - Started process (PID=1405) to work on /home/airflow/.local/lib/python3.10/site-packages/airflow/example_dags/example_nested_branch_dag.py
[2026-07-21T18:46:20.056+0000] {processor.py:830} INFO - Processing file /home/airflow/.local/lib/python3.10/site-packages/airflow/example_dags/example_nested_branch_dag.py for tasks to queue
[2026-07-21T18:46:20.059+0000] {logging_mixin.py:188} INFO - [2026-07-21T18:46:20.058+0000] {dagbag.py:538} INFO - Filling up the DagBag from /home/airflow/.local/lib/python3.10/site-packages/airflow/example_dags/example_nested_branch_dag.py
[2026-07-21T18:46:20.068+0000] {processor.py:840} INFO - DAG(s) 'example_nested_branch_dag' retrieved from /home/airflow/.local/lib/python3.10/site-packages/airflow/example_dags/example_nested_branch_dag.py
[2026-07-21T18:46:20.089+0000] {logging_mixin.py:188} INFO - [2026-07-21T18:46:20.089+0000] {dag.py:3036} INFO - Sync 1 DAGs
[2026-07-21T18:46:20.109+0000] {logging_mixin.py:188} INFO - [2026-07-21T18:46:20.108+0000] {dag.py:3823} INFO - Setting next_dagrun for example_nested_branch_dag to 2026-07-20 00:00:00+00:00, run_after=2026-07-21 00:00:00+00:00
[2026-07-21T18:46:20.127+0000] {processor.py:183} INFO - Processing /home/airflow/.local/lib/python3.10/site-packages/airflow/example_dags/example_nested_branch_dag.py took 0.076 seconds
[2026-07-21T18:46:50.319+0000] {processor.py:161} INFO - Started process (PID=1461) to work on /home/airflow/.local/lib/python3.10/site-packages/airflow/example_dags/example_nested_branch_dag.py
[2026-07-21T18:46:50.320+0000] {processor.py:830} INFO - Processing file /home/airflow/.local/lib/python3.10/site-packages/airflow/example_dags/example_nested_branch_dag.py for tasks to queue
[2026-07-21T18:46:50.322+0000] {logging_mixin.py:188} INFO - [2026-07-21T18:46:50.322+0000] {dagbag.py:538} INFO - Filling up the DagBag from /home/airflow/.local/lib/python3.10/site-packages/airflow/example_dags/example_nested_branch_dag.py
[2026-07-21T18:46:50.332+0000] {processor.py:840} INFO - DAG(s) 'example_nested_branch_dag' retrieved from /home/airflow/.local/lib/python3.10/site-packages/airflow/example_dags/example_nested_branch_dag.py
[2026-07-21T18:46:50.353+0000] {logging_mixin.py:188} INFO - [2026-07-21T18:46:50.352+0000] {dag.py:3036} INFO - Sync 1 DAGs
[2026-07-21T18:46:50.372+0000] {logging_mixin.py:188} INFO - [2026-07-21T18:46:50.372+0000] {dag.py:3823} INFO - Setting next_dagrun for example_nested_branch_dag to 2026-07-20 00:00:00+00:00, run_after=2026-07-21 00:00:00+00:00
[2026-07-21T18:46:50.389+0000] {processor.py:183} INFO - Processing /home/airflow/.local/lib/python3.10/site-packages/airflow/example_dags/example_nested_branch_dag.py took 0.074 seconds
[2026-07-21T18:47:20.571+0000] {processor.py:161} INFO - Started process (PID=1517) to work on /home/airflow/.local/lib/python3.10/site-packages/airflow/example_dags/example_nested_branch_dag.py
[2026-07-21T18:47:20.573+0000] {processor.py:830} INFO - Processing file /home/airflow/.local/lib/python3.10/site-packages/airflow/example_dags/example_nested_branch_dag.py for tasks to queue
[2026-07-21T18:47:20.576+0000] {logging_mixin.py:188} INFO - [2026-07-21T18:47:20.575+0000] {dagbag.py:538} INFO - Filling up the DagBag from /home/airflow/.local/lib/python3.10/site-packages/airflow/example_dags/example_nested_branch_dag.py
[2026-07-21T18:47:20.592+0000] {processor.py:840} INFO - DAG(s) 'example_nested_branch_dag' retrieved from /home/airflow/.local/lib/python3.10/site-packages/airflow/example_dags/example_nested_branch_dag.py
[2026-07-21T18:47:20.624+0000] {logging_mixin.py:188} INFO - [2026-07-21T18:47:20.623+0000] {dag.py:3036} INFO - Sync 1 DAGs
[2026-07-21T18:47:20.652+0000] {logging_mixin.py:188} INFO - [2026-07-21T18:47:20.652+0000] {dag.py:3823} INFO - Setting next_dagrun for example_nested_branch_dag to 2026-07-20 00:00:00+00:00, run_after=2026-07-21 00:00:00+00:00
[2026-07-21T18:47:20.680+0000] {processor.py:183} INFO - Processing /home/airflow/.local/lib/python3.10/site-packages/airflow/example_dags/example_nested_branch_dag.py took 0.114 seconds
[2026-07-21T18:47:50.919+0000] {processor.py:161} INFO - Started process (PID=1571) to work on /home/airflow/.local/lib/python3.10/site-packages/airflow/example_dags/example_nested_branch_dag.py
[2026-07-21T18:47:50.920+0000] {processor.py:830} INFO - Processing file /home/airflow/.local/lib/python3.10/site-packages/airflow/example_dags/example_nested_branch_dag.py for tasks to queue
[2026-07-21T18:47:50.922+0000] {logging_mixin.py:188} INFO - [2026-07-21T18:47:50.922+0000] {dagbag.py:538} INFO - Filling up the DagBag from /home/airflow/.local/lib/python3.10/site-packages/airflow/example_dags/example_nested_branch_dag.py
[2026-07-21T18:47:50.932+0000] {processor.py:840} INFO - DAG(s) 'example_nested_branch_dag' retrieved from /home/airflow/.local/lib/python3.10/site-packages/airflow/example_dags/example_nested_branch_dag.py
[2026-07-21T18:47:50.953+0000] {logging_mixin.py:188} INFO - [2026-07-21T18:47:50.953+0000] {dag.py:3036} INFO - Sync 1 DAGs
[2026-07-21T18:47:50.971+0000] {logging_mixin.py:188} INFO - [2026-07-21T18:47:50.971+0000] {dag.py:3823} INFO - Setting next_dagrun for example_nested_branch_dag to 2026-07-20 00:00:00+00:00, run_after=2026-07-21 00:00:00+00:00
[2026-07-21T18:47:50.989+0000] {processor.py:183} INFO - Processing /home/airflow/.local/lib/python3.10/site-packages/airflow/example_dags/example_nested_branch_dag.py took 0.074 seconds
[2026-07-21T18:48:21.572+0000] {processor.py:161} INFO - Started process (PID=1627) to work on /home/airflow/.local/lib/python3.10/site-packages/airflow/example_dags/example_nested_branch_dag.py
[2026-07-21T18:48:21.574+0000] {processor.py:830} INFO - Processing file /home/airflow/.local/lib/python3.10/site-packages/airflow/example_dags/example_nested_branch_dag.py for tasks to queue
[2026-07-21T18:48:21.577+0000] {logging_mixin.py:188} INFO - [2026-07-21T18:48:21.576+0000] {dagbag.py:538} INFO - Filling up the DagBag from /home/airflow/.local/lib/python3.10/site-packages/airflow/example_dags/example_nested_branch_dag.py
[2026-07-21T18:48:21.587+0000] {processor.py:840} INFO - DAG(s) 'example_nested_branch_dag' retrieved from /home/airflow/.local/lib/python3.10/site-packages/airflow/example_dags/example_nested_branch_dag.py
[2026-07-21T18:48:21.609+0000] {logging_mixin.py:188} INFO - [2026-07-21T18:48:21.609+0000] {dag.py:3036} INFO - Sync 1 DAGs
[2026-07-21T18:48:21.630+0000] {logging_mixin.py:188} INFO - [2026-07-21T18:48:21.629+0000] {dag.py:3823} INFO - Setting next_dagrun for example_nested_branch_dag to 2026-07-20 00:00:00+00:00, run_after=2026-07-21 00:00:00+00:00
[2026-07-21T18:48:21.648+0000] {processor.py:183} INFO - Processing /home/airflow/.local/lib/python3.10/site-packages/airflow/example_dags/example_nested_branch_dag.py took 0.079 seconds
