[2026-07-21T17:56:32.971+0000] {processor.py:161} INFO - Started process (PID=102) to work on /home/airflow/.local/lib/python3.8/site-packages/airflow/example_dags/example_sensors.py
[2026-07-21T17:56:32.973+0000] {processor.py:830} INFO - Processing file /home/airflow/.local/lib/python3.8/site-packages/airflow/example_dags/example_sensors.py for tasks to queue
[2026-07-21T17:56:32.975+0000] {logging_mixin.py:188} INFO - [2026-07-21T17:56:32.975+0000] {dagbag.py:538} INFO - Filling up the DagBag from /home/airflow/.local/lib/python3.8/site-packages/airflow/example_dags/example_sensors.py
[2026-07-21T17:56:32.992+0000] {processor.py:840} INFO - DAG(s) 'example_sensors' retrieved from /home/airflow/.local/lib/python3.8/site-packages/airflow/example_dags/example_sensors.py
[2026-07-21T17:56:33.244+0000] {logging_mixin.py:188} INFO - [2026-07-21T17:56:33.244+0000] {dag.py:3036} INFO - Sync 1 DAGs
[2026-07-21T17:56:33.275+0000] {logging_mixin.py:188} INFO - [2026-07-21T17:56:33.274+0000] {dag.py:3823} INFO - Setting next_dagrun for example_sensors to None, run_after=None
[2026-07-21T17:56:33.308+0000] {processor.py:183} INFO - Processing /home/airflow/.local/lib/python3.8/site-packages/airflow/example_dags/example_sensors.py took 0.342 seconds
[2026-07-21T17:57:03.617+0000] {processor.py:161} INFO - Started process (PID=158) to work on /home/airflow/.local/lib/python3.8/site-packages/airflow/example_dags/example_sensors.py
[2026-07-21T17:57:03.620+0000] {processor.py:830} INFO - Processing file /home/airflow/.local/lib/python3.8/site-packages/airflow/example_dags/example_sensors.py for tasks to queue
[2026-07-21T17:57:03.623+0000] {logging_mixin.py:188} INFO - [2026-07-21T17:57:03.623+0000] {dagbag.py:538} INFO - Filling up the DagBag from /home/airflow/.local/lib/python3.8/site-packages/airflow/example_dags/example_sensors.py
[2026-07-21T17:57:03.638+0000] {processor.py:840} INFO - DAG(s) 'example_sensors' retrieved from /home/airflow/.local/lib/python3.8/site-packages/airflow/example_dags/example_sensors.py
[2026-07-21T17:57:03.670+0000] {logging_mixin.py:188} INFO - [2026-07-21T17:57:03.669+0000] {dag.py:3036} INFO - Sync 1 DAGs
[2026-07-21T17:57:03.684+0000] {logging_mixin.py:188} INFO - [2026-07-21T17:57:03.684+0000] {dag.py:3823} INFO - Setting next_dagrun for example_sensors to None, run_after=None
[2026-07-21T17:57:03.704+0000] {processor.py:183} INFO - Processing /home/airflow/.local/lib/python3.8/site-packages/airflow/example_dags/example_sensors.py took 0.094 seconds
[2026-07-21T17:57:34.027+0000] {processor.py:161} INFO - Started process (PID=214) to work on /home/airflow/.local/lib/python3.8/site-packages/airflow/example_dags/example_sensors.py
[2026-07-21T17:57:34.028+0000] {processor.py:830} INFO - Processing file /home/airflow/.local/lib/python3.8/site-packages/airflow/example_dags/example_sensors.py for tasks to queue
[2026-07-21T17:57:34.031+0000] {logging_mixin.py:188} INFO - [2026-07-21T17:57:34.030+0000] {dagbag.py:538} INFO - Filling up the DagBag from /home/airflow/.local/lib/python3.8/site-packages/airflow/example_dags/example_sensors.py
[2026-07-21T17:57:34.044+0000] {processor.py:840} INFO - DAG(s) 'example_sensors' retrieved from /home/airflow/.local/lib/python3.8/site-packages/airflow/example_dags/example_sensors.py
[2026-07-21T17:57:34.087+0000] {logging_mixin.py:188} INFO - [2026-07-21T17:57:34.087+0000] {dag.py:3036} INFO - Sync 1 DAGs
[2026-07-21T17:57:34.105+0000] {logging_mixin.py:188} INFO - [2026-07-21T17:57:34.104+0000] {dag.py:3823} INFO - Setting next_dagrun for example_sensors to None, run_after=None
[2026-07-21T17:57:34.134+0000] {processor.py:183} INFO - Processing /home/airflow/.local/lib/python3.8/site-packages/airflow/example_dags/example_sensors.py took 0.113 seconds
[2026-07-21T17:58:04.335+0000] {processor.py:161} INFO - Started process (PID=270) to work on /home/airflow/.local/lib/python3.8/site-packages/airflow/example_dags/example_sensors.py
[2026-07-21T17:58:04.337+0000] {processor.py:830} INFO - Processing file /home/airflow/.local/lib/python3.8/site-packages/airflow/example_dags/example_sensors.py for tasks to queue
[2026-07-21T17:58:04.339+0000] {logging_mixin.py:188} INFO - [2026-07-21T17:58:04.338+0000] {dagbag.py:538} INFO - Filling up the DagBag from /home/airflow/.local/lib/python3.8/site-packages/airflow/example_dags/example_sensors.py
[2026-07-21T17:58:04.347+0000] {processor.py:840} INFO - DAG(s) 'example_sensors' retrieved from /home/airflow/.local/lib/python3.8/site-packages/airflow/example_dags/example_sensors.py
[2026-07-21T17:58:04.372+0000] {logging_mixin.py:188} INFO - [2026-07-21T17:58:04.372+0000] {dag.py:3036} INFO - Sync 1 DAGs
[2026-07-21T17:58:04.383+0000] {logging_mixin.py:188} INFO - [2026-07-21T17:58:04.382+0000] {dag.py:3823} INFO - Setting next_dagrun for example_sensors to None, run_after=None
[2026-07-21T17:58:04.400+0000] {processor.py:183} INFO - Processing /home/airflow/.local/lib/python3.8/site-packages/airflow/example_dags/example_sensors.py took 0.068 seconds
[2026-07-21T17:58:34.666+0000] {processor.py:161} INFO - Started process (PID=326) to work on /home/airflow/.local/lib/python3.8/site-packages/airflow/example_dags/example_sensors.py
[2026-07-21T17:58:34.667+0000] {processor.py:830} INFO - Processing file /home/airflow/.local/lib/python3.8/site-packages/airflow/example_dags/example_sensors.py for tasks to queue
[2026-07-21T17:58:34.669+0000] {logging_mixin.py:188} INFO - [2026-07-21T17:58:34.669+0000] {dagbag.py:538} INFO - Filling up the DagBag from /home/airflow/.local/lib/python3.8/site-packages/airflow/example_dags/example_sensors.py
[2026-07-21T17:58:34.678+0000] {processor.py:840} INFO - DAG(s) 'example_sensors' retrieved from /home/airflow/.local/lib/python3.8/site-packages/airflow/example_dags/example_sensors.py
[2026-07-21T17:58:34.702+0000] {logging_mixin.py:188} INFO - [2026-07-21T17:58:34.702+0000] {dag.py:3036} INFO - Sync 1 DAGs
[2026-07-21T17:58:34.713+0000] {logging_mixin.py:188} INFO - [2026-07-21T17:58:34.712+0000] {dag.py:3823} INFO - Setting next_dagrun for example_sensors to None, run_after=None
[2026-07-21T17:58:34.732+0000] {processor.py:183} INFO - Processing /home/airflow/.local/lib/python3.8/site-packages/airflow/example_dags/example_sensors.py took 0.069 seconds
[2026-07-21T17:59:05.005+0000] {processor.py:161} INFO - Started process (PID=382) to work on /home/airflow/.local/lib/python3.8/site-packages/airflow/example_dags/example_sensors.py
[2026-07-21T17:59:05.006+0000] {processor.py:830} INFO - Processing file /home/airflow/.local/lib/python3.8/site-packages/airflow/example_dags/example_sensors.py for tasks to queue
[2026-07-21T17:59:05.008+0000] {logging_mixin.py:188} INFO - [2026-07-21T17:59:05.008+0000] {dagbag.py:538} INFO - Filling up the DagBag from /home/airflow/.local/lib/python3.8/site-packages/airflow/example_dags/example_sensors.py
[2026-07-21T17:59:05.017+0000] {processor.py:840} INFO - DAG(s) 'example_sensors' retrieved from /home/airflow/.local/lib/python3.8/site-packages/airflow/example_dags/example_sensors.py
[2026-07-21T17:59:05.043+0000] {logging_mixin.py:188} INFO - [2026-07-21T17:59:05.043+0000] {dag.py:3036} INFO - Sync 1 DAGs
[2026-07-21T17:59:05.055+0000] {logging_mixin.py:188} INFO - [2026-07-21T17:59:05.054+0000] {dag.py:3823} INFO - Setting next_dagrun for example_sensors to None, run_after=None
[2026-07-21T17:59:05.074+0000] {processor.py:183} INFO - Processing /home/airflow/.local/lib/python3.8/site-packages/airflow/example_dags/example_sensors.py took 0.073 seconds
[2026-07-21T17:59:35.174+0000] {processor.py:161} INFO - Started process (PID=438) to work on /home/airflow/.local/lib/python3.8/site-packages/airflow/example_dags/example_sensors.py
[2026-07-21T17:59:35.176+0000] {processor.py:830} INFO - Processing file /home/airflow/.local/lib/python3.8/site-packages/airflow/example_dags/example_sensors.py for tasks to queue
[2026-07-21T17:59:35.178+0000] {logging_mixin.py:188} INFO - [2026-07-21T17:59:35.178+0000] {dagbag.py:538} INFO - Filling up the DagBag from /home/airflow/.local/lib/python3.8/site-packages/airflow/example_dags/example_sensors.py
[2026-07-21T17:59:35.187+0000] {processor.py:840} INFO - DAG(s) 'example_sensors' retrieved from /home/airflow/.local/lib/python3.8/site-packages/airflow/example_dags/example_sensors.py
[2026-07-21T17:59:35.214+0000] {logging_mixin.py:188} INFO - [2026-07-21T17:59:35.214+0000] {dag.py:3036} INFO - Sync 1 DAGs
[2026-07-21T17:59:35.226+0000] {logging_mixin.py:188} INFO - [2026-07-21T17:59:35.226+0000] {dag.py:3823} INFO - Setting next_dagrun for example_sensors to None, run_after=None
[2026-07-21T17:59:35.246+0000] {processor.py:183} INFO - Processing /home/airflow/.local/lib/python3.8/site-packages/airflow/example_dags/example_sensors.py took 0.075 seconds
[2026-07-21T18:00:05.446+0000] {processor.py:161} INFO - Started process (PID=494) to work on /home/airflow/.local/lib/python3.8/site-packages/airflow/example_dags/example_sensors.py
[2026-07-21T18:00:05.448+0000] {processor.py:830} INFO - Processing file /home/airflow/.local/lib/python3.8/site-packages/airflow/example_dags/example_sensors.py for tasks to queue
[2026-07-21T18:00:05.449+0000] {logging_mixin.py:188} INFO - [2026-07-21T18:00:05.449+0000] {dagbag.py:538} INFO - Filling up the DagBag from /home/airflow/.local/lib/python3.8/site-packages/airflow/example_dags/example_sensors.py
[2026-07-21T18:00:05.458+0000] {processor.py:840} INFO - DAG(s) 'example_sensors' retrieved from /home/airflow/.local/lib/python3.8/site-packages/airflow/example_dags/example_sensors.py
[2026-07-21T18:00:05.484+0000] {logging_mixin.py:188} INFO - [2026-07-21T18:00:05.483+0000] {dag.py:3036} INFO - Sync 1 DAGs
[2026-07-21T18:00:05.495+0000] {logging_mixin.py:188} INFO - [2026-07-21T18:00:05.495+0000] {dag.py:3823} INFO - Setting next_dagrun for example_sensors to None, run_after=None
[2026-07-21T18:00:05.514+0000] {processor.py:183} INFO - Processing /home/airflow/.local/lib/python3.8/site-packages/airflow/example_dags/example_sensors.py took 0.072 seconds
[2026-07-21T18:00:35.963+0000] {processor.py:161} INFO - Started process (PID=550) to work on /home/airflow/.local/lib/python3.8/site-packages/airflow/example_dags/example_sensors.py
[2026-07-21T18:00:35.964+0000] {processor.py:830} INFO - Processing file /home/airflow/.local/lib/python3.8/site-packages/airflow/example_dags/example_sensors.py for tasks to queue
[2026-07-21T18:00:35.967+0000] {logging_mixin.py:188} INFO - [2026-07-21T18:00:35.966+0000] {dagbag.py:538} INFO - Filling up the DagBag from /home/airflow/.local/lib/python3.8/site-packages/airflow/example_dags/example_sensors.py
[2026-07-21T18:00:35.976+0000] {processor.py:840} INFO - DAG(s) 'example_sensors' retrieved from /home/airflow/.local/lib/python3.8/site-packages/airflow/example_dags/example_sensors.py
[2026-07-21T18:00:36.002+0000] {logging_mixin.py:188} INFO - [2026-07-21T18:00:36.002+0000] {dag.py:3036} INFO - Sync 1 DAGs
[2026-07-21T18:00:36.015+0000] {logging_mixin.py:188} INFO - [2026-07-21T18:00:36.014+0000] {dag.py:3823} INFO - Setting next_dagrun for example_sensors to None, run_after=None
[2026-07-21T18:00:36.036+0000] {processor.py:183} INFO - Processing /home/airflow/.local/lib/python3.8/site-packages/airflow/example_dags/example_sensors.py took 0.076 seconds
[2026-07-21T18:01:06.082+0000] {processor.py:161} INFO - Started process (PID=607) to work on /home/airflow/.local/lib/python3.8/site-packages/airflow/example_dags/example_sensors.py
[2026-07-21T18:01:06.083+0000] {processor.py:830} INFO - Processing file /home/airflow/.local/lib/python3.8/site-packages/airflow/example_dags/example_sensors.py for tasks to queue
[2026-07-21T18:01:06.085+0000] {logging_mixin.py:188} INFO - [2026-07-21T18:01:06.085+0000] {dagbag.py:538} INFO - Filling up the DagBag from /home/airflow/.local/lib/python3.8/site-packages/airflow/example_dags/example_sensors.py
[2026-07-21T18:01:06.095+0000] {processor.py:840} INFO - DAG(s) 'example_sensors' retrieved from /home/airflow/.local/lib/python3.8/site-packages/airflow/example_dags/example_sensors.py
[2026-07-21T18:01:06.120+0000] {logging_mixin.py:188} INFO - [2026-07-21T18:01:06.120+0000] {dag.py:3036} INFO - Sync 1 DAGs
[2026-07-21T18:01:06.132+0000] {logging_mixin.py:188} INFO - [2026-07-21T18:01:06.132+0000] {dag.py:3823} INFO - Setting next_dagrun for example_sensors to None, run_after=None
[2026-07-21T18:01:06.151+0000] {processor.py:183} INFO - Processing /home/airflow/.local/lib/python3.8/site-packages/airflow/example_dags/example_sensors.py took 0.072 seconds
[2026-07-21T18:01:36.808+0000] {processor.py:161} INFO - Started process (PID=663) to work on /home/airflow/.local/lib/python3.8/site-packages/airflow/example_dags/example_sensors.py
[2026-07-21T18:01:36.810+0000] {processor.py:830} INFO - Processing file /home/airflow/.local/lib/python3.8/site-packages/airflow/example_dags/example_sensors.py for tasks to queue
[2026-07-21T18:01:36.812+0000] {logging_mixin.py:188} INFO - [2026-07-21T18:01:36.811+0000] {dagbag.py:538} INFO - Filling up the DagBag from /home/airflow/.local/lib/python3.8/site-packages/airflow/example_dags/example_sensors.py
[2026-07-21T18:01:36.820+0000] {processor.py:840} INFO - DAG(s) 'example_sensors' retrieved from /home/airflow/.local/lib/python3.8/site-packages/airflow/example_dags/example_sensors.py
[2026-07-21T18:01:36.843+0000] {logging_mixin.py:188} INFO - [2026-07-21T18:01:36.843+0000] {dag.py:3036} INFO - Sync 1 DAGs
[2026-07-21T18:01:36.854+0000] {logging_mixin.py:188} INFO - [2026-07-21T18:01:36.854+0000] {dag.py:3823} INFO - Setting next_dagrun for example_sensors to None, run_after=None
[2026-07-21T18:01:36.871+0000] {processor.py:183} INFO - Processing /home/airflow/.local/lib/python3.8/site-packages/airflow/example_dags/example_sensors.py took 0.067 seconds
[2026-07-21T18:02:06.929+0000] {processor.py:161} INFO - Started process (PID=719) to work on /home/airflow/.local/lib/python3.8/site-packages/airflow/example_dags/example_sensors.py
[2026-07-21T18:02:06.931+0000] {processor.py:830} INFO - Processing file /home/airflow/.local/lib/python3.8/site-packages/airflow/example_dags/example_sensors.py for tasks to queue
[2026-07-21T18:02:06.933+0000] {logging_mixin.py:188} INFO - [2026-07-21T18:02:06.932+0000] {dagbag.py:538} INFO - Filling up the DagBag from /home/airflow/.local/lib/python3.8/site-packages/airflow/example_dags/example_sensors.py
[2026-07-21T18:02:06.941+0000] {processor.py:840} INFO - DAG(s) 'example_sensors' retrieved from /home/airflow/.local/lib/python3.8/site-packages/airflow/example_dags/example_sensors.py
[2026-07-21T18:02:06.965+0000] {logging_mixin.py:188} INFO - [2026-07-21T18:02:06.965+0000] {dag.py:3036} INFO - Sync 1 DAGs
[2026-07-21T18:02:06.976+0000] {logging_mixin.py:188} INFO - [2026-07-21T18:02:06.976+0000] {dag.py:3823} INFO - Setting next_dagrun for example_sensors to None, run_after=None
[2026-07-21T18:02:06.995+0000] {processor.py:183} INFO - Processing /home/airflow/.local/lib/python3.8/site-packages/airflow/example_dags/example_sensors.py took 0.069 seconds
[2026-07-21T18:02:37.314+0000] {processor.py:161} INFO - Started process (PID=775) to work on /home/airflow/.local/lib/python3.8/site-packages/airflow/example_dags/example_sensors.py
[2026-07-21T18:02:37.315+0000] {processor.py:830} INFO - Processing file /home/airflow/.local/lib/python3.8/site-packages/airflow/example_dags/example_sensors.py for tasks to queue
[2026-07-21T18:02:37.317+0000] {logging_mixin.py:188} INFO - [2026-07-21T18:02:37.316+0000] {dagbag.py:538} INFO - Filling up the DagBag from /home/airflow/.local/lib/python3.8/site-packages/airflow/example_dags/example_sensors.py
[2026-07-21T18:02:37.326+0000] {processor.py:840} INFO - DAG(s) 'example_sensors' retrieved from /home/airflow/.local/lib/python3.8/site-packages/airflow/example_dags/example_sensors.py
[2026-07-21T18:02:37.351+0000] {logging_mixin.py:188} INFO - [2026-07-21T18:02:37.351+0000] {dag.py:3036} INFO - Sync 1 DAGs
[2026-07-21T18:02:37.363+0000] {logging_mixin.py:188} INFO - [2026-07-21T18:02:37.363+0000] {dag.py:3823} INFO - Setting next_dagrun for example_sensors to None, run_after=None
[2026-07-21T18:02:37.383+0000] {processor.py:183} INFO - Processing /home/airflow/.local/lib/python3.8/site-packages/airflow/example_dags/example_sensors.py took 0.073 seconds
[2026-07-21T18:03:07.577+0000] {processor.py:161} INFO - Started process (PID=831) to work on /home/airflow/.local/lib/python3.8/site-packages/airflow/example_dags/example_sensors.py
[2026-07-21T18:03:07.578+0000] {processor.py:830} INFO - Processing file /home/airflow/.local/lib/python3.8/site-packages/airflow/example_dags/example_sensors.py for tasks to queue
[2026-07-21T18:03:07.580+0000] {logging_mixin.py:188} INFO - [2026-07-21T18:03:07.579+0000] {dagbag.py:538} INFO - Filling up the DagBag from /home/airflow/.local/lib/python3.8/site-packages/airflow/example_dags/example_sensors.py
[2026-07-21T18:03:07.589+0000] {processor.py:840} INFO - DAG(s) 'example_sensors' retrieved from /home/airflow/.local/lib/python3.8/site-packages/airflow/example_dags/example_sensors.py
[2026-07-21T18:03:07.614+0000] {logging_mixin.py:188} INFO - [2026-07-21T18:03:07.614+0000] {dag.py:3036} INFO - Sync 1 DAGs
[2026-07-21T18:03:07.625+0000] {logging_mixin.py:188} INFO - [2026-07-21T18:03:07.625+0000] {dag.py:3823} INFO - Setting next_dagrun for example_sensors to None, run_after=None
[2026-07-21T18:03:07.643+0000] {processor.py:183} INFO - Processing /home/airflow/.local/lib/python3.8/site-packages/airflow/example_dags/example_sensors.py took 0.070 seconds
[2026-07-21T18:03:37.930+0000] {processor.py:161} INFO - Started process (PID=887) to work on /home/airflow/.local/lib/python3.8/site-packages/airflow/example_dags/example_sensors.py
[2026-07-21T18:03:37.932+0000] {processor.py:830} INFO - Processing file /home/airflow/.local/lib/python3.8/site-packages/airflow/example_dags/example_sensors.py for tasks to queue
[2026-07-21T18:03:37.934+0000] {logging_mixin.py:188} INFO - [2026-07-21T18:03:37.934+0000] {dagbag.py:538} INFO - Filling up the DagBag from /home/airflow/.local/lib/python3.8/site-packages/airflow/example_dags/example_sensors.py
[2026-07-21T18:03:37.943+0000] {processor.py:840} INFO - DAG(s) 'example_sensors' retrieved from /home/airflow/.local/lib/python3.8/site-packages/airflow/example_dags/example_sensors.py
[2026-07-21T18:03:37.968+0000] {logging_mixin.py:188} INFO - [2026-07-21T18:03:37.968+0000] {dag.py:3036} INFO - Sync 1 DAGs
[2026-07-21T18:03:37.980+0000] {logging_mixin.py:188} INFO - [2026-07-21T18:03:37.979+0000] {dag.py:3823} INFO - Setting next_dagrun for example_sensors to None, run_after=None
[2026-07-21T18:03:38.000+0000] {processor.py:183} INFO - Processing /home/airflow/.local/lib/python3.8/site-packages/airflow/example_dags/example_sensors.py took 0.073 seconds
[2026-07-21T18:04:08.383+0000] {processor.py:161} INFO - Started process (PID=943) to work on /home/airflow/.local/lib/python3.8/site-packages/airflow/example_dags/example_sensors.py
[2026-07-21T18:04:08.384+0000] {processor.py:830} INFO - Processing file /home/airflow/.local/lib/python3.8/site-packages/airflow/example_dags/example_sensors.py for tasks to queue
[2026-07-21T18:04:08.386+0000] {logging_mixin.py:188} INFO - [2026-07-21T18:04:08.386+0000] {dagbag.py:538} INFO - Filling up the DagBag from /home/airflow/.local/lib/python3.8/site-packages/airflow/example_dags/example_sensors.py
[2026-07-21T18:04:08.395+0000] {processor.py:840} INFO - DAG(s) 'example_sensors' retrieved from /home/airflow/.local/lib/python3.8/site-packages/airflow/example_dags/example_sensors.py
[2026-07-21T18:04:08.424+0000] {logging_mixin.py:188} INFO - [2026-07-21T18:04:08.424+0000] {dag.py:3036} INFO - Sync 1 DAGs
[2026-07-21T18:04:08.442+0000] {logging_mixin.py:188} INFO - [2026-07-21T18:04:08.442+0000] {dag.py:3823} INFO - Setting next_dagrun for example_sensors to None, run_after=None
[2026-07-21T18:04:08.474+0000] {processor.py:183} INFO - Processing /home/airflow/.local/lib/python3.8/site-packages/airflow/example_dags/example_sensors.py took 0.095 seconds
[2026-07-21T18:04:38.661+0000] {processor.py:161} INFO - Started process (PID=999) to work on /home/airflow/.local/lib/python3.8/site-packages/airflow/example_dags/example_sensors.py
[2026-07-21T18:04:38.662+0000] {processor.py:830} INFO - Processing file /home/airflow/.local/lib/python3.8/site-packages/airflow/example_dags/example_sensors.py for tasks to queue
[2026-07-21T18:04:38.664+0000] {logging_mixin.py:188} INFO - [2026-07-21T18:04:38.664+0000] {dagbag.py:538} INFO - Filling up the DagBag from /home/airflow/.local/lib/python3.8/site-packages/airflow/example_dags/example_sensors.py
[2026-07-21T18:04:38.673+0000] {processor.py:840} INFO - DAG(s) 'example_sensors' retrieved from /home/airflow/.local/lib/python3.8/site-packages/airflow/example_dags/example_sensors.py
[2026-07-21T18:04:38.698+0000] {logging_mixin.py:188} INFO - [2026-07-21T18:04:38.698+0000] {dag.py:3036} INFO - Sync 1 DAGs
[2026-07-21T18:04:38.710+0000] {logging_mixin.py:188} INFO - [2026-07-21T18:04:38.710+0000] {dag.py:3823} INFO - Setting next_dagrun for example_sensors to None, run_after=None
[2026-07-21T18:04:38.728+0000] {processor.py:183} INFO - Processing /home/airflow/.local/lib/python3.8/site-packages/airflow/example_dags/example_sensors.py took 0.071 seconds
[2026-07-21T18:05:09.175+0000] {processor.py:161} INFO - Started process (PID=1055) to work on /home/airflow/.local/lib/python3.8/site-packages/airflow/example_dags/example_sensors.py
[2026-07-21T18:05:09.176+0000] {processor.py:830} INFO - Processing file /home/airflow/.local/lib/python3.8/site-packages/airflow/example_dags/example_sensors.py for tasks to queue
[2026-07-21T18:05:09.178+0000] {logging_mixin.py:188} INFO - [2026-07-21T18:05:09.178+0000] {dagbag.py:538} INFO - Filling up the DagBag from /home/airflow/.local/lib/python3.8/site-packages/airflow/example_dags/example_sensors.py
[2026-07-21T18:05:09.190+0000] {processor.py:840} INFO - DAG(s) 'example_sensors' retrieved from /home/airflow/.local/lib/python3.8/site-packages/airflow/example_dags/example_sensors.py
[2026-07-21T18:05:09.218+0000] {logging_mixin.py:188} INFO - [2026-07-21T18:05:09.218+0000] {dag.py:3036} INFO - Sync 1 DAGs
[2026-07-21T18:05:09.231+0000] {logging_mixin.py:188} INFO - [2026-07-21T18:05:09.231+0000] {dag.py:3823} INFO - Setting next_dagrun for example_sensors to None, run_after=None
[2026-07-21T18:05:09.254+0000] {processor.py:183} INFO - Processing /home/airflow/.local/lib/python3.8/site-packages/airflow/example_dags/example_sensors.py took 0.084 seconds
[2026-07-21T18:05:39.723+0000] {processor.py:161} INFO - Started process (PID=1111) to work on /home/airflow/.local/lib/python3.8/site-packages/airflow/example_dags/example_sensors.py
[2026-07-21T18:05:39.724+0000] {processor.py:830} INFO - Processing file /home/airflow/.local/lib/python3.8/site-packages/airflow/example_dags/example_sensors.py for tasks to queue
[2026-07-21T18:05:39.726+0000] {logging_mixin.py:188} INFO - [2026-07-21T18:05:39.726+0000] {dagbag.py:538} INFO - Filling up the DagBag from /home/airflow/.local/lib/python3.8/site-packages/airflow/example_dags/example_sensors.py
[2026-07-21T18:05:39.736+0000] {processor.py:840} INFO - DAG(s) 'example_sensors' retrieved from /home/airflow/.local/lib/python3.8/site-packages/airflow/example_dags/example_sensors.py
[2026-07-21T18:05:39.762+0000] {logging_mixin.py:188} INFO - [2026-07-21T18:05:39.762+0000] {dag.py:3036} INFO - Sync 1 DAGs
[2026-07-21T18:05:39.774+0000] {logging_mixin.py:188} INFO - [2026-07-21T18:05:39.773+0000] {dag.py:3823} INFO - Setting next_dagrun for example_sensors to None, run_after=None
[2026-07-21T18:05:39.792+0000] {processor.py:183} INFO - Processing /home/airflow/.local/lib/python3.8/site-packages/airflow/example_dags/example_sensors.py took 0.073 seconds
[2026-07-21T18:06:10.281+0000] {processor.py:161} INFO - Started process (PID=1167) to work on /home/airflow/.local/lib/python3.8/site-packages/airflow/example_dags/example_sensors.py
[2026-07-21T18:06:10.282+0000] {processor.py:830} INFO - Processing file /home/airflow/.local/lib/python3.8/site-packages/airflow/example_dags/example_sensors.py for tasks to queue
[2026-07-21T18:06:10.285+0000] {logging_mixin.py:188} INFO - [2026-07-21T18:06:10.284+0000] {dagbag.py:538} INFO - Filling up the DagBag from /home/airflow/.local/lib/python3.8/site-packages/airflow/example_dags/example_sensors.py
[2026-07-21T18:06:10.293+0000] {processor.py:840} INFO - DAG(s) 'example_sensors' retrieved from /home/airflow/.local/lib/python3.8/site-packages/airflow/example_dags/example_sensors.py
[2026-07-21T18:06:10.319+0000] {logging_mixin.py:188} INFO - [2026-07-21T18:06:10.319+0000] {dag.py:3036} INFO - Sync 1 DAGs
[2026-07-21T18:06:10.331+0000] {logging_mixin.py:188} INFO - [2026-07-21T18:06:10.331+0000] {dag.py:3823} INFO - Setting next_dagrun for example_sensors to None, run_after=None
[2026-07-21T18:06:10.351+0000] {processor.py:183} INFO - Processing /home/airflow/.local/lib/python3.8/site-packages/airflow/example_dags/example_sensors.py took 0.073 seconds
[2026-07-21T18:06:40.729+0000] {processor.py:161} INFO - Started process (PID=1223) to work on /home/airflow/.local/lib/python3.8/site-packages/airflow/example_dags/example_sensors.py
[2026-07-21T18:06:40.730+0000] {processor.py:830} INFO - Processing file /home/airflow/.local/lib/python3.8/site-packages/airflow/example_dags/example_sensors.py for tasks to queue
[2026-07-21T18:06:40.732+0000] {logging_mixin.py:188} INFO - [2026-07-21T18:06:40.732+0000] {dagbag.py:538} INFO - Filling up the DagBag from /home/airflow/.local/lib/python3.8/site-packages/airflow/example_dags/example_sensors.py
[2026-07-21T18:06:40.741+0000] {processor.py:840} INFO - DAG(s) 'example_sensors' retrieved from /home/airflow/.local/lib/python3.8/site-packages/airflow/example_dags/example_sensors.py
[2026-07-21T18:06:40.767+0000] {logging_mixin.py:188} INFO - [2026-07-21T18:06:40.767+0000] {dag.py:3036} INFO - Sync 1 DAGs
[2026-07-21T18:06:40.778+0000] {logging_mixin.py:188} INFO - [2026-07-21T18:06:40.778+0000] {dag.py:3823} INFO - Setting next_dagrun for example_sensors to None, run_after=None
[2026-07-21T18:06:40.798+0000] {processor.py:183} INFO - Processing /home/airflow/.local/lib/python3.8/site-packages/airflow/example_dags/example_sensors.py took 0.072 seconds
[2026-07-21T18:07:11.116+0000] {processor.py:161} INFO - Started process (PID=1279) to work on /home/airflow/.local/lib/python3.8/site-packages/airflow/example_dags/example_sensors.py
[2026-07-21T18:07:11.117+0000] {processor.py:830} INFO - Processing file /home/airflow/.local/lib/python3.8/site-packages/airflow/example_dags/example_sensors.py for tasks to queue
[2026-07-21T18:07:11.120+0000] {logging_mixin.py:188} INFO - [2026-07-21T18:07:11.119+0000] {dagbag.py:538} INFO - Filling up the DagBag from /home/airflow/.local/lib/python3.8/site-packages/airflow/example_dags/example_sensors.py
[2026-07-21T18:07:11.132+0000] {processor.py:840} INFO - DAG(s) 'example_sensors' retrieved from /home/airflow/.local/lib/python3.8/site-packages/airflow/example_dags/example_sensors.py
[2026-07-21T18:07:11.167+0000] {logging_mixin.py:188} INFO - [2026-07-21T18:07:11.167+0000] {dag.py:3036} INFO - Sync 1 DAGs
[2026-07-21T18:07:11.181+0000] {logging_mixin.py:188} INFO - [2026-07-21T18:07:11.180+0000] {dag.py:3823} INFO - Setting next_dagrun for example_sensors to None, run_after=None
[2026-07-21T18:07:11.203+0000] {processor.py:183} INFO - Processing /home/airflow/.local/lib/python3.8/site-packages/airflow/example_dags/example_sensors.py took 0.093 seconds
[2026-07-21T18:09:14.665+0000] {processor.py:161} INFO - Started process (PID=136) to work on /home/airflow/.local/lib/python3.8/site-packages/airflow/example_dags/example_sensors.py
[2026-07-21T18:09:14.667+0000] {processor.py:830} INFO - Processing file /home/airflow/.local/lib/python3.8/site-packages/airflow/example_dags/example_sensors.py for tasks to queue
[2026-07-21T18:09:14.669+0000] {logging_mixin.py:188} INFO - [2026-07-21T18:09:14.669+0000] {dagbag.py:538} INFO - Filling up the DagBag from /home/airflow/.local/lib/python3.8/site-packages/airflow/example_dags/example_sensors.py
[2026-07-21T18:09:14.682+0000] {processor.py:840} INFO - DAG(s) 'example_sensors' retrieved from /home/airflow/.local/lib/python3.8/site-packages/airflow/example_dags/example_sensors.py
[2026-07-21T18:09:14.700+0000] {logging_mixin.py:188} INFO - [2026-07-21T18:09:14.700+0000] {dag.py:3036} INFO - Sync 1 DAGs
[2026-07-21T18:09:14.719+0000] {logging_mixin.py:188} INFO - [2026-07-21T18:09:14.718+0000] {dag.py:3823} INFO - Setting next_dagrun for example_sensors to None, run_after=None
[2026-07-21T18:09:14.744+0000] {processor.py:183} INFO - Processing /home/airflow/.local/lib/python3.8/site-packages/airflow/example_dags/example_sensors.py took 0.083 seconds
[2026-07-21T18:09:45.656+0000] {processor.py:161} INFO - Started process (PID=192) to work on /home/airflow/.local/lib/python3.8/site-packages/airflow/example_dags/example_sensors.py
[2026-07-21T18:09:45.658+0000] {processor.py:830} INFO - Processing file /home/airflow/.local/lib/python3.8/site-packages/airflow/example_dags/example_sensors.py for tasks to queue
[2026-07-21T18:09:45.660+0000] {logging_mixin.py:188} INFO - [2026-07-21T18:09:45.660+0000] {dagbag.py:538} INFO - Filling up the DagBag from /home/airflow/.local/lib/python3.8/site-packages/airflow/example_dags/example_sensors.py
[2026-07-21T18:09:45.670+0000] {processor.py:840} INFO - DAG(s) 'example_sensors' retrieved from /home/airflow/.local/lib/python3.8/site-packages/airflow/example_dags/example_sensors.py
[2026-07-21T18:09:45.782+0000] {logging_mixin.py:188} INFO - [2026-07-21T18:09:45.782+0000] {dag.py:3036} INFO - Sync 1 DAGs
[2026-07-21T18:09:45.792+0000] {logging_mixin.py:188} INFO - [2026-07-21T18:09:45.791+0000] {dag.py:3823} INFO - Setting next_dagrun for example_sensors to None, run_after=None
[2026-07-21T18:09:45.811+0000] {processor.py:183} INFO - Processing /home/airflow/.local/lib/python3.8/site-packages/airflow/example_dags/example_sensors.py took 0.159 seconds
[2026-07-21T18:10:15.927+0000] {processor.py:161} INFO - Started process (PID=248) to work on /home/airflow/.local/lib/python3.8/site-packages/airflow/example_dags/example_sensors.py
[2026-07-21T18:10:15.929+0000] {processor.py:830} INFO - Processing file /home/airflow/.local/lib/python3.8/site-packages/airflow/example_dags/example_sensors.py for tasks to queue
[2026-07-21T18:10:15.931+0000] {logging_mixin.py:188} INFO - [2026-07-21T18:10:15.931+0000] {dagbag.py:538} INFO - Filling up the DagBag from /home/airflow/.local/lib/python3.8/site-packages/airflow/example_dags/example_sensors.py
[2026-07-21T18:10:15.940+0000] {processor.py:840} INFO - DAG(s) 'example_sensors' retrieved from /home/airflow/.local/lib/python3.8/site-packages/airflow/example_dags/example_sensors.py
[2026-07-21T18:10:15.965+0000] {logging_mixin.py:188} INFO - [2026-07-21T18:10:15.965+0000] {dag.py:3036} INFO - Sync 1 DAGs
[2026-07-21T18:10:15.976+0000] {logging_mixin.py:188} INFO - [2026-07-21T18:10:15.976+0000] {dag.py:3823} INFO - Setting next_dagrun for example_sensors to None, run_after=None
[2026-07-21T18:10:15.994+0000] {processor.py:183} INFO - Processing /home/airflow/.local/lib/python3.8/site-packages/airflow/example_dags/example_sensors.py took 0.070 seconds
[2026-07-21T18:10:46.141+0000] {processor.py:161} INFO - Started process (PID=304) to work on /home/airflow/.local/lib/python3.8/site-packages/airflow/example_dags/example_sensors.py
[2026-07-21T18:10:46.142+0000] {processor.py:830} INFO - Processing file /home/airflow/.local/lib/python3.8/site-packages/airflow/example_dags/example_sensors.py for tasks to queue
[2026-07-21T18:10:46.144+0000] {logging_mixin.py:188} INFO - [2026-07-21T18:10:46.144+0000] {dagbag.py:538} INFO - Filling up the DagBag from /home/airflow/.local/lib/python3.8/site-packages/airflow/example_dags/example_sensors.py
[2026-07-21T18:10:46.154+0000] {processor.py:840} INFO - DAG(s) 'example_sensors' retrieved from /home/airflow/.local/lib/python3.8/site-packages/airflow/example_dags/example_sensors.py
[2026-07-21T18:10:46.180+0000] {logging_mixin.py:188} INFO - [2026-07-21T18:10:46.180+0000] {dag.py:3036} INFO - Sync 1 DAGs
[2026-07-21T18:10:46.193+0000] {logging_mixin.py:188} INFO - [2026-07-21T18:10:46.192+0000] {dag.py:3823} INFO - Setting next_dagrun for example_sensors to None, run_after=None
[2026-07-21T18:10:46.211+0000] {processor.py:183} INFO - Processing /home/airflow/.local/lib/python3.8/site-packages/airflow/example_dags/example_sensors.py took 0.074 seconds
[2026-07-21T18:11:16.717+0000] {processor.py:161} INFO - Started process (PID=360) to work on /home/airflow/.local/lib/python3.8/site-packages/airflow/example_dags/example_sensors.py
[2026-07-21T18:11:16.718+0000] {processor.py:830} INFO - Processing file /home/airflow/.local/lib/python3.8/site-packages/airflow/example_dags/example_sensors.py for tasks to queue
[2026-07-21T18:11:16.720+0000] {logging_mixin.py:188} INFO - [2026-07-21T18:11:16.720+0000] {dagbag.py:538} INFO - Filling up the DagBag from /home/airflow/.local/lib/python3.8/site-packages/airflow/example_dags/example_sensors.py
[2026-07-21T18:11:16.732+0000] {processor.py:840} INFO - DAG(s) 'example_sensors' retrieved from /home/airflow/.local/lib/python3.8/site-packages/airflow/example_dags/example_sensors.py
[2026-07-21T18:11:16.761+0000] {logging_mixin.py:188} INFO - [2026-07-21T18:11:16.761+0000] {dag.py:3036} INFO - Sync 1 DAGs
[2026-07-21T18:11:16.774+0000] {logging_mixin.py:188} INFO - [2026-07-21T18:11:16.774+0000] {dag.py:3823} INFO - Setting next_dagrun for example_sensors to None, run_after=None
[2026-07-21T18:11:16.796+0000] {processor.py:183} INFO - Processing /home/airflow/.local/lib/python3.8/site-packages/airflow/example_dags/example_sensors.py took 0.084 seconds
[2026-07-21T18:11:47.140+0000] {processor.py:161} INFO - Started process (PID=416) to work on /home/airflow/.local/lib/python3.8/site-packages/airflow/example_dags/example_sensors.py
[2026-07-21T18:11:47.142+0000] {processor.py:830} INFO - Processing file /home/airflow/.local/lib/python3.8/site-packages/airflow/example_dags/example_sensors.py for tasks to queue
[2026-07-21T18:11:47.144+0000] {logging_mixin.py:188} INFO - [2026-07-21T18:11:47.144+0000] {dagbag.py:538} INFO - Filling up the DagBag from /home/airflow/.local/lib/python3.8/site-packages/airflow/example_dags/example_sensors.py
[2026-07-21T18:11:47.154+0000] {processor.py:840} INFO - DAG(s) 'example_sensors' retrieved from /home/airflow/.local/lib/python3.8/site-packages/airflow/example_dags/example_sensors.py
[2026-07-21T18:11:47.181+0000] {logging_mixin.py:188} INFO - [2026-07-21T18:11:47.181+0000] {dag.py:3036} INFO - Sync 1 DAGs
[2026-07-21T18:11:47.195+0000] {logging_mixin.py:188} INFO - [2026-07-21T18:11:47.195+0000] {dag.py:3823} INFO - Setting next_dagrun for example_sensors to None, run_after=None
[2026-07-21T18:11:47.217+0000] {processor.py:183} INFO - Processing /home/airflow/.local/lib/python3.8/site-packages/airflow/example_dags/example_sensors.py took 0.080 seconds
[2026-07-21T18:12:17.948+0000] {processor.py:161} INFO - Started process (PID=472) to work on /home/airflow/.local/lib/python3.8/site-packages/airflow/example_dags/example_sensors.py
[2026-07-21T18:12:17.949+0000] {processor.py:830} INFO - Processing file /home/airflow/.local/lib/python3.8/site-packages/airflow/example_dags/example_sensors.py for tasks to queue
[2026-07-21T18:12:17.951+0000] {logging_mixin.py:188} INFO - [2026-07-21T18:12:17.950+0000] {dagbag.py:538} INFO - Filling up the DagBag from /home/airflow/.local/lib/python3.8/site-packages/airflow/example_dags/example_sensors.py
[2026-07-21T18:12:17.960+0000] {processor.py:840} INFO - DAG(s) 'example_sensors' retrieved from /home/airflow/.local/lib/python3.8/site-packages/airflow/example_dags/example_sensors.py
[2026-07-21T18:12:17.985+0000] {logging_mixin.py:188} INFO - [2026-07-21T18:12:17.985+0000] {dag.py:3036} INFO - Sync 1 DAGs
[2026-07-21T18:12:17.996+0000] {logging_mixin.py:188} INFO - [2026-07-21T18:12:17.996+0000] {dag.py:3823} INFO - Setting next_dagrun for example_sensors to None, run_after=None
[2026-07-21T18:12:18.014+0000] {processor.py:183} INFO - Processing /home/airflow/.local/lib/python3.8/site-packages/airflow/example_dags/example_sensors.py took 0.070 seconds
[2026-07-21T18:12:48.633+0000] {processor.py:161} INFO - Started process (PID=528) to work on /home/airflow/.local/lib/python3.8/site-packages/airflow/example_dags/example_sensors.py
[2026-07-21T18:12:48.634+0000] {processor.py:830} INFO - Processing file /home/airflow/.local/lib/python3.8/site-packages/airflow/example_dags/example_sensors.py for tasks to queue
[2026-07-21T18:12:48.636+0000] {logging_mixin.py:188} INFO - [2026-07-21T18:12:48.636+0000] {dagbag.py:538} INFO - Filling up the DagBag from /home/airflow/.local/lib/python3.8/site-packages/airflow/example_dags/example_sensors.py
[2026-07-21T18:12:48.647+0000] {processor.py:840} INFO - DAG(s) 'example_sensors' retrieved from /home/airflow/.local/lib/python3.8/site-packages/airflow/example_dags/example_sensors.py
[2026-07-21T18:12:48.673+0000] {logging_mixin.py:188} INFO - [2026-07-21T18:12:48.672+0000] {dag.py:3036} INFO - Sync 1 DAGs
[2026-07-21T18:12:48.685+0000] {logging_mixin.py:188} INFO - [2026-07-21T18:12:48.685+0000] {dag.py:3823} INFO - Setting next_dagrun for example_sensors to None, run_after=None
[2026-07-21T18:12:48.704+0000] {processor.py:183} INFO - Processing /home/airflow/.local/lib/python3.8/site-packages/airflow/example_dags/example_sensors.py took 0.074 seconds
[2026-07-21T18:13:19.627+0000] {processor.py:161} INFO - Started process (PID=584) to work on /home/airflow/.local/lib/python3.8/site-packages/airflow/example_dags/example_sensors.py
[2026-07-21T18:13:19.628+0000] {processor.py:830} INFO - Processing file /home/airflow/.local/lib/python3.8/site-packages/airflow/example_dags/example_sensors.py for tasks to queue
[2026-07-21T18:13:19.631+0000] {logging_mixin.py:188} INFO - [2026-07-21T18:13:19.630+0000] {dagbag.py:538} INFO - Filling up the DagBag from /home/airflow/.local/lib/python3.8/site-packages/airflow/example_dags/example_sensors.py
[2026-07-21T18:13:19.640+0000] {processor.py:840} INFO - DAG(s) 'example_sensors' retrieved from /home/airflow/.local/lib/python3.8/site-packages/airflow/example_dags/example_sensors.py
[2026-07-21T18:13:19.668+0000] {logging_mixin.py:188} INFO - [2026-07-21T18:13:19.667+0000] {dag.py:3036} INFO - Sync 1 DAGs
[2026-07-21T18:13:19.681+0000] {logging_mixin.py:188} INFO - [2026-07-21T18:13:19.680+0000] {dag.py:3823} INFO - Setting next_dagrun for example_sensors to None, run_after=None
[2026-07-21T18:13:19.702+0000] {processor.py:183} INFO - Processing /home/airflow/.local/lib/python3.8/site-packages/airflow/example_dags/example_sensors.py took 0.079 seconds
[2026-07-21T18:13:49.948+0000] {processor.py:161} INFO - Started process (PID=640) to work on /home/airflow/.local/lib/python3.8/site-packages/airflow/example_dags/example_sensors.py
[2026-07-21T18:13:49.950+0000] {processor.py:830} INFO - Processing file /home/airflow/.local/lib/python3.8/site-packages/airflow/example_dags/example_sensors.py for tasks to queue
[2026-07-21T18:13:49.952+0000] {logging_mixin.py:188} INFO - [2026-07-21T18:13:49.952+0000] {dagbag.py:538} INFO - Filling up the DagBag from /home/airflow/.local/lib/python3.8/site-packages/airflow/example_dags/example_sensors.py
[2026-07-21T18:13:49.962+0000] {processor.py:840} INFO - DAG(s) 'example_sensors' retrieved from /home/airflow/.local/lib/python3.8/site-packages/airflow/example_dags/example_sensors.py
[2026-07-21T18:13:49.989+0000] {logging_mixin.py:188} INFO - [2026-07-21T18:13:49.989+0000] {dag.py:3036} INFO - Sync 1 DAGs
[2026-07-21T18:13:50.001+0000] {logging_mixin.py:188} INFO - [2026-07-21T18:13:50.001+0000] {dag.py:3823} INFO - Setting next_dagrun for example_sensors to None, run_after=None
[2026-07-21T18:13:50.020+0000] {processor.py:183} INFO - Processing /home/airflow/.local/lib/python3.8/site-packages/airflow/example_dags/example_sensors.py took 0.076 seconds
[2026-07-21T18:14:20.848+0000] {processor.py:161} INFO - Started process (PID=696) to work on /home/airflow/.local/lib/python3.8/site-packages/airflow/example_dags/example_sensors.py
[2026-07-21T18:14:20.849+0000] {processor.py:830} INFO - Processing file /home/airflow/.local/lib/python3.8/site-packages/airflow/example_dags/example_sensors.py for tasks to queue
[2026-07-21T18:14:20.851+0000] {logging_mixin.py:188} INFO - [2026-07-21T18:14:20.851+0000] {dagbag.py:538} INFO - Filling up the DagBag from /home/airflow/.local/lib/python3.8/site-packages/airflow/example_dags/example_sensors.py
[2026-07-21T18:14:20.861+0000] {processor.py:840} INFO - DAG(s) 'example_sensors' retrieved from /home/airflow/.local/lib/python3.8/site-packages/airflow/example_dags/example_sensors.py
[2026-07-21T18:14:20.887+0000] {logging_mixin.py:188} INFO - [2026-07-21T18:14:20.887+0000] {dag.py:3036} INFO - Sync 1 DAGs
[2026-07-21T18:14:20.900+0000] {logging_mixin.py:188} INFO - [2026-07-21T18:14:20.899+0000] {dag.py:3823} INFO - Setting next_dagrun for example_sensors to None, run_after=None
[2026-07-21T18:14:20.920+0000] {processor.py:183} INFO - Processing /home/airflow/.local/lib/python3.8/site-packages/airflow/example_dags/example_sensors.py took 0.076 seconds
[2026-07-21T18:14:51.836+0000] {processor.py:161} INFO - Started process (PID=753) to work on /home/airflow/.local/lib/python3.8/site-packages/airflow/example_dags/example_sensors.py
[2026-07-21T18:14:51.837+0000] {processor.py:830} INFO - Processing file /home/airflow/.local/lib/python3.8/site-packages/airflow/example_dags/example_sensors.py for tasks to queue
[2026-07-21T18:14:51.839+0000] {logging_mixin.py:188} INFO - [2026-07-21T18:14:51.839+0000] {dagbag.py:538} INFO - Filling up the DagBag from /home/airflow/.local/lib/python3.8/site-packages/airflow/example_dags/example_sensors.py
[2026-07-21T18:14:51.848+0000] {processor.py:840} INFO - DAG(s) 'example_sensors' retrieved from /home/airflow/.local/lib/python3.8/site-packages/airflow/example_dags/example_sensors.py
[2026-07-21T18:14:51.874+0000] {logging_mixin.py:188} INFO - [2026-07-21T18:14:51.874+0000] {dag.py:3036} INFO - Sync 1 DAGs
[2026-07-21T18:14:51.886+0000] {logging_mixin.py:188} INFO - [2026-07-21T18:14:51.886+0000] {dag.py:3823} INFO - Setting next_dagrun for example_sensors to None, run_after=None
[2026-07-21T18:14:51.906+0000] {processor.py:183} INFO - Processing /home/airflow/.local/lib/python3.8/site-packages/airflow/example_dags/example_sensors.py took 0.075 seconds
[2026-07-21T18:15:22.715+0000] {processor.py:161} INFO - Started process (PID=809) to work on /home/airflow/.local/lib/python3.8/site-packages/airflow/example_dags/example_sensors.py
[2026-07-21T18:15:22.716+0000] {processor.py:830} INFO - Processing file /home/airflow/.local/lib/python3.8/site-packages/airflow/example_dags/example_sensors.py for tasks to queue
[2026-07-21T18:15:22.718+0000] {logging_mixin.py:188} INFO - [2026-07-21T18:15:22.718+0000] {dagbag.py:538} INFO - Filling up the DagBag from /home/airflow/.local/lib/python3.8/site-packages/airflow/example_dags/example_sensors.py
[2026-07-21T18:15:22.727+0000] {processor.py:840} INFO - DAG(s) 'example_sensors' retrieved from /home/airflow/.local/lib/python3.8/site-packages/airflow/example_dags/example_sensors.py
[2026-07-21T18:15:22.754+0000] {logging_mixin.py:188} INFO - [2026-07-21T18:15:22.754+0000] {dag.py:3036} INFO - Sync 1 DAGs
[2026-07-21T18:15:22.771+0000] {logging_mixin.py:188} INFO - [2026-07-21T18:15:22.771+0000] {dag.py:3823} INFO - Setting next_dagrun for example_sensors to None, run_after=None
[2026-07-21T18:15:22.791+0000] {processor.py:183} INFO - Processing /home/airflow/.local/lib/python3.8/site-packages/airflow/example_dags/example_sensors.py took 0.079 seconds
[2026-07-21T18:15:53.491+0000] {processor.py:161} INFO - Started process (PID=865) to work on /home/airflow/.local/lib/python3.8/site-packages/airflow/example_dags/example_sensors.py
[2026-07-21T18:15:53.493+0000] {processor.py:830} INFO - Processing file /home/airflow/.local/lib/python3.8/site-packages/airflow/example_dags/example_sensors.py for tasks to queue
[2026-07-21T18:15:53.495+0000] {logging_mixin.py:188} INFO - [2026-07-21T18:15:53.494+0000] {dagbag.py:538} INFO - Filling up the DagBag from /home/airflow/.local/lib/python3.8/site-packages/airflow/example_dags/example_sensors.py
[2026-07-21T18:15:53.504+0000] {processor.py:840} INFO - DAG(s) 'example_sensors' retrieved from /home/airflow/.local/lib/python3.8/site-packages/airflow/example_dags/example_sensors.py
[2026-07-21T18:15:53.531+0000] {logging_mixin.py:188} INFO - [2026-07-21T18:15:53.531+0000] {dag.py:3036} INFO - Sync 1 DAGs
[2026-07-21T18:15:53.543+0000] {logging_mixin.py:188} INFO - [2026-07-21T18:15:53.543+0000] {dag.py:3823} INFO - Setting next_dagrun for example_sensors to None, run_after=None
[2026-07-21T18:15:53.563+0000] {processor.py:183} INFO - Processing /home/airflow/.local/lib/python3.8/site-packages/airflow/example_dags/example_sensors.py took 0.075 seconds
[2026-07-21T18:16:24.444+0000] {processor.py:161} INFO - Started process (PID=921) to work on /home/airflow/.local/lib/python3.8/site-packages/airflow/example_dags/example_sensors.py
[2026-07-21T18:16:24.446+0000] {processor.py:830} INFO - Processing file /home/airflow/.local/lib/python3.8/site-packages/airflow/example_dags/example_sensors.py for tasks to queue
[2026-07-21T18:16:24.448+0000] {logging_mixin.py:188} INFO - [2026-07-21T18:16:24.447+0000] {dagbag.py:538} INFO - Filling up the DagBag from /home/airflow/.local/lib/python3.8/site-packages/airflow/example_dags/example_sensors.py
[2026-07-21T18:16:24.457+0000] {processor.py:840} INFO - DAG(s) 'example_sensors' retrieved from /home/airflow/.local/lib/python3.8/site-packages/airflow/example_dags/example_sensors.py
[2026-07-21T18:16:24.483+0000] {logging_mixin.py:188} INFO - [2026-07-21T18:16:24.483+0000] {dag.py:3036} INFO - Sync 1 DAGs
[2026-07-21T18:16:24.495+0000] {logging_mixin.py:188} INFO - [2026-07-21T18:16:24.495+0000] {dag.py:3823} INFO - Setting next_dagrun for example_sensors to None, run_after=None
[2026-07-21T18:16:24.515+0000] {processor.py:183} INFO - Processing /home/airflow/.local/lib/python3.8/site-packages/airflow/example_dags/example_sensors.py took 0.075 seconds
[2026-07-21T18:16:54.573+0000] {processor.py:161} INFO - Started process (PID=977) to work on /home/airflow/.local/lib/python3.8/site-packages/airflow/example_dags/example_sensors.py
[2026-07-21T18:16:54.574+0000] {processor.py:830} INFO - Processing file /home/airflow/.local/lib/python3.8/site-packages/airflow/example_dags/example_sensors.py for tasks to queue
[2026-07-21T18:16:54.577+0000] {logging_mixin.py:188} INFO - [2026-07-21T18:16:54.576+0000] {dagbag.py:538} INFO - Filling up the DagBag from /home/airflow/.local/lib/python3.8/site-packages/airflow/example_dags/example_sensors.py
[2026-07-21T18:16:54.586+0000] {processor.py:840} INFO - DAG(s) 'example_sensors' retrieved from /home/airflow/.local/lib/python3.8/site-packages/airflow/example_dags/example_sensors.py
[2026-07-21T18:16:54.611+0000] {logging_mixin.py:188} INFO - [2026-07-21T18:16:54.611+0000] {dag.py:3036} INFO - Sync 1 DAGs
[2026-07-21T18:16:54.622+0000] {logging_mixin.py:188} INFO - [2026-07-21T18:16:54.622+0000] {dag.py:3823} INFO - Setting next_dagrun for example_sensors to None, run_after=None
[2026-07-21T18:16:54.639+0000] {processor.py:183} INFO - Processing /home/airflow/.local/lib/python3.8/site-packages/airflow/example_dags/example_sensors.py took 0.070 seconds
[2026-07-21T18:17:24.715+0000] {processor.py:161} INFO - Started process (PID=1033) to work on /home/airflow/.local/lib/python3.8/site-packages/airflow/example_dags/example_sensors.py
[2026-07-21T18:17:24.717+0000] {processor.py:830} INFO - Processing file /home/airflow/.local/lib/python3.8/site-packages/airflow/example_dags/example_sensors.py for tasks to queue
[2026-07-21T18:17:24.719+0000] {logging_mixin.py:188} INFO - [2026-07-21T18:17:24.719+0000] {dagbag.py:538} INFO - Filling up the DagBag from /home/airflow/.local/lib/python3.8/site-packages/airflow/example_dags/example_sensors.py
[2026-07-21T18:17:24.730+0000] {processor.py:840} INFO - DAG(s) 'example_sensors' retrieved from /home/airflow/.local/lib/python3.8/site-packages/airflow/example_dags/example_sensors.py
[2026-07-21T18:17:24.757+0000] {logging_mixin.py:188} INFO - [2026-07-21T18:17:24.757+0000] {dag.py:3036} INFO - Sync 1 DAGs
[2026-07-21T18:17:24.772+0000] {logging_mixin.py:188} INFO - [2026-07-21T18:17:24.771+0000] {dag.py:3823} INFO - Setting next_dagrun for example_sensors to None, run_after=None
[2026-07-21T18:17:24.800+0000] {processor.py:183} INFO - Processing /home/airflow/.local/lib/python3.8/site-packages/airflow/example_dags/example_sensors.py took 0.089 seconds
[2026-07-21T18:17:55.807+0000] {processor.py:161} INFO - Started process (PID=1089) to work on /home/airflow/.local/lib/python3.8/site-packages/airflow/example_dags/example_sensors.py
[2026-07-21T18:17:55.808+0000] {processor.py:830} INFO - Processing file /home/airflow/.local/lib/python3.8/site-packages/airflow/example_dags/example_sensors.py for tasks to queue
[2026-07-21T18:17:55.810+0000] {logging_mixin.py:188} INFO - [2026-07-21T18:17:55.810+0000] {dagbag.py:538} INFO - Filling up the DagBag from /home/airflow/.local/lib/python3.8/site-packages/airflow/example_dags/example_sensors.py
[2026-07-21T18:17:55.821+0000] {processor.py:840} INFO - DAG(s) 'example_sensors' retrieved from /home/airflow/.local/lib/python3.8/site-packages/airflow/example_dags/example_sensors.py
[2026-07-21T18:17:55.846+0000] {logging_mixin.py:188} INFO - [2026-07-21T18:17:55.846+0000] {dag.py:3036} INFO - Sync 1 DAGs
[2026-07-21T18:17:55.858+0000] {logging_mixin.py:188} INFO - [2026-07-21T18:17:55.858+0000] {dag.py:3823} INFO - Setting next_dagrun for example_sensors to None, run_after=None
[2026-07-21T18:17:55.877+0000] {processor.py:183} INFO - Processing /home/airflow/.local/lib/python3.8/site-packages/airflow/example_dags/example_sensors.py took 0.074 seconds
[2026-07-21T18:18:26.681+0000] {processor.py:161} INFO - Started process (PID=1145) to work on /home/airflow/.local/lib/python3.8/site-packages/airflow/example_dags/example_sensors.py
[2026-07-21T18:18:26.683+0000] {processor.py:830} INFO - Processing file /home/airflow/.local/lib/python3.8/site-packages/airflow/example_dags/example_sensors.py for tasks to queue
[2026-07-21T18:18:26.685+0000] {logging_mixin.py:188} INFO - [2026-07-21T18:18:26.685+0000] {dagbag.py:538} INFO - Filling up the DagBag from /home/airflow/.local/lib/python3.8/site-packages/airflow/example_dags/example_sensors.py
[2026-07-21T18:18:26.694+0000] {processor.py:840} INFO - DAG(s) 'example_sensors' retrieved from /home/airflow/.local/lib/python3.8/site-packages/airflow/example_dags/example_sensors.py
[2026-07-21T18:18:26.719+0000] {logging_mixin.py:188} INFO - [2026-07-21T18:18:26.719+0000] {dag.py:3036} INFO - Sync 1 DAGs
[2026-07-21T18:18:26.730+0000] {logging_mixin.py:188} INFO - [2026-07-21T18:18:26.729+0000] {dag.py:3823} INFO - Setting next_dagrun for example_sensors to None, run_after=None
[2026-07-21T18:18:26.749+0000] {processor.py:183} INFO - Processing /home/airflow/.local/lib/python3.8/site-packages/airflow/example_dags/example_sensors.py took 0.070 seconds
[2026-07-21T18:18:57.622+0000] {processor.py:161} INFO - Started process (PID=1201) to work on /home/airflow/.local/lib/python3.8/site-packages/airflow/example_dags/example_sensors.py
[2026-07-21T18:18:57.623+0000] {processor.py:830} INFO - Processing file /home/airflow/.local/lib/python3.8/site-packages/airflow/example_dags/example_sensors.py for tasks to queue
[2026-07-21T18:18:57.625+0000] {logging_mixin.py:188} INFO - [2026-07-21T18:18:57.625+0000] {dagbag.py:538} INFO - Filling up the DagBag from /home/airflow/.local/lib/python3.8/site-packages/airflow/example_dags/example_sensors.py
[2026-07-21T18:18:57.635+0000] {processor.py:840} INFO - DAG(s) 'example_sensors' retrieved from /home/airflow/.local/lib/python3.8/site-packages/airflow/example_dags/example_sensors.py
[2026-07-21T18:18:57.661+0000] {logging_mixin.py:188} INFO - [2026-07-21T18:18:57.660+0000] {dag.py:3036} INFO - Sync 1 DAGs
[2026-07-21T18:18:57.674+0000] {logging_mixin.py:188} INFO - [2026-07-21T18:18:57.673+0000] {dag.py:3823} INFO - Setting next_dagrun for example_sensors to None, run_after=None
[2026-07-21T18:18:57.695+0000] {processor.py:183} INFO - Processing /home/airflow/.local/lib/python3.8/site-packages/airflow/example_dags/example_sensors.py took 0.077 seconds
[2026-07-21T18:19:28.077+0000] {processor.py:161} INFO - Started process (PID=1257) to work on /home/airflow/.local/lib/python3.8/site-packages/airflow/example_dags/example_sensors.py
[2026-07-21T18:19:28.078+0000] {processor.py:830} INFO - Processing file /home/airflow/.local/lib/python3.8/site-packages/airflow/example_dags/example_sensors.py for tasks to queue
[2026-07-21T18:19:28.080+0000] {logging_mixin.py:188} INFO - [2026-07-21T18:19:28.080+0000] {dagbag.py:538} INFO - Filling up the DagBag from /home/airflow/.local/lib/python3.8/site-packages/airflow/example_dags/example_sensors.py
[2026-07-21T18:19:28.089+0000] {processor.py:840} INFO - DAG(s) 'example_sensors' retrieved from /home/airflow/.local/lib/python3.8/site-packages/airflow/example_dags/example_sensors.py
[2026-07-21T18:19:28.114+0000] {logging_mixin.py:188} INFO - [2026-07-21T18:19:28.114+0000] {dag.py:3036} INFO - Sync 1 DAGs
[2026-07-21T18:19:28.125+0000] {logging_mixin.py:188} INFO - [2026-07-21T18:19:28.125+0000] {dag.py:3823} INFO - Setting next_dagrun for example_sensors to None, run_after=None
[2026-07-21T18:19:28.145+0000] {processor.py:183} INFO - Processing /home/airflow/.local/lib/python3.8/site-packages/airflow/example_dags/example_sensors.py took 0.072 seconds
[2026-07-21T18:19:58.728+0000] {processor.py:161} INFO - Started process (PID=1313) to work on /home/airflow/.local/lib/python3.8/site-packages/airflow/example_dags/example_sensors.py
[2026-07-21T18:19:58.729+0000] {processor.py:830} INFO - Processing file /home/airflow/.local/lib/python3.8/site-packages/airflow/example_dags/example_sensors.py for tasks to queue
[2026-07-21T18:19:58.731+0000] {logging_mixin.py:188} INFO - [2026-07-21T18:19:58.731+0000] {dagbag.py:538} INFO - Filling up the DagBag from /home/airflow/.local/lib/python3.8/site-packages/airflow/example_dags/example_sensors.py
[2026-07-21T18:19:58.741+0000] {processor.py:840} INFO - DAG(s) 'example_sensors' retrieved from /home/airflow/.local/lib/python3.8/site-packages/airflow/example_dags/example_sensors.py
[2026-07-21T18:19:58.767+0000] {logging_mixin.py:188} INFO - [2026-07-21T18:19:58.767+0000] {dag.py:3036} INFO - Sync 1 DAGs
[2026-07-21T18:19:58.778+0000] {logging_mixin.py:188} INFO - [2026-07-21T18:19:58.778+0000] {dag.py:3823} INFO - Setting next_dagrun for example_sensors to None, run_after=None
[2026-07-21T18:19:58.796+0000] {processor.py:183} INFO - Processing /home/airflow/.local/lib/python3.8/site-packages/airflow/example_dags/example_sensors.py took 0.072 seconds
[2026-07-21T18:20:29.410+0000] {processor.py:161} INFO - Started process (PID=1369) to work on /home/airflow/.local/lib/python3.8/site-packages/airflow/example_dags/example_sensors.py
[2026-07-21T18:20:29.412+0000] {processor.py:830} INFO - Processing file /home/airflow/.local/lib/python3.8/site-packages/airflow/example_dags/example_sensors.py for tasks to queue
[2026-07-21T18:20:29.415+0000] {logging_mixin.py:188} INFO - [2026-07-21T18:20:29.414+0000] {dagbag.py:538} INFO - Filling up the DagBag from /home/airflow/.local/lib/python3.8/site-packages/airflow/example_dags/example_sensors.py
[2026-07-21T18:20:29.430+0000] {processor.py:840} INFO - DAG(s) 'example_sensors' retrieved from /home/airflow/.local/lib/python3.8/site-packages/airflow/example_dags/example_sensors.py
[2026-07-21T18:20:29.479+0000] {logging_mixin.py:188} INFO - [2026-07-21T18:20:29.479+0000] {dag.py:3036} INFO - Sync 1 DAGs
[2026-07-21T18:20:29.502+0000] {logging_mixin.py:188} INFO - [2026-07-21T18:20:29.502+0000] {dag.py:3823} INFO - Setting next_dagrun for example_sensors to None, run_after=None
[2026-07-21T18:20:29.539+0000] {processor.py:183} INFO - Processing /home/airflow/.local/lib/python3.8/site-packages/airflow/example_dags/example_sensors.py took 0.134 seconds
[2026-07-21T18:20:59.648+0000] {processor.py:161} INFO - Started process (PID=1425) to work on /home/airflow/.local/lib/python3.8/site-packages/airflow/example_dags/example_sensors.py
[2026-07-21T18:20:59.650+0000] {processor.py:830} INFO - Processing file /home/airflow/.local/lib/python3.8/site-packages/airflow/example_dags/example_sensors.py for tasks to queue
[2026-07-21T18:20:59.652+0000] {logging_mixin.py:188} INFO - [2026-07-21T18:20:59.652+0000] {dagbag.py:538} INFO - Filling up the DagBag from /home/airflow/.local/lib/python3.8/site-packages/airflow/example_dags/example_sensors.py
[2026-07-21T18:20:59.661+0000] {processor.py:840} INFO - DAG(s) 'example_sensors' retrieved from /home/airflow/.local/lib/python3.8/site-packages/airflow/example_dags/example_sensors.py
[2026-07-21T18:20:59.687+0000] {logging_mixin.py:188} INFO - [2026-07-21T18:20:59.687+0000] {dag.py:3036} INFO - Sync 1 DAGs
[2026-07-21T18:20:59.699+0000] {logging_mixin.py:188} INFO - [2026-07-21T18:20:59.699+0000] {dag.py:3823} INFO - Setting next_dagrun for example_sensors to None, run_after=None
[2026-07-21T18:20:59.722+0000] {processor.py:183} INFO - Processing /home/airflow/.local/lib/python3.8/site-packages/airflow/example_dags/example_sensors.py took 0.078 seconds
[2026-07-21T18:21:32.179+0000] {processor.py:161} INFO - Started process (PID=1481) to work on /home/airflow/.local/lib/python3.8/site-packages/airflow/example_dags/example_sensors.py
[2026-07-21T18:21:32.180+0000] {processor.py:830} INFO - Processing file /home/airflow/.local/lib/python3.8/site-packages/airflow/example_dags/example_sensors.py for tasks to queue
[2026-07-21T18:21:32.182+0000] {logging_mixin.py:188} INFO - [2026-07-21T18:21:32.182+0000] {dagbag.py:538} INFO - Filling up the DagBag from /home/airflow/.local/lib/python3.8/site-packages/airflow/example_dags/example_sensors.py
[2026-07-21T18:21:32.191+0000] {processor.py:840} INFO - DAG(s) 'example_sensors' retrieved from /home/airflow/.local/lib/python3.8/site-packages/airflow/example_dags/example_sensors.py
[2026-07-21T18:21:32.217+0000] {logging_mixin.py:188} INFO - [2026-07-21T18:21:32.216+0000] {dag.py:3036} INFO - Sync 1 DAGs
[2026-07-21T18:21:32.228+0000] {logging_mixin.py:188} INFO - [2026-07-21T18:21:32.228+0000] {dag.py:3823} INFO - Setting next_dagrun for example_sensors to None, run_after=None
[2026-07-21T18:21:32.247+0000] {processor.py:183} INFO - Processing /home/airflow/.local/lib/python3.8/site-packages/airflow/example_dags/example_sensors.py took 0.072 seconds
[2026-07-21T18:22:03.151+0000] {processor.py:161} INFO - Started process (PID=1537) to work on /home/airflow/.local/lib/python3.8/site-packages/airflow/example_dags/example_sensors.py
[2026-07-21T18:22:03.153+0000] {processor.py:830} INFO - Processing file /home/airflow/.local/lib/python3.8/site-packages/airflow/example_dags/example_sensors.py for tasks to queue
[2026-07-21T18:22:03.155+0000] {logging_mixin.py:188} INFO - [2026-07-21T18:22:03.154+0000] {dagbag.py:538} INFO - Filling up the DagBag from /home/airflow/.local/lib/python3.8/site-packages/airflow/example_dags/example_sensors.py
[2026-07-21T18:22:03.164+0000] {processor.py:840} INFO - DAG(s) 'example_sensors' retrieved from /home/airflow/.local/lib/python3.8/site-packages/airflow/example_dags/example_sensors.py
[2026-07-21T18:22:03.189+0000] {logging_mixin.py:188} INFO - [2026-07-21T18:22:03.189+0000] {dag.py:3036} INFO - Sync 1 DAGs
[2026-07-21T18:22:03.201+0000] {logging_mixin.py:188} INFO - [2026-07-21T18:22:03.201+0000] {dag.py:3823} INFO - Setting next_dagrun for example_sensors to None, run_after=None
[2026-07-21T18:22:03.386+0000] {processor.py:183} INFO - Processing /home/airflow/.local/lib/python3.8/site-packages/airflow/example_dags/example_sensors.py took 0.238 seconds
[2026-07-21T18:22:34.043+0000] {processor.py:161} INFO - Started process (PID=1593) to work on /home/airflow/.local/lib/python3.8/site-packages/airflow/example_dags/example_sensors.py
[2026-07-21T18:22:34.044+0000] {processor.py:830} INFO - Processing file /home/airflow/.local/lib/python3.8/site-packages/airflow/example_dags/example_sensors.py for tasks to queue
[2026-07-21T18:22:34.046+0000] {logging_mixin.py:188} INFO - [2026-07-21T18:22:34.045+0000] {dagbag.py:538} INFO - Filling up the DagBag from /home/airflow/.local/lib/python3.8/site-packages/airflow/example_dags/example_sensors.py
[2026-07-21T18:22:34.054+0000] {processor.py:840} INFO - DAG(s) 'example_sensors' retrieved from /home/airflow/.local/lib/python3.8/site-packages/airflow/example_dags/example_sensors.py
[2026-07-21T18:22:34.077+0000] {logging_mixin.py:188} INFO - [2026-07-21T18:22:34.076+0000] {dag.py:3036} INFO - Sync 1 DAGs
[2026-07-21T18:22:34.087+0000] {logging_mixin.py:188} INFO - [2026-07-21T18:22:34.087+0000] {dag.py:3823} INFO - Setting next_dagrun for example_sensors to None, run_after=None
[2026-07-21T18:22:34.112+0000] {processor.py:183} INFO - Processing /home/airflow/.local/lib/python3.8/site-packages/airflow/example_dags/example_sensors.py took 0.072 seconds
[2026-07-21T18:23:04.255+0000] {processor.py:161} INFO - Started process (PID=1649) to work on /home/airflow/.local/lib/python3.8/site-packages/airflow/example_dags/example_sensors.py
[2026-07-21T18:23:04.256+0000] {processor.py:830} INFO - Processing file /home/airflow/.local/lib/python3.8/site-packages/airflow/example_dags/example_sensors.py for tasks to queue
[2026-07-21T18:23:04.258+0000] {logging_mixin.py:188} INFO - [2026-07-21T18:23:04.258+0000] {dagbag.py:538} INFO - Filling up the DagBag from /home/airflow/.local/lib/python3.8/site-packages/airflow/example_dags/example_sensors.py
[2026-07-21T18:23:04.266+0000] {processor.py:840} INFO - DAG(s) 'example_sensors' retrieved from /home/airflow/.local/lib/python3.8/site-packages/airflow/example_dags/example_sensors.py
[2026-07-21T18:23:04.289+0000] {logging_mixin.py:188} INFO - [2026-07-21T18:23:04.289+0000] {dag.py:3036} INFO - Sync 1 DAGs
[2026-07-21T18:23:04.300+0000] {logging_mixin.py:188} INFO - [2026-07-21T18:23:04.300+0000] {dag.py:3823} INFO - Setting next_dagrun for example_sensors to None, run_after=None
[2026-07-21T18:23:04.319+0000] {processor.py:183} INFO - Processing /home/airflow/.local/lib/python3.8/site-packages/airflow/example_dags/example_sensors.py took 0.068 seconds
[2026-07-21T18:23:36.811+0000] {processor.py:161} INFO - Started process (PID=1705) to work on /home/airflow/.local/lib/python3.8/site-packages/airflow/example_dags/example_sensors.py
[2026-07-21T18:23:36.812+0000] {processor.py:830} INFO - Processing file /home/airflow/.local/lib/python3.8/site-packages/airflow/example_dags/example_sensors.py for tasks to queue
[2026-07-21T18:23:36.815+0000] {logging_mixin.py:188} INFO - [2026-07-21T18:23:36.814+0000] {dagbag.py:538} INFO - Filling up the DagBag from /home/airflow/.local/lib/python3.8/site-packages/airflow/example_dags/example_sensors.py
[2026-07-21T18:23:36.976+0000] {processor.py:840} INFO - DAG(s) 'example_sensors' retrieved from /home/airflow/.local/lib/python3.8/site-packages/airflow/example_dags/example_sensors.py
[2026-07-21T18:23:36.997+0000] {logging_mixin.py:188} INFO - [2026-07-21T18:23:36.996+0000] {dag.py:3036} INFO - Sync 1 DAGs
[2026-07-21T18:23:37.006+0000] {logging_mixin.py:188} INFO - [2026-07-21T18:23:37.006+0000] {dag.py:3823} INFO - Setting next_dagrun for example_sensors to None, run_after=None
[2026-07-21T18:23:37.028+0000] {processor.py:183} INFO - Processing /home/airflow/.local/lib/python3.8/site-packages/airflow/example_dags/example_sensors.py took 0.221 seconds
[2026-07-21T18:24:07.631+0000] {processor.py:161} INFO - Started process (PID=1761) to work on /home/airflow/.local/lib/python3.8/site-packages/airflow/example_dags/example_sensors.py
[2026-07-21T18:24:07.633+0000] {processor.py:830} INFO - Processing file /home/airflow/.local/lib/python3.8/site-packages/airflow/example_dags/example_sensors.py for tasks to queue
[2026-07-21T18:24:07.635+0000] {logging_mixin.py:188} INFO - [2026-07-21T18:24:07.635+0000] {dagbag.py:538} INFO - Filling up the DagBag from /home/airflow/.local/lib/python3.8/site-packages/airflow/example_dags/example_sensors.py
[2026-07-21T18:24:07.645+0000] {processor.py:840} INFO - DAG(s) 'example_sensors' retrieved from /home/airflow/.local/lib/python3.8/site-packages/airflow/example_dags/example_sensors.py
[2026-07-21T18:24:07.674+0000] {logging_mixin.py:188} INFO - [2026-07-21T18:24:07.674+0000] {dag.py:3036} INFO - Sync 1 DAGs
[2026-07-21T18:24:07.688+0000] {logging_mixin.py:188} INFO - [2026-07-21T18:24:07.688+0000] {dag.py:3823} INFO - Setting next_dagrun for example_sensors to None, run_after=None
[2026-07-21T18:24:07.711+0000] {processor.py:183} INFO - Processing /home/airflow/.local/lib/python3.8/site-packages/airflow/example_dags/example_sensors.py took 0.084 seconds
[2026-07-21T18:24:37.924+0000] {processor.py:161} INFO - Started process (PID=1817) to work on /home/airflow/.local/lib/python3.8/site-packages/airflow/example_dags/example_sensors.py
[2026-07-21T18:24:37.926+0000] {processor.py:830} INFO - Processing file /home/airflow/.local/lib/python3.8/site-packages/airflow/example_dags/example_sensors.py for tasks to queue
[2026-07-21T18:24:37.928+0000] {logging_mixin.py:188} INFO - [2026-07-21T18:24:37.928+0000] {dagbag.py:538} INFO - Filling up the DagBag from /home/airflow/.local/lib/python3.8/site-packages/airflow/example_dags/example_sensors.py
[2026-07-21T18:24:37.938+0000] {processor.py:840} INFO - DAG(s) 'example_sensors' retrieved from /home/airflow/.local/lib/python3.8/site-packages/airflow/example_dags/example_sensors.py
[2026-07-21T18:24:37.966+0000] {logging_mixin.py:188} INFO - [2026-07-21T18:24:37.965+0000] {dag.py:3036} INFO - Sync 1 DAGs
[2026-07-21T18:24:37.978+0000] {logging_mixin.py:188} INFO - [2026-07-21T18:24:37.978+0000] {dag.py:3823} INFO - Setting next_dagrun for example_sensors to None, run_after=None
[2026-07-21T18:24:37.998+0000] {processor.py:183} INFO - Processing /home/airflow/.local/lib/python3.8/site-packages/airflow/example_dags/example_sensors.py took 0.078 seconds
[2026-07-21T18:25:08.154+0000] {processor.py:161} INFO - Started process (PID=1873) to work on /home/airflow/.local/lib/python3.8/site-packages/airflow/example_dags/example_sensors.py
[2026-07-21T18:25:08.155+0000] {processor.py:830} INFO - Processing file /home/airflow/.local/lib/python3.8/site-packages/airflow/example_dags/example_sensors.py for tasks to queue
[2026-07-21T18:25:08.163+0000] {logging_mixin.py:188} INFO - [2026-07-21T18:25:08.163+0000] {dagbag.py:538} INFO - Filling up the DagBag from /home/airflow/.local/lib/python3.8/site-packages/airflow/example_dags/example_sensors.py
[2026-07-21T18:25:08.174+0000] {processor.py:840} INFO - DAG(s) 'example_sensors' retrieved from /home/airflow/.local/lib/python3.8/site-packages/airflow/example_dags/example_sensors.py
[2026-07-21T18:25:08.204+0000] {logging_mixin.py:188} INFO - [2026-07-21T18:25:08.203+0000] {dag.py:3036} INFO - Sync 1 DAGs
[2026-07-21T18:25:08.219+0000] {logging_mixin.py:188} INFO - [2026-07-21T18:25:08.219+0000] {dag.py:3823} INFO - Setting next_dagrun for example_sensors to None, run_after=None
[2026-07-21T18:25:08.242+0000] {processor.py:183} INFO - Processing /home/airflow/.local/lib/python3.8/site-packages/airflow/example_dags/example_sensors.py took 0.093 seconds
[2026-07-21T18:25:39.128+0000] {processor.py:161} INFO - Started process (PID=1929) to work on /home/airflow/.local/lib/python3.8/site-packages/airflow/example_dags/example_sensors.py
[2026-07-21T18:25:39.129+0000] {processor.py:830} INFO - Processing file /home/airflow/.local/lib/python3.8/site-packages/airflow/example_dags/example_sensors.py for tasks to queue
[2026-07-21T18:25:39.132+0000] {logging_mixin.py:188} INFO - [2026-07-21T18:25:39.131+0000] {dagbag.py:538} INFO - Filling up the DagBag from /home/airflow/.local/lib/python3.8/site-packages/airflow/example_dags/example_sensors.py
[2026-07-21T18:25:39.141+0000] {processor.py:840} INFO - DAG(s) 'example_sensors' retrieved from /home/airflow/.local/lib/python3.8/site-packages/airflow/example_dags/example_sensors.py
[2026-07-21T18:25:39.169+0000] {logging_mixin.py:188} INFO - [2026-07-21T18:25:39.169+0000] {dag.py:3036} INFO - Sync 1 DAGs
[2026-07-21T18:25:39.183+0000] {logging_mixin.py:188} INFO - [2026-07-21T18:25:39.182+0000] {dag.py:3823} INFO - Setting next_dagrun for example_sensors to None, run_after=None
[2026-07-21T18:25:39.204+0000] {processor.py:183} INFO - Processing /home/airflow/.local/lib/python3.8/site-packages/airflow/example_dags/example_sensors.py took 0.080 seconds
[2026-07-21T18:26:09.922+0000] {processor.py:161} INFO - Started process (PID=1985) to work on /home/airflow/.local/lib/python3.8/site-packages/airflow/example_dags/example_sensors.py
[2026-07-21T18:26:09.924+0000] {processor.py:830} INFO - Processing file /home/airflow/.local/lib/python3.8/site-packages/airflow/example_dags/example_sensors.py for tasks to queue
[2026-07-21T18:26:09.926+0000] {logging_mixin.py:188} INFO - [2026-07-21T18:26:09.926+0000] {dagbag.py:538} INFO - Filling up the DagBag from /home/airflow/.local/lib/python3.8/site-packages/airflow/example_dags/example_sensors.py
[2026-07-21T18:26:09.937+0000] {processor.py:840} INFO - DAG(s) 'example_sensors' retrieved from /home/airflow/.local/lib/python3.8/site-packages/airflow/example_dags/example_sensors.py
[2026-07-21T18:26:09.968+0000] {logging_mixin.py:188} INFO - [2026-07-21T18:26:09.968+0000] {dag.py:3036} INFO - Sync 1 DAGs
[2026-07-21T18:26:09.980+0000] {logging_mixin.py:188} INFO - [2026-07-21T18:26:09.980+0000] {dag.py:3823} INFO - Setting next_dagrun for example_sensors to None, run_after=None
[2026-07-21T18:26:10.003+0000] {processor.py:183} INFO - Processing /home/airflow/.local/lib/python3.8/site-packages/airflow/example_dags/example_sensors.py took 0.085 seconds
[2026-07-21T18:26:40.412+0000] {processor.py:161} INFO - Started process (PID=2041) to work on /home/airflow/.local/lib/python3.8/site-packages/airflow/example_dags/example_sensors.py
[2026-07-21T18:26:40.413+0000] {processor.py:830} INFO - Processing file /home/airflow/.local/lib/python3.8/site-packages/airflow/example_dags/example_sensors.py for tasks to queue
[2026-07-21T18:26:40.415+0000] {logging_mixin.py:188} INFO - [2026-07-21T18:26:40.415+0000] {dagbag.py:538} INFO - Filling up the DagBag from /home/airflow/.local/lib/python3.8/site-packages/airflow/example_dags/example_sensors.py
[2026-07-21T18:26:40.425+0000] {processor.py:840} INFO - DAG(s) 'example_sensors' retrieved from /home/airflow/.local/lib/python3.8/site-packages/airflow/example_dags/example_sensors.py
[2026-07-21T18:26:40.452+0000] {logging_mixin.py:188} INFO - [2026-07-21T18:26:40.451+0000] {dag.py:3036} INFO - Sync 1 DAGs
[2026-07-21T18:26:40.464+0000] {logging_mixin.py:188} INFO - [2026-07-21T18:26:40.463+0000] {dag.py:3823} INFO - Setting next_dagrun for example_sensors to None, run_after=None
[2026-07-21T18:26:40.485+0000] {processor.py:183} INFO - Processing /home/airflow/.local/lib/python3.8/site-packages/airflow/example_dags/example_sensors.py took 0.076 seconds
[2026-07-21T18:27:11.106+0000] {processor.py:161} INFO - Started process (PID=2097) to work on /home/airflow/.local/lib/python3.8/site-packages/airflow/example_dags/example_sensors.py
[2026-07-21T18:27:11.108+0000] {processor.py:830} INFO - Processing file /home/airflow/.local/lib/python3.8/site-packages/airflow/example_dags/example_sensors.py for tasks to queue
[2026-07-21T18:27:11.110+0000] {logging_mixin.py:188} INFO - [2026-07-21T18:27:11.110+0000] {dagbag.py:538} INFO - Filling up the DagBag from /home/airflow/.local/lib/python3.8/site-packages/airflow/example_dags/example_sensors.py
[2026-07-21T18:27:11.119+0000] {processor.py:840} INFO - DAG(s) 'example_sensors' retrieved from /home/airflow/.local/lib/python3.8/site-packages/airflow/example_dags/example_sensors.py
[2026-07-21T18:27:11.145+0000] {logging_mixin.py:188} INFO - [2026-07-21T18:27:11.144+0000] {dag.py:3036} INFO - Sync 1 DAGs
[2026-07-21T18:27:11.157+0000] {logging_mixin.py:188} INFO - [2026-07-21T18:27:11.157+0000] {dag.py:3823} INFO - Setting next_dagrun for example_sensors to None, run_after=None
[2026-07-21T18:27:11.176+0000] {processor.py:183} INFO - Processing /home/airflow/.local/lib/python3.8/site-packages/airflow/example_dags/example_sensors.py took 0.073 seconds
[2026-07-21T18:27:41.754+0000] {processor.py:161} INFO - Started process (PID=2153) to work on /home/airflow/.local/lib/python3.8/site-packages/airflow/example_dags/example_sensors.py
[2026-07-21T18:27:41.755+0000] {processor.py:830} INFO - Processing file /home/airflow/.local/lib/python3.8/site-packages/airflow/example_dags/example_sensors.py for tasks to queue
[2026-07-21T18:27:41.757+0000] {logging_mixin.py:188} INFO - [2026-07-21T18:27:41.757+0000] {dagbag.py:538} INFO - Filling up the DagBag from /home/airflow/.local/lib/python3.8/site-packages/airflow/example_dags/example_sensors.py
[2026-07-21T18:27:41.768+0000] {processor.py:840} INFO - DAG(s) 'example_sensors' retrieved from /home/airflow/.local/lib/python3.8/site-packages/airflow/example_dags/example_sensors.py
[2026-07-21T18:27:41.797+0000] {logging_mixin.py:188} INFO - [2026-07-21T18:27:41.797+0000] {dag.py:3036} INFO - Sync 1 DAGs
[2026-07-21T18:27:41.810+0000] {logging_mixin.py:188} INFO - [2026-07-21T18:27:41.809+0000] {dag.py:3823} INFO - Setting next_dagrun for example_sensors to None, run_after=None
[2026-07-21T18:27:41.832+0000] {processor.py:183} INFO - Processing /home/airflow/.local/lib/python3.8/site-packages/airflow/example_dags/example_sensors.py took 0.082 seconds
[2026-07-21T18:28:12.109+0000] {processor.py:161} INFO - Started process (PID=2209) to work on /home/airflow/.local/lib/python3.8/site-packages/airflow/example_dags/example_sensors.py
[2026-07-21T18:28:12.111+0000] {processor.py:830} INFO - Processing file /home/airflow/.local/lib/python3.8/site-packages/airflow/example_dags/example_sensors.py for tasks to queue
[2026-07-21T18:28:12.112+0000] {logging_mixin.py:188} INFO - [2026-07-21T18:28:12.112+0000] {dagbag.py:538} INFO - Filling up the DagBag from /home/airflow/.local/lib/python3.8/site-packages/airflow/example_dags/example_sensors.py
[2026-07-21T18:28:12.121+0000] {processor.py:840} INFO - DAG(s) 'example_sensors' retrieved from /home/airflow/.local/lib/python3.8/site-packages/airflow/example_dags/example_sensors.py
[2026-07-21T18:28:12.145+0000] {logging_mixin.py:188} INFO - [2026-07-21T18:28:12.145+0000] {dag.py:3036} INFO - Sync 1 DAGs
[2026-07-21T18:28:12.156+0000] {logging_mixin.py:188} INFO - [2026-07-21T18:28:12.156+0000] {dag.py:3823} INFO - Setting next_dagrun for example_sensors to None, run_after=None
[2026-07-21T18:28:12.173+0000] {processor.py:183} INFO - Processing /home/airflow/.local/lib/python3.8/site-packages/airflow/example_dags/example_sensors.py took 0.068 seconds
[2026-07-21T18:28:42.422+0000] {processor.py:161} INFO - Started process (PID=2265) to work on /home/airflow/.local/lib/python3.8/site-packages/airflow/example_dags/example_sensors.py
[2026-07-21T18:28:42.423+0000] {processor.py:830} INFO - Processing file /home/airflow/.local/lib/python3.8/site-packages/airflow/example_dags/example_sensors.py for tasks to queue
[2026-07-21T18:28:42.426+0000] {logging_mixin.py:188} INFO - [2026-07-21T18:28:42.425+0000] {dagbag.py:538} INFO - Filling up the DagBag from /home/airflow/.local/lib/python3.8/site-packages/airflow/example_dags/example_sensors.py
[2026-07-21T18:28:42.436+0000] {processor.py:840} INFO - DAG(s) 'example_sensors' retrieved from /home/airflow/.local/lib/python3.8/site-packages/airflow/example_dags/example_sensors.py
[2026-07-21T18:28:42.464+0000] {logging_mixin.py:188} INFO - [2026-07-21T18:28:42.464+0000] {dag.py:3036} INFO - Sync 1 DAGs
[2026-07-21T18:28:42.476+0000] {logging_mixin.py:188} INFO - [2026-07-21T18:28:42.476+0000] {dag.py:3823} INFO - Setting next_dagrun for example_sensors to None, run_after=None
[2026-07-21T18:28:42.495+0000] {processor.py:183} INFO - Processing /home/airflow/.local/lib/python3.8/site-packages/airflow/example_dags/example_sensors.py took 0.078 seconds
[2026-07-21T18:29:12.877+0000] {processor.py:161} INFO - Started process (PID=2321) to work on /home/airflow/.local/lib/python3.8/site-packages/airflow/example_dags/example_sensors.py
[2026-07-21T18:29:12.878+0000] {processor.py:830} INFO - Processing file /home/airflow/.local/lib/python3.8/site-packages/airflow/example_dags/example_sensors.py for tasks to queue
[2026-07-21T18:29:12.880+0000] {logging_mixin.py:188} INFO - [2026-07-21T18:29:12.880+0000] {dagbag.py:538} INFO - Filling up the DagBag from /home/airflow/.local/lib/python3.8/site-packages/airflow/example_dags/example_sensors.py
[2026-07-21T18:29:12.889+0000] {processor.py:840} INFO - DAG(s) 'example_sensors' retrieved from /home/airflow/.local/lib/python3.8/site-packages/airflow/example_dags/example_sensors.py
[2026-07-21T18:29:12.913+0000] {logging_mixin.py:188} INFO - [2026-07-21T18:29:12.913+0000] {dag.py:3036} INFO - Sync 1 DAGs
[2026-07-21T18:29:12.925+0000] {logging_mixin.py:188} INFO - [2026-07-21T18:29:12.924+0000] {dag.py:3823} INFO - Setting next_dagrun for example_sensors to None, run_after=None
[2026-07-21T18:29:12.942+0000] {processor.py:183} INFO - Processing /home/airflow/.local/lib/python3.8/site-packages/airflow/example_dags/example_sensors.py took 0.069 seconds
[2026-07-21T18:29:43.439+0000] {processor.py:161} INFO - Started process (PID=2377) to work on /home/airflow/.local/lib/python3.8/site-packages/airflow/example_dags/example_sensors.py
[2026-07-21T18:29:43.440+0000] {processor.py:830} INFO - Processing file /home/airflow/.local/lib/python3.8/site-packages/airflow/example_dags/example_sensors.py for tasks to queue
[2026-07-21T18:29:43.443+0000] {logging_mixin.py:188} INFO - [2026-07-21T18:29:43.442+0000] {dagbag.py:538} INFO - Filling up the DagBag from /home/airflow/.local/lib/python3.8/site-packages/airflow/example_dags/example_sensors.py
[2026-07-21T18:29:43.453+0000] {processor.py:840} INFO - DAG(s) 'example_sensors' retrieved from /home/airflow/.local/lib/python3.8/site-packages/airflow/example_dags/example_sensors.py
[2026-07-21T18:29:43.480+0000] {logging_mixin.py:188} INFO - [2026-07-21T18:29:43.480+0000] {dag.py:3036} INFO - Sync 1 DAGs
[2026-07-21T18:29:43.493+0000] {logging_mixin.py:188} INFO - [2026-07-21T18:29:43.493+0000] {dag.py:3823} INFO - Setting next_dagrun for example_sensors to None, run_after=None
[2026-07-21T18:29:43.513+0000] {processor.py:183} INFO - Processing /home/airflow/.local/lib/python3.8/site-packages/airflow/example_dags/example_sensors.py took 0.078 seconds
[2026-07-21T18:30:13.816+0000] {processor.py:161} INFO - Started process (PID=2433) to work on /home/airflow/.local/lib/python3.8/site-packages/airflow/example_dags/example_sensors.py
[2026-07-21T18:30:13.817+0000] {processor.py:830} INFO - Processing file /home/airflow/.local/lib/python3.8/site-packages/airflow/example_dags/example_sensors.py for tasks to queue
[2026-07-21T18:30:13.819+0000] {logging_mixin.py:188} INFO - [2026-07-21T18:30:13.819+0000] {dagbag.py:538} INFO - Filling up the DagBag from /home/airflow/.local/lib/python3.8/site-packages/airflow/example_dags/example_sensors.py
[2026-07-21T18:30:13.828+0000] {processor.py:840} INFO - DAG(s) 'example_sensors' retrieved from /home/airflow/.local/lib/python3.8/site-packages/airflow/example_dags/example_sensors.py
[2026-07-21T18:30:13.853+0000] {logging_mixin.py:188} INFO - [2026-07-21T18:30:13.853+0000] {dag.py:3036} INFO - Sync 1 DAGs
[2026-07-21T18:30:13.864+0000] {logging_mixin.py:188} INFO - [2026-07-21T18:30:13.864+0000] {dag.py:3823} INFO - Setting next_dagrun for example_sensors to None, run_after=None
[2026-07-21T18:30:13.884+0000] {processor.py:183} INFO - Processing /home/airflow/.local/lib/python3.8/site-packages/airflow/example_dags/example_sensors.py took 0.071 seconds
[2026-07-21T18:30:44.194+0000] {processor.py:161} INFO - Started process (PID=2489) to work on /home/airflow/.local/lib/python3.8/site-packages/airflow/example_dags/example_sensors.py
[2026-07-21T18:30:44.195+0000] {processor.py:830} INFO - Processing file /home/airflow/.local/lib/python3.8/site-packages/airflow/example_dags/example_sensors.py for tasks to queue
[2026-07-21T18:30:44.197+0000] {logging_mixin.py:188} INFO - [2026-07-21T18:30:44.196+0000] {dagbag.py:538} INFO - Filling up the DagBag from /home/airflow/.local/lib/python3.8/site-packages/airflow/example_dags/example_sensors.py
[2026-07-21T18:30:44.206+0000] {processor.py:840} INFO - DAG(s) 'example_sensors' retrieved from /home/airflow/.local/lib/python3.8/site-packages/airflow/example_dags/example_sensors.py
[2026-07-21T18:30:44.232+0000] {logging_mixin.py:188} INFO - [2026-07-21T18:30:44.232+0000] {dag.py:3036} INFO - Sync 1 DAGs
[2026-07-21T18:30:44.246+0000] {logging_mixin.py:188} INFO - [2026-07-21T18:30:44.246+0000] {dag.py:3823} INFO - Setting next_dagrun for example_sensors to None, run_after=None
[2026-07-21T18:30:44.266+0000] {processor.py:183} INFO - Processing /home/airflow/.local/lib/python3.8/site-packages/airflow/example_dags/example_sensors.py took 0.076 seconds
[2026-07-21T18:31:14.654+0000] {processor.py:161} INFO - Started process (PID=2545) to work on /home/airflow/.local/lib/python3.8/site-packages/airflow/example_dags/example_sensors.py
[2026-07-21T18:31:14.655+0000] {processor.py:830} INFO - Processing file /home/airflow/.local/lib/python3.8/site-packages/airflow/example_dags/example_sensors.py for tasks to queue
[2026-07-21T18:31:14.657+0000] {logging_mixin.py:188} INFO - [2026-07-21T18:31:14.656+0000] {dagbag.py:538} INFO - Filling up the DagBag from /home/airflow/.local/lib/python3.8/site-packages/airflow/example_dags/example_sensors.py
[2026-07-21T18:31:14.667+0000] {processor.py:840} INFO - DAG(s) 'example_sensors' retrieved from /home/airflow/.local/lib/python3.8/site-packages/airflow/example_dags/example_sensors.py
[2026-07-21T18:31:14.695+0000] {logging_mixin.py:188} INFO - [2026-07-21T18:31:14.695+0000] {dag.py:3036} INFO - Sync 1 DAGs
[2026-07-21T18:31:14.707+0000] {logging_mixin.py:188} INFO - [2026-07-21T18:31:14.707+0000] {dag.py:3823} INFO - Setting next_dagrun for example_sensors to None, run_after=None
[2026-07-21T18:31:14.729+0000] {processor.py:183} INFO - Processing /home/airflow/.local/lib/python3.8/site-packages/airflow/example_dags/example_sensors.py took 0.079 seconds
[2026-07-21T18:34:16.141+0000] {processor.py:161} INFO - Started process (PID=98) to work on /home/airflow/.local/lib/python3.10/site-packages/airflow/example_dags/example_sensors.py
[2026-07-21T18:34:16.143+0000] {processor.py:830} INFO - Processing file /home/airflow/.local/lib/python3.10/site-packages/airflow/example_dags/example_sensors.py for tasks to queue
[2026-07-21T18:34:16.147+0000] {logging_mixin.py:188} INFO - [2026-07-21T18:34:16.147+0000] {dagbag.py:538} INFO - Filling up the DagBag from /home/airflow/.local/lib/python3.10/site-packages/airflow/example_dags/example_sensors.py
[2026-07-21T18:34:16.166+0000] {processor.py:840} INFO - DAG(s) 'example_sensors' retrieved from /home/airflow/.local/lib/python3.10/site-packages/airflow/example_dags/example_sensors.py
[2026-07-21T18:34:16.320+0000] {logging_mixin.py:188} INFO - [2026-07-21T18:34:16.319+0000] {dag.py:3036} INFO - Sync 1 DAGs
[2026-07-21T18:34:16.336+0000] {logging_mixin.py:188} INFO - [2026-07-21T18:34:16.336+0000] {dag.py:3823} INFO - Setting next_dagrun for example_sensors to None, run_after=None
[2026-07-21T18:34:16.371+0000] {processor.py:183} INFO - Processing /home/airflow/.local/lib/python3.10/site-packages/airflow/example_dags/example_sensors.py took 0.237 seconds
[2026-07-21T18:34:47.019+0000] {processor.py:161} INFO - Started process (PID=154) to work on /home/airflow/.local/lib/python3.10/site-packages/airflow/example_dags/example_sensors.py
[2026-07-21T18:34:47.020+0000] {processor.py:830} INFO - Processing file /home/airflow/.local/lib/python3.10/site-packages/airflow/example_dags/example_sensors.py for tasks to queue
[2026-07-21T18:34:47.022+0000] {logging_mixin.py:188} INFO - [2026-07-21T18:34:47.022+0000] {dagbag.py:538} INFO - Filling up the DagBag from /home/airflow/.local/lib/python3.10/site-packages/airflow/example_dags/example_sensors.py
[2026-07-21T18:34:47.031+0000] {processor.py:840} INFO - DAG(s) 'example_sensors' retrieved from /home/airflow/.local/lib/python3.10/site-packages/airflow/example_dags/example_sensors.py
[2026-07-21T18:34:47.055+0000] {logging_mixin.py:188} INFO - [2026-07-21T18:34:47.055+0000] {dag.py:3036} INFO - Sync 1 DAGs
[2026-07-21T18:34:47.066+0000] {logging_mixin.py:188} INFO - [2026-07-21T18:34:47.066+0000] {dag.py:3823} INFO - Setting next_dagrun for example_sensors to None, run_after=None
[2026-07-21T18:34:47.083+0000] {processor.py:183} INFO - Processing /home/airflow/.local/lib/python3.10/site-packages/airflow/example_dags/example_sensors.py took 0.069 seconds
[2026-07-21T18:35:17.849+0000] {processor.py:161} INFO - Started process (PID=210) to work on /home/airflow/.local/lib/python3.10/site-packages/airflow/example_dags/example_sensors.py
[2026-07-21T18:35:17.851+0000] {processor.py:830} INFO - Processing file /home/airflow/.local/lib/python3.10/site-packages/airflow/example_dags/example_sensors.py for tasks to queue
[2026-07-21T18:35:17.853+0000] {logging_mixin.py:188} INFO - [2026-07-21T18:35:17.853+0000] {dagbag.py:538} INFO - Filling up the DagBag from /home/airflow/.local/lib/python3.10/site-packages/airflow/example_dags/example_sensors.py
[2026-07-21T18:35:17.862+0000] {processor.py:840} INFO - DAG(s) 'example_sensors' retrieved from /home/airflow/.local/lib/python3.10/site-packages/airflow/example_dags/example_sensors.py
[2026-07-21T18:35:17.887+0000] {logging_mixin.py:188} INFO - [2026-07-21T18:35:17.887+0000] {dag.py:3036} INFO - Sync 1 DAGs
[2026-07-21T18:35:17.897+0000] {logging_mixin.py:188} INFO - [2026-07-21T18:35:17.897+0000] {dag.py:3823} INFO - Setting next_dagrun for example_sensors to None, run_after=None
[2026-07-21T18:35:17.917+0000] {processor.py:183} INFO - Processing /home/airflow/.local/lib/python3.10/site-packages/airflow/example_dags/example_sensors.py took 0.071 seconds
[2026-07-21T18:35:48.331+0000] {processor.py:161} INFO - Started process (PID=266) to work on /home/airflow/.local/lib/python3.10/site-packages/airflow/example_dags/example_sensors.py
[2026-07-21T18:35:48.332+0000] {processor.py:830} INFO - Processing file /home/airflow/.local/lib/python3.10/site-packages/airflow/example_dags/example_sensors.py for tasks to queue
[2026-07-21T18:35:48.334+0000] {logging_mixin.py:188} INFO - [2026-07-21T18:35:48.334+0000] {dagbag.py:538} INFO - Filling up the DagBag from /home/airflow/.local/lib/python3.10/site-packages/airflow/example_dags/example_sensors.py
[2026-07-21T18:35:48.344+0000] {processor.py:840} INFO - DAG(s) 'example_sensors' retrieved from /home/airflow/.local/lib/python3.10/site-packages/airflow/example_dags/example_sensors.py
[2026-07-21T18:35:48.371+0000] {logging_mixin.py:188} INFO - [2026-07-21T18:35:48.370+0000] {dag.py:3036} INFO - Sync 1 DAGs
[2026-07-21T18:35:48.382+0000] {logging_mixin.py:188} INFO - [2026-07-21T18:35:48.382+0000] {dag.py:3823} INFO - Setting next_dagrun for example_sensors to None, run_after=None
[2026-07-21T18:35:48.403+0000] {processor.py:183} INFO - Processing /home/airflow/.local/lib/python3.10/site-packages/airflow/example_dags/example_sensors.py took 0.076 seconds
[2026-07-21T18:36:18.583+0000] {processor.py:161} INFO - Started process (PID=322) to work on /home/airflow/.local/lib/python3.10/site-packages/airflow/example_dags/example_sensors.py
[2026-07-21T18:36:18.584+0000] {processor.py:830} INFO - Processing file /home/airflow/.local/lib/python3.10/site-packages/airflow/example_dags/example_sensors.py for tasks to queue
[2026-07-21T18:36:18.587+0000] {logging_mixin.py:188} INFO - [2026-07-21T18:36:18.586+0000] {dagbag.py:538} INFO - Filling up the DagBag from /home/airflow/.local/lib/python3.10/site-packages/airflow/example_dags/example_sensors.py
[2026-07-21T18:36:18.596+0000] {processor.py:840} INFO - DAG(s) 'example_sensors' retrieved from /home/airflow/.local/lib/python3.10/site-packages/airflow/example_dags/example_sensors.py
[2026-07-21T18:36:18.621+0000] {logging_mixin.py:188} INFO - [2026-07-21T18:36:18.621+0000] {dag.py:3036} INFO - Sync 1 DAGs
[2026-07-21T18:36:18.632+0000] {logging_mixin.py:188} INFO - [2026-07-21T18:36:18.632+0000] {dag.py:3823} INFO - Setting next_dagrun for example_sensors to None, run_after=None
[2026-07-21T18:36:18.649+0000] {processor.py:183} INFO - Processing /home/airflow/.local/lib/python3.10/site-packages/airflow/example_dags/example_sensors.py took 0.070 seconds
[2026-07-21T18:36:48.895+0000] {processor.py:161} INFO - Started process (PID=378) to work on /home/airflow/.local/lib/python3.10/site-packages/airflow/example_dags/example_sensors.py
[2026-07-21T18:36:48.896+0000] {processor.py:830} INFO - Processing file /home/airflow/.local/lib/python3.10/site-packages/airflow/example_dags/example_sensors.py for tasks to queue
[2026-07-21T18:36:48.898+0000] {logging_mixin.py:188} INFO - [2026-07-21T18:36:48.898+0000] {dagbag.py:538} INFO - Filling up the DagBag from /home/airflow/.local/lib/python3.10/site-packages/airflow/example_dags/example_sensors.py
[2026-07-21T18:36:48.907+0000] {processor.py:840} INFO - DAG(s) 'example_sensors' retrieved from /home/airflow/.local/lib/python3.10/site-packages/airflow/example_dags/example_sensors.py
[2026-07-21T18:36:48.932+0000] {logging_mixin.py:188} INFO - [2026-07-21T18:36:48.932+0000] {dag.py:3036} INFO - Sync 1 DAGs
[2026-07-21T18:36:48.944+0000] {logging_mixin.py:188} INFO - [2026-07-21T18:36:48.944+0000] {dag.py:3823} INFO - Setting next_dagrun for example_sensors to None, run_after=None
[2026-07-21T18:36:48.963+0000] {processor.py:183} INFO - Processing /home/airflow/.local/lib/python3.10/site-packages/airflow/example_dags/example_sensors.py took 0.072 seconds
[2026-07-21T18:37:19.253+0000] {processor.py:161} INFO - Started process (PID=434) to work on /home/airflow/.local/lib/python3.10/site-packages/airflow/example_dags/example_sensors.py
[2026-07-21T18:37:19.255+0000] {processor.py:830} INFO - Processing file /home/airflow/.local/lib/python3.10/site-packages/airflow/example_dags/example_sensors.py for tasks to queue
[2026-07-21T18:37:19.257+0000] {logging_mixin.py:188} INFO - [2026-07-21T18:37:19.257+0000] {dagbag.py:538} INFO - Filling up the DagBag from /home/airflow/.local/lib/python3.10/site-packages/airflow/example_dags/example_sensors.py
[2026-07-21T18:37:19.266+0000] {processor.py:840} INFO - DAG(s) 'example_sensors' retrieved from /home/airflow/.local/lib/python3.10/site-packages/airflow/example_dags/example_sensors.py
[2026-07-21T18:37:19.291+0000] {logging_mixin.py:188} INFO - [2026-07-21T18:37:19.290+0000] {dag.py:3036} INFO - Sync 1 DAGs
[2026-07-21T18:37:19.304+0000] {logging_mixin.py:188} INFO - [2026-07-21T18:37:19.303+0000] {dag.py:3823} INFO - Setting next_dagrun for example_sensors to None, run_after=None
[2026-07-21T18:37:19.332+0000] {processor.py:183} INFO - Processing /home/airflow/.local/lib/python3.10/site-packages/airflow/example_dags/example_sensors.py took 0.083 seconds
[2026-07-21T18:37:49.457+0000] {processor.py:161} INFO - Started process (PID=490) to work on /home/airflow/.local/lib/python3.10/site-packages/airflow/example_dags/example_sensors.py
[2026-07-21T18:37:49.458+0000] {processor.py:830} INFO - Processing file /home/airflow/.local/lib/python3.10/site-packages/airflow/example_dags/example_sensors.py for tasks to queue
[2026-07-21T18:37:49.460+0000] {logging_mixin.py:188} INFO - [2026-07-21T18:37:49.459+0000] {dagbag.py:538} INFO - Filling up the DagBag from /home/airflow/.local/lib/python3.10/site-packages/airflow/example_dags/example_sensors.py
[2026-07-21T18:37:49.469+0000] {processor.py:840} INFO - DAG(s) 'example_sensors' retrieved from /home/airflow/.local/lib/python3.10/site-packages/airflow/example_dags/example_sensors.py
[2026-07-21T18:37:49.493+0000] {logging_mixin.py:188} INFO - [2026-07-21T18:37:49.493+0000] {dag.py:3036} INFO - Sync 1 DAGs
[2026-07-21T18:37:49.503+0000] {logging_mixin.py:188} INFO - [2026-07-21T18:37:49.503+0000] {dag.py:3823} INFO - Setting next_dagrun for example_sensors to None, run_after=None
[2026-07-21T18:37:49.520+0000] {processor.py:183} INFO - Processing /home/airflow/.local/lib/python3.10/site-packages/airflow/example_dags/example_sensors.py took 0.067 seconds
[2026-07-21T18:38:20.110+0000] {processor.py:161} INFO - Started process (PID=546) to work on /home/airflow/.local/lib/python3.10/site-packages/airflow/example_dags/example_sensors.py
[2026-07-21T18:38:20.112+0000] {processor.py:830} INFO - Processing file /home/airflow/.local/lib/python3.10/site-packages/airflow/example_dags/example_sensors.py for tasks to queue
[2026-07-21T18:38:20.115+0000] {logging_mixin.py:188} INFO - [2026-07-21T18:38:20.114+0000] {dagbag.py:538} INFO - Filling up the DagBag from /home/airflow/.local/lib/python3.10/site-packages/airflow/example_dags/example_sensors.py
[2026-07-21T18:38:20.133+0000] {processor.py:840} INFO - DAG(s) 'example_sensors' retrieved from /home/airflow/.local/lib/python3.10/site-packages/airflow/example_dags/example_sensors.py
[2026-07-21T18:38:20.170+0000] {logging_mixin.py:188} INFO - [2026-07-21T18:38:20.170+0000] {dag.py:3036} INFO - Sync 1 DAGs
[2026-07-21T18:38:20.189+0000] {logging_mixin.py:188} INFO - [2026-07-21T18:38:20.188+0000] {dag.py:3823} INFO - Setting next_dagrun for example_sensors to None, run_after=None
[2026-07-21T18:38:20.218+0000] {processor.py:183} INFO - Processing /home/airflow/.local/lib/python3.10/site-packages/airflow/example_dags/example_sensors.py took 0.113 seconds
[2026-07-21T18:38:50.452+0000] {processor.py:161} INFO - Started process (PID=602) to work on /home/airflow/.local/lib/python3.10/site-packages/airflow/example_dags/example_sensors.py
[2026-07-21T18:38:50.453+0000] {processor.py:830} INFO - Processing file /home/airflow/.local/lib/python3.10/site-packages/airflow/example_dags/example_sensors.py for tasks to queue
[2026-07-21T18:38:50.455+0000] {logging_mixin.py:188} INFO - [2026-07-21T18:38:50.454+0000] {dagbag.py:538} INFO - Filling up the DagBag from /home/airflow/.local/lib/python3.10/site-packages/airflow/example_dags/example_sensors.py
[2026-07-21T18:38:50.464+0000] {processor.py:840} INFO - DAG(s) 'example_sensors' retrieved from /home/airflow/.local/lib/python3.10/site-packages/airflow/example_dags/example_sensors.py
[2026-07-21T18:38:50.489+0000] {logging_mixin.py:188} INFO - [2026-07-21T18:38:50.489+0000] {dag.py:3036} INFO - Sync 1 DAGs
[2026-07-21T18:38:50.501+0000] {logging_mixin.py:188} INFO - [2026-07-21T18:38:50.501+0000] {dag.py:3823} INFO - Setting next_dagrun for example_sensors to None, run_after=None
[2026-07-21T18:38:50.525+0000] {processor.py:183} INFO - Processing /home/airflow/.local/lib/python3.10/site-packages/airflow/example_dags/example_sensors.py took 0.077 seconds
[2026-07-21T18:39:20.693+0000] {processor.py:161} INFO - Started process (PID=658) to work on /home/airflow/.local/lib/python3.10/site-packages/airflow/example_dags/example_sensors.py
[2026-07-21T18:39:20.694+0000] {processor.py:830} INFO - Processing file /home/airflow/.local/lib/python3.10/site-packages/airflow/example_dags/example_sensors.py for tasks to queue
[2026-07-21T18:39:20.696+0000] {logging_mixin.py:188} INFO - [2026-07-21T18:39:20.696+0000] {dagbag.py:538} INFO - Filling up the DagBag from /home/airflow/.local/lib/python3.10/site-packages/airflow/example_dags/example_sensors.py
[2026-07-21T18:39:20.705+0000] {processor.py:840} INFO - DAG(s) 'example_sensors' retrieved from /home/airflow/.local/lib/python3.10/site-packages/airflow/example_dags/example_sensors.py
[2026-07-21T18:39:20.729+0000] {logging_mixin.py:188} INFO - [2026-07-21T18:39:20.728+0000] {dag.py:3036} INFO - Sync 1 DAGs
[2026-07-21T18:39:20.739+0000] {logging_mixin.py:188} INFO - [2026-07-21T18:39:20.739+0000] {dag.py:3823} INFO - Setting next_dagrun for example_sensors to None, run_after=None
[2026-07-21T18:39:20.758+0000] {processor.py:183} INFO - Processing /home/airflow/.local/lib/python3.10/site-packages/airflow/example_dags/example_sensors.py took 0.069 seconds
[2026-07-21T18:39:50.829+0000] {processor.py:161} INFO - Started process (PID=714) to work on /home/airflow/.local/lib/python3.10/site-packages/airflow/example_dags/example_sensors.py
[2026-07-21T18:39:50.830+0000] {processor.py:830} INFO - Processing file /home/airflow/.local/lib/python3.10/site-packages/airflow/example_dags/example_sensors.py for tasks to queue
[2026-07-21T18:39:50.832+0000] {logging_mixin.py:188} INFO - [2026-07-21T18:39:50.832+0000] {dagbag.py:538} INFO - Filling up the DagBag from /home/airflow/.local/lib/python3.10/site-packages/airflow/example_dags/example_sensors.py
[2026-07-21T18:39:50.841+0000] {processor.py:840} INFO - DAG(s) 'example_sensors' retrieved from /home/airflow/.local/lib/python3.10/site-packages/airflow/example_dags/example_sensors.py
[2026-07-21T18:39:50.864+0000] {logging_mixin.py:188} INFO - [2026-07-21T18:39:50.864+0000] {dag.py:3036} INFO - Sync 1 DAGs
[2026-07-21T18:39:50.875+0000] {logging_mixin.py:188} INFO - [2026-07-21T18:39:50.875+0000] {dag.py:3823} INFO - Setting next_dagrun for example_sensors to None, run_after=None
[2026-07-21T18:39:50.892+0000] {processor.py:183} INFO - Processing /home/airflow/.local/lib/python3.10/site-packages/airflow/example_dags/example_sensors.py took 0.067 seconds
[2026-07-21T18:40:21.425+0000] {processor.py:161} INFO - Started process (PID=770) to work on /home/airflow/.local/lib/python3.10/site-packages/airflow/example_dags/example_sensors.py
[2026-07-21T18:40:21.426+0000] {processor.py:830} INFO - Processing file /home/airflow/.local/lib/python3.10/site-packages/airflow/example_dags/example_sensors.py for tasks to queue
[2026-07-21T18:40:21.428+0000] {logging_mixin.py:188} INFO - [2026-07-21T18:40:21.428+0000] {dagbag.py:538} INFO - Filling up the DagBag from /home/airflow/.local/lib/python3.10/site-packages/airflow/example_dags/example_sensors.py
[2026-07-21T18:40:21.437+0000] {processor.py:840} INFO - DAG(s) 'example_sensors' retrieved from /home/airflow/.local/lib/python3.10/site-packages/airflow/example_dags/example_sensors.py
[2026-07-21T18:40:21.461+0000] {logging_mixin.py:188} INFO - [2026-07-21T18:40:21.461+0000] {dag.py:3036} INFO - Sync 1 DAGs
[2026-07-21T18:40:21.471+0000] {logging_mixin.py:188} INFO - [2026-07-21T18:40:21.471+0000] {dag.py:3823} INFO - Setting next_dagrun for example_sensors to None, run_after=None
[2026-07-21T18:40:21.487+0000] {processor.py:183} INFO - Processing /home/airflow/.local/lib/python3.10/site-packages/airflow/example_dags/example_sensors.py took 0.067 seconds
[2026-07-21T18:40:51.903+0000] {processor.py:161} INFO - Started process (PID=826) to work on /home/airflow/.local/lib/python3.10/site-packages/airflow/example_dags/example_sensors.py
[2026-07-21T18:40:51.904+0000] {processor.py:830} INFO - Processing file /home/airflow/.local/lib/python3.10/site-packages/airflow/example_dags/example_sensors.py for tasks to queue
[2026-07-21T18:40:51.906+0000] {logging_mixin.py:188} INFO - [2026-07-21T18:40:51.906+0000] {dagbag.py:538} INFO - Filling up the DagBag from /home/airflow/.local/lib/python3.10/site-packages/airflow/example_dags/example_sensors.py
[2026-07-21T18:40:51.915+0000] {processor.py:840} INFO - DAG(s) 'example_sensors' retrieved from /home/airflow/.local/lib/python3.10/site-packages/airflow/example_dags/example_sensors.py
[2026-07-21T18:40:51.938+0000] {logging_mixin.py:188} INFO - [2026-07-21T18:40:51.938+0000] {dag.py:3036} INFO - Sync 1 DAGs
[2026-07-21T18:40:51.949+0000] {logging_mixin.py:188} INFO - [2026-07-21T18:40:51.948+0000] {dag.py:3823} INFO - Setting next_dagrun for example_sensors to None, run_after=None
[2026-07-21T18:40:51.967+0000] {processor.py:183} INFO - Processing /home/airflow/.local/lib/python3.10/site-packages/airflow/example_dags/example_sensors.py took 0.068 seconds
[2026-07-21T18:41:22.973+0000] {processor.py:161} INFO - Started process (PID=882) to work on /home/airflow/.local/lib/python3.10/site-packages/airflow/example_dags/example_sensors.py
[2026-07-21T18:41:22.974+0000] {processor.py:830} INFO - Processing file /home/airflow/.local/lib/python3.10/site-packages/airflow/example_dags/example_sensors.py for tasks to queue
[2026-07-21T18:41:22.976+0000] {logging_mixin.py:188} INFO - [2026-07-21T18:41:22.976+0000] {dagbag.py:538} INFO - Filling up the DagBag from /home/airflow/.local/lib/python3.10/site-packages/airflow/example_dags/example_sensors.py
[2026-07-21T18:41:22.985+0000] {processor.py:840} INFO - DAG(s) 'example_sensors' retrieved from /home/airflow/.local/lib/python3.10/site-packages/airflow/example_dags/example_sensors.py
[2026-07-21T18:41:23.008+0000] {logging_mixin.py:188} INFO - [2026-07-21T18:41:23.008+0000] {dag.py:3036} INFO - Sync 1 DAGs
[2026-07-21T18:41:23.019+0000] {logging_mixin.py:188} INFO - [2026-07-21T18:41:23.018+0000] {dag.py:3823} INFO - Setting next_dagrun for example_sensors to None, run_after=None
[2026-07-21T18:41:23.042+0000] {processor.py:183} INFO - Processing /home/airflow/.local/lib/python3.10/site-packages/airflow/example_dags/example_sensors.py took 0.074 seconds
[2026-07-21T18:41:53.363+0000] {processor.py:161} INFO - Started process (PID=938) to work on /home/airflow/.local/lib/python3.10/site-packages/airflow/example_dags/example_sensors.py
[2026-07-21T18:41:53.365+0000] {processor.py:830} INFO - Processing file /home/airflow/.local/lib/python3.10/site-packages/airflow/example_dags/example_sensors.py for tasks to queue
[2026-07-21T18:41:53.366+0000] {logging_mixin.py:188} INFO - [2026-07-21T18:41:53.366+0000] {dagbag.py:538} INFO - Filling up the DagBag from /home/airflow/.local/lib/python3.10/site-packages/airflow/example_dags/example_sensors.py
[2026-07-21T18:41:53.375+0000] {processor.py:840} INFO - DAG(s) 'example_sensors' retrieved from /home/airflow/.local/lib/python3.10/site-packages/airflow/example_dags/example_sensors.py
[2026-07-21T18:41:53.399+0000] {logging_mixin.py:188} INFO - [2026-07-21T18:41:53.399+0000] {dag.py:3036} INFO - Sync 1 DAGs
[2026-07-21T18:41:53.408+0000] {logging_mixin.py:188} INFO - [2026-07-21T18:41:53.408+0000] {dag.py:3823} INFO - Setting next_dagrun for example_sensors to None, run_after=None
[2026-07-21T18:41:53.425+0000] {processor.py:183} INFO - Processing /home/airflow/.local/lib/python3.10/site-packages/airflow/example_dags/example_sensors.py took 0.066 seconds
[2026-07-21T18:42:23.724+0000] {processor.py:161} INFO - Started process (PID=994) to work on /home/airflow/.local/lib/python3.10/site-packages/airflow/example_dags/example_sensors.py
[2026-07-21T18:42:23.725+0000] {processor.py:830} INFO - Processing file /home/airflow/.local/lib/python3.10/site-packages/airflow/example_dags/example_sensors.py for tasks to queue
[2026-07-21T18:42:23.727+0000] {logging_mixin.py:188} INFO - [2026-07-21T18:42:23.727+0000] {dagbag.py:538} INFO - Filling up the DagBag from /home/airflow/.local/lib/python3.10/site-packages/airflow/example_dags/example_sensors.py
[2026-07-21T18:42:23.736+0000] {processor.py:840} INFO - DAG(s) 'example_sensors' retrieved from /home/airflow/.local/lib/python3.10/site-packages/airflow/example_dags/example_sensors.py
[2026-07-21T18:42:23.760+0000] {logging_mixin.py:188} INFO - [2026-07-21T18:42:23.760+0000] {dag.py:3036} INFO - Sync 1 DAGs
[2026-07-21T18:42:23.770+0000] {logging_mixin.py:188} INFO - [2026-07-21T18:42:23.770+0000] {dag.py:3823} INFO - Setting next_dagrun for example_sensors to None, run_after=None
[2026-07-21T18:42:23.787+0000] {processor.py:183} INFO - Processing /home/airflow/.local/lib/python3.10/site-packages/airflow/example_dags/example_sensors.py took 0.066 seconds
[2026-07-21T18:42:54.073+0000] {processor.py:161} INFO - Started process (PID=1051) to work on /home/airflow/.local/lib/python3.10/site-packages/airflow/example_dags/example_sensors.py
[2026-07-21T18:42:54.074+0000] {processor.py:830} INFO - Processing file /home/airflow/.local/lib/python3.10/site-packages/airflow/example_dags/example_sensors.py for tasks to queue
[2026-07-21T18:42:54.077+0000] {logging_mixin.py:188} INFO - [2026-07-21T18:42:54.076+0000] {dagbag.py:538} INFO - Filling up the DagBag from /home/airflow/.local/lib/python3.10/site-packages/airflow/example_dags/example_sensors.py
[2026-07-21T18:42:54.088+0000] {processor.py:840} INFO - DAG(s) 'example_sensors' retrieved from /home/airflow/.local/lib/python3.10/site-packages/airflow/example_dags/example_sensors.py
[2026-07-21T18:42:54.111+0000] {logging_mixin.py:188} INFO - [2026-07-21T18:42:54.110+0000] {dag.py:3036} INFO - Sync 1 DAGs
[2026-07-21T18:42:54.121+0000] {logging_mixin.py:188} INFO - [2026-07-21T18:42:54.121+0000] {dag.py:3823} INFO - Setting next_dagrun for example_sensors to None, run_after=None
[2026-07-21T18:42:54.140+0000] {processor.py:183} INFO - Processing /home/airflow/.local/lib/python3.10/site-packages/airflow/example_dags/example_sensors.py took 0.070 seconds
[2026-07-21T18:43:24.521+0000] {processor.py:161} INFO - Started process (PID=1107) to work on /home/airflow/.local/lib/python3.10/site-packages/airflow/example_dags/example_sensors.py
[2026-07-21T18:43:24.523+0000] {processor.py:830} INFO - Processing file /home/airflow/.local/lib/python3.10/site-packages/airflow/example_dags/example_sensors.py for tasks to queue
[2026-07-21T18:43:24.526+0000] {logging_mixin.py:188} INFO - [2026-07-21T18:43:24.525+0000] {dagbag.py:538} INFO - Filling up the DagBag from /home/airflow/.local/lib/python3.10/site-packages/airflow/example_dags/example_sensors.py
[2026-07-21T18:43:24.538+0000] {processor.py:840} INFO - DAG(s) 'example_sensors' retrieved from /home/airflow/.local/lib/python3.10/site-packages/airflow/example_dags/example_sensors.py
[2026-07-21T18:43:24.568+0000] {logging_mixin.py:188} INFO - [2026-07-21T18:43:24.568+0000] {dag.py:3036} INFO - Sync 1 DAGs
[2026-07-21T18:43:24.581+0000] {logging_mixin.py:188} INFO - [2026-07-21T18:43:24.581+0000] {dag.py:3823} INFO - Setting next_dagrun for example_sensors to None, run_after=None
[2026-07-21T18:43:24.607+0000] {processor.py:183} INFO - Processing /home/airflow/.local/lib/python3.10/site-packages/airflow/example_dags/example_sensors.py took 0.091 seconds
[2026-07-21T18:43:54.914+0000] {processor.py:161} INFO - Started process (PID=1163) to work on /home/airflow/.local/lib/python3.10/site-packages/airflow/example_dags/example_sensors.py
[2026-07-21T18:43:54.915+0000] {processor.py:830} INFO - Processing file /home/airflow/.local/lib/python3.10/site-packages/airflow/example_dags/example_sensors.py for tasks to queue
[2026-07-21T18:43:54.917+0000] {logging_mixin.py:188} INFO - [2026-07-21T18:43:54.917+0000] {dagbag.py:538} INFO - Filling up the DagBag from /home/airflow/.local/lib/python3.10/site-packages/airflow/example_dags/example_sensors.py
[2026-07-21T18:43:54.926+0000] {processor.py:840} INFO - DAG(s) 'example_sensors' retrieved from /home/airflow/.local/lib/python3.10/site-packages/airflow/example_dags/example_sensors.py
[2026-07-21T18:43:54.949+0000] {logging_mixin.py:188} INFO - [2026-07-21T18:43:54.949+0000] {dag.py:3036} INFO - Sync 1 DAGs
[2026-07-21T18:43:54.962+0000] {logging_mixin.py:188} INFO - [2026-07-21T18:43:54.962+0000] {dag.py:3823} INFO - Setting next_dagrun for example_sensors to None, run_after=None
[2026-07-21T18:43:54.985+0000] {processor.py:183} INFO - Processing /home/airflow/.local/lib/python3.10/site-packages/airflow/example_dags/example_sensors.py took 0.075 seconds
[2026-07-21T18:44:25.280+0000] {processor.py:161} INFO - Started process (PID=1219) to work on /home/airflow/.local/lib/python3.10/site-packages/airflow/example_dags/example_sensors.py
[2026-07-21T18:44:25.282+0000] {processor.py:830} INFO - Processing file /home/airflow/.local/lib/python3.10/site-packages/airflow/example_dags/example_sensors.py for tasks to queue
[2026-07-21T18:44:25.284+0000] {logging_mixin.py:188} INFO - [2026-07-21T18:44:25.284+0000] {dagbag.py:538} INFO - Filling up the DagBag from /home/airflow/.local/lib/python3.10/site-packages/airflow/example_dags/example_sensors.py
[2026-07-21T18:44:25.293+0000] {processor.py:840} INFO - DAG(s) 'example_sensors' retrieved from /home/airflow/.local/lib/python3.10/site-packages/airflow/example_dags/example_sensors.py
[2026-07-21T18:44:25.315+0000] {logging_mixin.py:188} INFO - [2026-07-21T18:44:25.315+0000] {dag.py:3036} INFO - Sync 1 DAGs
[2026-07-21T18:44:25.325+0000] {logging_mixin.py:188} INFO - [2026-07-21T18:44:25.325+0000] {dag.py:3823} INFO - Setting next_dagrun for example_sensors to None, run_after=None
[2026-07-21T18:44:25.343+0000] {processor.py:183} INFO - Processing /home/airflow/.local/lib/python3.10/site-packages/airflow/example_dags/example_sensors.py took 0.066 seconds
[2026-07-21T18:44:55.563+0000] {processor.py:161} INFO - Started process (PID=1275) to work on /home/airflow/.local/lib/python3.10/site-packages/airflow/example_dags/example_sensors.py
[2026-07-21T18:44:55.565+0000] {processor.py:830} INFO - Processing file /home/airflow/.local/lib/python3.10/site-packages/airflow/example_dags/example_sensors.py for tasks to queue
[2026-07-21T18:44:55.568+0000] {logging_mixin.py:188} INFO - [2026-07-21T18:44:55.567+0000] {dagbag.py:538} INFO - Filling up the DagBag from /home/airflow/.local/lib/python3.10/site-packages/airflow/example_dags/example_sensors.py
[2026-07-21T18:44:55.579+0000] {processor.py:840} INFO - DAG(s) 'example_sensors' retrieved from /home/airflow/.local/lib/python3.10/site-packages/airflow/example_dags/example_sensors.py
[2026-07-21T18:44:55.604+0000] {logging_mixin.py:188} INFO - [2026-07-21T18:44:55.603+0000] {dag.py:3036} INFO - Sync 1 DAGs
[2026-07-21T18:44:55.615+0000] {logging_mixin.py:188} INFO - [2026-07-21T18:44:55.615+0000] {dag.py:3823} INFO - Setting next_dagrun for example_sensors to None, run_after=None
[2026-07-21T18:44:55.641+0000] {processor.py:183} INFO - Processing /home/airflow/.local/lib/python3.10/site-packages/airflow/example_dags/example_sensors.py took 0.082 seconds
[2026-07-21T18:45:26.607+0000] {processor.py:161} INFO - Started process (PID=1331) to work on /home/airflow/.local/lib/python3.10/site-packages/airflow/example_dags/example_sensors.py
[2026-07-21T18:45:26.609+0000] {processor.py:830} INFO - Processing file /home/airflow/.local/lib/python3.10/site-packages/airflow/example_dags/example_sensors.py for tasks to queue
[2026-07-21T18:45:26.612+0000] {logging_mixin.py:188} INFO - [2026-07-21T18:45:26.611+0000] {dagbag.py:538} INFO - Filling up the DagBag from /home/airflow/.local/lib/python3.10/site-packages/airflow/example_dags/example_sensors.py
[2026-07-21T18:45:26.621+0000] {processor.py:840} INFO - DAG(s) 'example_sensors' retrieved from /home/airflow/.local/lib/python3.10/site-packages/airflow/example_dags/example_sensors.py
[2026-07-21T18:45:26.651+0000] {logging_mixin.py:188} INFO - [2026-07-21T18:45:26.651+0000] {dag.py:3036} INFO - Sync 1 DAGs
[2026-07-21T18:45:26.664+0000] {logging_mixin.py:188} INFO - [2026-07-21T18:45:26.663+0000] {dag.py:3823} INFO - Setting next_dagrun for example_sensors to None, run_after=None
[2026-07-21T18:45:26.685+0000] {processor.py:183} INFO - Processing /home/airflow/.local/lib/python3.10/site-packages/airflow/example_dags/example_sensors.py took 0.084 seconds
[2026-07-21T18:45:57.234+0000] {processor.py:161} INFO - Started process (PID=1387) to work on /home/airflow/.local/lib/python3.10/site-packages/airflow/example_dags/example_sensors.py
[2026-07-21T18:45:57.235+0000] {processor.py:830} INFO - Processing file /home/airflow/.local/lib/python3.10/site-packages/airflow/example_dags/example_sensors.py for tasks to queue
[2026-07-21T18:45:57.237+0000] {logging_mixin.py:188} INFO - [2026-07-21T18:45:57.237+0000] {dagbag.py:538} INFO - Filling up the DagBag from /home/airflow/.local/lib/python3.10/site-packages/airflow/example_dags/example_sensors.py
[2026-07-21T18:45:57.246+0000] {processor.py:840} INFO - DAG(s) 'example_sensors' retrieved from /home/airflow/.local/lib/python3.10/site-packages/airflow/example_dags/example_sensors.py
[2026-07-21T18:45:57.268+0000] {logging_mixin.py:188} INFO - [2026-07-21T18:45:57.268+0000] {dag.py:3036} INFO - Sync 1 DAGs
[2026-07-21T18:45:57.278+0000] {logging_mixin.py:188} INFO - [2026-07-21T18:45:57.278+0000] {dag.py:3823} INFO - Setting next_dagrun for example_sensors to None, run_after=None
[2026-07-21T18:45:57.295+0000] {processor.py:183} INFO - Processing /home/airflow/.local/lib/python3.10/site-packages/airflow/example_dags/example_sensors.py took 0.066 seconds
[2026-07-21T18:46:27.576+0000] {processor.py:161} INFO - Started process (PID=1443) to work on /home/airflow/.local/lib/python3.10/site-packages/airflow/example_dags/example_sensors.py
[2026-07-21T18:46:27.577+0000] {processor.py:830} INFO - Processing file /home/airflow/.local/lib/python3.10/site-packages/airflow/example_dags/example_sensors.py for tasks to queue
[2026-07-21T18:46:27.579+0000] {logging_mixin.py:188} INFO - [2026-07-21T18:46:27.579+0000] {dagbag.py:538} INFO - Filling up the DagBag from /home/airflow/.local/lib/python3.10/site-packages/airflow/example_dags/example_sensors.py
[2026-07-21T18:46:27.588+0000] {processor.py:840} INFO - DAG(s) 'example_sensors' retrieved from /home/airflow/.local/lib/python3.10/site-packages/airflow/example_dags/example_sensors.py
[2026-07-21T18:46:27.610+0000] {logging_mixin.py:188} INFO - [2026-07-21T18:46:27.610+0000] {dag.py:3036} INFO - Sync 1 DAGs
[2026-07-21T18:46:27.620+0000] {logging_mixin.py:188} INFO - [2026-07-21T18:46:27.620+0000] {dag.py:3823} INFO - Setting next_dagrun for example_sensors to None, run_after=None
[2026-07-21T18:46:27.637+0000] {processor.py:183} INFO - Processing /home/airflow/.local/lib/python3.10/site-packages/airflow/example_dags/example_sensors.py took 0.065 seconds
[2026-07-21T18:46:57.748+0000] {processor.py:161} INFO - Started process (PID=1499) to work on /home/airflow/.local/lib/python3.10/site-packages/airflow/example_dags/example_sensors.py
[2026-07-21T18:46:57.750+0000] {processor.py:830} INFO - Processing file /home/airflow/.local/lib/python3.10/site-packages/airflow/example_dags/example_sensors.py for tasks to queue
[2026-07-21T18:46:57.752+0000] {logging_mixin.py:188} INFO - [2026-07-21T18:46:57.751+0000] {dagbag.py:538} INFO - Filling up the DagBag from /home/airflow/.local/lib/python3.10/site-packages/airflow/example_dags/example_sensors.py
[2026-07-21T18:46:57.760+0000] {processor.py:840} INFO - DAG(s) 'example_sensors' retrieved from /home/airflow/.local/lib/python3.10/site-packages/airflow/example_dags/example_sensors.py
[2026-07-21T18:46:57.784+0000] {logging_mixin.py:188} INFO - [2026-07-21T18:46:57.784+0000] {dag.py:3036} INFO - Sync 1 DAGs
[2026-07-21T18:46:57.794+0000] {logging_mixin.py:188} INFO - [2026-07-21T18:46:57.794+0000] {dag.py:3823} INFO - Setting next_dagrun for example_sensors to None, run_after=None
[2026-07-21T18:46:57.820+0000] {processor.py:183} INFO - Processing /home/airflow/.local/lib/python3.10/site-packages/airflow/example_dags/example_sensors.py took 0.076 seconds
[2026-07-21T18:47:28.238+0000] {processor.py:161} INFO - Started process (PID=1555) to work on /home/airflow/.local/lib/python3.10/site-packages/airflow/example_dags/example_sensors.py
[2026-07-21T18:47:28.239+0000] {processor.py:830} INFO - Processing file /home/airflow/.local/lib/python3.10/site-packages/airflow/example_dags/example_sensors.py for tasks to queue
[2026-07-21T18:47:28.241+0000] {logging_mixin.py:188} INFO - [2026-07-21T18:47:28.240+0000] {dagbag.py:538} INFO - Filling up the DagBag from /home/airflow/.local/lib/python3.10/site-packages/airflow/example_dags/example_sensors.py
[2026-07-21T18:47:28.249+0000] {processor.py:840} INFO - DAG(s) 'example_sensors' retrieved from /home/airflow/.local/lib/python3.10/site-packages/airflow/example_dags/example_sensors.py
[2026-07-21T18:47:28.271+0000] {logging_mixin.py:188} INFO - [2026-07-21T18:47:28.270+0000] {dag.py:3036} INFO - Sync 1 DAGs
[2026-07-21T18:47:28.281+0000] {logging_mixin.py:188} INFO - [2026-07-21T18:47:28.281+0000] {dag.py:3823} INFO - Setting next_dagrun for example_sensors to None, run_after=None
[2026-07-21T18:47:28.306+0000] {processor.py:183} INFO - Processing /home/airflow/.local/lib/python3.10/site-packages/airflow/example_dags/example_sensors.py took 0.072 seconds
[2026-07-21T18:47:58.769+0000] {processor.py:161} INFO - Started process (PID=1611) to work on /home/airflow/.local/lib/python3.10/site-packages/airflow/example_dags/example_sensors.py
[2026-07-21T18:47:58.770+0000] {processor.py:830} INFO - Processing file /home/airflow/.local/lib/python3.10/site-packages/airflow/example_dags/example_sensors.py for tasks to queue
[2026-07-21T18:47:58.772+0000] {logging_mixin.py:188} INFO - [2026-07-21T18:47:58.772+0000] {dagbag.py:538} INFO - Filling up the DagBag from /home/airflow/.local/lib/python3.10/site-packages/airflow/example_dags/example_sensors.py
[2026-07-21T18:47:58.780+0000] {processor.py:840} INFO - DAG(s) 'example_sensors' retrieved from /home/airflow/.local/lib/python3.10/site-packages/airflow/example_dags/example_sensors.py
[2026-07-21T18:47:58.803+0000] {logging_mixin.py:188} INFO - [2026-07-21T18:47:58.802+0000] {dag.py:3036} INFO - Sync 1 DAGs
[2026-07-21T18:47:58.813+0000] {logging_mixin.py:188} INFO - [2026-07-21T18:47:58.813+0000] {dag.py:3823} INFO - Setting next_dagrun for example_sensors to None, run_after=None
[2026-07-21T18:47:58.829+0000] {processor.py:183} INFO - Processing /home/airflow/.local/lib/python3.10/site-packages/airflow/example_dags/example_sensors.py took 0.064 seconds
