[2026-07-21T17:56:31.364+0000] {processor.py:161} INFO - Started process (PID=94) to work on /home/airflow/.local/lib/python3.8/site-packages/airflow/example_dags/example_trigger_controller_dag.py
[2026-07-21T17:56:31.365+0000] {processor.py:830} INFO - Processing file /home/airflow/.local/lib/python3.8/site-packages/airflow/example_dags/example_trigger_controller_dag.py for tasks to queue
[2026-07-21T17:56:31.369+0000] {logging_mixin.py:188} INFO - [2026-07-21T17:56:31.369+0000] {dagbag.py:538} INFO - Filling up the DagBag from /home/airflow/.local/lib/python3.8/site-packages/airflow/example_dags/example_trigger_controller_dag.py
[2026-07-21T17:56:31.375+0000] {processor.py:840} INFO - DAG(s) 'example_trigger_controller_dag' retrieved from /home/airflow/.local/lib/python3.8/site-packages/airflow/example_dags/example_trigger_controller_dag.py
[2026-07-21T17:56:31.598+0000] {logging_mixin.py:188} INFO - [2026-07-21T17:56:31.598+0000] {dag.py:3036} INFO - Sync 1 DAGs
[2026-07-21T17:56:31.636+0000] {logging_mixin.py:188} INFO - [2026-07-21T17:56:31.636+0000] {dag.py:3823} INFO - Setting next_dagrun for example_trigger_controller_dag to 2021-01-01 00:00:00+00:00, run_after=2021-01-01 00:00:00+00:00
[2026-07-21T17:56:31.672+0000] {processor.py:183} INFO - Processing /home/airflow/.local/lib/python3.8/site-packages/airflow/example_dags/example_trigger_controller_dag.py took 0.312 seconds
[2026-07-21T17:57:01.953+0000] {processor.py:161} INFO - Started process (PID=150) to work on /home/airflow/.local/lib/python3.8/site-packages/airflow/example_dags/example_trigger_controller_dag.py
[2026-07-21T17:57:01.955+0000] {processor.py:830} INFO - Processing file /home/airflow/.local/lib/python3.8/site-packages/airflow/example_dags/example_trigger_controller_dag.py for tasks to queue
[2026-07-21T17:57:01.957+0000] {logging_mixin.py:188} INFO - [2026-07-21T17:57:01.956+0000] {dagbag.py:538} INFO - Filling up the DagBag from /home/airflow/.local/lib/python3.8/site-packages/airflow/example_dags/example_trigger_controller_dag.py
[2026-07-21T17:57:01.962+0000] {processor.py:840} INFO - DAG(s) 'example_trigger_controller_dag' retrieved from /home/airflow/.local/lib/python3.8/site-packages/airflow/example_dags/example_trigger_controller_dag.py
[2026-07-21T17:57:01.984+0000] {logging_mixin.py:188} INFO - [2026-07-21T17:57:01.984+0000] {dag.py:3036} INFO - Sync 1 DAGs
[2026-07-21T17:57:02.006+0000] {logging_mixin.py:188} INFO - [2026-07-21T17:57:02.006+0000] {dag.py:3823} INFO - Setting next_dagrun for example_trigger_controller_dag to 2021-01-01 00:00:00+00:00, run_after=2021-01-01 00:00:00+00:00
[2026-07-21T17:57:02.027+0000] {processor.py:183} INFO - Processing /home/airflow/.local/lib/python3.8/site-packages/airflow/example_dags/example_trigger_controller_dag.py took 0.078 seconds
[2026-07-21T17:57:32.556+0000] {processor.py:161} INFO - Started process (PID=206) to work on /home/airflow/.local/lib/python3.8/site-packages/airflow/example_dags/example_trigger_controller_dag.py
[2026-07-21T17:57:32.557+0000] {processor.py:830} INFO - Processing file /home/airflow/.local/lib/python3.8/site-packages/airflow/example_dags/example_trigger_controller_dag.py for tasks to queue
[2026-07-21T17:57:32.559+0000] {logging_mixin.py:188} INFO - [2026-07-21T17:57:32.559+0000] {dagbag.py:538} INFO - Filling up the DagBag from /home/airflow/.local/lib/python3.8/site-packages/airflow/example_dags/example_trigger_controller_dag.py
[2026-07-21T17:57:32.564+0000] {processor.py:840} INFO - DAG(s) 'example_trigger_controller_dag' retrieved from /home/airflow/.local/lib/python3.8/site-packages/airflow/example_dags/example_trigger_controller_dag.py
[2026-07-21T17:57:32.585+0000] {logging_mixin.py:188} INFO - [2026-07-21T17:57:32.585+0000] {dag.py:3036} INFO - Sync 1 DAGs
[2026-07-21T17:57:32.605+0000] {logging_mixin.py:188} INFO - [2026-07-21T17:57:32.605+0000] {dag.py:3823} INFO - Setting next_dagrun for example_trigger_controller_dag to 2021-01-01 00:00:00+00:00, run_after=2021-01-01 00:00:00+00:00
[2026-07-21T17:57:32.625+0000] {processor.py:183} INFO - Processing /home/airflow/.local/lib/python3.8/site-packages/airflow/example_dags/example_trigger_controller_dag.py took 0.073 seconds
[2026-07-21T17:58:02.799+0000] {processor.py:161} INFO - Started process (PID=262) to work on /home/airflow/.local/lib/python3.8/site-packages/airflow/example_dags/example_trigger_controller_dag.py
[2026-07-21T17:58:02.800+0000] {processor.py:830} INFO - Processing file /home/airflow/.local/lib/python3.8/site-packages/airflow/example_dags/example_trigger_controller_dag.py for tasks to queue
[2026-07-21T17:58:02.802+0000] {logging_mixin.py:188} INFO - [2026-07-21T17:58:02.802+0000] {dagbag.py:538} INFO - Filling up the DagBag from /home/airflow/.local/lib/python3.8/site-packages/airflow/example_dags/example_trigger_controller_dag.py
[2026-07-21T17:58:02.807+0000] {processor.py:840} INFO - DAG(s) 'example_trigger_controller_dag' retrieved from /home/airflow/.local/lib/python3.8/site-packages/airflow/example_dags/example_trigger_controller_dag.py
[2026-07-21T17:58:02.828+0000] {logging_mixin.py:188} INFO - [2026-07-21T17:58:02.828+0000] {dag.py:3036} INFO - Sync 1 DAGs
[2026-07-21T17:58:02.846+0000] {logging_mixin.py:188} INFO - [2026-07-21T17:58:02.846+0000] {dag.py:3823} INFO - Setting next_dagrun for example_trigger_controller_dag to 2021-01-01 00:00:00+00:00, run_after=2021-01-01 00:00:00+00:00
[2026-07-21T17:58:02.864+0000] {processor.py:183} INFO - Processing /home/airflow/.local/lib/python3.8/site-packages/airflow/example_dags/example_trigger_controller_dag.py took 0.069 seconds
[2026-07-21T17:58:33.229+0000] {processor.py:161} INFO - Started process (PID=318) to work on /home/airflow/.local/lib/python3.8/site-packages/airflow/example_dags/example_trigger_controller_dag.py
[2026-07-21T17:58:33.231+0000] {processor.py:830} INFO - Processing file /home/airflow/.local/lib/python3.8/site-packages/airflow/example_dags/example_trigger_controller_dag.py for tasks to queue
[2026-07-21T17:58:33.233+0000] {logging_mixin.py:188} INFO - [2026-07-21T17:58:33.232+0000] {dagbag.py:538} INFO - Filling up the DagBag from /home/airflow/.local/lib/python3.8/site-packages/airflow/example_dags/example_trigger_controller_dag.py
[2026-07-21T17:58:33.238+0000] {processor.py:840} INFO - DAG(s) 'example_trigger_controller_dag' retrieved from /home/airflow/.local/lib/python3.8/site-packages/airflow/example_dags/example_trigger_controller_dag.py
[2026-07-21T17:58:33.259+0000] {logging_mixin.py:188} INFO - [2026-07-21T17:58:33.259+0000] {dag.py:3036} INFO - Sync 1 DAGs
[2026-07-21T17:58:33.278+0000] {logging_mixin.py:188} INFO - [2026-07-21T17:58:33.277+0000] {dag.py:3823} INFO - Setting next_dagrun for example_trigger_controller_dag to 2021-01-01 00:00:00+00:00, run_after=2021-01-01 00:00:00+00:00
[2026-07-21T17:58:33.296+0000] {processor.py:183} INFO - Processing /home/airflow/.local/lib/python3.8/site-packages/airflow/example_dags/example_trigger_controller_dag.py took 0.070 seconds
[2026-07-21T17:59:03.544+0000] {processor.py:161} INFO - Started process (PID=374) to work on /home/airflow/.local/lib/python3.8/site-packages/airflow/example_dags/example_trigger_controller_dag.py
[2026-07-21T17:59:03.545+0000] {processor.py:830} INFO - Processing file /home/airflow/.local/lib/python3.8/site-packages/airflow/example_dags/example_trigger_controller_dag.py for tasks to queue
[2026-07-21T17:59:03.547+0000] {logging_mixin.py:188} INFO - [2026-07-21T17:59:03.547+0000] {dagbag.py:538} INFO - Filling up the DagBag from /home/airflow/.local/lib/python3.8/site-packages/airflow/example_dags/example_trigger_controller_dag.py
[2026-07-21T17:59:03.553+0000] {processor.py:840} INFO - DAG(s) 'example_trigger_controller_dag' retrieved from /home/airflow/.local/lib/python3.8/site-packages/airflow/example_dags/example_trigger_controller_dag.py
[2026-07-21T17:59:03.575+0000] {logging_mixin.py:188} INFO - [2026-07-21T17:59:03.575+0000] {dag.py:3036} INFO - Sync 1 DAGs
[2026-07-21T17:59:03.595+0000] {logging_mixin.py:188} INFO - [2026-07-21T17:59:03.595+0000] {dag.py:3823} INFO - Setting next_dagrun for example_trigger_controller_dag to 2021-01-01 00:00:00+00:00, run_after=2021-01-01 00:00:00+00:00
[2026-07-21T17:59:03.613+0000] {processor.py:183} INFO - Processing /home/airflow/.local/lib/python3.8/site-packages/airflow/example_dags/example_trigger_controller_dag.py took 0.073 seconds
[2026-07-21T17:59:33.679+0000] {processor.py:161} INFO - Started process (PID=430) to work on /home/airflow/.local/lib/python3.8/site-packages/airflow/example_dags/example_trigger_controller_dag.py
[2026-07-21T17:59:33.680+0000] {processor.py:830} INFO - Processing file /home/airflow/.local/lib/python3.8/site-packages/airflow/example_dags/example_trigger_controller_dag.py for tasks to queue
[2026-07-21T17:59:33.682+0000] {logging_mixin.py:188} INFO - [2026-07-21T17:59:33.682+0000] {dagbag.py:538} INFO - Filling up the DagBag from /home/airflow/.local/lib/python3.8/site-packages/airflow/example_dags/example_trigger_controller_dag.py
[2026-07-21T17:59:33.687+0000] {processor.py:840} INFO - DAG(s) 'example_trigger_controller_dag' retrieved from /home/airflow/.local/lib/python3.8/site-packages/airflow/example_dags/example_trigger_controller_dag.py
[2026-07-21T17:59:33.708+0000] {logging_mixin.py:188} INFO - [2026-07-21T17:59:33.708+0000] {dag.py:3036} INFO - Sync 1 DAGs
[2026-07-21T17:59:33.728+0000] {logging_mixin.py:188} INFO - [2026-07-21T17:59:33.727+0000] {dag.py:3823} INFO - Setting next_dagrun for example_trigger_controller_dag to 2021-01-01 00:00:00+00:00, run_after=2021-01-01 00:00:00+00:00
[2026-07-21T17:59:33.747+0000] {processor.py:183} INFO - Processing /home/airflow/.local/lib/python3.8/site-packages/airflow/example_dags/example_trigger_controller_dag.py took 0.072 seconds
[2026-07-21T18:00:03.996+0000] {processor.py:161} INFO - Started process (PID=486) to work on /home/airflow/.local/lib/python3.8/site-packages/airflow/example_dags/example_trigger_controller_dag.py
[2026-07-21T18:00:03.997+0000] {processor.py:830} INFO - Processing file /home/airflow/.local/lib/python3.8/site-packages/airflow/example_dags/example_trigger_controller_dag.py for tasks to queue
[2026-07-21T18:00:03.999+0000] {logging_mixin.py:188} INFO - [2026-07-21T18:00:03.998+0000] {dagbag.py:538} INFO - Filling up the DagBag from /home/airflow/.local/lib/python3.8/site-packages/airflow/example_dags/example_trigger_controller_dag.py
[2026-07-21T18:00:04.004+0000] {processor.py:840} INFO - DAG(s) 'example_trigger_controller_dag' retrieved from /home/airflow/.local/lib/python3.8/site-packages/airflow/example_dags/example_trigger_controller_dag.py
[2026-07-21T18:00:04.026+0000] {logging_mixin.py:188} INFO - [2026-07-21T18:00:04.026+0000] {dag.py:3036} INFO - Sync 1 DAGs
[2026-07-21T18:00:04.048+0000] {logging_mixin.py:188} INFO - [2026-07-21T18:00:04.048+0000] {dag.py:3823} INFO - Setting next_dagrun for example_trigger_controller_dag to 2021-01-01 00:00:00+00:00, run_after=2021-01-01 00:00:00+00:00
[2026-07-21T18:00:04.069+0000] {processor.py:183} INFO - Processing /home/airflow/.local/lib/python3.8/site-packages/airflow/example_dags/example_trigger_controller_dag.py took 0.077 seconds
[2026-07-21T18:00:34.480+0000] {processor.py:161} INFO - Started process (PID=542) to work on /home/airflow/.local/lib/python3.8/site-packages/airflow/example_dags/example_trigger_controller_dag.py
[2026-07-21T18:00:34.481+0000] {processor.py:830} INFO - Processing file /home/airflow/.local/lib/python3.8/site-packages/airflow/example_dags/example_trigger_controller_dag.py for tasks to queue
[2026-07-21T18:00:34.483+0000] {logging_mixin.py:188} INFO - [2026-07-21T18:00:34.483+0000] {dagbag.py:538} INFO - Filling up the DagBag from /home/airflow/.local/lib/python3.8/site-packages/airflow/example_dags/example_trigger_controller_dag.py
[2026-07-21T18:00:34.488+0000] {processor.py:840} INFO - DAG(s) 'example_trigger_controller_dag' retrieved from /home/airflow/.local/lib/python3.8/site-packages/airflow/example_dags/example_trigger_controller_dag.py
[2026-07-21T18:00:34.510+0000] {logging_mixin.py:188} INFO - [2026-07-21T18:00:34.510+0000] {dag.py:3036} INFO - Sync 1 DAGs
[2026-07-21T18:00:34.530+0000] {logging_mixin.py:188} INFO - [2026-07-21T18:00:34.529+0000] {dag.py:3823} INFO - Setting next_dagrun for example_trigger_controller_dag to 2021-01-01 00:00:00+00:00, run_after=2021-01-01 00:00:00+00:00
[2026-07-21T18:00:34.548+0000] {processor.py:183} INFO - Processing /home/airflow/.local/lib/python3.8/site-packages/airflow/example_dags/example_trigger_controller_dag.py took 0.071 seconds
[2026-07-21T18:01:04.647+0000] {processor.py:161} INFO - Started process (PID=599) to work on /home/airflow/.local/lib/python3.8/site-packages/airflow/example_dags/example_trigger_controller_dag.py
[2026-07-21T18:01:04.649+0000] {processor.py:830} INFO - Processing file /home/airflow/.local/lib/python3.8/site-packages/airflow/example_dags/example_trigger_controller_dag.py for tasks to queue
[2026-07-21T18:01:04.650+0000] {logging_mixin.py:188} INFO - [2026-07-21T18:01:04.650+0000] {dagbag.py:538} INFO - Filling up the DagBag from /home/airflow/.local/lib/python3.8/site-packages/airflow/example_dags/example_trigger_controller_dag.py
[2026-07-21T18:01:04.655+0000] {processor.py:840} INFO - DAG(s) 'example_trigger_controller_dag' retrieved from /home/airflow/.local/lib/python3.8/site-packages/airflow/example_dags/example_trigger_controller_dag.py
[2026-07-21T18:01:04.677+0000] {logging_mixin.py:188} INFO - [2026-07-21T18:01:04.676+0000] {dag.py:3036} INFO - Sync 1 DAGs
[2026-07-21T18:01:04.695+0000] {logging_mixin.py:188} INFO - [2026-07-21T18:01:04.695+0000] {dag.py:3823} INFO - Setting next_dagrun for example_trigger_controller_dag to 2021-01-01 00:00:00+00:00, run_after=2021-01-01 00:00:00+00:00
[2026-07-21T18:01:04.714+0000] {processor.py:183} INFO - Processing /home/airflow/.local/lib/python3.8/site-packages/airflow/example_dags/example_trigger_controller_dag.py took 0.070 seconds
[2026-07-21T18:01:35.189+0000] {processor.py:161} INFO - Started process (PID=655) to work on /home/airflow/.local/lib/python3.8/site-packages/airflow/example_dags/example_trigger_controller_dag.py
[2026-07-21T18:01:35.191+0000] {processor.py:830} INFO - Processing file /home/airflow/.local/lib/python3.8/site-packages/airflow/example_dags/example_trigger_controller_dag.py for tasks to queue
[2026-07-21T18:01:35.193+0000] {logging_mixin.py:188} INFO - [2026-07-21T18:01:35.193+0000] {dagbag.py:538} INFO - Filling up the DagBag from /home/airflow/.local/lib/python3.8/site-packages/airflow/example_dags/example_trigger_controller_dag.py
[2026-07-21T18:01:35.199+0000] {processor.py:840} INFO - DAG(s) 'example_trigger_controller_dag' retrieved from /home/airflow/.local/lib/python3.8/site-packages/airflow/example_dags/example_trigger_controller_dag.py
[2026-07-21T18:01:35.222+0000] {logging_mixin.py:188} INFO - [2026-07-21T18:01:35.222+0000] {dag.py:3036} INFO - Sync 1 DAGs
[2026-07-21T18:01:35.243+0000] {logging_mixin.py:188} INFO - [2026-07-21T18:01:35.243+0000] {dag.py:3823} INFO - Setting next_dagrun for example_trigger_controller_dag to 2021-01-01 00:00:00+00:00, run_after=2021-01-01 00:00:00+00:00
[2026-07-21T18:01:35.264+0000] {processor.py:183} INFO - Processing /home/airflow/.local/lib/python3.8/site-packages/airflow/example_dags/example_trigger_controller_dag.py took 0.080 seconds
[2026-07-21T18:02:05.354+0000] {processor.py:161} INFO - Started process (PID=711) to work on /home/airflow/.local/lib/python3.8/site-packages/airflow/example_dags/example_trigger_controller_dag.py
[2026-07-21T18:02:05.355+0000] {processor.py:830} INFO - Processing file /home/airflow/.local/lib/python3.8/site-packages/airflow/example_dags/example_trigger_controller_dag.py for tasks to queue
[2026-07-21T18:02:05.358+0000] {logging_mixin.py:188} INFO - [2026-07-21T18:02:05.357+0000] {dagbag.py:538} INFO - Filling up the DagBag from /home/airflow/.local/lib/python3.8/site-packages/airflow/example_dags/example_trigger_controller_dag.py
[2026-07-21T18:02:05.363+0000] {processor.py:840} INFO - DAG(s) 'example_trigger_controller_dag' retrieved from /home/airflow/.local/lib/python3.8/site-packages/airflow/example_dags/example_trigger_controller_dag.py
[2026-07-21T18:02:05.384+0000] {logging_mixin.py:188} INFO - [2026-07-21T18:02:05.384+0000] {dag.py:3036} INFO - Sync 1 DAGs
[2026-07-21T18:02:05.402+0000] {logging_mixin.py:188} INFO - [2026-07-21T18:02:05.402+0000] {dag.py:3823} INFO - Setting next_dagrun for example_trigger_controller_dag to 2021-01-01 00:00:00+00:00, run_after=2021-01-01 00:00:00+00:00
[2026-07-21T18:02:05.420+0000] {processor.py:183} INFO - Processing /home/airflow/.local/lib/python3.8/site-packages/airflow/example_dags/example_trigger_controller_dag.py took 0.069 seconds
[2026-07-21T18:02:35.834+0000] {processor.py:161} INFO - Started process (PID=767) to work on /home/airflow/.local/lib/python3.8/site-packages/airflow/example_dags/example_trigger_controller_dag.py
[2026-07-21T18:02:35.835+0000] {processor.py:830} INFO - Processing file /home/airflow/.local/lib/python3.8/site-packages/airflow/example_dags/example_trigger_controller_dag.py for tasks to queue
[2026-07-21T18:02:35.837+0000] {logging_mixin.py:188} INFO - [2026-07-21T18:02:35.837+0000] {dagbag.py:538} INFO - Filling up the DagBag from /home/airflow/.local/lib/python3.8/site-packages/airflow/example_dags/example_trigger_controller_dag.py
[2026-07-21T18:02:35.843+0000] {processor.py:840} INFO - DAG(s) 'example_trigger_controller_dag' retrieved from /home/airflow/.local/lib/python3.8/site-packages/airflow/example_dags/example_trigger_controller_dag.py
[2026-07-21T18:02:35.865+0000] {logging_mixin.py:188} INFO - [2026-07-21T18:02:35.865+0000] {dag.py:3036} INFO - Sync 1 DAGs
[2026-07-21T18:02:35.884+0000] {logging_mixin.py:188} INFO - [2026-07-21T18:02:35.884+0000] {dag.py:3823} INFO - Setting next_dagrun for example_trigger_controller_dag to 2021-01-01 00:00:00+00:00, run_after=2021-01-01 00:00:00+00:00
[2026-07-21T18:02:35.902+0000] {processor.py:183} INFO - Processing /home/airflow/.local/lib/python3.8/site-packages/airflow/example_dags/example_trigger_controller_dag.py took 0.072 seconds
[2026-07-21T18:03:06.137+0000] {processor.py:161} INFO - Started process (PID=823) to work on /home/airflow/.local/lib/python3.8/site-packages/airflow/example_dags/example_trigger_controller_dag.py
[2026-07-21T18:03:06.139+0000] {processor.py:830} INFO - Processing file /home/airflow/.local/lib/python3.8/site-packages/airflow/example_dags/example_trigger_controller_dag.py for tasks to queue
[2026-07-21T18:03:06.141+0000] {logging_mixin.py:188} INFO - [2026-07-21T18:03:06.141+0000] {dagbag.py:538} INFO - Filling up the DagBag from /home/airflow/.local/lib/python3.8/site-packages/airflow/example_dags/example_trigger_controller_dag.py
[2026-07-21T18:03:06.147+0000] {processor.py:840} INFO - DAG(s) 'example_trigger_controller_dag' retrieved from /home/airflow/.local/lib/python3.8/site-packages/airflow/example_dags/example_trigger_controller_dag.py
[2026-07-21T18:03:06.168+0000] {logging_mixin.py:188} INFO - [2026-07-21T18:03:06.168+0000] {dag.py:3036} INFO - Sync 1 DAGs
[2026-07-21T18:03:06.186+0000] {logging_mixin.py:188} INFO - [2026-07-21T18:03:06.186+0000] {dag.py:3823} INFO - Setting next_dagrun for example_trigger_controller_dag to 2021-01-01 00:00:00+00:00, run_after=2021-01-01 00:00:00+00:00
[2026-07-21T18:03:06.203+0000] {processor.py:183} INFO - Processing /home/airflow/.local/lib/python3.8/site-packages/airflow/example_dags/example_trigger_controller_dag.py took 0.070 seconds
[2026-07-21T18:03:36.486+0000] {processor.py:161} INFO - Started process (PID=879) to work on /home/airflow/.local/lib/python3.8/site-packages/airflow/example_dags/example_trigger_controller_dag.py
[2026-07-21T18:03:36.487+0000] {processor.py:830} INFO - Processing file /home/airflow/.local/lib/python3.8/site-packages/airflow/example_dags/example_trigger_controller_dag.py for tasks to queue
[2026-07-21T18:03:36.489+0000] {logging_mixin.py:188} INFO - [2026-07-21T18:03:36.489+0000] {dagbag.py:538} INFO - Filling up the DagBag from /home/airflow/.local/lib/python3.8/site-packages/airflow/example_dags/example_trigger_controller_dag.py
[2026-07-21T18:03:36.494+0000] {processor.py:840} INFO - DAG(s) 'example_trigger_controller_dag' retrieved from /home/airflow/.local/lib/python3.8/site-packages/airflow/example_dags/example_trigger_controller_dag.py
[2026-07-21T18:03:36.516+0000] {logging_mixin.py:188} INFO - [2026-07-21T18:03:36.516+0000] {dag.py:3036} INFO - Sync 1 DAGs
[2026-07-21T18:03:36.535+0000] {logging_mixin.py:188} INFO - [2026-07-21T18:03:36.535+0000] {dag.py:3823} INFO - Setting next_dagrun for example_trigger_controller_dag to 2021-01-01 00:00:00+00:00, run_after=2021-01-01 00:00:00+00:00
[2026-07-21T18:03:36.553+0000] {processor.py:183} INFO - Processing /home/airflow/.local/lib/python3.8/site-packages/airflow/example_dags/example_trigger_controller_dag.py took 0.071 seconds
[2026-07-21T18:04:06.942+0000] {processor.py:161} INFO - Started process (PID=935) to work on /home/airflow/.local/lib/python3.8/site-packages/airflow/example_dags/example_trigger_controller_dag.py
[2026-07-21T18:04:06.943+0000] {processor.py:830} INFO - Processing file /home/airflow/.local/lib/python3.8/site-packages/airflow/example_dags/example_trigger_controller_dag.py for tasks to queue
[2026-07-21T18:04:06.946+0000] {logging_mixin.py:188} INFO - [2026-07-21T18:04:06.946+0000] {dagbag.py:538} INFO - Filling up the DagBag from /home/airflow/.local/lib/python3.8/site-packages/airflow/example_dags/example_trigger_controller_dag.py
[2026-07-21T18:04:06.952+0000] {processor.py:840} INFO - DAG(s) 'example_trigger_controller_dag' retrieved from /home/airflow/.local/lib/python3.8/site-packages/airflow/example_dags/example_trigger_controller_dag.py
[2026-07-21T18:04:06.974+0000] {logging_mixin.py:188} INFO - [2026-07-21T18:04:06.974+0000] {dag.py:3036} INFO - Sync 1 DAGs
[2026-07-21T18:04:06.995+0000] {logging_mixin.py:188} INFO - [2026-07-21T18:04:06.994+0000] {dag.py:3823} INFO - Setting next_dagrun for example_trigger_controller_dag to 2021-01-01 00:00:00+00:00, run_after=2021-01-01 00:00:00+00:00
[2026-07-21T18:04:07.012+0000] {processor.py:183} INFO - Processing /home/airflow/.local/lib/python3.8/site-packages/airflow/example_dags/example_trigger_controller_dag.py took 0.074 seconds
[2026-07-21T18:04:37.224+0000] {processor.py:161} INFO - Started process (PID=991) to work on /home/airflow/.local/lib/python3.8/site-packages/airflow/example_dags/example_trigger_controller_dag.py
[2026-07-21T18:04:37.225+0000] {processor.py:830} INFO - Processing file /home/airflow/.local/lib/python3.8/site-packages/airflow/example_dags/example_trigger_controller_dag.py for tasks to queue
[2026-07-21T18:04:37.227+0000] {logging_mixin.py:188} INFO - [2026-07-21T18:04:37.226+0000] {dagbag.py:538} INFO - Filling up the DagBag from /home/airflow/.local/lib/python3.8/site-packages/airflow/example_dags/example_trigger_controller_dag.py
[2026-07-21T18:04:37.232+0000] {processor.py:840} INFO - DAG(s) 'example_trigger_controller_dag' retrieved from /home/airflow/.local/lib/python3.8/site-packages/airflow/example_dags/example_trigger_controller_dag.py
[2026-07-21T18:04:37.253+0000] {logging_mixin.py:188} INFO - [2026-07-21T18:04:37.253+0000] {dag.py:3036} INFO - Sync 1 DAGs
[2026-07-21T18:04:37.272+0000] {logging_mixin.py:188} INFO - [2026-07-21T18:04:37.272+0000] {dag.py:3823} INFO - Setting next_dagrun for example_trigger_controller_dag to 2021-01-01 00:00:00+00:00, run_after=2021-01-01 00:00:00+00:00
[2026-07-21T18:04:37.290+0000] {processor.py:183} INFO - Processing /home/airflow/.local/lib/python3.8/site-packages/airflow/example_dags/example_trigger_controller_dag.py took 0.071 seconds
[2026-07-21T18:05:07.578+0000] {processor.py:161} INFO - Started process (PID=1047) to work on /home/airflow/.local/lib/python3.8/site-packages/airflow/example_dags/example_trigger_controller_dag.py
[2026-07-21T18:05:07.580+0000] {processor.py:830} INFO - Processing file /home/airflow/.local/lib/python3.8/site-packages/airflow/example_dags/example_trigger_controller_dag.py for tasks to queue
[2026-07-21T18:05:07.582+0000] {logging_mixin.py:188} INFO - [2026-07-21T18:05:07.582+0000] {dagbag.py:538} INFO - Filling up the DagBag from /home/airflow/.local/lib/python3.8/site-packages/airflow/example_dags/example_trigger_controller_dag.py
[2026-07-21T18:05:07.587+0000] {processor.py:840} INFO - DAG(s) 'example_trigger_controller_dag' retrieved from /home/airflow/.local/lib/python3.8/site-packages/airflow/example_dags/example_trigger_controller_dag.py
[2026-07-21T18:05:07.609+0000] {logging_mixin.py:188} INFO - [2026-07-21T18:05:07.609+0000] {dag.py:3036} INFO - Sync 1 DAGs
[2026-07-21T18:05:07.628+0000] {logging_mixin.py:188} INFO - [2026-07-21T18:05:07.628+0000] {dag.py:3823} INFO - Setting next_dagrun for example_trigger_controller_dag to 2021-01-01 00:00:00+00:00, run_after=2021-01-01 00:00:00+00:00
[2026-07-21T18:05:07.646+0000] {processor.py:183} INFO - Processing /home/airflow/.local/lib/python3.8/site-packages/airflow/example_dags/example_trigger_controller_dag.py took 0.071 seconds
[2026-07-21T18:05:38.246+0000] {processor.py:161} INFO - Started process (PID=1103) to work on /home/airflow/.local/lib/python3.8/site-packages/airflow/example_dags/example_trigger_controller_dag.py
[2026-07-21T18:05:38.248+0000] {processor.py:830} INFO - Processing file /home/airflow/.local/lib/python3.8/site-packages/airflow/example_dags/example_trigger_controller_dag.py for tasks to queue
[2026-07-21T18:05:38.250+0000] {logging_mixin.py:188} INFO - [2026-07-21T18:05:38.250+0000] {dagbag.py:538} INFO - Filling up the DagBag from /home/airflow/.local/lib/python3.8/site-packages/airflow/example_dags/example_trigger_controller_dag.py
[2026-07-21T18:05:38.255+0000] {processor.py:840} INFO - DAG(s) 'example_trigger_controller_dag' retrieved from /home/airflow/.local/lib/python3.8/site-packages/airflow/example_dags/example_trigger_controller_dag.py
[2026-07-21T18:05:38.276+0000] {logging_mixin.py:188} INFO - [2026-07-21T18:05:38.276+0000] {dag.py:3036} INFO - Sync 1 DAGs
[2026-07-21T18:05:38.296+0000] {logging_mixin.py:188} INFO - [2026-07-21T18:05:38.296+0000] {dag.py:3823} INFO - Setting next_dagrun for example_trigger_controller_dag to 2021-01-01 00:00:00+00:00, run_after=2021-01-01 00:00:00+00:00
[2026-07-21T18:05:38.314+0000] {processor.py:183} INFO - Processing /home/airflow/.local/lib/python3.8/site-packages/airflow/example_dags/example_trigger_controller_dag.py took 0.072 seconds
[2026-07-21T18:06:08.717+0000] {processor.py:161} INFO - Started process (PID=1159) to work on /home/airflow/.local/lib/python3.8/site-packages/airflow/example_dags/example_trigger_controller_dag.py
[2026-07-21T18:06:08.719+0000] {processor.py:830} INFO - Processing file /home/airflow/.local/lib/python3.8/site-packages/airflow/example_dags/example_trigger_controller_dag.py for tasks to queue
[2026-07-21T18:06:08.722+0000] {logging_mixin.py:188} INFO - [2026-07-21T18:06:08.721+0000] {dagbag.py:538} INFO - Filling up the DagBag from /home/airflow/.local/lib/python3.8/site-packages/airflow/example_dags/example_trigger_controller_dag.py
[2026-07-21T18:06:08.731+0000] {processor.py:840} INFO - DAG(s) 'example_trigger_controller_dag' retrieved from /home/airflow/.local/lib/python3.8/site-packages/airflow/example_dags/example_trigger_controller_dag.py
[2026-07-21T18:06:08.769+0000] {logging_mixin.py:188} INFO - [2026-07-21T18:06:08.769+0000] {dag.py:3036} INFO - Sync 1 DAGs
[2026-07-21T18:06:08.795+0000] {logging_mixin.py:188} INFO - [2026-07-21T18:06:08.794+0000] {dag.py:3823} INFO - Setting next_dagrun for example_trigger_controller_dag to 2021-01-01 00:00:00+00:00, run_after=2021-01-01 00:00:00+00:00
[2026-07-21T18:06:08.825+0000] {processor.py:183} INFO - Processing /home/airflow/.local/lib/python3.8/site-packages/airflow/example_dags/example_trigger_controller_dag.py took 0.113 seconds
[2026-07-21T18:06:39.256+0000] {processor.py:161} INFO - Started process (PID=1215) to work on /home/airflow/.local/lib/python3.8/site-packages/airflow/example_dags/example_trigger_controller_dag.py
[2026-07-21T18:06:39.257+0000] {processor.py:830} INFO - Processing file /home/airflow/.local/lib/python3.8/site-packages/airflow/example_dags/example_trigger_controller_dag.py for tasks to queue
[2026-07-21T18:06:39.259+0000] {logging_mixin.py:188} INFO - [2026-07-21T18:06:39.259+0000] {dagbag.py:538} INFO - Filling up the DagBag from /home/airflow/.local/lib/python3.8/site-packages/airflow/example_dags/example_trigger_controller_dag.py
[2026-07-21T18:06:39.265+0000] {processor.py:840} INFO - DAG(s) 'example_trigger_controller_dag' retrieved from /home/airflow/.local/lib/python3.8/site-packages/airflow/example_dags/example_trigger_controller_dag.py
[2026-07-21T18:06:39.288+0000] {logging_mixin.py:188} INFO - [2026-07-21T18:06:39.287+0000] {dag.py:3036} INFO - Sync 1 DAGs
[2026-07-21T18:06:39.308+0000] {logging_mixin.py:188} INFO - [2026-07-21T18:06:39.308+0000] {dag.py:3823} INFO - Setting next_dagrun for example_trigger_controller_dag to 2021-01-01 00:00:00+00:00, run_after=2021-01-01 00:00:00+00:00
[2026-07-21T18:06:39.327+0000] {processor.py:183} INFO - Processing /home/airflow/.local/lib/python3.8/site-packages/airflow/example_dags/example_trigger_controller_dag.py took 0.075 seconds
[2026-07-21T18:07:09.549+0000] {processor.py:161} INFO - Started process (PID=1271) to work on /home/airflow/.local/lib/python3.8/site-packages/airflow/example_dags/example_trigger_controller_dag.py
[2026-07-21T18:07:09.551+0000] {processor.py:830} INFO - Processing file /home/airflow/.local/lib/python3.8/site-packages/airflow/example_dags/example_trigger_controller_dag.py for tasks to queue
[2026-07-21T18:07:09.556+0000] {logging_mixin.py:188} INFO - [2026-07-21T18:07:09.555+0000] {dagbag.py:538} INFO - Filling up the DagBag from /home/airflow/.local/lib/python3.8/site-packages/airflow/example_dags/example_trigger_controller_dag.py
[2026-07-21T18:07:09.570+0000] {processor.py:840} INFO - DAG(s) 'example_trigger_controller_dag' retrieved from /home/airflow/.local/lib/python3.8/site-packages/airflow/example_dags/example_trigger_controller_dag.py
[2026-07-21T18:07:09.597+0000] {logging_mixin.py:188} INFO - [2026-07-21T18:07:09.597+0000] {dag.py:3036} INFO - Sync 1 DAGs
[2026-07-21T18:07:09.620+0000] {logging_mixin.py:188} INFO - [2026-07-21T18:07:09.619+0000] {dag.py:3823} INFO - Setting next_dagrun for example_trigger_controller_dag to 2021-01-01 00:00:00+00:00, run_after=2021-01-01 00:00:00+00:00
[2026-07-21T18:07:09.638+0000] {processor.py:183} INFO - Processing /home/airflow/.local/lib/python3.8/site-packages/airflow/example_dags/example_trigger_controller_dag.py took 0.095 seconds
[2026-07-21T18:09:13.901+0000] {processor.py:161} INFO - Started process (PID=128) to work on /home/airflow/.local/lib/python3.8/site-packages/airflow/example_dags/example_trigger_controller_dag.py
[2026-07-21T18:09:13.903+0000] {processor.py:830} INFO - Processing file /home/airflow/.local/lib/python3.8/site-packages/airflow/example_dags/example_trigger_controller_dag.py for tasks to queue
[2026-07-21T18:09:13.909+0000] {logging_mixin.py:188} INFO - [2026-07-21T18:09:13.908+0000] {dagbag.py:538} INFO - Filling up the DagBag from /home/airflow/.local/lib/python3.8/site-packages/airflow/example_dags/example_trigger_controller_dag.py
[2026-07-21T18:09:13.918+0000] {processor.py:840} INFO - DAG(s) 'example_trigger_controller_dag' retrieved from /home/airflow/.local/lib/python3.8/site-packages/airflow/example_dags/example_trigger_controller_dag.py
[2026-07-21T18:09:13.938+0000] {logging_mixin.py:188} INFO - [2026-07-21T18:09:13.938+0000] {dag.py:3036} INFO - Sync 1 DAGs
[2026-07-21T18:09:13.969+0000] {logging_mixin.py:188} INFO - [2026-07-21T18:09:13.969+0000] {dag.py:3823} INFO - Setting next_dagrun for example_trigger_controller_dag to 2021-01-01 00:00:00+00:00, run_after=2021-01-01 00:00:00+00:00
[2026-07-21T18:09:13.995+0000] {processor.py:183} INFO - Processing /home/airflow/.local/lib/python3.8/site-packages/airflow/example_dags/example_trigger_controller_dag.py took 0.101 seconds
[2026-07-21T18:09:44.874+0000] {processor.py:161} INFO - Started process (PID=184) to work on /home/airflow/.local/lib/python3.8/site-packages/airflow/example_dags/example_trigger_controller_dag.py
[2026-07-21T18:09:44.875+0000] {processor.py:830} INFO - Processing file /home/airflow/.local/lib/python3.8/site-packages/airflow/example_dags/example_trigger_controller_dag.py for tasks to queue
[2026-07-21T18:09:44.877+0000] {logging_mixin.py:188} INFO - [2026-07-21T18:09:44.877+0000] {dagbag.py:538} INFO - Filling up the DagBag from /home/airflow/.local/lib/python3.8/site-packages/airflow/example_dags/example_trigger_controller_dag.py
[2026-07-21T18:09:44.883+0000] {processor.py:840} INFO - DAG(s) 'example_trigger_controller_dag' retrieved from /home/airflow/.local/lib/python3.8/site-packages/airflow/example_dags/example_trigger_controller_dag.py
[2026-07-21T18:09:44.983+0000] {logging_mixin.py:188} INFO - [2026-07-21T18:09:44.983+0000] {dag.py:3036} INFO - Sync 1 DAGs
[2026-07-21T18:09:45.000+0000] {logging_mixin.py:188} INFO - [2026-07-21T18:09:45.000+0000] {dag.py:3823} INFO - Setting next_dagrun for example_trigger_controller_dag to 2021-01-01 00:00:00+00:00, run_after=2021-01-01 00:00:00+00:00
[2026-07-21T18:09:45.018+0000] {processor.py:183} INFO - Processing /home/airflow/.local/lib/python3.8/site-packages/airflow/example_dags/example_trigger_controller_dag.py took 0.149 seconds
[2026-07-21T18:10:15.225+0000] {processor.py:161} INFO - Started process (PID=240) to work on /home/airflow/.local/lib/python3.8/site-packages/airflow/example_dags/example_trigger_controller_dag.py
[2026-07-21T18:10:15.226+0000] {processor.py:830} INFO - Processing file /home/airflow/.local/lib/python3.8/site-packages/airflow/example_dags/example_trigger_controller_dag.py for tasks to queue
[2026-07-21T18:10:15.228+0000] {logging_mixin.py:188} INFO - [2026-07-21T18:10:15.228+0000] {dagbag.py:538} INFO - Filling up the DagBag from /home/airflow/.local/lib/python3.8/site-packages/airflow/example_dags/example_trigger_controller_dag.py
[2026-07-21T18:10:15.234+0000] {processor.py:840} INFO - DAG(s) 'example_trigger_controller_dag' retrieved from /home/airflow/.local/lib/python3.8/site-packages/airflow/example_dags/example_trigger_controller_dag.py
[2026-07-21T18:10:15.255+0000] {logging_mixin.py:188} INFO - [2026-07-21T18:10:15.255+0000] {dag.py:3036} INFO - Sync 1 DAGs
[2026-07-21T18:10:15.275+0000] {logging_mixin.py:188} INFO - [2026-07-21T18:10:15.275+0000] {dag.py:3823} INFO - Setting next_dagrun for example_trigger_controller_dag to 2021-01-01 00:00:00+00:00, run_after=2021-01-01 00:00:00+00:00
[2026-07-21T18:10:15.294+0000] {processor.py:183} INFO - Processing /home/airflow/.local/lib/python3.8/site-packages/airflow/example_dags/example_trigger_controller_dag.py took 0.073 seconds
[2026-07-21T18:10:45.625+0000] {processor.py:161} INFO - Started process (PID=296) to work on /home/airflow/.local/lib/python3.8/site-packages/airflow/example_dags/example_trigger_controller_dag.py
[2026-07-21T18:10:45.626+0000] {processor.py:830} INFO - Processing file /home/airflow/.local/lib/python3.8/site-packages/airflow/example_dags/example_trigger_controller_dag.py for tasks to queue
[2026-07-21T18:10:45.629+0000] {logging_mixin.py:188} INFO - [2026-07-21T18:10:45.628+0000] {dagbag.py:538} INFO - Filling up the DagBag from /home/airflow/.local/lib/python3.8/site-packages/airflow/example_dags/example_trigger_controller_dag.py
[2026-07-21T18:10:45.634+0000] {processor.py:840} INFO - DAG(s) 'example_trigger_controller_dag' retrieved from /home/airflow/.local/lib/python3.8/site-packages/airflow/example_dags/example_trigger_controller_dag.py
[2026-07-21T18:10:45.657+0000] {logging_mixin.py:188} INFO - [2026-07-21T18:10:45.657+0000] {dag.py:3036} INFO - Sync 1 DAGs
[2026-07-21T18:10:45.678+0000] {logging_mixin.py:188} INFO - [2026-07-21T18:10:45.678+0000] {dag.py:3823} INFO - Setting next_dagrun for example_trigger_controller_dag to 2021-01-01 00:00:00+00:00, run_after=2021-01-01 00:00:00+00:00
[2026-07-21T18:10:45.697+0000] {processor.py:183} INFO - Processing /home/airflow/.local/lib/python3.8/site-packages/airflow/example_dags/example_trigger_controller_dag.py took 0.076 seconds
[2026-07-21T18:11:16.046+0000] {processor.py:161} INFO - Started process (PID=352) to work on /home/airflow/.local/lib/python3.8/site-packages/airflow/example_dags/example_trigger_controller_dag.py
[2026-07-21T18:11:16.047+0000] {processor.py:830} INFO - Processing file /home/airflow/.local/lib/python3.8/site-packages/airflow/example_dags/example_trigger_controller_dag.py for tasks to queue
[2026-07-21T18:11:16.049+0000] {logging_mixin.py:188} INFO - [2026-07-21T18:11:16.049+0000] {dagbag.py:538} INFO - Filling up the DagBag from /home/airflow/.local/lib/python3.8/site-packages/airflow/example_dags/example_trigger_controller_dag.py
[2026-07-21T18:11:16.056+0000] {processor.py:840} INFO - DAG(s) 'example_trigger_controller_dag' retrieved from /home/airflow/.local/lib/python3.8/site-packages/airflow/example_dags/example_trigger_controller_dag.py
[2026-07-21T18:11:16.080+0000] {logging_mixin.py:188} INFO - [2026-07-21T18:11:16.080+0000] {dag.py:3036} INFO - Sync 1 DAGs
[2026-07-21T18:11:16.100+0000] {logging_mixin.py:188} INFO - [2026-07-21T18:11:16.100+0000] {dag.py:3823} INFO - Setting next_dagrun for example_trigger_controller_dag to 2021-01-01 00:00:00+00:00, run_after=2021-01-01 00:00:00+00:00
[2026-07-21T18:11:16.120+0000] {processor.py:183} INFO - Processing /home/airflow/.local/lib/python3.8/site-packages/airflow/example_dags/example_trigger_controller_dag.py took 0.078 seconds
[2026-07-21T18:11:46.617+0000] {processor.py:161} INFO - Started process (PID=408) to work on /home/airflow/.local/lib/python3.8/site-packages/airflow/example_dags/example_trigger_controller_dag.py
[2026-07-21T18:11:46.618+0000] {processor.py:830} INFO - Processing file /home/airflow/.local/lib/python3.8/site-packages/airflow/example_dags/example_trigger_controller_dag.py for tasks to queue
[2026-07-21T18:11:46.620+0000] {logging_mixin.py:188} INFO - [2026-07-21T18:11:46.620+0000] {dagbag.py:538} INFO - Filling up the DagBag from /home/airflow/.local/lib/python3.8/site-packages/airflow/example_dags/example_trigger_controller_dag.py
[2026-07-21T18:11:46.626+0000] {processor.py:840} INFO - DAG(s) 'example_trigger_controller_dag' retrieved from /home/airflow/.local/lib/python3.8/site-packages/airflow/example_dags/example_trigger_controller_dag.py
[2026-07-21T18:11:46.648+0000] {logging_mixin.py:188} INFO - [2026-07-21T18:11:46.648+0000] {dag.py:3036} INFO - Sync 1 DAGs
[2026-07-21T18:11:46.670+0000] {logging_mixin.py:188} INFO - [2026-07-21T18:11:46.670+0000] {dag.py:3823} INFO - Setting next_dagrun for example_trigger_controller_dag to 2021-01-01 00:00:00+00:00, run_after=2021-01-01 00:00:00+00:00
[2026-07-21T18:11:46.698+0000] {processor.py:183} INFO - Processing /home/airflow/.local/lib/python3.8/site-packages/airflow/example_dags/example_trigger_controller_dag.py took 0.085 seconds
[2026-07-21T18:12:17.338+0000] {processor.py:161} INFO - Started process (PID=464) to work on /home/airflow/.local/lib/python3.8/site-packages/airflow/example_dags/example_trigger_controller_dag.py
[2026-07-21T18:12:17.340+0000] {processor.py:830} INFO - Processing file /home/airflow/.local/lib/python3.8/site-packages/airflow/example_dags/example_trigger_controller_dag.py for tasks to queue
[2026-07-21T18:12:17.342+0000] {logging_mixin.py:188} INFO - [2026-07-21T18:12:17.342+0000] {dagbag.py:538} INFO - Filling up the DagBag from /home/airflow/.local/lib/python3.8/site-packages/airflow/example_dags/example_trigger_controller_dag.py
[2026-07-21T18:12:17.348+0000] {processor.py:840} INFO - DAG(s) 'example_trigger_controller_dag' retrieved from /home/airflow/.local/lib/python3.8/site-packages/airflow/example_dags/example_trigger_controller_dag.py
[2026-07-21T18:12:17.370+0000] {logging_mixin.py:188} INFO - [2026-07-21T18:12:17.369+0000] {dag.py:3036} INFO - Sync 1 DAGs
[2026-07-21T18:12:17.391+0000] {logging_mixin.py:188} INFO - [2026-07-21T18:12:17.390+0000] {dag.py:3823} INFO - Setting next_dagrun for example_trigger_controller_dag to 2021-01-01 00:00:00+00:00, run_after=2021-01-01 00:00:00+00:00
[2026-07-21T18:12:17.410+0000] {processor.py:183} INFO - Processing /home/airflow/.local/lib/python3.8/site-packages/airflow/example_dags/example_trigger_controller_dag.py took 0.076 seconds
[2026-07-21T18:12:48.067+0000] {processor.py:161} INFO - Started process (PID=520) to work on /home/airflow/.local/lib/python3.8/site-packages/airflow/example_dags/example_trigger_controller_dag.py
[2026-07-21T18:12:48.069+0000] {processor.py:830} INFO - Processing file /home/airflow/.local/lib/python3.8/site-packages/airflow/example_dags/example_trigger_controller_dag.py for tasks to queue
[2026-07-21T18:12:48.071+0000] {logging_mixin.py:188} INFO - [2026-07-21T18:12:48.071+0000] {dagbag.py:538} INFO - Filling up the DagBag from /home/airflow/.local/lib/python3.8/site-packages/airflow/example_dags/example_trigger_controller_dag.py
[2026-07-21T18:12:48.077+0000] {processor.py:840} INFO - DAG(s) 'example_trigger_controller_dag' retrieved from /home/airflow/.local/lib/python3.8/site-packages/airflow/example_dags/example_trigger_controller_dag.py
[2026-07-21T18:12:48.100+0000] {logging_mixin.py:188} INFO - [2026-07-21T18:12:48.100+0000] {dag.py:3036} INFO - Sync 1 DAGs
[2026-07-21T18:12:48.122+0000] {logging_mixin.py:188} INFO - [2026-07-21T18:12:48.121+0000] {dag.py:3823} INFO - Setting next_dagrun for example_trigger_controller_dag to 2021-01-01 00:00:00+00:00, run_after=2021-01-01 00:00:00+00:00
[2026-07-21T18:12:48.144+0000] {processor.py:183} INFO - Processing /home/airflow/.local/lib/python3.8/site-packages/airflow/example_dags/example_trigger_controller_dag.py took 0.080 seconds
[2026-07-21T18:13:18.884+0000] {processor.py:161} INFO - Started process (PID=576) to work on /home/airflow/.local/lib/python3.8/site-packages/airflow/example_dags/example_trigger_controller_dag.py
[2026-07-21T18:13:18.886+0000] {processor.py:830} INFO - Processing file /home/airflow/.local/lib/python3.8/site-packages/airflow/example_dags/example_trigger_controller_dag.py for tasks to queue
[2026-07-21T18:13:18.888+0000] {logging_mixin.py:188} INFO - [2026-07-21T18:13:18.887+0000] {dagbag.py:538} INFO - Filling up the DagBag from /home/airflow/.local/lib/python3.8/site-packages/airflow/example_dags/example_trigger_controller_dag.py
[2026-07-21T18:13:18.894+0000] {processor.py:840} INFO - DAG(s) 'example_trigger_controller_dag' retrieved from /home/airflow/.local/lib/python3.8/site-packages/airflow/example_dags/example_trigger_controller_dag.py
[2026-07-21T18:13:18.918+0000] {logging_mixin.py:188} INFO - [2026-07-21T18:13:18.918+0000] {dag.py:3036} INFO - Sync 1 DAGs
[2026-07-21T18:13:18.940+0000] {logging_mixin.py:188} INFO - [2026-07-21T18:13:18.939+0000] {dag.py:3823} INFO - Setting next_dagrun for example_trigger_controller_dag to 2021-01-01 00:00:00+00:00, run_after=2021-01-01 00:00:00+00:00
[2026-07-21T18:13:18.962+0000] {processor.py:183} INFO - Processing /home/airflow/.local/lib/python3.8/site-packages/airflow/example_dags/example_trigger_controller_dag.py took 0.082 seconds
[2026-07-21T18:13:49.355+0000] {processor.py:161} INFO - Started process (PID=632) to work on /home/airflow/.local/lib/python3.8/site-packages/airflow/example_dags/example_trigger_controller_dag.py
[2026-07-21T18:13:49.357+0000] {processor.py:830} INFO - Processing file /home/airflow/.local/lib/python3.8/site-packages/airflow/example_dags/example_trigger_controller_dag.py for tasks to queue
[2026-07-21T18:13:49.359+0000] {logging_mixin.py:188} INFO - [2026-07-21T18:13:49.359+0000] {dagbag.py:538} INFO - Filling up the DagBag from /home/airflow/.local/lib/python3.8/site-packages/airflow/example_dags/example_trigger_controller_dag.py
[2026-07-21T18:13:49.365+0000] {processor.py:840} INFO - DAG(s) 'example_trigger_controller_dag' retrieved from /home/airflow/.local/lib/python3.8/site-packages/airflow/example_dags/example_trigger_controller_dag.py
[2026-07-21T18:13:49.385+0000] {logging_mixin.py:188} INFO - [2026-07-21T18:13:49.385+0000] {dag.py:3036} INFO - Sync 1 DAGs
[2026-07-21T18:13:49.405+0000] {logging_mixin.py:188} INFO - [2026-07-21T18:13:49.404+0000] {dag.py:3823} INFO - Setting next_dagrun for example_trigger_controller_dag to 2021-01-01 00:00:00+00:00, run_after=2021-01-01 00:00:00+00:00
[2026-07-21T18:13:49.423+0000] {processor.py:183} INFO - Processing /home/airflow/.local/lib/python3.8/site-packages/airflow/example_dags/example_trigger_controller_dag.py took 0.071 seconds
[2026-07-21T18:14:20.306+0000] {processor.py:161} INFO - Started process (PID=688) to work on /home/airflow/.local/lib/python3.8/site-packages/airflow/example_dags/example_trigger_controller_dag.py
[2026-07-21T18:14:20.307+0000] {processor.py:830} INFO - Processing file /home/airflow/.local/lib/python3.8/site-packages/airflow/example_dags/example_trigger_controller_dag.py for tasks to queue
[2026-07-21T18:14:20.309+0000] {logging_mixin.py:188} INFO - [2026-07-21T18:14:20.309+0000] {dagbag.py:538} INFO - Filling up the DagBag from /home/airflow/.local/lib/python3.8/site-packages/airflow/example_dags/example_trigger_controller_dag.py
[2026-07-21T18:14:20.315+0000] {processor.py:840} INFO - DAG(s) 'example_trigger_controller_dag' retrieved from /home/airflow/.local/lib/python3.8/site-packages/airflow/example_dags/example_trigger_controller_dag.py
[2026-07-21T18:14:20.336+0000] {logging_mixin.py:188} INFO - [2026-07-21T18:14:20.335+0000] {dag.py:3036} INFO - Sync 1 DAGs
[2026-07-21T18:14:20.355+0000] {logging_mixin.py:188} INFO - [2026-07-21T18:14:20.355+0000] {dag.py:3823} INFO - Setting next_dagrun for example_trigger_controller_dag to 2021-01-01 00:00:00+00:00, run_after=2021-01-01 00:00:00+00:00
[2026-07-21T18:14:20.374+0000] {processor.py:183} INFO - Processing /home/airflow/.local/lib/python3.8/site-packages/airflow/example_dags/example_trigger_controller_dag.py took 0.072 seconds
[2026-07-21T18:14:51.303+0000] {processor.py:161} INFO - Started process (PID=745) to work on /home/airflow/.local/lib/python3.8/site-packages/airflow/example_dags/example_trigger_controller_dag.py
[2026-07-21T18:14:51.306+0000] {processor.py:830} INFO - Processing file /home/airflow/.local/lib/python3.8/site-packages/airflow/example_dags/example_trigger_controller_dag.py for tasks to queue
[2026-07-21T18:14:51.312+0000] {logging_mixin.py:188} INFO - [2026-07-21T18:14:51.311+0000] {dagbag.py:538} INFO - Filling up the DagBag from /home/airflow/.local/lib/python3.8/site-packages/airflow/example_dags/example_trigger_controller_dag.py
[2026-07-21T18:14:51.320+0000] {processor.py:840} INFO - DAG(s) 'example_trigger_controller_dag' retrieved from /home/airflow/.local/lib/python3.8/site-packages/airflow/example_dags/example_trigger_controller_dag.py
[2026-07-21T18:14:51.350+0000] {logging_mixin.py:188} INFO - [2026-07-21T18:14:51.350+0000] {dag.py:3036} INFO - Sync 1 DAGs
[2026-07-21T18:14:51.378+0000] {logging_mixin.py:188} INFO - [2026-07-21T18:14:51.377+0000] {dag.py:3823} INFO - Setting next_dagrun for example_trigger_controller_dag to 2021-01-01 00:00:00+00:00, run_after=2021-01-01 00:00:00+00:00
[2026-07-21T18:14:51.398+0000] {processor.py:183} INFO - Processing /home/airflow/.local/lib/python3.8/site-packages/airflow/example_dags/example_trigger_controller_dag.py took 0.100 seconds
[2026-07-21T18:15:22.159+0000] {processor.py:161} INFO - Started process (PID=801) to work on /home/airflow/.local/lib/python3.8/site-packages/airflow/example_dags/example_trigger_controller_dag.py
[2026-07-21T18:15:22.160+0000] {processor.py:830} INFO - Processing file /home/airflow/.local/lib/python3.8/site-packages/airflow/example_dags/example_trigger_controller_dag.py for tasks to queue
[2026-07-21T18:15:22.162+0000] {logging_mixin.py:188} INFO - [2026-07-21T18:15:22.162+0000] {dagbag.py:538} INFO - Filling up the DagBag from /home/airflow/.local/lib/python3.8/site-packages/airflow/example_dags/example_trigger_controller_dag.py
[2026-07-21T18:15:22.168+0000] {processor.py:840} INFO - DAG(s) 'example_trigger_controller_dag' retrieved from /home/airflow/.local/lib/python3.8/site-packages/airflow/example_dags/example_trigger_controller_dag.py
[2026-07-21T18:15:22.190+0000] {logging_mixin.py:188} INFO - [2026-07-21T18:15:22.189+0000] {dag.py:3036} INFO - Sync 1 DAGs
[2026-07-21T18:15:22.211+0000] {logging_mixin.py:188} INFO - [2026-07-21T18:15:22.211+0000] {dag.py:3823} INFO - Setting next_dagrun for example_trigger_controller_dag to 2021-01-01 00:00:00+00:00, run_after=2021-01-01 00:00:00+00:00
[2026-07-21T18:15:22.229+0000] {processor.py:183} INFO - Processing /home/airflow/.local/lib/python3.8/site-packages/airflow/example_dags/example_trigger_controller_dag.py took 0.075 seconds
[2026-07-21T18:15:52.925+0000] {processor.py:161} INFO - Started process (PID=857) to work on /home/airflow/.local/lib/python3.8/site-packages/airflow/example_dags/example_trigger_controller_dag.py
[2026-07-21T18:15:52.926+0000] {processor.py:830} INFO - Processing file /home/airflow/.local/lib/python3.8/site-packages/airflow/example_dags/example_trigger_controller_dag.py for tasks to queue
[2026-07-21T18:15:52.928+0000] {logging_mixin.py:188} INFO - [2026-07-21T18:15:52.927+0000] {dagbag.py:538} INFO - Filling up the DagBag from /home/airflow/.local/lib/python3.8/site-packages/airflow/example_dags/example_trigger_controller_dag.py
[2026-07-21T18:15:52.933+0000] {processor.py:840} INFO - DAG(s) 'example_trigger_controller_dag' retrieved from /home/airflow/.local/lib/python3.8/site-packages/airflow/example_dags/example_trigger_controller_dag.py
[2026-07-21T18:15:52.957+0000] {logging_mixin.py:188} INFO - [2026-07-21T18:15:52.956+0000] {dag.py:3036} INFO - Sync 1 DAGs
[2026-07-21T18:15:52.978+0000] {logging_mixin.py:188} INFO - [2026-07-21T18:15:52.978+0000] {dag.py:3823} INFO - Setting next_dagrun for example_trigger_controller_dag to 2021-01-01 00:00:00+00:00, run_after=2021-01-01 00:00:00+00:00
[2026-07-21T18:15:52.999+0000] {processor.py:183} INFO - Processing /home/airflow/.local/lib/python3.8/site-packages/airflow/example_dags/example_trigger_controller_dag.py took 0.079 seconds
[2026-07-21T18:16:23.808+0000] {processor.py:161} INFO - Started process (PID=913) to work on /home/airflow/.local/lib/python3.8/site-packages/airflow/example_dags/example_trigger_controller_dag.py
[2026-07-21T18:16:23.810+0000] {processor.py:830} INFO - Processing file /home/airflow/.local/lib/python3.8/site-packages/airflow/example_dags/example_trigger_controller_dag.py for tasks to queue
[2026-07-21T18:16:23.813+0000] {logging_mixin.py:188} INFO - [2026-07-21T18:16:23.813+0000] {dagbag.py:538} INFO - Filling up the DagBag from /home/airflow/.local/lib/python3.8/site-packages/airflow/example_dags/example_trigger_controller_dag.py
[2026-07-21T18:16:23.821+0000] {processor.py:840} INFO - DAG(s) 'example_trigger_controller_dag' retrieved from /home/airflow/.local/lib/python3.8/site-packages/airflow/example_dags/example_trigger_controller_dag.py
[2026-07-21T18:16:23.854+0000] {logging_mixin.py:188} INFO - [2026-07-21T18:16:23.854+0000] {dag.py:3036} INFO - Sync 1 DAGs
[2026-07-21T18:16:23.880+0000] {logging_mixin.py:188} INFO - [2026-07-21T18:16:23.879+0000] {dag.py:3823} INFO - Setting next_dagrun for example_trigger_controller_dag to 2021-01-01 00:00:00+00:00, run_after=2021-01-01 00:00:00+00:00
[2026-07-21T18:16:23.903+0000] {processor.py:183} INFO - Processing /home/airflow/.local/lib/python3.8/site-packages/airflow/example_dags/example_trigger_controller_dag.py took 0.101 seconds
[2026-07-21T18:16:54.009+0000] {processor.py:161} INFO - Started process (PID=969) to work on /home/airflow/.local/lib/python3.8/site-packages/airflow/example_dags/example_trigger_controller_dag.py
[2026-07-21T18:16:54.011+0000] {processor.py:830} INFO - Processing file /home/airflow/.local/lib/python3.8/site-packages/airflow/example_dags/example_trigger_controller_dag.py for tasks to queue
[2026-07-21T18:16:54.013+0000] {logging_mixin.py:188} INFO - [2026-07-21T18:16:54.012+0000] {dagbag.py:538} INFO - Filling up the DagBag from /home/airflow/.local/lib/python3.8/site-packages/airflow/example_dags/example_trigger_controller_dag.py
[2026-07-21T18:16:54.018+0000] {processor.py:840} INFO - DAG(s) 'example_trigger_controller_dag' retrieved from /home/airflow/.local/lib/python3.8/site-packages/airflow/example_dags/example_trigger_controller_dag.py
[2026-07-21T18:16:54.040+0000] {logging_mixin.py:188} INFO - [2026-07-21T18:16:54.040+0000] {dag.py:3036} INFO - Sync 1 DAGs
[2026-07-21T18:16:54.060+0000] {logging_mixin.py:188} INFO - [2026-07-21T18:16:54.060+0000] {dag.py:3823} INFO - Setting next_dagrun for example_trigger_controller_dag to 2021-01-01 00:00:00+00:00, run_after=2021-01-01 00:00:00+00:00
[2026-07-21T18:16:54.079+0000] {processor.py:183} INFO - Processing /home/airflow/.local/lib/python3.8/site-packages/airflow/example_dags/example_trigger_controller_dag.py took 0.074 seconds
[2026-07-21T18:17:24.219+0000] {processor.py:161} INFO - Started process (PID=1025) to work on /home/airflow/.local/lib/python3.8/site-packages/airflow/example_dags/example_trigger_controller_dag.py
[2026-07-21T18:17:24.220+0000] {processor.py:830} INFO - Processing file /home/airflow/.local/lib/python3.8/site-packages/airflow/example_dags/example_trigger_controller_dag.py for tasks to queue
[2026-07-21T18:17:24.223+0000] {logging_mixin.py:188} INFO - [2026-07-21T18:17:24.223+0000] {dagbag.py:538} INFO - Filling up the DagBag from /home/airflow/.local/lib/python3.8/site-packages/airflow/example_dags/example_trigger_controller_dag.py
[2026-07-21T18:17:24.229+0000] {processor.py:840} INFO - DAG(s) 'example_trigger_controller_dag' retrieved from /home/airflow/.local/lib/python3.8/site-packages/airflow/example_dags/example_trigger_controller_dag.py
[2026-07-21T18:17:24.256+0000] {logging_mixin.py:188} INFO - [2026-07-21T18:17:24.256+0000] {dag.py:3036} INFO - Sync 1 DAGs
[2026-07-21T18:17:24.281+0000] {logging_mixin.py:188} INFO - [2026-07-21T18:17:24.281+0000] {dag.py:3823} INFO - Setting next_dagrun for example_trigger_controller_dag to 2021-01-01 00:00:00+00:00, run_after=2021-01-01 00:00:00+00:00
[2026-07-21T18:17:24.301+0000] {processor.py:183} INFO - Processing /home/airflow/.local/lib/python3.8/site-packages/airflow/example_dags/example_trigger_controller_dag.py took 0.086 seconds
[2026-07-21T18:17:55.210+0000] {processor.py:161} INFO - Started process (PID=1081) to work on /home/airflow/.local/lib/python3.8/site-packages/airflow/example_dags/example_trigger_controller_dag.py
[2026-07-21T18:17:55.211+0000] {processor.py:830} INFO - Processing file /home/airflow/.local/lib/python3.8/site-packages/airflow/example_dags/example_trigger_controller_dag.py for tasks to queue
[2026-07-21T18:17:55.213+0000] {logging_mixin.py:188} INFO - [2026-07-21T18:17:55.213+0000] {dagbag.py:538} INFO - Filling up the DagBag from /home/airflow/.local/lib/python3.8/site-packages/airflow/example_dags/example_trigger_controller_dag.py
[2026-07-21T18:17:55.219+0000] {processor.py:840} INFO - DAG(s) 'example_trigger_controller_dag' retrieved from /home/airflow/.local/lib/python3.8/site-packages/airflow/example_dags/example_trigger_controller_dag.py
[2026-07-21T18:17:55.241+0000] {logging_mixin.py:188} INFO - [2026-07-21T18:17:55.241+0000] {dag.py:3036} INFO - Sync 1 DAGs
[2026-07-21T18:17:55.262+0000] {logging_mixin.py:188} INFO - [2026-07-21T18:17:55.262+0000] {dag.py:3823} INFO - Setting next_dagrun for example_trigger_controller_dag to 2021-01-01 00:00:00+00:00, run_after=2021-01-01 00:00:00+00:00
[2026-07-21T18:17:55.281+0000] {processor.py:183} INFO - Processing /home/airflow/.local/lib/python3.8/site-packages/airflow/example_dags/example_trigger_controller_dag.py took 0.075 seconds
[2026-07-21T18:18:26.128+0000] {processor.py:161} INFO - Started process (PID=1137) to work on /home/airflow/.local/lib/python3.8/site-packages/airflow/example_dags/example_trigger_controller_dag.py
[2026-07-21T18:18:26.129+0000] {processor.py:830} INFO - Processing file /home/airflow/.local/lib/python3.8/site-packages/airflow/example_dags/example_trigger_controller_dag.py for tasks to queue
[2026-07-21T18:18:26.131+0000] {logging_mixin.py:188} INFO - [2026-07-21T18:18:26.131+0000] {dagbag.py:538} INFO - Filling up the DagBag from /home/airflow/.local/lib/python3.8/site-packages/airflow/example_dags/example_trigger_controller_dag.py
[2026-07-21T18:18:26.137+0000] {processor.py:840} INFO - DAG(s) 'example_trigger_controller_dag' retrieved from /home/airflow/.local/lib/python3.8/site-packages/airflow/example_dags/example_trigger_controller_dag.py
[2026-07-21T18:18:26.159+0000] {logging_mixin.py:188} INFO - [2026-07-21T18:18:26.159+0000] {dag.py:3036} INFO - Sync 1 DAGs
[2026-07-21T18:18:26.180+0000] {logging_mixin.py:188} INFO - [2026-07-21T18:18:26.179+0000] {dag.py:3823} INFO - Setting next_dagrun for example_trigger_controller_dag to 2021-01-01 00:00:00+00:00, run_after=2021-01-01 00:00:00+00:00
[2026-07-21T18:18:26.203+0000] {processor.py:183} INFO - Processing /home/airflow/.local/lib/python3.8/site-packages/airflow/example_dags/example_trigger_controller_dag.py took 0.078 seconds
[2026-07-21T18:18:57.099+0000] {processor.py:161} INFO - Started process (PID=1193) to work on /home/airflow/.local/lib/python3.8/site-packages/airflow/example_dags/example_trigger_controller_dag.py
[2026-07-21T18:18:57.100+0000] {processor.py:830} INFO - Processing file /home/airflow/.local/lib/python3.8/site-packages/airflow/example_dags/example_trigger_controller_dag.py for tasks to queue
[2026-07-21T18:18:57.102+0000] {logging_mixin.py:188} INFO - [2026-07-21T18:18:57.102+0000] {dagbag.py:538} INFO - Filling up the DagBag from /home/airflow/.local/lib/python3.8/site-packages/airflow/example_dags/example_trigger_controller_dag.py
[2026-07-21T18:18:57.108+0000] {processor.py:840} INFO - DAG(s) 'example_trigger_controller_dag' retrieved from /home/airflow/.local/lib/python3.8/site-packages/airflow/example_dags/example_trigger_controller_dag.py
[2026-07-21T18:18:57.129+0000] {logging_mixin.py:188} INFO - [2026-07-21T18:18:57.129+0000] {dag.py:3036} INFO - Sync 1 DAGs
[2026-07-21T18:18:57.150+0000] {logging_mixin.py:188} INFO - [2026-07-21T18:18:57.150+0000] {dag.py:3823} INFO - Setting next_dagrun for example_trigger_controller_dag to 2021-01-01 00:00:00+00:00, run_after=2021-01-01 00:00:00+00:00
[2026-07-21T18:18:57.171+0000] {processor.py:183} INFO - Processing /home/airflow/.local/lib/python3.8/site-packages/airflow/example_dags/example_trigger_controller_dag.py took 0.076 seconds
[2026-07-21T18:19:27.602+0000] {processor.py:161} INFO - Started process (PID=1249) to work on /home/airflow/.local/lib/python3.8/site-packages/airflow/example_dags/example_trigger_controller_dag.py
[2026-07-21T18:19:27.604+0000] {processor.py:830} INFO - Processing file /home/airflow/.local/lib/python3.8/site-packages/airflow/example_dags/example_trigger_controller_dag.py for tasks to queue
[2026-07-21T18:19:27.606+0000] {logging_mixin.py:188} INFO - [2026-07-21T18:19:27.605+0000] {dagbag.py:538} INFO - Filling up the DagBag from /home/airflow/.local/lib/python3.8/site-packages/airflow/example_dags/example_trigger_controller_dag.py
[2026-07-21T18:19:27.611+0000] {processor.py:840} INFO - DAG(s) 'example_trigger_controller_dag' retrieved from /home/airflow/.local/lib/python3.8/site-packages/airflow/example_dags/example_trigger_controller_dag.py
[2026-07-21T18:19:27.631+0000] {logging_mixin.py:188} INFO - [2026-07-21T18:19:27.631+0000] {dag.py:3036} INFO - Sync 1 DAGs
[2026-07-21T18:19:27.652+0000] {logging_mixin.py:188} INFO - [2026-07-21T18:19:27.652+0000] {dag.py:3823} INFO - Setting next_dagrun for example_trigger_controller_dag to 2021-01-01 00:00:00+00:00, run_after=2021-01-01 00:00:00+00:00
[2026-07-21T18:19:27.672+0000] {processor.py:183} INFO - Processing /home/airflow/.local/lib/python3.8/site-packages/airflow/example_dags/example_trigger_controller_dag.py took 0.073 seconds
[2026-07-21T18:19:58.184+0000] {processor.py:161} INFO - Started process (PID=1305) to work on /home/airflow/.local/lib/python3.8/site-packages/airflow/example_dags/example_trigger_controller_dag.py
[2026-07-21T18:19:58.185+0000] {processor.py:830} INFO - Processing file /home/airflow/.local/lib/python3.8/site-packages/airflow/example_dags/example_trigger_controller_dag.py for tasks to queue
[2026-07-21T18:19:58.187+0000] {logging_mixin.py:188} INFO - [2026-07-21T18:19:58.186+0000] {dagbag.py:538} INFO - Filling up the DagBag from /home/airflow/.local/lib/python3.8/site-packages/airflow/example_dags/example_trigger_controller_dag.py
[2026-07-21T18:19:58.192+0000] {processor.py:840} INFO - DAG(s) 'example_trigger_controller_dag' retrieved from /home/airflow/.local/lib/python3.8/site-packages/airflow/example_dags/example_trigger_controller_dag.py
[2026-07-21T18:19:58.212+0000] {logging_mixin.py:188} INFO - [2026-07-21T18:19:58.212+0000] {dag.py:3036} INFO - Sync 1 DAGs
[2026-07-21T18:19:58.231+0000] {logging_mixin.py:188} INFO - [2026-07-21T18:19:58.231+0000] {dag.py:3823} INFO - Setting next_dagrun for example_trigger_controller_dag to 2021-01-01 00:00:00+00:00, run_after=2021-01-01 00:00:00+00:00
[2026-07-21T18:19:58.250+0000] {processor.py:183} INFO - Processing /home/airflow/.local/lib/python3.8/site-packages/airflow/example_dags/example_trigger_controller_dag.py took 0.070 seconds
[2026-07-21T18:20:28.943+0000] {processor.py:161} INFO - Started process (PID=1361) to work on /home/airflow/.local/lib/python3.8/site-packages/airflow/example_dags/example_trigger_controller_dag.py
[2026-07-21T18:20:28.944+0000] {processor.py:830} INFO - Processing file /home/airflow/.local/lib/python3.8/site-packages/airflow/example_dags/example_trigger_controller_dag.py for tasks to queue
[2026-07-21T18:20:28.946+0000] {logging_mixin.py:188} INFO - [2026-07-21T18:20:28.946+0000] {dagbag.py:538} INFO - Filling up the DagBag from /home/airflow/.local/lib/python3.8/site-packages/airflow/example_dags/example_trigger_controller_dag.py
[2026-07-21T18:20:28.952+0000] {processor.py:840} INFO - DAG(s) 'example_trigger_controller_dag' retrieved from /home/airflow/.local/lib/python3.8/site-packages/airflow/example_dags/example_trigger_controller_dag.py
[2026-07-21T18:20:28.974+0000] {logging_mixin.py:188} INFO - [2026-07-21T18:20:28.974+0000] {dag.py:3036} INFO - Sync 1 DAGs
[2026-07-21T18:20:28.993+0000] {logging_mixin.py:188} INFO - [2026-07-21T18:20:28.993+0000] {dag.py:3823} INFO - Setting next_dagrun for example_trigger_controller_dag to 2021-01-01 00:00:00+00:00, run_after=2021-01-01 00:00:00+00:00
[2026-07-21T18:20:29.012+0000] {processor.py:183} INFO - Processing /home/airflow/.local/lib/python3.8/site-packages/airflow/example_dags/example_trigger_controller_dag.py took 0.073 seconds
[2026-07-21T18:20:59.111+0000] {processor.py:161} INFO - Started process (PID=1417) to work on /home/airflow/.local/lib/python3.8/site-packages/airflow/example_dags/example_trigger_controller_dag.py
[2026-07-21T18:20:59.113+0000] {processor.py:830} INFO - Processing file /home/airflow/.local/lib/python3.8/site-packages/airflow/example_dags/example_trigger_controller_dag.py for tasks to queue
[2026-07-21T18:20:59.115+0000] {logging_mixin.py:188} INFO - [2026-07-21T18:20:59.114+0000] {dagbag.py:538} INFO - Filling up the DagBag from /home/airflow/.local/lib/python3.8/site-packages/airflow/example_dags/example_trigger_controller_dag.py
[2026-07-21T18:20:59.120+0000] {processor.py:840} INFO - DAG(s) 'example_trigger_controller_dag' retrieved from /home/airflow/.local/lib/python3.8/site-packages/airflow/example_dags/example_trigger_controller_dag.py
[2026-07-21T18:20:59.143+0000] {logging_mixin.py:188} INFO - [2026-07-21T18:20:59.143+0000] {dag.py:3036} INFO - Sync 1 DAGs
[2026-07-21T18:20:59.166+0000] {logging_mixin.py:188} INFO - [2026-07-21T18:20:59.166+0000] {dag.py:3823} INFO - Setting next_dagrun for example_trigger_controller_dag to 2021-01-01 00:00:00+00:00, run_after=2021-01-01 00:00:00+00:00
[2026-07-21T18:20:59.188+0000] {processor.py:183} INFO - Processing /home/airflow/.local/lib/python3.8/site-packages/airflow/example_dags/example_trigger_controller_dag.py took 0.081 seconds
[2026-07-21T18:21:31.368+0000] {processor.py:161} INFO - Started process (PID=1473) to work on /home/airflow/.local/lib/python3.8/site-packages/airflow/example_dags/example_trigger_controller_dag.py
[2026-07-21T18:21:31.369+0000] {processor.py:830} INFO - Processing file /home/airflow/.local/lib/python3.8/site-packages/airflow/example_dags/example_trigger_controller_dag.py for tasks to queue
[2026-07-21T18:21:31.371+0000] {logging_mixin.py:188} INFO - [2026-07-21T18:21:31.371+0000] {dagbag.py:538} INFO - Filling up the DagBag from /home/airflow/.local/lib/python3.8/site-packages/airflow/example_dags/example_trigger_controller_dag.py
[2026-07-21T18:21:31.377+0000] {processor.py:840} INFO - DAG(s) 'example_trigger_controller_dag' retrieved from /home/airflow/.local/lib/python3.8/site-packages/airflow/example_dags/example_trigger_controller_dag.py
[2026-07-21T18:21:31.398+0000] {logging_mixin.py:188} INFO - [2026-07-21T18:21:31.398+0000] {dag.py:3036} INFO - Sync 1 DAGs
[2026-07-21T18:21:31.577+0000] {logging_mixin.py:188} INFO - [2026-07-21T18:21:31.577+0000] {dag.py:3823} INFO - Setting next_dagrun for example_trigger_controller_dag to 2021-01-01 00:00:00+00:00, run_after=2021-01-01 00:00:00+00:00
[2026-07-21T18:21:31.596+0000] {processor.py:183} INFO - Processing /home/airflow/.local/lib/python3.8/site-packages/airflow/example_dags/example_trigger_controller_dag.py took 0.232 seconds
[2026-07-21T18:22:01.663+0000] {processor.py:161} INFO - Started process (PID=1529) to work on /home/airflow/.local/lib/python3.8/site-packages/airflow/example_dags/example_trigger_controller_dag.py
[2026-07-21T18:22:01.664+0000] {processor.py:830} INFO - Processing file /home/airflow/.local/lib/python3.8/site-packages/airflow/example_dags/example_trigger_controller_dag.py for tasks to queue
[2026-07-21T18:22:01.666+0000] {logging_mixin.py:188} INFO - [2026-07-21T18:22:01.666+0000] {dagbag.py:538} INFO - Filling up the DagBag from /home/airflow/.local/lib/python3.8/site-packages/airflow/example_dags/example_trigger_controller_dag.py
[2026-07-21T18:22:01.672+0000] {processor.py:840} INFO - DAG(s) 'example_trigger_controller_dag' retrieved from /home/airflow/.local/lib/python3.8/site-packages/airflow/example_dags/example_trigger_controller_dag.py
[2026-07-21T18:22:01.693+0000] {logging_mixin.py:188} INFO - [2026-07-21T18:22:01.693+0000] {dag.py:3036} INFO - Sync 1 DAGs
[2026-07-21T18:22:01.714+0000] {logging_mixin.py:188} INFO - [2026-07-21T18:22:01.713+0000] {dag.py:3823} INFO - Setting next_dagrun for example_trigger_controller_dag to 2021-01-01 00:00:00+00:00, run_after=2021-01-01 00:00:00+00:00
[2026-07-21T18:22:01.899+0000] {processor.py:183} INFO - Processing /home/airflow/.local/lib/python3.8/site-packages/airflow/example_dags/example_trigger_controller_dag.py took 0.240 seconds
[2026-07-21T18:22:32.559+0000] {processor.py:161} INFO - Started process (PID=1585) to work on /home/airflow/.local/lib/python3.8/site-packages/airflow/example_dags/example_trigger_controller_dag.py
[2026-07-21T18:22:32.560+0000] {processor.py:830} INFO - Processing file /home/airflow/.local/lib/python3.8/site-packages/airflow/example_dags/example_trigger_controller_dag.py for tasks to queue
[2026-07-21T18:22:32.562+0000] {logging_mixin.py:188} INFO - [2026-07-21T18:22:32.562+0000] {dagbag.py:538} INFO - Filling up the DagBag from /home/airflow/.local/lib/python3.8/site-packages/airflow/example_dags/example_trigger_controller_dag.py
[2026-07-21T18:22:32.567+0000] {processor.py:840} INFO - DAG(s) 'example_trigger_controller_dag' retrieved from /home/airflow/.local/lib/python3.8/site-packages/airflow/example_dags/example_trigger_controller_dag.py
[2026-07-21T18:22:32.588+0000] {logging_mixin.py:188} INFO - [2026-07-21T18:22:32.588+0000] {dag.py:3036} INFO - Sync 1 DAGs
[2026-07-21T18:22:32.611+0000] {logging_mixin.py:188} INFO - [2026-07-21T18:22:32.611+0000] {dag.py:3823} INFO - Setting next_dagrun for example_trigger_controller_dag to 2021-01-01 00:00:00+00:00, run_after=2021-01-01 00:00:00+00:00
[2026-07-21T18:22:32.629+0000] {processor.py:183} INFO - Processing /home/airflow/.local/lib/python3.8/site-packages/airflow/example_dags/example_trigger_controller_dag.py took 0.074 seconds
[2026-07-21T18:23:02.847+0000] {processor.py:161} INFO - Started process (PID=1641) to work on /home/airflow/.local/lib/python3.8/site-packages/airflow/example_dags/example_trigger_controller_dag.py
[2026-07-21T18:23:02.848+0000] {processor.py:830} INFO - Processing file /home/airflow/.local/lib/python3.8/site-packages/airflow/example_dags/example_trigger_controller_dag.py for tasks to queue
[2026-07-21T18:23:02.850+0000] {logging_mixin.py:188} INFO - [2026-07-21T18:23:02.850+0000] {dagbag.py:538} INFO - Filling up the DagBag from /home/airflow/.local/lib/python3.8/site-packages/airflow/example_dags/example_trigger_controller_dag.py
[2026-07-21T18:23:02.856+0000] {processor.py:840} INFO - DAG(s) 'example_trigger_controller_dag' retrieved from /home/airflow/.local/lib/python3.8/site-packages/airflow/example_dags/example_trigger_controller_dag.py
[2026-07-21T18:23:02.877+0000] {logging_mixin.py:188} INFO - [2026-07-21T18:23:02.877+0000] {dag.py:3036} INFO - Sync 1 DAGs
[2026-07-21T18:23:02.897+0000] {logging_mixin.py:188} INFO - [2026-07-21T18:23:02.896+0000] {dag.py:3823} INFO - Setting next_dagrun for example_trigger_controller_dag to 2021-01-01 00:00:00+00:00, run_after=2021-01-01 00:00:00+00:00
[2026-07-21T18:23:02.917+0000] {processor.py:183} INFO - Processing /home/airflow/.local/lib/python3.8/site-packages/airflow/example_dags/example_trigger_controller_dag.py took 0.074 seconds
[2026-07-21T18:23:35.462+0000] {processor.py:161} INFO - Started process (PID=1697) to work on /home/airflow/.local/lib/python3.8/site-packages/airflow/example_dags/example_trigger_controller_dag.py
[2026-07-21T18:23:35.463+0000] {processor.py:830} INFO - Processing file /home/airflow/.local/lib/python3.8/site-packages/airflow/example_dags/example_trigger_controller_dag.py for tasks to queue
[2026-07-21T18:23:35.465+0000] {logging_mixin.py:188} INFO - [2026-07-21T18:23:35.464+0000] {dagbag.py:538} INFO - Filling up the DagBag from /home/airflow/.local/lib/python3.8/site-packages/airflow/example_dags/example_trigger_controller_dag.py
[2026-07-21T18:23:35.470+0000] {processor.py:840} INFO - DAG(s) 'example_trigger_controller_dag' retrieved from /home/airflow/.local/lib/python3.8/site-packages/airflow/example_dags/example_trigger_controller_dag.py
[2026-07-21T18:23:35.661+0000] {logging_mixin.py:188} INFO - [2026-07-21T18:23:35.661+0000] {dag.py:3036} INFO - Sync 1 DAGs
[2026-07-21T18:23:35.679+0000] {logging_mixin.py:188} INFO - [2026-07-21T18:23:35.679+0000] {dag.py:3823} INFO - Setting next_dagrun for example_trigger_controller_dag to 2021-01-01 00:00:00+00:00, run_after=2021-01-01 00:00:00+00:00
[2026-07-21T18:23:35.697+0000] {processor.py:183} INFO - Processing /home/airflow/.local/lib/python3.8/site-packages/airflow/example_dags/example_trigger_controller_dag.py took 0.239 seconds
[2026-07-21T18:24:06.099+0000] {processor.py:161} INFO - Started process (PID=1753) to work on /home/airflow/.local/lib/python3.8/site-packages/airflow/example_dags/example_trigger_controller_dag.py
[2026-07-21T18:24:06.100+0000] {processor.py:830} INFO - Processing file /home/airflow/.local/lib/python3.8/site-packages/airflow/example_dags/example_trigger_controller_dag.py for tasks to queue
[2026-07-21T18:24:06.102+0000] {logging_mixin.py:188} INFO - [2026-07-21T18:24:06.102+0000] {dagbag.py:538} INFO - Filling up the DagBag from /home/airflow/.local/lib/python3.8/site-packages/airflow/example_dags/example_trigger_controller_dag.py
[2026-07-21T18:24:06.108+0000] {processor.py:840} INFO - DAG(s) 'example_trigger_controller_dag' retrieved from /home/airflow/.local/lib/python3.8/site-packages/airflow/example_dags/example_trigger_controller_dag.py
[2026-07-21T18:24:06.133+0000] {logging_mixin.py:188} INFO - [2026-07-21T18:24:06.133+0000] {dag.py:3036} INFO - Sync 1 DAGs
[2026-07-21T18:24:06.157+0000] {logging_mixin.py:188} INFO - [2026-07-21T18:24:06.157+0000] {dag.py:3823} INFO - Setting next_dagrun for example_trigger_controller_dag to 2021-01-01 00:00:00+00:00, run_after=2021-01-01 00:00:00+00:00
[2026-07-21T18:24:06.179+0000] {processor.py:183} INFO - Processing /home/airflow/.local/lib/python3.8/site-packages/airflow/example_dags/example_trigger_controller_dag.py took 0.084 seconds
[2026-07-21T18:24:36.289+0000] {processor.py:161} INFO - Started process (PID=1809) to work on /home/airflow/.local/lib/python3.8/site-packages/airflow/example_dags/example_trigger_controller_dag.py
[2026-07-21T18:24:36.291+0000] {processor.py:830} INFO - Processing file /home/airflow/.local/lib/python3.8/site-packages/airflow/example_dags/example_trigger_controller_dag.py for tasks to queue
[2026-07-21T18:24:36.293+0000] {logging_mixin.py:188} INFO - [2026-07-21T18:24:36.293+0000] {dagbag.py:538} INFO - Filling up the DagBag from /home/airflow/.local/lib/python3.8/site-packages/airflow/example_dags/example_trigger_controller_dag.py
[2026-07-21T18:24:36.300+0000] {processor.py:840} INFO - DAG(s) 'example_trigger_controller_dag' retrieved from /home/airflow/.local/lib/python3.8/site-packages/airflow/example_dags/example_trigger_controller_dag.py
[2026-07-21T18:24:36.324+0000] {logging_mixin.py:188} INFO - [2026-07-21T18:24:36.324+0000] {dag.py:3036} INFO - Sync 1 DAGs
[2026-07-21T18:24:36.349+0000] {logging_mixin.py:188} INFO - [2026-07-21T18:24:36.348+0000] {dag.py:3823} INFO - Setting next_dagrun for example_trigger_controller_dag to 2021-01-01 00:00:00+00:00, run_after=2021-01-01 00:00:00+00:00
[2026-07-21T18:24:36.369+0000] {processor.py:183} INFO - Processing /home/airflow/.local/lib/python3.8/site-packages/airflow/example_dags/example_trigger_controller_dag.py took 0.084 seconds
[2026-07-21T18:25:06.630+0000] {processor.py:161} INFO - Started process (PID=1865) to work on /home/airflow/.local/lib/python3.8/site-packages/airflow/example_dags/example_trigger_controller_dag.py
[2026-07-21T18:25:06.632+0000] {processor.py:830} INFO - Processing file /home/airflow/.local/lib/python3.8/site-packages/airflow/example_dags/example_trigger_controller_dag.py for tasks to queue
[2026-07-21T18:25:06.634+0000] {logging_mixin.py:188} INFO - [2026-07-21T18:25:06.633+0000] {dagbag.py:538} INFO - Filling up the DagBag from /home/airflow/.local/lib/python3.8/site-packages/airflow/example_dags/example_trigger_controller_dag.py
[2026-07-21T18:25:06.639+0000] {processor.py:840} INFO - DAG(s) 'example_trigger_controller_dag' retrieved from /home/airflow/.local/lib/python3.8/site-packages/airflow/example_dags/example_trigger_controller_dag.py
[2026-07-21T18:25:06.664+0000] {logging_mixin.py:188} INFO - [2026-07-21T18:25:06.664+0000] {dag.py:3036} INFO - Sync 1 DAGs
[2026-07-21T18:25:06.689+0000] {logging_mixin.py:188} INFO - [2026-07-21T18:25:06.689+0000] {dag.py:3823} INFO - Setting next_dagrun for example_trigger_controller_dag to 2021-01-01 00:00:00+00:00, run_after=2021-01-01 00:00:00+00:00
[2026-07-21T18:25:06.712+0000] {processor.py:183} INFO - Processing /home/airflow/.local/lib/python3.8/site-packages/airflow/example_dags/example_trigger_controller_dag.py took 0.085 seconds
[2026-07-21T18:25:37.608+0000] {processor.py:161} INFO - Started process (PID=1921) to work on /home/airflow/.local/lib/python3.8/site-packages/airflow/example_dags/example_trigger_controller_dag.py
[2026-07-21T18:25:37.610+0000] {processor.py:830} INFO - Processing file /home/airflow/.local/lib/python3.8/site-packages/airflow/example_dags/example_trigger_controller_dag.py for tasks to queue
[2026-07-21T18:25:37.613+0000] {logging_mixin.py:188} INFO - [2026-07-21T18:25:37.613+0000] {dagbag.py:538} INFO - Filling up the DagBag from /home/airflow/.local/lib/python3.8/site-packages/airflow/example_dags/example_trigger_controller_dag.py
[2026-07-21T18:25:37.621+0000] {processor.py:840} INFO - DAG(s) 'example_trigger_controller_dag' retrieved from /home/airflow/.local/lib/python3.8/site-packages/airflow/example_dags/example_trigger_controller_dag.py
[2026-07-21T18:25:37.648+0000] {logging_mixin.py:188} INFO - [2026-07-21T18:25:37.648+0000] {dag.py:3036} INFO - Sync 1 DAGs
[2026-07-21T18:25:37.670+0000] {logging_mixin.py:188} INFO - [2026-07-21T18:25:37.670+0000] {dag.py:3823} INFO - Setting next_dagrun for example_trigger_controller_dag to 2021-01-01 00:00:00+00:00, run_after=2021-01-01 00:00:00+00:00
[2026-07-21T18:25:37.690+0000] {processor.py:183} INFO - Processing /home/airflow/.local/lib/python3.8/site-packages/airflow/example_dags/example_trigger_controller_dag.py took 0.087 seconds
[2026-07-21T18:26:08.331+0000] {processor.py:161} INFO - Started process (PID=1977) to work on /home/airflow/.local/lib/python3.8/site-packages/airflow/example_dags/example_trigger_controller_dag.py
[2026-07-21T18:26:08.333+0000] {processor.py:830} INFO - Processing file /home/airflow/.local/lib/python3.8/site-packages/airflow/example_dags/example_trigger_controller_dag.py for tasks to queue
[2026-07-21T18:26:08.336+0000] {logging_mixin.py:188} INFO - [2026-07-21T18:26:08.335+0000] {dagbag.py:538} INFO - Filling up the DagBag from /home/airflow/.local/lib/python3.8/site-packages/airflow/example_dags/example_trigger_controller_dag.py
[2026-07-21T18:26:08.342+0000] {processor.py:840} INFO - DAG(s) 'example_trigger_controller_dag' retrieved from /home/airflow/.local/lib/python3.8/site-packages/airflow/example_dags/example_trigger_controller_dag.py
[2026-07-21T18:26:08.367+0000] {logging_mixin.py:188} INFO - [2026-07-21T18:26:08.367+0000] {dag.py:3036} INFO - Sync 1 DAGs
[2026-07-21T18:26:08.390+0000] {logging_mixin.py:188} INFO - [2026-07-21T18:26:08.390+0000] {dag.py:3823} INFO - Setting next_dagrun for example_trigger_controller_dag to 2021-01-01 00:00:00+00:00, run_after=2021-01-01 00:00:00+00:00
[2026-07-21T18:26:08.411+0000] {processor.py:183} INFO - Processing /home/airflow/.local/lib/python3.8/site-packages/airflow/example_dags/example_trigger_controller_dag.py took 0.084 seconds
[2026-07-21T18:26:39.866+0000] {processor.py:161} INFO - Started process (PID=2033) to work on /home/airflow/.local/lib/python3.8/site-packages/airflow/example_dags/example_trigger_controller_dag.py
[2026-07-21T18:26:39.867+0000] {processor.py:830} INFO - Processing file /home/airflow/.local/lib/python3.8/site-packages/airflow/example_dags/example_trigger_controller_dag.py for tasks to queue
[2026-07-21T18:26:39.869+0000] {logging_mixin.py:188} INFO - [2026-07-21T18:26:39.868+0000] {dagbag.py:538} INFO - Filling up the DagBag from /home/airflow/.local/lib/python3.8/site-packages/airflow/example_dags/example_trigger_controller_dag.py
[2026-07-21T18:26:39.874+0000] {processor.py:840} INFO - DAG(s) 'example_trigger_controller_dag' retrieved from /home/airflow/.local/lib/python3.8/site-packages/airflow/example_dags/example_trigger_controller_dag.py
[2026-07-21T18:26:39.895+0000] {logging_mixin.py:188} INFO - [2026-07-21T18:26:39.894+0000] {dag.py:3036} INFO - Sync 1 DAGs
[2026-07-21T18:26:39.914+0000] {logging_mixin.py:188} INFO - [2026-07-21T18:26:39.914+0000] {dag.py:3823} INFO - Setting next_dagrun for example_trigger_controller_dag to 2021-01-01 00:00:00+00:00, run_after=2021-01-01 00:00:00+00:00
[2026-07-21T18:26:39.932+0000] {processor.py:183} INFO - Processing /home/airflow/.local/lib/python3.8/site-packages/airflow/example_dags/example_trigger_controller_dag.py took 0.069 seconds
[2026-07-21T18:27:10.439+0000] {processor.py:161} INFO - Started process (PID=2089) to work on /home/airflow/.local/lib/python3.8/site-packages/airflow/example_dags/example_trigger_controller_dag.py
[2026-07-21T18:27:10.440+0000] {processor.py:830} INFO - Processing file /home/airflow/.local/lib/python3.8/site-packages/airflow/example_dags/example_trigger_controller_dag.py for tasks to queue
[2026-07-21T18:27:10.442+0000] {logging_mixin.py:188} INFO - [2026-07-21T18:27:10.442+0000] {dagbag.py:538} INFO - Filling up the DagBag from /home/airflow/.local/lib/python3.8/site-packages/airflow/example_dags/example_trigger_controller_dag.py
[2026-07-21T18:27:10.447+0000] {processor.py:840} INFO - DAG(s) 'example_trigger_controller_dag' retrieved from /home/airflow/.local/lib/python3.8/site-packages/airflow/example_dags/example_trigger_controller_dag.py
[2026-07-21T18:27:10.469+0000] {logging_mixin.py:188} INFO - [2026-07-21T18:27:10.469+0000] {dag.py:3036} INFO - Sync 1 DAGs
[2026-07-21T18:27:10.488+0000] {logging_mixin.py:188} INFO - [2026-07-21T18:27:10.488+0000] {dag.py:3823} INFO - Setting next_dagrun for example_trigger_controller_dag to 2021-01-01 00:00:00+00:00, run_after=2021-01-01 00:00:00+00:00
[2026-07-21T18:27:10.506+0000] {processor.py:183} INFO - Processing /home/airflow/.local/lib/python3.8/site-packages/airflow/example_dags/example_trigger_controller_dag.py took 0.071 seconds
[2026-07-21T18:27:41.062+0000] {processor.py:161} INFO - Started process (PID=2145) to work on /home/airflow/.local/lib/python3.8/site-packages/airflow/example_dags/example_trigger_controller_dag.py
[2026-07-21T18:27:41.063+0000] {processor.py:830} INFO - Processing file /home/airflow/.local/lib/python3.8/site-packages/airflow/example_dags/example_trigger_controller_dag.py for tasks to queue
[2026-07-21T18:27:41.065+0000] {logging_mixin.py:188} INFO - [2026-07-21T18:27:41.065+0000] {dagbag.py:538} INFO - Filling up the DagBag from /home/airflow/.local/lib/python3.8/site-packages/airflow/example_dags/example_trigger_controller_dag.py
[2026-07-21T18:27:41.072+0000] {processor.py:840} INFO - DAG(s) 'example_trigger_controller_dag' retrieved from /home/airflow/.local/lib/python3.8/site-packages/airflow/example_dags/example_trigger_controller_dag.py
[2026-07-21T18:27:41.098+0000] {logging_mixin.py:188} INFO - [2026-07-21T18:27:41.098+0000] {dag.py:3036} INFO - Sync 1 DAGs
[2026-07-21T18:27:41.123+0000] {logging_mixin.py:188} INFO - [2026-07-21T18:27:41.123+0000] {dag.py:3823} INFO - Setting next_dagrun for example_trigger_controller_dag to 2021-01-01 00:00:00+00:00, run_after=2021-01-01 00:00:00+00:00
[2026-07-21T18:27:41.150+0000] {processor.py:183} INFO - Processing /home/airflow/.local/lib/python3.8/site-packages/airflow/example_dags/example_trigger_controller_dag.py took 0.092 seconds
[2026-07-21T18:28:11.538+0000] {processor.py:161} INFO - Started process (PID=2201) to work on /home/airflow/.local/lib/python3.8/site-packages/airflow/example_dags/example_trigger_controller_dag.py
[2026-07-21T18:28:11.540+0000] {processor.py:830} INFO - Processing file /home/airflow/.local/lib/python3.8/site-packages/airflow/example_dags/example_trigger_controller_dag.py for tasks to queue
[2026-07-21T18:28:11.542+0000] {logging_mixin.py:188} INFO - [2026-07-21T18:28:11.541+0000] {dagbag.py:538} INFO - Filling up the DagBag from /home/airflow/.local/lib/python3.8/site-packages/airflow/example_dags/example_trigger_controller_dag.py
[2026-07-21T18:28:11.547+0000] {processor.py:840} INFO - DAG(s) 'example_trigger_controller_dag' retrieved from /home/airflow/.local/lib/python3.8/site-packages/airflow/example_dags/example_trigger_controller_dag.py
[2026-07-21T18:28:11.568+0000] {logging_mixin.py:188} INFO - [2026-07-21T18:28:11.568+0000] {dag.py:3036} INFO - Sync 1 DAGs
[2026-07-21T18:28:11.587+0000] {logging_mixin.py:188} INFO - [2026-07-21T18:28:11.587+0000] {dag.py:3823} INFO - Setting next_dagrun for example_trigger_controller_dag to 2021-01-01 00:00:00+00:00, run_after=2021-01-01 00:00:00+00:00
[2026-07-21T18:28:11.604+0000] {processor.py:183} INFO - Processing /home/airflow/.local/lib/python3.8/site-packages/airflow/example_dags/example_trigger_controller_dag.py took 0.070 seconds
[2026-07-21T18:28:41.932+0000] {processor.py:161} INFO - Started process (PID=2257) to work on /home/airflow/.local/lib/python3.8/site-packages/airflow/example_dags/example_trigger_controller_dag.py
[2026-07-21T18:28:41.933+0000] {processor.py:830} INFO - Processing file /home/airflow/.local/lib/python3.8/site-packages/airflow/example_dags/example_trigger_controller_dag.py for tasks to queue
[2026-07-21T18:28:41.935+0000] {logging_mixin.py:188} INFO - [2026-07-21T18:28:41.935+0000] {dagbag.py:538} INFO - Filling up the DagBag from /home/airflow/.local/lib/python3.8/site-packages/airflow/example_dags/example_trigger_controller_dag.py
[2026-07-21T18:28:41.940+0000] {processor.py:840} INFO - DAG(s) 'example_trigger_controller_dag' retrieved from /home/airflow/.local/lib/python3.8/site-packages/airflow/example_dags/example_trigger_controller_dag.py
[2026-07-21T18:28:41.961+0000] {logging_mixin.py:188} INFO - [2026-07-21T18:28:41.961+0000] {dag.py:3036} INFO - Sync 1 DAGs
[2026-07-21T18:28:41.982+0000] {logging_mixin.py:188} INFO - [2026-07-21T18:28:41.981+0000] {dag.py:3823} INFO - Setting next_dagrun for example_trigger_controller_dag to 2021-01-01 00:00:00+00:00, run_after=2021-01-01 00:00:00+00:00
[2026-07-21T18:28:42.002+0000] {processor.py:183} INFO - Processing /home/airflow/.local/lib/python3.8/site-packages/airflow/example_dags/example_trigger_controller_dag.py took 0.073 seconds
[2026-07-21T18:29:12.304+0000] {processor.py:161} INFO - Started process (PID=2313) to work on /home/airflow/.local/lib/python3.8/site-packages/airflow/example_dags/example_trigger_controller_dag.py
[2026-07-21T18:29:12.305+0000] {processor.py:830} INFO - Processing file /home/airflow/.local/lib/python3.8/site-packages/airflow/example_dags/example_trigger_controller_dag.py for tasks to queue
[2026-07-21T18:29:12.307+0000] {logging_mixin.py:188} INFO - [2026-07-21T18:29:12.306+0000] {dagbag.py:538} INFO - Filling up the DagBag from /home/airflow/.local/lib/python3.8/site-packages/airflow/example_dags/example_trigger_controller_dag.py
[2026-07-21T18:29:12.312+0000] {processor.py:840} INFO - DAG(s) 'example_trigger_controller_dag' retrieved from /home/airflow/.local/lib/python3.8/site-packages/airflow/example_dags/example_trigger_controller_dag.py
[2026-07-21T18:29:12.333+0000] {logging_mixin.py:188} INFO - [2026-07-21T18:29:12.333+0000] {dag.py:3036} INFO - Sync 1 DAGs
[2026-07-21T18:29:12.355+0000] {logging_mixin.py:188} INFO - [2026-07-21T18:29:12.354+0000] {dag.py:3823} INFO - Setting next_dagrun for example_trigger_controller_dag to 2021-01-01 00:00:00+00:00, run_after=2021-01-01 00:00:00+00:00
[2026-07-21T18:29:12.375+0000] {processor.py:183} INFO - Processing /home/airflow/.local/lib/python3.8/site-packages/airflow/example_dags/example_trigger_controller_dag.py took 0.075 seconds
[2026-07-21T18:29:42.867+0000] {processor.py:161} INFO - Started process (PID=2369) to work on /home/airflow/.local/lib/python3.8/site-packages/airflow/example_dags/example_trigger_controller_dag.py
[2026-07-21T18:29:42.868+0000] {processor.py:830} INFO - Processing file /home/airflow/.local/lib/python3.8/site-packages/airflow/example_dags/example_trigger_controller_dag.py for tasks to queue
[2026-07-21T18:29:42.870+0000] {logging_mixin.py:188} INFO - [2026-07-21T18:29:42.869+0000] {dagbag.py:538} INFO - Filling up the DagBag from /home/airflow/.local/lib/python3.8/site-packages/airflow/example_dags/example_trigger_controller_dag.py
[2026-07-21T18:29:42.875+0000] {processor.py:840} INFO - DAG(s) 'example_trigger_controller_dag' retrieved from /home/airflow/.local/lib/python3.8/site-packages/airflow/example_dags/example_trigger_controller_dag.py
[2026-07-21T18:29:42.896+0000] {logging_mixin.py:188} INFO - [2026-07-21T18:29:42.896+0000] {dag.py:3036} INFO - Sync 1 DAGs
[2026-07-21T18:29:42.916+0000] {logging_mixin.py:188} INFO - [2026-07-21T18:29:42.916+0000] {dag.py:3823} INFO - Setting next_dagrun for example_trigger_controller_dag to 2021-01-01 00:00:00+00:00, run_after=2021-01-01 00:00:00+00:00
[2026-07-21T18:29:42.935+0000] {processor.py:183} INFO - Processing /home/airflow/.local/lib/python3.8/site-packages/airflow/example_dags/example_trigger_controller_dag.py took 0.072 seconds
[2026-07-21T18:30:13.259+0000] {processor.py:161} INFO - Started process (PID=2425) to work on /home/airflow/.local/lib/python3.8/site-packages/airflow/example_dags/example_trigger_controller_dag.py
[2026-07-21T18:30:13.261+0000] {processor.py:830} INFO - Processing file /home/airflow/.local/lib/python3.8/site-packages/airflow/example_dags/example_trigger_controller_dag.py for tasks to queue
[2026-07-21T18:30:13.265+0000] {logging_mixin.py:188} INFO - [2026-07-21T18:30:13.264+0000] {dagbag.py:538} INFO - Filling up the DagBag from /home/airflow/.local/lib/python3.8/site-packages/airflow/example_dags/example_trigger_controller_dag.py
[2026-07-21T18:30:13.273+0000] {processor.py:840} INFO - DAG(s) 'example_trigger_controller_dag' retrieved from /home/airflow/.local/lib/python3.8/site-packages/airflow/example_dags/example_trigger_controller_dag.py
[2026-07-21T18:30:13.296+0000] {logging_mixin.py:188} INFO - [2026-07-21T18:30:13.296+0000] {dag.py:3036} INFO - Sync 1 DAGs
[2026-07-21T18:30:13.317+0000] {logging_mixin.py:188} INFO - [2026-07-21T18:30:13.317+0000] {dag.py:3823} INFO - Setting next_dagrun for example_trigger_controller_dag to 2021-01-01 00:00:00+00:00, run_after=2021-01-01 00:00:00+00:00
[2026-07-21T18:30:13.335+0000] {processor.py:183} INFO - Processing /home/airflow/.local/lib/python3.8/site-packages/airflow/example_dags/example_trigger_controller_dag.py took 0.081 seconds
[2026-07-21T18:30:43.641+0000] {processor.py:161} INFO - Started process (PID=2481) to work on /home/airflow/.local/lib/python3.8/site-packages/airflow/example_dags/example_trigger_controller_dag.py
[2026-07-21T18:30:43.643+0000] {processor.py:830} INFO - Processing file /home/airflow/.local/lib/python3.8/site-packages/airflow/example_dags/example_trigger_controller_dag.py for tasks to queue
[2026-07-21T18:30:43.644+0000] {logging_mixin.py:188} INFO - [2026-07-21T18:30:43.644+0000] {dagbag.py:538} INFO - Filling up the DagBag from /home/airflow/.local/lib/python3.8/site-packages/airflow/example_dags/example_trigger_controller_dag.py
[2026-07-21T18:30:43.650+0000] {processor.py:840} INFO - DAG(s) 'example_trigger_controller_dag' retrieved from /home/airflow/.local/lib/python3.8/site-packages/airflow/example_dags/example_trigger_controller_dag.py
[2026-07-21T18:30:43.671+0000] {logging_mixin.py:188} INFO - [2026-07-21T18:30:43.671+0000] {dag.py:3036} INFO - Sync 1 DAGs
[2026-07-21T18:30:43.690+0000] {logging_mixin.py:188} INFO - [2026-07-21T18:30:43.690+0000] {dag.py:3823} INFO - Setting next_dagrun for example_trigger_controller_dag to 2021-01-01 00:00:00+00:00, run_after=2021-01-01 00:00:00+00:00
[2026-07-21T18:30:43.710+0000] {processor.py:183} INFO - Processing /home/airflow/.local/lib/python3.8/site-packages/airflow/example_dags/example_trigger_controller_dag.py took 0.072 seconds
[2026-07-21T18:31:14.068+0000] {processor.py:161} INFO - Started process (PID=2537) to work on /home/airflow/.local/lib/python3.8/site-packages/airflow/example_dags/example_trigger_controller_dag.py
[2026-07-21T18:31:14.069+0000] {processor.py:830} INFO - Processing file /home/airflow/.local/lib/python3.8/site-packages/airflow/example_dags/example_trigger_controller_dag.py for tasks to queue
[2026-07-21T18:31:14.071+0000] {logging_mixin.py:188} INFO - [2026-07-21T18:31:14.071+0000] {dagbag.py:538} INFO - Filling up the DagBag from /home/airflow/.local/lib/python3.8/site-packages/airflow/example_dags/example_trigger_controller_dag.py
[2026-07-21T18:31:14.077+0000] {processor.py:840} INFO - DAG(s) 'example_trigger_controller_dag' retrieved from /home/airflow/.local/lib/python3.8/site-packages/airflow/example_dags/example_trigger_controller_dag.py
[2026-07-21T18:31:14.100+0000] {logging_mixin.py:188} INFO - [2026-07-21T18:31:14.099+0000] {dag.py:3036} INFO - Sync 1 DAGs
[2026-07-21T18:31:14.121+0000] {logging_mixin.py:188} INFO - [2026-07-21T18:31:14.120+0000] {dag.py:3823} INFO - Setting next_dagrun for example_trigger_controller_dag to 2021-01-01 00:00:00+00:00, run_after=2021-01-01 00:00:00+00:00
[2026-07-21T18:31:14.141+0000] {processor.py:183} INFO - Processing /home/airflow/.local/lib/python3.8/site-packages/airflow/example_dags/example_trigger_controller_dag.py took 0.077 seconds
[2026-07-21T18:34:15.021+0000] {processor.py:161} INFO - Started process (PID=90) to work on /home/airflow/.local/lib/python3.10/site-packages/airflow/example_dags/example_trigger_controller_dag.py
[2026-07-21T18:34:15.023+0000] {processor.py:830} INFO - Processing file /home/airflow/.local/lib/python3.10/site-packages/airflow/example_dags/example_trigger_controller_dag.py for tasks to queue
[2026-07-21T18:34:15.027+0000] {logging_mixin.py:188} INFO - [2026-07-21T18:34:15.026+0000] {dagbag.py:538} INFO - Filling up the DagBag from /home/airflow/.local/lib/python3.10/site-packages/airflow/example_dags/example_trigger_controller_dag.py
[2026-07-21T18:34:15.045+0000] {processor.py:840} INFO - DAG(s) 'example_trigger_controller_dag' retrieved from /home/airflow/.local/lib/python3.10/site-packages/airflow/example_dags/example_trigger_controller_dag.py
[2026-07-21T18:34:15.071+0000] {logging_mixin.py:188} INFO - [2026-07-21T18:34:15.071+0000] {dag.py:3036} INFO - Sync 1 DAGs
[2026-07-21T18:34:15.096+0000] {logging_mixin.py:188} INFO - [2026-07-21T18:34:15.096+0000] {dag.py:3823} INFO - Setting next_dagrun for example_trigger_controller_dag to 2021-01-01 00:00:00+00:00, run_after=2021-01-01 00:00:00+00:00
[2026-07-21T18:34:15.128+0000] {processor.py:183} INFO - Processing /home/airflow/.local/lib/python3.10/site-packages/airflow/example_dags/example_trigger_controller_dag.py took 0.112 seconds
[2026-07-21T18:34:45.279+0000] {processor.py:161} INFO - Started process (PID=146) to work on /home/airflow/.local/lib/python3.10/site-packages/airflow/example_dags/example_trigger_controller_dag.py
[2026-07-21T18:34:45.281+0000] {processor.py:830} INFO - Processing file /home/airflow/.local/lib/python3.10/site-packages/airflow/example_dags/example_trigger_controller_dag.py for tasks to queue
[2026-07-21T18:34:45.284+0000] {logging_mixin.py:188} INFO - [2026-07-21T18:34:45.283+0000] {dagbag.py:538} INFO - Filling up the DagBag from /home/airflow/.local/lib/python3.10/site-packages/airflow/example_dags/example_trigger_controller_dag.py
[2026-07-21T18:34:45.290+0000] {processor.py:840} INFO - DAG(s) 'example_trigger_controller_dag' retrieved from /home/airflow/.local/lib/python3.10/site-packages/airflow/example_dags/example_trigger_controller_dag.py
[2026-07-21T18:34:45.386+0000] {logging_mixin.py:188} INFO - [2026-07-21T18:34:45.386+0000] {dag.py:3036} INFO - Sync 1 DAGs
[2026-07-21T18:34:45.403+0000] {logging_mixin.py:188} INFO - [2026-07-21T18:34:45.403+0000] {dag.py:3823} INFO - Setting next_dagrun for example_trigger_controller_dag to 2021-01-01 00:00:00+00:00, run_after=2021-01-01 00:00:00+00:00
[2026-07-21T18:34:45.421+0000] {processor.py:183} INFO - Processing /home/airflow/.local/lib/python3.10/site-packages/airflow/example_dags/example_trigger_controller_dag.py took 0.147 seconds
[2026-07-21T18:35:16.365+0000] {processor.py:161} INFO - Started process (PID=202) to work on /home/airflow/.local/lib/python3.10/site-packages/airflow/example_dags/example_trigger_controller_dag.py
[2026-07-21T18:35:16.366+0000] {processor.py:830} INFO - Processing file /home/airflow/.local/lib/python3.10/site-packages/airflow/example_dags/example_trigger_controller_dag.py for tasks to queue
[2026-07-21T18:35:16.368+0000] {logging_mixin.py:188} INFO - [2026-07-21T18:35:16.368+0000] {dagbag.py:538} INFO - Filling up the DagBag from /home/airflow/.local/lib/python3.10/site-packages/airflow/example_dags/example_trigger_controller_dag.py
[2026-07-21T18:35:16.375+0000] {processor.py:840} INFO - DAG(s) 'example_trigger_controller_dag' retrieved from /home/airflow/.local/lib/python3.10/site-packages/airflow/example_dags/example_trigger_controller_dag.py
[2026-07-21T18:35:16.396+0000] {logging_mixin.py:188} INFO - [2026-07-21T18:35:16.396+0000] {dag.py:3036} INFO - Sync 1 DAGs
[2026-07-21T18:35:16.416+0000] {logging_mixin.py:188} INFO - [2026-07-21T18:35:16.416+0000] {dag.py:3823} INFO - Setting next_dagrun for example_trigger_controller_dag to 2021-01-01 00:00:00+00:00, run_after=2021-01-01 00:00:00+00:00
[2026-07-21T18:35:16.434+0000] {processor.py:183} INFO - Processing /home/airflow/.local/lib/python3.10/site-packages/airflow/example_dags/example_trigger_controller_dag.py took 0.073 seconds
[2026-07-21T18:35:46.884+0000] {processor.py:161} INFO - Started process (PID=259) to work on /home/airflow/.local/lib/python3.10/site-packages/airflow/example_dags/example_trigger_controller_dag.py
[2026-07-21T18:35:46.886+0000] {processor.py:830} INFO - Processing file /home/airflow/.local/lib/python3.10/site-packages/airflow/example_dags/example_trigger_controller_dag.py for tasks to queue
[2026-07-21T18:35:46.888+0000] {logging_mixin.py:188} INFO - [2026-07-21T18:35:46.888+0000] {dagbag.py:538} INFO - Filling up the DagBag from /home/airflow/.local/lib/python3.10/site-packages/airflow/example_dags/example_trigger_controller_dag.py
[2026-07-21T18:35:46.894+0000] {processor.py:840} INFO - DAG(s) 'example_trigger_controller_dag' retrieved from /home/airflow/.local/lib/python3.10/site-packages/airflow/example_dags/example_trigger_controller_dag.py
[2026-07-21T18:35:46.917+0000] {logging_mixin.py:188} INFO - [2026-07-21T18:35:46.917+0000] {dag.py:3036} INFO - Sync 1 DAGs
[2026-07-21T18:35:46.949+0000] {logging_mixin.py:188} INFO - [2026-07-21T18:35:46.948+0000] {dag.py:3823} INFO - Setting next_dagrun for example_trigger_controller_dag to 2021-01-01 00:00:00+00:00, run_after=2021-01-01 00:00:00+00:00
[2026-07-21T18:35:46.979+0000] {processor.py:183} INFO - Processing /home/airflow/.local/lib/python3.10/site-packages/airflow/example_dags/example_trigger_controller_dag.py took 0.098 seconds
[2026-07-21T18:36:17.045+0000] {processor.py:161} INFO - Started process (PID=315) to work on /home/airflow/.local/lib/python3.10/site-packages/airflow/example_dags/example_trigger_controller_dag.py
[2026-07-21T18:36:17.046+0000] {processor.py:830} INFO - Processing file /home/airflow/.local/lib/python3.10/site-packages/airflow/example_dags/example_trigger_controller_dag.py for tasks to queue
[2026-07-21T18:36:17.048+0000] {logging_mixin.py:188} INFO - [2026-07-21T18:36:17.048+0000] {dagbag.py:538} INFO - Filling up the DagBag from /home/airflow/.local/lib/python3.10/site-packages/airflow/example_dags/example_trigger_controller_dag.py
[2026-07-21T18:36:17.054+0000] {processor.py:840} INFO - DAG(s) 'example_trigger_controller_dag' retrieved from /home/airflow/.local/lib/python3.10/site-packages/airflow/example_dags/example_trigger_controller_dag.py
[2026-07-21T18:36:17.074+0000] {logging_mixin.py:188} INFO - [2026-07-21T18:36:17.074+0000] {dag.py:3036} INFO - Sync 1 DAGs
[2026-07-21T18:36:17.092+0000] {logging_mixin.py:188} INFO - [2026-07-21T18:36:17.092+0000] {dag.py:3823} INFO - Setting next_dagrun for example_trigger_controller_dag to 2021-01-01 00:00:00+00:00, run_after=2021-01-01 00:00:00+00:00
[2026-07-21T18:36:17.109+0000] {processor.py:183} INFO - Processing /home/airflow/.local/lib/python3.10/site-packages/airflow/example_dags/example_trigger_controller_dag.py took 0.069 seconds
[2026-07-21T18:36:47.415+0000] {processor.py:161} INFO - Started process (PID=370) to work on /home/airflow/.local/lib/python3.10/site-packages/airflow/example_dags/example_trigger_controller_dag.py
[2026-07-21T18:36:47.417+0000] {processor.py:830} INFO - Processing file /home/airflow/.local/lib/python3.10/site-packages/airflow/example_dags/example_trigger_controller_dag.py for tasks to queue
[2026-07-21T18:36:47.419+0000] {logging_mixin.py:188} INFO - [2026-07-21T18:36:47.419+0000] {dagbag.py:538} INFO - Filling up the DagBag from /home/airflow/.local/lib/python3.10/site-packages/airflow/example_dags/example_trigger_controller_dag.py
[2026-07-21T18:36:47.424+0000] {processor.py:840} INFO - DAG(s) 'example_trigger_controller_dag' retrieved from /home/airflow/.local/lib/python3.10/site-packages/airflow/example_dags/example_trigger_controller_dag.py
[2026-07-21T18:36:47.446+0000] {logging_mixin.py:188} INFO - [2026-07-21T18:36:47.445+0000] {dag.py:3036} INFO - Sync 1 DAGs
[2026-07-21T18:36:47.467+0000] {logging_mixin.py:188} INFO - [2026-07-21T18:36:47.466+0000] {dag.py:3823} INFO - Setting next_dagrun for example_trigger_controller_dag to 2021-01-01 00:00:00+00:00, run_after=2021-01-01 00:00:00+00:00
[2026-07-21T18:36:47.489+0000] {processor.py:183} INFO - Processing /home/airflow/.local/lib/python3.10/site-packages/airflow/example_dags/example_trigger_controller_dag.py took 0.078 seconds
[2026-07-21T18:37:17.783+0000] {processor.py:161} INFO - Started process (PID=426) to work on /home/airflow/.local/lib/python3.10/site-packages/airflow/example_dags/example_trigger_controller_dag.py
[2026-07-21T18:37:17.784+0000] {processor.py:830} INFO - Processing file /home/airflow/.local/lib/python3.10/site-packages/airflow/example_dags/example_trigger_controller_dag.py for tasks to queue
[2026-07-21T18:37:17.786+0000] {logging_mixin.py:188} INFO - [2026-07-21T18:37:17.786+0000] {dagbag.py:538} INFO - Filling up the DagBag from /home/airflow/.local/lib/python3.10/site-packages/airflow/example_dags/example_trigger_controller_dag.py
[2026-07-21T18:37:17.792+0000] {processor.py:840} INFO - DAG(s) 'example_trigger_controller_dag' retrieved from /home/airflow/.local/lib/python3.10/site-packages/airflow/example_dags/example_trigger_controller_dag.py
[2026-07-21T18:37:17.813+0000] {logging_mixin.py:188} INFO - [2026-07-21T18:37:17.813+0000] {dag.py:3036} INFO - Sync 1 DAGs
[2026-07-21T18:37:17.833+0000] {logging_mixin.py:188} INFO - [2026-07-21T18:37:17.833+0000] {dag.py:3823} INFO - Setting next_dagrun for example_trigger_controller_dag to 2021-01-01 00:00:00+00:00, run_after=2021-01-01 00:00:00+00:00
[2026-07-21T18:37:17.852+0000] {processor.py:183} INFO - Processing /home/airflow/.local/lib/python3.10/site-packages/airflow/example_dags/example_trigger_controller_dag.py took 0.073 seconds
[2026-07-21T18:37:47.989+0000] {processor.py:161} INFO - Started process (PID=482) to work on /home/airflow/.local/lib/python3.10/site-packages/airflow/example_dags/example_trigger_controller_dag.py
[2026-07-21T18:37:47.990+0000] {processor.py:830} INFO - Processing file /home/airflow/.local/lib/python3.10/site-packages/airflow/example_dags/example_trigger_controller_dag.py for tasks to queue
[2026-07-21T18:37:47.993+0000] {logging_mixin.py:188} INFO - [2026-07-21T18:37:47.992+0000] {dagbag.py:538} INFO - Filling up the DagBag from /home/airflow/.local/lib/python3.10/site-packages/airflow/example_dags/example_trigger_controller_dag.py
[2026-07-21T18:37:47.998+0000] {processor.py:840} INFO - DAG(s) 'example_trigger_controller_dag' retrieved from /home/airflow/.local/lib/python3.10/site-packages/airflow/example_dags/example_trigger_controller_dag.py
[2026-07-21T18:37:48.018+0000] {logging_mixin.py:188} INFO - [2026-07-21T18:37:48.018+0000] {dag.py:3036} INFO - Sync 1 DAGs
[2026-07-21T18:37:48.037+0000] {logging_mixin.py:188} INFO - [2026-07-21T18:37:48.036+0000] {dag.py:3823} INFO - Setting next_dagrun for example_trigger_controller_dag to 2021-01-01 00:00:00+00:00, run_after=2021-01-01 00:00:00+00:00
[2026-07-21T18:37:48.055+0000] {processor.py:183} INFO - Processing /home/airflow/.local/lib/python3.10/site-packages/airflow/example_dags/example_trigger_controller_dag.py took 0.069 seconds
[2026-07-21T18:38:18.640+0000] {processor.py:161} INFO - Started process (PID=538) to work on /home/airflow/.local/lib/python3.10/site-packages/airflow/example_dags/example_trigger_controller_dag.py
[2026-07-21T18:38:18.641+0000] {processor.py:830} INFO - Processing file /home/airflow/.local/lib/python3.10/site-packages/airflow/example_dags/example_trigger_controller_dag.py for tasks to queue
[2026-07-21T18:38:18.643+0000] {logging_mixin.py:188} INFO - [2026-07-21T18:38:18.643+0000] {dagbag.py:538} INFO - Filling up the DagBag from /home/airflow/.local/lib/python3.10/site-packages/airflow/example_dags/example_trigger_controller_dag.py
[2026-07-21T18:38:18.648+0000] {processor.py:840} INFO - DAG(s) 'example_trigger_controller_dag' retrieved from /home/airflow/.local/lib/python3.10/site-packages/airflow/example_dags/example_trigger_controller_dag.py
[2026-07-21T18:38:18.669+0000] {logging_mixin.py:188} INFO - [2026-07-21T18:38:18.669+0000] {dag.py:3036} INFO - Sync 1 DAGs
[2026-07-21T18:38:18.690+0000] {logging_mixin.py:188} INFO - [2026-07-21T18:38:18.690+0000] {dag.py:3823} INFO - Setting next_dagrun for example_trigger_controller_dag to 2021-01-01 00:00:00+00:00, run_after=2021-01-01 00:00:00+00:00
[2026-07-21T18:38:18.709+0000] {processor.py:183} INFO - Processing /home/airflow/.local/lib/python3.10/site-packages/airflow/example_dags/example_trigger_controller_dag.py took 0.074 seconds
[2026-07-21T18:38:49.003+0000] {processor.py:161} INFO - Started process (PID=594) to work on /home/airflow/.local/lib/python3.10/site-packages/airflow/example_dags/example_trigger_controller_dag.py
[2026-07-21T18:38:49.004+0000] {processor.py:830} INFO - Processing file /home/airflow/.local/lib/python3.10/site-packages/airflow/example_dags/example_trigger_controller_dag.py for tasks to queue
[2026-07-21T18:38:49.006+0000] {logging_mixin.py:188} INFO - [2026-07-21T18:38:49.005+0000] {dagbag.py:538} INFO - Filling up the DagBag from /home/airflow/.local/lib/python3.10/site-packages/airflow/example_dags/example_trigger_controller_dag.py
[2026-07-21T18:38:49.011+0000] {processor.py:840} INFO - DAG(s) 'example_trigger_controller_dag' retrieved from /home/airflow/.local/lib/python3.10/site-packages/airflow/example_dags/example_trigger_controller_dag.py
[2026-07-21T18:38:49.030+0000] {logging_mixin.py:188} INFO - [2026-07-21T18:38:49.029+0000] {dag.py:3036} INFO - Sync 1 DAGs
[2026-07-21T18:38:49.050+0000] {logging_mixin.py:188} INFO - [2026-07-21T18:38:49.050+0000] {dag.py:3823} INFO - Setting next_dagrun for example_trigger_controller_dag to 2021-01-01 00:00:00+00:00, run_after=2021-01-01 00:00:00+00:00
[2026-07-21T18:38:49.069+0000] {processor.py:183} INFO - Processing /home/airflow/.local/lib/python3.10/site-packages/airflow/example_dags/example_trigger_controller_dag.py took 0.070 seconds
[2026-07-21T18:39:19.226+0000] {processor.py:161} INFO - Started process (PID=650) to work on /home/airflow/.local/lib/python3.10/site-packages/airflow/example_dags/example_trigger_controller_dag.py
[2026-07-21T18:39:19.227+0000] {processor.py:830} INFO - Processing file /home/airflow/.local/lib/python3.10/site-packages/airflow/example_dags/example_trigger_controller_dag.py for tasks to queue
[2026-07-21T18:39:19.229+0000] {logging_mixin.py:188} INFO - [2026-07-21T18:39:19.229+0000] {dagbag.py:538} INFO - Filling up the DagBag from /home/airflow/.local/lib/python3.10/site-packages/airflow/example_dags/example_trigger_controller_dag.py
[2026-07-21T18:39:19.234+0000] {processor.py:840} INFO - DAG(s) 'example_trigger_controller_dag' retrieved from /home/airflow/.local/lib/python3.10/site-packages/airflow/example_dags/example_trigger_controller_dag.py
[2026-07-21T18:39:19.255+0000] {logging_mixin.py:188} INFO - [2026-07-21T18:39:19.255+0000] {dag.py:3036} INFO - Sync 1 DAGs
[2026-07-21T18:39:19.273+0000] {logging_mixin.py:188} INFO - [2026-07-21T18:39:19.273+0000] {dag.py:3823} INFO - Setting next_dagrun for example_trigger_controller_dag to 2021-01-01 00:00:00+00:00, run_after=2021-01-01 00:00:00+00:00
[2026-07-21T18:39:19.291+0000] {processor.py:183} INFO - Processing /home/airflow/.local/lib/python3.10/site-packages/airflow/example_dags/example_trigger_controller_dag.py took 0.069 seconds
[2026-07-21T18:39:49.362+0000] {processor.py:161} INFO - Started process (PID=706) to work on /home/airflow/.local/lib/python3.10/site-packages/airflow/example_dags/example_trigger_controller_dag.py
[2026-07-21T18:39:49.363+0000] {processor.py:830} INFO - Processing file /home/airflow/.local/lib/python3.10/site-packages/airflow/example_dags/example_trigger_controller_dag.py for tasks to queue
[2026-07-21T18:39:49.365+0000] {logging_mixin.py:188} INFO - [2026-07-21T18:39:49.365+0000] {dagbag.py:538} INFO - Filling up the DagBag from /home/airflow/.local/lib/python3.10/site-packages/airflow/example_dags/example_trigger_controller_dag.py
[2026-07-21T18:39:49.371+0000] {processor.py:840} INFO - DAG(s) 'example_trigger_controller_dag' retrieved from /home/airflow/.local/lib/python3.10/site-packages/airflow/example_dags/example_trigger_controller_dag.py
[2026-07-21T18:39:49.392+0000] {logging_mixin.py:188} INFO - [2026-07-21T18:39:49.391+0000] {dag.py:3036} INFO - Sync 1 DAGs
[2026-07-21T18:39:49.410+0000] {logging_mixin.py:188} INFO - [2026-07-21T18:39:49.410+0000] {dag.py:3823} INFO - Setting next_dagrun for example_trigger_controller_dag to 2021-01-01 00:00:00+00:00, run_after=2021-01-01 00:00:00+00:00
[2026-07-21T18:39:49.428+0000] {processor.py:183} INFO - Processing /home/airflow/.local/lib/python3.10/site-packages/airflow/example_dags/example_trigger_controller_dag.py took 0.070 seconds
[2026-07-21T18:40:19.838+0000] {processor.py:161} INFO - Started process (PID=762) to work on /home/airflow/.local/lib/python3.10/site-packages/airflow/example_dags/example_trigger_controller_dag.py
[2026-07-21T18:40:19.839+0000] {processor.py:830} INFO - Processing file /home/airflow/.local/lib/python3.10/site-packages/airflow/example_dags/example_trigger_controller_dag.py for tasks to queue
[2026-07-21T18:40:19.841+0000] {logging_mixin.py:188} INFO - [2026-07-21T18:40:19.841+0000] {dagbag.py:538} INFO - Filling up the DagBag from /home/airflow/.local/lib/python3.10/site-packages/airflow/example_dags/example_trigger_controller_dag.py
[2026-07-21T18:40:19.847+0000] {processor.py:840} INFO - DAG(s) 'example_trigger_controller_dag' retrieved from /home/airflow/.local/lib/python3.10/site-packages/airflow/example_dags/example_trigger_controller_dag.py
[2026-07-21T18:40:19.868+0000] {logging_mixin.py:188} INFO - [2026-07-21T18:40:19.868+0000] {dag.py:3036} INFO - Sync 1 DAGs
[2026-07-21T18:40:19.887+0000] {logging_mixin.py:188} INFO - [2026-07-21T18:40:19.887+0000] {dag.py:3823} INFO - Setting next_dagrun for example_trigger_controller_dag to 2021-01-01 00:00:00+00:00, run_after=2021-01-01 00:00:00+00:00
[2026-07-21T18:40:19.906+0000] {processor.py:183} INFO - Processing /home/airflow/.local/lib/python3.10/site-packages/airflow/example_dags/example_trigger_controller_dag.py took 0.071 seconds
[2026-07-21T18:40:50.426+0000] {processor.py:161} INFO - Started process (PID=818) to work on /home/airflow/.local/lib/python3.10/site-packages/airflow/example_dags/example_trigger_controller_dag.py
[2026-07-21T18:40:50.428+0000] {processor.py:830} INFO - Processing file /home/airflow/.local/lib/python3.10/site-packages/airflow/example_dags/example_trigger_controller_dag.py for tasks to queue
[2026-07-21T18:40:50.430+0000] {logging_mixin.py:188} INFO - [2026-07-21T18:40:50.430+0000] {dagbag.py:538} INFO - Filling up the DagBag from /home/airflow/.local/lib/python3.10/site-packages/airflow/example_dags/example_trigger_controller_dag.py
[2026-07-21T18:40:50.436+0000] {processor.py:840} INFO - DAG(s) 'example_trigger_controller_dag' retrieved from /home/airflow/.local/lib/python3.10/site-packages/airflow/example_dags/example_trigger_controller_dag.py
[2026-07-21T18:40:50.456+0000] {logging_mixin.py:188} INFO - [2026-07-21T18:40:50.456+0000] {dag.py:3036} INFO - Sync 1 DAGs
[2026-07-21T18:40:50.474+0000] {logging_mixin.py:188} INFO - [2026-07-21T18:40:50.474+0000] {dag.py:3823} INFO - Setting next_dagrun for example_trigger_controller_dag to 2021-01-01 00:00:00+00:00, run_after=2021-01-01 00:00:00+00:00
[2026-07-21T18:40:50.492+0000] {processor.py:183} INFO - Processing /home/airflow/.local/lib/python3.10/site-packages/airflow/example_dags/example_trigger_controller_dag.py took 0.069 seconds
[2026-07-21T18:41:20.595+0000] {processor.py:161} INFO - Started process (PID=874) to work on /home/airflow/.local/lib/python3.10/site-packages/airflow/example_dags/example_trigger_controller_dag.py
[2026-07-21T18:41:20.596+0000] {processor.py:830} INFO - Processing file /home/airflow/.local/lib/python3.10/site-packages/airflow/example_dags/example_trigger_controller_dag.py for tasks to queue
[2026-07-21T18:41:20.598+0000] {logging_mixin.py:188} INFO - [2026-07-21T18:41:20.598+0000] {dagbag.py:538} INFO - Filling up the DagBag from /home/airflow/.local/lib/python3.10/site-packages/airflow/example_dags/example_trigger_controller_dag.py
[2026-07-21T18:41:20.604+0000] {processor.py:840} INFO - DAG(s) 'example_trigger_controller_dag' retrieved from /home/airflow/.local/lib/python3.10/site-packages/airflow/example_dags/example_trigger_controller_dag.py
[2026-07-21T18:41:20.624+0000] {logging_mixin.py:188} INFO - [2026-07-21T18:41:20.624+0000] {dag.py:3036} INFO - Sync 1 DAGs
[2026-07-21T18:41:20.642+0000] {logging_mixin.py:188} INFO - [2026-07-21T18:41:20.642+0000] {dag.py:3823} INFO - Setting next_dagrun for example_trigger_controller_dag to 2021-01-01 00:00:00+00:00, run_after=2021-01-01 00:00:00+00:00
[2026-07-21T18:41:20.659+0000] {processor.py:183} INFO - Processing /home/airflow/.local/lib/python3.10/site-packages/airflow/example_dags/example_trigger_controller_dag.py took 0.068 seconds
[2026-07-21T18:41:50.976+0000] {processor.py:161} INFO - Started process (PID=930) to work on /home/airflow/.local/lib/python3.10/site-packages/airflow/example_dags/example_trigger_controller_dag.py
[2026-07-21T18:41:50.978+0000] {processor.py:830} INFO - Processing file /home/airflow/.local/lib/python3.10/site-packages/airflow/example_dags/example_trigger_controller_dag.py for tasks to queue
[2026-07-21T18:41:50.980+0000] {logging_mixin.py:188} INFO - [2026-07-21T18:41:50.979+0000] {dagbag.py:538} INFO - Filling up the DagBag from /home/airflow/.local/lib/python3.10/site-packages/airflow/example_dags/example_trigger_controller_dag.py
[2026-07-21T18:41:50.985+0000] {processor.py:840} INFO - DAG(s) 'example_trigger_controller_dag' retrieved from /home/airflow/.local/lib/python3.10/site-packages/airflow/example_dags/example_trigger_controller_dag.py
[2026-07-21T18:41:51.007+0000] {logging_mixin.py:188} INFO - [2026-07-21T18:41:51.006+0000] {dag.py:3036} INFO - Sync 1 DAGs
[2026-07-21T18:41:51.025+0000] {logging_mixin.py:188} INFO - [2026-07-21T18:41:51.025+0000] {dag.py:3823} INFO - Setting next_dagrun for example_trigger_controller_dag to 2021-01-01 00:00:00+00:00, run_after=2021-01-01 00:00:00+00:00
[2026-07-21T18:41:51.041+0000] {processor.py:183} INFO - Processing /home/airflow/.local/lib/python3.10/site-packages/airflow/example_dags/example_trigger_controller_dag.py took 0.069 seconds
[2026-07-21T18:42:21.336+0000] {processor.py:161} INFO - Started process (PID=986) to work on /home/airflow/.local/lib/python3.10/site-packages/airflow/example_dags/example_trigger_controller_dag.py
[2026-07-21T18:42:21.337+0000] {processor.py:830} INFO - Processing file /home/airflow/.local/lib/python3.10/site-packages/airflow/example_dags/example_trigger_controller_dag.py for tasks to queue
[2026-07-21T18:42:21.339+0000] {logging_mixin.py:188} INFO - [2026-07-21T18:42:21.339+0000] {dagbag.py:538} INFO - Filling up the DagBag from /home/airflow/.local/lib/python3.10/site-packages/airflow/example_dags/example_trigger_controller_dag.py
[2026-07-21T18:42:21.346+0000] {processor.py:840} INFO - DAG(s) 'example_trigger_controller_dag' retrieved from /home/airflow/.local/lib/python3.10/site-packages/airflow/example_dags/example_trigger_controller_dag.py
[2026-07-21T18:42:21.368+0000] {logging_mixin.py:188} INFO - [2026-07-21T18:42:21.367+0000] {dag.py:3036} INFO - Sync 1 DAGs
[2026-07-21T18:42:21.388+0000] {logging_mixin.py:188} INFO - [2026-07-21T18:42:21.388+0000] {dag.py:3823} INFO - Setting next_dagrun for example_trigger_controller_dag to 2021-01-01 00:00:00+00:00, run_after=2021-01-01 00:00:00+00:00
[2026-07-21T18:42:21.407+0000] {processor.py:183} INFO - Processing /home/airflow/.local/lib/python3.10/site-packages/airflow/example_dags/example_trigger_controller_dag.py took 0.077 seconds
[2026-07-21T18:42:52.599+0000] {processor.py:161} INFO - Started process (PID=1044) to work on /home/airflow/.local/lib/python3.10/site-packages/airflow/example_dags/example_trigger_controller_dag.py
[2026-07-21T18:42:52.600+0000] {processor.py:830} INFO - Processing file /home/airflow/.local/lib/python3.10/site-packages/airflow/example_dags/example_trigger_controller_dag.py for tasks to queue
[2026-07-21T18:42:52.602+0000] {logging_mixin.py:188} INFO - [2026-07-21T18:42:52.602+0000] {dagbag.py:538} INFO - Filling up the DagBag from /home/airflow/.local/lib/python3.10/site-packages/airflow/example_dags/example_trigger_controller_dag.py
[2026-07-21T18:42:52.608+0000] {processor.py:840} INFO - DAG(s) 'example_trigger_controller_dag' retrieved from /home/airflow/.local/lib/python3.10/site-packages/airflow/example_dags/example_trigger_controller_dag.py
[2026-07-21T18:42:52.630+0000] {logging_mixin.py:188} INFO - [2026-07-21T18:42:52.629+0000] {dag.py:3036} INFO - Sync 1 DAGs
[2026-07-21T18:42:52.649+0000] {logging_mixin.py:188} INFO - [2026-07-21T18:42:52.648+0000] {dag.py:3823} INFO - Setting next_dagrun for example_trigger_controller_dag to 2021-01-01 00:00:00+00:00, run_after=2021-01-01 00:00:00+00:00
[2026-07-21T18:42:52.669+0000] {processor.py:183} INFO - Processing /home/airflow/.local/lib/python3.10/site-packages/airflow/example_dags/example_trigger_controller_dag.py took 0.074 seconds
[2026-07-21T18:43:22.938+0000] {processor.py:161} INFO - Started process (PID=1099) to work on /home/airflow/.local/lib/python3.10/site-packages/airflow/example_dags/example_trigger_controller_dag.py
[2026-07-21T18:43:22.939+0000] {processor.py:830} INFO - Processing file /home/airflow/.local/lib/python3.10/site-packages/airflow/example_dags/example_trigger_controller_dag.py for tasks to queue
[2026-07-21T18:43:22.941+0000] {logging_mixin.py:188} INFO - [2026-07-21T18:43:22.941+0000] {dagbag.py:538} INFO - Filling up the DagBag from /home/airflow/.local/lib/python3.10/site-packages/airflow/example_dags/example_trigger_controller_dag.py
[2026-07-21T18:43:22.947+0000] {processor.py:840} INFO - DAG(s) 'example_trigger_controller_dag' retrieved from /home/airflow/.local/lib/python3.10/site-packages/airflow/example_dags/example_trigger_controller_dag.py
[2026-07-21T18:43:22.969+0000] {logging_mixin.py:188} INFO - [2026-07-21T18:43:22.969+0000] {dag.py:3036} INFO - Sync 1 DAGs
[2026-07-21T18:43:22.991+0000] {logging_mixin.py:188} INFO - [2026-07-21T18:43:22.991+0000] {dag.py:3823} INFO - Setting next_dagrun for example_trigger_controller_dag to 2021-01-01 00:00:00+00:00, run_after=2021-01-01 00:00:00+00:00
[2026-07-21T18:43:23.018+0000] {processor.py:183} INFO - Processing /home/airflow/.local/lib/python3.10/site-packages/airflow/example_dags/example_trigger_controller_dag.py took 0.084 seconds
[2026-07-21T18:43:53.357+0000] {processor.py:161} INFO - Started process (PID=1155) to work on /home/airflow/.local/lib/python3.10/site-packages/airflow/example_dags/example_trigger_controller_dag.py
[2026-07-21T18:43:53.358+0000] {processor.py:830} INFO - Processing file /home/airflow/.local/lib/python3.10/site-packages/airflow/example_dags/example_trigger_controller_dag.py for tasks to queue
[2026-07-21T18:43:53.360+0000] {logging_mixin.py:188} INFO - [2026-07-21T18:43:53.360+0000] {dagbag.py:538} INFO - Filling up the DagBag from /home/airflow/.local/lib/python3.10/site-packages/airflow/example_dags/example_trigger_controller_dag.py
[2026-07-21T18:43:53.365+0000] {processor.py:840} INFO - DAG(s) 'example_trigger_controller_dag' retrieved from /home/airflow/.local/lib/python3.10/site-packages/airflow/example_dags/example_trigger_controller_dag.py
[2026-07-21T18:43:53.386+0000] {logging_mixin.py:188} INFO - [2026-07-21T18:43:53.386+0000] {dag.py:3036} INFO - Sync 1 DAGs
[2026-07-21T18:43:53.405+0000] {logging_mixin.py:188} INFO - [2026-07-21T18:43:53.405+0000] {dag.py:3823} INFO - Setting next_dagrun for example_trigger_controller_dag to 2021-01-01 00:00:00+00:00, run_after=2021-01-01 00:00:00+00:00
[2026-07-21T18:43:53.432+0000] {processor.py:183} INFO - Processing /home/airflow/.local/lib/python3.10/site-packages/airflow/example_dags/example_trigger_controller_dag.py took 0.078 seconds
[2026-07-21T18:44:23.692+0000] {processor.py:161} INFO - Started process (PID=1211) to work on /home/airflow/.local/lib/python3.10/site-packages/airflow/example_dags/example_trigger_controller_dag.py
[2026-07-21T18:44:23.693+0000] {processor.py:830} INFO - Processing file /home/airflow/.local/lib/python3.10/site-packages/airflow/example_dags/example_trigger_controller_dag.py for tasks to queue
[2026-07-21T18:44:23.695+0000] {logging_mixin.py:188} INFO - [2026-07-21T18:44:23.695+0000] {dagbag.py:538} INFO - Filling up the DagBag from /home/airflow/.local/lib/python3.10/site-packages/airflow/example_dags/example_trigger_controller_dag.py
[2026-07-21T18:44:23.701+0000] {processor.py:840} INFO - DAG(s) 'example_trigger_controller_dag' retrieved from /home/airflow/.local/lib/python3.10/site-packages/airflow/example_dags/example_trigger_controller_dag.py
[2026-07-21T18:44:23.721+0000] {logging_mixin.py:188} INFO - [2026-07-21T18:44:23.721+0000] {dag.py:3036} INFO - Sync 1 DAGs
[2026-07-21T18:44:23.740+0000] {logging_mixin.py:188} INFO - [2026-07-21T18:44:23.740+0000] {dag.py:3823} INFO - Setting next_dagrun for example_trigger_controller_dag to 2021-01-01 00:00:00+00:00, run_after=2021-01-01 00:00:00+00:00
[2026-07-21T18:44:23.758+0000] {processor.py:183} INFO - Processing /home/airflow/.local/lib/python3.10/site-packages/airflow/example_dags/example_trigger_controller_dag.py took 0.070 seconds
[2026-07-21T18:44:53.977+0000] {processor.py:161} INFO - Started process (PID=1267) to work on /home/airflow/.local/lib/python3.10/site-packages/airflow/example_dags/example_trigger_controller_dag.py
[2026-07-21T18:44:53.978+0000] {processor.py:830} INFO - Processing file /home/airflow/.local/lib/python3.10/site-packages/airflow/example_dags/example_trigger_controller_dag.py for tasks to queue
[2026-07-21T18:44:53.981+0000] {logging_mixin.py:188} INFO - [2026-07-21T18:44:53.981+0000] {dagbag.py:538} INFO - Filling up the DagBag from /home/airflow/.local/lib/python3.10/site-packages/airflow/example_dags/example_trigger_controller_dag.py
[2026-07-21T18:44:53.988+0000] {processor.py:840} INFO - DAG(s) 'example_trigger_controller_dag' retrieved from /home/airflow/.local/lib/python3.10/site-packages/airflow/example_dags/example_trigger_controller_dag.py
[2026-07-21T18:44:54.013+0000] {logging_mixin.py:188} INFO - [2026-07-21T18:44:54.013+0000] {dag.py:3036} INFO - Sync 1 DAGs
[2026-07-21T18:44:54.037+0000] {logging_mixin.py:188} INFO - [2026-07-21T18:44:54.036+0000] {dag.py:3823} INFO - Setting next_dagrun for example_trigger_controller_dag to 2021-01-01 00:00:00+00:00, run_after=2021-01-01 00:00:00+00:00
[2026-07-21T18:44:54.057+0000] {processor.py:183} INFO - Processing /home/airflow/.local/lib/python3.10/site-packages/airflow/example_dags/example_trigger_controller_dag.py took 0.083 seconds
[2026-07-21T18:45:24.103+0000] {processor.py:161} INFO - Started process (PID=1322) to work on /home/airflow/.local/lib/python3.10/site-packages/airflow/example_dags/example_trigger_controller_dag.py
[2026-07-21T18:45:24.104+0000] {processor.py:830} INFO - Processing file /home/airflow/.local/lib/python3.10/site-packages/airflow/example_dags/example_trigger_controller_dag.py for tasks to queue
[2026-07-21T18:45:24.107+0000] {logging_mixin.py:188} INFO - [2026-07-21T18:45:24.106+0000] {dagbag.py:538} INFO - Filling up the DagBag from /home/airflow/.local/lib/python3.10/site-packages/airflow/example_dags/example_trigger_controller_dag.py
[2026-07-21T18:45:24.112+0000] {processor.py:840} INFO - DAG(s) 'example_trigger_controller_dag' retrieved from /home/airflow/.local/lib/python3.10/site-packages/airflow/example_dags/example_trigger_controller_dag.py
[2026-07-21T18:45:24.134+0000] {logging_mixin.py:188} INFO - [2026-07-21T18:45:24.134+0000] {dag.py:3036} INFO - Sync 1 DAGs
[2026-07-21T18:45:24.154+0000] {logging_mixin.py:188} INFO - [2026-07-21T18:45:24.154+0000] {dag.py:3823} INFO - Setting next_dagrun for example_trigger_controller_dag to 2021-01-01 00:00:00+00:00, run_after=2021-01-01 00:00:00+00:00
[2026-07-21T18:45:24.177+0000] {processor.py:183} INFO - Processing /home/airflow/.local/lib/python3.10/site-packages/airflow/example_dags/example_trigger_controller_dag.py took 0.078 seconds
[2026-07-21T18:45:54.771+0000] {processor.py:161} INFO - Started process (PID=1379) to work on /home/airflow/.local/lib/python3.10/site-packages/airflow/example_dags/example_trigger_controller_dag.py
[2026-07-21T18:45:54.772+0000] {processor.py:830} INFO - Processing file /home/airflow/.local/lib/python3.10/site-packages/airflow/example_dags/example_trigger_controller_dag.py for tasks to queue
[2026-07-21T18:45:54.774+0000] {logging_mixin.py:188} INFO - [2026-07-21T18:45:54.774+0000] {dagbag.py:538} INFO - Filling up the DagBag from /home/airflow/.local/lib/python3.10/site-packages/airflow/example_dags/example_trigger_controller_dag.py
[2026-07-21T18:45:54.779+0000] {processor.py:840} INFO - DAG(s) 'example_trigger_controller_dag' retrieved from /home/airflow/.local/lib/python3.10/site-packages/airflow/example_dags/example_trigger_controller_dag.py
[2026-07-21T18:45:54.800+0000] {logging_mixin.py:188} INFO - [2026-07-21T18:45:54.800+0000] {dag.py:3036} INFO - Sync 1 DAGs
[2026-07-21T18:45:54.818+0000] {logging_mixin.py:188} INFO - [2026-07-21T18:45:54.818+0000] {dag.py:3823} INFO - Setting next_dagrun for example_trigger_controller_dag to 2021-01-01 00:00:00+00:00, run_after=2021-01-01 00:00:00+00:00
[2026-07-21T18:45:54.836+0000] {processor.py:183} INFO - Processing /home/airflow/.local/lib/python3.10/site-packages/airflow/example_dags/example_trigger_controller_dag.py took 0.069 seconds
[2026-07-21T18:46:25.065+0000] {processor.py:161} INFO - Started process (PID=1435) to work on /home/airflow/.local/lib/python3.10/site-packages/airflow/example_dags/example_trigger_controller_dag.py
[2026-07-21T18:46:25.066+0000] {processor.py:830} INFO - Processing file /home/airflow/.local/lib/python3.10/site-packages/airflow/example_dags/example_trigger_controller_dag.py for tasks to queue
[2026-07-21T18:46:25.069+0000] {logging_mixin.py:188} INFO - [2026-07-21T18:46:25.068+0000] {dagbag.py:538} INFO - Filling up the DagBag from /home/airflow/.local/lib/python3.10/site-packages/airflow/example_dags/example_trigger_controller_dag.py
[2026-07-21T18:46:25.074+0000] {processor.py:840} INFO - DAG(s) 'example_trigger_controller_dag' retrieved from /home/airflow/.local/lib/python3.10/site-packages/airflow/example_dags/example_trigger_controller_dag.py
[2026-07-21T18:46:25.094+0000] {logging_mixin.py:188} INFO - [2026-07-21T18:46:25.094+0000] {dag.py:3036} INFO - Sync 1 DAGs
[2026-07-21T18:46:25.113+0000] {logging_mixin.py:188} INFO - [2026-07-21T18:46:25.112+0000] {dag.py:3823} INFO - Setting next_dagrun for example_trigger_controller_dag to 2021-01-01 00:00:00+00:00, run_after=2021-01-01 00:00:00+00:00
[2026-07-21T18:46:25.140+0000] {processor.py:183} INFO - Processing /home/airflow/.local/lib/python3.10/site-packages/airflow/example_dags/example_trigger_controller_dag.py took 0.078 seconds
[2026-07-21T18:46:55.258+0000] {processor.py:161} INFO - Started process (PID=1491) to work on /home/airflow/.local/lib/python3.10/site-packages/airflow/example_dags/example_trigger_controller_dag.py
[2026-07-21T18:46:55.259+0000] {processor.py:830} INFO - Processing file /home/airflow/.local/lib/python3.10/site-packages/airflow/example_dags/example_trigger_controller_dag.py for tasks to queue
[2026-07-21T18:46:55.261+0000] {logging_mixin.py:188} INFO - [2026-07-21T18:46:55.260+0000] {dagbag.py:538} INFO - Filling up the DagBag from /home/airflow/.local/lib/python3.10/site-packages/airflow/example_dags/example_trigger_controller_dag.py
[2026-07-21T18:46:55.266+0000] {processor.py:840} INFO - DAG(s) 'example_trigger_controller_dag' retrieved from /home/airflow/.local/lib/python3.10/site-packages/airflow/example_dags/example_trigger_controller_dag.py
[2026-07-21T18:46:55.286+0000] {logging_mixin.py:188} INFO - [2026-07-21T18:46:55.286+0000] {dag.py:3036} INFO - Sync 1 DAGs
[2026-07-21T18:46:55.304+0000] {logging_mixin.py:188} INFO - [2026-07-21T18:46:55.304+0000] {dag.py:3823} INFO - Setting next_dagrun for example_trigger_controller_dag to 2021-01-01 00:00:00+00:00, run_after=2021-01-01 00:00:00+00:00
[2026-07-21T18:46:55.322+0000] {processor.py:183} INFO - Processing /home/airflow/.local/lib/python3.10/site-packages/airflow/example_dags/example_trigger_controller_dag.py took 0.068 seconds
[2026-07-21T18:47:25.653+0000] {processor.py:161} INFO - Started process (PID=1547) to work on /home/airflow/.local/lib/python3.10/site-packages/airflow/example_dags/example_trigger_controller_dag.py
[2026-07-21T18:47:25.654+0000] {processor.py:830} INFO - Processing file /home/airflow/.local/lib/python3.10/site-packages/airflow/example_dags/example_trigger_controller_dag.py for tasks to queue
[2026-07-21T18:47:25.656+0000] {logging_mixin.py:188} INFO - [2026-07-21T18:47:25.655+0000] {dagbag.py:538} INFO - Filling up the DagBag from /home/airflow/.local/lib/python3.10/site-packages/airflow/example_dags/example_trigger_controller_dag.py
[2026-07-21T18:47:25.661+0000] {processor.py:840} INFO - DAG(s) 'example_trigger_controller_dag' retrieved from /home/airflow/.local/lib/python3.10/site-packages/airflow/example_dags/example_trigger_controller_dag.py
[2026-07-21T18:47:25.681+0000] {logging_mixin.py:188} INFO - [2026-07-21T18:47:25.681+0000] {dag.py:3036} INFO - Sync 1 DAGs
[2026-07-21T18:47:25.699+0000] {logging_mixin.py:188} INFO - [2026-07-21T18:47:25.699+0000] {dag.py:3823} INFO - Setting next_dagrun for example_trigger_controller_dag to 2021-01-01 00:00:00+00:00, run_after=2021-01-01 00:00:00+00:00
[2026-07-21T18:47:25.718+0000] {processor.py:183} INFO - Processing /home/airflow/.local/lib/python3.10/site-packages/airflow/example_dags/example_trigger_controller_dag.py took 0.069 seconds
[2026-07-21T18:47:56.295+0000] {processor.py:161} INFO - Started process (PID=1603) to work on /home/airflow/.local/lib/python3.10/site-packages/airflow/example_dags/example_trigger_controller_dag.py
[2026-07-21T18:47:56.297+0000] {processor.py:830} INFO - Processing file /home/airflow/.local/lib/python3.10/site-packages/airflow/example_dags/example_trigger_controller_dag.py for tasks to queue
[2026-07-21T18:47:56.299+0000] {logging_mixin.py:188} INFO - [2026-07-21T18:47:56.298+0000] {dagbag.py:538} INFO - Filling up the DagBag from /home/airflow/.local/lib/python3.10/site-packages/airflow/example_dags/example_trigger_controller_dag.py
[2026-07-21T18:47:56.304+0000] {processor.py:840} INFO - DAG(s) 'example_trigger_controller_dag' retrieved from /home/airflow/.local/lib/python3.10/site-packages/airflow/example_dags/example_trigger_controller_dag.py
[2026-07-21T18:47:56.324+0000] {logging_mixin.py:188} INFO - [2026-07-21T18:47:56.324+0000] {dag.py:3036} INFO - Sync 1 DAGs
[2026-07-21T18:47:56.342+0000] {logging_mixin.py:188} INFO - [2026-07-21T18:47:56.342+0000] {dag.py:3823} INFO - Setting next_dagrun for example_trigger_controller_dag to 2021-01-01 00:00:00+00:00, run_after=2021-01-01 00:00:00+00:00
[2026-07-21T18:47:56.360+0000] {processor.py:183} INFO - Processing /home/airflow/.local/lib/python3.10/site-packages/airflow/example_dags/example_trigger_controller_dag.py took 0.068 seconds
