[2026-07-21T17:56:30.152+0000] {processor.py:161} INFO - Started process (PID=89) to work on /home/airflow/.local/lib/python3.8/site-packages/airflow/example_dags/example_external_task_marker_dag.py
[2026-07-21T17:56:30.168+0000] {processor.py:830} INFO - Processing file /home/airflow/.local/lib/python3.8/site-packages/airflow/example_dags/example_external_task_marker_dag.py for tasks to queue
[2026-07-21T17:56:30.178+0000] {logging_mixin.py:188} INFO - [2026-07-21T17:56:30.177+0000] {dagbag.py:538} INFO - Filling up the DagBag from /home/airflow/.local/lib/python3.8/site-packages/airflow/example_dags/example_external_task_marker_dag.py
[2026-07-21T17:56:30.274+0000] {processor.py:840} INFO - DAG(s) 'example_external_task_marker_parent', 'example_external_task_marker_child' retrieved from /home/airflow/.local/lib/python3.8/site-packages/airflow/example_dags/example_external_task_marker_dag.py
[2026-07-21T17:56:30.708+0000] {logging_mixin.py:188} INFO - [2026-07-21T17:56:30.707+0000] {dag.py:3036} INFO - Sync 2 DAGs
[2026-07-21T17:56:30.740+0000] {logging_mixin.py:188} INFO - [2026-07-21T17:56:30.739+0000] {dag.py:3823} INFO - Setting next_dagrun for example_external_task_marker_child to None, run_after=None
[2026-07-21T17:56:30.748+0000] {logging_mixin.py:188} INFO - [2026-07-21T17:56:30.748+0000] {dag.py:3823} INFO - Setting next_dagrun for example_external_task_marker_parent to None, run_after=None
[2026-07-21T17:56:30.787+0000] {processor.py:183} INFO - Processing /home/airflow/.local/lib/python3.8/site-packages/airflow/example_dags/example_external_task_marker_dag.py took 0.709 seconds
[2026-07-21T17:57:01.580+0000] {processor.py:161} INFO - Started process (PID=145) to work on /home/airflow/.local/lib/python3.8/site-packages/airflow/example_dags/example_external_task_marker_dag.py
[2026-07-21T17:57:01.582+0000] {processor.py:830} INFO - Processing file /home/airflow/.local/lib/python3.8/site-packages/airflow/example_dags/example_external_task_marker_dag.py for tasks to queue
[2026-07-21T17:57:01.584+0000] {logging_mixin.py:188} INFO - [2026-07-21T17:57:01.584+0000] {dagbag.py:538} INFO - Filling up the DagBag from /home/airflow/.local/lib/python3.8/site-packages/airflow/example_dags/example_external_task_marker_dag.py
[2026-07-21T17:57:01.594+0000] {processor.py:840} INFO - DAG(s) 'example_external_task_marker_parent', 'example_external_task_marker_child' retrieved from /home/airflow/.local/lib/python3.8/site-packages/airflow/example_dags/example_external_task_marker_dag.py
[2026-07-21T17:57:01.626+0000] {logging_mixin.py:188} INFO - [2026-07-21T17:57:01.626+0000] {dag.py:3036} INFO - Sync 2 DAGs
[2026-07-21T17:57:01.641+0000] {logging_mixin.py:188} INFO - [2026-07-21T17:57:01.640+0000] {dag.py:3823} INFO - Setting next_dagrun for example_external_task_marker_child to None, run_after=None
[2026-07-21T17:57:01.644+0000] {logging_mixin.py:188} INFO - [2026-07-21T17:57:01.644+0000] {dag.py:3823} INFO - Setting next_dagrun for example_external_task_marker_parent to None, run_after=None
[2026-07-21T17:57:01.664+0000] {processor.py:183} INFO - Processing /home/airflow/.local/lib/python3.8/site-packages/airflow/example_dags/example_external_task_marker_dag.py took 0.087 seconds
[2026-07-21T17:57:32.230+0000] {processor.py:161} INFO - Started process (PID=201) to work on /home/airflow/.local/lib/python3.8/site-packages/airflow/example_dags/example_external_task_marker_dag.py
[2026-07-21T17:57:32.231+0000] {processor.py:830} INFO - Processing file /home/airflow/.local/lib/python3.8/site-packages/airflow/example_dags/example_external_task_marker_dag.py for tasks to queue
[2026-07-21T17:57:32.233+0000] {logging_mixin.py:188} INFO - [2026-07-21T17:57:32.233+0000] {dagbag.py:538} INFO - Filling up the DagBag from /home/airflow/.local/lib/python3.8/site-packages/airflow/example_dags/example_external_task_marker_dag.py
[2026-07-21T17:57:32.239+0000] {processor.py:840} INFO - DAG(s) 'example_external_task_marker_child', 'example_external_task_marker_parent' retrieved from /home/airflow/.local/lib/python3.8/site-packages/airflow/example_dags/example_external_task_marker_dag.py
[2026-07-21T17:57:32.264+0000] {logging_mixin.py:188} INFO - [2026-07-21T17:57:32.264+0000] {dag.py:3036} INFO - Sync 2 DAGs
[2026-07-21T17:57:32.275+0000] {logging_mixin.py:188} INFO - [2026-07-21T17:57:32.275+0000] {dag.py:3823} INFO - Setting next_dagrun for example_external_task_marker_child to None, run_after=None
[2026-07-21T17:57:32.278+0000] {logging_mixin.py:188} INFO - [2026-07-21T17:57:32.278+0000] {dag.py:3823} INFO - Setting next_dagrun for example_external_task_marker_parent to None, run_after=None
[2026-07-21T17:57:32.294+0000] {processor.py:183} INFO - Processing /home/airflow/.local/lib/python3.8/site-packages/airflow/example_dags/example_external_task_marker_dag.py took 0.068 seconds
[2026-07-21T17:58:02.463+0000] {processor.py:161} INFO - Started process (PID=257) to work on /home/airflow/.local/lib/python3.8/site-packages/airflow/example_dags/example_external_task_marker_dag.py
[2026-07-21T17:58:02.464+0000] {processor.py:830} INFO - Processing file /home/airflow/.local/lib/python3.8/site-packages/airflow/example_dags/example_external_task_marker_dag.py for tasks to queue
[2026-07-21T17:58:02.466+0000] {logging_mixin.py:188} INFO - [2026-07-21T17:58:02.466+0000] {dagbag.py:538} INFO - Filling up the DagBag from /home/airflow/.local/lib/python3.8/site-packages/airflow/example_dags/example_external_task_marker_dag.py
[2026-07-21T17:58:02.473+0000] {processor.py:840} INFO - DAG(s) 'example_external_task_marker_child', 'example_external_task_marker_parent' retrieved from /home/airflow/.local/lib/python3.8/site-packages/airflow/example_dags/example_external_task_marker_dag.py
[2026-07-21T17:58:02.496+0000] {logging_mixin.py:188} INFO - [2026-07-21T17:58:02.496+0000] {dag.py:3036} INFO - Sync 2 DAGs
[2026-07-21T17:58:02.507+0000] {logging_mixin.py:188} INFO - [2026-07-21T17:58:02.507+0000] {dag.py:3823} INFO - Setting next_dagrun for example_external_task_marker_child to None, run_after=None
[2026-07-21T17:58:02.510+0000] {logging_mixin.py:188} INFO - [2026-07-21T17:58:02.510+0000] {dag.py:3823} INFO - Setting next_dagrun for example_external_task_marker_parent to None, run_after=None
[2026-07-21T17:58:02.527+0000] {processor.py:183} INFO - Processing /home/airflow/.local/lib/python3.8/site-packages/airflow/example_dags/example_external_task_marker_dag.py took 0.067 seconds
[2026-07-21T17:58:32.895+0000] {processor.py:161} INFO - Started process (PID=313) to work on /home/airflow/.local/lib/python3.8/site-packages/airflow/example_dags/example_external_task_marker_dag.py
[2026-07-21T17:58:32.896+0000] {processor.py:830} INFO - Processing file /home/airflow/.local/lib/python3.8/site-packages/airflow/example_dags/example_external_task_marker_dag.py for tasks to queue
[2026-07-21T17:58:32.899+0000] {logging_mixin.py:188} INFO - [2026-07-21T17:58:32.898+0000] {dagbag.py:538} INFO - Filling up the DagBag from /home/airflow/.local/lib/python3.8/site-packages/airflow/example_dags/example_external_task_marker_dag.py
[2026-07-21T17:58:32.905+0000] {processor.py:840} INFO - DAG(s) 'example_external_task_marker_parent', 'example_external_task_marker_child' retrieved from /home/airflow/.local/lib/python3.8/site-packages/airflow/example_dags/example_external_task_marker_dag.py
[2026-07-21T17:58:32.930+0000] {logging_mixin.py:188} INFO - [2026-07-21T17:58:32.930+0000] {dag.py:3036} INFO - Sync 2 DAGs
[2026-07-21T17:58:32.942+0000] {logging_mixin.py:188} INFO - [2026-07-21T17:58:32.942+0000] {dag.py:3823} INFO - Setting next_dagrun for example_external_task_marker_child to None, run_after=None
[2026-07-21T17:58:32.946+0000] {logging_mixin.py:188} INFO - [2026-07-21T17:58:32.946+0000] {dag.py:3823} INFO - Setting next_dagrun for example_external_task_marker_parent to None, run_after=None
[2026-07-21T17:58:32.964+0000] {processor.py:183} INFO - Processing /home/airflow/.local/lib/python3.8/site-packages/airflow/example_dags/example_external_task_marker_dag.py took 0.073 seconds
[2026-07-21T17:59:03.178+0000] {processor.py:161} INFO - Started process (PID=369) to work on /home/airflow/.local/lib/python3.8/site-packages/airflow/example_dags/example_external_task_marker_dag.py
[2026-07-21T17:59:03.179+0000] {processor.py:830} INFO - Processing file /home/airflow/.local/lib/python3.8/site-packages/airflow/example_dags/example_external_task_marker_dag.py for tasks to queue
[2026-07-21T17:59:03.182+0000] {logging_mixin.py:188} INFO - [2026-07-21T17:59:03.182+0000] {dagbag.py:538} INFO - Filling up the DagBag from /home/airflow/.local/lib/python3.8/site-packages/airflow/example_dags/example_external_task_marker_dag.py
[2026-07-21T17:59:03.191+0000] {processor.py:840} INFO - DAG(s) 'example_external_task_marker_child', 'example_external_task_marker_parent' retrieved from /home/airflow/.local/lib/python3.8/site-packages/airflow/example_dags/example_external_task_marker_dag.py
[2026-07-21T17:59:03.223+0000] {logging_mixin.py:188} INFO - [2026-07-21T17:59:03.223+0000] {dag.py:3036} INFO - Sync 2 DAGs
[2026-07-21T17:59:03.242+0000] {logging_mixin.py:188} INFO - [2026-07-21T17:59:03.242+0000] {dag.py:3823} INFO - Setting next_dagrun for example_external_task_marker_child to None, run_after=None
[2026-07-21T17:59:03.246+0000] {logging_mixin.py:188} INFO - [2026-07-21T17:59:03.246+0000] {dag.py:3823} INFO - Setting next_dagrun for example_external_task_marker_parent to None, run_after=None
[2026-07-21T17:59:03.264+0000] {processor.py:183} INFO - Processing /home/airflow/.local/lib/python3.8/site-packages/airflow/example_dags/example_external_task_marker_dag.py took 0.091 seconds
[2026-07-21T17:59:33.343+0000] {processor.py:161} INFO - Started process (PID=425) to work on /home/airflow/.local/lib/python3.8/site-packages/airflow/example_dags/example_external_task_marker_dag.py
[2026-07-21T17:59:33.344+0000] {processor.py:830} INFO - Processing file /home/airflow/.local/lib/python3.8/site-packages/airflow/example_dags/example_external_task_marker_dag.py for tasks to queue
[2026-07-21T17:59:33.346+0000] {logging_mixin.py:188} INFO - [2026-07-21T17:59:33.346+0000] {dagbag.py:538} INFO - Filling up the DagBag from /home/airflow/.local/lib/python3.8/site-packages/airflow/example_dags/example_external_task_marker_dag.py
[2026-07-21T17:59:33.352+0000] {processor.py:840} INFO - DAG(s) 'example_external_task_marker_child', 'example_external_task_marker_parent' retrieved from /home/airflow/.local/lib/python3.8/site-packages/airflow/example_dags/example_external_task_marker_dag.py
[2026-07-21T17:59:33.378+0000] {logging_mixin.py:188} INFO - [2026-07-21T17:59:33.378+0000] {dag.py:3036} INFO - Sync 2 DAGs
[2026-07-21T17:59:33.390+0000] {logging_mixin.py:188} INFO - [2026-07-21T17:59:33.390+0000] {dag.py:3823} INFO - Setting next_dagrun for example_external_task_marker_child to None, run_after=None
[2026-07-21T17:59:33.394+0000] {logging_mixin.py:188} INFO - [2026-07-21T17:59:33.394+0000] {dag.py:3823} INFO - Setting next_dagrun for example_external_task_marker_parent to None, run_after=None
[2026-07-21T17:59:33.420+0000] {processor.py:183} INFO - Processing /home/airflow/.local/lib/python3.8/site-packages/airflow/example_dags/example_external_task_marker_dag.py took 0.081 seconds
[2026-07-21T18:00:03.658+0000] {processor.py:161} INFO - Started process (PID=481) to work on /home/airflow/.local/lib/python3.8/site-packages/airflow/example_dags/example_external_task_marker_dag.py
[2026-07-21T18:00:03.659+0000] {processor.py:830} INFO - Processing file /home/airflow/.local/lib/python3.8/site-packages/airflow/example_dags/example_external_task_marker_dag.py for tasks to queue
[2026-07-21T18:00:03.661+0000] {logging_mixin.py:188} INFO - [2026-07-21T18:00:03.661+0000] {dagbag.py:538} INFO - Filling up the DagBag from /home/airflow/.local/lib/python3.8/site-packages/airflow/example_dags/example_external_task_marker_dag.py
[2026-07-21T18:00:03.667+0000] {processor.py:840} INFO - DAG(s) 'example_external_task_marker_child', 'example_external_task_marker_parent' retrieved from /home/airflow/.local/lib/python3.8/site-packages/airflow/example_dags/example_external_task_marker_dag.py
[2026-07-21T18:00:03.693+0000] {logging_mixin.py:188} INFO - [2026-07-21T18:00:03.692+0000] {dag.py:3036} INFO - Sync 2 DAGs
[2026-07-21T18:00:03.704+0000] {logging_mixin.py:188} INFO - [2026-07-21T18:00:03.704+0000] {dag.py:3823} INFO - Setting next_dagrun for example_external_task_marker_child to None, run_after=None
[2026-07-21T18:00:03.708+0000] {logging_mixin.py:188} INFO - [2026-07-21T18:00:03.708+0000] {dag.py:3823} INFO - Setting next_dagrun for example_external_task_marker_parent to None, run_after=None
[2026-07-21T18:00:03.734+0000] {processor.py:183} INFO - Processing /home/airflow/.local/lib/python3.8/site-packages/airflow/example_dags/example_external_task_marker_dag.py took 0.080 seconds
[2026-07-21T18:00:34.141+0000] {processor.py:161} INFO - Started process (PID=537) to work on /home/airflow/.local/lib/python3.8/site-packages/airflow/example_dags/example_external_task_marker_dag.py
[2026-07-21T18:00:34.143+0000] {processor.py:830} INFO - Processing file /home/airflow/.local/lib/python3.8/site-packages/airflow/example_dags/example_external_task_marker_dag.py for tasks to queue
[2026-07-21T18:00:34.145+0000] {logging_mixin.py:188} INFO - [2026-07-21T18:00:34.145+0000] {dagbag.py:538} INFO - Filling up the DagBag from /home/airflow/.local/lib/python3.8/site-packages/airflow/example_dags/example_external_task_marker_dag.py
[2026-07-21T18:00:34.151+0000] {processor.py:840} INFO - DAG(s) 'example_external_task_marker_child', 'example_external_task_marker_parent' retrieved from /home/airflow/.local/lib/python3.8/site-packages/airflow/example_dags/example_external_task_marker_dag.py
[2026-07-21T18:00:34.178+0000] {logging_mixin.py:188} INFO - [2026-07-21T18:00:34.178+0000] {dag.py:3036} INFO - Sync 2 DAGs
[2026-07-21T18:00:34.192+0000] {logging_mixin.py:188} INFO - [2026-07-21T18:00:34.192+0000] {dag.py:3823} INFO - Setting next_dagrun for example_external_task_marker_child to None, run_after=None
[2026-07-21T18:00:34.196+0000] {logging_mixin.py:188} INFO - [2026-07-21T18:00:34.195+0000] {dag.py:3823} INFO - Setting next_dagrun for example_external_task_marker_parent to None, run_after=None
[2026-07-21T18:00:34.214+0000] {processor.py:183} INFO - Processing /home/airflow/.local/lib/python3.8/site-packages/airflow/example_dags/example_external_task_marker_dag.py took 0.077 seconds
[2026-07-21T18:01:04.314+0000] {processor.py:161} INFO - Started process (PID=594) to work on /home/airflow/.local/lib/python3.8/site-packages/airflow/example_dags/example_external_task_marker_dag.py
[2026-07-21T18:01:04.315+0000] {processor.py:830} INFO - Processing file /home/airflow/.local/lib/python3.8/site-packages/airflow/example_dags/example_external_task_marker_dag.py for tasks to queue
[2026-07-21T18:01:04.318+0000] {logging_mixin.py:188} INFO - [2026-07-21T18:01:04.317+0000] {dagbag.py:538} INFO - Filling up the DagBag from /home/airflow/.local/lib/python3.8/site-packages/airflow/example_dags/example_external_task_marker_dag.py
[2026-07-21T18:01:04.326+0000] {processor.py:840} INFO - DAG(s) 'example_external_task_marker_child', 'example_external_task_marker_parent' retrieved from /home/airflow/.local/lib/python3.8/site-packages/airflow/example_dags/example_external_task_marker_dag.py
[2026-07-21T18:01:04.355+0000] {logging_mixin.py:188} INFO - [2026-07-21T18:01:04.355+0000] {dag.py:3036} INFO - Sync 2 DAGs
[2026-07-21T18:01:04.370+0000] {logging_mixin.py:188} INFO - [2026-07-21T18:01:04.370+0000] {dag.py:3823} INFO - Setting next_dagrun for example_external_task_marker_child to None, run_after=None
[2026-07-21T18:01:04.374+0000] {logging_mixin.py:188} INFO - [2026-07-21T18:01:04.373+0000] {dag.py:3823} INFO - Setting next_dagrun for example_external_task_marker_parent to None, run_after=None
[2026-07-21T18:01:04.391+0000] {processor.py:183} INFO - Processing /home/airflow/.local/lib/python3.8/site-packages/airflow/example_dags/example_external_task_marker_dag.py took 0.081 seconds
[2026-07-21T18:01:34.741+0000] {processor.py:161} INFO - Started process (PID=650) to work on /home/airflow/.local/lib/python3.8/site-packages/airflow/example_dags/example_external_task_marker_dag.py
[2026-07-21T18:01:34.743+0000] {processor.py:830} INFO - Processing file /home/airflow/.local/lib/python3.8/site-packages/airflow/example_dags/example_external_task_marker_dag.py for tasks to queue
[2026-07-21T18:01:34.745+0000] {logging_mixin.py:188} INFO - [2026-07-21T18:01:34.745+0000] {dagbag.py:538} INFO - Filling up the DagBag from /home/airflow/.local/lib/python3.8/site-packages/airflow/example_dags/example_external_task_marker_dag.py
[2026-07-21T18:01:34.752+0000] {processor.py:840} INFO - DAG(s) 'example_external_task_marker_parent', 'example_external_task_marker_child' retrieved from /home/airflow/.local/lib/python3.8/site-packages/airflow/example_dags/example_external_task_marker_dag.py
[2026-07-21T18:01:34.781+0000] {logging_mixin.py:188} INFO - [2026-07-21T18:01:34.780+0000] {dag.py:3036} INFO - Sync 2 DAGs
[2026-07-21T18:01:34.794+0000] {logging_mixin.py:188} INFO - [2026-07-21T18:01:34.793+0000] {dag.py:3823} INFO - Setting next_dagrun for example_external_task_marker_child to None, run_after=None
[2026-07-21T18:01:34.798+0000] {logging_mixin.py:188} INFO - [2026-07-21T18:01:34.797+0000] {dag.py:3823} INFO - Setting next_dagrun for example_external_task_marker_parent to None, run_after=None
[2026-07-21T18:01:34.815+0000] {processor.py:183} INFO - Processing /home/airflow/.local/lib/python3.8/site-packages/airflow/example_dags/example_external_task_marker_dag.py took 0.079 seconds
[2026-07-21T18:02:04.901+0000] {processor.py:161} INFO - Started process (PID=706) to work on /home/airflow/.local/lib/python3.8/site-packages/airflow/example_dags/example_external_task_marker_dag.py
[2026-07-21T18:02:04.902+0000] {processor.py:830} INFO - Processing file /home/airflow/.local/lib/python3.8/site-packages/airflow/example_dags/example_external_task_marker_dag.py for tasks to queue
[2026-07-21T18:02:04.905+0000] {logging_mixin.py:188} INFO - [2026-07-21T18:02:04.904+0000] {dagbag.py:538} INFO - Filling up the DagBag from /home/airflow/.local/lib/python3.8/site-packages/airflow/example_dags/example_external_task_marker_dag.py
[2026-07-21T18:02:04.912+0000] {processor.py:840} INFO - DAG(s) 'example_external_task_marker_child', 'example_external_task_marker_parent' retrieved from /home/airflow/.local/lib/python3.8/site-packages/airflow/example_dags/example_external_task_marker_dag.py
[2026-07-21T18:02:04.938+0000] {logging_mixin.py:188} INFO - [2026-07-21T18:02:04.938+0000] {dag.py:3036} INFO - Sync 2 DAGs
[2026-07-21T18:02:04.950+0000] {logging_mixin.py:188} INFO - [2026-07-21T18:02:04.950+0000] {dag.py:3823} INFO - Setting next_dagrun for example_external_task_marker_child to None, run_after=None
[2026-07-21T18:02:04.954+0000] {logging_mixin.py:188} INFO - [2026-07-21T18:02:04.954+0000] {dag.py:3823} INFO - Setting next_dagrun for example_external_task_marker_parent to None, run_after=None
[2026-07-21T18:02:04.981+0000] {processor.py:183} INFO - Processing /home/airflow/.local/lib/python3.8/site-packages/airflow/example_dags/example_external_task_marker_dag.py took 0.085 seconds
[2026-07-21T18:02:35.474+0000] {processor.py:161} INFO - Started process (PID=762) to work on /home/airflow/.local/lib/python3.8/site-packages/airflow/example_dags/example_external_task_marker_dag.py
[2026-07-21T18:02:35.476+0000] {processor.py:830} INFO - Processing file /home/airflow/.local/lib/python3.8/site-packages/airflow/example_dags/example_external_task_marker_dag.py for tasks to queue
[2026-07-21T18:02:35.478+0000] {logging_mixin.py:188} INFO - [2026-07-21T18:02:35.478+0000] {dagbag.py:538} INFO - Filling up the DagBag from /home/airflow/.local/lib/python3.8/site-packages/airflow/example_dags/example_external_task_marker_dag.py
[2026-07-21T18:02:35.485+0000] {processor.py:840} INFO - DAG(s) 'example_external_task_marker_parent', 'example_external_task_marker_child' retrieved from /home/airflow/.local/lib/python3.8/site-packages/airflow/example_dags/example_external_task_marker_dag.py
[2026-07-21T18:02:35.512+0000] {logging_mixin.py:188} INFO - [2026-07-21T18:02:35.512+0000] {dag.py:3036} INFO - Sync 2 DAGs
[2026-07-21T18:02:35.530+0000] {logging_mixin.py:188} INFO - [2026-07-21T18:02:35.530+0000] {dag.py:3823} INFO - Setting next_dagrun for example_external_task_marker_child to None, run_after=None
[2026-07-21T18:02:35.534+0000] {logging_mixin.py:188} INFO - [2026-07-21T18:02:35.534+0000] {dag.py:3823} INFO - Setting next_dagrun for example_external_task_marker_parent to None, run_after=None
[2026-07-21T18:02:35.562+0000] {processor.py:183} INFO - Processing /home/airflow/.local/lib/python3.8/site-packages/airflow/example_dags/example_external_task_marker_dag.py took 0.091 seconds
[2026-07-21T18:03:05.819+0000] {processor.py:161} INFO - Started process (PID=818) to work on /home/airflow/.local/lib/python3.8/site-packages/airflow/example_dags/example_external_task_marker_dag.py
[2026-07-21T18:03:05.820+0000] {processor.py:830} INFO - Processing file /home/airflow/.local/lib/python3.8/site-packages/airflow/example_dags/example_external_task_marker_dag.py for tasks to queue
[2026-07-21T18:03:05.822+0000] {logging_mixin.py:188} INFO - [2026-07-21T18:03:05.822+0000] {dagbag.py:538} INFO - Filling up the DagBag from /home/airflow/.local/lib/python3.8/site-packages/airflow/example_dags/example_external_task_marker_dag.py
[2026-07-21T18:03:05.828+0000] {processor.py:840} INFO - DAG(s) 'example_external_task_marker_child', 'example_external_task_marker_parent' retrieved from /home/airflow/.local/lib/python3.8/site-packages/airflow/example_dags/example_external_task_marker_dag.py
[2026-07-21T18:03:05.852+0000] {logging_mixin.py:188} INFO - [2026-07-21T18:03:05.852+0000] {dag.py:3036} INFO - Sync 2 DAGs
[2026-07-21T18:03:05.864+0000] {logging_mixin.py:188} INFO - [2026-07-21T18:03:05.863+0000] {dag.py:3823} INFO - Setting next_dagrun for example_external_task_marker_child to None, run_after=None
[2026-07-21T18:03:05.867+0000] {logging_mixin.py:188} INFO - [2026-07-21T18:03:05.867+0000] {dag.py:3823} INFO - Setting next_dagrun for example_external_task_marker_parent to None, run_after=None
[2026-07-21T18:03:05.883+0000] {processor.py:183} INFO - Processing /home/airflow/.local/lib/python3.8/site-packages/airflow/example_dags/example_external_task_marker_dag.py took 0.068 seconds
[2026-07-21T18:03:36.160+0000] {processor.py:161} INFO - Started process (PID=874) to work on /home/airflow/.local/lib/python3.8/site-packages/airflow/example_dags/example_external_task_marker_dag.py
[2026-07-21T18:03:36.161+0000] {processor.py:830} INFO - Processing file /home/airflow/.local/lib/python3.8/site-packages/airflow/example_dags/example_external_task_marker_dag.py for tasks to queue
[2026-07-21T18:03:36.163+0000] {logging_mixin.py:188} INFO - [2026-07-21T18:03:36.163+0000] {dagbag.py:538} INFO - Filling up the DagBag from /home/airflow/.local/lib/python3.8/site-packages/airflow/example_dags/example_external_task_marker_dag.py
[2026-07-21T18:03:36.170+0000] {processor.py:840} INFO - DAG(s) 'example_external_task_marker_child', 'example_external_task_marker_parent' retrieved from /home/airflow/.local/lib/python3.8/site-packages/airflow/example_dags/example_external_task_marker_dag.py
[2026-07-21T18:03:36.194+0000] {logging_mixin.py:188} INFO - [2026-07-21T18:03:36.193+0000] {dag.py:3036} INFO - Sync 2 DAGs
[2026-07-21T18:03:36.205+0000] {logging_mixin.py:188} INFO - [2026-07-21T18:03:36.205+0000] {dag.py:3823} INFO - Setting next_dagrun for example_external_task_marker_child to None, run_after=None
[2026-07-21T18:03:36.208+0000] {logging_mixin.py:188} INFO - [2026-07-21T18:03:36.208+0000] {dag.py:3823} INFO - Setting next_dagrun for example_external_task_marker_parent to None, run_after=None
[2026-07-21T18:03:36.226+0000] {processor.py:183} INFO - Processing /home/airflow/.local/lib/python3.8/site-packages/airflow/example_dags/example_external_task_marker_dag.py took 0.070 seconds
[2026-07-21T18:04:06.573+0000] {processor.py:161} INFO - Started process (PID=930) to work on /home/airflow/.local/lib/python3.8/site-packages/airflow/example_dags/example_external_task_marker_dag.py
[2026-07-21T18:04:06.574+0000] {processor.py:830} INFO - Processing file /home/airflow/.local/lib/python3.8/site-packages/airflow/example_dags/example_external_task_marker_dag.py for tasks to queue
[2026-07-21T18:04:06.577+0000] {logging_mixin.py:188} INFO - [2026-07-21T18:04:06.576+0000] {dagbag.py:538} INFO - Filling up the DagBag from /home/airflow/.local/lib/python3.8/site-packages/airflow/example_dags/example_external_task_marker_dag.py
[2026-07-21T18:04:06.584+0000] {processor.py:840} INFO - DAG(s) 'example_external_task_marker_parent', 'example_external_task_marker_child' retrieved from /home/airflow/.local/lib/python3.8/site-packages/airflow/example_dags/example_external_task_marker_dag.py
[2026-07-21T18:04:06.612+0000] {logging_mixin.py:188} INFO - [2026-07-21T18:04:06.612+0000] {dag.py:3036} INFO - Sync 2 DAGs
[2026-07-21T18:04:06.626+0000] {logging_mixin.py:188} INFO - [2026-07-21T18:04:06.625+0000] {dag.py:3823} INFO - Setting next_dagrun for example_external_task_marker_child to None, run_after=None
[2026-07-21T18:04:06.630+0000] {logging_mixin.py:188} INFO - [2026-07-21T18:04:06.630+0000] {dag.py:3823} INFO - Setting next_dagrun for example_external_task_marker_parent to None, run_after=None
[2026-07-21T18:04:06.656+0000] {processor.py:183} INFO - Processing /home/airflow/.local/lib/python3.8/site-packages/airflow/example_dags/example_external_task_marker_dag.py took 0.087 seconds
[2026-07-21T18:04:36.879+0000] {processor.py:161} INFO - Started process (PID=986) to work on /home/airflow/.local/lib/python3.8/site-packages/airflow/example_dags/example_external_task_marker_dag.py
[2026-07-21T18:04:36.880+0000] {processor.py:830} INFO - Processing file /home/airflow/.local/lib/python3.8/site-packages/airflow/example_dags/example_external_task_marker_dag.py for tasks to queue
[2026-07-21T18:04:36.882+0000] {logging_mixin.py:188} INFO - [2026-07-21T18:04:36.882+0000] {dagbag.py:538} INFO - Filling up the DagBag from /home/airflow/.local/lib/python3.8/site-packages/airflow/example_dags/example_external_task_marker_dag.py
[2026-07-21T18:04:36.890+0000] {processor.py:840} INFO - DAG(s) 'example_external_task_marker_parent', 'example_external_task_marker_child' retrieved from /home/airflow/.local/lib/python3.8/site-packages/airflow/example_dags/example_external_task_marker_dag.py
[2026-07-21T18:04:36.921+0000] {logging_mixin.py:188} INFO - [2026-07-21T18:04:36.921+0000] {dag.py:3036} INFO - Sync 2 DAGs
[2026-07-21T18:04:36.936+0000] {logging_mixin.py:188} INFO - [2026-07-21T18:04:36.936+0000] {dag.py:3823} INFO - Setting next_dagrun for example_external_task_marker_child to None, run_after=None
[2026-07-21T18:04:36.940+0000] {logging_mixin.py:188} INFO - [2026-07-21T18:04:36.939+0000] {dag.py:3823} INFO - Setting next_dagrun for example_external_task_marker_parent to None, run_after=None
[2026-07-21T18:04:36.962+0000] {processor.py:183} INFO - Processing /home/airflow/.local/lib/python3.8/site-packages/airflow/example_dags/example_external_task_marker_dag.py took 0.088 seconds
[2026-07-21T18:05:07.219+0000] {processor.py:161} INFO - Started process (PID=1042) to work on /home/airflow/.local/lib/python3.8/site-packages/airflow/example_dags/example_external_task_marker_dag.py
[2026-07-21T18:05:07.221+0000] {processor.py:830} INFO - Processing file /home/airflow/.local/lib/python3.8/site-packages/airflow/example_dags/example_external_task_marker_dag.py for tasks to queue
[2026-07-21T18:05:07.223+0000] {logging_mixin.py:188} INFO - [2026-07-21T18:05:07.222+0000] {dagbag.py:538} INFO - Filling up the DagBag from /home/airflow/.local/lib/python3.8/site-packages/airflow/example_dags/example_external_task_marker_dag.py
[2026-07-21T18:05:07.229+0000] {processor.py:840} INFO - DAG(s) 'example_external_task_marker_child', 'example_external_task_marker_parent' retrieved from /home/airflow/.local/lib/python3.8/site-packages/airflow/example_dags/example_external_task_marker_dag.py
[2026-07-21T18:05:07.255+0000] {logging_mixin.py:188} INFO - [2026-07-21T18:05:07.255+0000] {dag.py:3036} INFO - Sync 2 DAGs
[2026-07-21T18:05:07.268+0000] {logging_mixin.py:188} INFO - [2026-07-21T18:05:07.267+0000] {dag.py:3823} INFO - Setting next_dagrun for example_external_task_marker_child to None, run_after=None
[2026-07-21T18:05:07.272+0000] {logging_mixin.py:188} INFO - [2026-07-21T18:05:07.271+0000] {dag.py:3823} INFO - Setting next_dagrun for example_external_task_marker_parent to None, run_after=None
[2026-07-21T18:05:07.289+0000] {processor.py:183} INFO - Processing /home/airflow/.local/lib/python3.8/site-packages/airflow/example_dags/example_external_task_marker_dag.py took 0.074 seconds
[2026-07-21T18:05:37.913+0000] {processor.py:161} INFO - Started process (PID=1098) to work on /home/airflow/.local/lib/python3.8/site-packages/airflow/example_dags/example_external_task_marker_dag.py
[2026-07-21T18:05:37.915+0000] {processor.py:830} INFO - Processing file /home/airflow/.local/lib/python3.8/site-packages/airflow/example_dags/example_external_task_marker_dag.py for tasks to queue
[2026-07-21T18:05:37.917+0000] {logging_mixin.py:188} INFO - [2026-07-21T18:05:37.916+0000] {dagbag.py:538} INFO - Filling up the DagBag from /home/airflow/.local/lib/python3.8/site-packages/airflow/example_dags/example_external_task_marker_dag.py
[2026-07-21T18:05:37.923+0000] {processor.py:840} INFO - DAG(s) 'example_external_task_marker_parent', 'example_external_task_marker_child' retrieved from /home/airflow/.local/lib/python3.8/site-packages/airflow/example_dags/example_external_task_marker_dag.py
[2026-07-21T18:05:37.948+0000] {logging_mixin.py:188} INFO - [2026-07-21T18:05:37.947+0000] {dag.py:3036} INFO - Sync 2 DAGs
[2026-07-21T18:05:37.960+0000] {logging_mixin.py:188} INFO - [2026-07-21T18:05:37.960+0000] {dag.py:3823} INFO - Setting next_dagrun for example_external_task_marker_child to None, run_after=None
[2026-07-21T18:05:37.964+0000] {logging_mixin.py:188} INFO - [2026-07-21T18:05:37.963+0000] {dag.py:3823} INFO - Setting next_dagrun for example_external_task_marker_parent to None, run_after=None
[2026-07-21T18:05:37.983+0000] {processor.py:183} INFO - Processing /home/airflow/.local/lib/python3.8/site-packages/airflow/example_dags/example_external_task_marker_dag.py took 0.073 seconds
[2026-07-21T18:06:08.306+0000] {processor.py:161} INFO - Started process (PID=1154) to work on /home/airflow/.local/lib/python3.8/site-packages/airflow/example_dags/example_external_task_marker_dag.py
[2026-07-21T18:06:08.307+0000] {processor.py:830} INFO - Processing file /home/airflow/.local/lib/python3.8/site-packages/airflow/example_dags/example_external_task_marker_dag.py for tasks to queue
[2026-07-21T18:06:08.310+0000] {logging_mixin.py:188} INFO - [2026-07-21T18:06:08.310+0000] {dagbag.py:538} INFO - Filling up the DagBag from /home/airflow/.local/lib/python3.8/site-packages/airflow/example_dags/example_external_task_marker_dag.py
[2026-07-21T18:06:08.317+0000] {processor.py:840} INFO - DAG(s) 'example_external_task_marker_child', 'example_external_task_marker_parent' retrieved from /home/airflow/.local/lib/python3.8/site-packages/airflow/example_dags/example_external_task_marker_dag.py
[2026-07-21T18:06:08.342+0000] {logging_mixin.py:188} INFO - [2026-07-21T18:06:08.342+0000] {dag.py:3036} INFO - Sync 2 DAGs
[2026-07-21T18:06:08.354+0000] {logging_mixin.py:188} INFO - [2026-07-21T18:06:08.353+0000] {dag.py:3823} INFO - Setting next_dagrun for example_external_task_marker_child to None, run_after=None
[2026-07-21T18:06:08.359+0000] {logging_mixin.py:188} INFO - [2026-07-21T18:06:08.358+0000] {dag.py:3823} INFO - Setting next_dagrun for example_external_task_marker_parent to None, run_after=None
[2026-07-21T18:06:08.387+0000] {processor.py:183} INFO - Processing /home/airflow/.local/lib/python3.8/site-packages/airflow/example_dags/example_external_task_marker_dag.py took 0.085 seconds
[2026-07-21T18:06:38.893+0000] {processor.py:161} INFO - Started process (PID=1210) to work on /home/airflow/.local/lib/python3.8/site-packages/airflow/example_dags/example_external_task_marker_dag.py
[2026-07-21T18:06:38.894+0000] {processor.py:830} INFO - Processing file /home/airflow/.local/lib/python3.8/site-packages/airflow/example_dags/example_external_task_marker_dag.py for tasks to queue
[2026-07-21T18:06:38.896+0000] {logging_mixin.py:188} INFO - [2026-07-21T18:06:38.896+0000] {dagbag.py:538} INFO - Filling up the DagBag from /home/airflow/.local/lib/python3.8/site-packages/airflow/example_dags/example_external_task_marker_dag.py
[2026-07-21T18:06:38.905+0000] {processor.py:840} INFO - DAG(s) 'example_external_task_marker_child', 'example_external_task_marker_parent' retrieved from /home/airflow/.local/lib/python3.8/site-packages/airflow/example_dags/example_external_task_marker_dag.py
[2026-07-21T18:06:38.936+0000] {logging_mixin.py:188} INFO - [2026-07-21T18:06:38.936+0000] {dag.py:3036} INFO - Sync 2 DAGs
[2026-07-21T18:06:38.949+0000] {logging_mixin.py:188} INFO - [2026-07-21T18:06:38.949+0000] {dag.py:3823} INFO - Setting next_dagrun for example_external_task_marker_child to None, run_after=None
[2026-07-21T18:06:38.953+0000] {logging_mixin.py:188} INFO - [2026-07-21T18:06:38.953+0000] {dag.py:3823} INFO - Setting next_dagrun for example_external_task_marker_parent to None, run_after=None
[2026-07-21T18:06:38.971+0000] {processor.py:183} INFO - Processing /home/airflow/.local/lib/python3.8/site-packages/airflow/example_dags/example_external_task_marker_dag.py took 0.083 seconds
[2026-07-21T18:07:09.162+0000] {processor.py:161} INFO - Started process (PID=1266) to work on /home/airflow/.local/lib/python3.8/site-packages/airflow/example_dags/example_external_task_marker_dag.py
[2026-07-21T18:07:09.163+0000] {processor.py:830} INFO - Processing file /home/airflow/.local/lib/python3.8/site-packages/airflow/example_dags/example_external_task_marker_dag.py for tasks to queue
[2026-07-21T18:07:09.166+0000] {logging_mixin.py:188} INFO - [2026-07-21T18:07:09.166+0000] {dagbag.py:538} INFO - Filling up the DagBag from /home/airflow/.local/lib/python3.8/site-packages/airflow/example_dags/example_external_task_marker_dag.py
[2026-07-21T18:07:09.176+0000] {processor.py:840} INFO - DAG(s) 'example_external_task_marker_parent', 'example_external_task_marker_child' retrieved from /home/airflow/.local/lib/python3.8/site-packages/airflow/example_dags/example_external_task_marker_dag.py
[2026-07-21T18:07:09.207+0000] {logging_mixin.py:188} INFO - [2026-07-21T18:07:09.206+0000] {dag.py:3036} INFO - Sync 2 DAGs
[2026-07-21T18:07:09.221+0000] {logging_mixin.py:188} INFO - [2026-07-21T18:07:09.220+0000] {dag.py:3823} INFO - Setting next_dagrun for example_external_task_marker_child to None, run_after=None
[2026-07-21T18:07:09.226+0000] {logging_mixin.py:188} INFO - [2026-07-21T18:07:09.226+0000] {dag.py:3823} INFO - Setting next_dagrun for example_external_task_marker_parent to None, run_after=None
[2026-07-21T18:07:09.246+0000] {processor.py:183} INFO - Processing /home/airflow/.local/lib/python3.8/site-packages/airflow/example_dags/example_external_task_marker_dag.py took 0.089 seconds
[2026-07-21T18:09:13.506+0000] {processor.py:161} INFO - Started process (PID=123) to work on /home/airflow/.local/lib/python3.8/site-packages/airflow/example_dags/example_external_task_marker_dag.py
[2026-07-21T18:09:13.508+0000] {processor.py:830} INFO - Processing file /home/airflow/.local/lib/python3.8/site-packages/airflow/example_dags/example_external_task_marker_dag.py for tasks to queue
[2026-07-21T18:09:13.511+0000] {logging_mixin.py:188} INFO - [2026-07-21T18:09:13.511+0000] {dagbag.py:538} INFO - Filling up the DagBag from /home/airflow/.local/lib/python3.8/site-packages/airflow/example_dags/example_external_task_marker_dag.py
[2026-07-21T18:09:13.522+0000] {processor.py:840} INFO - DAG(s) 'example_external_task_marker_parent', 'example_external_task_marker_child' retrieved from /home/airflow/.local/lib/python3.8/site-packages/airflow/example_dags/example_external_task_marker_dag.py
[2026-07-21T18:09:13.563+0000] {logging_mixin.py:188} INFO - [2026-07-21T18:09:13.563+0000] {dag.py:3036} INFO - Sync 2 DAGs
[2026-07-21T18:09:13.594+0000] {logging_mixin.py:188} INFO - [2026-07-21T18:09:13.594+0000] {dag.py:3823} INFO - Setting next_dagrun for example_external_task_marker_child to None, run_after=None
[2026-07-21T18:09:13.601+0000] {logging_mixin.py:188} INFO - [2026-07-21T18:09:13.601+0000] {dag.py:3823} INFO - Setting next_dagrun for example_external_task_marker_parent to None, run_after=None
[2026-07-21T18:09:13.639+0000] {processor.py:183} INFO - Processing /home/airflow/.local/lib/python3.8/site-packages/airflow/example_dags/example_external_task_marker_dag.py took 0.141 seconds
[2026-07-21T18:09:44.419+0000] {processor.py:161} INFO - Started process (PID=179) to work on /home/airflow/.local/lib/python3.8/site-packages/airflow/example_dags/example_external_task_marker_dag.py
[2026-07-21T18:09:44.421+0000] {processor.py:830} INFO - Processing file /home/airflow/.local/lib/python3.8/site-packages/airflow/example_dags/example_external_task_marker_dag.py for tasks to queue
[2026-07-21T18:09:44.423+0000] {logging_mixin.py:188} INFO - [2026-07-21T18:09:44.422+0000] {dagbag.py:538} INFO - Filling up the DagBag from /home/airflow/.local/lib/python3.8/site-packages/airflow/example_dags/example_external_task_marker_dag.py
[2026-07-21T18:09:44.430+0000] {processor.py:840} INFO - DAG(s) 'example_external_task_marker_child', 'example_external_task_marker_parent' retrieved from /home/airflow/.local/lib/python3.8/site-packages/airflow/example_dags/example_external_task_marker_dag.py
[2026-07-21T18:09:44.558+0000] {logging_mixin.py:188} INFO - [2026-07-21T18:09:44.558+0000] {dag.py:3036} INFO - Sync 2 DAGs
[2026-07-21T18:09:44.569+0000] {logging_mixin.py:188} INFO - [2026-07-21T18:09:44.569+0000] {dag.py:3823} INFO - Setting next_dagrun for example_external_task_marker_child to None, run_after=None
[2026-07-21T18:09:44.573+0000] {logging_mixin.py:188} INFO - [2026-07-21T18:09:44.573+0000] {dag.py:3823} INFO - Setting next_dagrun for example_external_task_marker_parent to None, run_after=None
[2026-07-21T18:09:44.593+0000] {processor.py:183} INFO - Processing /home/airflow/.local/lib/python3.8/site-packages/airflow/example_dags/example_external_task_marker_dag.py took 0.178 seconds
[2026-07-21T18:10:14.919+0000] {processor.py:161} INFO - Started process (PID=235) to work on /home/airflow/.local/lib/python3.8/site-packages/airflow/example_dags/example_external_task_marker_dag.py
[2026-07-21T18:10:14.920+0000] {processor.py:830} INFO - Processing file /home/airflow/.local/lib/python3.8/site-packages/airflow/example_dags/example_external_task_marker_dag.py for tasks to queue
[2026-07-21T18:10:14.923+0000] {logging_mixin.py:188} INFO - [2026-07-21T18:10:14.922+0000] {dagbag.py:538} INFO - Filling up the DagBag from /home/airflow/.local/lib/python3.8/site-packages/airflow/example_dags/example_external_task_marker_dag.py
[2026-07-21T18:10:14.929+0000] {processor.py:840} INFO - DAG(s) 'example_external_task_marker_child', 'example_external_task_marker_parent' retrieved from /home/airflow/.local/lib/python3.8/site-packages/airflow/example_dags/example_external_task_marker_dag.py
[2026-07-21T18:10:14.954+0000] {logging_mixin.py:188} INFO - [2026-07-21T18:10:14.953+0000] {dag.py:3036} INFO - Sync 2 DAGs
[2026-07-21T18:10:14.965+0000] {logging_mixin.py:188} INFO - [2026-07-21T18:10:14.965+0000] {dag.py:3823} INFO - Setting next_dagrun for example_external_task_marker_child to None, run_after=None
[2026-07-21T18:10:14.969+0000] {logging_mixin.py:188} INFO - [2026-07-21T18:10:14.969+0000] {dag.py:3823} INFO - Setting next_dagrun for example_external_task_marker_parent to None, run_after=None
[2026-07-21T18:10:14.986+0000] {processor.py:183} INFO - Processing /home/airflow/.local/lib/python3.8/site-packages/airflow/example_dags/example_external_task_marker_dag.py took 0.071 seconds
[2026-07-21T18:10:45.163+0000] {processor.py:161} INFO - Started process (PID=291) to work on /home/airflow/.local/lib/python3.8/site-packages/airflow/example_dags/example_external_task_marker_dag.py
[2026-07-21T18:10:45.165+0000] {processor.py:830} INFO - Processing file /home/airflow/.local/lib/python3.8/site-packages/airflow/example_dags/example_external_task_marker_dag.py for tasks to queue
[2026-07-21T18:10:45.167+0000] {logging_mixin.py:188} INFO - [2026-07-21T18:10:45.167+0000] {dagbag.py:538} INFO - Filling up the DagBag from /home/airflow/.local/lib/python3.8/site-packages/airflow/example_dags/example_external_task_marker_dag.py
[2026-07-21T18:10:45.174+0000] {processor.py:840} INFO - DAG(s) 'example_external_task_marker_child', 'example_external_task_marker_parent' retrieved from /home/airflow/.local/lib/python3.8/site-packages/airflow/example_dags/example_external_task_marker_dag.py
[2026-07-21T18:10:45.201+0000] {logging_mixin.py:188} INFO - [2026-07-21T18:10:45.201+0000] {dag.py:3036} INFO - Sync 2 DAGs
[2026-07-21T18:10:45.215+0000] {logging_mixin.py:188} INFO - [2026-07-21T18:10:45.215+0000] {dag.py:3823} INFO - Setting next_dagrun for example_external_task_marker_child to None, run_after=None
[2026-07-21T18:10:45.220+0000] {logging_mixin.py:188} INFO - [2026-07-21T18:10:45.220+0000] {dag.py:3823} INFO - Setting next_dagrun for example_external_task_marker_parent to None, run_after=None
[2026-07-21T18:10:45.239+0000] {processor.py:183} INFO - Processing /home/airflow/.local/lib/python3.8/site-packages/airflow/example_dags/example_external_task_marker_dag.py took 0.079 seconds
[2026-07-21T18:11:15.700+0000] {processor.py:161} INFO - Started process (PID=347) to work on /home/airflow/.local/lib/python3.8/site-packages/airflow/example_dags/example_external_task_marker_dag.py
[2026-07-21T18:11:15.701+0000] {processor.py:830} INFO - Processing file /home/airflow/.local/lib/python3.8/site-packages/airflow/example_dags/example_external_task_marker_dag.py for tasks to queue
[2026-07-21T18:11:15.703+0000] {logging_mixin.py:188} INFO - [2026-07-21T18:11:15.703+0000] {dagbag.py:538} INFO - Filling up the DagBag from /home/airflow/.local/lib/python3.8/site-packages/airflow/example_dags/example_external_task_marker_dag.py
[2026-07-21T18:11:15.711+0000] {processor.py:840} INFO - DAG(s) 'example_external_task_marker_child', 'example_external_task_marker_parent' retrieved from /home/airflow/.local/lib/python3.8/site-packages/airflow/example_dags/example_external_task_marker_dag.py
[2026-07-21T18:11:15.738+0000] {logging_mixin.py:188} INFO - [2026-07-21T18:11:15.737+0000] {dag.py:3036} INFO - Sync 2 DAGs
[2026-07-21T18:11:15.750+0000] {logging_mixin.py:188} INFO - [2026-07-21T18:11:15.750+0000] {dag.py:3823} INFO - Setting next_dagrun for example_external_task_marker_child to None, run_after=None
[2026-07-21T18:11:15.754+0000] {logging_mixin.py:188} INFO - [2026-07-21T18:11:15.753+0000] {dag.py:3823} INFO - Setting next_dagrun for example_external_task_marker_parent to None, run_after=None
[2026-07-21T18:11:15.771+0000] {processor.py:183} INFO - Processing /home/airflow/.local/lib/python3.8/site-packages/airflow/example_dags/example_external_task_marker_dag.py took 0.076 seconds
[2026-07-21T18:11:46.235+0000] {processor.py:161} INFO - Started process (PID=403) to work on /home/airflow/.local/lib/python3.8/site-packages/airflow/example_dags/example_external_task_marker_dag.py
[2026-07-21T18:11:46.236+0000] {processor.py:830} INFO - Processing file /home/airflow/.local/lib/python3.8/site-packages/airflow/example_dags/example_external_task_marker_dag.py for tasks to queue
[2026-07-21T18:11:46.238+0000] {logging_mixin.py:188} INFO - [2026-07-21T18:11:46.238+0000] {dagbag.py:538} INFO - Filling up the DagBag from /home/airflow/.local/lib/python3.8/site-packages/airflow/example_dags/example_external_task_marker_dag.py
[2026-07-21T18:11:46.245+0000] {processor.py:840} INFO - DAG(s) 'example_external_task_marker_child', 'example_external_task_marker_parent' retrieved from /home/airflow/.local/lib/python3.8/site-packages/airflow/example_dags/example_external_task_marker_dag.py
[2026-07-21T18:11:46.272+0000] {logging_mixin.py:188} INFO - [2026-07-21T18:11:46.272+0000] {dag.py:3036} INFO - Sync 2 DAGs
[2026-07-21T18:11:46.285+0000] {logging_mixin.py:188} INFO - [2026-07-21T18:11:46.285+0000] {dag.py:3823} INFO - Setting next_dagrun for example_external_task_marker_child to None, run_after=None
[2026-07-21T18:11:46.289+0000] {logging_mixin.py:188} INFO - [2026-07-21T18:11:46.288+0000] {dag.py:3823} INFO - Setting next_dagrun for example_external_task_marker_parent to None, run_after=None
[2026-07-21T18:11:46.308+0000] {processor.py:183} INFO - Processing /home/airflow/.local/lib/python3.8/site-packages/airflow/example_dags/example_external_task_marker_dag.py took 0.078 seconds
[2026-07-21T18:12:16.877+0000] {processor.py:161} INFO - Started process (PID=459) to work on /home/airflow/.local/lib/python3.8/site-packages/airflow/example_dags/example_external_task_marker_dag.py
[2026-07-21T18:12:16.879+0000] {processor.py:830} INFO - Processing file /home/airflow/.local/lib/python3.8/site-packages/airflow/example_dags/example_external_task_marker_dag.py for tasks to queue
[2026-07-21T18:12:16.881+0000] {logging_mixin.py:188} INFO - [2026-07-21T18:12:16.880+0000] {dagbag.py:538} INFO - Filling up the DagBag from /home/airflow/.local/lib/python3.8/site-packages/airflow/example_dags/example_external_task_marker_dag.py
[2026-07-21T18:12:16.887+0000] {processor.py:840} INFO - DAG(s) 'example_external_task_marker_parent', 'example_external_task_marker_child' retrieved from /home/airflow/.local/lib/python3.8/site-packages/airflow/example_dags/example_external_task_marker_dag.py
[2026-07-21T18:12:16.916+0000] {logging_mixin.py:188} INFO - [2026-07-21T18:12:16.915+0000] {dag.py:3036} INFO - Sync 2 DAGs
[2026-07-21T18:12:16.929+0000] {logging_mixin.py:188} INFO - [2026-07-21T18:12:16.929+0000] {dag.py:3823} INFO - Setting next_dagrun for example_external_task_marker_child to None, run_after=None
[2026-07-21T18:12:16.933+0000] {logging_mixin.py:188} INFO - [2026-07-21T18:12:16.933+0000] {dag.py:3823} INFO - Setting next_dagrun for example_external_task_marker_parent to None, run_after=None
[2026-07-21T18:12:16.953+0000] {processor.py:183} INFO - Processing /home/airflow/.local/lib/python3.8/site-packages/airflow/example_dags/example_external_task_marker_dag.py took 0.081 seconds
[2026-07-21T18:12:47.728+0000] {processor.py:161} INFO - Started process (PID=515) to work on /home/airflow/.local/lib/python3.8/site-packages/airflow/example_dags/example_external_task_marker_dag.py
[2026-07-21T18:12:47.729+0000] {processor.py:830} INFO - Processing file /home/airflow/.local/lib/python3.8/site-packages/airflow/example_dags/example_external_task_marker_dag.py for tasks to queue
[2026-07-21T18:12:47.732+0000] {logging_mixin.py:188} INFO - [2026-07-21T18:12:47.731+0000] {dagbag.py:538} INFO - Filling up the DagBag from /home/airflow/.local/lib/python3.8/site-packages/airflow/example_dags/example_external_task_marker_dag.py
[2026-07-21T18:12:47.739+0000] {processor.py:840} INFO - DAG(s) 'example_external_task_marker_parent', 'example_external_task_marker_child' retrieved from /home/airflow/.local/lib/python3.8/site-packages/airflow/example_dags/example_external_task_marker_dag.py
[2026-07-21T18:12:47.765+0000] {logging_mixin.py:188} INFO - [2026-07-21T18:12:47.765+0000] {dag.py:3036} INFO - Sync 2 DAGs
[2026-07-21T18:12:47.778+0000] {logging_mixin.py:188} INFO - [2026-07-21T18:12:47.777+0000] {dag.py:3823} INFO - Setting next_dagrun for example_external_task_marker_child to None, run_after=None
[2026-07-21T18:12:47.782+0000] {logging_mixin.py:188} INFO - [2026-07-21T18:12:47.781+0000] {dag.py:3823} INFO - Setting next_dagrun for example_external_task_marker_parent to None, run_after=None
[2026-07-21T18:12:47.799+0000] {processor.py:183} INFO - Processing /home/airflow/.local/lib/python3.8/site-packages/airflow/example_dags/example_external_task_marker_dag.py took 0.075 seconds
[2026-07-21T18:13:18.535+0000] {processor.py:161} INFO - Started process (PID=571) to work on /home/airflow/.local/lib/python3.8/site-packages/airflow/example_dags/example_external_task_marker_dag.py
[2026-07-21T18:13:18.536+0000] {processor.py:830} INFO - Processing file /home/airflow/.local/lib/python3.8/site-packages/airflow/example_dags/example_external_task_marker_dag.py for tasks to queue
[2026-07-21T18:13:18.538+0000] {logging_mixin.py:188} INFO - [2026-07-21T18:13:18.538+0000] {dagbag.py:538} INFO - Filling up the DagBag from /home/airflow/.local/lib/python3.8/site-packages/airflow/example_dags/example_external_task_marker_dag.py
[2026-07-21T18:13:18.545+0000] {processor.py:840} INFO - DAG(s) 'example_external_task_marker_child', 'example_external_task_marker_parent' retrieved from /home/airflow/.local/lib/python3.8/site-packages/airflow/example_dags/example_external_task_marker_dag.py
[2026-07-21T18:13:18.569+0000] {logging_mixin.py:188} INFO - [2026-07-21T18:13:18.569+0000] {dag.py:3036} INFO - Sync 2 DAGs
[2026-07-21T18:13:18.582+0000] {logging_mixin.py:188} INFO - [2026-07-21T18:13:18.582+0000] {dag.py:3823} INFO - Setting next_dagrun for example_external_task_marker_child to None, run_after=None
[2026-07-21T18:13:18.585+0000] {logging_mixin.py:188} INFO - [2026-07-21T18:13:18.585+0000] {dag.py:3823} INFO - Setting next_dagrun for example_external_task_marker_parent to None, run_after=None
[2026-07-21T18:13:18.602+0000] {processor.py:183} INFO - Processing /home/airflow/.local/lib/python3.8/site-packages/airflow/example_dags/example_external_task_marker_dag.py took 0.071 seconds
[2026-07-21T18:13:48.971+0000] {processor.py:161} INFO - Started process (PID=627) to work on /home/airflow/.local/lib/python3.8/site-packages/airflow/example_dags/example_external_task_marker_dag.py
[2026-07-21T18:13:48.972+0000] {processor.py:830} INFO - Processing file /home/airflow/.local/lib/python3.8/site-packages/airflow/example_dags/example_external_task_marker_dag.py for tasks to queue
[2026-07-21T18:13:48.974+0000] {logging_mixin.py:188} INFO - [2026-07-21T18:13:48.974+0000] {dagbag.py:538} INFO - Filling up the DagBag from /home/airflow/.local/lib/python3.8/site-packages/airflow/example_dags/example_external_task_marker_dag.py
[2026-07-21T18:13:48.980+0000] {processor.py:840} INFO - DAG(s) 'example_external_task_marker_child', 'example_external_task_marker_parent' retrieved from /home/airflow/.local/lib/python3.8/site-packages/airflow/example_dags/example_external_task_marker_dag.py
[2026-07-21T18:13:49.004+0000] {logging_mixin.py:188} INFO - [2026-07-21T18:13:49.004+0000] {dag.py:3036} INFO - Sync 2 DAGs
[2026-07-21T18:13:49.016+0000] {logging_mixin.py:188} INFO - [2026-07-21T18:13:49.016+0000] {dag.py:3823} INFO - Setting next_dagrun for example_external_task_marker_child to None, run_after=None
[2026-07-21T18:13:49.019+0000] {logging_mixin.py:188} INFO - [2026-07-21T18:13:49.019+0000] {dag.py:3823} INFO - Setting next_dagrun for example_external_task_marker_parent to None, run_after=None
[2026-07-21T18:13:49.036+0000] {processor.py:183} INFO - Processing /home/airflow/.local/lib/python3.8/site-packages/airflow/example_dags/example_external_task_marker_dag.py took 0.069 seconds
[2026-07-21T18:14:19.966+0000] {processor.py:161} INFO - Started process (PID=683) to work on /home/airflow/.local/lib/python3.8/site-packages/airflow/example_dags/example_external_task_marker_dag.py
[2026-07-21T18:14:19.968+0000] {processor.py:830} INFO - Processing file /home/airflow/.local/lib/python3.8/site-packages/airflow/example_dags/example_external_task_marker_dag.py for tasks to queue
[2026-07-21T18:14:19.970+0000] {logging_mixin.py:188} INFO - [2026-07-21T18:14:19.970+0000] {dagbag.py:538} INFO - Filling up the DagBag from /home/airflow/.local/lib/python3.8/site-packages/airflow/example_dags/example_external_task_marker_dag.py
[2026-07-21T18:14:19.976+0000] {processor.py:840} INFO - DAG(s) 'example_external_task_marker_child', 'example_external_task_marker_parent' retrieved from /home/airflow/.local/lib/python3.8/site-packages/airflow/example_dags/example_external_task_marker_dag.py
[2026-07-21T18:14:20.002+0000] {logging_mixin.py:188} INFO - [2026-07-21T18:14:20.001+0000] {dag.py:3036} INFO - Sync 2 DAGs
[2026-07-21T18:14:20.015+0000] {logging_mixin.py:188} INFO - [2026-07-21T18:14:20.015+0000] {dag.py:3823} INFO - Setting next_dagrun for example_external_task_marker_child to None, run_after=None
[2026-07-21T18:14:20.019+0000] {logging_mixin.py:188} INFO - [2026-07-21T18:14:20.018+0000] {dag.py:3823} INFO - Setting next_dagrun for example_external_task_marker_parent to None, run_after=None
[2026-07-21T18:14:20.035+0000] {processor.py:183} INFO - Processing /home/airflow/.local/lib/python3.8/site-packages/airflow/example_dags/example_external_task_marker_dag.py took 0.073 seconds
[2026-07-21T18:14:50.949+0000] {processor.py:161} INFO - Started process (PID=740) to work on /home/airflow/.local/lib/python3.8/site-packages/airflow/example_dags/example_external_task_marker_dag.py
[2026-07-21T18:14:50.950+0000] {processor.py:830} INFO - Processing file /home/airflow/.local/lib/python3.8/site-packages/airflow/example_dags/example_external_task_marker_dag.py for tasks to queue
[2026-07-21T18:14:50.952+0000] {logging_mixin.py:188} INFO - [2026-07-21T18:14:50.952+0000] {dagbag.py:538} INFO - Filling up the DagBag from /home/airflow/.local/lib/python3.8/site-packages/airflow/example_dags/example_external_task_marker_dag.py
[2026-07-21T18:14:50.962+0000] {processor.py:840} INFO - DAG(s) 'example_external_task_marker_parent', 'example_external_task_marker_child' retrieved from /home/airflow/.local/lib/python3.8/site-packages/airflow/example_dags/example_external_task_marker_dag.py
[2026-07-21T18:14:50.999+0000] {logging_mixin.py:188} INFO - [2026-07-21T18:14:50.998+0000] {dag.py:3036} INFO - Sync 2 DAGs
[2026-07-21T18:14:51.015+0000] {logging_mixin.py:188} INFO - [2026-07-21T18:14:51.015+0000] {dag.py:3823} INFO - Setting next_dagrun for example_external_task_marker_child to None, run_after=None
[2026-07-21T18:14:51.020+0000] {logging_mixin.py:188} INFO - [2026-07-21T18:14:51.019+0000] {dag.py:3823} INFO - Setting next_dagrun for example_external_task_marker_parent to None, run_after=None
[2026-07-21T18:14:51.038+0000] {processor.py:183} INFO - Processing /home/airflow/.local/lib/python3.8/site-packages/airflow/example_dags/example_external_task_marker_dag.py took 0.093 seconds
[2026-07-21T18:15:21.816+0000] {processor.py:161} INFO - Started process (PID=796) to work on /home/airflow/.local/lib/python3.8/site-packages/airflow/example_dags/example_external_task_marker_dag.py
[2026-07-21T18:15:21.817+0000] {processor.py:830} INFO - Processing file /home/airflow/.local/lib/python3.8/site-packages/airflow/example_dags/example_external_task_marker_dag.py for tasks to queue
[2026-07-21T18:15:21.820+0000] {logging_mixin.py:188} INFO - [2026-07-21T18:15:21.819+0000] {dagbag.py:538} INFO - Filling up the DagBag from /home/airflow/.local/lib/python3.8/site-packages/airflow/example_dags/example_external_task_marker_dag.py
[2026-07-21T18:15:21.826+0000] {processor.py:840} INFO - DAG(s) 'example_external_task_marker_parent', 'example_external_task_marker_child' retrieved from /home/airflow/.local/lib/python3.8/site-packages/airflow/example_dags/example_external_task_marker_dag.py
[2026-07-21T18:15:21.852+0000] {logging_mixin.py:188} INFO - [2026-07-21T18:15:21.852+0000] {dag.py:3036} INFO - Sync 2 DAGs
[2026-07-21T18:15:21.865+0000] {logging_mixin.py:188} INFO - [2026-07-21T18:15:21.865+0000] {dag.py:3823} INFO - Setting next_dagrun for example_external_task_marker_child to None, run_after=None
[2026-07-21T18:15:21.868+0000] {logging_mixin.py:188} INFO - [2026-07-21T18:15:21.868+0000] {dag.py:3823} INFO - Setting next_dagrun for example_external_task_marker_parent to None, run_after=None
[2026-07-21T18:15:21.885+0000] {processor.py:183} INFO - Processing /home/airflow/.local/lib/python3.8/site-packages/airflow/example_dags/example_external_task_marker_dag.py took 0.073 seconds
[2026-07-21T18:15:52.577+0000] {processor.py:161} INFO - Started process (PID=852) to work on /home/airflow/.local/lib/python3.8/site-packages/airflow/example_dags/example_external_task_marker_dag.py
[2026-07-21T18:15:52.578+0000] {processor.py:830} INFO - Processing file /home/airflow/.local/lib/python3.8/site-packages/airflow/example_dags/example_external_task_marker_dag.py for tasks to queue
[2026-07-21T18:15:52.580+0000] {logging_mixin.py:188} INFO - [2026-07-21T18:15:52.580+0000] {dagbag.py:538} INFO - Filling up the DagBag from /home/airflow/.local/lib/python3.8/site-packages/airflow/example_dags/example_external_task_marker_dag.py
[2026-07-21T18:15:52.587+0000] {processor.py:840} INFO - DAG(s) 'example_external_task_marker_child', 'example_external_task_marker_parent' retrieved from /home/airflow/.local/lib/python3.8/site-packages/airflow/example_dags/example_external_task_marker_dag.py
[2026-07-21T18:15:52.613+0000] {logging_mixin.py:188} INFO - [2026-07-21T18:15:52.613+0000] {dag.py:3036} INFO - Sync 2 DAGs
[2026-07-21T18:15:52.626+0000] {logging_mixin.py:188} INFO - [2026-07-21T18:15:52.625+0000] {dag.py:3823} INFO - Setting next_dagrun for example_external_task_marker_child to None, run_after=None
[2026-07-21T18:15:52.630+0000] {logging_mixin.py:188} INFO - [2026-07-21T18:15:52.630+0000] {dag.py:3823} INFO - Setting next_dagrun for example_external_task_marker_parent to None, run_after=None
[2026-07-21T18:15:52.650+0000] {processor.py:183} INFO - Processing /home/airflow/.local/lib/python3.8/site-packages/airflow/example_dags/example_external_task_marker_dag.py took 0.077 seconds
[2026-07-21T18:16:23.293+0000] {processor.py:161} INFO - Started process (PID=908) to work on /home/airflow/.local/lib/python3.8/site-packages/airflow/example_dags/example_external_task_marker_dag.py
[2026-07-21T18:16:23.295+0000] {processor.py:830} INFO - Processing file /home/airflow/.local/lib/python3.8/site-packages/airflow/example_dags/example_external_task_marker_dag.py for tasks to queue
[2026-07-21T18:16:23.297+0000] {logging_mixin.py:188} INFO - [2026-07-21T18:16:23.297+0000] {dagbag.py:538} INFO - Filling up the DagBag from /home/airflow/.local/lib/python3.8/site-packages/airflow/example_dags/example_external_task_marker_dag.py
[2026-07-21T18:16:23.304+0000] {processor.py:840} INFO - DAG(s) 'example_external_task_marker_child', 'example_external_task_marker_parent' retrieved from /home/airflow/.local/lib/python3.8/site-packages/airflow/example_dags/example_external_task_marker_dag.py
[2026-07-21T18:16:23.331+0000] {logging_mixin.py:188} INFO - [2026-07-21T18:16:23.330+0000] {dag.py:3036} INFO - Sync 2 DAGs
[2026-07-21T18:16:23.344+0000] {logging_mixin.py:188} INFO - [2026-07-21T18:16:23.344+0000] {dag.py:3823} INFO - Setting next_dagrun for example_external_task_marker_child to None, run_after=None
[2026-07-21T18:16:23.349+0000] {logging_mixin.py:188} INFO - [2026-07-21T18:16:23.348+0000] {dag.py:3823} INFO - Setting next_dagrun for example_external_task_marker_parent to None, run_after=None
[2026-07-21T18:16:23.369+0000] {processor.py:183} INFO - Processing /home/airflow/.local/lib/python3.8/site-packages/airflow/example_dags/example_external_task_marker_dag.py took 0.080 seconds
[2026-07-21T18:16:53.559+0000] {processor.py:161} INFO - Started process (PID=964) to work on /home/airflow/.local/lib/python3.8/site-packages/airflow/example_dags/example_external_task_marker_dag.py
[2026-07-21T18:16:53.560+0000] {processor.py:830} INFO - Processing file /home/airflow/.local/lib/python3.8/site-packages/airflow/example_dags/example_external_task_marker_dag.py for tasks to queue
[2026-07-21T18:16:53.562+0000] {logging_mixin.py:188} INFO - [2026-07-21T18:16:53.562+0000] {dagbag.py:538} INFO - Filling up the DagBag from /home/airflow/.local/lib/python3.8/site-packages/airflow/example_dags/example_external_task_marker_dag.py
[2026-07-21T18:16:53.569+0000] {processor.py:840} INFO - DAG(s) 'example_external_task_marker_parent', 'example_external_task_marker_child' retrieved from /home/airflow/.local/lib/python3.8/site-packages/airflow/example_dags/example_external_task_marker_dag.py
[2026-07-21T18:16:53.595+0000] {logging_mixin.py:188} INFO - [2026-07-21T18:16:53.594+0000] {dag.py:3036} INFO - Sync 2 DAGs
[2026-07-21T18:16:53.608+0000] {logging_mixin.py:188} INFO - [2026-07-21T18:16:53.608+0000] {dag.py:3823} INFO - Setting next_dagrun for example_external_task_marker_child to None, run_after=None
[2026-07-21T18:16:53.612+0000] {logging_mixin.py:188} INFO - [2026-07-21T18:16:53.612+0000] {dag.py:3823} INFO - Setting next_dagrun for example_external_task_marker_parent to None, run_after=None
[2026-07-21T18:16:53.631+0000] {processor.py:183} INFO - Processing /home/airflow/.local/lib/python3.8/site-packages/airflow/example_dags/example_external_task_marker_dag.py took 0.075 seconds
[2026-07-21T18:17:23.936+0000] {processor.py:161} INFO - Started process (PID=1020) to work on /home/airflow/.local/lib/python3.8/site-packages/airflow/example_dags/example_external_task_marker_dag.py
[2026-07-21T18:17:23.937+0000] {processor.py:830} INFO - Processing file /home/airflow/.local/lib/python3.8/site-packages/airflow/example_dags/example_external_task_marker_dag.py for tasks to queue
[2026-07-21T18:17:23.940+0000] {logging_mixin.py:188} INFO - [2026-07-21T18:17:23.939+0000] {dagbag.py:538} INFO - Filling up the DagBag from /home/airflow/.local/lib/python3.8/site-packages/airflow/example_dags/example_external_task_marker_dag.py
[2026-07-21T18:17:23.948+0000] {processor.py:840} INFO - DAG(s) 'example_external_task_marker_parent', 'example_external_task_marker_child' retrieved from /home/airflow/.local/lib/python3.8/site-packages/airflow/example_dags/example_external_task_marker_dag.py
[2026-07-21T18:17:23.976+0000] {logging_mixin.py:188} INFO - [2026-07-21T18:17:23.976+0000] {dag.py:3036} INFO - Sync 2 DAGs
[2026-07-21T18:17:23.989+0000] {logging_mixin.py:188} INFO - [2026-07-21T18:17:23.989+0000] {dag.py:3823} INFO - Setting next_dagrun for example_external_task_marker_child to None, run_after=None
[2026-07-21T18:17:23.993+0000] {logging_mixin.py:188} INFO - [2026-07-21T18:17:23.993+0000] {dag.py:3823} INFO - Setting next_dagrun for example_external_task_marker_parent to None, run_after=None
[2026-07-21T18:17:24.016+0000] {processor.py:183} INFO - Processing /home/airflow/.local/lib/python3.8/site-packages/airflow/example_dags/example_external_task_marker_dag.py took 0.083 seconds
[2026-07-21T18:17:54.763+0000] {processor.py:161} INFO - Started process (PID=1076) to work on /home/airflow/.local/lib/python3.8/site-packages/airflow/example_dags/example_external_task_marker_dag.py
[2026-07-21T18:17:54.764+0000] {processor.py:830} INFO - Processing file /home/airflow/.local/lib/python3.8/site-packages/airflow/example_dags/example_external_task_marker_dag.py for tasks to queue
[2026-07-21T18:17:54.766+0000] {logging_mixin.py:188} INFO - [2026-07-21T18:17:54.765+0000] {dagbag.py:538} INFO - Filling up the DagBag from /home/airflow/.local/lib/python3.8/site-packages/airflow/example_dags/example_external_task_marker_dag.py
[2026-07-21T18:17:54.773+0000] {processor.py:840} INFO - DAG(s) 'example_external_task_marker_child', 'example_external_task_marker_parent' retrieved from /home/airflow/.local/lib/python3.8/site-packages/airflow/example_dags/example_external_task_marker_dag.py
[2026-07-21T18:17:54.797+0000] {logging_mixin.py:188} INFO - [2026-07-21T18:17:54.797+0000] {dag.py:3036} INFO - Sync 2 DAGs
[2026-07-21T18:17:54.810+0000] {logging_mixin.py:188} INFO - [2026-07-21T18:17:54.810+0000] {dag.py:3823} INFO - Setting next_dagrun for example_external_task_marker_child to None, run_after=None
[2026-07-21T18:17:54.814+0000] {logging_mixin.py:188} INFO - [2026-07-21T18:17:54.813+0000] {dag.py:3823} INFO - Setting next_dagrun for example_external_task_marker_parent to None, run_after=None
[2026-07-21T18:17:54.830+0000] {processor.py:183} INFO - Processing /home/airflow/.local/lib/python3.8/site-packages/airflow/example_dags/example_external_task_marker_dag.py took 0.071 seconds
[2026-07-21T18:18:25.804+0000] {processor.py:161} INFO - Started process (PID=1132) to work on /home/airflow/.local/lib/python3.8/site-packages/airflow/example_dags/example_external_task_marker_dag.py
[2026-07-21T18:18:25.805+0000] {processor.py:830} INFO - Processing file /home/airflow/.local/lib/python3.8/site-packages/airflow/example_dags/example_external_task_marker_dag.py for tasks to queue
[2026-07-21T18:18:25.808+0000] {logging_mixin.py:188} INFO - [2026-07-21T18:18:25.807+0000] {dagbag.py:538} INFO - Filling up the DagBag from /home/airflow/.local/lib/python3.8/site-packages/airflow/example_dags/example_external_task_marker_dag.py
[2026-07-21T18:18:25.814+0000] {processor.py:840} INFO - DAG(s) 'example_external_task_marker_parent', 'example_external_task_marker_child' retrieved from /home/airflow/.local/lib/python3.8/site-packages/airflow/example_dags/example_external_task_marker_dag.py
[2026-07-21T18:18:25.838+0000] {logging_mixin.py:188} INFO - [2026-07-21T18:18:25.838+0000] {dag.py:3036} INFO - Sync 2 DAGs
[2026-07-21T18:18:25.850+0000] {logging_mixin.py:188} INFO - [2026-07-21T18:18:25.850+0000] {dag.py:3823} INFO - Setting next_dagrun for example_external_task_marker_child to None, run_after=None
[2026-07-21T18:18:25.854+0000] {logging_mixin.py:188} INFO - [2026-07-21T18:18:25.854+0000] {dag.py:3823} INFO - Setting next_dagrun for example_external_task_marker_parent to None, run_after=None
[2026-07-21T18:18:25.870+0000] {processor.py:183} INFO - Processing /home/airflow/.local/lib/python3.8/site-packages/airflow/example_dags/example_external_task_marker_dag.py took 0.070 seconds
[2026-07-21T18:18:56.811+0000] {processor.py:161} INFO - Started process (PID=1188) to work on /home/airflow/.local/lib/python3.8/site-packages/airflow/example_dags/example_external_task_marker_dag.py
[2026-07-21T18:18:56.813+0000] {processor.py:830} INFO - Processing file /home/airflow/.local/lib/python3.8/site-packages/airflow/example_dags/example_external_task_marker_dag.py for tasks to queue
[2026-07-21T18:18:56.815+0000] {logging_mixin.py:188} INFO - [2026-07-21T18:18:56.815+0000] {dagbag.py:538} INFO - Filling up the DagBag from /home/airflow/.local/lib/python3.8/site-packages/airflow/example_dags/example_external_task_marker_dag.py
[2026-07-21T18:18:56.823+0000] {processor.py:840} INFO - DAG(s) 'example_external_task_marker_parent', 'example_external_task_marker_child' retrieved from /home/airflow/.local/lib/python3.8/site-packages/airflow/example_dags/example_external_task_marker_dag.py
[2026-07-21T18:18:56.852+0000] {logging_mixin.py:188} INFO - [2026-07-21T18:18:56.852+0000] {dag.py:3036} INFO - Sync 2 DAGs
[2026-07-21T18:18:56.867+0000] {logging_mixin.py:188} INFO - [2026-07-21T18:18:56.867+0000] {dag.py:3823} INFO - Setting next_dagrun for example_external_task_marker_child to None, run_after=None
[2026-07-21T18:18:56.871+0000] {logging_mixin.py:188} INFO - [2026-07-21T18:18:56.871+0000] {dag.py:3823} INFO - Setting next_dagrun for example_external_task_marker_parent to None, run_after=None
[2026-07-21T18:18:56.892+0000] {processor.py:183} INFO - Processing /home/airflow/.local/lib/python3.8/site-packages/airflow/example_dags/example_external_task_marker_dag.py took 0.087 seconds
[2026-07-21T18:19:27.305+0000] {processor.py:161} INFO - Started process (PID=1244) to work on /home/airflow/.local/lib/python3.8/site-packages/airflow/example_dags/example_external_task_marker_dag.py
[2026-07-21T18:19:27.306+0000] {processor.py:830} INFO - Processing file /home/airflow/.local/lib/python3.8/site-packages/airflow/example_dags/example_external_task_marker_dag.py for tasks to queue
[2026-07-21T18:19:27.308+0000] {logging_mixin.py:188} INFO - [2026-07-21T18:19:27.308+0000] {dagbag.py:538} INFO - Filling up the DagBag from /home/airflow/.local/lib/python3.8/site-packages/airflow/example_dags/example_external_task_marker_dag.py
[2026-07-21T18:19:27.315+0000] {processor.py:840} INFO - DAG(s) 'example_external_task_marker_child', 'example_external_task_marker_parent' retrieved from /home/airflow/.local/lib/python3.8/site-packages/airflow/example_dags/example_external_task_marker_dag.py
[2026-07-21T18:19:27.339+0000] {logging_mixin.py:188} INFO - [2026-07-21T18:19:27.339+0000] {dag.py:3036} INFO - Sync 2 DAGs
[2026-07-21T18:19:27.350+0000] {logging_mixin.py:188} INFO - [2026-07-21T18:19:27.350+0000] {dag.py:3823} INFO - Setting next_dagrun for example_external_task_marker_child to None, run_after=None
[2026-07-21T18:19:27.354+0000] {logging_mixin.py:188} INFO - [2026-07-21T18:19:27.354+0000] {dag.py:3823} INFO - Setting next_dagrun for example_external_task_marker_parent to None, run_after=None
[2026-07-21T18:19:27.371+0000] {processor.py:183} INFO - Processing /home/airflow/.local/lib/python3.8/site-packages/airflow/example_dags/example_external_task_marker_dag.py took 0.070 seconds
[2026-07-21T18:19:57.853+0000] {processor.py:161} INFO - Started process (PID=1300) to work on /home/airflow/.local/lib/python3.8/site-packages/airflow/example_dags/example_external_task_marker_dag.py
[2026-07-21T18:19:57.854+0000] {processor.py:830} INFO - Processing file /home/airflow/.local/lib/python3.8/site-packages/airflow/example_dags/example_external_task_marker_dag.py for tasks to queue
[2026-07-21T18:19:57.856+0000] {logging_mixin.py:188} INFO - [2026-07-21T18:19:57.856+0000] {dagbag.py:538} INFO - Filling up the DagBag from /home/airflow/.local/lib/python3.8/site-packages/airflow/example_dags/example_external_task_marker_dag.py
[2026-07-21T18:19:57.865+0000] {processor.py:840} INFO - DAG(s) 'example_external_task_marker_child', 'example_external_task_marker_parent' retrieved from /home/airflow/.local/lib/python3.8/site-packages/airflow/example_dags/example_external_task_marker_dag.py
[2026-07-21T18:19:57.890+0000] {logging_mixin.py:188} INFO - [2026-07-21T18:19:57.889+0000] {dag.py:3036} INFO - Sync 2 DAGs
[2026-07-21T18:19:57.902+0000] {logging_mixin.py:188} INFO - [2026-07-21T18:19:57.902+0000] {dag.py:3823} INFO - Setting next_dagrun for example_external_task_marker_child to None, run_after=None
[2026-07-21T18:19:57.905+0000] {logging_mixin.py:188} INFO - [2026-07-21T18:19:57.905+0000] {dag.py:3823} INFO - Setting next_dagrun for example_external_task_marker_parent to None, run_after=None
[2026-07-21T18:19:57.922+0000] {processor.py:183} INFO - Processing /home/airflow/.local/lib/python3.8/site-packages/airflow/example_dags/example_external_task_marker_dag.py took 0.072 seconds
[2026-07-21T18:20:28.486+0000] {processor.py:161} INFO - Started process (PID=1356) to work on /home/airflow/.local/lib/python3.8/site-packages/airflow/example_dags/example_external_task_marker_dag.py
[2026-07-21T18:20:28.488+0000] {processor.py:830} INFO - Processing file /home/airflow/.local/lib/python3.8/site-packages/airflow/example_dags/example_external_task_marker_dag.py for tasks to queue
[2026-07-21T18:20:28.490+0000] {logging_mixin.py:188} INFO - [2026-07-21T18:20:28.489+0000] {dagbag.py:538} INFO - Filling up the DagBag from /home/airflow/.local/lib/python3.8/site-packages/airflow/example_dags/example_external_task_marker_dag.py
[2026-07-21T18:20:28.496+0000] {processor.py:840} INFO - DAG(s) 'example_external_task_marker_parent', 'example_external_task_marker_child' retrieved from /home/airflow/.local/lib/python3.8/site-packages/airflow/example_dags/example_external_task_marker_dag.py
[2026-07-21T18:20:28.521+0000] {logging_mixin.py:188} INFO - [2026-07-21T18:20:28.521+0000] {dag.py:3036} INFO - Sync 2 DAGs
[2026-07-21T18:20:28.532+0000] {logging_mixin.py:188} INFO - [2026-07-21T18:20:28.532+0000] {dag.py:3823} INFO - Setting next_dagrun for example_external_task_marker_child to None, run_after=None
[2026-07-21T18:20:28.536+0000] {logging_mixin.py:188} INFO - [2026-07-21T18:20:28.536+0000] {dag.py:3823} INFO - Setting next_dagrun for example_external_task_marker_parent to None, run_after=None
[2026-07-21T18:20:28.554+0000] {processor.py:183} INFO - Processing /home/airflow/.local/lib/python3.8/site-packages/airflow/example_dags/example_external_task_marker_dag.py took 0.071 seconds
[2026-07-21T18:20:58.822+0000] {processor.py:161} INFO - Started process (PID=1412) to work on /home/airflow/.local/lib/python3.8/site-packages/airflow/example_dags/example_external_task_marker_dag.py
[2026-07-21T18:20:58.824+0000] {processor.py:830} INFO - Processing file /home/airflow/.local/lib/python3.8/site-packages/airflow/example_dags/example_external_task_marker_dag.py for tasks to queue
[2026-07-21T18:20:58.826+0000] {logging_mixin.py:188} INFO - [2026-07-21T18:20:58.826+0000] {dagbag.py:538} INFO - Filling up the DagBag from /home/airflow/.local/lib/python3.8/site-packages/airflow/example_dags/example_external_task_marker_dag.py
[2026-07-21T18:20:58.833+0000] {processor.py:840} INFO - DAG(s) 'example_external_task_marker_child', 'example_external_task_marker_parent' retrieved from /home/airflow/.local/lib/python3.8/site-packages/airflow/example_dags/example_external_task_marker_dag.py
[2026-07-21T18:20:58.857+0000] {logging_mixin.py:188} INFO - [2026-07-21T18:20:58.857+0000] {dag.py:3036} INFO - Sync 2 DAGs
[2026-07-21T18:20:58.869+0000] {logging_mixin.py:188} INFO - [2026-07-21T18:20:58.869+0000] {dag.py:3823} INFO - Setting next_dagrun for example_external_task_marker_child to None, run_after=None
[2026-07-21T18:20:58.873+0000] {logging_mixin.py:188} INFO - [2026-07-21T18:20:58.873+0000] {dag.py:3823} INFO - Setting next_dagrun for example_external_task_marker_parent to None, run_after=None
[2026-07-21T18:20:58.890+0000] {processor.py:183} INFO - Processing /home/airflow/.local/lib/python3.8/site-packages/airflow/example_dags/example_external_task_marker_dag.py took 0.072 seconds
[2026-07-21T18:21:30.646+0000] {processor.py:161} INFO - Started process (PID=1468) to work on /home/airflow/.local/lib/python3.8/site-packages/airflow/example_dags/example_external_task_marker_dag.py
[2026-07-21T18:21:30.648+0000] {processor.py:830} INFO - Processing file /home/airflow/.local/lib/python3.8/site-packages/airflow/example_dags/example_external_task_marker_dag.py for tasks to queue
[2026-07-21T18:21:30.650+0000] {logging_mixin.py:188} INFO - [2026-07-21T18:21:30.650+0000] {dagbag.py:538} INFO - Filling up the DagBag from /home/airflow/.local/lib/python3.8/site-packages/airflow/example_dags/example_external_task_marker_dag.py
[2026-07-21T18:21:30.657+0000] {processor.py:840} INFO - DAG(s) 'example_external_task_marker_child', 'example_external_task_marker_parent' retrieved from /home/airflow/.local/lib/python3.8/site-packages/airflow/example_dags/example_external_task_marker_dag.py
[2026-07-21T18:21:30.683+0000] {logging_mixin.py:188} INFO - [2026-07-21T18:21:30.683+0000] {dag.py:3036} INFO - Sync 2 DAGs
[2026-07-21T18:21:30.696+0000] {logging_mixin.py:188} INFO - [2026-07-21T18:21:30.695+0000] {dag.py:3823} INFO - Setting next_dagrun for example_external_task_marker_child to None, run_after=None
[2026-07-21T18:21:30.849+0000] {logging_mixin.py:188} INFO - [2026-07-21T18:21:30.849+0000] {dag.py:3823} INFO - Setting next_dagrun for example_external_task_marker_parent to None, run_after=None
[2026-07-21T18:21:30.865+0000] {processor.py:183} INFO - Processing /home/airflow/.local/lib/python3.8/site-packages/airflow/example_dags/example_external_task_marker_dag.py took 0.223 seconds
[2026-07-21T18:22:00.973+0000] {processor.py:161} INFO - Started process (PID=1524) to work on /home/airflow/.local/lib/python3.8/site-packages/airflow/example_dags/example_external_task_marker_dag.py
[2026-07-21T18:22:00.975+0000] {processor.py:830} INFO - Processing file /home/airflow/.local/lib/python3.8/site-packages/airflow/example_dags/example_external_task_marker_dag.py for tasks to queue
[2026-07-21T18:22:00.977+0000] {logging_mixin.py:188} INFO - [2026-07-21T18:22:00.976+0000] {dagbag.py:538} INFO - Filling up the DagBag from /home/airflow/.local/lib/python3.8/site-packages/airflow/example_dags/example_external_task_marker_dag.py
[2026-07-21T18:22:00.984+0000] {processor.py:840} INFO - DAG(s) 'example_external_task_marker_parent', 'example_external_task_marker_child' retrieved from /home/airflow/.local/lib/python3.8/site-packages/airflow/example_dags/example_external_task_marker_dag.py
[2026-07-21T18:22:01.013+0000] {logging_mixin.py:188} INFO - [2026-07-21T18:22:01.013+0000] {dag.py:3036} INFO - Sync 2 DAGs
[2026-07-21T18:22:01.029+0000] {logging_mixin.py:188} INFO - [2026-07-21T18:22:01.028+0000] {dag.py:3823} INFO - Setting next_dagrun for example_external_task_marker_child to None, run_after=None
[2026-07-21T18:22:01.033+0000] {logging_mixin.py:188} INFO - [2026-07-21T18:22:01.033+0000] {dag.py:3823} INFO - Setting next_dagrun for example_external_task_marker_parent to None, run_after=None
[2026-07-21T18:22:01.053+0000] {processor.py:183} INFO - Processing /home/airflow/.local/lib/python3.8/site-packages/airflow/example_dags/example_external_task_marker_dag.py took 0.083 seconds
[2026-07-21T18:22:31.096+0000] {processor.py:161} INFO - Started process (PID=1579) to work on /home/airflow/.local/lib/python3.8/site-packages/airflow/example_dags/example_external_task_marker_dag.py
[2026-07-21T18:22:31.098+0000] {processor.py:830} INFO - Processing file /home/airflow/.local/lib/python3.8/site-packages/airflow/example_dags/example_external_task_marker_dag.py for tasks to queue
[2026-07-21T18:22:31.101+0000] {logging_mixin.py:188} INFO - [2026-07-21T18:22:31.101+0000] {dagbag.py:538} INFO - Filling up the DagBag from /home/airflow/.local/lib/python3.8/site-packages/airflow/example_dags/example_external_task_marker_dag.py
[2026-07-21T18:22:31.109+0000] {processor.py:840} INFO - DAG(s) 'example_external_task_marker_child', 'example_external_task_marker_parent' retrieved from /home/airflow/.local/lib/python3.8/site-packages/airflow/example_dags/example_external_task_marker_dag.py
[2026-07-21T18:22:31.142+0000] {logging_mixin.py:188} INFO - [2026-07-21T18:22:31.141+0000] {dag.py:3036} INFO - Sync 2 DAGs
[2026-07-21T18:22:31.155+0000] {logging_mixin.py:188} INFO - [2026-07-21T18:22:31.155+0000] {dag.py:3823} INFO - Setting next_dagrun for example_external_task_marker_child to None, run_after=None
[2026-07-21T18:22:31.159+0000] {logging_mixin.py:188} INFO - [2026-07-21T18:22:31.159+0000] {dag.py:3823} INFO - Setting next_dagrun for example_external_task_marker_parent to None, run_after=None
[2026-07-21T18:22:31.176+0000] {processor.py:183} INFO - Processing /home/airflow/.local/lib/python3.8/site-packages/airflow/example_dags/example_external_task_marker_dag.py took 0.083 seconds
[2026-07-21T18:23:02.531+0000] {processor.py:161} INFO - Started process (PID=1635) to work on /home/airflow/.local/lib/python3.8/site-packages/airflow/example_dags/example_external_task_marker_dag.py
[2026-07-21T18:23:02.532+0000] {processor.py:830} INFO - Processing file /home/airflow/.local/lib/python3.8/site-packages/airflow/example_dags/example_external_task_marker_dag.py for tasks to queue
[2026-07-21T18:23:02.534+0000] {logging_mixin.py:188} INFO - [2026-07-21T18:23:02.534+0000] {dagbag.py:538} INFO - Filling up the DagBag from /home/airflow/.local/lib/python3.8/site-packages/airflow/example_dags/example_external_task_marker_dag.py
[2026-07-21T18:23:02.541+0000] {processor.py:840} INFO - DAG(s) 'example_external_task_marker_parent', 'example_external_task_marker_child' retrieved from /home/airflow/.local/lib/python3.8/site-packages/airflow/example_dags/example_external_task_marker_dag.py
[2026-07-21T18:23:02.566+0000] {logging_mixin.py:188} INFO - [2026-07-21T18:23:02.566+0000] {dag.py:3036} INFO - Sync 2 DAGs
[2026-07-21T18:23:02.578+0000] {logging_mixin.py:188} INFO - [2026-07-21T18:23:02.577+0000] {dag.py:3823} INFO - Setting next_dagrun for example_external_task_marker_child to None, run_after=None
[2026-07-21T18:23:02.582+0000] {logging_mixin.py:188} INFO - [2026-07-21T18:23:02.581+0000] {dag.py:3823} INFO - Setting next_dagrun for example_external_task_marker_parent to None, run_after=None
[2026-07-21T18:23:02.599+0000] {processor.py:183} INFO - Processing /home/airflow/.local/lib/python3.8/site-packages/airflow/example_dags/example_external_task_marker_dag.py took 0.072 seconds
[2026-07-21T18:23:34.427+0000] {processor.py:161} INFO - Started process (PID=1692) to work on /home/airflow/.local/lib/python3.8/site-packages/airflow/example_dags/example_external_task_marker_dag.py
[2026-07-21T18:23:34.428+0000] {processor.py:830} INFO - Processing file /home/airflow/.local/lib/python3.8/site-packages/airflow/example_dags/example_external_task_marker_dag.py for tasks to queue
[2026-07-21T18:23:34.430+0000] {logging_mixin.py:188} INFO - [2026-07-21T18:23:34.430+0000] {dagbag.py:538} INFO - Filling up the DagBag from /home/airflow/.local/lib/python3.8/site-packages/airflow/example_dags/example_external_task_marker_dag.py
[2026-07-21T18:23:34.436+0000] {processor.py:840} INFO - DAG(s) 'example_external_task_marker_child', 'example_external_task_marker_parent' retrieved from /home/airflow/.local/lib/python3.8/site-packages/airflow/example_dags/example_external_task_marker_dag.py
[2026-07-21T18:23:34.616+0000] {logging_mixin.py:188} INFO - [2026-07-21T18:23:34.615+0000] {dag.py:3036} INFO - Sync 2 DAGs
[2026-07-21T18:23:34.626+0000] {logging_mixin.py:188} INFO - [2026-07-21T18:23:34.625+0000] {dag.py:3823} INFO - Setting next_dagrun for example_external_task_marker_child to None, run_after=None
[2026-07-21T18:23:34.629+0000] {logging_mixin.py:188} INFO - [2026-07-21T18:23:34.629+0000] {dag.py:3823} INFO - Setting next_dagrun for example_external_task_marker_parent to None, run_after=None
[2026-07-21T18:23:34.645+0000] {processor.py:183} INFO - Processing /home/airflow/.local/lib/python3.8/site-packages/airflow/example_dags/example_external_task_marker_dag.py took 0.222 seconds
[2026-07-21T18:24:05.593+0000] {processor.py:161} INFO - Started process (PID=1748) to work on /home/airflow/.local/lib/python3.8/site-packages/airflow/example_dags/example_external_task_marker_dag.py
[2026-07-21T18:24:05.594+0000] {processor.py:830} INFO - Processing file /home/airflow/.local/lib/python3.8/site-packages/airflow/example_dags/example_external_task_marker_dag.py for tasks to queue
[2026-07-21T18:24:05.596+0000] {logging_mixin.py:188} INFO - [2026-07-21T18:24:05.596+0000] {dagbag.py:538} INFO - Filling up the DagBag from /home/airflow/.local/lib/python3.8/site-packages/airflow/example_dags/example_external_task_marker_dag.py
[2026-07-21T18:24:05.603+0000] {processor.py:840} INFO - DAG(s) 'example_external_task_marker_child', 'example_external_task_marker_parent' retrieved from /home/airflow/.local/lib/python3.8/site-packages/airflow/example_dags/example_external_task_marker_dag.py
[2026-07-21T18:24:05.631+0000] {logging_mixin.py:188} INFO - [2026-07-21T18:24:05.630+0000] {dag.py:3036} INFO - Sync 2 DAGs
[2026-07-21T18:24:05.644+0000] {logging_mixin.py:188} INFO - [2026-07-21T18:24:05.643+0000] {dag.py:3823} INFO - Setting next_dagrun for example_external_task_marker_child to None, run_after=None
[2026-07-21T18:24:05.648+0000] {logging_mixin.py:188} INFO - [2026-07-21T18:24:05.648+0000] {dag.py:3823} INFO - Setting next_dagrun for example_external_task_marker_parent to None, run_after=None
[2026-07-21T18:24:05.668+0000] {processor.py:183} INFO - Processing /home/airflow/.local/lib/python3.8/site-packages/airflow/example_dags/example_external_task_marker_dag.py took 0.079 seconds
[2026-07-21T18:24:35.800+0000] {processor.py:161} INFO - Started process (PID=1804) to work on /home/airflow/.local/lib/python3.8/site-packages/airflow/example_dags/example_external_task_marker_dag.py
[2026-07-21T18:24:35.801+0000] {processor.py:830} INFO - Processing file /home/airflow/.local/lib/python3.8/site-packages/airflow/example_dags/example_external_task_marker_dag.py for tasks to queue
[2026-07-21T18:24:35.803+0000] {logging_mixin.py:188} INFO - [2026-07-21T18:24:35.803+0000] {dagbag.py:538} INFO - Filling up the DagBag from /home/airflow/.local/lib/python3.8/site-packages/airflow/example_dags/example_external_task_marker_dag.py
[2026-07-21T18:24:35.810+0000] {processor.py:840} INFO - DAG(s) 'example_external_task_marker_child', 'example_external_task_marker_parent' retrieved from /home/airflow/.local/lib/python3.8/site-packages/airflow/example_dags/example_external_task_marker_dag.py
[2026-07-21T18:24:35.836+0000] {logging_mixin.py:188} INFO - [2026-07-21T18:24:35.836+0000] {dag.py:3036} INFO - Sync 2 DAGs
[2026-07-21T18:24:35.850+0000] {logging_mixin.py:188} INFO - [2026-07-21T18:24:35.849+0000] {dag.py:3823} INFO - Setting next_dagrun for example_external_task_marker_child to None, run_after=None
[2026-07-21T18:24:35.854+0000] {logging_mixin.py:188} INFO - [2026-07-21T18:24:35.854+0000] {dag.py:3823} INFO - Setting next_dagrun for example_external_task_marker_parent to None, run_after=None
[2026-07-21T18:24:35.875+0000] {processor.py:183} INFO - Processing /home/airflow/.local/lib/python3.8/site-packages/airflow/example_dags/example_external_task_marker_dag.py took 0.078 seconds
[2026-07-21T18:25:06.140+0000] {processor.py:161} INFO - Started process (PID=1860) to work on /home/airflow/.local/lib/python3.8/site-packages/airflow/example_dags/example_external_task_marker_dag.py
[2026-07-21T18:25:06.141+0000] {processor.py:830} INFO - Processing file /home/airflow/.local/lib/python3.8/site-packages/airflow/example_dags/example_external_task_marker_dag.py for tasks to queue
[2026-07-21T18:25:06.143+0000] {logging_mixin.py:188} INFO - [2026-07-21T18:25:06.143+0000] {dagbag.py:538} INFO - Filling up the DagBag from /home/airflow/.local/lib/python3.8/site-packages/airflow/example_dags/example_external_task_marker_dag.py
[2026-07-21T18:25:06.150+0000] {processor.py:840} INFO - DAG(s) 'example_external_task_marker_parent', 'example_external_task_marker_child' retrieved from /home/airflow/.local/lib/python3.8/site-packages/airflow/example_dags/example_external_task_marker_dag.py
[2026-07-21T18:25:06.179+0000] {logging_mixin.py:188} INFO - [2026-07-21T18:25:06.179+0000] {dag.py:3036} INFO - Sync 2 DAGs
[2026-07-21T18:25:06.195+0000] {logging_mixin.py:188} INFO - [2026-07-21T18:25:06.195+0000] {dag.py:3823} INFO - Setting next_dagrun for example_external_task_marker_child to None, run_after=None
[2026-07-21T18:25:06.199+0000] {logging_mixin.py:188} INFO - [2026-07-21T18:25:06.199+0000] {dag.py:3823} INFO - Setting next_dagrun for example_external_task_marker_parent to None, run_after=None
[2026-07-21T18:25:06.220+0000] {processor.py:183} INFO - Processing /home/airflow/.local/lib/python3.8/site-packages/airflow/example_dags/example_external_task_marker_dag.py took 0.084 seconds
[2026-07-21T18:25:37.110+0000] {processor.py:161} INFO - Started process (PID=1916) to work on /home/airflow/.local/lib/python3.8/site-packages/airflow/example_dags/example_external_task_marker_dag.py
[2026-07-21T18:25:37.111+0000] {processor.py:830} INFO - Processing file /home/airflow/.local/lib/python3.8/site-packages/airflow/example_dags/example_external_task_marker_dag.py for tasks to queue
[2026-07-21T18:25:37.113+0000] {logging_mixin.py:188} INFO - [2026-07-21T18:25:37.113+0000] {dagbag.py:538} INFO - Filling up the DagBag from /home/airflow/.local/lib/python3.8/site-packages/airflow/example_dags/example_external_task_marker_dag.py
[2026-07-21T18:25:37.120+0000] {processor.py:840} INFO - DAG(s) 'example_external_task_marker_child', 'example_external_task_marker_parent' retrieved from /home/airflow/.local/lib/python3.8/site-packages/airflow/example_dags/example_external_task_marker_dag.py
[2026-07-21T18:25:37.144+0000] {logging_mixin.py:188} INFO - [2026-07-21T18:25:37.144+0000] {dag.py:3036} INFO - Sync 2 DAGs
[2026-07-21T18:25:37.157+0000] {logging_mixin.py:188} INFO - [2026-07-21T18:25:37.157+0000] {dag.py:3823} INFO - Setting next_dagrun for example_external_task_marker_child to None, run_after=None
[2026-07-21T18:25:37.161+0000] {logging_mixin.py:188} INFO - [2026-07-21T18:25:37.161+0000] {dag.py:3823} INFO - Setting next_dagrun for example_external_task_marker_parent to None, run_after=None
[2026-07-21T18:25:37.189+0000] {processor.py:183} INFO - Processing /home/airflow/.local/lib/python3.8/site-packages/airflow/example_dags/example_external_task_marker_dag.py took 0.082 seconds
[2026-07-21T18:26:07.845+0000] {processor.py:161} INFO - Started process (PID=1972) to work on /home/airflow/.local/lib/python3.8/site-packages/airflow/example_dags/example_external_task_marker_dag.py
[2026-07-21T18:26:07.846+0000] {processor.py:830} INFO - Processing file /home/airflow/.local/lib/python3.8/site-packages/airflow/example_dags/example_external_task_marker_dag.py for tasks to queue
[2026-07-21T18:26:07.848+0000] {logging_mixin.py:188} INFO - [2026-07-21T18:26:07.848+0000] {dagbag.py:538} INFO - Filling up the DagBag from /home/airflow/.local/lib/python3.8/site-packages/airflow/example_dags/example_external_task_marker_dag.py
[2026-07-21T18:26:07.855+0000] {processor.py:840} INFO - DAG(s) 'example_external_task_marker_child', 'example_external_task_marker_parent' retrieved from /home/airflow/.local/lib/python3.8/site-packages/airflow/example_dags/example_external_task_marker_dag.py
[2026-07-21T18:26:07.880+0000] {logging_mixin.py:188} INFO - [2026-07-21T18:26:07.880+0000] {dag.py:3036} INFO - Sync 2 DAGs
[2026-07-21T18:26:07.893+0000] {logging_mixin.py:188} INFO - [2026-07-21T18:26:07.893+0000] {dag.py:3823} INFO - Setting next_dagrun for example_external_task_marker_child to None, run_after=None
[2026-07-21T18:26:07.897+0000] {logging_mixin.py:188} INFO - [2026-07-21T18:26:07.897+0000] {dag.py:3823} INFO - Setting next_dagrun for example_external_task_marker_parent to None, run_after=None
[2026-07-21T18:26:07.915+0000] {processor.py:183} INFO - Processing /home/airflow/.local/lib/python3.8/site-packages/airflow/example_dags/example_external_task_marker_dag.py took 0.074 seconds
[2026-07-21T18:26:38.590+0000] {processor.py:161} INFO - Started process (PID=2028) to work on /home/airflow/.local/lib/python3.8/site-packages/airflow/example_dags/example_external_task_marker_dag.py
[2026-07-21T18:26:38.591+0000] {processor.py:830} INFO - Processing file /home/airflow/.local/lib/python3.8/site-packages/airflow/example_dags/example_external_task_marker_dag.py for tasks to queue
[2026-07-21T18:26:38.592+0000] {logging_mixin.py:188} INFO - [2026-07-21T18:26:38.592+0000] {dagbag.py:538} INFO - Filling up the DagBag from /home/airflow/.local/lib/python3.8/site-packages/airflow/example_dags/example_external_task_marker_dag.py
[2026-07-21T18:26:38.598+0000] {processor.py:840} INFO - DAG(s) 'example_external_task_marker_child', 'example_external_task_marker_parent' retrieved from /home/airflow/.local/lib/python3.8/site-packages/airflow/example_dags/example_external_task_marker_dag.py
[2026-07-21T18:26:38.622+0000] {logging_mixin.py:188} INFO - [2026-07-21T18:26:38.622+0000] {dag.py:3036} INFO - Sync 2 DAGs
[2026-07-21T18:26:38.634+0000] {logging_mixin.py:188} INFO - [2026-07-21T18:26:38.634+0000] {dag.py:3823} INFO - Setting next_dagrun for example_external_task_marker_child to None, run_after=None
[2026-07-21T18:26:38.638+0000] {logging_mixin.py:188} INFO - [2026-07-21T18:26:38.637+0000] {dag.py:3823} INFO - Setting next_dagrun for example_external_task_marker_parent to None, run_after=None
[2026-07-21T18:26:38.655+0000] {processor.py:183} INFO - Processing /home/airflow/.local/lib/python3.8/site-packages/airflow/example_dags/example_external_task_marker_dag.py took 0.068 seconds
[2026-07-21T18:27:09.136+0000] {processor.py:161} INFO - Started process (PID=2084) to work on /home/airflow/.local/lib/python3.8/site-packages/airflow/example_dags/example_external_task_marker_dag.py
[2026-07-21T18:27:09.138+0000] {processor.py:830} INFO - Processing file /home/airflow/.local/lib/python3.8/site-packages/airflow/example_dags/example_external_task_marker_dag.py for tasks to queue
[2026-07-21T18:27:09.141+0000] {logging_mixin.py:188} INFO - [2026-07-21T18:27:09.140+0000] {dagbag.py:538} INFO - Filling up the DagBag from /home/airflow/.local/lib/python3.8/site-packages/airflow/example_dags/example_external_task_marker_dag.py
[2026-07-21T18:27:09.151+0000] {processor.py:840} INFO - DAG(s) 'example_external_task_marker_child', 'example_external_task_marker_parent' retrieved from /home/airflow/.local/lib/python3.8/site-packages/airflow/example_dags/example_external_task_marker_dag.py
[2026-07-21T18:27:09.188+0000] {logging_mixin.py:188} INFO - [2026-07-21T18:27:09.187+0000] {dag.py:3036} INFO - Sync 2 DAGs
[2026-07-21T18:27:09.203+0000] {logging_mixin.py:188} INFO - [2026-07-21T18:27:09.203+0000] {dag.py:3823} INFO - Setting next_dagrun for example_external_task_marker_child to None, run_after=None
[2026-07-21T18:27:09.207+0000] {logging_mixin.py:188} INFO - [2026-07-21T18:27:09.207+0000] {dag.py:3823} INFO - Setting next_dagrun for example_external_task_marker_parent to None, run_after=None
[2026-07-21T18:27:09.228+0000] {processor.py:183} INFO - Processing /home/airflow/.local/lib/python3.8/site-packages/airflow/example_dags/example_external_task_marker_dag.py took 0.099 seconds
[2026-07-21T18:27:39.611+0000] {processor.py:161} INFO - Started process (PID=2140) to work on /home/airflow/.local/lib/python3.8/site-packages/airflow/example_dags/example_external_task_marker_dag.py
[2026-07-21T18:27:39.613+0000] {processor.py:830} INFO - Processing file /home/airflow/.local/lib/python3.8/site-packages/airflow/example_dags/example_external_task_marker_dag.py for tasks to queue
[2026-07-21T18:27:39.616+0000] {logging_mixin.py:188} INFO - [2026-07-21T18:27:39.616+0000] {dagbag.py:538} INFO - Filling up the DagBag from /home/airflow/.local/lib/python3.8/site-packages/airflow/example_dags/example_external_task_marker_dag.py
[2026-07-21T18:27:39.625+0000] {processor.py:840} INFO - DAG(s) 'example_external_task_marker_parent', 'example_external_task_marker_child' retrieved from /home/airflow/.local/lib/python3.8/site-packages/airflow/example_dags/example_external_task_marker_dag.py
[2026-07-21T18:27:39.655+0000] {logging_mixin.py:188} INFO - [2026-07-21T18:27:39.655+0000] {dag.py:3036} INFO - Sync 2 DAGs
[2026-07-21T18:27:39.669+0000] {logging_mixin.py:188} INFO - [2026-07-21T18:27:39.668+0000] {dag.py:3823} INFO - Setting next_dagrun for example_external_task_marker_child to None, run_after=None
[2026-07-21T18:27:39.673+0000] {logging_mixin.py:188} INFO - [2026-07-21T18:27:39.672+0000] {dag.py:3823} INFO - Setting next_dagrun for example_external_task_marker_parent to None, run_after=None
[2026-07-21T18:27:39.694+0000] {processor.py:183} INFO - Processing /home/airflow/.local/lib/python3.8/site-packages/airflow/example_dags/example_external_task_marker_dag.py took 0.089 seconds
[2026-07-21T18:28:10.235+0000] {processor.py:161} INFO - Started process (PID=2196) to work on /home/airflow/.local/lib/python3.8/site-packages/airflow/example_dags/example_external_task_marker_dag.py
[2026-07-21T18:28:10.236+0000] {processor.py:830} INFO - Processing file /home/airflow/.local/lib/python3.8/site-packages/airflow/example_dags/example_external_task_marker_dag.py for tasks to queue
[2026-07-21T18:28:10.238+0000] {logging_mixin.py:188} INFO - [2026-07-21T18:28:10.237+0000] {dagbag.py:538} INFO - Filling up the DagBag from /home/airflow/.local/lib/python3.8/site-packages/airflow/example_dags/example_external_task_marker_dag.py
[2026-07-21T18:28:10.244+0000] {processor.py:840} INFO - DAG(s) 'example_external_task_marker_parent', 'example_external_task_marker_child' retrieved from /home/airflow/.local/lib/python3.8/site-packages/airflow/example_dags/example_external_task_marker_dag.py
[2026-07-21T18:28:10.267+0000] {logging_mixin.py:188} INFO - [2026-07-21T18:28:10.267+0000] {dag.py:3036} INFO - Sync 2 DAGs
[2026-07-21T18:28:10.279+0000] {logging_mixin.py:188} INFO - [2026-07-21T18:28:10.279+0000] {dag.py:3823} INFO - Setting next_dagrun for example_external_task_marker_child to None, run_after=None
[2026-07-21T18:28:10.283+0000] {logging_mixin.py:188} INFO - [2026-07-21T18:28:10.282+0000] {dag.py:3823} INFO - Setting next_dagrun for example_external_task_marker_parent to None, run_after=None
[2026-07-21T18:28:10.301+0000] {processor.py:183} INFO - Processing /home/airflow/.local/lib/python3.8/site-packages/airflow/example_dags/example_external_task_marker_dag.py took 0.070 seconds
[2026-07-21T18:28:40.601+0000] {processor.py:161} INFO - Started process (PID=2252) to work on /home/airflow/.local/lib/python3.8/site-packages/airflow/example_dags/example_external_task_marker_dag.py
[2026-07-21T18:28:40.602+0000] {processor.py:830} INFO - Processing file /home/airflow/.local/lib/python3.8/site-packages/airflow/example_dags/example_external_task_marker_dag.py for tasks to queue
[2026-07-21T18:28:40.604+0000] {logging_mixin.py:188} INFO - [2026-07-21T18:28:40.604+0000] {dagbag.py:538} INFO - Filling up the DagBag from /home/airflow/.local/lib/python3.8/site-packages/airflow/example_dags/example_external_task_marker_dag.py
[2026-07-21T18:28:40.610+0000] {processor.py:840} INFO - DAG(s) 'example_external_task_marker_parent', 'example_external_task_marker_child' retrieved from /home/airflow/.local/lib/python3.8/site-packages/airflow/example_dags/example_external_task_marker_dag.py
[2026-07-21T18:28:40.637+0000] {logging_mixin.py:188} INFO - [2026-07-21T18:28:40.636+0000] {dag.py:3036} INFO - Sync 2 DAGs
[2026-07-21T18:28:40.648+0000] {logging_mixin.py:188} INFO - [2026-07-21T18:28:40.648+0000] {dag.py:3823} INFO - Setting next_dagrun for example_external_task_marker_child to None, run_after=None
[2026-07-21T18:28:40.652+0000] {logging_mixin.py:188} INFO - [2026-07-21T18:28:40.651+0000] {dag.py:3823} INFO - Setting next_dagrun for example_external_task_marker_parent to None, run_after=None
[2026-07-21T18:28:40.669+0000] {processor.py:183} INFO - Processing /home/airflow/.local/lib/python3.8/site-packages/airflow/example_dags/example_external_task_marker_dag.py took 0.071 seconds
[2026-07-21T18:29:10.892+0000] {processor.py:161} INFO - Started process (PID=2308) to work on /home/airflow/.local/lib/python3.8/site-packages/airflow/example_dags/example_external_task_marker_dag.py
[2026-07-21T18:29:10.893+0000] {processor.py:830} INFO - Processing file /home/airflow/.local/lib/python3.8/site-packages/airflow/example_dags/example_external_task_marker_dag.py for tasks to queue
[2026-07-21T18:29:10.895+0000] {logging_mixin.py:188} INFO - [2026-07-21T18:29:10.895+0000] {dagbag.py:538} INFO - Filling up the DagBag from /home/airflow/.local/lib/python3.8/site-packages/airflow/example_dags/example_external_task_marker_dag.py
[2026-07-21T18:29:10.902+0000] {processor.py:840} INFO - DAG(s) 'example_external_task_marker_child', 'example_external_task_marker_parent' retrieved from /home/airflow/.local/lib/python3.8/site-packages/airflow/example_dags/example_external_task_marker_dag.py
[2026-07-21T18:29:10.939+0000] {logging_mixin.py:188} INFO - [2026-07-21T18:29:10.939+0000] {dag.py:3036} INFO - Sync 2 DAGs
[2026-07-21T18:29:10.962+0000] {logging_mixin.py:188} INFO - [2026-07-21T18:29:10.962+0000] {dag.py:3823} INFO - Setting next_dagrun for example_external_task_marker_child to None, run_after=None
[2026-07-21T18:29:10.968+0000] {logging_mixin.py:188} INFO - [2026-07-21T18:29:10.968+0000] {dag.py:3823} INFO - Setting next_dagrun for example_external_task_marker_parent to None, run_after=None
[2026-07-21T18:29:10.995+0000] {processor.py:183} INFO - Processing /home/airflow/.local/lib/python3.8/site-packages/airflow/example_dags/example_external_task_marker_dag.py took 0.107 seconds
[2026-07-21T18:29:41.547+0000] {processor.py:161} INFO - Started process (PID=2364) to work on /home/airflow/.local/lib/python3.8/site-packages/airflow/example_dags/example_external_task_marker_dag.py
[2026-07-21T18:29:41.548+0000] {processor.py:830} INFO - Processing file /home/airflow/.local/lib/python3.8/site-packages/airflow/example_dags/example_external_task_marker_dag.py for tasks to queue
[2026-07-21T18:29:41.550+0000] {logging_mixin.py:188} INFO - [2026-07-21T18:29:41.550+0000] {dagbag.py:538} INFO - Filling up the DagBag from /home/airflow/.local/lib/python3.8/site-packages/airflow/example_dags/example_external_task_marker_dag.py
[2026-07-21T18:29:41.557+0000] {processor.py:840} INFO - DAG(s) 'example_external_task_marker_child', 'example_external_task_marker_parent' retrieved from /home/airflow/.local/lib/python3.8/site-packages/airflow/example_dags/example_external_task_marker_dag.py
[2026-07-21T18:29:41.583+0000] {logging_mixin.py:188} INFO - [2026-07-21T18:29:41.583+0000] {dag.py:3036} INFO - Sync 2 DAGs
[2026-07-21T18:29:41.597+0000] {logging_mixin.py:188} INFO - [2026-07-21T18:29:41.597+0000] {dag.py:3823} INFO - Setting next_dagrun for example_external_task_marker_child to None, run_after=None
[2026-07-21T18:29:41.601+0000] {logging_mixin.py:188} INFO - [2026-07-21T18:29:41.601+0000] {dag.py:3823} INFO - Setting next_dagrun for example_external_task_marker_parent to None, run_after=None
[2026-07-21T18:29:41.618+0000] {processor.py:183} INFO - Processing /home/airflow/.local/lib/python3.8/site-packages/airflow/example_dags/example_external_task_marker_dag.py took 0.076 seconds
[2026-07-21T18:30:11.973+0000] {processor.py:161} INFO - Started process (PID=2420) to work on /home/airflow/.local/lib/python3.8/site-packages/airflow/example_dags/example_external_task_marker_dag.py
[2026-07-21T18:30:11.975+0000] {processor.py:830} INFO - Processing file /home/airflow/.local/lib/python3.8/site-packages/airflow/example_dags/example_external_task_marker_dag.py for tasks to queue
[2026-07-21T18:30:11.978+0000] {logging_mixin.py:188} INFO - [2026-07-21T18:30:11.977+0000] {dagbag.py:538} INFO - Filling up the DagBag from /home/airflow/.local/lib/python3.8/site-packages/airflow/example_dags/example_external_task_marker_dag.py
[2026-07-21T18:30:11.987+0000] {processor.py:840} INFO - DAG(s) 'example_external_task_marker_parent', 'example_external_task_marker_child' retrieved from /home/airflow/.local/lib/python3.8/site-packages/airflow/example_dags/example_external_task_marker_dag.py
[2026-07-21T18:30:12.013+0000] {logging_mixin.py:188} INFO - [2026-07-21T18:30:12.013+0000] {dag.py:3036} INFO - Sync 2 DAGs
[2026-07-21T18:30:12.026+0000] {logging_mixin.py:188} INFO - [2026-07-21T18:30:12.026+0000] {dag.py:3823} INFO - Setting next_dagrun for example_external_task_marker_child to None, run_after=None
[2026-07-21T18:30:12.030+0000] {logging_mixin.py:188} INFO - [2026-07-21T18:30:12.030+0000] {dag.py:3823} INFO - Setting next_dagrun for example_external_task_marker_parent to None, run_after=None
[2026-07-21T18:30:12.049+0000] {processor.py:183} INFO - Processing /home/airflow/.local/lib/python3.8/site-packages/airflow/example_dags/example_external_task_marker_dag.py took 0.081 seconds
[2026-07-21T18:30:42.312+0000] {processor.py:161} INFO - Started process (PID=2476) to work on /home/airflow/.local/lib/python3.8/site-packages/airflow/example_dags/example_external_task_marker_dag.py
[2026-07-21T18:30:42.314+0000] {processor.py:830} INFO - Processing file /home/airflow/.local/lib/python3.8/site-packages/airflow/example_dags/example_external_task_marker_dag.py for tasks to queue
[2026-07-21T18:30:42.316+0000] {logging_mixin.py:188} INFO - [2026-07-21T18:30:42.315+0000] {dagbag.py:538} INFO - Filling up the DagBag from /home/airflow/.local/lib/python3.8/site-packages/airflow/example_dags/example_external_task_marker_dag.py
[2026-07-21T18:30:42.322+0000] {processor.py:840} INFO - DAG(s) 'example_external_task_marker_parent', 'example_external_task_marker_child' retrieved from /home/airflow/.local/lib/python3.8/site-packages/airflow/example_dags/example_external_task_marker_dag.py
[2026-07-21T18:30:42.346+0000] {logging_mixin.py:188} INFO - [2026-07-21T18:30:42.346+0000] {dag.py:3036} INFO - Sync 2 DAGs
[2026-07-21T18:30:42.358+0000] {logging_mixin.py:188} INFO - [2026-07-21T18:30:42.358+0000] {dag.py:3823} INFO - Setting next_dagrun for example_external_task_marker_child to None, run_after=None
[2026-07-21T18:30:42.362+0000] {logging_mixin.py:188} INFO - [2026-07-21T18:30:42.361+0000] {dag.py:3823} INFO - Setting next_dagrun for example_external_task_marker_parent to None, run_after=None
[2026-07-21T18:30:42.380+0000] {processor.py:183} INFO - Processing /home/airflow/.local/lib/python3.8/site-packages/airflow/example_dags/example_external_task_marker_dag.py took 0.071 seconds
[2026-07-21T18:31:12.725+0000] {processor.py:161} INFO - Started process (PID=2532) to work on /home/airflow/.local/lib/python3.8/site-packages/airflow/example_dags/example_external_task_marker_dag.py
[2026-07-21T18:31:12.727+0000] {processor.py:830} INFO - Processing file /home/airflow/.local/lib/python3.8/site-packages/airflow/example_dags/example_external_task_marker_dag.py for tasks to queue
[2026-07-21T18:31:12.729+0000] {logging_mixin.py:188} INFO - [2026-07-21T18:31:12.728+0000] {dagbag.py:538} INFO - Filling up the DagBag from /home/airflow/.local/lib/python3.8/site-packages/airflow/example_dags/example_external_task_marker_dag.py
[2026-07-21T18:31:12.735+0000] {processor.py:840} INFO - DAG(s) 'example_external_task_marker_child', 'example_external_task_marker_parent' retrieved from /home/airflow/.local/lib/python3.8/site-packages/airflow/example_dags/example_external_task_marker_dag.py
[2026-07-21T18:31:12.758+0000] {logging_mixin.py:188} INFO - [2026-07-21T18:31:12.758+0000] {dag.py:3036} INFO - Sync 2 DAGs
[2026-07-21T18:31:12.770+0000] {logging_mixin.py:188} INFO - [2026-07-21T18:31:12.770+0000] {dag.py:3823} INFO - Setting next_dagrun for example_external_task_marker_child to None, run_after=None
[2026-07-21T18:31:12.774+0000] {logging_mixin.py:188} INFO - [2026-07-21T18:31:12.773+0000] {dag.py:3823} INFO - Setting next_dagrun for example_external_task_marker_parent to None, run_after=None
[2026-07-21T18:31:12.796+0000] {processor.py:183} INFO - Processing /home/airflow/.local/lib/python3.8/site-packages/airflow/example_dags/example_external_task_marker_dag.py took 0.074 seconds
[2026-07-21T18:34:14.483+0000] {processor.py:161} INFO - Started process (PID=85) to work on /home/airflow/.local/lib/python3.10/site-packages/airflow/example_dags/example_external_task_marker_dag.py
[2026-07-21T18:34:14.485+0000] {processor.py:830} INFO - Processing file /home/airflow/.local/lib/python3.10/site-packages/airflow/example_dags/example_external_task_marker_dag.py for tasks to queue
[2026-07-21T18:34:14.489+0000] {logging_mixin.py:188} INFO - [2026-07-21T18:34:14.488+0000] {dagbag.py:538} INFO - Filling up the DagBag from /home/airflow/.local/lib/python3.10/site-packages/airflow/example_dags/example_external_task_marker_dag.py
[2026-07-21T18:34:14.509+0000] {processor.py:840} INFO - DAG(s) 'example_external_task_marker_parent', 'example_external_task_marker_child' retrieved from /home/airflow/.local/lib/python3.10/site-packages/airflow/example_dags/example_external_task_marker_dag.py
[2026-07-21T18:34:14.543+0000] {logging_mixin.py:188} INFO - [2026-07-21T18:34:14.543+0000] {dag.py:3036} INFO - Sync 2 DAGs
[2026-07-21T18:34:14.571+0000] {logging_mixin.py:188} INFO - [2026-07-21T18:34:14.571+0000] {dag.py:3823} INFO - Setting next_dagrun for example_external_task_marker_child to None, run_after=None
[2026-07-21T18:34:14.583+0000] {logging_mixin.py:188} INFO - [2026-07-21T18:34:14.582+0000] {dag.py:3823} INFO - Setting next_dagrun for example_external_task_marker_parent to None, run_after=None
[2026-07-21T18:34:14.624+0000] {processor.py:183} INFO - Processing /home/airflow/.local/lib/python3.10/site-packages/airflow/example_dags/example_external_task_marker_dag.py took 0.163 seconds
[2026-07-21T18:34:44.836+0000] {processor.py:161} INFO - Started process (PID=141) to work on /home/airflow/.local/lib/python3.10/site-packages/airflow/example_dags/example_external_task_marker_dag.py
[2026-07-21T18:34:44.837+0000] {processor.py:830} INFO - Processing file /home/airflow/.local/lib/python3.10/site-packages/airflow/example_dags/example_external_task_marker_dag.py for tasks to queue
[2026-07-21T18:34:44.839+0000] {logging_mixin.py:188} INFO - [2026-07-21T18:34:44.839+0000] {dagbag.py:538} INFO - Filling up the DagBag from /home/airflow/.local/lib/python3.10/site-packages/airflow/example_dags/example_external_task_marker_dag.py
[2026-07-21T18:34:44.847+0000] {processor.py:840} INFO - DAG(s) 'example_external_task_marker_parent', 'example_external_task_marker_child' retrieved from /home/airflow/.local/lib/python3.10/site-packages/airflow/example_dags/example_external_task_marker_dag.py
[2026-07-21T18:34:44.948+0000] {logging_mixin.py:188} INFO - [2026-07-21T18:34:44.948+0000] {dag.py:3036} INFO - Sync 2 DAGs
[2026-07-21T18:34:44.959+0000] {logging_mixin.py:188} INFO - [2026-07-21T18:34:44.959+0000] {dag.py:3823} INFO - Setting next_dagrun for example_external_task_marker_child to None, run_after=None
[2026-07-21T18:34:44.962+0000] {logging_mixin.py:188} INFO - [2026-07-21T18:34:44.962+0000] {dag.py:3823} INFO - Setting next_dagrun for example_external_task_marker_parent to None, run_after=None
[2026-07-21T18:34:44.982+0000] {processor.py:183} INFO - Processing /home/airflow/.local/lib/python3.10/site-packages/airflow/example_dags/example_external_task_marker_dag.py took 0.151 seconds
[2026-07-21T18:35:15.106+0000] {processor.py:161} INFO - Started process (PID=197) to work on /home/airflow/.local/lib/python3.10/site-packages/airflow/example_dags/example_external_task_marker_dag.py
[2026-07-21T18:35:15.107+0000] {processor.py:830} INFO - Processing file /home/airflow/.local/lib/python3.10/site-packages/airflow/example_dags/example_external_task_marker_dag.py for tasks to queue
[2026-07-21T18:35:15.109+0000] {logging_mixin.py:188} INFO - [2026-07-21T18:35:15.109+0000] {dagbag.py:538} INFO - Filling up the DagBag from /home/airflow/.local/lib/python3.10/site-packages/airflow/example_dags/example_external_task_marker_dag.py
[2026-07-21T18:35:15.116+0000] {processor.py:840} INFO - DAG(s) 'example_external_task_marker_child', 'example_external_task_marker_parent' retrieved from /home/airflow/.local/lib/python3.10/site-packages/airflow/example_dags/example_external_task_marker_dag.py
[2026-07-21T18:35:15.140+0000] {logging_mixin.py:188} INFO - [2026-07-21T18:35:15.140+0000] {dag.py:3036} INFO - Sync 2 DAGs
[2026-07-21T18:35:15.151+0000] {logging_mixin.py:188} INFO - [2026-07-21T18:35:15.151+0000] {dag.py:3823} INFO - Setting next_dagrun for example_external_task_marker_child to None, run_after=None
[2026-07-21T18:35:15.155+0000] {logging_mixin.py:188} INFO - [2026-07-21T18:35:15.155+0000] {dag.py:3823} INFO - Setting next_dagrun for example_external_task_marker_parent to None, run_after=None
[2026-07-21T18:35:15.171+0000] {processor.py:183} INFO - Processing /home/airflow/.local/lib/python3.10/site-packages/airflow/example_dags/example_external_task_marker_dag.py took 0.069 seconds
[2026-07-21T18:35:45.327+0000] {processor.py:161} INFO - Started process (PID=253) to work on /home/airflow/.local/lib/python3.10/site-packages/airflow/example_dags/example_external_task_marker_dag.py
[2026-07-21T18:35:45.328+0000] {processor.py:830} INFO - Processing file /home/airflow/.local/lib/python3.10/site-packages/airflow/example_dags/example_external_task_marker_dag.py for tasks to queue
[2026-07-21T18:35:45.331+0000] {logging_mixin.py:188} INFO - [2026-07-21T18:35:45.330+0000] {dagbag.py:538} INFO - Filling up the DagBag from /home/airflow/.local/lib/python3.10/site-packages/airflow/example_dags/example_external_task_marker_dag.py
[2026-07-21T18:35:45.341+0000] {processor.py:840} INFO - DAG(s) 'example_external_task_marker_parent', 'example_external_task_marker_child' retrieved from /home/airflow/.local/lib/python3.10/site-packages/airflow/example_dags/example_external_task_marker_dag.py
[2026-07-21T18:35:45.379+0000] {logging_mixin.py:188} INFO - [2026-07-21T18:35:45.378+0000] {dag.py:3036} INFO - Sync 2 DAGs
[2026-07-21T18:35:45.395+0000] {logging_mixin.py:188} INFO - [2026-07-21T18:35:45.395+0000] {dag.py:3823} INFO - Setting next_dagrun for example_external_task_marker_child to None, run_after=None
[2026-07-21T18:35:45.401+0000] {logging_mixin.py:188} INFO - [2026-07-21T18:35:45.401+0000] {dag.py:3823} INFO - Setting next_dagrun for example_external_task_marker_parent to None, run_after=None
[2026-07-21T18:35:45.422+0000] {processor.py:183} INFO - Processing /home/airflow/.local/lib/python3.10/site-packages/airflow/example_dags/example_external_task_marker_dag.py took 0.099 seconds
[2026-07-21T18:36:15.583+0000] {processor.py:161} INFO - Started process (PID=309) to work on /home/airflow/.local/lib/python3.10/site-packages/airflow/example_dags/example_external_task_marker_dag.py
[2026-07-21T18:36:15.584+0000] {processor.py:830} INFO - Processing file /home/airflow/.local/lib/python3.10/site-packages/airflow/example_dags/example_external_task_marker_dag.py for tasks to queue
[2026-07-21T18:36:15.587+0000] {logging_mixin.py:188} INFO - [2026-07-21T18:36:15.586+0000] {dagbag.py:538} INFO - Filling up the DagBag from /home/airflow/.local/lib/python3.10/site-packages/airflow/example_dags/example_external_task_marker_dag.py
[2026-07-21T18:36:15.593+0000] {processor.py:840} INFO - DAG(s) 'example_external_task_marker_parent', 'example_external_task_marker_child' retrieved from /home/airflow/.local/lib/python3.10/site-packages/airflow/example_dags/example_external_task_marker_dag.py
[2026-07-21T18:36:15.618+0000] {logging_mixin.py:188} INFO - [2026-07-21T18:36:15.618+0000] {dag.py:3036} INFO - Sync 2 DAGs
[2026-07-21T18:36:15.630+0000] {logging_mixin.py:188} INFO - [2026-07-21T18:36:15.629+0000] {dag.py:3823} INFO - Setting next_dagrun for example_external_task_marker_child to None, run_after=None
[2026-07-21T18:36:15.634+0000] {logging_mixin.py:188} INFO - [2026-07-21T18:36:15.634+0000] {dag.py:3823} INFO - Setting next_dagrun for example_external_task_marker_parent to None, run_after=None
[2026-07-21T18:36:15.652+0000] {processor.py:183} INFO - Processing /home/airflow/.local/lib/python3.10/site-packages/airflow/example_dags/example_external_task_marker_dag.py took 0.073 seconds
[2026-07-21T18:36:46.050+0000] {processor.py:161} INFO - Started process (PID=365) to work on /home/airflow/.local/lib/python3.10/site-packages/airflow/example_dags/example_external_task_marker_dag.py
[2026-07-21T18:36:46.052+0000] {processor.py:830} INFO - Processing file /home/airflow/.local/lib/python3.10/site-packages/airflow/example_dags/example_external_task_marker_dag.py for tasks to queue
[2026-07-21T18:36:46.054+0000] {logging_mixin.py:188} INFO - [2026-07-21T18:36:46.054+0000] {dagbag.py:538} INFO - Filling up the DagBag from /home/airflow/.local/lib/python3.10/site-packages/airflow/example_dags/example_external_task_marker_dag.py
[2026-07-21T18:36:46.061+0000] {processor.py:840} INFO - DAG(s) 'example_external_task_marker_parent', 'example_external_task_marker_child' retrieved from /home/airflow/.local/lib/python3.10/site-packages/airflow/example_dags/example_external_task_marker_dag.py
[2026-07-21T18:36:46.084+0000] {logging_mixin.py:188} INFO - [2026-07-21T18:36:46.084+0000] {dag.py:3036} INFO - Sync 2 DAGs
[2026-07-21T18:36:46.095+0000] {logging_mixin.py:188} INFO - [2026-07-21T18:36:46.094+0000] {dag.py:3823} INFO - Setting next_dagrun for example_external_task_marker_child to None, run_after=None
[2026-07-21T18:36:46.098+0000] {logging_mixin.py:188} INFO - [2026-07-21T18:36:46.098+0000] {dag.py:3823} INFO - Setting next_dagrun for example_external_task_marker_parent to None, run_after=None
[2026-07-21T18:36:46.120+0000] {processor.py:183} INFO - Processing /home/airflow/.local/lib/python3.10/site-packages/airflow/example_dags/example_external_task_marker_dag.py took 0.073 seconds
[2026-07-21T18:37:16.431+0000] {processor.py:161} INFO - Started process (PID=421) to work on /home/airflow/.local/lib/python3.10/site-packages/airflow/example_dags/example_external_task_marker_dag.py
[2026-07-21T18:37:16.432+0000] {processor.py:830} INFO - Processing file /home/airflow/.local/lib/python3.10/site-packages/airflow/example_dags/example_external_task_marker_dag.py for tasks to queue
[2026-07-21T18:37:16.435+0000] {logging_mixin.py:188} INFO - [2026-07-21T18:37:16.434+0000] {dagbag.py:538} INFO - Filling up the DagBag from /home/airflow/.local/lib/python3.10/site-packages/airflow/example_dags/example_external_task_marker_dag.py
[2026-07-21T18:37:16.443+0000] {processor.py:840} INFO - DAG(s) 'example_external_task_marker_child', 'example_external_task_marker_parent' retrieved from /home/airflow/.local/lib/python3.10/site-packages/airflow/example_dags/example_external_task_marker_dag.py
[2026-07-21T18:37:16.470+0000] {logging_mixin.py:188} INFO - [2026-07-21T18:37:16.470+0000] {dag.py:3036} INFO - Sync 2 DAGs
[2026-07-21T18:37:16.484+0000] {logging_mixin.py:188} INFO - [2026-07-21T18:37:16.484+0000] {dag.py:3823} INFO - Setting next_dagrun for example_external_task_marker_child to None, run_after=None
[2026-07-21T18:37:16.488+0000] {logging_mixin.py:188} INFO - [2026-07-21T18:37:16.488+0000] {dag.py:3823} INFO - Setting next_dagrun for example_external_task_marker_parent to None, run_after=None
[2026-07-21T18:37:16.507+0000] {processor.py:183} INFO - Processing /home/airflow/.local/lib/python3.10/site-packages/airflow/example_dags/example_external_task_marker_dag.py took 0.081 seconds
[2026-07-21T18:37:46.743+0000] {processor.py:161} INFO - Started process (PID=477) to work on /home/airflow/.local/lib/python3.10/site-packages/airflow/example_dags/example_external_task_marker_dag.py
[2026-07-21T18:37:46.744+0000] {processor.py:830} INFO - Processing file /home/airflow/.local/lib/python3.10/site-packages/airflow/example_dags/example_external_task_marker_dag.py for tasks to queue
[2026-07-21T18:37:46.747+0000] {logging_mixin.py:188} INFO - [2026-07-21T18:37:46.746+0000] {dagbag.py:538} INFO - Filling up the DagBag from /home/airflow/.local/lib/python3.10/site-packages/airflow/example_dags/example_external_task_marker_dag.py
[2026-07-21T18:37:46.754+0000] {processor.py:840} INFO - DAG(s) 'example_external_task_marker_child', 'example_external_task_marker_parent' retrieved from /home/airflow/.local/lib/python3.10/site-packages/airflow/example_dags/example_external_task_marker_dag.py
[2026-07-21T18:37:46.778+0000] {logging_mixin.py:188} INFO - [2026-07-21T18:37:46.778+0000] {dag.py:3036} INFO - Sync 2 DAGs
[2026-07-21T18:37:46.790+0000] {logging_mixin.py:188} INFO - [2026-07-21T18:37:46.789+0000] {dag.py:3823} INFO - Setting next_dagrun for example_external_task_marker_child to None, run_after=None
[2026-07-21T18:37:46.793+0000] {logging_mixin.py:188} INFO - [2026-07-21T18:37:46.793+0000] {dag.py:3823} INFO - Setting next_dagrun for example_external_task_marker_parent to None, run_after=None
[2026-07-21T18:37:46.809+0000] {processor.py:183} INFO - Processing /home/airflow/.local/lib/python3.10/site-packages/airflow/example_dags/example_external_task_marker_dag.py took 0.069 seconds
[2026-07-21T18:38:17.394+0000] {processor.py:161} INFO - Started process (PID=533) to work on /home/airflow/.local/lib/python3.10/site-packages/airflow/example_dags/example_external_task_marker_dag.py
[2026-07-21T18:38:17.395+0000] {processor.py:830} INFO - Processing file /home/airflow/.local/lib/python3.10/site-packages/airflow/example_dags/example_external_task_marker_dag.py for tasks to queue
[2026-07-21T18:38:17.398+0000] {logging_mixin.py:188} INFO - [2026-07-21T18:38:17.397+0000] {dagbag.py:538} INFO - Filling up the DagBag from /home/airflow/.local/lib/python3.10/site-packages/airflow/example_dags/example_external_task_marker_dag.py
[2026-07-21T18:38:17.404+0000] {processor.py:840} INFO - DAG(s) 'example_external_task_marker_child', 'example_external_task_marker_parent' retrieved from /home/airflow/.local/lib/python3.10/site-packages/airflow/example_dags/example_external_task_marker_dag.py
[2026-07-21T18:38:17.429+0000] {logging_mixin.py:188} INFO - [2026-07-21T18:38:17.429+0000] {dag.py:3036} INFO - Sync 2 DAGs
[2026-07-21T18:38:17.440+0000] {logging_mixin.py:188} INFO - [2026-07-21T18:38:17.440+0000] {dag.py:3823} INFO - Setting next_dagrun for example_external_task_marker_child to None, run_after=None
[2026-07-21T18:38:17.443+0000] {logging_mixin.py:188} INFO - [2026-07-21T18:38:17.443+0000] {dag.py:3823} INFO - Setting next_dagrun for example_external_task_marker_parent to None, run_after=None
[2026-07-21T18:38:17.460+0000] {processor.py:183} INFO - Processing /home/airflow/.local/lib/python3.10/site-packages/airflow/example_dags/example_external_task_marker_dag.py took 0.069 seconds
[2026-07-21T18:38:47.652+0000] {processor.py:161} INFO - Started process (PID=589) to work on /home/airflow/.local/lib/python3.10/site-packages/airflow/example_dags/example_external_task_marker_dag.py
[2026-07-21T18:38:47.653+0000] {processor.py:830} INFO - Processing file /home/airflow/.local/lib/python3.10/site-packages/airflow/example_dags/example_external_task_marker_dag.py for tasks to queue
[2026-07-21T18:38:47.656+0000] {logging_mixin.py:188} INFO - [2026-07-21T18:38:47.656+0000] {dagbag.py:538} INFO - Filling up the DagBag from /home/airflow/.local/lib/python3.10/site-packages/airflow/example_dags/example_external_task_marker_dag.py
[2026-07-21T18:38:47.664+0000] {processor.py:840} INFO - DAG(s) 'example_external_task_marker_parent', 'example_external_task_marker_child' retrieved from /home/airflow/.local/lib/python3.10/site-packages/airflow/example_dags/example_external_task_marker_dag.py
[2026-07-21T18:38:47.691+0000] {logging_mixin.py:188} INFO - [2026-07-21T18:38:47.691+0000] {dag.py:3036} INFO - Sync 2 DAGs
[2026-07-21T18:38:47.704+0000] {logging_mixin.py:188} INFO - [2026-07-21T18:38:47.704+0000] {dag.py:3823} INFO - Setting next_dagrun for example_external_task_marker_child to None, run_after=None
[2026-07-21T18:38:47.708+0000] {logging_mixin.py:188} INFO - [2026-07-21T18:38:47.707+0000] {dag.py:3823} INFO - Setting next_dagrun for example_external_task_marker_parent to None, run_after=None
[2026-07-21T18:38:47.724+0000] {processor.py:183} INFO - Processing /home/airflow/.local/lib/python3.10/site-packages/airflow/example_dags/example_external_task_marker_dag.py took 0.076 seconds
[2026-07-21T18:39:17.970+0000] {processor.py:161} INFO - Started process (PID=645) to work on /home/airflow/.local/lib/python3.10/site-packages/airflow/example_dags/example_external_task_marker_dag.py
[2026-07-21T18:39:17.971+0000] {processor.py:830} INFO - Processing file /home/airflow/.local/lib/python3.10/site-packages/airflow/example_dags/example_external_task_marker_dag.py for tasks to queue
[2026-07-21T18:39:17.974+0000] {logging_mixin.py:188} INFO - [2026-07-21T18:39:17.973+0000] {dagbag.py:538} INFO - Filling up the DagBag from /home/airflow/.local/lib/python3.10/site-packages/airflow/example_dags/example_external_task_marker_dag.py
[2026-07-21T18:39:17.982+0000] {processor.py:840} INFO - DAG(s) 'example_external_task_marker_child', 'example_external_task_marker_parent' retrieved from /home/airflow/.local/lib/python3.10/site-packages/airflow/example_dags/example_external_task_marker_dag.py
[2026-07-21T18:39:18.011+0000] {logging_mixin.py:188} INFO - [2026-07-21T18:39:18.011+0000] {dag.py:3036} INFO - Sync 2 DAGs
[2026-07-21T18:39:18.023+0000] {logging_mixin.py:188} INFO - [2026-07-21T18:39:18.023+0000] {dag.py:3823} INFO - Setting next_dagrun for example_external_task_marker_child to None, run_after=None
[2026-07-21T18:39:18.028+0000] {logging_mixin.py:188} INFO - [2026-07-21T18:39:18.027+0000] {dag.py:3823} INFO - Setting next_dagrun for example_external_task_marker_parent to None, run_after=None
[2026-07-21T18:39:18.045+0000] {processor.py:183} INFO - Processing /home/airflow/.local/lib/python3.10/site-packages/airflow/example_dags/example_external_task_marker_dag.py took 0.079 seconds
[2026-07-21T18:39:48.114+0000] {processor.py:161} INFO - Started process (PID=701) to work on /home/airflow/.local/lib/python3.10/site-packages/airflow/example_dags/example_external_task_marker_dag.py
[2026-07-21T18:39:48.115+0000] {processor.py:830} INFO - Processing file /home/airflow/.local/lib/python3.10/site-packages/airflow/example_dags/example_external_task_marker_dag.py for tasks to queue
[2026-07-21T18:39:48.118+0000] {logging_mixin.py:188} INFO - [2026-07-21T18:39:48.117+0000] {dagbag.py:538} INFO - Filling up the DagBag from /home/airflow/.local/lib/python3.10/site-packages/airflow/example_dags/example_external_task_marker_dag.py
[2026-07-21T18:39:48.124+0000] {processor.py:840} INFO - DAG(s) 'example_external_task_marker_parent', 'example_external_task_marker_child' retrieved from /home/airflow/.local/lib/python3.10/site-packages/airflow/example_dags/example_external_task_marker_dag.py
[2026-07-21T18:39:48.149+0000] {logging_mixin.py:188} INFO - [2026-07-21T18:39:48.149+0000] {dag.py:3036} INFO - Sync 2 DAGs
[2026-07-21T18:39:48.160+0000] {logging_mixin.py:188} INFO - [2026-07-21T18:39:48.159+0000] {dag.py:3823} INFO - Setting next_dagrun for example_external_task_marker_child to None, run_after=None
[2026-07-21T18:39:48.164+0000] {logging_mixin.py:188} INFO - [2026-07-21T18:39:48.163+0000] {dag.py:3823} INFO - Setting next_dagrun for example_external_task_marker_parent to None, run_after=None
[2026-07-21T18:39:48.181+0000] {processor.py:183} INFO - Processing /home/airflow/.local/lib/python3.10/site-packages/airflow/example_dags/example_external_task_marker_dag.py took 0.071 seconds
[2026-07-21T18:40:18.608+0000] {processor.py:161} INFO - Started process (PID=757) to work on /home/airflow/.local/lib/python3.10/site-packages/airflow/example_dags/example_external_task_marker_dag.py
[2026-07-21T18:40:18.609+0000] {processor.py:830} INFO - Processing file /home/airflow/.local/lib/python3.10/site-packages/airflow/example_dags/example_external_task_marker_dag.py for tasks to queue
[2026-07-21T18:40:18.612+0000] {logging_mixin.py:188} INFO - [2026-07-21T18:40:18.611+0000] {dagbag.py:538} INFO - Filling up the DagBag from /home/airflow/.local/lib/python3.10/site-packages/airflow/example_dags/example_external_task_marker_dag.py
[2026-07-21T18:40:18.618+0000] {processor.py:840} INFO - DAG(s) 'example_external_task_marker_child', 'example_external_task_marker_parent' retrieved from /home/airflow/.local/lib/python3.10/site-packages/airflow/example_dags/example_external_task_marker_dag.py
[2026-07-21T18:40:18.643+0000] {logging_mixin.py:188} INFO - [2026-07-21T18:40:18.642+0000] {dag.py:3036} INFO - Sync 2 DAGs
[2026-07-21T18:40:18.655+0000] {logging_mixin.py:188} INFO - [2026-07-21T18:40:18.654+0000] {dag.py:3823} INFO - Setting next_dagrun for example_external_task_marker_child to None, run_after=None
[2026-07-21T18:40:18.658+0000] {logging_mixin.py:188} INFO - [2026-07-21T18:40:18.658+0000] {dag.py:3823} INFO - Setting next_dagrun for example_external_task_marker_parent to None, run_after=None
[2026-07-21T18:40:18.675+0000] {processor.py:183} INFO - Processing /home/airflow/.local/lib/python3.10/site-packages/airflow/example_dags/example_external_task_marker_dag.py took 0.071 seconds
[2026-07-21T18:40:49.023+0000] {processor.py:161} INFO - Started process (PID=813) to work on /home/airflow/.local/lib/python3.10/site-packages/airflow/example_dags/example_external_task_marker_dag.py
[2026-07-21T18:40:49.025+0000] {processor.py:830} INFO - Processing file /home/airflow/.local/lib/python3.10/site-packages/airflow/example_dags/example_external_task_marker_dag.py for tasks to queue
[2026-07-21T18:40:49.027+0000] {logging_mixin.py:188} INFO - [2026-07-21T18:40:49.027+0000] {dagbag.py:538} INFO - Filling up the DagBag from /home/airflow/.local/lib/python3.10/site-packages/airflow/example_dags/example_external_task_marker_dag.py
[2026-07-21T18:40:49.034+0000] {processor.py:840} INFO - DAG(s) 'example_external_task_marker_child', 'example_external_task_marker_parent' retrieved from /home/airflow/.local/lib/python3.10/site-packages/airflow/example_dags/example_external_task_marker_dag.py
[2026-07-21T18:40:49.058+0000] {logging_mixin.py:188} INFO - [2026-07-21T18:40:49.058+0000] {dag.py:3036} INFO - Sync 2 DAGs
[2026-07-21T18:40:49.070+0000] {logging_mixin.py:188} INFO - [2026-07-21T18:40:49.070+0000] {dag.py:3823} INFO - Setting next_dagrun for example_external_task_marker_child to None, run_after=None
[2026-07-21T18:40:49.073+0000] {logging_mixin.py:188} INFO - [2026-07-21T18:40:49.073+0000] {dag.py:3823} INFO - Setting next_dagrun for example_external_task_marker_parent to None, run_after=None
[2026-07-21T18:40:49.091+0000] {processor.py:183} INFO - Processing /home/airflow/.local/lib/python3.10/site-packages/airflow/example_dags/example_external_task_marker_dag.py took 0.071 seconds
[2026-07-21T18:41:19.227+0000] {processor.py:161} INFO - Started process (PID=869) to work on /home/airflow/.local/lib/python3.10/site-packages/airflow/example_dags/example_external_task_marker_dag.py
[2026-07-21T18:41:19.229+0000] {processor.py:830} INFO - Processing file /home/airflow/.local/lib/python3.10/site-packages/airflow/example_dags/example_external_task_marker_dag.py for tasks to queue
[2026-07-21T18:41:19.231+0000] {logging_mixin.py:188} INFO - [2026-07-21T18:41:19.231+0000] {dagbag.py:538} INFO - Filling up the DagBag from /home/airflow/.local/lib/python3.10/site-packages/airflow/example_dags/example_external_task_marker_dag.py
[2026-07-21T18:41:19.238+0000] {processor.py:840} INFO - DAG(s) 'example_external_task_marker_child', 'example_external_task_marker_parent' retrieved from /home/airflow/.local/lib/python3.10/site-packages/airflow/example_dags/example_external_task_marker_dag.py
[2026-07-21T18:41:19.263+0000] {logging_mixin.py:188} INFO - [2026-07-21T18:41:19.263+0000] {dag.py:3036} INFO - Sync 2 DAGs
[2026-07-21T18:41:19.276+0000] {logging_mixin.py:188} INFO - [2026-07-21T18:41:19.275+0000] {dag.py:3823} INFO - Setting next_dagrun for example_external_task_marker_child to None, run_after=None
[2026-07-21T18:41:19.280+0000] {logging_mixin.py:188} INFO - [2026-07-21T18:41:19.280+0000] {dag.py:3823} INFO - Setting next_dagrun for example_external_task_marker_parent to None, run_after=None
[2026-07-21T18:41:19.297+0000] {processor.py:183} INFO - Processing /home/airflow/.local/lib/python3.10/site-packages/airflow/example_dags/example_external_task_marker_dag.py took 0.074 seconds
[2026-07-21T18:41:49.633+0000] {processor.py:161} INFO - Started process (PID=925) to work on /home/airflow/.local/lib/python3.10/site-packages/airflow/example_dags/example_external_task_marker_dag.py
[2026-07-21T18:41:49.634+0000] {processor.py:830} INFO - Processing file /home/airflow/.local/lib/python3.10/site-packages/airflow/example_dags/example_external_task_marker_dag.py for tasks to queue
[2026-07-21T18:41:49.637+0000] {logging_mixin.py:188} INFO - [2026-07-21T18:41:49.636+0000] {dagbag.py:538} INFO - Filling up the DagBag from /home/airflow/.local/lib/python3.10/site-packages/airflow/example_dags/example_external_task_marker_dag.py
[2026-07-21T18:41:49.643+0000] {processor.py:840} INFO - DAG(s) 'example_external_task_marker_parent', 'example_external_task_marker_child' retrieved from /home/airflow/.local/lib/python3.10/site-packages/airflow/example_dags/example_external_task_marker_dag.py
[2026-07-21T18:41:49.668+0000] {logging_mixin.py:188} INFO - [2026-07-21T18:41:49.668+0000] {dag.py:3036} INFO - Sync 2 DAGs
[2026-07-21T18:41:49.680+0000] {logging_mixin.py:188} INFO - [2026-07-21T18:41:49.679+0000] {dag.py:3823} INFO - Setting next_dagrun for example_external_task_marker_child to None, run_after=None
[2026-07-21T18:41:49.683+0000] {logging_mixin.py:188} INFO - [2026-07-21T18:41:49.683+0000] {dag.py:3823} INFO - Setting next_dagrun for example_external_task_marker_parent to None, run_after=None
[2026-07-21T18:41:49.699+0000] {processor.py:183} INFO - Processing /home/airflow/.local/lib/python3.10/site-packages/airflow/example_dags/example_external_task_marker_dag.py took 0.070 seconds
[2026-07-21T18:42:19.976+0000] {processor.py:161} INFO - Started process (PID=981) to work on /home/airflow/.local/lib/python3.10/site-packages/airflow/example_dags/example_external_task_marker_dag.py
[2026-07-21T18:42:19.977+0000] {processor.py:830} INFO - Processing file /home/airflow/.local/lib/python3.10/site-packages/airflow/example_dags/example_external_task_marker_dag.py for tasks to queue
[2026-07-21T18:42:19.980+0000] {logging_mixin.py:188} INFO - [2026-07-21T18:42:19.979+0000] {dagbag.py:538} INFO - Filling up the DagBag from /home/airflow/.local/lib/python3.10/site-packages/airflow/example_dags/example_external_task_marker_dag.py
[2026-07-21T18:42:19.986+0000] {processor.py:840} INFO - DAG(s) 'example_external_task_marker_parent', 'example_external_task_marker_child' retrieved from /home/airflow/.local/lib/python3.10/site-packages/airflow/example_dags/example_external_task_marker_dag.py
[2026-07-21T18:42:20.010+0000] {logging_mixin.py:188} INFO - [2026-07-21T18:42:20.010+0000] {dag.py:3036} INFO - Sync 2 DAGs
[2026-07-21T18:42:20.021+0000] {logging_mixin.py:188} INFO - [2026-07-21T18:42:20.021+0000] {dag.py:3823} INFO - Setting next_dagrun for example_external_task_marker_child to None, run_after=None
[2026-07-21T18:42:20.024+0000] {logging_mixin.py:188} INFO - [2026-07-21T18:42:20.024+0000] {dag.py:3823} INFO - Setting next_dagrun for example_external_task_marker_parent to None, run_after=None
[2026-07-21T18:42:20.040+0000] {processor.py:183} INFO - Processing /home/airflow/.local/lib/python3.10/site-packages/airflow/example_dags/example_external_task_marker_dag.py took 0.068 seconds
[2026-07-21T18:42:50.287+0000] {processor.py:161} INFO - Started process (PID=1038) to work on /home/airflow/.local/lib/python3.10/site-packages/airflow/example_dags/example_external_task_marker_dag.py
[2026-07-21T18:42:50.288+0000] {processor.py:830} INFO - Processing file /home/airflow/.local/lib/python3.10/site-packages/airflow/example_dags/example_external_task_marker_dag.py for tasks to queue
[2026-07-21T18:42:50.290+0000] {logging_mixin.py:188} INFO - [2026-07-21T18:42:50.290+0000] {dagbag.py:538} INFO - Filling up the DagBag from /home/airflow/.local/lib/python3.10/site-packages/airflow/example_dags/example_external_task_marker_dag.py
[2026-07-21T18:42:50.297+0000] {processor.py:840} INFO - DAG(s) 'example_external_task_marker_parent', 'example_external_task_marker_child' retrieved from /home/airflow/.local/lib/python3.10/site-packages/airflow/example_dags/example_external_task_marker_dag.py
[2026-07-21T18:42:50.328+0000] {logging_mixin.py:188} INFO - [2026-07-21T18:42:50.328+0000] {dag.py:3036} INFO - Sync 2 DAGs
[2026-07-21T18:42:50.344+0000] {logging_mixin.py:188} INFO - [2026-07-21T18:42:50.343+0000] {dag.py:3823} INFO - Setting next_dagrun for example_external_task_marker_child to None, run_after=None
[2026-07-21T18:42:50.348+0000] {logging_mixin.py:188} INFO - [2026-07-21T18:42:50.348+0000] {dag.py:3823} INFO - Setting next_dagrun for example_external_task_marker_parent to None, run_after=None
[2026-07-21T18:42:50.373+0000] {processor.py:183} INFO - Processing /home/airflow/.local/lib/python3.10/site-packages/airflow/example_dags/example_external_task_marker_dag.py took 0.090 seconds
[2026-07-21T18:43:20.704+0000] {processor.py:161} INFO - Started process (PID=1094) to work on /home/airflow/.local/lib/python3.10/site-packages/airflow/example_dags/example_external_task_marker_dag.py
[2026-07-21T18:43:20.706+0000] {processor.py:830} INFO - Processing file /home/airflow/.local/lib/python3.10/site-packages/airflow/example_dags/example_external_task_marker_dag.py for tasks to queue
[2026-07-21T18:43:20.708+0000] {logging_mixin.py:188} INFO - [2026-07-21T18:43:20.708+0000] {dagbag.py:538} INFO - Filling up the DagBag from /home/airflow/.local/lib/python3.10/site-packages/airflow/example_dags/example_external_task_marker_dag.py
[2026-07-21T18:43:20.715+0000] {processor.py:840} INFO - DAG(s) 'example_external_task_marker_child', 'example_external_task_marker_parent' retrieved from /home/airflow/.local/lib/python3.10/site-packages/airflow/example_dags/example_external_task_marker_dag.py
[2026-07-21T18:43:20.738+0000] {logging_mixin.py:188} INFO - [2026-07-21T18:43:20.738+0000] {dag.py:3036} INFO - Sync 2 DAGs
[2026-07-21T18:43:20.750+0000] {logging_mixin.py:188} INFO - [2026-07-21T18:43:20.750+0000] {dag.py:3823} INFO - Setting next_dagrun for example_external_task_marker_child to None, run_after=None
[2026-07-21T18:43:20.754+0000] {logging_mixin.py:188} INFO - [2026-07-21T18:43:20.754+0000] {dag.py:3823} INFO - Setting next_dagrun for example_external_task_marker_parent to None, run_after=None
[2026-07-21T18:43:20.771+0000] {processor.py:183} INFO - Processing /home/airflow/.local/lib/python3.10/site-packages/airflow/example_dags/example_external_task_marker_dag.py took 0.071 seconds
[2026-07-21T18:43:51.178+0000] {processor.py:161} INFO - Started process (PID=1150) to work on /home/airflow/.local/lib/python3.10/site-packages/airflow/example_dags/example_external_task_marker_dag.py
[2026-07-21T18:43:51.180+0000] {processor.py:830} INFO - Processing file /home/airflow/.local/lib/python3.10/site-packages/airflow/example_dags/example_external_task_marker_dag.py for tasks to queue
[2026-07-21T18:43:51.182+0000] {logging_mixin.py:188} INFO - [2026-07-21T18:43:51.182+0000] {dagbag.py:538} INFO - Filling up the DagBag from /home/airflow/.local/lib/python3.10/site-packages/airflow/example_dags/example_external_task_marker_dag.py
[2026-07-21T18:43:51.189+0000] {processor.py:840} INFO - DAG(s) 'example_external_task_marker_parent', 'example_external_task_marker_child' retrieved from /home/airflow/.local/lib/python3.10/site-packages/airflow/example_dags/example_external_task_marker_dag.py
[2026-07-21T18:43:51.213+0000] {logging_mixin.py:188} INFO - [2026-07-21T18:43:51.213+0000] {dag.py:3036} INFO - Sync 2 DAGs
[2026-07-21T18:43:51.224+0000] {logging_mixin.py:188} INFO - [2026-07-21T18:43:51.224+0000] {dag.py:3823} INFO - Setting next_dagrun for example_external_task_marker_child to None, run_after=None
[2026-07-21T18:43:51.228+0000] {logging_mixin.py:188} INFO - [2026-07-21T18:43:51.228+0000] {dag.py:3823} INFO - Setting next_dagrun for example_external_task_marker_parent to None, run_after=None
[2026-07-21T18:43:51.243+0000] {processor.py:183} INFO - Processing /home/airflow/.local/lib/python3.10/site-packages/airflow/example_dags/example_external_task_marker_dag.py took 0.069 seconds
[2026-07-21T18:44:21.494+0000] {processor.py:161} INFO - Started process (PID=1206) to work on /home/airflow/.local/lib/python3.10/site-packages/airflow/example_dags/example_external_task_marker_dag.py
[2026-07-21T18:44:21.495+0000] {processor.py:830} INFO - Processing file /home/airflow/.local/lib/python3.10/site-packages/airflow/example_dags/example_external_task_marker_dag.py for tasks to queue
[2026-07-21T18:44:21.498+0000] {logging_mixin.py:188} INFO - [2026-07-21T18:44:21.497+0000] {dagbag.py:538} INFO - Filling up the DagBag from /home/airflow/.local/lib/python3.10/site-packages/airflow/example_dags/example_external_task_marker_dag.py
[2026-07-21T18:44:21.504+0000] {processor.py:840} INFO - DAG(s) 'example_external_task_marker_child', 'example_external_task_marker_parent' retrieved from /home/airflow/.local/lib/python3.10/site-packages/airflow/example_dags/example_external_task_marker_dag.py
[2026-07-21T18:44:21.541+0000] {logging_mixin.py:188} INFO - [2026-07-21T18:44:21.541+0000] {dag.py:3036} INFO - Sync 2 DAGs
[2026-07-21T18:44:21.558+0000] {logging_mixin.py:188} INFO - [2026-07-21T18:44:21.557+0000] {dag.py:3823} INFO - Setting next_dagrun for example_external_task_marker_child to None, run_after=None
[2026-07-21T18:44:21.562+0000] {logging_mixin.py:188} INFO - [2026-07-21T18:44:21.561+0000] {dag.py:3823} INFO - Setting next_dagrun for example_external_task_marker_parent to None, run_after=None
[2026-07-21T18:44:21.582+0000] {processor.py:183} INFO - Processing /home/airflow/.local/lib/python3.10/site-packages/airflow/example_dags/example_external_task_marker_dag.py took 0.092 seconds
[2026-07-21T18:44:51.750+0000] {processor.py:161} INFO - Started process (PID=1262) to work on /home/airflow/.local/lib/python3.10/site-packages/airflow/example_dags/example_external_task_marker_dag.py
[2026-07-21T18:44:51.751+0000] {processor.py:830} INFO - Processing file /home/airflow/.local/lib/python3.10/site-packages/airflow/example_dags/example_external_task_marker_dag.py for tasks to queue
[2026-07-21T18:44:51.753+0000] {logging_mixin.py:188} INFO - [2026-07-21T18:44:51.753+0000] {dagbag.py:538} INFO - Filling up the DagBag from /home/airflow/.local/lib/python3.10/site-packages/airflow/example_dags/example_external_task_marker_dag.py
[2026-07-21T18:44:51.759+0000] {processor.py:840} INFO - DAG(s) 'example_external_task_marker_parent', 'example_external_task_marker_child' retrieved from /home/airflow/.local/lib/python3.10/site-packages/airflow/example_dags/example_external_task_marker_dag.py
[2026-07-21T18:44:51.781+0000] {logging_mixin.py:188} INFO - [2026-07-21T18:44:51.780+0000] {dag.py:3036} INFO - Sync 2 DAGs
[2026-07-21T18:44:51.791+0000] {logging_mixin.py:188} INFO - [2026-07-21T18:44:51.791+0000] {dag.py:3823} INFO - Setting next_dagrun for example_external_task_marker_child to None, run_after=None
[2026-07-21T18:44:51.795+0000] {logging_mixin.py:188} INFO - [2026-07-21T18:44:51.795+0000] {dag.py:3823} INFO - Setting next_dagrun for example_external_task_marker_parent to None, run_after=None
[2026-07-21T18:44:51.812+0000] {processor.py:183} INFO - Processing /home/airflow/.local/lib/python3.10/site-packages/airflow/example_dags/example_external_task_marker_dag.py took 0.066 seconds
[2026-07-21T18:45:21.935+0000] {processor.py:161} INFO - Started process (PID=1318) to work on /home/airflow/.local/lib/python3.10/site-packages/airflow/example_dags/example_external_task_marker_dag.py
[2026-07-21T18:45:21.936+0000] {processor.py:830} INFO - Processing file /home/airflow/.local/lib/python3.10/site-packages/airflow/example_dags/example_external_task_marker_dag.py for tasks to queue
[2026-07-21T18:45:21.939+0000] {logging_mixin.py:188} INFO - [2026-07-21T18:45:21.938+0000] {dagbag.py:538} INFO - Filling up the DagBag from /home/airflow/.local/lib/python3.10/site-packages/airflow/example_dags/example_external_task_marker_dag.py
[2026-07-21T18:45:21.945+0000] {processor.py:840} INFO - DAG(s) 'example_external_task_marker_parent', 'example_external_task_marker_child' retrieved from /home/airflow/.local/lib/python3.10/site-packages/airflow/example_dags/example_external_task_marker_dag.py
[2026-07-21T18:45:21.970+0000] {logging_mixin.py:188} INFO - [2026-07-21T18:45:21.970+0000] {dag.py:3036} INFO - Sync 2 DAGs
[2026-07-21T18:45:21.982+0000] {logging_mixin.py:188} INFO - [2026-07-21T18:45:21.982+0000] {dag.py:3823} INFO - Setting next_dagrun for example_external_task_marker_child to None, run_after=None
[2026-07-21T18:45:21.986+0000] {logging_mixin.py:188} INFO - [2026-07-21T18:45:21.986+0000] {dag.py:3823} INFO - Setting next_dagrun for example_external_task_marker_parent to None, run_after=None
[2026-07-21T18:45:22.002+0000] {processor.py:183} INFO - Processing /home/airflow/.local/lib/python3.10/site-packages/airflow/example_dags/example_external_task_marker_dag.py took 0.071 seconds
[2026-07-21T18:45:52.600+0000] {processor.py:161} INFO - Started process (PID=1374) to work on /home/airflow/.local/lib/python3.10/site-packages/airflow/example_dags/example_external_task_marker_dag.py
[2026-07-21T18:45:52.601+0000] {processor.py:830} INFO - Processing file /home/airflow/.local/lib/python3.10/site-packages/airflow/example_dags/example_external_task_marker_dag.py for tasks to queue
[2026-07-21T18:45:52.604+0000] {logging_mixin.py:188} INFO - [2026-07-21T18:45:52.603+0000] {dagbag.py:538} INFO - Filling up the DagBag from /home/airflow/.local/lib/python3.10/site-packages/airflow/example_dags/example_external_task_marker_dag.py
[2026-07-21T18:45:52.611+0000] {processor.py:840} INFO - DAG(s) 'example_external_task_marker_parent', 'example_external_task_marker_child' retrieved from /home/airflow/.local/lib/python3.10/site-packages/airflow/example_dags/example_external_task_marker_dag.py
[2026-07-21T18:45:52.642+0000] {logging_mixin.py:188} INFO - [2026-07-21T18:45:52.642+0000] {dag.py:3036} INFO - Sync 2 DAGs
[2026-07-21T18:45:52.658+0000] {logging_mixin.py:188} INFO - [2026-07-21T18:45:52.658+0000] {dag.py:3823} INFO - Setting next_dagrun for example_external_task_marker_child to None, run_after=None
[2026-07-21T18:45:52.664+0000] {logging_mixin.py:188} INFO - [2026-07-21T18:45:52.664+0000] {dag.py:3823} INFO - Setting next_dagrun for example_external_task_marker_parent to None, run_after=None
[2026-07-21T18:45:52.682+0000] {processor.py:183} INFO - Processing /home/airflow/.local/lib/python3.10/site-packages/airflow/example_dags/example_external_task_marker_dag.py took 0.086 seconds
[2026-07-21T18:46:22.909+0000] {processor.py:161} INFO - Started process (PID=1430) to work on /home/airflow/.local/lib/python3.10/site-packages/airflow/example_dags/example_external_task_marker_dag.py
[2026-07-21T18:46:22.910+0000] {processor.py:830} INFO - Processing file /home/airflow/.local/lib/python3.10/site-packages/airflow/example_dags/example_external_task_marker_dag.py for tasks to queue
[2026-07-21T18:46:22.913+0000] {logging_mixin.py:188} INFO - [2026-07-21T18:46:22.913+0000] {dagbag.py:538} INFO - Filling up the DagBag from /home/airflow/.local/lib/python3.10/site-packages/airflow/example_dags/example_external_task_marker_dag.py
[2026-07-21T18:46:22.920+0000] {processor.py:840} INFO - DAG(s) 'example_external_task_marker_child', 'example_external_task_marker_parent' retrieved from /home/airflow/.local/lib/python3.10/site-packages/airflow/example_dags/example_external_task_marker_dag.py
[2026-07-21T18:46:22.943+0000] {logging_mixin.py:188} INFO - [2026-07-21T18:46:22.943+0000] {dag.py:3036} INFO - Sync 2 DAGs
[2026-07-21T18:46:22.955+0000] {logging_mixin.py:188} INFO - [2026-07-21T18:46:22.955+0000] {dag.py:3823} INFO - Setting next_dagrun for example_external_task_marker_child to None, run_after=None
[2026-07-21T18:46:22.959+0000] {logging_mixin.py:188} INFO - [2026-07-21T18:46:22.959+0000] {dag.py:3823} INFO - Setting next_dagrun for example_external_task_marker_parent to None, run_after=None
[2026-07-21T18:46:22.976+0000] {processor.py:183} INFO - Processing /home/airflow/.local/lib/python3.10/site-packages/airflow/example_dags/example_external_task_marker_dag.py took 0.071 seconds
[2026-07-21T18:46:53.094+0000] {processor.py:161} INFO - Started process (PID=1486) to work on /home/airflow/.local/lib/python3.10/site-packages/airflow/example_dags/example_external_task_marker_dag.py
[2026-07-21T18:46:53.095+0000] {processor.py:830} INFO - Processing file /home/airflow/.local/lib/python3.10/site-packages/airflow/example_dags/example_external_task_marker_dag.py for tasks to queue
[2026-07-21T18:46:53.097+0000] {logging_mixin.py:188} INFO - [2026-07-21T18:46:53.097+0000] {dagbag.py:538} INFO - Filling up the DagBag from /home/airflow/.local/lib/python3.10/site-packages/airflow/example_dags/example_external_task_marker_dag.py
[2026-07-21T18:46:53.104+0000] {processor.py:840} INFO - DAG(s) 'example_external_task_marker_parent', 'example_external_task_marker_child' retrieved from /home/airflow/.local/lib/python3.10/site-packages/airflow/example_dags/example_external_task_marker_dag.py
[2026-07-21T18:46:53.129+0000] {logging_mixin.py:188} INFO - [2026-07-21T18:46:53.129+0000] {dag.py:3036} INFO - Sync 2 DAGs
[2026-07-21T18:46:53.142+0000] {logging_mixin.py:188} INFO - [2026-07-21T18:46:53.142+0000] {dag.py:3823} INFO - Setting next_dagrun for example_external_task_marker_child to None, run_after=None
[2026-07-21T18:46:53.146+0000] {logging_mixin.py:188} INFO - [2026-07-21T18:46:53.146+0000] {dag.py:3823} INFO - Setting next_dagrun for example_external_task_marker_parent to None, run_after=None
[2026-07-21T18:46:53.165+0000] {processor.py:183} INFO - Processing /home/airflow/.local/lib/python3.10/site-packages/airflow/example_dags/example_external_task_marker_dag.py took 0.075 seconds
[2026-07-21T18:47:23.469+0000] {processor.py:161} INFO - Started process (PID=1542) to work on /home/airflow/.local/lib/python3.10/site-packages/airflow/example_dags/example_external_task_marker_dag.py
[2026-07-21T18:47:23.471+0000] {processor.py:830} INFO - Processing file /home/airflow/.local/lib/python3.10/site-packages/airflow/example_dags/example_external_task_marker_dag.py for tasks to queue
[2026-07-21T18:47:23.474+0000] {logging_mixin.py:188} INFO - [2026-07-21T18:47:23.473+0000] {dagbag.py:538} INFO - Filling up the DagBag from /home/airflow/.local/lib/python3.10/site-packages/airflow/example_dags/example_external_task_marker_dag.py
[2026-07-21T18:47:23.482+0000] {processor.py:840} INFO - DAG(s) 'example_external_task_marker_child', 'example_external_task_marker_parent' retrieved from /home/airflow/.local/lib/python3.10/site-packages/airflow/example_dags/example_external_task_marker_dag.py
[2026-07-21T18:47:23.511+0000] {logging_mixin.py:188} INFO - [2026-07-21T18:47:23.510+0000] {dag.py:3036} INFO - Sync 2 DAGs
[2026-07-21T18:47:23.524+0000] {logging_mixin.py:188} INFO - [2026-07-21T18:47:23.524+0000] {dag.py:3823} INFO - Setting next_dagrun for example_external_task_marker_child to None, run_after=None
[2026-07-21T18:47:23.529+0000] {logging_mixin.py:188} INFO - [2026-07-21T18:47:23.528+0000] {dag.py:3823} INFO - Setting next_dagrun for example_external_task_marker_parent to None, run_after=None
[2026-07-21T18:47:23.548+0000] {processor.py:183} INFO - Processing /home/airflow/.local/lib/python3.10/site-packages/airflow/example_dags/example_external_task_marker_dag.py took 0.084 seconds
[2026-07-21T18:47:54.148+0000] {processor.py:161} INFO - Started process (PID=1598) to work on /home/airflow/.local/lib/python3.10/site-packages/airflow/example_dags/example_external_task_marker_dag.py
[2026-07-21T18:47:54.149+0000] {processor.py:830} INFO - Processing file /home/airflow/.local/lib/python3.10/site-packages/airflow/example_dags/example_external_task_marker_dag.py for tasks to queue
[2026-07-21T18:47:54.151+0000] {logging_mixin.py:188} INFO - [2026-07-21T18:47:54.151+0000] {dagbag.py:538} INFO - Filling up the DagBag from /home/airflow/.local/lib/python3.10/site-packages/airflow/example_dags/example_external_task_marker_dag.py
[2026-07-21T18:47:54.158+0000] {processor.py:840} INFO - DAG(s) 'example_external_task_marker_parent', 'example_external_task_marker_child' retrieved from /home/airflow/.local/lib/python3.10/site-packages/airflow/example_dags/example_external_task_marker_dag.py
[2026-07-21T18:47:54.186+0000] {logging_mixin.py:188} INFO - [2026-07-21T18:47:54.186+0000] {dag.py:3036} INFO - Sync 2 DAGs
[2026-07-21T18:47:54.199+0000] {logging_mixin.py:188} INFO - [2026-07-21T18:47:54.199+0000] {dag.py:3823} INFO - Setting next_dagrun for example_external_task_marker_child to None, run_after=None
[2026-07-21T18:47:54.203+0000] {logging_mixin.py:188} INFO - [2026-07-21T18:47:54.203+0000] {dag.py:3823} INFO - Setting next_dagrun for example_external_task_marker_parent to None, run_after=None
[2026-07-21T18:47:54.221+0000] {processor.py:183} INFO - Processing /home/airflow/.local/lib/python3.10/site-packages/airflow/example_dags/example_external_task_marker_dag.py took 0.077 seconds
