[2026-07-21T17:56:25.465+0000] {processor.py:161} INFO - Started process (PID=78) to work on /home/airflow/.local/lib/python3.8/site-packages/airflow/example_dags/example_short_circuit_decorator.py
[2026-07-21T17:56:25.475+0000] {processor.py:830} INFO - Processing file /home/airflow/.local/lib/python3.8/site-packages/airflow/example_dags/example_short_circuit_decorator.py for tasks to queue
[2026-07-21T17:56:25.490+0000] {logging_mixin.py:188} INFO - [2026-07-21T17:56:25.488+0000] {dagbag.py:538} INFO - Filling up the DagBag from /home/airflow/.local/lib/python3.8/site-packages/airflow/example_dags/example_short_circuit_decorator.py
[2026-07-21T17:56:25.550+0000] {processor.py:840} INFO - DAG(s) 'example_short_circuit_decorator' retrieved from /home/airflow/.local/lib/python3.8/site-packages/airflow/example_dags/example_short_circuit_decorator.py
[2026-07-21T17:56:25.663+0000] {logging_mixin.py:188} INFO - [2026-07-21T17:56:25.663+0000] {dag.py:3036} INFO - Sync 1 DAGs
[2026-07-21T17:56:25.786+0000] {logging_mixin.py:188} INFO - [2026-07-21T17:56:25.786+0000] {dag.py:3823} INFO - Setting next_dagrun for example_short_circuit_decorator to 2026-07-20 00:00:00+00:00, run_after=2026-07-21 00:00:00+00:00
[2026-07-21T17:56:25.844+0000] {processor.py:183} INFO - Processing /home/airflow/.local/lib/python3.8/site-packages/airflow/example_dags/example_short_circuit_decorator.py took 0.482 seconds
[2026-07-21T17:56:56.591+0000] {processor.py:161} INFO - Started process (PID=134) to work on /home/airflow/.local/lib/python3.8/site-packages/airflow/example_dags/example_short_circuit_decorator.py
[2026-07-21T17:56:56.592+0000] {processor.py:830} INFO - Processing file /home/airflow/.local/lib/python3.8/site-packages/airflow/example_dags/example_short_circuit_decorator.py for tasks to queue
[2026-07-21T17:56:56.595+0000] {logging_mixin.py:188} INFO - [2026-07-21T17:56:56.594+0000] {dagbag.py:538} INFO - Filling up the DagBag from /home/airflow/.local/lib/python3.8/site-packages/airflow/example_dags/example_short_circuit_decorator.py
[2026-07-21T17:56:56.605+0000] {processor.py:840} INFO - DAG(s) 'example_short_circuit_decorator' retrieved from /home/airflow/.local/lib/python3.8/site-packages/airflow/example_dags/example_short_circuit_decorator.py
[2026-07-21T17:56:56.702+0000] {logging_mixin.py:188} INFO - [2026-07-21T17:56:56.702+0000] {dag.py:3036} INFO - Sync 1 DAGs
[2026-07-21T17:56:56.721+0000] {logging_mixin.py:188} INFO - [2026-07-21T17:56:56.720+0000] {dag.py:3823} INFO - Setting next_dagrun for example_short_circuit_decorator to 2026-07-20 00:00:00+00:00, run_after=2026-07-21 00:00:00+00:00
[2026-07-21T17:56:56.740+0000] {processor.py:183} INFO - Processing /home/airflow/.local/lib/python3.8/site-packages/airflow/example_dags/example_short_circuit_decorator.py took 0.152 seconds
[2026-07-21T17:57:27.731+0000] {processor.py:161} INFO - Started process (PID=190) to work on /home/airflow/.local/lib/python3.8/site-packages/airflow/example_dags/example_short_circuit_decorator.py
[2026-07-21T17:57:27.732+0000] {processor.py:830} INFO - Processing file /home/airflow/.local/lib/python3.8/site-packages/airflow/example_dags/example_short_circuit_decorator.py for tasks to queue
[2026-07-21T17:57:27.734+0000] {logging_mixin.py:188} INFO - [2026-07-21T17:57:27.734+0000] {dagbag.py:538} INFO - Filling up the DagBag from /home/airflow/.local/lib/python3.8/site-packages/airflow/example_dags/example_short_circuit_decorator.py
[2026-07-21T17:57:27.743+0000] {processor.py:840} INFO - DAG(s) 'example_short_circuit_decorator' retrieved from /home/airflow/.local/lib/python3.8/site-packages/airflow/example_dags/example_short_circuit_decorator.py
[2026-07-21T17:57:27.766+0000] {logging_mixin.py:188} INFO - [2026-07-21T17:57:27.766+0000] {dag.py:3036} INFO - Sync 1 DAGs
[2026-07-21T17:57:27.785+0000] {logging_mixin.py:188} INFO - [2026-07-21T17:57:27.785+0000] {dag.py:3823} INFO - Setting next_dagrun for example_short_circuit_decorator to 2026-07-20 00:00:00+00:00, run_after=2026-07-21 00:00:00+00:00
[2026-07-21T17:57:27.802+0000] {processor.py:183} INFO - Processing /home/airflow/.local/lib/python3.8/site-packages/airflow/example_dags/example_short_circuit_decorator.py took 0.074 seconds
[2026-07-21T17:57:57.950+0000] {processor.py:161} INFO - Started process (PID=246) to work on /home/airflow/.local/lib/python3.8/site-packages/airflow/example_dags/example_short_circuit_decorator.py
[2026-07-21T17:57:57.951+0000] {processor.py:830} INFO - Processing file /home/airflow/.local/lib/python3.8/site-packages/airflow/example_dags/example_short_circuit_decorator.py for tasks to queue
[2026-07-21T17:57:57.954+0000] {logging_mixin.py:188} INFO - [2026-07-21T17:57:57.954+0000] {dagbag.py:538} INFO - Filling up the DagBag from /home/airflow/.local/lib/python3.8/site-packages/airflow/example_dags/example_short_circuit_decorator.py
[2026-07-21T17:57:57.965+0000] {processor.py:840} INFO - DAG(s) 'example_short_circuit_decorator' retrieved from /home/airflow/.local/lib/python3.8/site-packages/airflow/example_dags/example_short_circuit_decorator.py
[2026-07-21T17:57:57.993+0000] {logging_mixin.py:188} INFO - [2026-07-21T17:57:57.993+0000] {dag.py:3036} INFO - Sync 1 DAGs
[2026-07-21T17:57:58.017+0000] {logging_mixin.py:188} INFO - [2026-07-21T17:57:58.016+0000] {dag.py:3823} INFO - Setting next_dagrun for example_short_circuit_decorator to 2026-07-20 00:00:00+00:00, run_after=2026-07-21 00:00:00+00:00
[2026-07-21T17:57:58.038+0000] {processor.py:183} INFO - Processing /home/airflow/.local/lib/python3.8/site-packages/airflow/example_dags/example_short_circuit_decorator.py took 0.093 seconds
[2026-07-21T17:58:28.185+0000] {processor.py:161} INFO - Started process (PID=302) to work on /home/airflow/.local/lib/python3.8/site-packages/airflow/example_dags/example_short_circuit_decorator.py
[2026-07-21T17:58:28.186+0000] {processor.py:830} INFO - Processing file /home/airflow/.local/lib/python3.8/site-packages/airflow/example_dags/example_short_circuit_decorator.py for tasks to queue
[2026-07-21T17:58:28.188+0000] {logging_mixin.py:188} INFO - [2026-07-21T17:58:28.188+0000] {dagbag.py:538} INFO - Filling up the DagBag from /home/airflow/.local/lib/python3.8/site-packages/airflow/example_dags/example_short_circuit_decorator.py
[2026-07-21T17:58:28.198+0000] {processor.py:840} INFO - DAG(s) 'example_short_circuit_decorator' retrieved from /home/airflow/.local/lib/python3.8/site-packages/airflow/example_dags/example_short_circuit_decorator.py
[2026-07-21T17:58:28.223+0000] {logging_mixin.py:188} INFO - [2026-07-21T17:58:28.223+0000] {dag.py:3036} INFO - Sync 1 DAGs
[2026-07-21T17:58:28.246+0000] {logging_mixin.py:188} INFO - [2026-07-21T17:58:28.246+0000] {dag.py:3823} INFO - Setting next_dagrun for example_short_circuit_decorator to 2026-07-20 00:00:00+00:00, run_after=2026-07-21 00:00:00+00:00
[2026-07-21T17:58:28.266+0000] {processor.py:183} INFO - Processing /home/airflow/.local/lib/python3.8/site-packages/airflow/example_dags/example_short_circuit_decorator.py took 0.084 seconds
[2026-07-21T17:58:58.622+0000] {processor.py:161} INFO - Started process (PID=358) to work on /home/airflow/.local/lib/python3.8/site-packages/airflow/example_dags/example_short_circuit_decorator.py
[2026-07-21T17:58:58.623+0000] {processor.py:830} INFO - Processing file /home/airflow/.local/lib/python3.8/site-packages/airflow/example_dags/example_short_circuit_decorator.py for tasks to queue
[2026-07-21T17:58:58.625+0000] {logging_mixin.py:188} INFO - [2026-07-21T17:58:58.624+0000] {dagbag.py:538} INFO - Filling up the DagBag from /home/airflow/.local/lib/python3.8/site-packages/airflow/example_dags/example_short_circuit_decorator.py
[2026-07-21T17:58:58.633+0000] {processor.py:840} INFO - DAG(s) 'example_short_circuit_decorator' retrieved from /home/airflow/.local/lib/python3.8/site-packages/airflow/example_dags/example_short_circuit_decorator.py
[2026-07-21T17:58:58.659+0000] {logging_mixin.py:188} INFO - [2026-07-21T17:58:58.658+0000] {dag.py:3036} INFO - Sync 1 DAGs
[2026-07-21T17:58:58.678+0000] {logging_mixin.py:188} INFO - [2026-07-21T17:58:58.678+0000] {dag.py:3823} INFO - Setting next_dagrun for example_short_circuit_decorator to 2026-07-20 00:00:00+00:00, run_after=2026-07-21 00:00:00+00:00
[2026-07-21T17:58:58.699+0000] {processor.py:183} INFO - Processing /home/airflow/.local/lib/python3.8/site-packages/airflow/example_dags/example_short_circuit_decorator.py took 0.081 seconds
[2026-07-21T17:59:28.834+0000] {processor.py:161} INFO - Started process (PID=414) to work on /home/airflow/.local/lib/python3.8/site-packages/airflow/example_dags/example_short_circuit_decorator.py
[2026-07-21T17:59:28.835+0000] {processor.py:830} INFO - Processing file /home/airflow/.local/lib/python3.8/site-packages/airflow/example_dags/example_short_circuit_decorator.py for tasks to queue
[2026-07-21T17:59:28.837+0000] {logging_mixin.py:188} INFO - [2026-07-21T17:59:28.837+0000] {dagbag.py:538} INFO - Filling up the DagBag from /home/airflow/.local/lib/python3.8/site-packages/airflow/example_dags/example_short_circuit_decorator.py
[2026-07-21T17:59:28.846+0000] {processor.py:840} INFO - DAG(s) 'example_short_circuit_decorator' retrieved from /home/airflow/.local/lib/python3.8/site-packages/airflow/example_dags/example_short_circuit_decorator.py
[2026-07-21T17:59:28.872+0000] {logging_mixin.py:188} INFO - [2026-07-21T17:59:28.871+0000] {dag.py:3036} INFO - Sync 1 DAGs
[2026-07-21T17:59:28.892+0000] {logging_mixin.py:188} INFO - [2026-07-21T17:59:28.892+0000] {dag.py:3823} INFO - Setting next_dagrun for example_short_circuit_decorator to 2026-07-20 00:00:00+00:00, run_after=2026-07-21 00:00:00+00:00
[2026-07-21T17:59:28.913+0000] {processor.py:183} INFO - Processing /home/airflow/.local/lib/python3.8/site-packages/airflow/example_dags/example_short_circuit_decorator.py took 0.082 seconds
[2026-07-21T17:59:59.130+0000] {processor.py:161} INFO - Started process (PID=470) to work on /home/airflow/.local/lib/python3.8/site-packages/airflow/example_dags/example_short_circuit_decorator.py
[2026-07-21T17:59:59.131+0000] {processor.py:830} INFO - Processing file /home/airflow/.local/lib/python3.8/site-packages/airflow/example_dags/example_short_circuit_decorator.py for tasks to queue
[2026-07-21T17:59:59.136+0000] {logging_mixin.py:188} INFO - [2026-07-21T17:59:59.136+0000] {dagbag.py:538} INFO - Filling up the DagBag from /home/airflow/.local/lib/python3.8/site-packages/airflow/example_dags/example_short_circuit_decorator.py
[2026-07-21T17:59:59.145+0000] {processor.py:840} INFO - DAG(s) 'example_short_circuit_decorator' retrieved from /home/airflow/.local/lib/python3.8/site-packages/airflow/example_dags/example_short_circuit_decorator.py
[2026-07-21T17:59:59.171+0000] {logging_mixin.py:188} INFO - [2026-07-21T17:59:59.171+0000] {dag.py:3036} INFO - Sync 1 DAGs
[2026-07-21T17:59:59.198+0000] {logging_mixin.py:188} INFO - [2026-07-21T17:59:59.198+0000] {dag.py:3823} INFO - Setting next_dagrun for example_short_circuit_decorator to 2026-07-20 00:00:00+00:00, run_after=2026-07-21 00:00:00+00:00
[2026-07-21T17:59:59.220+0000] {processor.py:183} INFO - Processing /home/airflow/.local/lib/python3.8/site-packages/airflow/example_dags/example_short_circuit_decorator.py took 0.094 seconds
[2026-07-21T18:00:29.504+0000] {processor.py:161} INFO - Started process (PID=526) to work on /home/airflow/.local/lib/python3.8/site-packages/airflow/example_dags/example_short_circuit_decorator.py
[2026-07-21T18:00:29.505+0000] {processor.py:830} INFO - Processing file /home/airflow/.local/lib/python3.8/site-packages/airflow/example_dags/example_short_circuit_decorator.py for tasks to queue
[2026-07-21T18:00:29.508+0000] {logging_mixin.py:188} INFO - [2026-07-21T18:00:29.508+0000] {dagbag.py:538} INFO - Filling up the DagBag from /home/airflow/.local/lib/python3.8/site-packages/airflow/example_dags/example_short_circuit_decorator.py
[2026-07-21T18:00:29.519+0000] {processor.py:840} INFO - DAG(s) 'example_short_circuit_decorator' retrieved from /home/airflow/.local/lib/python3.8/site-packages/airflow/example_dags/example_short_circuit_decorator.py
[2026-07-21T18:00:29.545+0000] {logging_mixin.py:188} INFO - [2026-07-21T18:00:29.544+0000] {dag.py:3036} INFO - Sync 1 DAGs
[2026-07-21T18:00:29.565+0000] {logging_mixin.py:188} INFO - [2026-07-21T18:00:29.565+0000] {dag.py:3823} INFO - Setting next_dagrun for example_short_circuit_decorator to 2026-07-20 00:00:00+00:00, run_after=2026-07-21 00:00:00+00:00
[2026-07-21T18:00:29.584+0000] {processor.py:183} INFO - Processing /home/airflow/.local/lib/python3.8/site-packages/airflow/example_dags/example_short_circuit_decorator.py took 0.085 seconds
[2026-07-21T18:00:59.797+0000] {processor.py:161} INFO - Started process (PID=583) to work on /home/airflow/.local/lib/python3.8/site-packages/airflow/example_dags/example_short_circuit_decorator.py
[2026-07-21T18:00:59.798+0000] {processor.py:830} INFO - Processing file /home/airflow/.local/lib/python3.8/site-packages/airflow/example_dags/example_short_circuit_decorator.py for tasks to queue
[2026-07-21T18:00:59.800+0000] {logging_mixin.py:188} INFO - [2026-07-21T18:00:59.800+0000] {dagbag.py:538} INFO - Filling up the DagBag from /home/airflow/.local/lib/python3.8/site-packages/airflow/example_dags/example_short_circuit_decorator.py
[2026-07-21T18:00:59.808+0000] {processor.py:840} INFO - DAG(s) 'example_short_circuit_decorator' retrieved from /home/airflow/.local/lib/python3.8/site-packages/airflow/example_dags/example_short_circuit_decorator.py
[2026-07-21T18:00:59.832+0000] {logging_mixin.py:188} INFO - [2026-07-21T18:00:59.831+0000] {dag.py:3036} INFO - Sync 1 DAGs
[2026-07-21T18:00:59.853+0000] {logging_mixin.py:188} INFO - [2026-07-21T18:00:59.852+0000] {dag.py:3823} INFO - Setting next_dagrun for example_short_circuit_decorator to 2026-07-20 00:00:00+00:00, run_after=2026-07-21 00:00:00+00:00
[2026-07-21T18:00:59.874+0000] {processor.py:183} INFO - Processing /home/airflow/.local/lib/python3.8/site-packages/airflow/example_dags/example_short_circuit_decorator.py took 0.081 seconds
[2026-07-21T18:01:30.040+0000] {processor.py:161} INFO - Started process (PID=639) to work on /home/airflow/.local/lib/python3.8/site-packages/airflow/example_dags/example_short_circuit_decorator.py
[2026-07-21T18:01:30.041+0000] {processor.py:830} INFO - Processing file /home/airflow/.local/lib/python3.8/site-packages/airflow/example_dags/example_short_circuit_decorator.py for tasks to queue
[2026-07-21T18:01:30.044+0000] {logging_mixin.py:188} INFO - [2026-07-21T18:01:30.043+0000] {dagbag.py:538} INFO - Filling up the DagBag from /home/airflow/.local/lib/python3.8/site-packages/airflow/example_dags/example_short_circuit_decorator.py
[2026-07-21T18:01:30.055+0000] {processor.py:840} INFO - DAG(s) 'example_short_circuit_decorator' retrieved from /home/airflow/.local/lib/python3.8/site-packages/airflow/example_dags/example_short_circuit_decorator.py
[2026-07-21T18:01:30.087+0000] {logging_mixin.py:188} INFO - [2026-07-21T18:01:30.087+0000] {dag.py:3036} INFO - Sync 1 DAGs
[2026-07-21T18:01:30.120+0000] {logging_mixin.py:188} INFO - [2026-07-21T18:01:30.120+0000] {dag.py:3823} INFO - Setting next_dagrun for example_short_circuit_decorator to 2026-07-20 00:00:00+00:00, run_after=2026-07-21 00:00:00+00:00
[2026-07-21T18:01:30.149+0000] {processor.py:183} INFO - Processing /home/airflow/.local/lib/python3.8/site-packages/airflow/example_dags/example_short_circuit_decorator.py took 0.114 seconds
[2026-07-21T18:02:00.339+0000] {processor.py:161} INFO - Started process (PID=695) to work on /home/airflow/.local/lib/python3.8/site-packages/airflow/example_dags/example_short_circuit_decorator.py
[2026-07-21T18:02:00.340+0000] {processor.py:830} INFO - Processing file /home/airflow/.local/lib/python3.8/site-packages/airflow/example_dags/example_short_circuit_decorator.py for tasks to queue
[2026-07-21T18:02:00.342+0000] {logging_mixin.py:188} INFO - [2026-07-21T18:02:00.341+0000] {dagbag.py:538} INFO - Filling up the DagBag from /home/airflow/.local/lib/python3.8/site-packages/airflow/example_dags/example_short_circuit_decorator.py
[2026-07-21T18:02:00.350+0000] {processor.py:840} INFO - DAG(s) 'example_short_circuit_decorator' retrieved from /home/airflow/.local/lib/python3.8/site-packages/airflow/example_dags/example_short_circuit_decorator.py
[2026-07-21T18:02:00.377+0000] {logging_mixin.py:188} INFO - [2026-07-21T18:02:00.377+0000] {dag.py:3036} INFO - Sync 1 DAGs
[2026-07-21T18:02:00.401+0000] {logging_mixin.py:188} INFO - [2026-07-21T18:02:00.400+0000] {dag.py:3823} INFO - Setting next_dagrun for example_short_circuit_decorator to 2026-07-20 00:00:00+00:00, run_after=2026-07-21 00:00:00+00:00
[2026-07-21T18:02:00.420+0000] {processor.py:183} INFO - Processing /home/airflow/.local/lib/python3.8/site-packages/airflow/example_dags/example_short_circuit_decorator.py took 0.084 seconds
[2026-07-21T18:02:30.854+0000] {processor.py:161} INFO - Started process (PID=751) to work on /home/airflow/.local/lib/python3.8/site-packages/airflow/example_dags/example_short_circuit_decorator.py
[2026-07-21T18:02:30.855+0000] {processor.py:830} INFO - Processing file /home/airflow/.local/lib/python3.8/site-packages/airflow/example_dags/example_short_circuit_decorator.py for tasks to queue
[2026-07-21T18:02:30.857+0000] {logging_mixin.py:188} INFO - [2026-07-21T18:02:30.857+0000] {dagbag.py:538} INFO - Filling up the DagBag from /home/airflow/.local/lib/python3.8/site-packages/airflow/example_dags/example_short_circuit_decorator.py
[2026-07-21T18:02:30.868+0000] {processor.py:840} INFO - DAG(s) 'example_short_circuit_decorator' retrieved from /home/airflow/.local/lib/python3.8/site-packages/airflow/example_dags/example_short_circuit_decorator.py
[2026-07-21T18:02:30.898+0000] {logging_mixin.py:188} INFO - [2026-07-21T18:02:30.898+0000] {dag.py:3036} INFO - Sync 1 DAGs
[2026-07-21T18:02:30.919+0000] {logging_mixin.py:188} INFO - [2026-07-21T18:02:30.919+0000] {dag.py:3823} INFO - Setting next_dagrun for example_short_circuit_decorator to 2026-07-20 00:00:00+00:00, run_after=2026-07-21 00:00:00+00:00
[2026-07-21T18:02:30.938+0000] {processor.py:183} INFO - Processing /home/airflow/.local/lib/python3.8/site-packages/airflow/example_dags/example_short_circuit_decorator.py took 0.089 seconds
[2026-07-21T18:03:01.281+0000] {processor.py:161} INFO - Started process (PID=807) to work on /home/airflow/.local/lib/python3.8/site-packages/airflow/example_dags/example_short_circuit_decorator.py
[2026-07-21T18:03:01.283+0000] {processor.py:830} INFO - Processing file /home/airflow/.local/lib/python3.8/site-packages/airflow/example_dags/example_short_circuit_decorator.py for tasks to queue
[2026-07-21T18:03:01.286+0000] {logging_mixin.py:188} INFO - [2026-07-21T18:03:01.286+0000] {dagbag.py:538} INFO - Filling up the DagBag from /home/airflow/.local/lib/python3.8/site-packages/airflow/example_dags/example_short_circuit_decorator.py
[2026-07-21T18:03:01.299+0000] {processor.py:840} INFO - DAG(s) 'example_short_circuit_decorator' retrieved from /home/airflow/.local/lib/python3.8/site-packages/airflow/example_dags/example_short_circuit_decorator.py
[2026-07-21T18:03:01.330+0000] {logging_mixin.py:188} INFO - [2026-07-21T18:03:01.330+0000] {dag.py:3036} INFO - Sync 1 DAGs
[2026-07-21T18:03:01.357+0000] {logging_mixin.py:188} INFO - [2026-07-21T18:03:01.357+0000] {dag.py:3823} INFO - Setting next_dagrun for example_short_circuit_decorator to 2026-07-20 00:00:00+00:00, run_after=2026-07-21 00:00:00+00:00
[2026-07-21T18:03:01.380+0000] {processor.py:183} INFO - Processing /home/airflow/.local/lib/python3.8/site-packages/airflow/example_dags/example_short_circuit_decorator.py took 0.106 seconds
[2026-07-21T18:03:31.444+0000] {processor.py:161} INFO - Started process (PID=863) to work on /home/airflow/.local/lib/python3.8/site-packages/airflow/example_dags/example_short_circuit_decorator.py
[2026-07-21T18:03:31.446+0000] {processor.py:830} INFO - Processing file /home/airflow/.local/lib/python3.8/site-packages/airflow/example_dags/example_short_circuit_decorator.py for tasks to queue
[2026-07-21T18:03:31.447+0000] {logging_mixin.py:188} INFO - [2026-07-21T18:03:31.447+0000] {dagbag.py:538} INFO - Filling up the DagBag from /home/airflow/.local/lib/python3.8/site-packages/airflow/example_dags/example_short_circuit_decorator.py
[2026-07-21T18:03:31.456+0000] {processor.py:840} INFO - DAG(s) 'example_short_circuit_decorator' retrieved from /home/airflow/.local/lib/python3.8/site-packages/airflow/example_dags/example_short_circuit_decorator.py
[2026-07-21T18:03:31.487+0000] {logging_mixin.py:188} INFO - [2026-07-21T18:03:31.487+0000] {dag.py:3036} INFO - Sync 1 DAGs
[2026-07-21T18:03:31.513+0000] {logging_mixin.py:188} INFO - [2026-07-21T18:03:31.513+0000] {dag.py:3823} INFO - Setting next_dagrun for example_short_circuit_decorator to 2026-07-20 00:00:00+00:00, run_after=2026-07-21 00:00:00+00:00
[2026-07-21T18:03:31.543+0000] {processor.py:183} INFO - Processing /home/airflow/.local/lib/python3.8/site-packages/airflow/example_dags/example_short_circuit_decorator.py took 0.102 seconds
[2026-07-21T18:04:01.907+0000] {processor.py:161} INFO - Started process (PID=919) to work on /home/airflow/.local/lib/python3.8/site-packages/airflow/example_dags/example_short_circuit_decorator.py
[2026-07-21T18:04:01.908+0000] {processor.py:830} INFO - Processing file /home/airflow/.local/lib/python3.8/site-packages/airflow/example_dags/example_short_circuit_decorator.py for tasks to queue
[2026-07-21T18:04:01.910+0000] {logging_mixin.py:188} INFO - [2026-07-21T18:04:01.910+0000] {dagbag.py:538} INFO - Filling up the DagBag from /home/airflow/.local/lib/python3.8/site-packages/airflow/example_dags/example_short_circuit_decorator.py
[2026-07-21T18:04:01.920+0000] {processor.py:840} INFO - DAG(s) 'example_short_circuit_decorator' retrieved from /home/airflow/.local/lib/python3.8/site-packages/airflow/example_dags/example_short_circuit_decorator.py
[2026-07-21T18:04:01.944+0000] {logging_mixin.py:188} INFO - [2026-07-21T18:04:01.943+0000] {dag.py:3036} INFO - Sync 1 DAGs
[2026-07-21T18:04:01.964+0000] {logging_mixin.py:188} INFO - [2026-07-21T18:04:01.964+0000] {dag.py:3823} INFO - Setting next_dagrun for example_short_circuit_decorator to 2026-07-20 00:00:00+00:00, run_after=2026-07-21 00:00:00+00:00
[2026-07-21T18:04:01.984+0000] {processor.py:183} INFO - Processing /home/airflow/.local/lib/python3.8/site-packages/airflow/example_dags/example_short_circuit_decorator.py took 0.080 seconds
[2026-07-21T18:04:32.308+0000] {processor.py:161} INFO - Started process (PID=975) to work on /home/airflow/.local/lib/python3.8/site-packages/airflow/example_dags/example_short_circuit_decorator.py
[2026-07-21T18:04:32.309+0000] {processor.py:830} INFO - Processing file /home/airflow/.local/lib/python3.8/site-packages/airflow/example_dags/example_short_circuit_decorator.py for tasks to queue
[2026-07-21T18:04:32.310+0000] {logging_mixin.py:188} INFO - [2026-07-21T18:04:32.310+0000] {dagbag.py:538} INFO - Filling up the DagBag from /home/airflow/.local/lib/python3.8/site-packages/airflow/example_dags/example_short_circuit_decorator.py
[2026-07-21T18:04:32.319+0000] {processor.py:840} INFO - DAG(s) 'example_short_circuit_decorator' retrieved from /home/airflow/.local/lib/python3.8/site-packages/airflow/example_dags/example_short_circuit_decorator.py
[2026-07-21T18:04:32.343+0000] {logging_mixin.py:188} INFO - [2026-07-21T18:04:32.343+0000] {dag.py:3036} INFO - Sync 1 DAGs
[2026-07-21T18:04:32.370+0000] {logging_mixin.py:188} INFO - [2026-07-21T18:04:32.369+0000] {dag.py:3823} INFO - Setting next_dagrun for example_short_circuit_decorator to 2026-07-20 00:00:00+00:00, run_after=2026-07-21 00:00:00+00:00
[2026-07-21T18:04:32.387+0000] {processor.py:183} INFO - Processing /home/airflow/.local/lib/python3.8/site-packages/airflow/example_dags/example_short_circuit_decorator.py took 0.083 seconds
[2026-07-21T18:05:02.707+0000] {processor.py:161} INFO - Started process (PID=1031) to work on /home/airflow/.local/lib/python3.8/site-packages/airflow/example_dags/example_short_circuit_decorator.py
[2026-07-21T18:05:02.708+0000] {processor.py:830} INFO - Processing file /home/airflow/.local/lib/python3.8/site-packages/airflow/example_dags/example_short_circuit_decorator.py for tasks to queue
[2026-07-21T18:05:02.710+0000] {logging_mixin.py:188} INFO - [2026-07-21T18:05:02.710+0000] {dagbag.py:538} INFO - Filling up the DagBag from /home/airflow/.local/lib/python3.8/site-packages/airflow/example_dags/example_short_circuit_decorator.py
[2026-07-21T18:05:02.719+0000] {processor.py:840} INFO - DAG(s) 'example_short_circuit_decorator' retrieved from /home/airflow/.local/lib/python3.8/site-packages/airflow/example_dags/example_short_circuit_decorator.py
[2026-07-21T18:05:02.751+0000] {logging_mixin.py:188} INFO - [2026-07-21T18:05:02.751+0000] {dag.py:3036} INFO - Sync 1 DAGs
[2026-07-21T18:05:02.777+0000] {logging_mixin.py:188} INFO - [2026-07-21T18:05:02.776+0000] {dag.py:3823} INFO - Setting next_dagrun for example_short_circuit_decorator to 2026-07-20 00:00:00+00:00, run_after=2026-07-21 00:00:00+00:00
[2026-07-21T18:05:02.798+0000] {processor.py:183} INFO - Processing /home/airflow/.local/lib/python3.8/site-packages/airflow/example_dags/example_short_circuit_decorator.py took 0.095 seconds
[2026-07-21T18:05:33.195+0000] {processor.py:161} INFO - Started process (PID=1087) to work on /home/airflow/.local/lib/python3.8/site-packages/airflow/example_dags/example_short_circuit_decorator.py
[2026-07-21T18:05:33.196+0000] {processor.py:830} INFO - Processing file /home/airflow/.local/lib/python3.8/site-packages/airflow/example_dags/example_short_circuit_decorator.py for tasks to queue
[2026-07-21T18:05:33.198+0000] {logging_mixin.py:188} INFO - [2026-07-21T18:05:33.198+0000] {dagbag.py:538} INFO - Filling up the DagBag from /home/airflow/.local/lib/python3.8/site-packages/airflow/example_dags/example_short_circuit_decorator.py
[2026-07-21T18:05:33.209+0000] {processor.py:840} INFO - DAG(s) 'example_short_circuit_decorator' retrieved from /home/airflow/.local/lib/python3.8/site-packages/airflow/example_dags/example_short_circuit_decorator.py
[2026-07-21T18:05:33.239+0000] {logging_mixin.py:188} INFO - [2026-07-21T18:05:33.239+0000] {dag.py:3036} INFO - Sync 1 DAGs
[2026-07-21T18:05:33.265+0000] {logging_mixin.py:188} INFO - [2026-07-21T18:05:33.264+0000] {dag.py:3823} INFO - Setting next_dagrun for example_short_circuit_decorator to 2026-07-20 00:00:00+00:00, run_after=2026-07-21 00:00:00+00:00
[2026-07-21T18:05:33.295+0000] {processor.py:183} INFO - Processing /home/airflow/.local/lib/python3.8/site-packages/airflow/example_dags/example_short_circuit_decorator.py took 0.104 seconds
[2026-07-21T18:06:03.710+0000] {processor.py:161} INFO - Started process (PID=1143) to work on /home/airflow/.local/lib/python3.8/site-packages/airflow/example_dags/example_short_circuit_decorator.py
[2026-07-21T18:06:03.711+0000] {processor.py:830} INFO - Processing file /home/airflow/.local/lib/python3.8/site-packages/airflow/example_dags/example_short_circuit_decorator.py for tasks to queue
[2026-07-21T18:06:03.713+0000] {logging_mixin.py:188} INFO - [2026-07-21T18:06:03.713+0000] {dagbag.py:538} INFO - Filling up the DagBag from /home/airflow/.local/lib/python3.8/site-packages/airflow/example_dags/example_short_circuit_decorator.py
[2026-07-21T18:06:03.722+0000] {processor.py:840} INFO - DAG(s) 'example_short_circuit_decorator' retrieved from /home/airflow/.local/lib/python3.8/site-packages/airflow/example_dags/example_short_circuit_decorator.py
[2026-07-21T18:06:03.746+0000] {logging_mixin.py:188} INFO - [2026-07-21T18:06:03.745+0000] {dag.py:3036} INFO - Sync 1 DAGs
[2026-07-21T18:06:03.767+0000] {logging_mixin.py:188} INFO - [2026-07-21T18:06:03.766+0000] {dag.py:3823} INFO - Setting next_dagrun for example_short_circuit_decorator to 2026-07-20 00:00:00+00:00, run_after=2026-07-21 00:00:00+00:00
[2026-07-21T18:06:03.794+0000] {processor.py:183} INFO - Processing /home/airflow/.local/lib/python3.8/site-packages/airflow/example_dags/example_short_circuit_decorator.py took 0.087 seconds
[2026-07-21T18:06:34.206+0000] {processor.py:161} INFO - Started process (PID=1199) to work on /home/airflow/.local/lib/python3.8/site-packages/airflow/example_dags/example_short_circuit_decorator.py
[2026-07-21T18:06:34.207+0000] {processor.py:830} INFO - Processing file /home/airflow/.local/lib/python3.8/site-packages/airflow/example_dags/example_short_circuit_decorator.py for tasks to queue
[2026-07-21T18:06:34.209+0000] {logging_mixin.py:188} INFO - [2026-07-21T18:06:34.208+0000] {dagbag.py:538} INFO - Filling up the DagBag from /home/airflow/.local/lib/python3.8/site-packages/airflow/example_dags/example_short_circuit_decorator.py
[2026-07-21T18:06:34.217+0000] {processor.py:840} INFO - DAG(s) 'example_short_circuit_decorator' retrieved from /home/airflow/.local/lib/python3.8/site-packages/airflow/example_dags/example_short_circuit_decorator.py
[2026-07-21T18:06:34.242+0000] {logging_mixin.py:188} INFO - [2026-07-21T18:06:34.241+0000] {dag.py:3036} INFO - Sync 1 DAGs
[2026-07-21T18:06:34.261+0000] {logging_mixin.py:188} INFO - [2026-07-21T18:06:34.261+0000] {dag.py:3823} INFO - Setting next_dagrun for example_short_circuit_decorator to 2026-07-20 00:00:00+00:00, run_after=2026-07-21 00:00:00+00:00
[2026-07-21T18:06:34.291+0000] {processor.py:183} INFO - Processing /home/airflow/.local/lib/python3.8/site-packages/airflow/example_dags/example_short_circuit_decorator.py took 0.088 seconds
[2026-07-21T18:07:04.586+0000] {processor.py:161} INFO - Started process (PID=1255) to work on /home/airflow/.local/lib/python3.8/site-packages/airflow/example_dags/example_short_circuit_decorator.py
[2026-07-21T18:07:04.587+0000] {processor.py:830} INFO - Processing file /home/airflow/.local/lib/python3.8/site-packages/airflow/example_dags/example_short_circuit_decorator.py for tasks to queue
[2026-07-21T18:07:04.590+0000] {logging_mixin.py:188} INFO - [2026-07-21T18:07:04.589+0000] {dagbag.py:538} INFO - Filling up the DagBag from /home/airflow/.local/lib/python3.8/site-packages/airflow/example_dags/example_short_circuit_decorator.py
[2026-07-21T18:07:04.600+0000] {processor.py:840} INFO - DAG(s) 'example_short_circuit_decorator' retrieved from /home/airflow/.local/lib/python3.8/site-packages/airflow/example_dags/example_short_circuit_decorator.py
[2026-07-21T18:07:04.624+0000] {logging_mixin.py:188} INFO - [2026-07-21T18:07:04.623+0000] {dag.py:3036} INFO - Sync 1 DAGs
[2026-07-21T18:07:04.645+0000] {logging_mixin.py:188} INFO - [2026-07-21T18:07:04.645+0000] {dag.py:3823} INFO - Setting next_dagrun for example_short_circuit_decorator to 2026-07-20 00:00:00+00:00, run_after=2026-07-21 00:00:00+00:00
[2026-07-21T18:07:04.668+0000] {processor.py:183} INFO - Processing /home/airflow/.local/lib/python3.8/site-packages/airflow/example_dags/example_short_circuit_decorator.py took 0.086 seconds
[2026-07-21T18:07:34.916+0000] {processor.py:161} INFO - Started process (PID=1311) to work on /home/airflow/.local/lib/python3.8/site-packages/airflow/example_dags/example_short_circuit_decorator.py
[2026-07-21T18:07:34.917+0000] {processor.py:830} INFO - Processing file /home/airflow/.local/lib/python3.8/site-packages/airflow/example_dags/example_short_circuit_decorator.py for tasks to queue
[2026-07-21T18:07:34.919+0000] {logging_mixin.py:188} INFO - [2026-07-21T18:07:34.919+0000] {dagbag.py:538} INFO - Filling up the DagBag from /home/airflow/.local/lib/python3.8/site-packages/airflow/example_dags/example_short_circuit_decorator.py
[2026-07-21T18:07:34.927+0000] {processor.py:840} INFO - DAG(s) 'example_short_circuit_decorator' retrieved from /home/airflow/.local/lib/python3.8/site-packages/airflow/example_dags/example_short_circuit_decorator.py
[2026-07-21T18:07:34.954+0000] {logging_mixin.py:188} INFO - [2026-07-21T18:07:34.954+0000] {dag.py:3036} INFO - Sync 1 DAGs
[2026-07-21T18:07:34.978+0000] {logging_mixin.py:188} INFO - [2026-07-21T18:07:34.978+0000] {dag.py:3823} INFO - Setting next_dagrun for example_short_circuit_decorator to 2026-07-20 00:00:00+00:00, run_after=2026-07-21 00:00:00+00:00
[2026-07-21T18:07:35.007+0000] {processor.py:183} INFO - Processing /home/airflow/.local/lib/python3.8/site-packages/airflow/example_dags/example_short_circuit_decorator.py took 0.095 seconds
[2026-07-21T18:09:12.420+0000] {processor.py:161} INFO - Started process (PID=112) to work on /home/airflow/.local/lib/python3.8/site-packages/airflow/example_dags/example_short_circuit_decorator.py
[2026-07-21T18:09:12.422+0000] {processor.py:830} INFO - Processing file /home/airflow/.local/lib/python3.8/site-packages/airflow/example_dags/example_short_circuit_decorator.py for tasks to queue
[2026-07-21T18:09:12.424+0000] {logging_mixin.py:188} INFO - [2026-07-21T18:09:12.424+0000] {dagbag.py:538} INFO - Filling up the DagBag from /home/airflow/.local/lib/python3.8/site-packages/airflow/example_dags/example_short_circuit_decorator.py
[2026-07-21T18:09:12.445+0000] {processor.py:840} INFO - DAG(s) 'example_short_circuit_decorator' retrieved from /home/airflow/.local/lib/python3.8/site-packages/airflow/example_dags/example_short_circuit_decorator.py
[2026-07-21T18:09:12.466+0000] {logging_mixin.py:188} INFO - [2026-07-21T18:09:12.465+0000] {dag.py:3036} INFO - Sync 1 DAGs
[2026-07-21T18:09:12.496+0000] {logging_mixin.py:188} INFO - [2026-07-21T18:09:12.495+0000] {dag.py:3823} INFO - Setting next_dagrun for example_short_circuit_decorator to 2026-07-20 00:00:00+00:00, run_after=2026-07-21 00:00:00+00:00
[2026-07-21T18:09:12.522+0000] {processor.py:183} INFO - Processing /home/airflow/.local/lib/python3.8/site-packages/airflow/example_dags/example_short_circuit_decorator.py took 0.107 seconds
[2026-07-21T18:09:43.240+0000] {processor.py:161} INFO - Started process (PID=168) to work on /home/airflow/.local/lib/python3.8/site-packages/airflow/example_dags/example_short_circuit_decorator.py
[2026-07-21T18:09:43.241+0000] {processor.py:830} INFO - Processing file /home/airflow/.local/lib/python3.8/site-packages/airflow/example_dags/example_short_circuit_decorator.py for tasks to queue
[2026-07-21T18:09:43.244+0000] {logging_mixin.py:188} INFO - [2026-07-21T18:09:43.243+0000] {dagbag.py:538} INFO - Filling up the DagBag from /home/airflow/.local/lib/python3.8/site-packages/airflow/example_dags/example_short_circuit_decorator.py
[2026-07-21T18:09:43.254+0000] {processor.py:840} INFO - DAG(s) 'example_short_circuit_decorator' retrieved from /home/airflow/.local/lib/python3.8/site-packages/airflow/example_dags/example_short_circuit_decorator.py
[2026-07-21T18:09:43.362+0000] {logging_mixin.py:188} INFO - [2026-07-21T18:09:43.361+0000] {dag.py:3036} INFO - Sync 1 DAGs
[2026-07-21T18:09:43.381+0000] {logging_mixin.py:188} INFO - [2026-07-21T18:09:43.381+0000] {dag.py:3823} INFO - Setting next_dagrun for example_short_circuit_decorator to 2026-07-20 00:00:00+00:00, run_after=2026-07-21 00:00:00+00:00
[2026-07-21T18:09:43.400+0000] {processor.py:183} INFO - Processing /home/airflow/.local/lib/python3.8/site-packages/airflow/example_dags/example_short_circuit_decorator.py took 0.164 seconds
[2026-07-21T18:10:14.253+0000] {processor.py:161} INFO - Started process (PID=224) to work on /home/airflow/.local/lib/python3.8/site-packages/airflow/example_dags/example_short_circuit_decorator.py
[2026-07-21T18:10:14.255+0000] {processor.py:830} INFO - Processing file /home/airflow/.local/lib/python3.8/site-packages/airflow/example_dags/example_short_circuit_decorator.py for tasks to queue
[2026-07-21T18:10:14.257+0000] {logging_mixin.py:188} INFO - [2026-07-21T18:10:14.257+0000] {dagbag.py:538} INFO - Filling up the DagBag from /home/airflow/.local/lib/python3.8/site-packages/airflow/example_dags/example_short_circuit_decorator.py
[2026-07-21T18:10:14.267+0000] {processor.py:840} INFO - DAG(s) 'example_short_circuit_decorator' retrieved from /home/airflow/.local/lib/python3.8/site-packages/airflow/example_dags/example_short_circuit_decorator.py
[2026-07-21T18:10:14.292+0000] {logging_mixin.py:188} INFO - [2026-07-21T18:10:14.292+0000] {dag.py:3036} INFO - Sync 1 DAGs
[2026-07-21T18:10:14.316+0000] {logging_mixin.py:188} INFO - [2026-07-21T18:10:14.315+0000] {dag.py:3823} INFO - Setting next_dagrun for example_short_circuit_decorator to 2026-07-20 00:00:00+00:00, run_after=2026-07-21 00:00:00+00:00
[2026-07-21T18:10:14.336+0000] {processor.py:183} INFO - Processing /home/airflow/.local/lib/python3.8/site-packages/airflow/example_dags/example_short_circuit_decorator.py took 0.088 seconds
[2026-07-21T18:10:44.508+0000] {processor.py:161} INFO - Started process (PID=280) to work on /home/airflow/.local/lib/python3.8/site-packages/airflow/example_dags/example_short_circuit_decorator.py
[2026-07-21T18:10:44.510+0000] {processor.py:830} INFO - Processing file /home/airflow/.local/lib/python3.8/site-packages/airflow/example_dags/example_short_circuit_decorator.py for tasks to queue
[2026-07-21T18:10:44.512+0000] {logging_mixin.py:188} INFO - [2026-07-21T18:10:44.512+0000] {dagbag.py:538} INFO - Filling up the DagBag from /home/airflow/.local/lib/python3.8/site-packages/airflow/example_dags/example_short_circuit_decorator.py
[2026-07-21T18:10:44.522+0000] {processor.py:840} INFO - DAG(s) 'example_short_circuit_decorator' retrieved from /home/airflow/.local/lib/python3.8/site-packages/airflow/example_dags/example_short_circuit_decorator.py
[2026-07-21T18:10:44.549+0000] {logging_mixin.py:188} INFO - [2026-07-21T18:10:44.548+0000] {dag.py:3036} INFO - Sync 1 DAGs
[2026-07-21T18:10:44.572+0000] {logging_mixin.py:188} INFO - [2026-07-21T18:10:44.572+0000] {dag.py:3823} INFO - Setting next_dagrun for example_short_circuit_decorator to 2026-07-20 00:00:00+00:00, run_after=2026-07-21 00:00:00+00:00
[2026-07-21T18:10:44.592+0000] {processor.py:183} INFO - Processing /home/airflow/.local/lib/python3.8/site-packages/airflow/example_dags/example_short_circuit_decorator.py took 0.087 seconds
[2026-07-21T18:11:14.956+0000] {processor.py:161} INFO - Started process (PID=336) to work on /home/airflow/.local/lib/python3.8/site-packages/airflow/example_dags/example_short_circuit_decorator.py
[2026-07-21T18:11:14.958+0000] {processor.py:830} INFO - Processing file /home/airflow/.local/lib/python3.8/site-packages/airflow/example_dags/example_short_circuit_decorator.py for tasks to queue
[2026-07-21T18:11:14.960+0000] {logging_mixin.py:188} INFO - [2026-07-21T18:11:14.959+0000] {dagbag.py:538} INFO - Filling up the DagBag from /home/airflow/.local/lib/python3.8/site-packages/airflow/example_dags/example_short_circuit_decorator.py
[2026-07-21T18:11:14.969+0000] {processor.py:840} INFO - DAG(s) 'example_short_circuit_decorator' retrieved from /home/airflow/.local/lib/python3.8/site-packages/airflow/example_dags/example_short_circuit_decorator.py
[2026-07-21T18:11:14.993+0000] {logging_mixin.py:188} INFO - [2026-07-21T18:11:14.993+0000] {dag.py:3036} INFO - Sync 1 DAGs
[2026-07-21T18:11:15.015+0000] {logging_mixin.py:188} INFO - [2026-07-21T18:11:15.014+0000] {dag.py:3823} INFO - Setting next_dagrun for example_short_circuit_decorator to 2026-07-20 00:00:00+00:00, run_after=2026-07-21 00:00:00+00:00
[2026-07-21T18:11:15.033+0000] {processor.py:183} INFO - Processing /home/airflow/.local/lib/python3.8/site-packages/airflow/example_dags/example_short_circuit_decorator.py took 0.081 seconds
[2026-07-21T18:11:45.472+0000] {processor.py:161} INFO - Started process (PID=392) to work on /home/airflow/.local/lib/python3.8/site-packages/airflow/example_dags/example_short_circuit_decorator.py
[2026-07-21T18:11:45.473+0000] {processor.py:830} INFO - Processing file /home/airflow/.local/lib/python3.8/site-packages/airflow/example_dags/example_short_circuit_decorator.py for tasks to queue
[2026-07-21T18:11:45.475+0000] {logging_mixin.py:188} INFO - [2026-07-21T18:11:45.475+0000] {dagbag.py:538} INFO - Filling up the DagBag from /home/airflow/.local/lib/python3.8/site-packages/airflow/example_dags/example_short_circuit_decorator.py
[2026-07-21T18:11:45.484+0000] {processor.py:840} INFO - DAG(s) 'example_short_circuit_decorator' retrieved from /home/airflow/.local/lib/python3.8/site-packages/airflow/example_dags/example_short_circuit_decorator.py
[2026-07-21T18:11:45.508+0000] {logging_mixin.py:188} INFO - [2026-07-21T18:11:45.508+0000] {dag.py:3036} INFO - Sync 1 DAGs
[2026-07-21T18:11:45.529+0000] {logging_mixin.py:188} INFO - [2026-07-21T18:11:45.529+0000] {dag.py:3823} INFO - Setting next_dagrun for example_short_circuit_decorator to 2026-07-20 00:00:00+00:00, run_after=2026-07-21 00:00:00+00:00
[2026-07-21T18:11:45.549+0000] {processor.py:183} INFO - Processing /home/airflow/.local/lib/python3.8/site-packages/airflow/example_dags/example_short_circuit_decorator.py took 0.082 seconds
[2026-07-21T18:12:16.070+0000] {processor.py:161} INFO - Started process (PID=448) to work on /home/airflow/.local/lib/python3.8/site-packages/airflow/example_dags/example_short_circuit_decorator.py
[2026-07-21T18:12:16.071+0000] {processor.py:830} INFO - Processing file /home/airflow/.local/lib/python3.8/site-packages/airflow/example_dags/example_short_circuit_decorator.py for tasks to queue
[2026-07-21T18:12:16.074+0000] {logging_mixin.py:188} INFO - [2026-07-21T18:12:16.073+0000] {dagbag.py:538} INFO - Filling up the DagBag from /home/airflow/.local/lib/python3.8/site-packages/airflow/example_dags/example_short_circuit_decorator.py
[2026-07-21T18:12:16.083+0000] {processor.py:840} INFO - DAG(s) 'example_short_circuit_decorator' retrieved from /home/airflow/.local/lib/python3.8/site-packages/airflow/example_dags/example_short_circuit_decorator.py
[2026-07-21T18:12:16.110+0000] {logging_mixin.py:188} INFO - [2026-07-21T18:12:16.109+0000] {dag.py:3036} INFO - Sync 1 DAGs
[2026-07-21T18:12:16.134+0000] {logging_mixin.py:188} INFO - [2026-07-21T18:12:16.133+0000] {dag.py:3823} INFO - Setting next_dagrun for example_short_circuit_decorator to 2026-07-20 00:00:00+00:00, run_after=2026-07-21 00:00:00+00:00
[2026-07-21T18:12:16.158+0000] {processor.py:183} INFO - Processing /home/airflow/.local/lib/python3.8/site-packages/airflow/example_dags/example_short_circuit_decorator.py took 0.092 seconds
[2026-07-21T18:12:46.998+0000] {processor.py:161} INFO - Started process (PID=504) to work on /home/airflow/.local/lib/python3.8/site-packages/airflow/example_dags/example_short_circuit_decorator.py
[2026-07-21T18:12:47.000+0000] {processor.py:830} INFO - Processing file /home/airflow/.local/lib/python3.8/site-packages/airflow/example_dags/example_short_circuit_decorator.py for tasks to queue
[2026-07-21T18:12:47.002+0000] {logging_mixin.py:188} INFO - [2026-07-21T18:12:47.001+0000] {dagbag.py:538} INFO - Filling up the DagBag from /home/airflow/.local/lib/python3.8/site-packages/airflow/example_dags/example_short_circuit_decorator.py
[2026-07-21T18:12:47.012+0000] {processor.py:840} INFO - DAG(s) 'example_short_circuit_decorator' retrieved from /home/airflow/.local/lib/python3.8/site-packages/airflow/example_dags/example_short_circuit_decorator.py
[2026-07-21T18:12:47.036+0000] {logging_mixin.py:188} INFO - [2026-07-21T18:12:47.035+0000] {dag.py:3036} INFO - Sync 1 DAGs
[2026-07-21T18:12:47.057+0000] {logging_mixin.py:188} INFO - [2026-07-21T18:12:47.057+0000] {dag.py:3823} INFO - Setting next_dagrun for example_short_circuit_decorator to 2026-07-20 00:00:00+00:00, run_after=2026-07-21 00:00:00+00:00
[2026-07-21T18:12:47.078+0000] {processor.py:183} INFO - Processing /home/airflow/.local/lib/python3.8/site-packages/airflow/example_dags/example_short_circuit_decorator.py took 0.083 seconds
[2026-07-21T18:13:17.650+0000] {processor.py:161} INFO - Started process (PID=560) to work on /home/airflow/.local/lib/python3.8/site-packages/airflow/example_dags/example_short_circuit_decorator.py
[2026-07-21T18:13:17.651+0000] {processor.py:830} INFO - Processing file /home/airflow/.local/lib/python3.8/site-packages/airflow/example_dags/example_short_circuit_decorator.py for tasks to queue
[2026-07-21T18:13:17.654+0000] {logging_mixin.py:188} INFO - [2026-07-21T18:13:17.653+0000] {dagbag.py:538} INFO - Filling up the DagBag from /home/airflow/.local/lib/python3.8/site-packages/airflow/example_dags/example_short_circuit_decorator.py
[2026-07-21T18:13:17.664+0000] {processor.py:840} INFO - DAG(s) 'example_short_circuit_decorator' retrieved from /home/airflow/.local/lib/python3.8/site-packages/airflow/example_dags/example_short_circuit_decorator.py
[2026-07-21T18:13:17.688+0000] {logging_mixin.py:188} INFO - [2026-07-21T18:13:17.688+0000] {dag.py:3036} INFO - Sync 1 DAGs
[2026-07-21T18:13:17.710+0000] {logging_mixin.py:188} INFO - [2026-07-21T18:13:17.709+0000] {dag.py:3823} INFO - Setting next_dagrun for example_short_circuit_decorator to 2026-07-20 00:00:00+00:00, run_after=2026-07-21 00:00:00+00:00
[2026-07-21T18:13:17.731+0000] {processor.py:183} INFO - Processing /home/airflow/.local/lib/python3.8/site-packages/airflow/example_dags/example_short_circuit_decorator.py took 0.085 seconds
[2026-07-21T18:13:48.214+0000] {processor.py:161} INFO - Started process (PID=616) to work on /home/airflow/.local/lib/python3.8/site-packages/airflow/example_dags/example_short_circuit_decorator.py
[2026-07-21T18:13:48.216+0000] {processor.py:830} INFO - Processing file /home/airflow/.local/lib/python3.8/site-packages/airflow/example_dags/example_short_circuit_decorator.py for tasks to queue
[2026-07-21T18:13:48.218+0000] {logging_mixin.py:188} INFO - [2026-07-21T18:13:48.217+0000] {dagbag.py:538} INFO - Filling up the DagBag from /home/airflow/.local/lib/python3.8/site-packages/airflow/example_dags/example_short_circuit_decorator.py
[2026-07-21T18:13:48.227+0000] {processor.py:840} INFO - DAG(s) 'example_short_circuit_decorator' retrieved from /home/airflow/.local/lib/python3.8/site-packages/airflow/example_dags/example_short_circuit_decorator.py
[2026-07-21T18:13:48.251+0000] {logging_mixin.py:188} INFO - [2026-07-21T18:13:48.251+0000] {dag.py:3036} INFO - Sync 1 DAGs
[2026-07-21T18:13:48.272+0000] {logging_mixin.py:188} INFO - [2026-07-21T18:13:48.272+0000] {dag.py:3823} INFO - Setting next_dagrun for example_short_circuit_decorator to 2026-07-20 00:00:00+00:00, run_after=2026-07-21 00:00:00+00:00
[2026-07-21T18:13:48.292+0000] {processor.py:183} INFO - Processing /home/airflow/.local/lib/python3.8/site-packages/airflow/example_dags/example_short_circuit_decorator.py took 0.083 seconds
[2026-07-21T18:14:19.197+0000] {processor.py:161} INFO - Started process (PID=672) to work on /home/airflow/.local/lib/python3.8/site-packages/airflow/example_dags/example_short_circuit_decorator.py
[2026-07-21T18:14:19.199+0000] {processor.py:830} INFO - Processing file /home/airflow/.local/lib/python3.8/site-packages/airflow/example_dags/example_short_circuit_decorator.py for tasks to queue
[2026-07-21T18:14:19.203+0000] {logging_mixin.py:188} INFO - [2026-07-21T18:14:19.202+0000] {dagbag.py:538} INFO - Filling up the DagBag from /home/airflow/.local/lib/python3.8/site-packages/airflow/example_dags/example_short_circuit_decorator.py
[2026-07-21T18:14:19.219+0000] {processor.py:840} INFO - DAG(s) 'example_short_circuit_decorator' retrieved from /home/airflow/.local/lib/python3.8/site-packages/airflow/example_dags/example_short_circuit_decorator.py
[2026-07-21T18:14:19.260+0000] {logging_mixin.py:188} INFO - [2026-07-21T18:14:19.259+0000] {dag.py:3036} INFO - Sync 1 DAGs
[2026-07-21T18:14:19.291+0000] {logging_mixin.py:188} INFO - [2026-07-21T18:14:19.291+0000] {dag.py:3823} INFO - Setting next_dagrun for example_short_circuit_decorator to 2026-07-20 00:00:00+00:00, run_after=2026-07-21 00:00:00+00:00
[2026-07-21T18:14:19.313+0000] {processor.py:183} INFO - Processing /home/airflow/.local/lib/python3.8/site-packages/airflow/example_dags/example_short_circuit_decorator.py took 0.124 seconds
[2026-07-21T18:14:50.249+0000] {processor.py:161} INFO - Started process (PID=729) to work on /home/airflow/.local/lib/python3.8/site-packages/airflow/example_dags/example_short_circuit_decorator.py
[2026-07-21T18:14:50.250+0000] {processor.py:830} INFO - Processing file /home/airflow/.local/lib/python3.8/site-packages/airflow/example_dags/example_short_circuit_decorator.py for tasks to queue
[2026-07-21T18:14:50.252+0000] {logging_mixin.py:188} INFO - [2026-07-21T18:14:50.252+0000] {dagbag.py:538} INFO - Filling up the DagBag from /home/airflow/.local/lib/python3.8/site-packages/airflow/example_dags/example_short_circuit_decorator.py
[2026-07-21T18:14:50.262+0000] {processor.py:840} INFO - DAG(s) 'example_short_circuit_decorator' retrieved from /home/airflow/.local/lib/python3.8/site-packages/airflow/example_dags/example_short_circuit_decorator.py
[2026-07-21T18:14:50.290+0000] {logging_mixin.py:188} INFO - [2026-07-21T18:14:50.290+0000] {dag.py:3036} INFO - Sync 1 DAGs
[2026-07-21T18:14:50.314+0000] {logging_mixin.py:188} INFO - [2026-07-21T18:14:50.314+0000] {dag.py:3823} INFO - Setting next_dagrun for example_short_circuit_decorator to 2026-07-20 00:00:00+00:00, run_after=2026-07-21 00:00:00+00:00
[2026-07-21T18:14:50.335+0000] {processor.py:183} INFO - Processing /home/airflow/.local/lib/python3.8/site-packages/airflow/example_dags/example_short_circuit_decorator.py took 0.090 seconds
[2026-07-21T18:15:21.047+0000] {processor.py:161} INFO - Started process (PID=785) to work on /home/airflow/.local/lib/python3.8/site-packages/airflow/example_dags/example_short_circuit_decorator.py
[2026-07-21T18:15:21.048+0000] {processor.py:830} INFO - Processing file /home/airflow/.local/lib/python3.8/site-packages/airflow/example_dags/example_short_circuit_decorator.py for tasks to queue
[2026-07-21T18:15:21.050+0000] {logging_mixin.py:188} INFO - [2026-07-21T18:15:21.050+0000] {dagbag.py:538} INFO - Filling up the DagBag from /home/airflow/.local/lib/python3.8/site-packages/airflow/example_dags/example_short_circuit_decorator.py
[2026-07-21T18:15:21.061+0000] {processor.py:840} INFO - DAG(s) 'example_short_circuit_decorator' retrieved from /home/airflow/.local/lib/python3.8/site-packages/airflow/example_dags/example_short_circuit_decorator.py
[2026-07-21T18:15:21.085+0000] {logging_mixin.py:188} INFO - [2026-07-21T18:15:21.085+0000] {dag.py:3036} INFO - Sync 1 DAGs
[2026-07-21T18:15:21.106+0000] {logging_mixin.py:188} INFO - [2026-07-21T18:15:21.106+0000] {dag.py:3823} INFO - Setting next_dagrun for example_short_circuit_decorator to 2026-07-20 00:00:00+00:00, run_after=2026-07-21 00:00:00+00:00
[2026-07-21T18:15:21.126+0000] {processor.py:183} INFO - Processing /home/airflow/.local/lib/python3.8/site-packages/airflow/example_dags/example_short_circuit_decorator.py took 0.083 seconds
[2026-07-21T18:15:51.840+0000] {processor.py:161} INFO - Started process (PID=841) to work on /home/airflow/.local/lib/python3.8/site-packages/airflow/example_dags/example_short_circuit_decorator.py
[2026-07-21T18:15:51.841+0000] {processor.py:830} INFO - Processing file /home/airflow/.local/lib/python3.8/site-packages/airflow/example_dags/example_short_circuit_decorator.py for tasks to queue
[2026-07-21T18:15:51.843+0000] {logging_mixin.py:188} INFO - [2026-07-21T18:15:51.843+0000] {dagbag.py:538} INFO - Filling up the DagBag from /home/airflow/.local/lib/python3.8/site-packages/airflow/example_dags/example_short_circuit_decorator.py
[2026-07-21T18:15:51.853+0000] {processor.py:840} INFO - DAG(s) 'example_short_circuit_decorator' retrieved from /home/airflow/.local/lib/python3.8/site-packages/airflow/example_dags/example_short_circuit_decorator.py
[2026-07-21T18:15:51.876+0000] {logging_mixin.py:188} INFO - [2026-07-21T18:15:51.876+0000] {dag.py:3036} INFO - Sync 1 DAGs
[2026-07-21T18:15:51.897+0000] {logging_mixin.py:188} INFO - [2026-07-21T18:15:51.897+0000] {dag.py:3823} INFO - Setting next_dagrun for example_short_circuit_decorator to 2026-07-20 00:00:00+00:00, run_after=2026-07-21 00:00:00+00:00
[2026-07-21T18:15:51.918+0000] {processor.py:183} INFO - Processing /home/airflow/.local/lib/python3.8/site-packages/airflow/example_dags/example_short_circuit_decorator.py took 0.082 seconds
[2026-07-21T18:16:22.554+0000] {processor.py:161} INFO - Started process (PID=897) to work on /home/airflow/.local/lib/python3.8/site-packages/airflow/example_dags/example_short_circuit_decorator.py
[2026-07-21T18:16:22.556+0000] {processor.py:830} INFO - Processing file /home/airflow/.local/lib/python3.8/site-packages/airflow/example_dags/example_short_circuit_decorator.py for tasks to queue
[2026-07-21T18:16:22.560+0000] {logging_mixin.py:188} INFO - [2026-07-21T18:16:22.559+0000] {dagbag.py:538} INFO - Filling up the DagBag from /home/airflow/.local/lib/python3.8/site-packages/airflow/example_dags/example_short_circuit_decorator.py
[2026-07-21T18:16:22.572+0000] {processor.py:840} INFO - DAG(s) 'example_short_circuit_decorator' retrieved from /home/airflow/.local/lib/python3.8/site-packages/airflow/example_dags/example_short_circuit_decorator.py
[2026-07-21T18:16:22.603+0000] {logging_mixin.py:188} INFO - [2026-07-21T18:16:22.603+0000] {dag.py:3036} INFO - Sync 1 DAGs
[2026-07-21T18:16:22.633+0000] {logging_mixin.py:188} INFO - [2026-07-21T18:16:22.633+0000] {dag.py:3823} INFO - Setting next_dagrun for example_short_circuit_decorator to 2026-07-20 00:00:00+00:00, run_after=2026-07-21 00:00:00+00:00
[2026-07-21T18:16:22.663+0000] {processor.py:183} INFO - Processing /home/airflow/.local/lib/python3.8/site-packages/airflow/example_dags/example_short_circuit_decorator.py took 0.113 seconds
[2026-07-21T18:16:52.832+0000] {processor.py:161} INFO - Started process (PID=953) to work on /home/airflow/.local/lib/python3.8/site-packages/airflow/example_dags/example_short_circuit_decorator.py
[2026-07-21T18:16:52.833+0000] {processor.py:830} INFO - Processing file /home/airflow/.local/lib/python3.8/site-packages/airflow/example_dags/example_short_circuit_decorator.py for tasks to queue
[2026-07-21T18:16:52.835+0000] {logging_mixin.py:188} INFO - [2026-07-21T18:16:52.835+0000] {dagbag.py:538} INFO - Filling up the DagBag from /home/airflow/.local/lib/python3.8/site-packages/airflow/example_dags/example_short_circuit_decorator.py
[2026-07-21T18:16:52.845+0000] {processor.py:840} INFO - DAG(s) 'example_short_circuit_decorator' retrieved from /home/airflow/.local/lib/python3.8/site-packages/airflow/example_dags/example_short_circuit_decorator.py
[2026-07-21T18:16:52.868+0000] {logging_mixin.py:188} INFO - [2026-07-21T18:16:52.868+0000] {dag.py:3036} INFO - Sync 1 DAGs
[2026-07-21T18:16:52.889+0000] {logging_mixin.py:188} INFO - [2026-07-21T18:16:52.888+0000] {dag.py:3823} INFO - Setting next_dagrun for example_short_circuit_decorator to 2026-07-20 00:00:00+00:00, run_after=2026-07-21 00:00:00+00:00
[2026-07-21T18:16:52.909+0000] {processor.py:183} INFO - Processing /home/airflow/.local/lib/python3.8/site-packages/airflow/example_dags/example_short_circuit_decorator.py took 0.082 seconds
[2026-07-21T18:17:23.051+0000] {processor.py:161} INFO - Started process (PID=1009) to work on /home/airflow/.local/lib/python3.8/site-packages/airflow/example_dags/example_short_circuit_decorator.py
[2026-07-21T18:17:23.053+0000] {processor.py:830} INFO - Processing file /home/airflow/.local/lib/python3.8/site-packages/airflow/example_dags/example_short_circuit_decorator.py for tasks to queue
[2026-07-21T18:17:23.055+0000] {logging_mixin.py:188} INFO - [2026-07-21T18:17:23.054+0000] {dagbag.py:538} INFO - Filling up the DagBag from /home/airflow/.local/lib/python3.8/site-packages/airflow/example_dags/example_short_circuit_decorator.py
[2026-07-21T18:17:23.064+0000] {processor.py:840} INFO - DAG(s) 'example_short_circuit_decorator' retrieved from /home/airflow/.local/lib/python3.8/site-packages/airflow/example_dags/example_short_circuit_decorator.py
[2026-07-21T18:17:23.088+0000] {logging_mixin.py:188} INFO - [2026-07-21T18:17:23.088+0000] {dag.py:3036} INFO - Sync 1 DAGs
[2026-07-21T18:17:23.119+0000] {logging_mixin.py:188} INFO - [2026-07-21T18:17:23.119+0000] {dag.py:3823} INFO - Setting next_dagrun for example_short_circuit_decorator to 2026-07-20 00:00:00+00:00, run_after=2026-07-21 00:00:00+00:00
[2026-07-21T18:17:23.145+0000] {processor.py:183} INFO - Processing /home/airflow/.local/lib/python3.8/site-packages/airflow/example_dags/example_short_circuit_decorator.py took 0.097 seconds
[2026-07-21T18:17:54.048+0000] {processor.py:161} INFO - Started process (PID=1065) to work on /home/airflow/.local/lib/python3.8/site-packages/airflow/example_dags/example_short_circuit_decorator.py
[2026-07-21T18:17:54.049+0000] {processor.py:830} INFO - Processing file /home/airflow/.local/lib/python3.8/site-packages/airflow/example_dags/example_short_circuit_decorator.py for tasks to queue
[2026-07-21T18:17:54.052+0000] {logging_mixin.py:188} INFO - [2026-07-21T18:17:54.051+0000] {dagbag.py:538} INFO - Filling up the DagBag from /home/airflow/.local/lib/python3.8/site-packages/airflow/example_dags/example_short_circuit_decorator.py
[2026-07-21T18:17:54.061+0000] {processor.py:840} INFO - DAG(s) 'example_short_circuit_decorator' retrieved from /home/airflow/.local/lib/python3.8/site-packages/airflow/example_dags/example_short_circuit_decorator.py
[2026-07-21T18:17:54.084+0000] {logging_mixin.py:188} INFO - [2026-07-21T18:17:54.084+0000] {dag.py:3036} INFO - Sync 1 DAGs
[2026-07-21T18:17:54.103+0000] {logging_mixin.py:188} INFO - [2026-07-21T18:17:54.103+0000] {dag.py:3823} INFO - Setting next_dagrun for example_short_circuit_decorator to 2026-07-20 00:00:00+00:00, run_after=2026-07-21 00:00:00+00:00
[2026-07-21T18:17:54.121+0000] {processor.py:183} INFO - Processing /home/airflow/.local/lib/python3.8/site-packages/airflow/example_dags/example_short_circuit_decorator.py took 0.077 seconds
[2026-07-21T18:18:24.964+0000] {processor.py:161} INFO - Started process (PID=1121) to work on /home/airflow/.local/lib/python3.8/site-packages/airflow/example_dags/example_short_circuit_decorator.py
[2026-07-21T18:18:24.966+0000] {processor.py:830} INFO - Processing file /home/airflow/.local/lib/python3.8/site-packages/airflow/example_dags/example_short_circuit_decorator.py for tasks to queue
[2026-07-21T18:18:24.968+0000] {logging_mixin.py:188} INFO - [2026-07-21T18:18:24.967+0000] {dagbag.py:538} INFO - Filling up the DagBag from /home/airflow/.local/lib/python3.8/site-packages/airflow/example_dags/example_short_circuit_decorator.py
[2026-07-21T18:18:24.977+0000] {processor.py:840} INFO - DAG(s) 'example_short_circuit_decorator' retrieved from /home/airflow/.local/lib/python3.8/site-packages/airflow/example_dags/example_short_circuit_decorator.py
[2026-07-21T18:18:25.002+0000] {logging_mixin.py:188} INFO - [2026-07-21T18:18:25.002+0000] {dag.py:3036} INFO - Sync 1 DAGs
[2026-07-21T18:18:25.026+0000] {logging_mixin.py:188} INFO - [2026-07-21T18:18:25.026+0000] {dag.py:3823} INFO - Setting next_dagrun for example_short_circuit_decorator to 2026-07-20 00:00:00+00:00, run_after=2026-07-21 00:00:00+00:00
[2026-07-21T18:18:25.046+0000] {processor.py:183} INFO - Processing /home/airflow/.local/lib/python3.8/site-packages/airflow/example_dags/example_short_circuit_decorator.py took 0.085 seconds
[2026-07-21T18:18:55.881+0000] {processor.py:161} INFO - Started process (PID=1177) to work on /home/airflow/.local/lib/python3.8/site-packages/airflow/example_dags/example_short_circuit_decorator.py
[2026-07-21T18:18:55.883+0000] {processor.py:830} INFO - Processing file /home/airflow/.local/lib/python3.8/site-packages/airflow/example_dags/example_short_circuit_decorator.py for tasks to queue
[2026-07-21T18:18:55.885+0000] {logging_mixin.py:188} INFO - [2026-07-21T18:18:55.885+0000] {dagbag.py:538} INFO - Filling up the DagBag from /home/airflow/.local/lib/python3.8/site-packages/airflow/example_dags/example_short_circuit_decorator.py
[2026-07-21T18:18:55.898+0000] {processor.py:840} INFO - DAG(s) 'example_short_circuit_decorator' retrieved from /home/airflow/.local/lib/python3.8/site-packages/airflow/example_dags/example_short_circuit_decorator.py
[2026-07-21T18:18:55.929+0000] {logging_mixin.py:188} INFO - [2026-07-21T18:18:55.928+0000] {dag.py:3036} INFO - Sync 1 DAGs
[2026-07-21T18:18:55.953+0000] {logging_mixin.py:188} INFO - [2026-07-21T18:18:55.953+0000] {dag.py:3823} INFO - Setting next_dagrun for example_short_circuit_decorator to 2026-07-20 00:00:00+00:00, run_after=2026-07-21 00:00:00+00:00
[2026-07-21T18:18:55.978+0000] {processor.py:183} INFO - Processing /home/airflow/.local/lib/python3.8/site-packages/airflow/example_dags/example_short_circuit_decorator.py took 0.104 seconds
[2026-07-21T18:19:26.544+0000] {processor.py:161} INFO - Started process (PID=1232) to work on /home/airflow/.local/lib/python3.8/site-packages/airflow/example_dags/example_short_circuit_decorator.py
[2026-07-21T18:19:26.545+0000] {processor.py:830} INFO - Processing file /home/airflow/.local/lib/python3.8/site-packages/airflow/example_dags/example_short_circuit_decorator.py for tasks to queue
[2026-07-21T18:19:26.547+0000] {logging_mixin.py:188} INFO - [2026-07-21T18:19:26.547+0000] {dagbag.py:538} INFO - Filling up the DagBag from /home/airflow/.local/lib/python3.8/site-packages/airflow/example_dags/example_short_circuit_decorator.py
[2026-07-21T18:19:26.556+0000] {processor.py:840} INFO - DAG(s) 'example_short_circuit_decorator' retrieved from /home/airflow/.local/lib/python3.8/site-packages/airflow/example_dags/example_short_circuit_decorator.py
[2026-07-21T18:19:26.578+0000] {logging_mixin.py:188} INFO - [2026-07-21T18:19:26.578+0000] {dag.py:3036} INFO - Sync 1 DAGs
[2026-07-21T18:19:26.597+0000] {logging_mixin.py:188} INFO - [2026-07-21T18:19:26.596+0000] {dag.py:3823} INFO - Setting next_dagrun for example_short_circuit_decorator to 2026-07-20 00:00:00+00:00, run_after=2026-07-21 00:00:00+00:00
[2026-07-21T18:19:26.615+0000] {processor.py:183} INFO - Processing /home/airflow/.local/lib/python3.8/site-packages/airflow/example_dags/example_short_circuit_decorator.py took 0.074 seconds
[2026-07-21T18:19:57.143+0000] {processor.py:161} INFO - Started process (PID=1289) to work on /home/airflow/.local/lib/python3.8/site-packages/airflow/example_dags/example_short_circuit_decorator.py
[2026-07-21T18:19:57.144+0000] {processor.py:830} INFO - Processing file /home/airflow/.local/lib/python3.8/site-packages/airflow/example_dags/example_short_circuit_decorator.py for tasks to queue
[2026-07-21T18:19:57.147+0000] {logging_mixin.py:188} INFO - [2026-07-21T18:19:57.146+0000] {dagbag.py:538} INFO - Filling up the DagBag from /home/airflow/.local/lib/python3.8/site-packages/airflow/example_dags/example_short_circuit_decorator.py
[2026-07-21T18:19:57.156+0000] {processor.py:840} INFO - DAG(s) 'example_short_circuit_decorator' retrieved from /home/airflow/.local/lib/python3.8/site-packages/airflow/example_dags/example_short_circuit_decorator.py
[2026-07-21T18:19:57.180+0000] {logging_mixin.py:188} INFO - [2026-07-21T18:19:57.180+0000] {dag.py:3036} INFO - Sync 1 DAGs
[2026-07-21T18:19:57.200+0000] {logging_mixin.py:188} INFO - [2026-07-21T18:19:57.200+0000] {dag.py:3823} INFO - Setting next_dagrun for example_short_circuit_decorator to 2026-07-20 00:00:00+00:00, run_after=2026-07-21 00:00:00+00:00
[2026-07-21T18:19:57.218+0000] {processor.py:183} INFO - Processing /home/airflow/.local/lib/python3.8/site-packages/airflow/example_dags/example_short_circuit_decorator.py took 0.078 seconds
[2026-07-21T18:20:27.768+0000] {processor.py:161} INFO - Started process (PID=1345) to work on /home/airflow/.local/lib/python3.8/site-packages/airflow/example_dags/example_short_circuit_decorator.py
[2026-07-21T18:20:27.769+0000] {processor.py:830} INFO - Processing file /home/airflow/.local/lib/python3.8/site-packages/airflow/example_dags/example_short_circuit_decorator.py for tasks to queue
[2026-07-21T18:20:27.771+0000] {logging_mixin.py:188} INFO - [2026-07-21T18:20:27.771+0000] {dagbag.py:538} INFO - Filling up the DagBag from /home/airflow/.local/lib/python3.8/site-packages/airflow/example_dags/example_short_circuit_decorator.py
[2026-07-21T18:20:27.781+0000] {processor.py:840} INFO - DAG(s) 'example_short_circuit_decorator' retrieved from /home/airflow/.local/lib/python3.8/site-packages/airflow/example_dags/example_short_circuit_decorator.py
[2026-07-21T18:20:27.805+0000] {logging_mixin.py:188} INFO - [2026-07-21T18:20:27.805+0000] {dag.py:3036} INFO - Sync 1 DAGs
[2026-07-21T18:20:27.827+0000] {logging_mixin.py:188} INFO - [2026-07-21T18:20:27.827+0000] {dag.py:3823} INFO - Setting next_dagrun for example_short_circuit_decorator to 2026-07-20 00:00:00+00:00, run_after=2026-07-21 00:00:00+00:00
[2026-07-21T18:20:27.848+0000] {processor.py:183} INFO - Processing /home/airflow/.local/lib/python3.8/site-packages/airflow/example_dags/example_short_circuit_decorator.py took 0.084 seconds
[2026-07-21T18:20:58.192+0000] {processor.py:161} INFO - Started process (PID=1401) to work on /home/airflow/.local/lib/python3.8/site-packages/airflow/example_dags/example_short_circuit_decorator.py
[2026-07-21T18:20:58.193+0000] {processor.py:830} INFO - Processing file /home/airflow/.local/lib/python3.8/site-packages/airflow/example_dags/example_short_circuit_decorator.py for tasks to queue
[2026-07-21T18:20:58.195+0000] {logging_mixin.py:188} INFO - [2026-07-21T18:20:58.195+0000] {dagbag.py:538} INFO - Filling up the DagBag from /home/airflow/.local/lib/python3.8/site-packages/airflow/example_dags/example_short_circuit_decorator.py
[2026-07-21T18:20:58.204+0000] {processor.py:840} INFO - DAG(s) 'example_short_circuit_decorator' retrieved from /home/airflow/.local/lib/python3.8/site-packages/airflow/example_dags/example_short_circuit_decorator.py
[2026-07-21T18:20:58.227+0000] {logging_mixin.py:188} INFO - [2026-07-21T18:20:58.227+0000] {dag.py:3036} INFO - Sync 1 DAGs
[2026-07-21T18:20:58.248+0000] {logging_mixin.py:188} INFO - [2026-07-21T18:20:58.248+0000] {dag.py:3823} INFO - Setting next_dagrun for example_short_circuit_decorator to 2026-07-20 00:00:00+00:00, run_after=2026-07-21 00:00:00+00:00
[2026-07-21T18:20:58.267+0000] {processor.py:183} INFO - Processing /home/airflow/.local/lib/python3.8/site-packages/airflow/example_dags/example_short_circuit_decorator.py took 0.079 seconds
[2026-07-21T18:21:29.170+0000] {processor.py:161} INFO - Started process (PID=1457) to work on /home/airflow/.local/lib/python3.8/site-packages/airflow/example_dags/example_short_circuit_decorator.py
[2026-07-21T18:21:29.171+0000] {processor.py:830} INFO - Processing file /home/airflow/.local/lib/python3.8/site-packages/airflow/example_dags/example_short_circuit_decorator.py for tasks to queue
[2026-07-21T18:21:29.173+0000] {logging_mixin.py:188} INFO - [2026-07-21T18:21:29.173+0000] {dagbag.py:538} INFO - Filling up the DagBag from /home/airflow/.local/lib/python3.8/site-packages/airflow/example_dags/example_short_circuit_decorator.py
[2026-07-21T18:21:29.183+0000] {processor.py:840} INFO - DAG(s) 'example_short_circuit_decorator' retrieved from /home/airflow/.local/lib/python3.8/site-packages/airflow/example_dags/example_short_circuit_decorator.py
[2026-07-21T18:21:29.208+0000] {logging_mixin.py:188} INFO - [2026-07-21T18:21:29.208+0000] {dag.py:3036} INFO - Sync 1 DAGs
[2026-07-21T18:21:29.229+0000] {logging_mixin.py:188} INFO - [2026-07-21T18:21:29.229+0000] {dag.py:3823} INFO - Setting next_dagrun for example_short_circuit_decorator to 2026-07-20 00:00:00+00:00, run_after=2026-07-21 00:00:00+00:00
[2026-07-21T18:21:29.395+0000] {processor.py:183} INFO - Processing /home/airflow/.local/lib/python3.8/site-packages/airflow/example_dags/example_short_circuit_decorator.py took 0.229 seconds
[2026-07-21T18:21:59.649+0000] {processor.py:161} INFO - Started process (PID=1513) to work on /home/airflow/.local/lib/python3.8/site-packages/airflow/example_dags/example_short_circuit_decorator.py
[2026-07-21T18:21:59.650+0000] {processor.py:830} INFO - Processing file /home/airflow/.local/lib/python3.8/site-packages/airflow/example_dags/example_short_circuit_decorator.py for tasks to queue
[2026-07-21T18:21:59.653+0000] {logging_mixin.py:188} INFO - [2026-07-21T18:21:59.652+0000] {dagbag.py:538} INFO - Filling up the DagBag from /home/airflow/.local/lib/python3.8/site-packages/airflow/example_dags/example_short_circuit_decorator.py
[2026-07-21T18:21:59.662+0000] {processor.py:840} INFO - DAG(s) 'example_short_circuit_decorator' retrieved from /home/airflow/.local/lib/python3.8/site-packages/airflow/example_dags/example_short_circuit_decorator.py
[2026-07-21T18:21:59.689+0000] {logging_mixin.py:188} INFO - [2026-07-21T18:21:59.689+0000] {dag.py:3036} INFO - Sync 1 DAGs
[2026-07-21T18:21:59.713+0000] {logging_mixin.py:188} INFO - [2026-07-21T18:21:59.713+0000] {dag.py:3823} INFO - Setting next_dagrun for example_short_circuit_decorator to 2026-07-20 00:00:00+00:00, run_after=2026-07-21 00:00:00+00:00
[2026-07-21T18:21:59.737+0000] {processor.py:183} INFO - Processing /home/airflow/.local/lib/python3.8/site-packages/airflow/example_dags/example_short_circuit_decorator.py took 0.091 seconds
[2026-07-21T18:22:30.383+0000] {processor.py:161} INFO - Started process (PID=1569) to work on /home/airflow/.local/lib/python3.8/site-packages/airflow/example_dags/example_short_circuit_decorator.py
[2026-07-21T18:22:30.385+0000] {processor.py:830} INFO - Processing file /home/airflow/.local/lib/python3.8/site-packages/airflow/example_dags/example_short_circuit_decorator.py for tasks to queue
[2026-07-21T18:22:30.387+0000] {logging_mixin.py:188} INFO - [2026-07-21T18:22:30.387+0000] {dagbag.py:538} INFO - Filling up the DagBag from /home/airflow/.local/lib/python3.8/site-packages/airflow/example_dags/example_short_circuit_decorator.py
[2026-07-21T18:22:30.397+0000] {processor.py:840} INFO - DAG(s) 'example_short_circuit_decorator' retrieved from /home/airflow/.local/lib/python3.8/site-packages/airflow/example_dags/example_short_circuit_decorator.py
[2026-07-21T18:22:30.425+0000] {logging_mixin.py:188} INFO - [2026-07-21T18:22:30.424+0000] {dag.py:3036} INFO - Sync 1 DAGs
[2026-07-21T18:22:30.447+0000] {logging_mixin.py:188} INFO - [2026-07-21T18:22:30.447+0000] {dag.py:3823} INFO - Setting next_dagrun for example_short_circuit_decorator to 2026-07-20 00:00:00+00:00, run_after=2026-07-21 00:00:00+00:00
[2026-07-21T18:22:30.468+0000] {processor.py:183} INFO - Processing /home/airflow/.local/lib/python3.8/site-packages/airflow/example_dags/example_short_circuit_decorator.py took 0.088 seconds
[2026-07-21T18:23:01.803+0000] {processor.py:161} INFO - Started process (PID=1625) to work on /home/airflow/.local/lib/python3.8/site-packages/airflow/example_dags/example_short_circuit_decorator.py
[2026-07-21T18:23:01.804+0000] {processor.py:830} INFO - Processing file /home/airflow/.local/lib/python3.8/site-packages/airflow/example_dags/example_short_circuit_decorator.py for tasks to queue
[2026-07-21T18:23:01.806+0000] {logging_mixin.py:188} INFO - [2026-07-21T18:23:01.806+0000] {dagbag.py:538} INFO - Filling up the DagBag from /home/airflow/.local/lib/python3.8/site-packages/airflow/example_dags/example_short_circuit_decorator.py
[2026-07-21T18:23:01.816+0000] {processor.py:840} INFO - DAG(s) 'example_short_circuit_decorator' retrieved from /home/airflow/.local/lib/python3.8/site-packages/airflow/example_dags/example_short_circuit_decorator.py
[2026-07-21T18:23:01.839+0000] {logging_mixin.py:188} INFO - [2026-07-21T18:23:01.839+0000] {dag.py:3036} INFO - Sync 1 DAGs
[2026-07-21T18:23:01.859+0000] {logging_mixin.py:188} INFO - [2026-07-21T18:23:01.859+0000] {dag.py:3823} INFO - Setting next_dagrun for example_short_circuit_decorator to 2026-07-20 00:00:00+00:00, run_after=2026-07-21 00:00:00+00:00
[2026-07-21T18:23:01.881+0000] {processor.py:183} INFO - Processing /home/airflow/.local/lib/python3.8/site-packages/airflow/example_dags/example_short_circuit_decorator.py took 0.082 seconds
[2026-07-21T18:23:33.001+0000] {processor.py:161} INFO - Started process (PID=1681) to work on /home/airflow/.local/lib/python3.8/site-packages/airflow/example_dags/example_short_circuit_decorator.py
[2026-07-21T18:23:33.002+0000] {processor.py:830} INFO - Processing file /home/airflow/.local/lib/python3.8/site-packages/airflow/example_dags/example_short_circuit_decorator.py for tasks to queue
[2026-07-21T18:23:33.004+0000] {logging_mixin.py:188} INFO - [2026-07-21T18:23:33.004+0000] {dagbag.py:538} INFO - Filling up the DagBag from /home/airflow/.local/lib/python3.8/site-packages/airflow/example_dags/example_short_circuit_decorator.py
[2026-07-21T18:23:33.014+0000] {processor.py:840} INFO - DAG(s) 'example_short_circuit_decorator' retrieved from /home/airflow/.local/lib/python3.8/site-packages/airflow/example_dags/example_short_circuit_decorator.py
[2026-07-21T18:23:33.038+0000] {logging_mixin.py:188} INFO - [2026-07-21T18:23:33.038+0000] {dag.py:3036} INFO - Sync 1 DAGs
[2026-07-21T18:23:33.215+0000] {logging_mixin.py:188} INFO - [2026-07-21T18:23:33.215+0000] {dag.py:3823} INFO - Setting next_dagrun for example_short_circuit_decorator to 2026-07-20 00:00:00+00:00, run_after=2026-07-21 00:00:00+00:00
[2026-07-21T18:23:33.235+0000] {processor.py:183} INFO - Processing /home/airflow/.local/lib/python3.8/site-packages/airflow/example_dags/example_short_circuit_decorator.py took 0.238 seconds
[2026-07-21T18:24:03.584+0000] {processor.py:161} INFO - Started process (PID=1737) to work on /home/airflow/.local/lib/python3.8/site-packages/airflow/example_dags/example_short_circuit_decorator.py
[2026-07-21T18:24:03.586+0000] {processor.py:830} INFO - Processing file /home/airflow/.local/lib/python3.8/site-packages/airflow/example_dags/example_short_circuit_decorator.py for tasks to queue
[2026-07-21T18:24:03.589+0000] {logging_mixin.py:188} INFO - [2026-07-21T18:24:03.589+0000] {dagbag.py:538} INFO - Filling up the DagBag from /home/airflow/.local/lib/python3.8/site-packages/airflow/example_dags/example_short_circuit_decorator.py
[2026-07-21T18:24:03.604+0000] {processor.py:840} INFO - DAG(s) 'example_short_circuit_decorator' retrieved from /home/airflow/.local/lib/python3.8/site-packages/airflow/example_dags/example_short_circuit_decorator.py
[2026-07-21T18:24:03.634+0000] {logging_mixin.py:188} INFO - [2026-07-21T18:24:03.634+0000] {dag.py:3036} INFO - Sync 1 DAGs
[2026-07-21T18:24:03.665+0000] {logging_mixin.py:188} INFO - [2026-07-21T18:24:03.665+0000] {dag.py:3823} INFO - Setting next_dagrun for example_short_circuit_decorator to 2026-07-20 00:00:00+00:00, run_after=2026-07-21 00:00:00+00:00
[2026-07-21T18:24:03.691+0000] {processor.py:183} INFO - Processing /home/airflow/.local/lib/python3.8/site-packages/airflow/example_dags/example_short_circuit_decorator.py took 0.112 seconds
[2026-07-21T18:24:33.958+0000] {processor.py:161} INFO - Started process (PID=1793) to work on /home/airflow/.local/lib/python3.8/site-packages/airflow/example_dags/example_short_circuit_decorator.py
[2026-07-21T18:24:33.959+0000] {processor.py:830} INFO - Processing file /home/airflow/.local/lib/python3.8/site-packages/airflow/example_dags/example_short_circuit_decorator.py for tasks to queue
[2026-07-21T18:24:33.961+0000] {logging_mixin.py:188} INFO - [2026-07-21T18:24:33.961+0000] {dagbag.py:538} INFO - Filling up the DagBag from /home/airflow/.local/lib/python3.8/site-packages/airflow/example_dags/example_short_circuit_decorator.py
[2026-07-21T18:24:33.972+0000] {processor.py:840} INFO - DAG(s) 'example_short_circuit_decorator' retrieved from /home/airflow/.local/lib/python3.8/site-packages/airflow/example_dags/example_short_circuit_decorator.py
[2026-07-21T18:24:34.001+0000] {logging_mixin.py:188} INFO - [2026-07-21T18:24:34.001+0000] {dag.py:3036} INFO - Sync 1 DAGs
[2026-07-21T18:24:34.028+0000] {logging_mixin.py:188} INFO - [2026-07-21T18:24:34.027+0000] {dag.py:3823} INFO - Setting next_dagrun for example_short_circuit_decorator to 2026-07-20 00:00:00+00:00, run_after=2026-07-21 00:00:00+00:00
[2026-07-21T18:24:34.053+0000] {processor.py:183} INFO - Processing /home/airflow/.local/lib/python3.8/site-packages/airflow/example_dags/example_short_circuit_decorator.py took 0.100 seconds
[2026-07-21T18:25:04.212+0000] {processor.py:161} INFO - Started process (PID=1849) to work on /home/airflow/.local/lib/python3.8/site-packages/airflow/example_dags/example_short_circuit_decorator.py
[2026-07-21T18:25:04.213+0000] {processor.py:830} INFO - Processing file /home/airflow/.local/lib/python3.8/site-packages/airflow/example_dags/example_short_circuit_decorator.py for tasks to queue
[2026-07-21T18:25:04.215+0000] {logging_mixin.py:188} INFO - [2026-07-21T18:25:04.215+0000] {dagbag.py:538} INFO - Filling up the DagBag from /home/airflow/.local/lib/python3.8/site-packages/airflow/example_dags/example_short_circuit_decorator.py
[2026-07-21T18:25:04.226+0000] {processor.py:840} INFO - DAG(s) 'example_short_circuit_decorator' retrieved from /home/airflow/.local/lib/python3.8/site-packages/airflow/example_dags/example_short_circuit_decorator.py
[2026-07-21T18:25:04.254+0000] {logging_mixin.py:188} INFO - [2026-07-21T18:25:04.253+0000] {dag.py:3036} INFO - Sync 1 DAGs
[2026-07-21T18:25:04.276+0000] {logging_mixin.py:188} INFO - [2026-07-21T18:25:04.276+0000] {dag.py:3823} INFO - Setting next_dagrun for example_short_circuit_decorator to 2026-07-20 00:00:00+00:00, run_after=2026-07-21 00:00:00+00:00
[2026-07-21T18:25:04.299+0000] {processor.py:183} INFO - Processing /home/airflow/.local/lib/python3.8/site-packages/airflow/example_dags/example_short_circuit_decorator.py took 0.091 seconds
[2026-07-21T18:25:35.422+0000] {processor.py:161} INFO - Started process (PID=1905) to work on /home/airflow/.local/lib/python3.8/site-packages/airflow/example_dags/example_short_circuit_decorator.py
[2026-07-21T18:25:35.423+0000] {processor.py:830} INFO - Processing file /home/airflow/.local/lib/python3.8/site-packages/airflow/example_dags/example_short_circuit_decorator.py for tasks to queue
[2026-07-21T18:25:35.425+0000] {logging_mixin.py:188} INFO - [2026-07-21T18:25:35.425+0000] {dagbag.py:538} INFO - Filling up the DagBag from /home/airflow/.local/lib/python3.8/site-packages/airflow/example_dags/example_short_circuit_decorator.py
[2026-07-21T18:25:35.436+0000] {processor.py:840} INFO - DAG(s) 'example_short_circuit_decorator' retrieved from /home/airflow/.local/lib/python3.8/site-packages/airflow/example_dags/example_short_circuit_decorator.py
[2026-07-21T18:25:35.465+0000] {logging_mixin.py:188} INFO - [2026-07-21T18:25:35.465+0000] {dag.py:3036} INFO - Sync 1 DAGs
[2026-07-21T18:25:35.491+0000] {logging_mixin.py:188} INFO - [2026-07-21T18:25:35.490+0000] {dag.py:3823} INFO - Setting next_dagrun for example_short_circuit_decorator to 2026-07-20 00:00:00+00:00, run_after=2026-07-21 00:00:00+00:00
[2026-07-21T18:25:35.511+0000] {processor.py:183} INFO - Processing /home/airflow/.local/lib/python3.8/site-packages/airflow/example_dags/example_short_circuit_decorator.py took 0.093 seconds
[2026-07-21T18:26:06.132+0000] {processor.py:161} INFO - Started process (PID=1961) to work on /home/airflow/.local/lib/python3.8/site-packages/airflow/example_dags/example_short_circuit_decorator.py
[2026-07-21T18:26:06.133+0000] {processor.py:830} INFO - Processing file /home/airflow/.local/lib/python3.8/site-packages/airflow/example_dags/example_short_circuit_decorator.py for tasks to queue
[2026-07-21T18:26:06.136+0000] {logging_mixin.py:188} INFO - [2026-07-21T18:26:06.136+0000] {dagbag.py:538} INFO - Filling up the DagBag from /home/airflow/.local/lib/python3.8/site-packages/airflow/example_dags/example_short_circuit_decorator.py
[2026-07-21T18:26:06.147+0000] {processor.py:840} INFO - DAG(s) 'example_short_circuit_decorator' retrieved from /home/airflow/.local/lib/python3.8/site-packages/airflow/example_dags/example_short_circuit_decorator.py
[2026-07-21T18:26:06.174+0000] {logging_mixin.py:188} INFO - [2026-07-21T18:26:06.174+0000] {dag.py:3036} INFO - Sync 1 DAGs
[2026-07-21T18:26:06.197+0000] {logging_mixin.py:188} INFO - [2026-07-21T18:26:06.197+0000] {dag.py:3823} INFO - Setting next_dagrun for example_short_circuit_decorator to 2026-07-20 00:00:00+00:00, run_after=2026-07-21 00:00:00+00:00
[2026-07-21T18:26:06.218+0000] {processor.py:183} INFO - Processing /home/airflow/.local/lib/python3.8/site-packages/airflow/example_dags/example_short_circuit_decorator.py took 0.090 seconds
[2026-07-21T18:26:36.825+0000] {processor.py:161} INFO - Started process (PID=2017) to work on /home/airflow/.local/lib/python3.8/site-packages/airflow/example_dags/example_short_circuit_decorator.py
[2026-07-21T18:26:36.827+0000] {processor.py:830} INFO - Processing file /home/airflow/.local/lib/python3.8/site-packages/airflow/example_dags/example_short_circuit_decorator.py for tasks to queue
[2026-07-21T18:26:36.829+0000] {logging_mixin.py:188} INFO - [2026-07-21T18:26:36.829+0000] {dagbag.py:538} INFO - Filling up the DagBag from /home/airflow/.local/lib/python3.8/site-packages/airflow/example_dags/example_short_circuit_decorator.py
[2026-07-21T18:26:36.839+0000] {processor.py:840} INFO - DAG(s) 'example_short_circuit_decorator' retrieved from /home/airflow/.local/lib/python3.8/site-packages/airflow/example_dags/example_short_circuit_decorator.py
[2026-07-21T18:26:36.865+0000] {logging_mixin.py:188} INFO - [2026-07-21T18:26:36.865+0000] {dag.py:3036} INFO - Sync 1 DAGs
[2026-07-21T18:26:36.887+0000] {logging_mixin.py:188} INFO - [2026-07-21T18:26:36.887+0000] {dag.py:3823} INFO - Setting next_dagrun for example_short_circuit_decorator to 2026-07-20 00:00:00+00:00, run_after=2026-07-21 00:00:00+00:00
[2026-07-21T18:26:36.908+0000] {processor.py:183} INFO - Processing /home/airflow/.local/lib/python3.8/site-packages/airflow/example_dags/example_short_circuit_decorator.py took 0.087 seconds
[2026-07-21T18:27:07.202+0000] {processor.py:161} INFO - Started process (PID=2073) to work on /home/airflow/.local/lib/python3.8/site-packages/airflow/example_dags/example_short_circuit_decorator.py
[2026-07-21T18:27:07.204+0000] {processor.py:830} INFO - Processing file /home/airflow/.local/lib/python3.8/site-packages/airflow/example_dags/example_short_circuit_decorator.py for tasks to queue
[2026-07-21T18:27:07.206+0000] {logging_mixin.py:188} INFO - [2026-07-21T18:27:07.205+0000] {dagbag.py:538} INFO - Filling up the DagBag from /home/airflow/.local/lib/python3.8/site-packages/airflow/example_dags/example_short_circuit_decorator.py
[2026-07-21T18:27:07.216+0000] {processor.py:840} INFO - DAG(s) 'example_short_circuit_decorator' retrieved from /home/airflow/.local/lib/python3.8/site-packages/airflow/example_dags/example_short_circuit_decorator.py
[2026-07-21T18:27:07.243+0000] {logging_mixin.py:188} INFO - [2026-07-21T18:27:07.243+0000] {dag.py:3036} INFO - Sync 1 DAGs
[2026-07-21T18:27:07.274+0000] {logging_mixin.py:188} INFO - [2026-07-21T18:27:07.274+0000] {dag.py:3823} INFO - Setting next_dagrun for example_short_circuit_decorator to 2026-07-20 00:00:00+00:00, run_after=2026-07-21 00:00:00+00:00
[2026-07-21T18:27:07.298+0000] {processor.py:183} INFO - Processing /home/airflow/.local/lib/python3.8/site-packages/airflow/example_dags/example_short_circuit_decorator.py took 0.099 seconds
[2026-07-21T18:27:37.893+0000] {processor.py:161} INFO - Started process (PID=2129) to work on /home/airflow/.local/lib/python3.8/site-packages/airflow/example_dags/example_short_circuit_decorator.py
[2026-07-21T18:27:37.894+0000] {processor.py:830} INFO - Processing file /home/airflow/.local/lib/python3.8/site-packages/airflow/example_dags/example_short_circuit_decorator.py for tasks to queue
[2026-07-21T18:27:37.896+0000] {logging_mixin.py:188} INFO - [2026-07-21T18:27:37.896+0000] {dagbag.py:538} INFO - Filling up the DagBag from /home/airflow/.local/lib/python3.8/site-packages/airflow/example_dags/example_short_circuit_decorator.py
[2026-07-21T18:27:37.905+0000] {processor.py:840} INFO - DAG(s) 'example_short_circuit_decorator' retrieved from /home/airflow/.local/lib/python3.8/site-packages/airflow/example_dags/example_short_circuit_decorator.py
[2026-07-21T18:27:37.930+0000] {logging_mixin.py:188} INFO - [2026-07-21T18:27:37.929+0000] {dag.py:3036} INFO - Sync 1 DAGs
[2026-07-21T18:27:37.949+0000] {logging_mixin.py:188} INFO - [2026-07-21T18:27:37.949+0000] {dag.py:3823} INFO - Setting next_dagrun for example_short_circuit_decorator to 2026-07-20 00:00:00+00:00, run_after=2026-07-21 00:00:00+00:00
[2026-07-21T18:27:37.969+0000] {processor.py:183} INFO - Processing /home/airflow/.local/lib/python3.8/site-packages/airflow/example_dags/example_short_circuit_decorator.py took 0.080 seconds
[2026-07-21T18:28:08.514+0000] {processor.py:161} INFO - Started process (PID=2185) to work on /home/airflow/.local/lib/python3.8/site-packages/airflow/example_dags/example_short_circuit_decorator.py
[2026-07-21T18:28:08.515+0000] {processor.py:830} INFO - Processing file /home/airflow/.local/lib/python3.8/site-packages/airflow/example_dags/example_short_circuit_decorator.py for tasks to queue
[2026-07-21T18:28:08.517+0000] {logging_mixin.py:188} INFO - [2026-07-21T18:28:08.517+0000] {dagbag.py:538} INFO - Filling up the DagBag from /home/airflow/.local/lib/python3.8/site-packages/airflow/example_dags/example_short_circuit_decorator.py
[2026-07-21T18:28:08.527+0000] {processor.py:840} INFO - DAG(s) 'example_short_circuit_decorator' retrieved from /home/airflow/.local/lib/python3.8/site-packages/airflow/example_dags/example_short_circuit_decorator.py
[2026-07-21T18:28:08.551+0000] {logging_mixin.py:188} INFO - [2026-07-21T18:28:08.551+0000] {dag.py:3036} INFO - Sync 1 DAGs
[2026-07-21T18:28:08.572+0000] {logging_mixin.py:188} INFO - [2026-07-21T18:28:08.571+0000] {dag.py:3823} INFO - Setting next_dagrun for example_short_circuit_decorator to 2026-07-20 00:00:00+00:00, run_after=2026-07-21 00:00:00+00:00
[2026-07-21T18:28:08.591+0000] {processor.py:183} INFO - Processing /home/airflow/.local/lib/python3.8/site-packages/airflow/example_dags/example_short_circuit_decorator.py took 0.081 seconds
[2026-07-21T18:28:38.875+0000] {processor.py:161} INFO - Started process (PID=2241) to work on /home/airflow/.local/lib/python3.8/site-packages/airflow/example_dags/example_short_circuit_decorator.py
[2026-07-21T18:28:38.877+0000] {processor.py:830} INFO - Processing file /home/airflow/.local/lib/python3.8/site-packages/airflow/example_dags/example_short_circuit_decorator.py for tasks to queue
[2026-07-21T18:28:38.879+0000] {logging_mixin.py:188} INFO - [2026-07-21T18:28:38.878+0000] {dagbag.py:538} INFO - Filling up the DagBag from /home/airflow/.local/lib/python3.8/site-packages/airflow/example_dags/example_short_circuit_decorator.py
[2026-07-21T18:28:38.888+0000] {processor.py:840} INFO - DAG(s) 'example_short_circuit_decorator' retrieved from /home/airflow/.local/lib/python3.8/site-packages/airflow/example_dags/example_short_circuit_decorator.py
[2026-07-21T18:28:38.911+0000] {logging_mixin.py:188} INFO - [2026-07-21T18:28:38.911+0000] {dag.py:3036} INFO - Sync 1 DAGs
[2026-07-21T18:28:38.932+0000] {logging_mixin.py:188} INFO - [2026-07-21T18:28:38.931+0000] {dag.py:3823} INFO - Setting next_dagrun for example_short_circuit_decorator to 2026-07-20 00:00:00+00:00, run_after=2026-07-21 00:00:00+00:00
[2026-07-21T18:28:38.950+0000] {processor.py:183} INFO - Processing /home/airflow/.local/lib/python3.8/site-packages/airflow/example_dags/example_short_circuit_decorator.py took 0.079 seconds
[2026-07-21T18:29:09.071+0000] {processor.py:161} INFO - Started process (PID=2297) to work on /home/airflow/.local/lib/python3.8/site-packages/airflow/example_dags/example_short_circuit_decorator.py
[2026-07-21T18:29:09.072+0000] {processor.py:830} INFO - Processing file /home/airflow/.local/lib/python3.8/site-packages/airflow/example_dags/example_short_circuit_decorator.py for tasks to queue
[2026-07-21T18:29:09.074+0000] {logging_mixin.py:188} INFO - [2026-07-21T18:29:09.074+0000] {dagbag.py:538} INFO - Filling up the DagBag from /home/airflow/.local/lib/python3.8/site-packages/airflow/example_dags/example_short_circuit_decorator.py
[2026-07-21T18:29:09.084+0000] {processor.py:840} INFO - DAG(s) 'example_short_circuit_decorator' retrieved from /home/airflow/.local/lib/python3.8/site-packages/airflow/example_dags/example_short_circuit_decorator.py
[2026-07-21T18:29:09.107+0000] {logging_mixin.py:188} INFO - [2026-07-21T18:29:09.107+0000] {dag.py:3036} INFO - Sync 1 DAGs
[2026-07-21T18:29:09.127+0000] {logging_mixin.py:188} INFO - [2026-07-21T18:29:09.127+0000] {dag.py:3823} INFO - Setting next_dagrun for example_short_circuit_decorator to 2026-07-20 00:00:00+00:00, run_after=2026-07-21 00:00:00+00:00
[2026-07-21T18:29:09.147+0000] {processor.py:183} INFO - Processing /home/airflow/.local/lib/python3.8/site-packages/airflow/example_dags/example_short_circuit_decorator.py took 0.080 seconds
[2026-07-21T18:29:39.799+0000] {processor.py:161} INFO - Started process (PID=2353) to work on /home/airflow/.local/lib/python3.8/site-packages/airflow/example_dags/example_short_circuit_decorator.py
[2026-07-21T18:29:39.800+0000] {processor.py:830} INFO - Processing file /home/airflow/.local/lib/python3.8/site-packages/airflow/example_dags/example_short_circuit_decorator.py for tasks to queue
[2026-07-21T18:29:39.802+0000] {logging_mixin.py:188} INFO - [2026-07-21T18:29:39.802+0000] {dagbag.py:538} INFO - Filling up the DagBag from /home/airflow/.local/lib/python3.8/site-packages/airflow/example_dags/example_short_circuit_decorator.py
[2026-07-21T18:29:39.814+0000] {processor.py:840} INFO - DAG(s) 'example_short_circuit_decorator' retrieved from /home/airflow/.local/lib/python3.8/site-packages/airflow/example_dags/example_short_circuit_decorator.py
[2026-07-21T18:29:39.841+0000] {logging_mixin.py:188} INFO - [2026-07-21T18:29:39.840+0000] {dag.py:3036} INFO - Sync 1 DAGs
[2026-07-21T18:29:39.864+0000] {logging_mixin.py:188} INFO - [2026-07-21T18:29:39.863+0000] {dag.py:3823} INFO - Setting next_dagrun for example_short_circuit_decorator to 2026-07-20 00:00:00+00:00, run_after=2026-07-21 00:00:00+00:00
[2026-07-21T18:29:39.889+0000] {processor.py:183} INFO - Processing /home/airflow/.local/lib/python3.8/site-packages/airflow/example_dags/example_short_circuit_decorator.py took 0.094 seconds
[2026-07-21T18:30:10.252+0000] {processor.py:161} INFO - Started process (PID=2409) to work on /home/airflow/.local/lib/python3.8/site-packages/airflow/example_dags/example_short_circuit_decorator.py
[2026-07-21T18:30:10.253+0000] {processor.py:830} INFO - Processing file /home/airflow/.local/lib/python3.8/site-packages/airflow/example_dags/example_short_circuit_decorator.py for tasks to queue
[2026-07-21T18:30:10.255+0000] {logging_mixin.py:188} INFO - [2026-07-21T18:30:10.255+0000] {dagbag.py:538} INFO - Filling up the DagBag from /home/airflow/.local/lib/python3.8/site-packages/airflow/example_dags/example_short_circuit_decorator.py
[2026-07-21T18:30:10.265+0000] {processor.py:840} INFO - DAG(s) 'example_short_circuit_decorator' retrieved from /home/airflow/.local/lib/python3.8/site-packages/airflow/example_dags/example_short_circuit_decorator.py
[2026-07-21T18:30:10.289+0000] {logging_mixin.py:188} INFO - [2026-07-21T18:30:10.289+0000] {dag.py:3036} INFO - Sync 1 DAGs
[2026-07-21T18:30:10.311+0000] {logging_mixin.py:188} INFO - [2026-07-21T18:30:10.311+0000] {dag.py:3823} INFO - Setting next_dagrun for example_short_circuit_decorator to 2026-07-20 00:00:00+00:00, run_after=2026-07-21 00:00:00+00:00
[2026-07-21T18:30:10.331+0000] {processor.py:183} INFO - Processing /home/airflow/.local/lib/python3.8/site-packages/airflow/example_dags/example_short_circuit_decorator.py took 0.083 seconds
[2026-07-21T18:30:40.527+0000] {processor.py:161} INFO - Started process (PID=2465) to work on /home/airflow/.local/lib/python3.8/site-packages/airflow/example_dags/example_short_circuit_decorator.py
[2026-07-21T18:30:40.528+0000] {processor.py:830} INFO - Processing file /home/airflow/.local/lib/python3.8/site-packages/airflow/example_dags/example_short_circuit_decorator.py for tasks to queue
[2026-07-21T18:30:40.530+0000] {logging_mixin.py:188} INFO - [2026-07-21T18:30:40.530+0000] {dagbag.py:538} INFO - Filling up the DagBag from /home/airflow/.local/lib/python3.8/site-packages/airflow/example_dags/example_short_circuit_decorator.py
[2026-07-21T18:30:40.540+0000] {processor.py:840} INFO - DAG(s) 'example_short_circuit_decorator' retrieved from /home/airflow/.local/lib/python3.8/site-packages/airflow/example_dags/example_short_circuit_decorator.py
[2026-07-21T18:30:40.564+0000] {logging_mixin.py:188} INFO - [2026-07-21T18:30:40.564+0000] {dag.py:3036} INFO - Sync 1 DAGs
[2026-07-21T18:30:40.585+0000] {logging_mixin.py:188} INFO - [2026-07-21T18:30:40.585+0000] {dag.py:3823} INFO - Setting next_dagrun for example_short_circuit_decorator to 2026-07-20 00:00:00+00:00, run_after=2026-07-21 00:00:00+00:00
[2026-07-21T18:30:40.606+0000] {processor.py:183} INFO - Processing /home/airflow/.local/lib/python3.8/site-packages/airflow/example_dags/example_short_circuit_decorator.py took 0.082 seconds
[2026-07-21T18:31:10.954+0000] {processor.py:161} INFO - Started process (PID=2521) to work on /home/airflow/.local/lib/python3.8/site-packages/airflow/example_dags/example_short_circuit_decorator.py
[2026-07-21T18:31:10.955+0000] {processor.py:830} INFO - Processing file /home/airflow/.local/lib/python3.8/site-packages/airflow/example_dags/example_short_circuit_decorator.py for tasks to queue
[2026-07-21T18:31:10.958+0000] {logging_mixin.py:188} INFO - [2026-07-21T18:31:10.957+0000] {dagbag.py:538} INFO - Filling up the DagBag from /home/airflow/.local/lib/python3.8/site-packages/airflow/example_dags/example_short_circuit_decorator.py
[2026-07-21T18:31:10.968+0000] {processor.py:840} INFO - DAG(s) 'example_short_circuit_decorator' retrieved from /home/airflow/.local/lib/python3.8/site-packages/airflow/example_dags/example_short_circuit_decorator.py
[2026-07-21T18:31:11.010+0000] {logging_mixin.py:188} INFO - [2026-07-21T18:31:11.010+0000] {dag.py:3036} INFO - Sync 1 DAGs
[2026-07-21T18:31:11.049+0000] {logging_mixin.py:188} INFO - [2026-07-21T18:31:11.049+0000] {dag.py:3823} INFO - Setting next_dagrun for example_short_circuit_decorator to 2026-07-20 00:00:00+00:00, run_after=2026-07-21 00:00:00+00:00
[2026-07-21T18:31:11.078+0000] {processor.py:183} INFO - Processing /home/airflow/.local/lib/python3.8/site-packages/airflow/example_dags/example_short_circuit_decorator.py took 0.129 seconds
[2026-07-21T18:34:12.775+0000] {processor.py:161} INFO - Started process (PID=74) to work on /home/airflow/.local/lib/python3.10/site-packages/airflow/example_dags/example_short_circuit_decorator.py
[2026-07-21T18:34:12.784+0000] {processor.py:830} INFO - Processing file /home/airflow/.local/lib/python3.10/site-packages/airflow/example_dags/example_short_circuit_decorator.py for tasks to queue
[2026-07-21T18:34:12.796+0000] {logging_mixin.py:188} INFO - [2026-07-21T18:34:12.795+0000] {dagbag.py:538} INFO - Filling up the DagBag from /home/airflow/.local/lib/python3.10/site-packages/airflow/example_dags/example_short_circuit_decorator.py
[2026-07-21T18:34:12.872+0000] {processor.py:840} INFO - DAG(s) 'example_short_circuit_decorator' retrieved from /home/airflow/.local/lib/python3.10/site-packages/airflow/example_dags/example_short_circuit_decorator.py
[2026-07-21T18:34:12.940+0000] {logging_mixin.py:188} INFO - [2026-07-21T18:34:12.940+0000] {dag.py:3036} INFO - Sync 1 DAGs
[2026-07-21T18:34:12.993+0000] {logging_mixin.py:188} INFO - [2026-07-21T18:34:12.992+0000] {dag.py:3823} INFO - Setting next_dagrun for example_short_circuit_decorator to 2026-07-20 00:00:00+00:00, run_after=2026-07-21 00:00:00+00:00
[2026-07-21T18:34:13.035+0000] {processor.py:183} INFO - Processing /home/airflow/.local/lib/python3.10/site-packages/airflow/example_dags/example_short_circuit_decorator.py took 0.272 seconds
[2026-07-21T18:34:43.729+0000] {processor.py:161} INFO - Started process (PID=130) to work on /home/airflow/.local/lib/python3.10/site-packages/airflow/example_dags/example_short_circuit_decorator.py
[2026-07-21T18:34:43.730+0000] {processor.py:830} INFO - Processing file /home/airflow/.local/lib/python3.10/site-packages/airflow/example_dags/example_short_circuit_decorator.py for tasks to queue
[2026-07-21T18:34:43.733+0000] {logging_mixin.py:188} INFO - [2026-07-21T18:34:43.732+0000] {dagbag.py:538} INFO - Filling up the DagBag from /home/airflow/.local/lib/python3.10/site-packages/airflow/example_dags/example_short_circuit_decorator.py
[2026-07-21T18:34:43.744+0000] {processor.py:840} INFO - DAG(s) 'example_short_circuit_decorator' retrieved from /home/airflow/.local/lib/python3.10/site-packages/airflow/example_dags/example_short_circuit_decorator.py
[2026-07-21T18:34:43.841+0000] {logging_mixin.py:188} INFO - [2026-07-21T18:34:43.841+0000] {dag.py:3036} INFO - Sync 1 DAGs
[2026-07-21T18:34:43.859+0000] {logging_mixin.py:188} INFO - [2026-07-21T18:34:43.859+0000] {dag.py:3823} INFO - Setting next_dagrun for example_short_circuit_decorator to 2026-07-20 00:00:00+00:00, run_after=2026-07-21 00:00:00+00:00
[2026-07-21T18:34:43.877+0000] {processor.py:183} INFO - Processing /home/airflow/.local/lib/python3.10/site-packages/airflow/example_dags/example_short_circuit_decorator.py took 0.153 seconds
[2026-07-21T18:35:14.130+0000] {processor.py:161} INFO - Started process (PID=186) to work on /home/airflow/.local/lib/python3.10/site-packages/airflow/example_dags/example_short_circuit_decorator.py
[2026-07-21T18:35:14.132+0000] {processor.py:830} INFO - Processing file /home/airflow/.local/lib/python3.10/site-packages/airflow/example_dags/example_short_circuit_decorator.py for tasks to queue
[2026-07-21T18:35:14.137+0000] {logging_mixin.py:188} INFO - [2026-07-21T18:35:14.136+0000] {dagbag.py:538} INFO - Filling up the DagBag from /home/airflow/.local/lib/python3.10/site-packages/airflow/example_dags/example_short_circuit_decorator.py
[2026-07-21T18:35:14.149+0000] {processor.py:840} INFO - DAG(s) 'example_short_circuit_decorator' retrieved from /home/airflow/.local/lib/python3.10/site-packages/airflow/example_dags/example_short_circuit_decorator.py
[2026-07-21T18:35:14.181+0000] {logging_mixin.py:188} INFO - [2026-07-21T18:35:14.180+0000] {dag.py:3036} INFO - Sync 1 DAGs
[2026-07-21T18:35:14.206+0000] {logging_mixin.py:188} INFO - [2026-07-21T18:35:14.206+0000] {dag.py:3823} INFO - Setting next_dagrun for example_short_circuit_decorator to 2026-07-20 00:00:00+00:00, run_after=2026-07-21 00:00:00+00:00
[2026-07-21T18:35:14.226+0000] {processor.py:183} INFO - Processing /home/airflow/.local/lib/python3.10/site-packages/airflow/example_dags/example_short_circuit_decorator.py took 0.099 seconds
[2026-07-21T18:35:44.307+0000] {processor.py:161} INFO - Started process (PID=242) to work on /home/airflow/.local/lib/python3.10/site-packages/airflow/example_dags/example_short_circuit_decorator.py
[2026-07-21T18:35:44.309+0000] {processor.py:830} INFO - Processing file /home/airflow/.local/lib/python3.10/site-packages/airflow/example_dags/example_short_circuit_decorator.py for tasks to queue
[2026-07-21T18:35:44.311+0000] {logging_mixin.py:188} INFO - [2026-07-21T18:35:44.311+0000] {dagbag.py:538} INFO - Filling up the DagBag from /home/airflow/.local/lib/python3.10/site-packages/airflow/example_dags/example_short_circuit_decorator.py
[2026-07-21T18:35:44.322+0000] {processor.py:840} INFO - DAG(s) 'example_short_circuit_decorator' retrieved from /home/airflow/.local/lib/python3.10/site-packages/airflow/example_dags/example_short_circuit_decorator.py
[2026-07-21T18:35:44.348+0000] {logging_mixin.py:188} INFO - [2026-07-21T18:35:44.348+0000] {dag.py:3036} INFO - Sync 1 DAGs
[2026-07-21T18:35:44.374+0000] {logging_mixin.py:188} INFO - [2026-07-21T18:35:44.374+0000] {dag.py:3823} INFO - Setting next_dagrun for example_short_circuit_decorator to 2026-07-20 00:00:00+00:00, run_after=2026-07-21 00:00:00+00:00
[2026-07-21T18:35:44.394+0000] {processor.py:183} INFO - Processing /home/airflow/.local/lib/python3.10/site-packages/airflow/example_dags/example_short_circuit_decorator.py took 0.091 seconds
[2026-07-21T18:36:14.896+0000] {processor.py:161} INFO - Started process (PID=298) to work on /home/airflow/.local/lib/python3.10/site-packages/airflow/example_dags/example_short_circuit_decorator.py
[2026-07-21T18:36:14.898+0000] {processor.py:830} INFO - Processing file /home/airflow/.local/lib/python3.10/site-packages/airflow/example_dags/example_short_circuit_decorator.py for tasks to queue
[2026-07-21T18:36:14.901+0000] {logging_mixin.py:188} INFO - [2026-07-21T18:36:14.900+0000] {dagbag.py:538} INFO - Filling up the DagBag from /home/airflow/.local/lib/python3.10/site-packages/airflow/example_dags/example_short_circuit_decorator.py
[2026-07-21T18:36:14.911+0000] {processor.py:840} INFO - DAG(s) 'example_short_circuit_decorator' retrieved from /home/airflow/.local/lib/python3.10/site-packages/airflow/example_dags/example_short_circuit_decorator.py
[2026-07-21T18:36:14.935+0000] {logging_mixin.py:188} INFO - [2026-07-21T18:36:14.935+0000] {dag.py:3036} INFO - Sync 1 DAGs
[2026-07-21T18:36:14.954+0000] {logging_mixin.py:188} INFO - [2026-07-21T18:36:14.954+0000] {dag.py:3823} INFO - Setting next_dagrun for example_short_circuit_decorator to 2026-07-20 00:00:00+00:00, run_after=2026-07-21 00:00:00+00:00
[2026-07-21T18:36:14.973+0000] {processor.py:183} INFO - Processing /home/airflow/.local/lib/python3.10/site-packages/airflow/example_dags/example_short_circuit_decorator.py took 0.082 seconds
[2026-07-21T18:36:45.275+0000] {processor.py:161} INFO - Started process (PID=354) to work on /home/airflow/.local/lib/python3.10/site-packages/airflow/example_dags/example_short_circuit_decorator.py
[2026-07-21T18:36:45.276+0000] {processor.py:830} INFO - Processing file /home/airflow/.local/lib/python3.10/site-packages/airflow/example_dags/example_short_circuit_decorator.py for tasks to queue
[2026-07-21T18:36:45.279+0000] {logging_mixin.py:188} INFO - [2026-07-21T18:36:45.278+0000] {dagbag.py:538} INFO - Filling up the DagBag from /home/airflow/.local/lib/python3.10/site-packages/airflow/example_dags/example_short_circuit_decorator.py
[2026-07-21T18:36:45.288+0000] {processor.py:840} INFO - DAG(s) 'example_short_circuit_decorator' retrieved from /home/airflow/.local/lib/python3.10/site-packages/airflow/example_dags/example_short_circuit_decorator.py
[2026-07-21T18:36:45.310+0000] {logging_mixin.py:188} INFO - [2026-07-21T18:36:45.310+0000] {dag.py:3036} INFO - Sync 1 DAGs
[2026-07-21T18:36:45.329+0000] {logging_mixin.py:188} INFO - [2026-07-21T18:36:45.328+0000] {dag.py:3823} INFO - Setting next_dagrun for example_short_circuit_decorator to 2026-07-20 00:00:00+00:00, run_after=2026-07-21 00:00:00+00:00
[2026-07-21T18:36:45.346+0000] {processor.py:183} INFO - Processing /home/airflow/.local/lib/python3.10/site-packages/airflow/example_dags/example_short_circuit_decorator.py took 0.074 seconds
[2026-07-21T18:37:15.580+0000] {processor.py:161} INFO - Started process (PID=410) to work on /home/airflow/.local/lib/python3.10/site-packages/airflow/example_dags/example_short_circuit_decorator.py
[2026-07-21T18:37:15.581+0000] {processor.py:830} INFO - Processing file /home/airflow/.local/lib/python3.10/site-packages/airflow/example_dags/example_short_circuit_decorator.py for tasks to queue
[2026-07-21T18:37:15.583+0000] {logging_mixin.py:188} INFO - [2026-07-21T18:37:15.583+0000] {dagbag.py:538} INFO - Filling up the DagBag from /home/airflow/.local/lib/python3.10/site-packages/airflow/example_dags/example_short_circuit_decorator.py
[2026-07-21T18:37:15.593+0000] {processor.py:840} INFO - DAG(s) 'example_short_circuit_decorator' retrieved from /home/airflow/.local/lib/python3.10/site-packages/airflow/example_dags/example_short_circuit_decorator.py
[2026-07-21T18:37:15.618+0000] {logging_mixin.py:188} INFO - [2026-07-21T18:37:15.618+0000] {dag.py:3036} INFO - Sync 1 DAGs
[2026-07-21T18:37:15.641+0000] {logging_mixin.py:188} INFO - [2026-07-21T18:37:15.641+0000] {dag.py:3823} INFO - Setting next_dagrun for example_short_circuit_decorator to 2026-07-20 00:00:00+00:00, run_after=2026-07-21 00:00:00+00:00
[2026-07-21T18:37:15.660+0000] {processor.py:183} INFO - Processing /home/airflow/.local/lib/python3.10/site-packages/airflow/example_dags/example_short_circuit_decorator.py took 0.084 seconds
[2026-07-21T18:37:45.864+0000] {processor.py:161} INFO - Started process (PID=466) to work on /home/airflow/.local/lib/python3.10/site-packages/airflow/example_dags/example_short_circuit_decorator.py
[2026-07-21T18:37:45.865+0000] {processor.py:830} INFO - Processing file /home/airflow/.local/lib/python3.10/site-packages/airflow/example_dags/example_short_circuit_decorator.py for tasks to queue
[2026-07-21T18:37:45.867+0000] {logging_mixin.py:188} INFO - [2026-07-21T18:37:45.867+0000] {dagbag.py:538} INFO - Filling up the DagBag from /home/airflow/.local/lib/python3.10/site-packages/airflow/example_dags/example_short_circuit_decorator.py
[2026-07-21T18:37:45.876+0000] {processor.py:840} INFO - DAG(s) 'example_short_circuit_decorator' retrieved from /home/airflow/.local/lib/python3.10/site-packages/airflow/example_dags/example_short_circuit_decorator.py
[2026-07-21T18:37:45.898+0000] {logging_mixin.py:188} INFO - [2026-07-21T18:37:45.898+0000] {dag.py:3036} INFO - Sync 1 DAGs
[2026-07-21T18:37:45.917+0000] {logging_mixin.py:188} INFO - [2026-07-21T18:37:45.917+0000] {dag.py:3823} INFO - Setting next_dagrun for example_short_circuit_decorator to 2026-07-20 00:00:00+00:00, run_after=2026-07-21 00:00:00+00:00
[2026-07-21T18:37:45.934+0000] {processor.py:183} INFO - Processing /home/airflow/.local/lib/python3.10/site-packages/airflow/example_dags/example_short_circuit_decorator.py took 0.075 seconds
[2026-07-21T18:38:16.472+0000] {processor.py:161} INFO - Started process (PID=522) to work on /home/airflow/.local/lib/python3.10/site-packages/airflow/example_dags/example_short_circuit_decorator.py
[2026-07-21T18:38:16.473+0000] {processor.py:830} INFO - Processing file /home/airflow/.local/lib/python3.10/site-packages/airflow/example_dags/example_short_circuit_decorator.py for tasks to queue
[2026-07-21T18:38:16.475+0000] {logging_mixin.py:188} INFO - [2026-07-21T18:38:16.474+0000] {dagbag.py:538} INFO - Filling up the DagBag from /home/airflow/.local/lib/python3.10/site-packages/airflow/example_dags/example_short_circuit_decorator.py
[2026-07-21T18:38:16.484+0000] {processor.py:840} INFO - DAG(s) 'example_short_circuit_decorator' retrieved from /home/airflow/.local/lib/python3.10/site-packages/airflow/example_dags/example_short_circuit_decorator.py
[2026-07-21T18:38:16.507+0000] {logging_mixin.py:188} INFO - [2026-07-21T18:38:16.507+0000] {dag.py:3036} INFO - Sync 1 DAGs
[2026-07-21T18:38:16.526+0000] {logging_mixin.py:188} INFO - [2026-07-21T18:38:16.526+0000] {dag.py:3823} INFO - Setting next_dagrun for example_short_circuit_decorator to 2026-07-20 00:00:00+00:00, run_after=2026-07-21 00:00:00+00:00
[2026-07-21T18:38:16.544+0000] {processor.py:183} INFO - Processing /home/airflow/.local/lib/python3.10/site-packages/airflow/example_dags/example_short_circuit_decorator.py took 0.076 seconds
[2026-07-21T18:38:46.885+0000] {processor.py:161} INFO - Started process (PID=578) to work on /home/airflow/.local/lib/python3.10/site-packages/airflow/example_dags/example_short_circuit_decorator.py
[2026-07-21T18:38:46.887+0000] {processor.py:830} INFO - Processing file /home/airflow/.local/lib/python3.10/site-packages/airflow/example_dags/example_short_circuit_decorator.py for tasks to queue
[2026-07-21T18:38:46.889+0000] {logging_mixin.py:188} INFO - [2026-07-21T18:38:46.888+0000] {dagbag.py:538} INFO - Filling up the DagBag from /home/airflow/.local/lib/python3.10/site-packages/airflow/example_dags/example_short_circuit_decorator.py
[2026-07-21T18:38:46.898+0000] {processor.py:840} INFO - DAG(s) 'example_short_circuit_decorator' retrieved from /home/airflow/.local/lib/python3.10/site-packages/airflow/example_dags/example_short_circuit_decorator.py
[2026-07-21T18:38:46.922+0000] {logging_mixin.py:188} INFO - [2026-07-21T18:38:46.921+0000] {dag.py:3036} INFO - Sync 1 DAGs
[2026-07-21T18:38:46.943+0000] {logging_mixin.py:188} INFO - [2026-07-21T18:38:46.942+0000] {dag.py:3823} INFO - Setting next_dagrun for example_short_circuit_decorator to 2026-07-20 00:00:00+00:00, run_after=2026-07-21 00:00:00+00:00
[2026-07-21T18:38:46.960+0000] {processor.py:183} INFO - Processing /home/airflow/.local/lib/python3.10/site-packages/airflow/example_dags/example_short_circuit_decorator.py took 0.078 seconds
[2026-07-21T18:39:17.181+0000] {processor.py:161} INFO - Started process (PID=634) to work on /home/airflow/.local/lib/python3.10/site-packages/airflow/example_dags/example_short_circuit_decorator.py
[2026-07-21T18:39:17.182+0000] {processor.py:830} INFO - Processing file /home/airflow/.local/lib/python3.10/site-packages/airflow/example_dags/example_short_circuit_decorator.py for tasks to queue
[2026-07-21T18:39:17.184+0000] {logging_mixin.py:188} INFO - [2026-07-21T18:39:17.184+0000] {dagbag.py:538} INFO - Filling up the DagBag from /home/airflow/.local/lib/python3.10/site-packages/airflow/example_dags/example_short_circuit_decorator.py
[2026-07-21T18:39:17.193+0000] {processor.py:840} INFO - DAG(s) 'example_short_circuit_decorator' retrieved from /home/airflow/.local/lib/python3.10/site-packages/airflow/example_dags/example_short_circuit_decorator.py
[2026-07-21T18:39:17.215+0000] {logging_mixin.py:188} INFO - [2026-07-21T18:39:17.215+0000] {dag.py:3036} INFO - Sync 1 DAGs
[2026-07-21T18:39:17.235+0000] {logging_mixin.py:188} INFO - [2026-07-21T18:39:17.235+0000] {dag.py:3823} INFO - Setting next_dagrun for example_short_circuit_decorator to 2026-07-20 00:00:00+00:00, run_after=2026-07-21 00:00:00+00:00
[2026-07-21T18:39:17.252+0000] {processor.py:183} INFO - Processing /home/airflow/.local/lib/python3.10/site-packages/airflow/example_dags/example_short_circuit_decorator.py took 0.076 seconds
[2026-07-21T18:39:47.396+0000] {processor.py:161} INFO - Started process (PID=690) to work on /home/airflow/.local/lib/python3.10/site-packages/airflow/example_dags/example_short_circuit_decorator.py
[2026-07-21T18:39:47.397+0000] {processor.py:830} INFO - Processing file /home/airflow/.local/lib/python3.10/site-packages/airflow/example_dags/example_short_circuit_decorator.py for tasks to queue
[2026-07-21T18:39:47.399+0000] {logging_mixin.py:188} INFO - [2026-07-21T18:39:47.399+0000] {dagbag.py:538} INFO - Filling up the DagBag from /home/airflow/.local/lib/python3.10/site-packages/airflow/example_dags/example_short_circuit_decorator.py
[2026-07-21T18:39:47.408+0000] {processor.py:840} INFO - DAG(s) 'example_short_circuit_decorator' retrieved from /home/airflow/.local/lib/python3.10/site-packages/airflow/example_dags/example_short_circuit_decorator.py
[2026-07-21T18:39:47.431+0000] {logging_mixin.py:188} INFO - [2026-07-21T18:39:47.430+0000] {dag.py:3036} INFO - Sync 1 DAGs
[2026-07-21T18:39:47.449+0000] {logging_mixin.py:188} INFO - [2026-07-21T18:39:47.448+0000] {dag.py:3823} INFO - Setting next_dagrun for example_short_circuit_decorator to 2026-07-20 00:00:00+00:00, run_after=2026-07-21 00:00:00+00:00
[2026-07-21T18:39:47.466+0000] {processor.py:183} INFO - Processing /home/airflow/.local/lib/python3.10/site-packages/airflow/example_dags/example_short_circuit_decorator.py took 0.074 seconds
[2026-07-21T18:40:17.975+0000] {processor.py:161} INFO - Started process (PID=746) to work on /home/airflow/.local/lib/python3.10/site-packages/airflow/example_dags/example_short_circuit_decorator.py
[2026-07-21T18:40:17.976+0000] {processor.py:830} INFO - Processing file /home/airflow/.local/lib/python3.10/site-packages/airflow/example_dags/example_short_circuit_decorator.py for tasks to queue
[2026-07-21T18:40:17.979+0000] {logging_mixin.py:188} INFO - [2026-07-21T18:40:17.979+0000] {dagbag.py:538} INFO - Filling up the DagBag from /home/airflow/.local/lib/python3.10/site-packages/airflow/example_dags/example_short_circuit_decorator.py
[2026-07-21T18:40:17.989+0000] {processor.py:840} INFO - DAG(s) 'example_short_circuit_decorator' retrieved from /home/airflow/.local/lib/python3.10/site-packages/airflow/example_dags/example_short_circuit_decorator.py
[2026-07-21T18:40:18.013+0000] {logging_mixin.py:188} INFO - [2026-07-21T18:40:18.012+0000] {dag.py:3036} INFO - Sync 1 DAGs
[2026-07-21T18:40:18.033+0000] {logging_mixin.py:188} INFO - [2026-07-21T18:40:18.033+0000] {dag.py:3823} INFO - Setting next_dagrun for example_short_circuit_decorator to 2026-07-20 00:00:00+00:00, run_after=2026-07-21 00:00:00+00:00
[2026-07-21T18:40:18.051+0000] {processor.py:183} INFO - Processing /home/airflow/.local/lib/python3.10/site-packages/airflow/example_dags/example_short_circuit_decorator.py took 0.081 seconds
[2026-07-21T18:40:48.349+0000] {processor.py:161} INFO - Started process (PID=802) to work on /home/airflow/.local/lib/python3.10/site-packages/airflow/example_dags/example_short_circuit_decorator.py
[2026-07-21T18:40:48.351+0000] {processor.py:830} INFO - Processing file /home/airflow/.local/lib/python3.10/site-packages/airflow/example_dags/example_short_circuit_decorator.py for tasks to queue
[2026-07-21T18:40:48.353+0000] {logging_mixin.py:188} INFO - [2026-07-21T18:40:48.353+0000] {dagbag.py:538} INFO - Filling up the DagBag from /home/airflow/.local/lib/python3.10/site-packages/airflow/example_dags/example_short_circuit_decorator.py
[2026-07-21T18:40:48.362+0000] {processor.py:840} INFO - DAG(s) 'example_short_circuit_decorator' retrieved from /home/airflow/.local/lib/python3.10/site-packages/airflow/example_dags/example_short_circuit_decorator.py
[2026-07-21T18:40:48.385+0000] {logging_mixin.py:188} INFO - [2026-07-21T18:40:48.385+0000] {dag.py:3036} INFO - Sync 1 DAGs
[2026-07-21T18:40:48.406+0000] {logging_mixin.py:188} INFO - [2026-07-21T18:40:48.406+0000] {dag.py:3823} INFO - Setting next_dagrun for example_short_circuit_decorator to 2026-07-20 00:00:00+00:00, run_after=2026-07-21 00:00:00+00:00
[2026-07-21T18:40:48.426+0000] {processor.py:183} INFO - Processing /home/airflow/.local/lib/python3.10/site-packages/airflow/example_dags/example_short_circuit_decorator.py took 0.081 seconds
[2026-07-21T18:41:18.581+0000] {processor.py:161} INFO - Started process (PID=858) to work on /home/airflow/.local/lib/python3.10/site-packages/airflow/example_dags/example_short_circuit_decorator.py
[2026-07-21T18:41:18.583+0000] {processor.py:830} INFO - Processing file /home/airflow/.local/lib/python3.10/site-packages/airflow/example_dags/example_short_circuit_decorator.py for tasks to queue
[2026-07-21T18:41:18.585+0000] {logging_mixin.py:188} INFO - [2026-07-21T18:41:18.585+0000] {dagbag.py:538} INFO - Filling up the DagBag from /home/airflow/.local/lib/python3.10/site-packages/airflow/example_dags/example_short_circuit_decorator.py
[2026-07-21T18:41:18.594+0000] {processor.py:840} INFO - DAG(s) 'example_short_circuit_decorator' retrieved from /home/airflow/.local/lib/python3.10/site-packages/airflow/example_dags/example_short_circuit_decorator.py
[2026-07-21T18:41:18.617+0000] {logging_mixin.py:188} INFO - [2026-07-21T18:41:18.617+0000] {dag.py:3036} INFO - Sync 1 DAGs
[2026-07-21T18:41:18.648+0000] {logging_mixin.py:188} INFO - [2026-07-21T18:41:18.648+0000] {dag.py:3823} INFO - Setting next_dagrun for example_short_circuit_decorator to 2026-07-20 00:00:00+00:00, run_after=2026-07-21 00:00:00+00:00
[2026-07-21T18:41:18.666+0000] {processor.py:183} INFO - Processing /home/airflow/.local/lib/python3.10/site-packages/airflow/example_dags/example_short_circuit_decorator.py took 0.089 seconds
[2026-07-21T18:41:48.871+0000] {processor.py:161} INFO - Started process (PID=914) to work on /home/airflow/.local/lib/python3.10/site-packages/airflow/example_dags/example_short_circuit_decorator.py
[2026-07-21T18:41:48.872+0000] {processor.py:830} INFO - Processing file /home/airflow/.local/lib/python3.10/site-packages/airflow/example_dags/example_short_circuit_decorator.py for tasks to queue
[2026-07-21T18:41:48.874+0000] {logging_mixin.py:188} INFO - [2026-07-21T18:41:48.874+0000] {dagbag.py:538} INFO - Filling up the DagBag from /home/airflow/.local/lib/python3.10/site-packages/airflow/example_dags/example_short_circuit_decorator.py
[2026-07-21T18:41:48.886+0000] {processor.py:840} INFO - DAG(s) 'example_short_circuit_decorator' retrieved from /home/airflow/.local/lib/python3.10/site-packages/airflow/example_dags/example_short_circuit_decorator.py
[2026-07-21T18:41:48.910+0000] {logging_mixin.py:188} INFO - [2026-07-21T18:41:48.910+0000] {dag.py:3036} INFO - Sync 1 DAGs
[2026-07-21T18:41:48.929+0000] {logging_mixin.py:188} INFO - [2026-07-21T18:41:48.929+0000] {dag.py:3823} INFO - Setting next_dagrun for example_short_circuit_decorator to 2026-07-20 00:00:00+00:00, run_after=2026-07-21 00:00:00+00:00
[2026-07-21T18:41:48.949+0000] {processor.py:183} INFO - Processing /home/airflow/.local/lib/python3.10/site-packages/airflow/example_dags/example_short_circuit_decorator.py took 0.082 seconds
[2026-07-21T18:42:19.119+0000] {processor.py:161} INFO - Started process (PID=970) to work on /home/airflow/.local/lib/python3.10/site-packages/airflow/example_dags/example_short_circuit_decorator.py
[2026-07-21T18:42:19.121+0000] {processor.py:830} INFO - Processing file /home/airflow/.local/lib/python3.10/site-packages/airflow/example_dags/example_short_circuit_decorator.py for tasks to queue
[2026-07-21T18:42:19.123+0000] {logging_mixin.py:188} INFO - [2026-07-21T18:42:19.123+0000] {dagbag.py:538} INFO - Filling up the DagBag from /home/airflow/.local/lib/python3.10/site-packages/airflow/example_dags/example_short_circuit_decorator.py
[2026-07-21T18:42:19.132+0000] {processor.py:840} INFO - DAG(s) 'example_short_circuit_decorator' retrieved from /home/airflow/.local/lib/python3.10/site-packages/airflow/example_dags/example_short_circuit_decorator.py
[2026-07-21T18:42:19.157+0000] {logging_mixin.py:188} INFO - [2026-07-21T18:42:19.157+0000] {dag.py:3036} INFO - Sync 1 DAGs
[2026-07-21T18:42:19.178+0000] {logging_mixin.py:188} INFO - [2026-07-21T18:42:19.177+0000] {dag.py:3823} INFO - Setting next_dagrun for example_short_circuit_decorator to 2026-07-20 00:00:00+00:00, run_after=2026-07-21 00:00:00+00:00
[2026-07-21T18:42:19.199+0000] {processor.py:183} INFO - Processing /home/airflow/.local/lib/python3.10/site-packages/airflow/example_dags/example_short_circuit_decorator.py took 0.084 seconds
[2026-07-21T18:42:49.367+0000] {processor.py:161} INFO - Started process (PID=1027) to work on /home/airflow/.local/lib/python3.10/site-packages/airflow/example_dags/example_short_circuit_decorator.py
[2026-07-21T18:42:49.369+0000] {processor.py:830} INFO - Processing file /home/airflow/.local/lib/python3.10/site-packages/airflow/example_dags/example_short_circuit_decorator.py for tasks to queue
[2026-07-21T18:42:49.371+0000] {logging_mixin.py:188} INFO - [2026-07-21T18:42:49.371+0000] {dagbag.py:538} INFO - Filling up the DagBag from /home/airflow/.local/lib/python3.10/site-packages/airflow/example_dags/example_short_circuit_decorator.py
[2026-07-21T18:42:49.382+0000] {processor.py:840} INFO - DAG(s) 'example_short_circuit_decorator' retrieved from /home/airflow/.local/lib/python3.10/site-packages/airflow/example_dags/example_short_circuit_decorator.py
[2026-07-21T18:42:49.405+0000] {logging_mixin.py:188} INFO - [2026-07-21T18:42:49.405+0000] {dag.py:3036} INFO - Sync 1 DAGs
[2026-07-21T18:42:49.424+0000] {logging_mixin.py:188} INFO - [2026-07-21T18:42:49.424+0000] {dag.py:3823} INFO - Setting next_dagrun for example_short_circuit_decorator to 2026-07-20 00:00:00+00:00, run_after=2026-07-21 00:00:00+00:00
[2026-07-21T18:42:49.441+0000] {processor.py:183} INFO - Processing /home/airflow/.local/lib/python3.10/site-packages/airflow/example_dags/example_short_circuit_decorator.py took 0.078 seconds
[2026-07-21T18:43:19.860+0000] {processor.py:161} INFO - Started process (PID=1083) to work on /home/airflow/.local/lib/python3.10/site-packages/airflow/example_dags/example_short_circuit_decorator.py
[2026-07-21T18:43:19.861+0000] {processor.py:830} INFO - Processing file /home/airflow/.local/lib/python3.10/site-packages/airflow/example_dags/example_short_circuit_decorator.py for tasks to queue
[2026-07-21T18:43:19.863+0000] {logging_mixin.py:188} INFO - [2026-07-21T18:43:19.863+0000] {dagbag.py:538} INFO - Filling up the DagBag from /home/airflow/.local/lib/python3.10/site-packages/airflow/example_dags/example_short_circuit_decorator.py
[2026-07-21T18:43:19.872+0000] {processor.py:840} INFO - DAG(s) 'example_short_circuit_decorator' retrieved from /home/airflow/.local/lib/python3.10/site-packages/airflow/example_dags/example_short_circuit_decorator.py
[2026-07-21T18:43:19.895+0000] {logging_mixin.py:188} INFO - [2026-07-21T18:43:19.894+0000] {dag.py:3036} INFO - Sync 1 DAGs
[2026-07-21T18:43:19.918+0000] {logging_mixin.py:188} INFO - [2026-07-21T18:43:19.917+0000] {dag.py:3823} INFO - Setting next_dagrun for example_short_circuit_decorator to 2026-07-20 00:00:00+00:00, run_after=2026-07-21 00:00:00+00:00
[2026-07-21T18:43:19.936+0000] {processor.py:183} INFO - Processing /home/airflow/.local/lib/python3.10/site-packages/airflow/example_dags/example_short_circuit_decorator.py took 0.080 seconds
[2026-07-21T18:43:50.297+0000] {processor.py:161} INFO - Started process (PID=1139) to work on /home/airflow/.local/lib/python3.10/site-packages/airflow/example_dags/example_short_circuit_decorator.py
[2026-07-21T18:43:50.298+0000] {processor.py:830} INFO - Processing file /home/airflow/.local/lib/python3.10/site-packages/airflow/example_dags/example_short_circuit_decorator.py for tasks to queue
[2026-07-21T18:43:50.301+0000] {logging_mixin.py:188} INFO - [2026-07-21T18:43:50.300+0000] {dagbag.py:538} INFO - Filling up the DagBag from /home/airflow/.local/lib/python3.10/site-packages/airflow/example_dags/example_short_circuit_decorator.py
[2026-07-21T18:43:50.310+0000] {processor.py:840} INFO - DAG(s) 'example_short_circuit_decorator' retrieved from /home/airflow/.local/lib/python3.10/site-packages/airflow/example_dags/example_short_circuit_decorator.py
[2026-07-21T18:43:50.335+0000] {logging_mixin.py:188} INFO - [2026-07-21T18:43:50.335+0000] {dag.py:3036} INFO - Sync 1 DAGs
[2026-07-21T18:43:50.366+0000] {logging_mixin.py:188} INFO - [2026-07-21T18:43:50.366+0000] {dag.py:3823} INFO - Setting next_dagrun for example_short_circuit_decorator to 2026-07-20 00:00:00+00:00, run_after=2026-07-21 00:00:00+00:00
[2026-07-21T18:43:50.396+0000] {processor.py:183} INFO - Processing /home/airflow/.local/lib/python3.10/site-packages/airflow/example_dags/example_short_circuit_decorator.py took 0.102 seconds
[2026-07-21T18:44:20.678+0000] {processor.py:161} INFO - Started process (PID=1195) to work on /home/airflow/.local/lib/python3.10/site-packages/airflow/example_dags/example_short_circuit_decorator.py
[2026-07-21T18:44:20.679+0000] {processor.py:830} INFO - Processing file /home/airflow/.local/lib/python3.10/site-packages/airflow/example_dags/example_short_circuit_decorator.py for tasks to queue
[2026-07-21T18:44:20.681+0000] {logging_mixin.py:188} INFO - [2026-07-21T18:44:20.681+0000] {dagbag.py:538} INFO - Filling up the DagBag from /home/airflow/.local/lib/python3.10/site-packages/airflow/example_dags/example_short_circuit_decorator.py
[2026-07-21T18:44:20.690+0000] {processor.py:840} INFO - DAG(s) 'example_short_circuit_decorator' retrieved from /home/airflow/.local/lib/python3.10/site-packages/airflow/example_dags/example_short_circuit_decorator.py
[2026-07-21T18:44:20.713+0000] {logging_mixin.py:188} INFO - [2026-07-21T18:44:20.712+0000] {dag.py:3036} INFO - Sync 1 DAGs
[2026-07-21T18:44:20.732+0000] {logging_mixin.py:188} INFO - [2026-07-21T18:44:20.732+0000] {dag.py:3823} INFO - Setting next_dagrun for example_short_circuit_decorator to 2026-07-20 00:00:00+00:00, run_after=2026-07-21 00:00:00+00:00
[2026-07-21T18:44:20.750+0000] {processor.py:183} INFO - Processing /home/airflow/.local/lib/python3.10/site-packages/airflow/example_dags/example_short_circuit_decorator.py took 0.076 seconds
[2026-07-21T18:44:50.963+0000] {processor.py:161} INFO - Started process (PID=1251) to work on /home/airflow/.local/lib/python3.10/site-packages/airflow/example_dags/example_short_circuit_decorator.py
[2026-07-21T18:44:50.964+0000] {processor.py:830} INFO - Processing file /home/airflow/.local/lib/python3.10/site-packages/airflow/example_dags/example_short_circuit_decorator.py for tasks to queue
[2026-07-21T18:44:50.966+0000] {logging_mixin.py:188} INFO - [2026-07-21T18:44:50.966+0000] {dagbag.py:538} INFO - Filling up the DagBag from /home/airflow/.local/lib/python3.10/site-packages/airflow/example_dags/example_short_circuit_decorator.py
[2026-07-21T18:44:50.975+0000] {processor.py:840} INFO - DAG(s) 'example_short_circuit_decorator' retrieved from /home/airflow/.local/lib/python3.10/site-packages/airflow/example_dags/example_short_circuit_decorator.py
[2026-07-21T18:44:50.998+0000] {logging_mixin.py:188} INFO - [2026-07-21T18:44:50.998+0000] {dag.py:3036} INFO - Sync 1 DAGs
[2026-07-21T18:44:51.016+0000] {logging_mixin.py:188} INFO - [2026-07-21T18:44:51.016+0000] {dag.py:3823} INFO - Setting next_dagrun for example_short_circuit_decorator to 2026-07-20 00:00:00+00:00, run_after=2026-07-21 00:00:00+00:00
[2026-07-21T18:44:51.034+0000] {processor.py:183} INFO - Processing /home/airflow/.local/lib/python3.10/site-packages/airflow/example_dags/example_short_circuit_decorator.py took 0.074 seconds
[2026-07-21T18:45:21.299+0000] {processor.py:161} INFO - Started process (PID=1307) to work on /home/airflow/.local/lib/python3.10/site-packages/airflow/example_dags/example_short_circuit_decorator.py
[2026-07-21T18:45:21.300+0000] {processor.py:830} INFO - Processing file /home/airflow/.local/lib/python3.10/site-packages/airflow/example_dags/example_short_circuit_decorator.py for tasks to queue
[2026-07-21T18:45:21.303+0000] {logging_mixin.py:188} INFO - [2026-07-21T18:45:21.303+0000] {dagbag.py:538} INFO - Filling up the DagBag from /home/airflow/.local/lib/python3.10/site-packages/airflow/example_dags/example_short_circuit_decorator.py
[2026-07-21T18:45:21.312+0000] {processor.py:840} INFO - DAG(s) 'example_short_circuit_decorator' retrieved from /home/airflow/.local/lib/python3.10/site-packages/airflow/example_dags/example_short_circuit_decorator.py
[2026-07-21T18:45:21.337+0000] {logging_mixin.py:188} INFO - [2026-07-21T18:45:21.336+0000] {dag.py:3036} INFO - Sync 1 DAGs
[2026-07-21T18:45:21.360+0000] {logging_mixin.py:188} INFO - [2026-07-21T18:45:21.360+0000] {dag.py:3823} INFO - Setting next_dagrun for example_short_circuit_decorator to 2026-07-20 00:00:00+00:00, run_after=2026-07-21 00:00:00+00:00
[2026-07-21T18:45:21.381+0000] {processor.py:183} INFO - Processing /home/airflow/.local/lib/python3.10/site-packages/airflow/example_dags/example_short_circuit_decorator.py took 0.086 seconds
[2026-07-21T18:45:51.848+0000] {processor.py:161} INFO - Started process (PID=1363) to work on /home/airflow/.local/lib/python3.10/site-packages/airflow/example_dags/example_short_circuit_decorator.py
[2026-07-21T18:45:51.849+0000] {processor.py:830} INFO - Processing file /home/airflow/.local/lib/python3.10/site-packages/airflow/example_dags/example_short_circuit_decorator.py for tasks to queue
[2026-07-21T18:45:51.852+0000] {logging_mixin.py:188} INFO - [2026-07-21T18:45:51.851+0000] {dagbag.py:538} INFO - Filling up the DagBag from /home/airflow/.local/lib/python3.10/site-packages/airflow/example_dags/example_short_circuit_decorator.py
[2026-07-21T18:45:51.861+0000] {processor.py:840} INFO - DAG(s) 'example_short_circuit_decorator' retrieved from /home/airflow/.local/lib/python3.10/site-packages/airflow/example_dags/example_short_circuit_decorator.py
[2026-07-21T18:45:51.884+0000] {logging_mixin.py:188} INFO - [2026-07-21T18:45:51.884+0000] {dag.py:3036} INFO - Sync 1 DAGs
[2026-07-21T18:45:51.903+0000] {logging_mixin.py:188} INFO - [2026-07-21T18:45:51.903+0000] {dag.py:3823} INFO - Setting next_dagrun for example_short_circuit_decorator to 2026-07-20 00:00:00+00:00, run_after=2026-07-21 00:00:00+00:00
[2026-07-21T18:45:51.925+0000] {processor.py:183} INFO - Processing /home/airflow/.local/lib/python3.10/site-packages/airflow/example_dags/example_short_circuit_decorator.py took 0.081 seconds
[2026-07-21T18:46:22.121+0000] {processor.py:161} INFO - Started process (PID=1419) to work on /home/airflow/.local/lib/python3.10/site-packages/airflow/example_dags/example_short_circuit_decorator.py
[2026-07-21T18:46:22.122+0000] {processor.py:830} INFO - Processing file /home/airflow/.local/lib/python3.10/site-packages/airflow/example_dags/example_short_circuit_decorator.py for tasks to queue
[2026-07-21T18:46:22.124+0000] {logging_mixin.py:188} INFO - [2026-07-21T18:46:22.124+0000] {dagbag.py:538} INFO - Filling up the DagBag from /home/airflow/.local/lib/python3.10/site-packages/airflow/example_dags/example_short_circuit_decorator.py
[2026-07-21T18:46:22.134+0000] {processor.py:840} INFO - DAG(s) 'example_short_circuit_decorator' retrieved from /home/airflow/.local/lib/python3.10/site-packages/airflow/example_dags/example_short_circuit_decorator.py
[2026-07-21T18:46:22.156+0000] {logging_mixin.py:188} INFO - [2026-07-21T18:46:22.156+0000] {dag.py:3036} INFO - Sync 1 DAGs
[2026-07-21T18:46:22.174+0000] {logging_mixin.py:188} INFO - [2026-07-21T18:46:22.174+0000] {dag.py:3823} INFO - Setting next_dagrun for example_short_circuit_decorator to 2026-07-20 00:00:00+00:00, run_after=2026-07-21 00:00:00+00:00
[2026-07-21T18:46:22.192+0000] {processor.py:183} INFO - Processing /home/airflow/.local/lib/python3.10/site-packages/airflow/example_dags/example_short_circuit_decorator.py took 0.075 seconds
[2026-07-21T18:46:52.297+0000] {processor.py:161} INFO - Started process (PID=1475) to work on /home/airflow/.local/lib/python3.10/site-packages/airflow/example_dags/example_short_circuit_decorator.py
[2026-07-21T18:46:52.298+0000] {processor.py:830} INFO - Processing file /home/airflow/.local/lib/python3.10/site-packages/airflow/example_dags/example_short_circuit_decorator.py for tasks to queue
[2026-07-21T18:46:52.301+0000] {logging_mixin.py:188} INFO - [2026-07-21T18:46:52.300+0000] {dagbag.py:538} INFO - Filling up the DagBag from /home/airflow/.local/lib/python3.10/site-packages/airflow/example_dags/example_short_circuit_decorator.py
[2026-07-21T18:46:52.309+0000] {processor.py:840} INFO - DAG(s) 'example_short_circuit_decorator' retrieved from /home/airflow/.local/lib/python3.10/site-packages/airflow/example_dags/example_short_circuit_decorator.py
[2026-07-21T18:46:52.332+0000] {logging_mixin.py:188} INFO - [2026-07-21T18:46:52.332+0000] {dag.py:3036} INFO - Sync 1 DAGs
[2026-07-21T18:46:52.351+0000] {logging_mixin.py:188} INFO - [2026-07-21T18:46:52.351+0000] {dag.py:3823} INFO - Setting next_dagrun for example_short_circuit_decorator to 2026-07-20 00:00:00+00:00, run_after=2026-07-21 00:00:00+00:00
[2026-07-21T18:46:52.369+0000] {processor.py:183} INFO - Processing /home/airflow/.local/lib/python3.10/site-packages/airflow/example_dags/example_short_circuit_decorator.py took 0.075 seconds
[2026-07-21T18:47:22.647+0000] {processor.py:161} INFO - Started process (PID=1531) to work on /home/airflow/.local/lib/python3.10/site-packages/airflow/example_dags/example_short_circuit_decorator.py
[2026-07-21T18:47:22.648+0000] {processor.py:830} INFO - Processing file /home/airflow/.local/lib/python3.10/site-packages/airflow/example_dags/example_short_circuit_decorator.py for tasks to queue
[2026-07-21T18:47:22.651+0000] {logging_mixin.py:188} INFO - [2026-07-21T18:47:22.650+0000] {dagbag.py:538} INFO - Filling up the DagBag from /home/airflow/.local/lib/python3.10/site-packages/airflow/example_dags/example_short_circuit_decorator.py
[2026-07-21T18:47:22.659+0000] {processor.py:840} INFO - DAG(s) 'example_short_circuit_decorator' retrieved from /home/airflow/.local/lib/python3.10/site-packages/airflow/example_dags/example_short_circuit_decorator.py
[2026-07-21T18:47:22.682+0000] {logging_mixin.py:188} INFO - [2026-07-21T18:47:22.681+0000] {dag.py:3036} INFO - Sync 1 DAGs
[2026-07-21T18:47:22.710+0000] {logging_mixin.py:188} INFO - [2026-07-21T18:47:22.710+0000] {dag.py:3823} INFO - Setting next_dagrun for example_short_circuit_decorator to 2026-07-20 00:00:00+00:00, run_after=2026-07-21 00:00:00+00:00
[2026-07-21T18:47:22.732+0000] {processor.py:183} INFO - Processing /home/airflow/.local/lib/python3.10/site-packages/airflow/example_dags/example_short_circuit_decorator.py took 0.088 seconds
[2026-07-21T18:47:53.363+0000] {processor.py:161} INFO - Started process (PID=1587) to work on /home/airflow/.local/lib/python3.10/site-packages/airflow/example_dags/example_short_circuit_decorator.py
[2026-07-21T18:47:53.365+0000] {processor.py:830} INFO - Processing file /home/airflow/.local/lib/python3.10/site-packages/airflow/example_dags/example_short_circuit_decorator.py for tasks to queue
[2026-07-21T18:47:53.367+0000] {logging_mixin.py:188} INFO - [2026-07-21T18:47:53.366+0000] {dagbag.py:538} INFO - Filling up the DagBag from /home/airflow/.local/lib/python3.10/site-packages/airflow/example_dags/example_short_circuit_decorator.py
[2026-07-21T18:47:53.375+0000] {processor.py:840} INFO - DAG(s) 'example_short_circuit_decorator' retrieved from /home/airflow/.local/lib/python3.10/site-packages/airflow/example_dags/example_short_circuit_decorator.py
[2026-07-21T18:47:53.398+0000] {logging_mixin.py:188} INFO - [2026-07-21T18:47:53.398+0000] {dag.py:3036} INFO - Sync 1 DAGs
[2026-07-21T18:47:53.417+0000] {logging_mixin.py:188} INFO - [2026-07-21T18:47:53.416+0000] {dag.py:3823} INFO - Setting next_dagrun for example_short_circuit_decorator to 2026-07-20 00:00:00+00:00, run_after=2026-07-21 00:00:00+00:00
[2026-07-21T18:47:53.434+0000] {processor.py:183} INFO - Processing /home/airflow/.local/lib/python3.10/site-packages/airflow/example_dags/example_short_circuit_decorator.py took 0.075 seconds
