[2026-07-21T17:56:28.919+0000] {processor.py:161} INFO - Started process (PID=87) to work on /home/airflow/.local/lib/python3.8/site-packages/airflow/example_dags/example_xcomargs.py
[2026-07-21T17:56:28.929+0000] {processor.py:830} INFO - Processing file /home/airflow/.local/lib/python3.8/site-packages/airflow/example_dags/example_xcomargs.py for tasks to queue
[2026-07-21T17:56:28.954+0000] {logging_mixin.py:188} INFO - [2026-07-21T17:56:28.952+0000] {dagbag.py:538} INFO - Filling up the DagBag from /home/airflow/.local/lib/python3.8/site-packages/airflow/example_dags/example_xcomargs.py
[2026-07-21T17:56:29.047+0000] {processor.py:840} INFO - DAG(s) 'example_xcom_args', 'example_xcom_args_with_operators' retrieved from /home/airflow/.local/lib/python3.8/site-packages/airflow/example_dags/example_xcomargs.py
[2026-07-21T17:56:29.799+0000] {logging_mixin.py:188} INFO - [2026-07-21T17:56:29.798+0000] {dag.py:3036} INFO - Sync 2 DAGs
[2026-07-21T17:56:29.847+0000] {logging_mixin.py:188} INFO - [2026-07-21T17:56:29.846+0000] {dag.py:3823} INFO - Setting next_dagrun for example_xcom_args to None, run_after=None
[2026-07-21T17:56:29.856+0000] {logging_mixin.py:188} INFO - [2026-07-21T17:56:29.856+0000] {dag.py:3823} INFO - Setting next_dagrun for example_xcom_args_with_operators to None, run_after=None
[2026-07-21T17:56:29.931+0000] {processor.py:183} INFO - Processing /home/airflow/.local/lib/python3.8/site-packages/airflow/example_dags/example_xcomargs.py took 1.022 seconds
[2026-07-21T17:57:00.291+0000] {processor.py:161} INFO - Started process (PID=143) to work on /home/airflow/.local/lib/python3.8/site-packages/airflow/example_dags/example_xcomargs.py
[2026-07-21T17:57:00.294+0000] {processor.py:830} INFO - Processing file /home/airflow/.local/lib/python3.8/site-packages/airflow/example_dags/example_xcomargs.py for tasks to queue
[2026-07-21T17:57:00.300+0000] {logging_mixin.py:188} INFO - [2026-07-21T17:57:00.299+0000] {dagbag.py:538} INFO - Filling up the DagBag from /home/airflow/.local/lib/python3.8/site-packages/airflow/example_dags/example_xcomargs.py
[2026-07-21T17:57:00.325+0000] {processor.py:840} INFO - DAG(s) 'example_xcom_args', 'example_xcom_args_with_operators' retrieved from /home/airflow/.local/lib/python3.8/site-packages/airflow/example_dags/example_xcomargs.py
[2026-07-21T17:57:00.382+0000] {logging_mixin.py:188} INFO - [2026-07-21T17:57:00.382+0000] {dag.py:3036} INFO - Sync 2 DAGs
[2026-07-21T17:57:00.413+0000] {logging_mixin.py:188} INFO - [2026-07-21T17:57:00.412+0000] {dag.py:3823} INFO - Setting next_dagrun for example_xcom_args to None, run_after=None
[2026-07-21T17:57:00.424+0000] {logging_mixin.py:188} INFO - [2026-07-21T17:57:00.424+0000] {dag.py:3823} INFO - Setting next_dagrun for example_xcom_args_with_operators to None, run_after=None
[2026-07-21T17:57:00.457+0000] {processor.py:183} INFO - Processing /home/airflow/.local/lib/python3.8/site-packages/airflow/example_dags/example_xcomargs.py took 0.174 seconds
[2026-07-21T17:57:31.090+0000] {processor.py:161} INFO - Started process (PID=199) to work on /home/airflow/.local/lib/python3.8/site-packages/airflow/example_dags/example_xcomargs.py
[2026-07-21T17:57:31.091+0000] {processor.py:830} INFO - Processing file /home/airflow/.local/lib/python3.8/site-packages/airflow/example_dags/example_xcomargs.py for tasks to queue
[2026-07-21T17:57:31.093+0000] {logging_mixin.py:188} INFO - [2026-07-21T17:57:31.092+0000] {dagbag.py:538} INFO - Filling up the DagBag from /home/airflow/.local/lib/python3.8/site-packages/airflow/example_dags/example_xcomargs.py
[2026-07-21T17:57:31.101+0000] {processor.py:840} INFO - DAG(s) 'example_xcom_args_with_operators', 'example_xcom_args' retrieved from /home/airflow/.local/lib/python3.8/site-packages/airflow/example_dags/example_xcomargs.py
[2026-07-21T17:57:31.126+0000] {logging_mixin.py:188} INFO - [2026-07-21T17:57:31.126+0000] {dag.py:3036} INFO - Sync 2 DAGs
[2026-07-21T17:57:31.138+0000] {logging_mixin.py:188} INFO - [2026-07-21T17:57:31.138+0000] {dag.py:3823} INFO - Setting next_dagrun for example_xcom_args to None, run_after=None
[2026-07-21T17:57:31.141+0000] {logging_mixin.py:188} INFO - [2026-07-21T17:57:31.141+0000] {dag.py:3823} INFO - Setting next_dagrun for example_xcom_args_with_operators to None, run_after=None
[2026-07-21T17:57:31.158+0000] {processor.py:183} INFO - Processing /home/airflow/.local/lib/python3.8/site-packages/airflow/example_dags/example_xcomargs.py took 0.072 seconds
[2026-07-21T17:58:01.335+0000] {processor.py:161} INFO - Started process (PID=255) to work on /home/airflow/.local/lib/python3.8/site-packages/airflow/example_dags/example_xcomargs.py
[2026-07-21T17:58:01.336+0000] {processor.py:830} INFO - Processing file /home/airflow/.local/lib/python3.8/site-packages/airflow/example_dags/example_xcomargs.py for tasks to queue
[2026-07-21T17:58:01.338+0000] {logging_mixin.py:188} INFO - [2026-07-21T17:58:01.338+0000] {dagbag.py:538} INFO - Filling up the DagBag from /home/airflow/.local/lib/python3.8/site-packages/airflow/example_dags/example_xcomargs.py
[2026-07-21T17:58:01.347+0000] {processor.py:840} INFO - DAG(s) 'example_xcom_args', 'example_xcom_args_with_operators' retrieved from /home/airflow/.local/lib/python3.8/site-packages/airflow/example_dags/example_xcomargs.py
[2026-07-21T17:58:01.369+0000] {logging_mixin.py:188} INFO - [2026-07-21T17:58:01.369+0000] {dag.py:3036} INFO - Sync 2 DAGs
[2026-07-21T17:58:01.381+0000] {logging_mixin.py:188} INFO - [2026-07-21T17:58:01.381+0000] {dag.py:3823} INFO - Setting next_dagrun for example_xcom_args to None, run_after=None
[2026-07-21T17:58:01.385+0000] {logging_mixin.py:188} INFO - [2026-07-21T17:58:01.384+0000] {dag.py:3823} INFO - Setting next_dagrun for example_xcom_args_with_operators to None, run_after=None
[2026-07-21T17:58:01.410+0000] {processor.py:183} INFO - Processing /home/airflow/.local/lib/python3.8/site-packages/airflow/example_dags/example_xcomargs.py took 0.078 seconds
[2026-07-21T17:58:31.736+0000] {processor.py:161} INFO - Started process (PID=311) to work on /home/airflow/.local/lib/python3.8/site-packages/airflow/example_dags/example_xcomargs.py
[2026-07-21T17:58:31.737+0000] {processor.py:830} INFO - Processing file /home/airflow/.local/lib/python3.8/site-packages/airflow/example_dags/example_xcomargs.py for tasks to queue
[2026-07-21T17:58:31.740+0000] {logging_mixin.py:188} INFO - [2026-07-21T17:58:31.740+0000] {dagbag.py:538} INFO - Filling up the DagBag from /home/airflow/.local/lib/python3.8/site-packages/airflow/example_dags/example_xcomargs.py
[2026-07-21T17:58:31.750+0000] {processor.py:840} INFO - DAG(s) 'example_xcom_args_with_operators', 'example_xcom_args' retrieved from /home/airflow/.local/lib/python3.8/site-packages/airflow/example_dags/example_xcomargs.py
[2026-07-21T17:58:31.778+0000] {logging_mixin.py:188} INFO - [2026-07-21T17:58:31.777+0000] {dag.py:3036} INFO - Sync 2 DAGs
[2026-07-21T17:58:31.793+0000] {logging_mixin.py:188} INFO - [2026-07-21T17:58:31.793+0000] {dag.py:3823} INFO - Setting next_dagrun for example_xcom_args to None, run_after=None
[2026-07-21T17:58:31.798+0000] {logging_mixin.py:188} INFO - [2026-07-21T17:58:31.797+0000] {dag.py:3823} INFO - Setting next_dagrun for example_xcom_args_with_operators to None, run_after=None
[2026-07-21T17:58:31.819+0000] {processor.py:183} INFO - Processing /home/airflow/.local/lib/python3.8/site-packages/airflow/example_dags/example_xcomargs.py took 0.089 seconds
[2026-07-21T17:59:02.036+0000] {processor.py:161} INFO - Started process (PID=367) to work on /home/airflow/.local/lib/python3.8/site-packages/airflow/example_dags/example_xcomargs.py
[2026-07-21T17:59:02.037+0000] {processor.py:830} INFO - Processing file /home/airflow/.local/lib/python3.8/site-packages/airflow/example_dags/example_xcomargs.py for tasks to queue
[2026-07-21T17:59:02.040+0000] {logging_mixin.py:188} INFO - [2026-07-21T17:59:02.039+0000] {dagbag.py:538} INFO - Filling up the DagBag from /home/airflow/.local/lib/python3.8/site-packages/airflow/example_dags/example_xcomargs.py
[2026-07-21T17:59:02.049+0000] {processor.py:840} INFO - DAG(s) 'example_xcom_args', 'example_xcom_args_with_operators' retrieved from /home/airflow/.local/lib/python3.8/site-packages/airflow/example_dags/example_xcomargs.py
[2026-07-21T17:59:02.074+0000] {logging_mixin.py:188} INFO - [2026-07-21T17:59:02.073+0000] {dag.py:3036} INFO - Sync 2 DAGs
[2026-07-21T17:59:02.087+0000] {logging_mixin.py:188} INFO - [2026-07-21T17:59:02.087+0000] {dag.py:3823} INFO - Setting next_dagrun for example_xcom_args to None, run_after=None
[2026-07-21T17:59:02.090+0000] {logging_mixin.py:188} INFO - [2026-07-21T17:59:02.090+0000] {dag.py:3823} INFO - Setting next_dagrun for example_xcom_args_with_operators to None, run_after=None
[2026-07-21T17:59:02.116+0000] {processor.py:183} INFO - Processing /home/airflow/.local/lib/python3.8/site-packages/airflow/example_dags/example_xcomargs.py took 0.084 seconds
[2026-07-21T17:59:32.200+0000] {processor.py:161} INFO - Started process (PID=423) to work on /home/airflow/.local/lib/python3.8/site-packages/airflow/example_dags/example_xcomargs.py
[2026-07-21T17:59:32.201+0000] {processor.py:830} INFO - Processing file /home/airflow/.local/lib/python3.8/site-packages/airflow/example_dags/example_xcomargs.py for tasks to queue
[2026-07-21T17:59:32.203+0000] {logging_mixin.py:188} INFO - [2026-07-21T17:59:32.203+0000] {dagbag.py:538} INFO - Filling up the DagBag from /home/airflow/.local/lib/python3.8/site-packages/airflow/example_dags/example_xcomargs.py
[2026-07-21T17:59:32.211+0000] {processor.py:840} INFO - DAG(s) 'example_xcom_args_with_operators', 'example_xcom_args' retrieved from /home/airflow/.local/lib/python3.8/site-packages/airflow/example_dags/example_xcomargs.py
[2026-07-21T17:59:32.234+0000] {logging_mixin.py:188} INFO - [2026-07-21T17:59:32.234+0000] {dag.py:3036} INFO - Sync 2 DAGs
[2026-07-21T17:59:32.246+0000] {logging_mixin.py:188} INFO - [2026-07-21T17:59:32.246+0000] {dag.py:3823} INFO - Setting next_dagrun for example_xcom_args to None, run_after=None
[2026-07-21T17:59:32.250+0000] {logging_mixin.py:188} INFO - [2026-07-21T17:59:32.250+0000] {dag.py:3823} INFO - Setting next_dagrun for example_xcom_args_with_operators to None, run_after=None
[2026-07-21T17:59:32.267+0000] {processor.py:183} INFO - Processing /home/airflow/.local/lib/python3.8/site-packages/airflow/example_dags/example_xcomargs.py took 0.070 seconds
[2026-07-21T18:00:02.512+0000] {processor.py:161} INFO - Started process (PID=479) to work on /home/airflow/.local/lib/python3.8/site-packages/airflow/example_dags/example_xcomargs.py
[2026-07-21T18:00:02.513+0000] {processor.py:830} INFO - Processing file /home/airflow/.local/lib/python3.8/site-packages/airflow/example_dags/example_xcomargs.py for tasks to queue
[2026-07-21T18:00:02.516+0000] {logging_mixin.py:188} INFO - [2026-07-21T18:00:02.515+0000] {dagbag.py:538} INFO - Filling up the DagBag from /home/airflow/.local/lib/python3.8/site-packages/airflow/example_dags/example_xcomargs.py
[2026-07-21T18:00:02.526+0000] {processor.py:840} INFO - DAG(s) 'example_xcom_args_with_operators', 'example_xcom_args' retrieved from /home/airflow/.local/lib/python3.8/site-packages/airflow/example_dags/example_xcomargs.py
[2026-07-21T18:00:02.550+0000] {logging_mixin.py:188} INFO - [2026-07-21T18:00:02.549+0000] {dag.py:3036} INFO - Sync 2 DAGs
[2026-07-21T18:00:02.562+0000] {logging_mixin.py:188} INFO - [2026-07-21T18:00:02.562+0000] {dag.py:3823} INFO - Setting next_dagrun for example_xcom_args to None, run_after=None
[2026-07-21T18:00:02.565+0000] {logging_mixin.py:188} INFO - [2026-07-21T18:00:02.565+0000] {dag.py:3823} INFO - Setting next_dagrun for example_xcom_args_with_operators to None, run_after=None
[2026-07-21T18:00:02.584+0000] {processor.py:183} INFO - Processing /home/airflow/.local/lib/python3.8/site-packages/airflow/example_dags/example_xcomargs.py took 0.075 seconds
[2026-07-21T18:00:32.997+0000] {processor.py:161} INFO - Started process (PID=535) to work on /home/airflow/.local/lib/python3.8/site-packages/airflow/example_dags/example_xcomargs.py
[2026-07-21T18:00:32.998+0000] {processor.py:830} INFO - Processing file /home/airflow/.local/lib/python3.8/site-packages/airflow/example_dags/example_xcomargs.py for tasks to queue
[2026-07-21T18:00:33.000+0000] {logging_mixin.py:188} INFO - [2026-07-21T18:00:33.000+0000] {dagbag.py:538} INFO - Filling up the DagBag from /home/airflow/.local/lib/python3.8/site-packages/airflow/example_dags/example_xcomargs.py
[2026-07-21T18:00:33.008+0000] {processor.py:840} INFO - DAG(s) 'example_xcom_args_with_operators', 'example_xcom_args' retrieved from /home/airflow/.local/lib/python3.8/site-packages/airflow/example_dags/example_xcomargs.py
[2026-07-21T18:00:33.032+0000] {logging_mixin.py:188} INFO - [2026-07-21T18:00:33.032+0000] {dag.py:3036} INFO - Sync 2 DAGs
[2026-07-21T18:00:33.044+0000] {logging_mixin.py:188} INFO - [2026-07-21T18:00:33.044+0000] {dag.py:3823} INFO - Setting next_dagrun for example_xcom_args to None, run_after=None
[2026-07-21T18:00:33.048+0000] {logging_mixin.py:188} INFO - [2026-07-21T18:00:33.048+0000] {dag.py:3823} INFO - Setting next_dagrun for example_xcom_args_with_operators to None, run_after=None
[2026-07-21T18:00:33.066+0000] {processor.py:183} INFO - Processing /home/airflow/.local/lib/python3.8/site-packages/airflow/example_dags/example_xcomargs.py took 0.073 seconds
[2026-07-21T18:01:03.171+0000] {processor.py:161} INFO - Started process (PID=592) to work on /home/airflow/.local/lib/python3.8/site-packages/airflow/example_dags/example_xcomargs.py
[2026-07-21T18:01:03.172+0000] {processor.py:830} INFO - Processing file /home/airflow/.local/lib/python3.8/site-packages/airflow/example_dags/example_xcomargs.py for tasks to queue
[2026-07-21T18:01:03.174+0000] {logging_mixin.py:188} INFO - [2026-07-21T18:01:03.174+0000] {dagbag.py:538} INFO - Filling up the DagBag from /home/airflow/.local/lib/python3.8/site-packages/airflow/example_dags/example_xcomargs.py
[2026-07-21T18:01:03.183+0000] {processor.py:840} INFO - DAG(s) 'example_xcom_args_with_operators', 'example_xcom_args' retrieved from /home/airflow/.local/lib/python3.8/site-packages/airflow/example_dags/example_xcomargs.py
[2026-07-21T18:01:03.207+0000] {logging_mixin.py:188} INFO - [2026-07-21T18:01:03.206+0000] {dag.py:3036} INFO - Sync 2 DAGs
[2026-07-21T18:01:03.220+0000] {logging_mixin.py:188} INFO - [2026-07-21T18:01:03.220+0000] {dag.py:3823} INFO - Setting next_dagrun for example_xcom_args to None, run_after=None
[2026-07-21T18:01:03.224+0000] {logging_mixin.py:188} INFO - [2026-07-21T18:01:03.224+0000] {dag.py:3823} INFO - Setting next_dagrun for example_xcom_args_with_operators to None, run_after=None
[2026-07-21T18:01:03.242+0000] {processor.py:183} INFO - Processing /home/airflow/.local/lib/python3.8/site-packages/airflow/example_dags/example_xcomargs.py took 0.075 seconds
[2026-07-21T18:01:33.530+0000] {processor.py:161} INFO - Started process (PID=648) to work on /home/airflow/.local/lib/python3.8/site-packages/airflow/example_dags/example_xcomargs.py
[2026-07-21T18:01:33.531+0000] {processor.py:830} INFO - Processing file /home/airflow/.local/lib/python3.8/site-packages/airflow/example_dags/example_xcomargs.py for tasks to queue
[2026-07-21T18:01:33.535+0000] {logging_mixin.py:188} INFO - [2026-07-21T18:01:33.534+0000] {dagbag.py:538} INFO - Filling up the DagBag from /home/airflow/.local/lib/python3.8/site-packages/airflow/example_dags/example_xcomargs.py
[2026-07-21T18:01:33.549+0000] {processor.py:840} INFO - DAG(s) 'example_xcom_args_with_operators', 'example_xcom_args' retrieved from /home/airflow/.local/lib/python3.8/site-packages/airflow/example_dags/example_xcomargs.py
[2026-07-21T18:01:33.587+0000] {logging_mixin.py:188} INFO - [2026-07-21T18:01:33.586+0000] {dag.py:3036} INFO - Sync 2 DAGs
[2026-07-21T18:01:33.604+0000] {logging_mixin.py:188} INFO - [2026-07-21T18:01:33.603+0000] {dag.py:3823} INFO - Setting next_dagrun for example_xcom_args to None, run_after=None
[2026-07-21T18:01:33.611+0000] {logging_mixin.py:188} INFO - [2026-07-21T18:01:33.610+0000] {dag.py:3823} INFO - Setting next_dagrun for example_xcom_args_with_operators to None, run_after=None
[2026-07-21T18:01:33.639+0000] {processor.py:183} INFO - Processing /home/airflow/.local/lib/python3.8/site-packages/airflow/example_dags/example_xcomargs.py took 0.115 seconds
[2026-07-21T18:02:03.759+0000] {processor.py:161} INFO - Started process (PID=704) to work on /home/airflow/.local/lib/python3.8/site-packages/airflow/example_dags/example_xcomargs.py
[2026-07-21T18:02:03.760+0000] {processor.py:830} INFO - Processing file /home/airflow/.local/lib/python3.8/site-packages/airflow/example_dags/example_xcomargs.py for tasks to queue
[2026-07-21T18:02:03.762+0000] {logging_mixin.py:188} INFO - [2026-07-21T18:02:03.762+0000] {dagbag.py:538} INFO - Filling up the DagBag from /home/airflow/.local/lib/python3.8/site-packages/airflow/example_dags/example_xcomargs.py
[2026-07-21T18:02:03.769+0000] {processor.py:840} INFO - DAG(s) 'example_xcom_args', 'example_xcom_args_with_operators' retrieved from /home/airflow/.local/lib/python3.8/site-packages/airflow/example_dags/example_xcomargs.py
[2026-07-21T18:02:03.791+0000] {logging_mixin.py:188} INFO - [2026-07-21T18:02:03.791+0000] {dag.py:3036} INFO - Sync 2 DAGs
[2026-07-21T18:02:03.802+0000] {logging_mixin.py:188} INFO - [2026-07-21T18:02:03.802+0000] {dag.py:3823} INFO - Setting next_dagrun for example_xcom_args to None, run_after=None
[2026-07-21T18:02:03.806+0000] {logging_mixin.py:188} INFO - [2026-07-21T18:02:03.805+0000] {dag.py:3823} INFO - Setting next_dagrun for example_xcom_args_with_operators to None, run_after=None
[2026-07-21T18:02:03.822+0000] {processor.py:183} INFO - Processing /home/airflow/.local/lib/python3.8/site-packages/airflow/example_dags/example_xcomargs.py took 0.066 seconds
[2026-07-21T18:02:34.327+0000] {processor.py:161} INFO - Started process (PID=760) to work on /home/airflow/.local/lib/python3.8/site-packages/airflow/example_dags/example_xcomargs.py
[2026-07-21T18:02:34.329+0000] {processor.py:830} INFO - Processing file /home/airflow/.local/lib/python3.8/site-packages/airflow/example_dags/example_xcomargs.py for tasks to queue
[2026-07-21T18:02:34.331+0000] {logging_mixin.py:188} INFO - [2026-07-21T18:02:34.330+0000] {dagbag.py:538} INFO - Filling up the DagBag from /home/airflow/.local/lib/python3.8/site-packages/airflow/example_dags/example_xcomargs.py
[2026-07-21T18:02:34.340+0000] {processor.py:840} INFO - DAG(s) 'example_xcom_args', 'example_xcom_args_with_operators' retrieved from /home/airflow/.local/lib/python3.8/site-packages/airflow/example_dags/example_xcomargs.py
[2026-07-21T18:02:34.367+0000] {logging_mixin.py:188} INFO - [2026-07-21T18:02:34.367+0000] {dag.py:3036} INFO - Sync 2 DAGs
[2026-07-21T18:02:34.381+0000] {logging_mixin.py:188} INFO - [2026-07-21T18:02:34.380+0000] {dag.py:3823} INFO - Setting next_dagrun for example_xcom_args to None, run_after=None
[2026-07-21T18:02:34.384+0000] {logging_mixin.py:188} INFO - [2026-07-21T18:02:34.384+0000] {dag.py:3823} INFO - Setting next_dagrun for example_xcom_args_with_operators to None, run_after=None
[2026-07-21T18:02:34.402+0000] {processor.py:183} INFO - Processing /home/airflow/.local/lib/python3.8/site-packages/airflow/example_dags/example_xcomargs.py took 0.079 seconds
[2026-07-21T18:03:04.675+0000] {processor.py:161} INFO - Started process (PID=816) to work on /home/airflow/.local/lib/python3.8/site-packages/airflow/example_dags/example_xcomargs.py
[2026-07-21T18:03:04.676+0000] {processor.py:830} INFO - Processing file /home/airflow/.local/lib/python3.8/site-packages/airflow/example_dags/example_xcomargs.py for tasks to queue
[2026-07-21T18:03:04.678+0000] {logging_mixin.py:188} INFO - [2026-07-21T18:03:04.677+0000] {dagbag.py:538} INFO - Filling up the DagBag from /home/airflow/.local/lib/python3.8/site-packages/airflow/example_dags/example_xcomargs.py
[2026-07-21T18:03:04.686+0000] {processor.py:840} INFO - DAG(s) 'example_xcom_args_with_operators', 'example_xcom_args' retrieved from /home/airflow/.local/lib/python3.8/site-packages/airflow/example_dags/example_xcomargs.py
[2026-07-21T18:03:04.709+0000] {logging_mixin.py:188} INFO - [2026-07-21T18:03:04.708+0000] {dag.py:3036} INFO - Sync 2 DAGs
[2026-07-21T18:03:04.720+0000] {logging_mixin.py:188} INFO - [2026-07-21T18:03:04.720+0000] {dag.py:3823} INFO - Setting next_dagrun for example_xcom_args to None, run_after=None
[2026-07-21T18:03:04.724+0000] {logging_mixin.py:188} INFO - [2026-07-21T18:03:04.723+0000] {dag.py:3823} INFO - Setting next_dagrun for example_xcom_args_with_operators to None, run_after=None
[2026-07-21T18:03:04.748+0000] {processor.py:183} INFO - Processing /home/airflow/.local/lib/python3.8/site-packages/airflow/example_dags/example_xcomargs.py took 0.077 seconds
[2026-07-21T18:03:35.021+0000] {processor.py:161} INFO - Started process (PID=872) to work on /home/airflow/.local/lib/python3.8/site-packages/airflow/example_dags/example_xcomargs.py
[2026-07-21T18:03:35.022+0000] {processor.py:830} INFO - Processing file /home/airflow/.local/lib/python3.8/site-packages/airflow/example_dags/example_xcomargs.py for tasks to queue
[2026-07-21T18:03:35.024+0000] {logging_mixin.py:188} INFO - [2026-07-21T18:03:35.024+0000] {dagbag.py:538} INFO - Filling up the DagBag from /home/airflow/.local/lib/python3.8/site-packages/airflow/example_dags/example_xcomargs.py
[2026-07-21T18:03:35.032+0000] {processor.py:840} INFO - DAG(s) 'example_xcom_args', 'example_xcom_args_with_operators' retrieved from /home/airflow/.local/lib/python3.8/site-packages/airflow/example_dags/example_xcomargs.py
[2026-07-21T18:03:35.056+0000] {logging_mixin.py:188} INFO - [2026-07-21T18:03:35.056+0000] {dag.py:3036} INFO - Sync 2 DAGs
[2026-07-21T18:03:35.069+0000] {logging_mixin.py:188} INFO - [2026-07-21T18:03:35.068+0000] {dag.py:3823} INFO - Setting next_dagrun for example_xcom_args to None, run_after=None
[2026-07-21T18:03:35.072+0000] {logging_mixin.py:188} INFO - [2026-07-21T18:03:35.072+0000] {dag.py:3823} INFO - Setting next_dagrun for example_xcom_args_with_operators to None, run_after=None
[2026-07-21T18:03:35.090+0000] {processor.py:183} INFO - Processing /home/airflow/.local/lib/python3.8/site-packages/airflow/example_dags/example_xcomargs.py took 0.072 seconds
[2026-07-21T18:04:05.350+0000] {processor.py:161} INFO - Started process (PID=928) to work on /home/airflow/.local/lib/python3.8/site-packages/airflow/example_dags/example_xcomargs.py
[2026-07-21T18:04:05.351+0000] {processor.py:830} INFO - Processing file /home/airflow/.local/lib/python3.8/site-packages/airflow/example_dags/example_xcomargs.py for tasks to queue
[2026-07-21T18:04:05.354+0000] {logging_mixin.py:188} INFO - [2026-07-21T18:04:05.354+0000] {dagbag.py:538} INFO - Filling up the DagBag from /home/airflow/.local/lib/python3.8/site-packages/airflow/example_dags/example_xcomargs.py
[2026-07-21T18:04:05.367+0000] {processor.py:840} INFO - DAG(s) 'example_xcom_args', 'example_xcom_args_with_operators' retrieved from /home/airflow/.local/lib/python3.8/site-packages/airflow/example_dags/example_xcomargs.py
[2026-07-21T18:04:05.405+0000] {logging_mixin.py:188} INFO - [2026-07-21T18:04:05.404+0000] {dag.py:3036} INFO - Sync 2 DAGs
[2026-07-21T18:04:05.427+0000] {logging_mixin.py:188} INFO - [2026-07-21T18:04:05.426+0000] {dag.py:3823} INFO - Setting next_dagrun for example_xcom_args to None, run_after=None
[2026-07-21T18:04:05.432+0000] {logging_mixin.py:188} INFO - [2026-07-21T18:04:05.431+0000] {dag.py:3823} INFO - Setting next_dagrun for example_xcom_args_with_operators to None, run_after=None
[2026-07-21T18:04:05.472+0000] {processor.py:183} INFO - Processing /home/airflow/.local/lib/python3.8/site-packages/airflow/example_dags/example_xcomargs.py took 0.127 seconds
[2026-07-21T18:04:35.744+0000] {processor.py:161} INFO - Started process (PID=984) to work on /home/airflow/.local/lib/python3.8/site-packages/airflow/example_dags/example_xcomargs.py
[2026-07-21T18:04:35.745+0000] {processor.py:830} INFO - Processing file /home/airflow/.local/lib/python3.8/site-packages/airflow/example_dags/example_xcomargs.py for tasks to queue
[2026-07-21T18:04:35.746+0000] {logging_mixin.py:188} INFO - [2026-07-21T18:04:35.746+0000] {dagbag.py:538} INFO - Filling up the DagBag from /home/airflow/.local/lib/python3.8/site-packages/airflow/example_dags/example_xcomargs.py
[2026-07-21T18:04:35.754+0000] {processor.py:840} INFO - DAG(s) 'example_xcom_args_with_operators', 'example_xcom_args' retrieved from /home/airflow/.local/lib/python3.8/site-packages/airflow/example_dags/example_xcomargs.py
[2026-07-21T18:04:35.776+0000] {logging_mixin.py:188} INFO - [2026-07-21T18:04:35.776+0000] {dag.py:3036} INFO - Sync 2 DAGs
[2026-07-21T18:04:35.789+0000] {logging_mixin.py:188} INFO - [2026-07-21T18:04:35.789+0000] {dag.py:3823} INFO - Setting next_dagrun for example_xcom_args to None, run_after=None
[2026-07-21T18:04:35.793+0000] {logging_mixin.py:188} INFO - [2026-07-21T18:04:35.792+0000] {dag.py:3823} INFO - Setting next_dagrun for example_xcom_args_with_operators to None, run_after=None
[2026-07-21T18:04:35.808+0000] {processor.py:183} INFO - Processing /home/airflow/.local/lib/python3.8/site-packages/airflow/example_dags/example_xcomargs.py took 0.067 seconds
[2026-07-21T18:05:06.074+0000] {processor.py:161} INFO - Started process (PID=1040) to work on /home/airflow/.local/lib/python3.8/site-packages/airflow/example_dags/example_xcomargs.py
[2026-07-21T18:05:06.075+0000] {processor.py:830} INFO - Processing file /home/airflow/.local/lib/python3.8/site-packages/airflow/example_dags/example_xcomargs.py for tasks to queue
[2026-07-21T18:05:06.077+0000] {logging_mixin.py:188} INFO - [2026-07-21T18:05:06.077+0000] {dagbag.py:538} INFO - Filling up the DagBag from /home/airflow/.local/lib/python3.8/site-packages/airflow/example_dags/example_xcomargs.py
[2026-07-21T18:05:06.086+0000] {processor.py:840} INFO - DAG(s) 'example_xcom_args', 'example_xcom_args_with_operators' retrieved from /home/airflow/.local/lib/python3.8/site-packages/airflow/example_dags/example_xcomargs.py
[2026-07-21T18:05:06.113+0000] {logging_mixin.py:188} INFO - [2026-07-21T18:05:06.113+0000] {dag.py:3036} INFO - Sync 2 DAGs
[2026-07-21T18:05:06.125+0000] {logging_mixin.py:188} INFO - [2026-07-21T18:05:06.124+0000] {dag.py:3823} INFO - Setting next_dagrun for example_xcom_args to None, run_after=None
[2026-07-21T18:05:06.129+0000] {logging_mixin.py:188} INFO - [2026-07-21T18:05:06.128+0000] {dag.py:3823} INFO - Setting next_dagrun for example_xcom_args_with_operators to None, run_after=None
[2026-07-21T18:05:06.145+0000] {processor.py:183} INFO - Processing /home/airflow/.local/lib/python3.8/site-packages/airflow/example_dags/example_xcomargs.py took 0.075 seconds
[2026-07-21T18:05:36.772+0000] {processor.py:161} INFO - Started process (PID=1096) to work on /home/airflow/.local/lib/python3.8/site-packages/airflow/example_dags/example_xcomargs.py
[2026-07-21T18:05:36.773+0000] {processor.py:830} INFO - Processing file /home/airflow/.local/lib/python3.8/site-packages/airflow/example_dags/example_xcomargs.py for tasks to queue
[2026-07-21T18:05:36.775+0000] {logging_mixin.py:188} INFO - [2026-07-21T18:05:36.775+0000] {dagbag.py:538} INFO - Filling up the DagBag from /home/airflow/.local/lib/python3.8/site-packages/airflow/example_dags/example_xcomargs.py
[2026-07-21T18:05:36.783+0000] {processor.py:840} INFO - DAG(s) 'example_xcom_args', 'example_xcom_args_with_operators' retrieved from /home/airflow/.local/lib/python3.8/site-packages/airflow/example_dags/example_xcomargs.py
[2026-07-21T18:05:36.806+0000] {logging_mixin.py:188} INFO - [2026-07-21T18:05:36.806+0000] {dag.py:3036} INFO - Sync 2 DAGs
[2026-07-21T18:05:36.818+0000] {logging_mixin.py:188} INFO - [2026-07-21T18:05:36.818+0000] {dag.py:3823} INFO - Setting next_dagrun for example_xcom_args to None, run_after=None
[2026-07-21T18:05:36.822+0000] {logging_mixin.py:188} INFO - [2026-07-21T18:05:36.822+0000] {dag.py:3823} INFO - Setting next_dagrun for example_xcom_args_with_operators to None, run_after=None
[2026-07-21T18:05:36.839+0000] {processor.py:183} INFO - Processing /home/airflow/.local/lib/python3.8/site-packages/airflow/example_dags/example_xcomargs.py took 0.070 seconds
[2026-07-21T18:06:07.151+0000] {processor.py:161} INFO - Started process (PID=1152) to work on /home/airflow/.local/lib/python3.8/site-packages/airflow/example_dags/example_xcomargs.py
[2026-07-21T18:06:07.152+0000] {processor.py:830} INFO - Processing file /home/airflow/.local/lib/python3.8/site-packages/airflow/example_dags/example_xcomargs.py for tasks to queue
[2026-07-21T18:06:07.155+0000] {logging_mixin.py:188} INFO - [2026-07-21T18:06:07.154+0000] {dagbag.py:538} INFO - Filling up the DagBag from /home/airflow/.local/lib/python3.8/site-packages/airflow/example_dags/example_xcomargs.py
[2026-07-21T18:06:07.164+0000] {processor.py:840} INFO - DAG(s) 'example_xcom_args_with_operators', 'example_xcom_args' retrieved from /home/airflow/.local/lib/python3.8/site-packages/airflow/example_dags/example_xcomargs.py
[2026-07-21T18:06:07.190+0000] {logging_mixin.py:188} INFO - [2026-07-21T18:06:07.190+0000] {dag.py:3036} INFO - Sync 2 DAGs
[2026-07-21T18:06:07.205+0000] {logging_mixin.py:188} INFO - [2026-07-21T18:06:07.205+0000] {dag.py:3823} INFO - Setting next_dagrun for example_xcom_args to None, run_after=None
[2026-07-21T18:06:07.209+0000] {logging_mixin.py:188} INFO - [2026-07-21T18:06:07.209+0000] {dag.py:3823} INFO - Setting next_dagrun for example_xcom_args_with_operators to None, run_after=None
[2026-07-21T18:06:07.230+0000] {processor.py:183} INFO - Processing /home/airflow/.local/lib/python3.8/site-packages/airflow/example_dags/example_xcomargs.py took 0.084 seconds
[2026-07-21T18:06:37.743+0000] {processor.py:161} INFO - Started process (PID=1208) to work on /home/airflow/.local/lib/python3.8/site-packages/airflow/example_dags/example_xcomargs.py
[2026-07-21T18:06:37.744+0000] {processor.py:830} INFO - Processing file /home/airflow/.local/lib/python3.8/site-packages/airflow/example_dags/example_xcomargs.py for tasks to queue
[2026-07-21T18:06:37.746+0000] {logging_mixin.py:188} INFO - [2026-07-21T18:06:37.746+0000] {dagbag.py:538} INFO - Filling up the DagBag from /home/airflow/.local/lib/python3.8/site-packages/airflow/example_dags/example_xcomargs.py
[2026-07-21T18:06:37.754+0000] {processor.py:840} INFO - DAG(s) 'example_xcom_args_with_operators', 'example_xcom_args' retrieved from /home/airflow/.local/lib/python3.8/site-packages/airflow/example_dags/example_xcomargs.py
[2026-07-21T18:06:37.777+0000] {logging_mixin.py:188} INFO - [2026-07-21T18:06:37.777+0000] {dag.py:3036} INFO - Sync 2 DAGs
[2026-07-21T18:06:37.791+0000] {logging_mixin.py:188} INFO - [2026-07-21T18:06:37.790+0000] {dag.py:3823} INFO - Setting next_dagrun for example_xcom_args to None, run_after=None
[2026-07-21T18:06:37.796+0000] {logging_mixin.py:188} INFO - [2026-07-21T18:06:37.795+0000] {dag.py:3823} INFO - Setting next_dagrun for example_xcom_args_with_operators to None, run_after=None
[2026-07-21T18:06:37.822+0000] {processor.py:183} INFO - Processing /home/airflow/.local/lib/python3.8/site-packages/airflow/example_dags/example_xcomargs.py took 0.082 seconds
[2026-07-21T18:07:08.008+0000] {processor.py:161} INFO - Started process (PID=1264) to work on /home/airflow/.local/lib/python3.8/site-packages/airflow/example_dags/example_xcomargs.py
[2026-07-21T18:07:08.009+0000] {processor.py:830} INFO - Processing file /home/airflow/.local/lib/python3.8/site-packages/airflow/example_dags/example_xcomargs.py for tasks to queue
[2026-07-21T18:07:08.011+0000] {logging_mixin.py:188} INFO - [2026-07-21T18:07:08.011+0000] {dagbag.py:538} INFO - Filling up the DagBag from /home/airflow/.local/lib/python3.8/site-packages/airflow/example_dags/example_xcomargs.py
[2026-07-21T18:07:08.020+0000] {processor.py:840} INFO - DAG(s) 'example_xcom_args', 'example_xcom_args_with_operators' retrieved from /home/airflow/.local/lib/python3.8/site-packages/airflow/example_dags/example_xcomargs.py
[2026-07-21T18:07:08.043+0000] {logging_mixin.py:188} INFO - [2026-07-21T18:07:08.043+0000] {dag.py:3036} INFO - Sync 2 DAGs
[2026-07-21T18:07:08.055+0000] {logging_mixin.py:188} INFO - [2026-07-21T18:07:08.055+0000] {dag.py:3823} INFO - Setting next_dagrun for example_xcom_args to None, run_after=None
[2026-07-21T18:07:08.059+0000] {logging_mixin.py:188} INFO - [2026-07-21T18:07:08.059+0000] {dag.py:3823} INFO - Setting next_dagrun for example_xcom_args_with_operators to None, run_after=None
[2026-07-21T18:07:08.084+0000] {processor.py:183} INFO - Processing /home/airflow/.local/lib/python3.8/site-packages/airflow/example_dags/example_xcomargs.py took 0.079 seconds
[2026-07-21T18:07:38.530+0000] {processor.py:161} INFO - Started process (PID=1320) to work on /home/airflow/.local/lib/python3.8/site-packages/airflow/example_dags/example_xcomargs.py
[2026-07-21T18:07:38.537+0000] {processor.py:830} INFO - Processing file /home/airflow/.local/lib/python3.8/site-packages/airflow/example_dags/example_xcomargs.py for tasks to queue
[2026-07-21T18:07:38.548+0000] {logging_mixin.py:188} INFO - [2026-07-21T18:07:38.547+0000] {dagbag.py:538} INFO - Filling up the DagBag from /home/airflow/.local/lib/python3.8/site-packages/airflow/example_dags/example_xcomargs.py
[2026-07-21T18:07:38.595+0000] {processor.py:840} INFO - DAG(s) 'example_xcom_args_with_operators', 'example_xcom_args' retrieved from /home/airflow/.local/lib/python3.8/site-packages/airflow/example_dags/example_xcomargs.py
[2026-07-21T18:07:38.638+0000] {logging_mixin.py:188} INFO - [2026-07-21T18:07:38.638+0000] {dag.py:3036} INFO - Sync 2 DAGs
[2026-07-21T18:07:38.659+0000] {logging_mixin.py:188} INFO - [2026-07-21T18:07:38.659+0000] {dag.py:3823} INFO - Setting next_dagrun for example_xcom_args to None, run_after=None
[2026-07-21T18:07:38.664+0000] {logging_mixin.py:188} INFO - [2026-07-21T18:07:38.664+0000] {dag.py:3823} INFO - Setting next_dagrun for example_xcom_args_with_operators to None, run_after=None
[2026-07-21T18:07:38.686+0000] {processor.py:183} INFO - Processing /home/airflow/.local/lib/python3.8/site-packages/airflow/example_dags/example_xcomargs.py took 0.175 seconds
[2026-07-21T18:09:13.360+0000] {processor.py:161} INFO - Started process (PID=121) to work on /home/airflow/.local/lib/python3.8/site-packages/airflow/example_dags/example_xcomargs.py
[2026-07-21T18:09:13.362+0000] {processor.py:830} INFO - Processing file /home/airflow/.local/lib/python3.8/site-packages/airflow/example_dags/example_xcomargs.py for tasks to queue
[2026-07-21T18:09:13.364+0000] {logging_mixin.py:188} INFO - [2026-07-21T18:09:13.363+0000] {dagbag.py:538} INFO - Filling up the DagBag from /home/airflow/.local/lib/python3.8/site-packages/airflow/example_dags/example_xcomargs.py
[2026-07-21T18:09:13.375+0000] {processor.py:840} INFO - DAG(s) 'example_xcom_args', 'example_xcom_args_with_operators' retrieved from /home/airflow/.local/lib/python3.8/site-packages/airflow/example_dags/example_xcomargs.py
[2026-07-21T18:09:13.395+0000] {logging_mixin.py:188} INFO - [2026-07-21T18:09:13.395+0000] {dag.py:3036} INFO - Sync 2 DAGs
[2026-07-21T18:09:13.417+0000] {logging_mixin.py:188} INFO - [2026-07-21T18:09:13.417+0000] {dag.py:3823} INFO - Setting next_dagrun for example_xcom_args to None, run_after=None
[2026-07-21T18:09:13.424+0000] {logging_mixin.py:188} INFO - [2026-07-21T18:09:13.424+0000] {dag.py:3823} INFO - Setting next_dagrun for example_xcom_args_with_operators to None, run_after=None
[2026-07-21T18:09:13.449+0000] {processor.py:183} INFO - Processing /home/airflow/.local/lib/python3.8/site-packages/airflow/example_dags/example_xcomargs.py took 0.093 seconds
[2026-07-21T18:09:44.209+0000] {processor.py:161} INFO - Started process (PID=177) to work on /home/airflow/.local/lib/python3.8/site-packages/airflow/example_dags/example_xcomargs.py
[2026-07-21T18:09:44.210+0000] {processor.py:830} INFO - Processing file /home/airflow/.local/lib/python3.8/site-packages/airflow/example_dags/example_xcomargs.py for tasks to queue
[2026-07-21T18:09:44.213+0000] {logging_mixin.py:188} INFO - [2026-07-21T18:09:44.212+0000] {dagbag.py:538} INFO - Filling up the DagBag from /home/airflow/.local/lib/python3.8/site-packages/airflow/example_dags/example_xcomargs.py
[2026-07-21T18:09:44.222+0000] {processor.py:840} INFO - DAG(s) 'example_xcom_args', 'example_xcom_args_with_operators' retrieved from /home/airflow/.local/lib/python3.8/site-packages/airflow/example_dags/example_xcomargs.py
[2026-07-21T18:09:44.338+0000] {logging_mixin.py:188} INFO - [2026-07-21T18:09:44.337+0000] {dag.py:3036} INFO - Sync 2 DAGs
[2026-07-21T18:09:44.349+0000] {logging_mixin.py:188} INFO - [2026-07-21T18:09:44.349+0000] {dag.py:3823} INFO - Setting next_dagrun for example_xcom_args to None, run_after=None
[2026-07-21T18:09:44.353+0000] {logging_mixin.py:188} INFO - [2026-07-21T18:09:44.352+0000] {dag.py:3823} INFO - Setting next_dagrun for example_xcom_args_with_operators to None, run_after=None
[2026-07-21T18:09:44.372+0000] {processor.py:183} INFO - Processing /home/airflow/.local/lib/python3.8/site-packages/airflow/example_dags/example_xcomargs.py took 0.166 seconds
[2026-07-21T18:10:14.809+0000] {processor.py:161} INFO - Started process (PID=233) to work on /home/airflow/.local/lib/python3.8/site-packages/airflow/example_dags/example_xcomargs.py
[2026-07-21T18:10:14.810+0000] {processor.py:830} INFO - Processing file /home/airflow/.local/lib/python3.8/site-packages/airflow/example_dags/example_xcomargs.py for tasks to queue
[2026-07-21T18:10:14.812+0000] {logging_mixin.py:188} INFO - [2026-07-21T18:10:14.812+0000] {dagbag.py:538} INFO - Filling up the DagBag from /home/airflow/.local/lib/python3.8/site-packages/airflow/example_dags/example_xcomargs.py
[2026-07-21T18:10:14.821+0000] {processor.py:840} INFO - DAG(s) 'example_xcom_args', 'example_xcom_args_with_operators' retrieved from /home/airflow/.local/lib/python3.8/site-packages/airflow/example_dags/example_xcomargs.py
[2026-07-21T18:10:14.846+0000] {logging_mixin.py:188} INFO - [2026-07-21T18:10:14.846+0000] {dag.py:3036} INFO - Sync 2 DAGs
[2026-07-21T18:10:14.859+0000] {logging_mixin.py:188} INFO - [2026-07-21T18:10:14.859+0000] {dag.py:3823} INFO - Setting next_dagrun for example_xcom_args to None, run_after=None
[2026-07-21T18:10:14.863+0000] {logging_mixin.py:188} INFO - [2026-07-21T18:10:14.862+0000] {dag.py:3823} INFO - Setting next_dagrun for example_xcom_args_with_operators to None, run_after=None
[2026-07-21T18:10:14.883+0000] {processor.py:183} INFO - Processing /home/airflow/.local/lib/python3.8/site-packages/airflow/example_dags/example_xcomargs.py took 0.078 seconds
[2026-07-21T18:10:45.049+0000] {processor.py:161} INFO - Started process (PID=289) to work on /home/airflow/.local/lib/python3.8/site-packages/airflow/example_dags/example_xcomargs.py
[2026-07-21T18:10:45.050+0000] {processor.py:830} INFO - Processing file /home/airflow/.local/lib/python3.8/site-packages/airflow/example_dags/example_xcomargs.py for tasks to queue
[2026-07-21T18:10:45.052+0000] {logging_mixin.py:188} INFO - [2026-07-21T18:10:45.052+0000] {dagbag.py:538} INFO - Filling up the DagBag from /home/airflow/.local/lib/python3.8/site-packages/airflow/example_dags/example_xcomargs.py
[2026-07-21T18:10:45.062+0000] {processor.py:840} INFO - DAG(s) 'example_xcom_args_with_operators', 'example_xcom_args' retrieved from /home/airflow/.local/lib/python3.8/site-packages/airflow/example_dags/example_xcomargs.py
[2026-07-21T18:10:45.087+0000] {logging_mixin.py:188} INFO - [2026-07-21T18:10:45.087+0000] {dag.py:3036} INFO - Sync 2 DAGs
[2026-07-21T18:10:45.101+0000] {logging_mixin.py:188} INFO - [2026-07-21T18:10:45.101+0000] {dag.py:3823} INFO - Setting next_dagrun for example_xcom_args to None, run_after=None
[2026-07-21T18:10:45.105+0000] {logging_mixin.py:188} INFO - [2026-07-21T18:10:45.105+0000] {dag.py:3823} INFO - Setting next_dagrun for example_xcom_args_with_operators to None, run_after=None
[2026-07-21T18:10:45.124+0000] {processor.py:183} INFO - Processing /home/airflow/.local/lib/python3.8/site-packages/airflow/example_dags/example_xcomargs.py took 0.080 seconds
[2026-07-21T18:11:15.477+0000] {processor.py:161} INFO - Started process (PID=345) to work on /home/airflow/.local/lib/python3.8/site-packages/airflow/example_dags/example_xcomargs.py
[2026-07-21T18:11:15.478+0000] {processor.py:830} INFO - Processing file /home/airflow/.local/lib/python3.8/site-packages/airflow/example_dags/example_xcomargs.py for tasks to queue
[2026-07-21T18:11:15.481+0000] {logging_mixin.py:188} INFO - [2026-07-21T18:11:15.480+0000] {dagbag.py:538} INFO - Filling up the DagBag from /home/airflow/.local/lib/python3.8/site-packages/airflow/example_dags/example_xcomargs.py
[2026-07-21T18:11:15.490+0000] {processor.py:840} INFO - DAG(s) 'example_xcom_args_with_operators', 'example_xcom_args' retrieved from /home/airflow/.local/lib/python3.8/site-packages/airflow/example_dags/example_xcomargs.py
[2026-07-21T18:11:15.516+0000] {logging_mixin.py:188} INFO - [2026-07-21T18:11:15.515+0000] {dag.py:3036} INFO - Sync 2 DAGs
[2026-07-21T18:11:15.528+0000] {logging_mixin.py:188} INFO - [2026-07-21T18:11:15.528+0000] {dag.py:3823} INFO - Setting next_dagrun for example_xcom_args to None, run_after=None
[2026-07-21T18:11:15.532+0000] {logging_mixin.py:188} INFO - [2026-07-21T18:11:15.532+0000] {dag.py:3823} INFO - Setting next_dagrun for example_xcom_args_with_operators to None, run_after=None
[2026-07-21T18:11:15.553+0000] {processor.py:183} INFO - Processing /home/airflow/.local/lib/python3.8/site-packages/airflow/example_dags/example_xcomargs.py took 0.080 seconds
[2026-07-21T18:11:46.002+0000] {processor.py:161} INFO - Started process (PID=401) to work on /home/airflow/.local/lib/python3.8/site-packages/airflow/example_dags/example_xcomargs.py
[2026-07-21T18:11:46.003+0000] {processor.py:830} INFO - Processing file /home/airflow/.local/lib/python3.8/site-packages/airflow/example_dags/example_xcomargs.py for tasks to queue
[2026-07-21T18:11:46.005+0000] {logging_mixin.py:188} INFO - [2026-07-21T18:11:46.005+0000] {dagbag.py:538} INFO - Filling up the DagBag from /home/airflow/.local/lib/python3.8/site-packages/airflow/example_dags/example_xcomargs.py
[2026-07-21T18:11:46.015+0000] {processor.py:840} INFO - DAG(s) 'example_xcom_args', 'example_xcom_args_with_operators' retrieved from /home/airflow/.local/lib/python3.8/site-packages/airflow/example_dags/example_xcomargs.py
[2026-07-21T18:11:46.041+0000] {logging_mixin.py:188} INFO - [2026-07-21T18:11:46.041+0000] {dag.py:3036} INFO - Sync 2 DAGs
[2026-07-21T18:11:46.053+0000] {logging_mixin.py:188} INFO - [2026-07-21T18:11:46.053+0000] {dag.py:3823} INFO - Setting next_dagrun for example_xcom_args to None, run_after=None
[2026-07-21T18:11:46.057+0000] {logging_mixin.py:188} INFO - [2026-07-21T18:11:46.057+0000] {dag.py:3823} INFO - Setting next_dagrun for example_xcom_args_with_operators to None, run_after=None
[2026-07-21T18:11:46.075+0000] {processor.py:183} INFO - Processing /home/airflow/.local/lib/python3.8/site-packages/airflow/example_dags/example_xcomargs.py took 0.078 seconds
[2026-07-21T18:12:16.755+0000] {processor.py:161} INFO - Started process (PID=457) to work on /home/airflow/.local/lib/python3.8/site-packages/airflow/example_dags/example_xcomargs.py
[2026-07-21T18:12:16.757+0000] {processor.py:830} INFO - Processing file /home/airflow/.local/lib/python3.8/site-packages/airflow/example_dags/example_xcomargs.py for tasks to queue
[2026-07-21T18:12:16.759+0000] {logging_mixin.py:188} INFO - [2026-07-21T18:12:16.759+0000] {dagbag.py:538} INFO - Filling up the DagBag from /home/airflow/.local/lib/python3.8/site-packages/airflow/example_dags/example_xcomargs.py
[2026-07-21T18:12:16.768+0000] {processor.py:840} INFO - DAG(s) 'example_xcom_args', 'example_xcom_args_with_operators' retrieved from /home/airflow/.local/lib/python3.8/site-packages/airflow/example_dags/example_xcomargs.py
[2026-07-21T18:12:16.794+0000] {logging_mixin.py:188} INFO - [2026-07-21T18:12:16.793+0000] {dag.py:3036} INFO - Sync 2 DAGs
[2026-07-21T18:12:16.807+0000] {logging_mixin.py:188} INFO - [2026-07-21T18:12:16.806+0000] {dag.py:3823} INFO - Setting next_dagrun for example_xcom_args to None, run_after=None
[2026-07-21T18:12:16.811+0000] {logging_mixin.py:188} INFO - [2026-07-21T18:12:16.811+0000] {dag.py:3823} INFO - Setting next_dagrun for example_xcom_args_with_operators to None, run_after=None
[2026-07-21T18:12:16.832+0000] {processor.py:183} INFO - Processing /home/airflow/.local/lib/python3.8/site-packages/airflow/example_dags/example_xcomargs.py took 0.081 seconds
[2026-07-21T18:12:47.616+0000] {processor.py:161} INFO - Started process (PID=513) to work on /home/airflow/.local/lib/python3.8/site-packages/airflow/example_dags/example_xcomargs.py
[2026-07-21T18:12:47.618+0000] {processor.py:830} INFO - Processing file /home/airflow/.local/lib/python3.8/site-packages/airflow/example_dags/example_xcomargs.py for tasks to queue
[2026-07-21T18:12:47.620+0000] {logging_mixin.py:188} INFO - [2026-07-21T18:12:47.619+0000] {dagbag.py:538} INFO - Filling up the DagBag from /home/airflow/.local/lib/python3.8/site-packages/airflow/example_dags/example_xcomargs.py
[2026-07-21T18:12:47.628+0000] {processor.py:840} INFO - DAG(s) 'example_xcom_args', 'example_xcom_args_with_operators' retrieved from /home/airflow/.local/lib/python3.8/site-packages/airflow/example_dags/example_xcomargs.py
[2026-07-21T18:12:47.652+0000] {logging_mixin.py:188} INFO - [2026-07-21T18:12:47.652+0000] {dag.py:3036} INFO - Sync 2 DAGs
[2026-07-21T18:12:47.665+0000] {logging_mixin.py:188} INFO - [2026-07-21T18:12:47.664+0000] {dag.py:3823} INFO - Setting next_dagrun for example_xcom_args to None, run_after=None
[2026-07-21T18:12:47.668+0000] {logging_mixin.py:188} INFO - [2026-07-21T18:12:47.668+0000] {dag.py:3823} INFO - Setting next_dagrun for example_xcom_args_with_operators to None, run_after=None
[2026-07-21T18:12:47.686+0000] {processor.py:183} INFO - Processing /home/airflow/.local/lib/python3.8/site-packages/airflow/example_dags/example_xcomargs.py took 0.074 seconds
[2026-07-21T18:13:18.421+0000] {processor.py:161} INFO - Started process (PID=569) to work on /home/airflow/.local/lib/python3.8/site-packages/airflow/example_dags/example_xcomargs.py
[2026-07-21T18:13:18.422+0000] {processor.py:830} INFO - Processing file /home/airflow/.local/lib/python3.8/site-packages/airflow/example_dags/example_xcomargs.py for tasks to queue
[2026-07-21T18:13:18.424+0000] {logging_mixin.py:188} INFO - [2026-07-21T18:13:18.424+0000] {dagbag.py:538} INFO - Filling up the DagBag from /home/airflow/.local/lib/python3.8/site-packages/airflow/example_dags/example_xcomargs.py
[2026-07-21T18:13:18.433+0000] {processor.py:840} INFO - DAG(s) 'example_xcom_args', 'example_xcom_args_with_operators' retrieved from /home/airflow/.local/lib/python3.8/site-packages/airflow/example_dags/example_xcomargs.py
[2026-07-21T18:13:18.458+0000] {logging_mixin.py:188} INFO - [2026-07-21T18:13:18.458+0000] {dag.py:3036} INFO - Sync 2 DAGs
[2026-07-21T18:13:18.470+0000] {logging_mixin.py:188} INFO - [2026-07-21T18:13:18.470+0000] {dag.py:3823} INFO - Setting next_dagrun for example_xcom_args to None, run_after=None
[2026-07-21T18:13:18.474+0000] {logging_mixin.py:188} INFO - [2026-07-21T18:13:18.473+0000] {dag.py:3823} INFO - Setting next_dagrun for example_xcom_args_with_operators to None, run_after=None
[2026-07-21T18:13:18.492+0000] {processor.py:183} INFO - Processing /home/airflow/.local/lib/python3.8/site-packages/airflow/example_dags/example_xcomargs.py took 0.075 seconds
[2026-07-21T18:13:48.844+0000] {processor.py:161} INFO - Started process (PID=625) to work on /home/airflow/.local/lib/python3.8/site-packages/airflow/example_dags/example_xcomargs.py
[2026-07-21T18:13:48.846+0000] {processor.py:830} INFO - Processing file /home/airflow/.local/lib/python3.8/site-packages/airflow/example_dags/example_xcomargs.py for tasks to queue
[2026-07-21T18:13:48.847+0000] {logging_mixin.py:188} INFO - [2026-07-21T18:13:48.847+0000] {dagbag.py:538} INFO - Filling up the DagBag from /home/airflow/.local/lib/python3.8/site-packages/airflow/example_dags/example_xcomargs.py
[2026-07-21T18:13:48.856+0000] {processor.py:840} INFO - DAG(s) 'example_xcom_args', 'example_xcom_args_with_operators' retrieved from /home/airflow/.local/lib/python3.8/site-packages/airflow/example_dags/example_xcomargs.py
[2026-07-21T18:13:48.879+0000] {logging_mixin.py:188} INFO - [2026-07-21T18:13:48.879+0000] {dag.py:3036} INFO - Sync 2 DAGs
[2026-07-21T18:13:48.891+0000] {logging_mixin.py:188} INFO - [2026-07-21T18:13:48.891+0000] {dag.py:3823} INFO - Setting next_dagrun for example_xcom_args to None, run_after=None
[2026-07-21T18:13:48.895+0000] {logging_mixin.py:188} INFO - [2026-07-21T18:13:48.895+0000] {dag.py:3823} INFO - Setting next_dagrun for example_xcom_args_with_operators to None, run_after=None
[2026-07-21T18:13:48.912+0000] {processor.py:183} INFO - Processing /home/airflow/.local/lib/python3.8/site-packages/airflow/example_dags/example_xcomargs.py took 0.072 seconds
[2026-07-21T18:14:19.853+0000] {processor.py:161} INFO - Started process (PID=681) to work on /home/airflow/.local/lib/python3.8/site-packages/airflow/example_dags/example_xcomargs.py
[2026-07-21T18:14:19.855+0000] {processor.py:830} INFO - Processing file /home/airflow/.local/lib/python3.8/site-packages/airflow/example_dags/example_xcomargs.py for tasks to queue
[2026-07-21T18:14:19.857+0000] {logging_mixin.py:188} INFO - [2026-07-21T18:14:19.857+0000] {dagbag.py:538} INFO - Filling up the DagBag from /home/airflow/.local/lib/python3.8/site-packages/airflow/example_dags/example_xcomargs.py
[2026-07-21T18:14:19.866+0000] {processor.py:840} INFO - DAG(s) 'example_xcom_args_with_operators', 'example_xcom_args' retrieved from /home/airflow/.local/lib/python3.8/site-packages/airflow/example_dags/example_xcomargs.py
[2026-07-21T18:14:19.889+0000] {logging_mixin.py:188} INFO - [2026-07-21T18:14:19.889+0000] {dag.py:3036} INFO - Sync 2 DAGs
[2026-07-21T18:14:19.901+0000] {logging_mixin.py:188} INFO - [2026-07-21T18:14:19.901+0000] {dag.py:3823} INFO - Setting next_dagrun for example_xcom_args to None, run_after=None
[2026-07-21T18:14:19.905+0000] {logging_mixin.py:188} INFO - [2026-07-21T18:14:19.904+0000] {dag.py:3823} INFO - Setting next_dagrun for example_xcom_args_with_operators to None, run_after=None
[2026-07-21T18:14:19.922+0000] {processor.py:183} INFO - Processing /home/airflow/.local/lib/python3.8/site-packages/airflow/example_dags/example_xcomargs.py took 0.072 seconds
[2026-07-21T18:14:50.836+0000] {processor.py:161} INFO - Started process (PID=738) to work on /home/airflow/.local/lib/python3.8/site-packages/airflow/example_dags/example_xcomargs.py
[2026-07-21T18:14:50.837+0000] {processor.py:830} INFO - Processing file /home/airflow/.local/lib/python3.8/site-packages/airflow/example_dags/example_xcomargs.py for tasks to queue
[2026-07-21T18:14:50.839+0000] {logging_mixin.py:188} INFO - [2026-07-21T18:14:50.839+0000] {dagbag.py:538} INFO - Filling up the DagBag from /home/airflow/.local/lib/python3.8/site-packages/airflow/example_dags/example_xcomargs.py
[2026-07-21T18:14:50.849+0000] {processor.py:840} INFO - DAG(s) 'example_xcom_args_with_operators', 'example_xcom_args' retrieved from /home/airflow/.local/lib/python3.8/site-packages/airflow/example_dags/example_xcomargs.py
[2026-07-21T18:14:50.877+0000] {logging_mixin.py:188} INFO - [2026-07-21T18:14:50.877+0000] {dag.py:3036} INFO - Sync 2 DAGs
[2026-07-21T18:14:50.889+0000] {logging_mixin.py:188} INFO - [2026-07-21T18:14:50.888+0000] {dag.py:3823} INFO - Setting next_dagrun for example_xcom_args to None, run_after=None
[2026-07-21T18:14:50.893+0000] {logging_mixin.py:188} INFO - [2026-07-21T18:14:50.893+0000] {dag.py:3823} INFO - Setting next_dagrun for example_xcom_args_with_operators to None, run_after=None
[2026-07-21T18:14:50.912+0000] {processor.py:183} INFO - Processing /home/airflow/.local/lib/python3.8/site-packages/airflow/example_dags/example_xcomargs.py took 0.080 seconds
[2026-07-21T18:15:21.706+0000] {processor.py:161} INFO - Started process (PID=794) to work on /home/airflow/.local/lib/python3.8/site-packages/airflow/example_dags/example_xcomargs.py
[2026-07-21T18:15:21.707+0000] {processor.py:830} INFO - Processing file /home/airflow/.local/lib/python3.8/site-packages/airflow/example_dags/example_xcomargs.py for tasks to queue
[2026-07-21T18:15:21.709+0000] {logging_mixin.py:188} INFO - [2026-07-21T18:15:21.709+0000] {dagbag.py:538} INFO - Filling up the DagBag from /home/airflow/.local/lib/python3.8/site-packages/airflow/example_dags/example_xcomargs.py
[2026-07-21T18:15:21.718+0000] {processor.py:840} INFO - DAG(s) 'example_xcom_args_with_operators', 'example_xcom_args' retrieved from /home/airflow/.local/lib/python3.8/site-packages/airflow/example_dags/example_xcomargs.py
[2026-07-21T18:15:21.741+0000] {logging_mixin.py:188} INFO - [2026-07-21T18:15:21.741+0000] {dag.py:3036} INFO - Sync 2 DAGs
[2026-07-21T18:15:21.754+0000] {logging_mixin.py:188} INFO - [2026-07-21T18:15:21.753+0000] {dag.py:3823} INFO - Setting next_dagrun for example_xcom_args to None, run_after=None
[2026-07-21T18:15:21.757+0000] {logging_mixin.py:188} INFO - [2026-07-21T18:15:21.757+0000] {dag.py:3823} INFO - Setting next_dagrun for example_xcom_args_with_operators to None, run_after=None
[2026-07-21T18:15:21.775+0000] {processor.py:183} INFO - Processing /home/airflow/.local/lib/python3.8/site-packages/airflow/example_dags/example_xcomargs.py took 0.074 seconds
[2026-07-21T18:15:52.463+0000] {processor.py:161} INFO - Started process (PID=850) to work on /home/airflow/.local/lib/python3.8/site-packages/airflow/example_dags/example_xcomargs.py
[2026-07-21T18:15:52.464+0000] {processor.py:830} INFO - Processing file /home/airflow/.local/lib/python3.8/site-packages/airflow/example_dags/example_xcomargs.py for tasks to queue
[2026-07-21T18:15:52.466+0000] {logging_mixin.py:188} INFO - [2026-07-21T18:15:52.466+0000] {dagbag.py:538} INFO - Filling up the DagBag from /home/airflow/.local/lib/python3.8/site-packages/airflow/example_dags/example_xcomargs.py
[2026-07-21T18:15:52.475+0000] {processor.py:840} INFO - DAG(s) 'example_xcom_args', 'example_xcom_args_with_operators' retrieved from /home/airflow/.local/lib/python3.8/site-packages/airflow/example_dags/example_xcomargs.py
[2026-07-21T18:15:52.500+0000] {logging_mixin.py:188} INFO - [2026-07-21T18:15:52.500+0000] {dag.py:3036} INFO - Sync 2 DAGs
[2026-07-21T18:15:52.513+0000] {logging_mixin.py:188} INFO - [2026-07-21T18:15:52.512+0000] {dag.py:3823} INFO - Setting next_dagrun for example_xcom_args to None, run_after=None
[2026-07-21T18:15:52.516+0000] {logging_mixin.py:188} INFO - [2026-07-21T18:15:52.516+0000] {dag.py:3823} INFO - Setting next_dagrun for example_xcom_args_with_operators to None, run_after=None
[2026-07-21T18:15:52.534+0000] {processor.py:183} INFO - Processing /home/airflow/.local/lib/python3.8/site-packages/airflow/example_dags/example_xcomargs.py took 0.075 seconds
[2026-07-21T18:16:23.159+0000] {processor.py:161} INFO - Started process (PID=906) to work on /home/airflow/.local/lib/python3.8/site-packages/airflow/example_dags/example_xcomargs.py
[2026-07-21T18:16:23.161+0000] {processor.py:830} INFO - Processing file /home/airflow/.local/lib/python3.8/site-packages/airflow/example_dags/example_xcomargs.py for tasks to queue
[2026-07-21T18:16:23.163+0000] {logging_mixin.py:188} INFO - [2026-07-21T18:16:23.163+0000] {dagbag.py:538} INFO - Filling up the DagBag from /home/airflow/.local/lib/python3.8/site-packages/airflow/example_dags/example_xcomargs.py
[2026-07-21T18:16:23.173+0000] {processor.py:840} INFO - DAG(s) 'example_xcom_args', 'example_xcom_args_with_operators' retrieved from /home/airflow/.local/lib/python3.8/site-packages/airflow/example_dags/example_xcomargs.py
[2026-07-21T18:16:23.202+0000] {logging_mixin.py:188} INFO - [2026-07-21T18:16:23.202+0000] {dag.py:3036} INFO - Sync 2 DAGs
[2026-07-21T18:16:23.218+0000] {logging_mixin.py:188} INFO - [2026-07-21T18:16:23.218+0000] {dag.py:3823} INFO - Setting next_dagrun for example_xcom_args to None, run_after=None
[2026-07-21T18:16:23.223+0000] {logging_mixin.py:188} INFO - [2026-07-21T18:16:23.222+0000] {dag.py:3823} INFO - Setting next_dagrun for example_xcom_args_with_operators to None, run_after=None
[2026-07-21T18:16:23.245+0000] {processor.py:183} INFO - Processing /home/airflow/.local/lib/python3.8/site-packages/airflow/example_dags/example_xcomargs.py took 0.090 seconds
[2026-07-21T18:16:53.448+0000] {processor.py:161} INFO - Started process (PID=962) to work on /home/airflow/.local/lib/python3.8/site-packages/airflow/example_dags/example_xcomargs.py
[2026-07-21T18:16:53.450+0000] {processor.py:830} INFO - Processing file /home/airflow/.local/lib/python3.8/site-packages/airflow/example_dags/example_xcomargs.py for tasks to queue
[2026-07-21T18:16:53.452+0000] {logging_mixin.py:188} INFO - [2026-07-21T18:16:53.451+0000] {dagbag.py:538} INFO - Filling up the DagBag from /home/airflow/.local/lib/python3.8/site-packages/airflow/example_dags/example_xcomargs.py
[2026-07-21T18:16:53.460+0000] {processor.py:840} INFO - DAG(s) 'example_xcom_args_with_operators', 'example_xcom_args' retrieved from /home/airflow/.local/lib/python3.8/site-packages/airflow/example_dags/example_xcomargs.py
[2026-07-21T18:16:53.484+0000] {logging_mixin.py:188} INFO - [2026-07-21T18:16:53.484+0000] {dag.py:3036} INFO - Sync 2 DAGs
[2026-07-21T18:16:53.496+0000] {logging_mixin.py:188} INFO - [2026-07-21T18:16:53.496+0000] {dag.py:3823} INFO - Setting next_dagrun for example_xcom_args to None, run_after=None
[2026-07-21T18:16:53.499+0000] {logging_mixin.py:188} INFO - [2026-07-21T18:16:53.499+0000] {dag.py:3823} INFO - Setting next_dagrun for example_xcom_args_with_operators to None, run_after=None
[2026-07-21T18:16:53.515+0000] {processor.py:183} INFO - Processing /home/airflow/.local/lib/python3.8/site-packages/airflow/example_dags/example_xcomargs.py took 0.071 seconds
[2026-07-21T18:17:23.813+0000] {processor.py:161} INFO - Started process (PID=1018) to work on /home/airflow/.local/lib/python3.8/site-packages/airflow/example_dags/example_xcomargs.py
[2026-07-21T18:17:23.814+0000] {processor.py:830} INFO - Processing file /home/airflow/.local/lib/python3.8/site-packages/airflow/example_dags/example_xcomargs.py for tasks to queue
[2026-07-21T18:17:23.817+0000] {logging_mixin.py:188} INFO - [2026-07-21T18:17:23.816+0000] {dagbag.py:538} INFO - Filling up the DagBag from /home/airflow/.local/lib/python3.8/site-packages/airflow/example_dags/example_xcomargs.py
[2026-07-21T18:17:23.826+0000] {processor.py:840} INFO - DAG(s) 'example_xcom_args', 'example_xcom_args_with_operators' retrieved from /home/airflow/.local/lib/python3.8/site-packages/airflow/example_dags/example_xcomargs.py
[2026-07-21T18:17:23.856+0000] {logging_mixin.py:188} INFO - [2026-07-21T18:17:23.856+0000] {dag.py:3036} INFO - Sync 2 DAGs
[2026-07-21T18:17:23.871+0000] {logging_mixin.py:188} INFO - [2026-07-21T18:17:23.871+0000] {dag.py:3823} INFO - Setting next_dagrun for example_xcom_args to None, run_after=None
[2026-07-21T18:17:23.875+0000] {logging_mixin.py:188} INFO - [2026-07-21T18:17:23.875+0000] {dag.py:3823} INFO - Setting next_dagrun for example_xcom_args_with_operators to None, run_after=None
[2026-07-21T18:17:23.895+0000] {processor.py:183} INFO - Processing /home/airflow/.local/lib/python3.8/site-packages/airflow/example_dags/example_xcomargs.py took 0.087 seconds
[2026-07-21T18:17:54.653+0000] {processor.py:161} INFO - Started process (PID=1074) to work on /home/airflow/.local/lib/python3.8/site-packages/airflow/example_dags/example_xcomargs.py
[2026-07-21T18:17:54.654+0000] {processor.py:830} INFO - Processing file /home/airflow/.local/lib/python3.8/site-packages/airflow/example_dags/example_xcomargs.py for tasks to queue
[2026-07-21T18:17:54.657+0000] {logging_mixin.py:188} INFO - [2026-07-21T18:17:54.656+0000] {dagbag.py:538} INFO - Filling up the DagBag from /home/airflow/.local/lib/python3.8/site-packages/airflow/example_dags/example_xcomargs.py
[2026-07-21T18:17:54.665+0000] {processor.py:840} INFO - DAG(s) 'example_xcom_args', 'example_xcom_args_with_operators' retrieved from /home/airflow/.local/lib/python3.8/site-packages/airflow/example_dags/example_xcomargs.py
[2026-07-21T18:17:54.690+0000] {logging_mixin.py:188} INFO - [2026-07-21T18:17:54.690+0000] {dag.py:3036} INFO - Sync 2 DAGs
[2026-07-21T18:17:54.702+0000] {logging_mixin.py:188} INFO - [2026-07-21T18:17:54.702+0000] {dag.py:3823} INFO - Setting next_dagrun for example_xcom_args to None, run_after=None
[2026-07-21T18:17:54.706+0000] {logging_mixin.py:188} INFO - [2026-07-21T18:17:54.705+0000] {dag.py:3823} INFO - Setting next_dagrun for example_xcom_args_with_operators to None, run_after=None
[2026-07-21T18:17:54.722+0000] {processor.py:183} INFO - Processing /home/airflow/.local/lib/python3.8/site-packages/airflow/example_dags/example_xcomargs.py took 0.073 seconds
[2026-07-21T18:18:25.691+0000] {processor.py:161} INFO - Started process (PID=1130) to work on /home/airflow/.local/lib/python3.8/site-packages/airflow/example_dags/example_xcomargs.py
[2026-07-21T18:18:25.693+0000] {processor.py:830} INFO - Processing file /home/airflow/.local/lib/python3.8/site-packages/airflow/example_dags/example_xcomargs.py for tasks to queue
[2026-07-21T18:18:25.695+0000] {logging_mixin.py:188} INFO - [2026-07-21T18:18:25.695+0000] {dagbag.py:538} INFO - Filling up the DagBag from /home/airflow/.local/lib/python3.8/site-packages/airflow/example_dags/example_xcomargs.py
[2026-07-21T18:18:25.705+0000] {processor.py:840} INFO - DAG(s) 'example_xcom_args', 'example_xcom_args_with_operators' retrieved from /home/airflow/.local/lib/python3.8/site-packages/airflow/example_dags/example_xcomargs.py
[2026-07-21T18:18:25.732+0000] {logging_mixin.py:188} INFO - [2026-07-21T18:18:25.731+0000] {dag.py:3036} INFO - Sync 2 DAGs
[2026-07-21T18:18:25.744+0000] {logging_mixin.py:188} INFO - [2026-07-21T18:18:25.744+0000] {dag.py:3823} INFO - Setting next_dagrun for example_xcom_args to None, run_after=None
[2026-07-21T18:18:25.748+0000] {logging_mixin.py:188} INFO - [2026-07-21T18:18:25.747+0000] {dag.py:3823} INFO - Setting next_dagrun for example_xcom_args_with_operators to None, run_after=None
[2026-07-21T18:18:25.765+0000] {processor.py:183} INFO - Processing /home/airflow/.local/lib/python3.8/site-packages/airflow/example_dags/example_xcomargs.py took 0.078 seconds
[2026-07-21T18:18:56.697+0000] {processor.py:161} INFO - Started process (PID=1186) to work on /home/airflow/.local/lib/python3.8/site-packages/airflow/example_dags/example_xcomargs.py
[2026-07-21T18:18:56.698+0000] {processor.py:830} INFO - Processing file /home/airflow/.local/lib/python3.8/site-packages/airflow/example_dags/example_xcomargs.py for tasks to queue
[2026-07-21T18:18:56.700+0000] {logging_mixin.py:188} INFO - [2026-07-21T18:18:56.700+0000] {dagbag.py:538} INFO - Filling up the DagBag from /home/airflow/.local/lib/python3.8/site-packages/airflow/example_dags/example_xcomargs.py
[2026-07-21T18:18:56.712+0000] {processor.py:840} INFO - DAG(s) 'example_xcom_args', 'example_xcom_args_with_operators' retrieved from /home/airflow/.local/lib/python3.8/site-packages/airflow/example_dags/example_xcomargs.py
[2026-07-21T18:18:56.739+0000] {logging_mixin.py:188} INFO - [2026-07-21T18:18:56.739+0000] {dag.py:3036} INFO - Sync 2 DAGs
[2026-07-21T18:18:56.751+0000] {logging_mixin.py:188} INFO - [2026-07-21T18:18:56.751+0000] {dag.py:3823} INFO - Setting next_dagrun for example_xcom_args to None, run_after=None
[2026-07-21T18:18:56.755+0000] {logging_mixin.py:188} INFO - [2026-07-21T18:18:56.755+0000] {dag.py:3823} INFO - Setting next_dagrun for example_xcom_args_with_operators to None, run_after=None
[2026-07-21T18:18:56.773+0000] {processor.py:183} INFO - Processing /home/airflow/.local/lib/python3.8/site-packages/airflow/example_dags/example_xcomargs.py took 0.079 seconds
[2026-07-21T18:19:27.199+0000] {processor.py:161} INFO - Started process (PID=1242) to work on /home/airflow/.local/lib/python3.8/site-packages/airflow/example_dags/example_xcomargs.py
[2026-07-21T18:19:27.200+0000] {processor.py:830} INFO - Processing file /home/airflow/.local/lib/python3.8/site-packages/airflow/example_dags/example_xcomargs.py for tasks to queue
[2026-07-21T18:19:27.202+0000] {logging_mixin.py:188} INFO - [2026-07-21T18:19:27.202+0000] {dagbag.py:538} INFO - Filling up the DagBag from /home/airflow/.local/lib/python3.8/site-packages/airflow/example_dags/example_xcomargs.py
[2026-07-21T18:19:27.211+0000] {processor.py:840} INFO - DAG(s) 'example_xcom_args_with_operators', 'example_xcom_args' retrieved from /home/airflow/.local/lib/python3.8/site-packages/airflow/example_dags/example_xcomargs.py
[2026-07-21T18:19:27.236+0000] {logging_mixin.py:188} INFO - [2026-07-21T18:19:27.236+0000] {dag.py:3036} INFO - Sync 2 DAGs
[2026-07-21T18:19:27.248+0000] {logging_mixin.py:188} INFO - [2026-07-21T18:19:27.247+0000] {dag.py:3823} INFO - Setting next_dagrun for example_xcom_args to None, run_after=None
[2026-07-21T18:19:27.251+0000] {logging_mixin.py:188} INFO - [2026-07-21T18:19:27.251+0000] {dag.py:3823} INFO - Setting next_dagrun for example_xcom_args_with_operators to None, run_after=None
[2026-07-21T18:19:27.269+0000] {processor.py:183} INFO - Processing /home/airflow/.local/lib/python3.8/site-packages/airflow/example_dags/example_xcomargs.py took 0.073 seconds
[2026-07-21T18:19:57.744+0000] {processor.py:161} INFO - Started process (PID=1298) to work on /home/airflow/.local/lib/python3.8/site-packages/airflow/example_dags/example_xcomargs.py
[2026-07-21T18:19:57.745+0000] {processor.py:830} INFO - Processing file /home/airflow/.local/lib/python3.8/site-packages/airflow/example_dags/example_xcomargs.py for tasks to queue
[2026-07-21T18:19:57.747+0000] {logging_mixin.py:188} INFO - [2026-07-21T18:19:57.747+0000] {dagbag.py:538} INFO - Filling up the DagBag from /home/airflow/.local/lib/python3.8/site-packages/airflow/example_dags/example_xcomargs.py
[2026-07-21T18:19:57.756+0000] {processor.py:840} INFO - DAG(s) 'example_xcom_args', 'example_xcom_args_with_operators' retrieved from /home/airflow/.local/lib/python3.8/site-packages/airflow/example_dags/example_xcomargs.py
[2026-07-21T18:19:57.780+0000] {logging_mixin.py:188} INFO - [2026-07-21T18:19:57.779+0000] {dag.py:3036} INFO - Sync 2 DAGs
[2026-07-21T18:19:57.792+0000] {logging_mixin.py:188} INFO - [2026-07-21T18:19:57.791+0000] {dag.py:3823} INFO - Setting next_dagrun for example_xcom_args to None, run_after=None
[2026-07-21T18:19:57.795+0000] {logging_mixin.py:188} INFO - [2026-07-21T18:19:57.795+0000] {dag.py:3823} INFO - Setting next_dagrun for example_xcom_args_with_operators to None, run_after=None
[2026-07-21T18:19:57.812+0000] {processor.py:183} INFO - Processing /home/airflow/.local/lib/python3.8/site-packages/airflow/example_dags/example_xcomargs.py took 0.072 seconds
[2026-07-21T18:20:28.377+0000] {processor.py:161} INFO - Started process (PID=1354) to work on /home/airflow/.local/lib/python3.8/site-packages/airflow/example_dags/example_xcomargs.py
[2026-07-21T18:20:28.378+0000] {processor.py:830} INFO - Processing file /home/airflow/.local/lib/python3.8/site-packages/airflow/example_dags/example_xcomargs.py for tasks to queue
[2026-07-21T18:20:28.381+0000] {logging_mixin.py:188} INFO - [2026-07-21T18:20:28.380+0000] {dagbag.py:538} INFO - Filling up the DagBag from /home/airflow/.local/lib/python3.8/site-packages/airflow/example_dags/example_xcomargs.py
[2026-07-21T18:20:28.389+0000] {processor.py:840} INFO - DAG(s) 'example_xcom_args', 'example_xcom_args_with_operators' retrieved from /home/airflow/.local/lib/python3.8/site-packages/airflow/example_dags/example_xcomargs.py
[2026-07-21T18:20:28.413+0000] {logging_mixin.py:188} INFO - [2026-07-21T18:20:28.413+0000] {dag.py:3036} INFO - Sync 2 DAGs
[2026-07-21T18:20:28.426+0000] {logging_mixin.py:188} INFO - [2026-07-21T18:20:28.426+0000] {dag.py:3823} INFO - Setting next_dagrun for example_xcom_args to None, run_after=None
[2026-07-21T18:20:28.429+0000] {logging_mixin.py:188} INFO - [2026-07-21T18:20:28.429+0000] {dag.py:3823} INFO - Setting next_dagrun for example_xcom_args_with_operators to None, run_after=None
[2026-07-21T18:20:28.446+0000] {processor.py:183} INFO - Processing /home/airflow/.local/lib/python3.8/site-packages/airflow/example_dags/example_xcomargs.py took 0.073 seconds
[2026-07-21T18:20:58.717+0000] {processor.py:161} INFO - Started process (PID=1410) to work on /home/airflow/.local/lib/python3.8/site-packages/airflow/example_dags/example_xcomargs.py
[2026-07-21T18:20:58.719+0000] {processor.py:830} INFO - Processing file /home/airflow/.local/lib/python3.8/site-packages/airflow/example_dags/example_xcomargs.py for tasks to queue
[2026-07-21T18:20:58.721+0000] {logging_mixin.py:188} INFO - [2026-07-21T18:20:58.720+0000] {dagbag.py:538} INFO - Filling up the DagBag from /home/airflow/.local/lib/python3.8/site-packages/airflow/example_dags/example_xcomargs.py
[2026-07-21T18:20:58.729+0000] {processor.py:840} INFO - DAG(s) 'example_xcom_args', 'example_xcom_args_with_operators' retrieved from /home/airflow/.local/lib/python3.8/site-packages/airflow/example_dags/example_xcomargs.py
[2026-07-21T18:20:58.753+0000] {logging_mixin.py:188} INFO - [2026-07-21T18:20:58.753+0000] {dag.py:3036} INFO - Sync 2 DAGs
[2026-07-21T18:20:58.765+0000] {logging_mixin.py:188} INFO - [2026-07-21T18:20:58.765+0000] {dag.py:3823} INFO - Setting next_dagrun for example_xcom_args to None, run_after=None
[2026-07-21T18:20:58.769+0000] {logging_mixin.py:188} INFO - [2026-07-21T18:20:58.768+0000] {dag.py:3823} INFO - Setting next_dagrun for example_xcom_args_with_operators to None, run_after=None
[2026-07-21T18:20:58.785+0000] {processor.py:183} INFO - Processing /home/airflow/.local/lib/python3.8/site-packages/airflow/example_dags/example_xcomargs.py took 0.072 seconds
[2026-07-21T18:21:30.380+0000] {processor.py:161} INFO - Started process (PID=1466) to work on /home/airflow/.local/lib/python3.8/site-packages/airflow/example_dags/example_xcomargs.py
[2026-07-21T18:21:30.381+0000] {processor.py:830} INFO - Processing file /home/airflow/.local/lib/python3.8/site-packages/airflow/example_dags/example_xcomargs.py for tasks to queue
[2026-07-21T18:21:30.383+0000] {logging_mixin.py:188} INFO - [2026-07-21T18:21:30.383+0000] {dagbag.py:538} INFO - Filling up the DagBag from /home/airflow/.local/lib/python3.8/site-packages/airflow/example_dags/example_xcomargs.py
[2026-07-21T18:21:30.392+0000] {processor.py:840} INFO - DAG(s) 'example_xcom_args_with_operators', 'example_xcom_args' retrieved from /home/airflow/.local/lib/python3.8/site-packages/airflow/example_dags/example_xcomargs.py
[2026-07-21T18:21:30.416+0000] {logging_mixin.py:188} INFO - [2026-07-21T18:21:30.415+0000] {dag.py:3036} INFO - Sync 2 DAGs
[2026-07-21T18:21:30.428+0000] {logging_mixin.py:188} INFO - [2026-07-21T18:21:30.427+0000] {dag.py:3823} INFO - Setting next_dagrun for example_xcom_args to None, run_after=None
[2026-07-21T18:21:30.587+0000] {logging_mixin.py:188} INFO - [2026-07-21T18:21:30.586+0000] {dag.py:3823} INFO - Setting next_dagrun for example_xcom_args_with_operators to None, run_after=None
[2026-07-21T18:21:30.604+0000] {processor.py:183} INFO - Processing /home/airflow/.local/lib/python3.8/site-packages/airflow/example_dags/example_xcomargs.py took 0.227 seconds
[2026-07-21T18:22:00.869+0000] {processor.py:161} INFO - Started process (PID=1522) to work on /home/airflow/.local/lib/python3.8/site-packages/airflow/example_dags/example_xcomargs.py
[2026-07-21T18:22:00.870+0000] {processor.py:830} INFO - Processing file /home/airflow/.local/lib/python3.8/site-packages/airflow/example_dags/example_xcomargs.py for tasks to queue
[2026-07-21T18:22:00.872+0000] {logging_mixin.py:188} INFO - [2026-07-21T18:22:00.872+0000] {dagbag.py:538} INFO - Filling up the DagBag from /home/airflow/.local/lib/python3.8/site-packages/airflow/example_dags/example_xcomargs.py
[2026-07-21T18:22:00.881+0000] {processor.py:840} INFO - DAG(s) 'example_xcom_args_with_operators', 'example_xcom_args' retrieved from /home/airflow/.local/lib/python3.8/site-packages/airflow/example_dags/example_xcomargs.py
[2026-07-21T18:22:00.905+0000] {logging_mixin.py:188} INFO - [2026-07-21T18:22:00.904+0000] {dag.py:3036} INFO - Sync 2 DAGs
[2026-07-21T18:22:00.916+0000] {logging_mixin.py:188} INFO - [2026-07-21T18:22:00.916+0000] {dag.py:3823} INFO - Setting next_dagrun for example_xcom_args to None, run_after=None
[2026-07-21T18:22:00.920+0000] {logging_mixin.py:188} INFO - [2026-07-21T18:22:00.920+0000] {dag.py:3823} INFO - Setting next_dagrun for example_xcom_args_with_operators to None, run_after=None
[2026-07-21T18:22:00.937+0000] {processor.py:183} INFO - Processing /home/airflow/.local/lib/python3.8/site-packages/airflow/example_dags/example_xcomargs.py took 0.071 seconds
[2026-07-21T18:22:30.989+0000] {processor.py:161} INFO - Started process (PID=1578) to work on /home/airflow/.local/lib/python3.8/site-packages/airflow/example_dags/example_xcomargs.py
[2026-07-21T18:22:30.991+0000] {processor.py:830} INFO - Processing file /home/airflow/.local/lib/python3.8/site-packages/airflow/example_dags/example_xcomargs.py for tasks to queue
[2026-07-21T18:22:30.993+0000] {logging_mixin.py:188} INFO - [2026-07-21T18:22:30.992+0000] {dagbag.py:538} INFO - Filling up the DagBag from /home/airflow/.local/lib/python3.8/site-packages/airflow/example_dags/example_xcomargs.py
[2026-07-21T18:22:31.001+0000] {processor.py:840} INFO - DAG(s) 'example_xcom_args', 'example_xcom_args_with_operators' retrieved from /home/airflow/.local/lib/python3.8/site-packages/airflow/example_dags/example_xcomargs.py
[2026-07-21T18:22:31.025+0000] {logging_mixin.py:188} INFO - [2026-07-21T18:22:31.025+0000] {dag.py:3036} INFO - Sync 2 DAGs
[2026-07-21T18:22:31.037+0000] {logging_mixin.py:188} INFO - [2026-07-21T18:22:31.036+0000] {dag.py:3823} INFO - Setting next_dagrun for example_xcom_args to None, run_after=None
[2026-07-21T18:22:31.040+0000] {logging_mixin.py:188} INFO - [2026-07-21T18:22:31.040+0000] {dag.py:3823} INFO - Setting next_dagrun for example_xcom_args_with_operators to None, run_after=None
[2026-07-21T18:22:31.056+0000] {processor.py:183} INFO - Processing /home/airflow/.local/lib/python3.8/site-packages/airflow/example_dags/example_xcomargs.py took 0.070 seconds
[2026-07-21T18:23:02.489+0000] {processor.py:161} INFO - Started process (PID=1634) to work on /home/airflow/.local/lib/python3.8/site-packages/airflow/example_dags/example_xcomargs.py
[2026-07-21T18:23:02.491+0000] {processor.py:830} INFO - Processing file /home/airflow/.local/lib/python3.8/site-packages/airflow/example_dags/example_xcomargs.py for tasks to queue
[2026-07-21T18:23:02.493+0000] {logging_mixin.py:188} INFO - [2026-07-21T18:23:02.492+0000] {dagbag.py:538} INFO - Filling up the DagBag from /home/airflow/.local/lib/python3.8/site-packages/airflow/example_dags/example_xcomargs.py
[2026-07-21T18:23:02.501+0000] {processor.py:840} INFO - DAG(s) 'example_xcom_args', 'example_xcom_args_with_operators' retrieved from /home/airflow/.local/lib/python3.8/site-packages/airflow/example_dags/example_xcomargs.py
[2026-07-21T18:23:02.527+0000] {logging_mixin.py:188} INFO - [2026-07-21T18:23:02.527+0000] {dag.py:3036} INFO - Sync 2 DAGs
[2026-07-21T18:23:02.539+0000] {logging_mixin.py:188} INFO - [2026-07-21T18:23:02.539+0000] {dag.py:3823} INFO - Setting next_dagrun for example_xcom_args to None, run_after=None
[2026-07-21T18:23:02.543+0000] {logging_mixin.py:188} INFO - [2026-07-21T18:23:02.543+0000] {dag.py:3823} INFO - Setting next_dagrun for example_xcom_args_with_operators to None, run_after=None
[2026-07-21T18:23:02.559+0000] {processor.py:183} INFO - Processing /home/airflow/.local/lib/python3.8/site-packages/airflow/example_dags/example_xcomargs.py took 0.074 seconds
[2026-07-21T18:23:34.165+0000] {processor.py:161} INFO - Started process (PID=1690) to work on /home/airflow/.local/lib/python3.8/site-packages/airflow/example_dags/example_xcomargs.py
[2026-07-21T18:23:34.166+0000] {processor.py:830} INFO - Processing file /home/airflow/.local/lib/python3.8/site-packages/airflow/example_dags/example_xcomargs.py for tasks to queue
[2026-07-21T18:23:34.169+0000] {logging_mixin.py:188} INFO - [2026-07-21T18:23:34.168+0000] {dagbag.py:538} INFO - Filling up the DagBag from /home/airflow/.local/lib/python3.8/site-packages/airflow/example_dags/example_xcomargs.py
[2026-07-21T18:23:34.178+0000] {processor.py:840} INFO - DAG(s) 'example_xcom_args', 'example_xcom_args_with_operators' retrieved from /home/airflow/.local/lib/python3.8/site-packages/airflow/example_dags/example_xcomargs.py
[2026-07-21T18:23:34.355+0000] {logging_mixin.py:188} INFO - [2026-07-21T18:23:34.354+0000] {dag.py:3036} INFO - Sync 2 DAGs
[2026-07-21T18:23:34.365+0000] {logging_mixin.py:188} INFO - [2026-07-21T18:23:34.365+0000] {dag.py:3823} INFO - Setting next_dagrun for example_xcom_args to None, run_after=None
[2026-07-21T18:23:34.368+0000] {logging_mixin.py:188} INFO - [2026-07-21T18:23:34.368+0000] {dag.py:3823} INFO - Setting next_dagrun for example_xcom_args_with_operators to None, run_after=None
[2026-07-21T18:23:34.383+0000] {processor.py:183} INFO - Processing /home/airflow/.local/lib/python3.8/site-packages/airflow/example_dags/example_xcomargs.py took 0.222 seconds
[2026-07-21T18:24:04.463+0000] {processor.py:161} INFO - Started process (PID=1746) to work on /home/airflow/.local/lib/python3.8/site-packages/airflow/example_dags/example_xcomargs.py
[2026-07-21T18:24:04.464+0000] {processor.py:830} INFO - Processing file /home/airflow/.local/lib/python3.8/site-packages/airflow/example_dags/example_xcomargs.py for tasks to queue
[2026-07-21T18:24:04.466+0000] {logging_mixin.py:188} INFO - [2026-07-21T18:24:04.466+0000] {dagbag.py:538} INFO - Filling up the DagBag from /home/airflow/.local/lib/python3.8/site-packages/airflow/example_dags/example_xcomargs.py
[2026-07-21T18:24:04.475+0000] {processor.py:840} INFO - DAG(s) 'example_xcom_args_with_operators', 'example_xcom_args' retrieved from /home/airflow/.local/lib/python3.8/site-packages/airflow/example_dags/example_xcomargs.py
[2026-07-21T18:24:04.503+0000] {logging_mixin.py:188} INFO - [2026-07-21T18:24:04.502+0000] {dag.py:3036} INFO - Sync 2 DAGs
[2026-07-21T18:24:04.517+0000] {logging_mixin.py:188} INFO - [2026-07-21T18:24:04.516+0000] {dag.py:3823} INFO - Setting next_dagrun for example_xcom_args to None, run_after=None
[2026-07-21T18:24:04.521+0000] {logging_mixin.py:188} INFO - [2026-07-21T18:24:04.520+0000] {dag.py:3823} INFO - Setting next_dagrun for example_xcom_args_with_operators to None, run_after=None
[2026-07-21T18:24:04.540+0000] {processor.py:183} INFO - Processing /home/airflow/.local/lib/python3.8/site-packages/airflow/example_dags/example_xcomargs.py took 0.082 seconds
[2026-07-21T18:24:34.673+0000] {processor.py:161} INFO - Started process (PID=1802) to work on /home/airflow/.local/lib/python3.8/site-packages/airflow/example_dags/example_xcomargs.py
[2026-07-21T18:24:34.674+0000] {processor.py:830} INFO - Processing file /home/airflow/.local/lib/python3.8/site-packages/airflow/example_dags/example_xcomargs.py for tasks to queue
[2026-07-21T18:24:34.677+0000] {logging_mixin.py:188} INFO - [2026-07-21T18:24:34.676+0000] {dagbag.py:538} INFO - Filling up the DagBag from /home/airflow/.local/lib/python3.8/site-packages/airflow/example_dags/example_xcomargs.py
[2026-07-21T18:24:34.686+0000] {processor.py:840} INFO - DAG(s) 'example_xcom_args_with_operators', 'example_xcom_args' retrieved from /home/airflow/.local/lib/python3.8/site-packages/airflow/example_dags/example_xcomargs.py
[2026-07-21T18:24:34.713+0000] {logging_mixin.py:188} INFO - [2026-07-21T18:24:34.713+0000] {dag.py:3036} INFO - Sync 2 DAGs
[2026-07-21T18:24:34.727+0000] {logging_mixin.py:188} INFO - [2026-07-21T18:24:34.726+0000] {dag.py:3823} INFO - Setting next_dagrun for example_xcom_args to None, run_after=None
[2026-07-21T18:24:34.731+0000] {logging_mixin.py:188} INFO - [2026-07-21T18:24:34.731+0000] {dag.py:3823} INFO - Setting next_dagrun for example_xcom_args_with_operators to None, run_after=None
[2026-07-21T18:24:34.751+0000] {processor.py:183} INFO - Processing /home/airflow/.local/lib/python3.8/site-packages/airflow/example_dags/example_xcomargs.py took 0.082 seconds
[2026-07-21T18:25:05.009+0000] {processor.py:161} INFO - Started process (PID=1858) to work on /home/airflow/.local/lib/python3.8/site-packages/airflow/example_dags/example_xcomargs.py
[2026-07-21T18:25:05.011+0000] {processor.py:830} INFO - Processing file /home/airflow/.local/lib/python3.8/site-packages/airflow/example_dags/example_xcomargs.py for tasks to queue
[2026-07-21T18:25:05.013+0000] {logging_mixin.py:188} INFO - [2026-07-21T18:25:05.013+0000] {dagbag.py:538} INFO - Filling up the DagBag from /home/airflow/.local/lib/python3.8/site-packages/airflow/example_dags/example_xcomargs.py
[2026-07-21T18:25:05.023+0000] {processor.py:840} INFO - DAG(s) 'example_xcom_args', 'example_xcom_args_with_operators' retrieved from /home/airflow/.local/lib/python3.8/site-packages/airflow/example_dags/example_xcomargs.py
[2026-07-21T18:25:05.050+0000] {logging_mixin.py:188} INFO - [2026-07-21T18:25:05.050+0000] {dag.py:3036} INFO - Sync 2 DAGs
[2026-07-21T18:25:05.064+0000] {logging_mixin.py:188} INFO - [2026-07-21T18:25:05.063+0000] {dag.py:3823} INFO - Setting next_dagrun for example_xcom_args to None, run_after=None
[2026-07-21T18:25:05.068+0000] {logging_mixin.py:188} INFO - [2026-07-21T18:25:05.067+0000] {dag.py:3823} INFO - Setting next_dagrun for example_xcom_args_with_operators to None, run_after=None
[2026-07-21T18:25:05.087+0000] {processor.py:183} INFO - Processing /home/airflow/.local/lib/python3.8/site-packages/airflow/example_dags/example_xcomargs.py took 0.082 seconds
[2026-07-21T18:25:36.010+0000] {processor.py:161} INFO - Started process (PID=1914) to work on /home/airflow/.local/lib/python3.8/site-packages/airflow/example_dags/example_xcomargs.py
[2026-07-21T18:25:36.011+0000] {processor.py:830} INFO - Processing file /home/airflow/.local/lib/python3.8/site-packages/airflow/example_dags/example_xcomargs.py for tasks to queue
[2026-07-21T18:25:36.013+0000] {logging_mixin.py:188} INFO - [2026-07-21T18:25:36.013+0000] {dagbag.py:538} INFO - Filling up the DagBag from /home/airflow/.local/lib/python3.8/site-packages/airflow/example_dags/example_xcomargs.py
[2026-07-21T18:25:36.026+0000] {processor.py:840} INFO - DAG(s) 'example_xcom_args', 'example_xcom_args_with_operators' retrieved from /home/airflow/.local/lib/python3.8/site-packages/airflow/example_dags/example_xcomargs.py
[2026-07-21T18:25:36.054+0000] {logging_mixin.py:188} INFO - [2026-07-21T18:25:36.054+0000] {dag.py:3036} INFO - Sync 2 DAGs
[2026-07-21T18:25:36.068+0000] {logging_mixin.py:188} INFO - [2026-07-21T18:25:36.068+0000] {dag.py:3823} INFO - Setting next_dagrun for example_xcom_args to None, run_after=None
[2026-07-21T18:25:36.072+0000] {logging_mixin.py:188} INFO - [2026-07-21T18:25:36.072+0000] {dag.py:3823} INFO - Setting next_dagrun for example_xcom_args_with_operators to None, run_after=None
[2026-07-21T18:25:36.091+0000] {processor.py:183} INFO - Processing /home/airflow/.local/lib/python3.8/site-packages/airflow/example_dags/example_xcomargs.py took 0.085 seconds
[2026-07-21T18:26:06.744+0000] {processor.py:161} INFO - Started process (PID=1970) to work on /home/airflow/.local/lib/python3.8/site-packages/airflow/example_dags/example_xcomargs.py
[2026-07-21T18:26:06.745+0000] {processor.py:830} INFO - Processing file /home/airflow/.local/lib/python3.8/site-packages/airflow/example_dags/example_xcomargs.py for tasks to queue
[2026-07-21T18:26:06.748+0000] {logging_mixin.py:188} INFO - [2026-07-21T18:26:06.747+0000] {dagbag.py:538} INFO - Filling up the DagBag from /home/airflow/.local/lib/python3.8/site-packages/airflow/example_dags/example_xcomargs.py
[2026-07-21T18:26:06.758+0000] {processor.py:840} INFO - DAG(s) 'example_xcom_args', 'example_xcom_args_with_operators' retrieved from /home/airflow/.local/lib/python3.8/site-packages/airflow/example_dags/example_xcomargs.py
[2026-07-21T18:26:06.786+0000] {logging_mixin.py:188} INFO - [2026-07-21T18:26:06.786+0000] {dag.py:3036} INFO - Sync 2 DAGs
[2026-07-21T18:26:06.801+0000] {logging_mixin.py:188} INFO - [2026-07-21T18:26:06.800+0000] {dag.py:3823} INFO - Setting next_dagrun for example_xcom_args to None, run_after=None
[2026-07-21T18:26:06.805+0000] {logging_mixin.py:188} INFO - [2026-07-21T18:26:06.804+0000] {dag.py:3823} INFO - Setting next_dagrun for example_xcom_args_with_operators to None, run_after=None
[2026-07-21T18:26:06.823+0000] {processor.py:183} INFO - Processing /home/airflow/.local/lib/python3.8/site-packages/airflow/example_dags/example_xcomargs.py took 0.084 seconds
[2026-07-21T18:26:37.575+0000] {processor.py:161} INFO - Started process (PID=2026) to work on /home/airflow/.local/lib/python3.8/site-packages/airflow/example_dags/example_xcomargs.py
[2026-07-21T18:26:37.576+0000] {processor.py:830} INFO - Processing file /home/airflow/.local/lib/python3.8/site-packages/airflow/example_dags/example_xcomargs.py for tasks to queue
[2026-07-21T18:26:37.579+0000] {logging_mixin.py:188} INFO - [2026-07-21T18:26:37.578+0000] {dagbag.py:538} INFO - Filling up the DagBag from /home/airflow/.local/lib/python3.8/site-packages/airflow/example_dags/example_xcomargs.py
[2026-07-21T18:26:37.587+0000] {processor.py:840} INFO - DAG(s) 'example_xcom_args', 'example_xcom_args_with_operators' retrieved from /home/airflow/.local/lib/python3.8/site-packages/airflow/example_dags/example_xcomargs.py
[2026-07-21T18:26:37.612+0000] {logging_mixin.py:188} INFO - [2026-07-21T18:26:37.611+0000] {dag.py:3036} INFO - Sync 2 DAGs
[2026-07-21T18:26:37.625+0000] {logging_mixin.py:188} INFO - [2026-07-21T18:26:37.624+0000] {dag.py:3823} INFO - Setting next_dagrun for example_xcom_args to None, run_after=None
[2026-07-21T18:26:37.628+0000] {logging_mixin.py:188} INFO - [2026-07-21T18:26:37.628+0000] {dag.py:3823} INFO - Setting next_dagrun for example_xcom_args_with_operators to None, run_after=None
[2026-07-21T18:26:37.647+0000] {processor.py:183} INFO - Processing /home/airflow/.local/lib/python3.8/site-packages/airflow/example_dags/example_xcomargs.py took 0.076 seconds
[2026-07-21T18:27:08.083+0000] {processor.py:161} INFO - Started process (PID=2082) to work on /home/airflow/.local/lib/python3.8/site-packages/airflow/example_dags/example_xcomargs.py
[2026-07-21T18:27:08.084+0000] {processor.py:830} INFO - Processing file /home/airflow/.local/lib/python3.8/site-packages/airflow/example_dags/example_xcomargs.py for tasks to queue
[2026-07-21T18:27:08.086+0000] {logging_mixin.py:188} INFO - [2026-07-21T18:27:08.086+0000] {dagbag.py:538} INFO - Filling up the DagBag from /home/airflow/.local/lib/python3.8/site-packages/airflow/example_dags/example_xcomargs.py
[2026-07-21T18:27:08.096+0000] {processor.py:840} INFO - DAG(s) 'example_xcom_args_with_operators', 'example_xcom_args' retrieved from /home/airflow/.local/lib/python3.8/site-packages/airflow/example_dags/example_xcomargs.py
[2026-07-21T18:27:08.123+0000] {logging_mixin.py:188} INFO - [2026-07-21T18:27:08.123+0000] {dag.py:3036} INFO - Sync 2 DAGs
[2026-07-21T18:27:08.138+0000] {logging_mixin.py:188} INFO - [2026-07-21T18:27:08.138+0000] {dag.py:3823} INFO - Setting next_dagrun for example_xcom_args to None, run_after=None
[2026-07-21T18:27:08.142+0000] {logging_mixin.py:188} INFO - [2026-07-21T18:27:08.142+0000] {dag.py:3823} INFO - Setting next_dagrun for example_xcom_args_with_operators to None, run_after=None
[2026-07-21T18:27:08.162+0000] {processor.py:183} INFO - Processing /home/airflow/.local/lib/python3.8/site-packages/airflow/example_dags/example_xcomargs.py took 0.083 seconds
[2026-07-21T18:27:38.561+0000] {processor.py:161} INFO - Started process (PID=2138) to work on /home/airflow/.local/lib/python3.8/site-packages/airflow/example_dags/example_xcomargs.py
[2026-07-21T18:27:38.562+0000] {processor.py:830} INFO - Processing file /home/airflow/.local/lib/python3.8/site-packages/airflow/example_dags/example_xcomargs.py for tasks to queue
[2026-07-21T18:27:38.564+0000] {logging_mixin.py:188} INFO - [2026-07-21T18:27:38.564+0000] {dagbag.py:538} INFO - Filling up the DagBag from /home/airflow/.local/lib/python3.8/site-packages/airflow/example_dags/example_xcomargs.py
[2026-07-21T18:27:38.574+0000] {processor.py:840} INFO - DAG(s) 'example_xcom_args_with_operators', 'example_xcom_args' retrieved from /home/airflow/.local/lib/python3.8/site-packages/airflow/example_dags/example_xcomargs.py
[2026-07-21T18:27:38.597+0000] {logging_mixin.py:188} INFO - [2026-07-21T18:27:38.597+0000] {dag.py:3036} INFO - Sync 2 DAGs
[2026-07-21T18:27:38.609+0000] {logging_mixin.py:188} INFO - [2026-07-21T18:27:38.609+0000] {dag.py:3823} INFO - Setting next_dagrun for example_xcom_args to None, run_after=None
[2026-07-21T18:27:38.613+0000] {logging_mixin.py:188} INFO - [2026-07-21T18:27:38.612+0000] {dag.py:3823} INFO - Setting next_dagrun for example_xcom_args_with_operators to None, run_after=None
[2026-07-21T18:27:38.628+0000] {processor.py:183} INFO - Processing /home/airflow/.local/lib/python3.8/site-packages/airflow/example_dags/example_xcomargs.py took 0.071 seconds
[2026-07-21T18:28:09.186+0000] {processor.py:161} INFO - Started process (PID=2194) to work on /home/airflow/.local/lib/python3.8/site-packages/airflow/example_dags/example_xcomargs.py
[2026-07-21T18:28:09.188+0000] {processor.py:830} INFO - Processing file /home/airflow/.local/lib/python3.8/site-packages/airflow/example_dags/example_xcomargs.py for tasks to queue
[2026-07-21T18:28:09.190+0000] {logging_mixin.py:188} INFO - [2026-07-21T18:28:09.190+0000] {dagbag.py:538} INFO - Filling up the DagBag from /home/airflow/.local/lib/python3.8/site-packages/airflow/example_dags/example_xcomargs.py
[2026-07-21T18:28:09.199+0000] {processor.py:840} INFO - DAG(s) 'example_xcom_args', 'example_xcom_args_with_operators' retrieved from /home/airflow/.local/lib/python3.8/site-packages/airflow/example_dags/example_xcomargs.py
[2026-07-21T18:28:09.223+0000] {logging_mixin.py:188} INFO - [2026-07-21T18:28:09.223+0000] {dag.py:3036} INFO - Sync 2 DAGs
[2026-07-21T18:28:09.235+0000] {logging_mixin.py:188} INFO - [2026-07-21T18:28:09.235+0000] {dag.py:3823} INFO - Setting next_dagrun for example_xcom_args to None, run_after=None
[2026-07-21T18:28:09.238+0000] {logging_mixin.py:188} INFO - [2026-07-21T18:28:09.238+0000] {dag.py:3823} INFO - Setting next_dagrun for example_xcom_args_with_operators to None, run_after=None
[2026-07-21T18:28:09.255+0000] {processor.py:183} INFO - Processing /home/airflow/.local/lib/python3.8/site-packages/airflow/example_dags/example_xcomargs.py took 0.073 seconds
[2026-07-21T18:28:39.586+0000] {processor.py:161} INFO - Started process (PID=2250) to work on /home/airflow/.local/lib/python3.8/site-packages/airflow/example_dags/example_xcomargs.py
[2026-07-21T18:28:39.587+0000] {processor.py:830} INFO - Processing file /home/airflow/.local/lib/python3.8/site-packages/airflow/example_dags/example_xcomargs.py for tasks to queue
[2026-07-21T18:28:39.589+0000] {logging_mixin.py:188} INFO - [2026-07-21T18:28:39.589+0000] {dagbag.py:538} INFO - Filling up the DagBag from /home/airflow/.local/lib/python3.8/site-packages/airflow/example_dags/example_xcomargs.py
[2026-07-21T18:28:39.598+0000] {processor.py:840} INFO - DAG(s) 'example_xcom_args_with_operators', 'example_xcom_args' retrieved from /home/airflow/.local/lib/python3.8/site-packages/airflow/example_dags/example_xcomargs.py
[2026-07-21T18:28:39.622+0000] {logging_mixin.py:188} INFO - [2026-07-21T18:28:39.621+0000] {dag.py:3036} INFO - Sync 2 DAGs
[2026-07-21T18:28:39.633+0000] {logging_mixin.py:188} INFO - [2026-07-21T18:28:39.633+0000] {dag.py:3823} INFO - Setting next_dagrun for example_xcom_args to None, run_after=None
[2026-07-21T18:28:39.636+0000] {logging_mixin.py:188} INFO - [2026-07-21T18:28:39.636+0000] {dag.py:3823} INFO - Setting next_dagrun for example_xcom_args_with_operators to None, run_after=None
[2026-07-21T18:28:39.652+0000] {processor.py:183} INFO - Processing /home/airflow/.local/lib/python3.8/site-packages/airflow/example_dags/example_xcomargs.py took 0.070 seconds
[2026-07-21T18:29:09.760+0000] {processor.py:161} INFO - Started process (PID=2306) to work on /home/airflow/.local/lib/python3.8/site-packages/airflow/example_dags/example_xcomargs.py
[2026-07-21T18:29:09.761+0000] {processor.py:830} INFO - Processing file /home/airflow/.local/lib/python3.8/site-packages/airflow/example_dags/example_xcomargs.py for tasks to queue
[2026-07-21T18:29:09.763+0000] {logging_mixin.py:188} INFO - [2026-07-21T18:29:09.763+0000] {dagbag.py:538} INFO - Filling up the DagBag from /home/airflow/.local/lib/python3.8/site-packages/airflow/example_dags/example_xcomargs.py
[2026-07-21T18:29:09.772+0000] {processor.py:840} INFO - DAG(s) 'example_xcom_args', 'example_xcom_args_with_operators' retrieved from /home/airflow/.local/lib/python3.8/site-packages/airflow/example_dags/example_xcomargs.py
[2026-07-21T18:29:09.799+0000] {logging_mixin.py:188} INFO - [2026-07-21T18:29:09.799+0000] {dag.py:3036} INFO - Sync 2 DAGs
[2026-07-21T18:29:09.813+0000] {logging_mixin.py:188} INFO - [2026-07-21T18:29:09.812+0000] {dag.py:3823} INFO - Setting next_dagrun for example_xcom_args to None, run_after=None
[2026-07-21T18:29:09.816+0000] {logging_mixin.py:188} INFO - [2026-07-21T18:29:09.816+0000] {dag.py:3823} INFO - Setting next_dagrun for example_xcom_args_with_operators to None, run_after=None
[2026-07-21T18:29:09.837+0000] {processor.py:183} INFO - Processing /home/airflow/.local/lib/python3.8/site-packages/airflow/example_dags/example_xcomargs.py took 0.081 seconds
[2026-07-21T18:29:40.531+0000] {processor.py:161} INFO - Started process (PID=2362) to work on /home/airflow/.local/lib/python3.8/site-packages/airflow/example_dags/example_xcomargs.py
[2026-07-21T18:29:40.533+0000] {processor.py:830} INFO - Processing file /home/airflow/.local/lib/python3.8/site-packages/airflow/example_dags/example_xcomargs.py for tasks to queue
[2026-07-21T18:29:40.535+0000] {logging_mixin.py:188} INFO - [2026-07-21T18:29:40.534+0000] {dagbag.py:538} INFO - Filling up the DagBag from /home/airflow/.local/lib/python3.8/site-packages/airflow/example_dags/example_xcomargs.py
[2026-07-21T18:29:40.543+0000] {processor.py:840} INFO - DAG(s) 'example_xcom_args', 'example_xcom_args_with_operators' retrieved from /home/airflow/.local/lib/python3.8/site-packages/airflow/example_dags/example_xcomargs.py
[2026-07-21T18:29:40.568+0000] {logging_mixin.py:188} INFO - [2026-07-21T18:29:40.568+0000] {dag.py:3036} INFO - Sync 2 DAGs
[2026-07-21T18:29:40.580+0000] {logging_mixin.py:188} INFO - [2026-07-21T18:29:40.580+0000] {dag.py:3823} INFO - Setting next_dagrun for example_xcom_args to None, run_after=None
[2026-07-21T18:29:40.584+0000] {logging_mixin.py:188} INFO - [2026-07-21T18:29:40.583+0000] {dag.py:3823} INFO - Setting next_dagrun for example_xcom_args_with_operators to None, run_after=None
[2026-07-21T18:29:40.599+0000] {processor.py:183} INFO - Processing /home/airflow/.local/lib/python3.8/site-packages/airflow/example_dags/example_xcomargs.py took 0.073 seconds
[2026-07-21T18:30:10.968+0000] {processor.py:161} INFO - Started process (PID=2418) to work on /home/airflow/.local/lib/python3.8/site-packages/airflow/example_dags/example_xcomargs.py
[2026-07-21T18:30:10.969+0000] {processor.py:830} INFO - Processing file /home/airflow/.local/lib/python3.8/site-packages/airflow/example_dags/example_xcomargs.py for tasks to queue
[2026-07-21T18:30:10.972+0000] {logging_mixin.py:188} INFO - [2026-07-21T18:30:10.971+0000] {dagbag.py:538} INFO - Filling up the DagBag from /home/airflow/.local/lib/python3.8/site-packages/airflow/example_dags/example_xcomargs.py
[2026-07-21T18:30:10.985+0000] {processor.py:840} INFO - DAG(s) 'example_xcom_args_with_operators', 'example_xcom_args' retrieved from /home/airflow/.local/lib/python3.8/site-packages/airflow/example_dags/example_xcomargs.py
[2026-07-21T18:30:11.018+0000] {logging_mixin.py:188} INFO - [2026-07-21T18:30:11.018+0000] {dag.py:3036} INFO - Sync 2 DAGs
[2026-07-21T18:30:11.037+0000] {logging_mixin.py:188} INFO - [2026-07-21T18:30:11.036+0000] {dag.py:3823} INFO - Setting next_dagrun for example_xcom_args to None, run_after=None
[2026-07-21T18:30:11.041+0000] {logging_mixin.py:188} INFO - [2026-07-21T18:30:11.041+0000] {dag.py:3823} INFO - Setting next_dagrun for example_xcom_args_with_operators to None, run_after=None
[2026-07-21T18:30:11.061+0000] {processor.py:183} INFO - Processing /home/airflow/.local/lib/python3.8/site-packages/airflow/example_dags/example_xcomargs.py took 0.098 seconds
[2026-07-21T18:30:41.296+0000] {processor.py:161} INFO - Started process (PID=2474) to work on /home/airflow/.local/lib/python3.8/site-packages/airflow/example_dags/example_xcomargs.py
[2026-07-21T18:30:41.297+0000] {processor.py:830} INFO - Processing file /home/airflow/.local/lib/python3.8/site-packages/airflow/example_dags/example_xcomargs.py for tasks to queue
[2026-07-21T18:30:41.299+0000] {logging_mixin.py:188} INFO - [2026-07-21T18:30:41.298+0000] {dagbag.py:538} INFO - Filling up the DagBag from /home/airflow/.local/lib/python3.8/site-packages/airflow/example_dags/example_xcomargs.py
[2026-07-21T18:30:41.307+0000] {processor.py:840} INFO - DAG(s) 'example_xcom_args', 'example_xcom_args_with_operators' retrieved from /home/airflow/.local/lib/python3.8/site-packages/airflow/example_dags/example_xcomargs.py
[2026-07-21T18:30:41.331+0000] {logging_mixin.py:188} INFO - [2026-07-21T18:30:41.331+0000] {dag.py:3036} INFO - Sync 2 DAGs
[2026-07-21T18:30:41.342+0000] {logging_mixin.py:188} INFO - [2026-07-21T18:30:41.342+0000] {dag.py:3823} INFO - Setting next_dagrun for example_xcom_args to None, run_after=None
[2026-07-21T18:30:41.346+0000] {logging_mixin.py:188} INFO - [2026-07-21T18:30:41.346+0000] {dag.py:3823} INFO - Setting next_dagrun for example_xcom_args_with_operators to None, run_after=None
[2026-07-21T18:30:41.363+0000] {processor.py:183} INFO - Processing /home/airflow/.local/lib/python3.8/site-packages/airflow/example_dags/example_xcomargs.py took 0.071 seconds
[2026-07-21T18:31:11.708+0000] {processor.py:161} INFO - Started process (PID=2530) to work on /home/airflow/.local/lib/python3.8/site-packages/airflow/example_dags/example_xcomargs.py
[2026-07-21T18:31:11.709+0000] {processor.py:830} INFO - Processing file /home/airflow/.local/lib/python3.8/site-packages/airflow/example_dags/example_xcomargs.py for tasks to queue
[2026-07-21T18:31:11.712+0000] {logging_mixin.py:188} INFO - [2026-07-21T18:31:11.711+0000] {dagbag.py:538} INFO - Filling up the DagBag from /home/airflow/.local/lib/python3.8/site-packages/airflow/example_dags/example_xcomargs.py
[2026-07-21T18:31:11.720+0000] {processor.py:840} INFO - DAG(s) 'example_xcom_args', 'example_xcom_args_with_operators' retrieved from /home/airflow/.local/lib/python3.8/site-packages/airflow/example_dags/example_xcomargs.py
[2026-07-21T18:31:11.745+0000] {logging_mixin.py:188} INFO - [2026-07-21T18:31:11.745+0000] {dag.py:3036} INFO - Sync 2 DAGs
[2026-07-21T18:31:11.757+0000] {logging_mixin.py:188} INFO - [2026-07-21T18:31:11.757+0000] {dag.py:3823} INFO - Setting next_dagrun for example_xcom_args to None, run_after=None
[2026-07-21T18:31:11.760+0000] {logging_mixin.py:188} INFO - [2026-07-21T18:31:11.760+0000] {dag.py:3823} INFO - Setting next_dagrun for example_xcom_args_with_operators to None, run_after=None
[2026-07-21T18:31:11.778+0000] {processor.py:183} INFO - Processing /home/airflow/.local/lib/python3.8/site-packages/airflow/example_dags/example_xcomargs.py took 0.073 seconds
[2026-07-21T18:34:14.114+0000] {processor.py:161} INFO - Started process (PID=83) to work on /home/airflow/.local/lib/python3.10/site-packages/airflow/example_dags/example_xcomargs.py
[2026-07-21T18:34:14.122+0000] {processor.py:830} INFO - Processing file /home/airflow/.local/lib/python3.10/site-packages/airflow/example_dags/example_xcomargs.py for tasks to queue
[2026-07-21T18:34:14.151+0000] {logging_mixin.py:188} INFO - [2026-07-21T18:34:14.145+0000] {dagbag.py:538} INFO - Filling up the DagBag from /home/airflow/.local/lib/python3.10/site-packages/airflow/example_dags/example_xcomargs.py
[2026-07-21T18:34:14.218+0000] {processor.py:840} INFO - DAG(s) 'example_xcom_args', 'example_xcom_args_with_operators' retrieved from /home/airflow/.local/lib/python3.10/site-packages/airflow/example_dags/example_xcomargs.py
[2026-07-21T18:34:14.242+0000] {logging_mixin.py:188} INFO - [2026-07-21T18:34:14.241+0000] {dag.py:3036} INFO - Sync 2 DAGs
[2026-07-21T18:34:14.277+0000] {logging_mixin.py:188} INFO - [2026-07-21T18:34:14.277+0000] {dag.py:3823} INFO - Setting next_dagrun for example_xcom_args to None, run_after=None
[2026-07-21T18:34:14.287+0000] {logging_mixin.py:188} INFO - [2026-07-21T18:34:14.286+0000] {dag.py:3823} INFO - Setting next_dagrun for example_xcom_args_with_operators to None, run_after=None
[2026-07-21T18:34:14.333+0000] {processor.py:183} INFO - Processing /home/airflow/.local/lib/python3.10/site-packages/airflow/example_dags/example_xcomargs.py took 0.258 seconds
[2026-07-21T18:34:44.638+0000] {processor.py:161} INFO - Started process (PID=139) to work on /home/airflow/.local/lib/python3.10/site-packages/airflow/example_dags/example_xcomargs.py
[2026-07-21T18:34:44.640+0000] {processor.py:830} INFO - Processing file /home/airflow/.local/lib/python3.10/site-packages/airflow/example_dags/example_xcomargs.py for tasks to queue
[2026-07-21T18:34:44.642+0000] {logging_mixin.py:188} INFO - [2026-07-21T18:34:44.642+0000] {dagbag.py:538} INFO - Filling up the DagBag from /home/airflow/.local/lib/python3.10/site-packages/airflow/example_dags/example_xcomargs.py
[2026-07-21T18:34:44.651+0000] {processor.py:840} INFO - DAG(s) 'example_xcom_args', 'example_xcom_args_with_operators' retrieved from /home/airflow/.local/lib/python3.10/site-packages/airflow/example_dags/example_xcomargs.py
[2026-07-21T18:34:44.761+0000] {logging_mixin.py:188} INFO - [2026-07-21T18:34:44.761+0000] {dag.py:3036} INFO - Sync 2 DAGs
[2026-07-21T18:34:44.772+0000] {logging_mixin.py:188} INFO - [2026-07-21T18:34:44.772+0000] {dag.py:3823} INFO - Setting next_dagrun for example_xcom_args to None, run_after=None
[2026-07-21T18:34:44.775+0000] {logging_mixin.py:188} INFO - [2026-07-21T18:34:44.775+0000] {dag.py:3823} INFO - Setting next_dagrun for example_xcom_args_with_operators to None, run_after=None
[2026-07-21T18:34:44.794+0000] {processor.py:183} INFO - Processing /home/airflow/.local/lib/python3.10/site-packages/airflow/example_dags/example_xcomargs.py took 0.160 seconds
[2026-07-21T18:35:14.882+0000] {processor.py:161} INFO - Started process (PID=195) to work on /home/airflow/.local/lib/python3.10/site-packages/airflow/example_dags/example_xcomargs.py
[2026-07-21T18:35:14.883+0000] {processor.py:830} INFO - Processing file /home/airflow/.local/lib/python3.10/site-packages/airflow/example_dags/example_xcomargs.py for tasks to queue
[2026-07-21T18:35:14.885+0000] {logging_mixin.py:188} INFO - [2026-07-21T18:35:14.885+0000] {dagbag.py:538} INFO - Filling up the DagBag from /home/airflow/.local/lib/python3.10/site-packages/airflow/example_dags/example_xcomargs.py
[2026-07-21T18:35:14.894+0000] {processor.py:840} INFO - DAG(s) 'example_xcom_args_with_operators', 'example_xcom_args' retrieved from /home/airflow/.local/lib/python3.10/site-packages/airflow/example_dags/example_xcomargs.py
[2026-07-21T18:35:14.917+0000] {logging_mixin.py:188} INFO - [2026-07-21T18:35:14.917+0000] {dag.py:3036} INFO - Sync 2 DAGs
[2026-07-21T18:35:14.928+0000] {logging_mixin.py:188} INFO - [2026-07-21T18:35:14.928+0000] {dag.py:3823} INFO - Setting next_dagrun for example_xcom_args to None, run_after=None
[2026-07-21T18:35:14.931+0000] {logging_mixin.py:188} INFO - [2026-07-21T18:35:14.931+0000] {dag.py:3823} INFO - Setting next_dagrun for example_xcom_args_with_operators to None, run_after=None
[2026-07-21T18:35:14.947+0000] {processor.py:183} INFO - Processing /home/airflow/.local/lib/python3.10/site-packages/airflow/example_dags/example_xcomargs.py took 0.069 seconds
[2026-07-21T18:35:45.072+0000] {processor.py:161} INFO - Started process (PID=251) to work on /home/airflow/.local/lib/python3.10/site-packages/airflow/example_dags/example_xcomargs.py
[2026-07-21T18:35:45.073+0000] {processor.py:830} INFO - Processing file /home/airflow/.local/lib/python3.10/site-packages/airflow/example_dags/example_xcomargs.py for tasks to queue
[2026-07-21T18:35:45.076+0000] {logging_mixin.py:188} INFO - [2026-07-21T18:35:45.075+0000] {dagbag.py:538} INFO - Filling up the DagBag from /home/airflow/.local/lib/python3.10/site-packages/airflow/example_dags/example_xcomargs.py
[2026-07-21T18:35:45.085+0000] {processor.py:840} INFO - DAG(s) 'example_xcom_args_with_operators', 'example_xcom_args' retrieved from /home/airflow/.local/lib/python3.10/site-packages/airflow/example_dags/example_xcomargs.py
[2026-07-21T18:35:45.114+0000] {logging_mixin.py:188} INFO - [2026-07-21T18:35:45.114+0000] {dag.py:3036} INFO - Sync 2 DAGs
[2026-07-21T18:35:45.131+0000] {logging_mixin.py:188} INFO - [2026-07-21T18:35:45.131+0000] {dag.py:3823} INFO - Setting next_dagrun for example_xcom_args to None, run_after=None
[2026-07-21T18:35:45.135+0000] {logging_mixin.py:188} INFO - [2026-07-21T18:35:45.135+0000] {dag.py:3823} INFO - Setting next_dagrun for example_xcom_args_with_operators to None, run_after=None
[2026-07-21T18:35:45.153+0000] {processor.py:183} INFO - Processing /home/airflow/.local/lib/python3.10/site-packages/airflow/example_dags/example_xcomargs.py took 0.086 seconds
[2026-07-21T18:36:15.471+0000] {processor.py:161} INFO - Started process (PID=307) to work on /home/airflow/.local/lib/python3.10/site-packages/airflow/example_dags/example_xcomargs.py
[2026-07-21T18:36:15.473+0000] {processor.py:830} INFO - Processing file /home/airflow/.local/lib/python3.10/site-packages/airflow/example_dags/example_xcomargs.py for tasks to queue
[2026-07-21T18:36:15.478+0000] {logging_mixin.py:188} INFO - [2026-07-21T18:36:15.477+0000] {dagbag.py:538} INFO - Filling up the DagBag from /home/airflow/.local/lib/python3.10/site-packages/airflow/example_dags/example_xcomargs.py
[2026-07-21T18:36:15.488+0000] {processor.py:840} INFO - DAG(s) 'example_xcom_args', 'example_xcom_args_with_operators' retrieved from /home/airflow/.local/lib/python3.10/site-packages/airflow/example_dags/example_xcomargs.py
[2026-07-21T18:36:15.515+0000] {logging_mixin.py:188} INFO - [2026-07-21T18:36:15.515+0000] {dag.py:3036} INFO - Sync 2 DAGs
[2026-07-21T18:36:15.527+0000] {logging_mixin.py:188} INFO - [2026-07-21T18:36:15.527+0000] {dag.py:3823} INFO - Setting next_dagrun for example_xcom_args to None, run_after=None
[2026-07-21T18:36:15.531+0000] {logging_mixin.py:188} INFO - [2026-07-21T18:36:15.531+0000] {dag.py:3823} INFO - Setting next_dagrun for example_xcom_args_with_operators to None, run_after=None
[2026-07-21T18:36:15.547+0000] {processor.py:183} INFO - Processing /home/airflow/.local/lib/python3.10/site-packages/airflow/example_dags/example_xcomargs.py took 0.081 seconds
[2026-07-21T18:36:45.948+0000] {processor.py:161} INFO - Started process (PID=363) to work on /home/airflow/.local/lib/python3.10/site-packages/airflow/example_dags/example_xcomargs.py
[2026-07-21T18:36:45.949+0000] {processor.py:830} INFO - Processing file /home/airflow/.local/lib/python3.10/site-packages/airflow/example_dags/example_xcomargs.py for tasks to queue
[2026-07-21T18:36:45.951+0000] {logging_mixin.py:188} INFO - [2026-07-21T18:36:45.951+0000] {dagbag.py:538} INFO - Filling up the DagBag from /home/airflow/.local/lib/python3.10/site-packages/airflow/example_dags/example_xcomargs.py
[2026-07-21T18:36:45.961+0000] {processor.py:840} INFO - DAG(s) 'example_xcom_args_with_operators', 'example_xcom_args' retrieved from /home/airflow/.local/lib/python3.10/site-packages/airflow/example_dags/example_xcomargs.py
[2026-07-21T18:36:45.983+0000] {logging_mixin.py:188} INFO - [2026-07-21T18:36:45.982+0000] {dag.py:3036} INFO - Sync 2 DAGs
[2026-07-21T18:36:45.993+0000] {logging_mixin.py:188} INFO - [2026-07-21T18:36:45.993+0000] {dag.py:3823} INFO - Setting next_dagrun for example_xcom_args to None, run_after=None
[2026-07-21T18:36:45.996+0000] {logging_mixin.py:188} INFO - [2026-07-21T18:36:45.996+0000] {dag.py:3823} INFO - Setting next_dagrun for example_xcom_args_with_operators to None, run_after=None
[2026-07-21T18:36:46.012+0000] {processor.py:183} INFO - Processing /home/airflow/.local/lib/python3.10/site-packages/airflow/example_dags/example_xcomargs.py took 0.067 seconds
[2026-07-21T18:37:16.313+0000] {processor.py:161} INFO - Started process (PID=419) to work on /home/airflow/.local/lib/python3.10/site-packages/airflow/example_dags/example_xcomargs.py
[2026-07-21T18:37:16.314+0000] {processor.py:830} INFO - Processing file /home/airflow/.local/lib/python3.10/site-packages/airflow/example_dags/example_xcomargs.py for tasks to queue
[2026-07-21T18:37:16.316+0000] {logging_mixin.py:188} INFO - [2026-07-21T18:37:16.316+0000] {dagbag.py:538} INFO - Filling up the DagBag from /home/airflow/.local/lib/python3.10/site-packages/airflow/example_dags/example_xcomargs.py
[2026-07-21T18:37:16.326+0000] {processor.py:840} INFO - DAG(s) 'example_xcom_args', 'example_xcom_args_with_operators' retrieved from /home/airflow/.local/lib/python3.10/site-packages/airflow/example_dags/example_xcomargs.py
[2026-07-21T18:37:16.352+0000] {logging_mixin.py:188} INFO - [2026-07-21T18:37:16.352+0000] {dag.py:3036} INFO - Sync 2 DAGs
[2026-07-21T18:37:16.366+0000] {logging_mixin.py:188} INFO - [2026-07-21T18:37:16.366+0000] {dag.py:3823} INFO - Setting next_dagrun for example_xcom_args to None, run_after=None
[2026-07-21T18:37:16.370+0000] {logging_mixin.py:188} INFO - [2026-07-21T18:37:16.370+0000] {dag.py:3823} INFO - Setting next_dagrun for example_xcom_args_with_operators to None, run_after=None
[2026-07-21T18:37:16.388+0000] {processor.py:183} INFO - Processing /home/airflow/.local/lib/python3.10/site-packages/airflow/example_dags/example_xcomargs.py took 0.079 seconds
[2026-07-21T18:37:46.527+0000] {processor.py:161} INFO - Started process (PID=475) to work on /home/airflow/.local/lib/python3.10/site-packages/airflow/example_dags/example_xcomargs.py
[2026-07-21T18:37:46.529+0000] {processor.py:830} INFO - Processing file /home/airflow/.local/lib/python3.10/site-packages/airflow/example_dags/example_xcomargs.py for tasks to queue
[2026-07-21T18:37:46.531+0000] {logging_mixin.py:188} INFO - [2026-07-21T18:37:46.531+0000] {dagbag.py:538} INFO - Filling up the DagBag from /home/airflow/.local/lib/python3.10/site-packages/airflow/example_dags/example_xcomargs.py
[2026-07-21T18:37:46.539+0000] {processor.py:840} INFO - DAG(s) 'example_xcom_args_with_operators', 'example_xcom_args' retrieved from /home/airflow/.local/lib/python3.10/site-packages/airflow/example_dags/example_xcomargs.py
[2026-07-21T18:37:46.562+0000] {logging_mixin.py:188} INFO - [2026-07-21T18:37:46.561+0000] {dag.py:3036} INFO - Sync 2 DAGs
[2026-07-21T18:37:46.573+0000] {logging_mixin.py:188} INFO - [2026-07-21T18:37:46.573+0000] {dag.py:3823} INFO - Setting next_dagrun for example_xcom_args to None, run_after=None
[2026-07-21T18:37:46.576+0000] {logging_mixin.py:188} INFO - [2026-07-21T18:37:46.576+0000] {dag.py:3823} INFO - Setting next_dagrun for example_xcom_args_with_operators to None, run_after=None
[2026-07-21T18:37:46.591+0000] {processor.py:183} INFO - Processing /home/airflow/.local/lib/python3.10/site-packages/airflow/example_dags/example_xcomargs.py took 0.068 seconds
[2026-07-21T18:38:17.287+0000] {processor.py:161} INFO - Started process (PID=531) to work on /home/airflow/.local/lib/python3.10/site-packages/airflow/example_dags/example_xcomargs.py
[2026-07-21T18:38:17.288+0000] {processor.py:830} INFO - Processing file /home/airflow/.local/lib/python3.10/site-packages/airflow/example_dags/example_xcomargs.py for tasks to queue
[2026-07-21T18:38:17.290+0000] {logging_mixin.py:188} INFO - [2026-07-21T18:38:17.290+0000] {dagbag.py:538} INFO - Filling up the DagBag from /home/airflow/.local/lib/python3.10/site-packages/airflow/example_dags/example_xcomargs.py
[2026-07-21T18:38:17.298+0000] {processor.py:840} INFO - DAG(s) 'example_xcom_args_with_operators', 'example_xcom_args' retrieved from /home/airflow/.local/lib/python3.10/site-packages/airflow/example_dags/example_xcomargs.py
[2026-07-21T18:38:17.322+0000] {logging_mixin.py:188} INFO - [2026-07-21T18:38:17.322+0000] {dag.py:3036} INFO - Sync 2 DAGs
[2026-07-21T18:38:17.334+0000] {logging_mixin.py:188} INFO - [2026-07-21T18:38:17.333+0000] {dag.py:3823} INFO - Setting next_dagrun for example_xcom_args to None, run_after=None
[2026-07-21T18:38:17.337+0000] {logging_mixin.py:188} INFO - [2026-07-21T18:38:17.337+0000] {dag.py:3823} INFO - Setting next_dagrun for example_xcom_args_with_operators to None, run_after=None
[2026-07-21T18:38:17.353+0000] {processor.py:183} INFO - Processing /home/airflow/.local/lib/python3.10/site-packages/airflow/example_dags/example_xcomargs.py took 0.072 seconds
[2026-07-21T18:38:47.545+0000] {processor.py:161} INFO - Started process (PID=587) to work on /home/airflow/.local/lib/python3.10/site-packages/airflow/example_dags/example_xcomargs.py
[2026-07-21T18:38:47.546+0000] {processor.py:830} INFO - Processing file /home/airflow/.local/lib/python3.10/site-packages/airflow/example_dags/example_xcomargs.py for tasks to queue
[2026-07-21T18:38:47.549+0000] {logging_mixin.py:188} INFO - [2026-07-21T18:38:47.549+0000] {dagbag.py:538} INFO - Filling up the DagBag from /home/airflow/.local/lib/python3.10/site-packages/airflow/example_dags/example_xcomargs.py
[2026-07-21T18:38:47.558+0000] {processor.py:840} INFO - DAG(s) 'example_xcom_args', 'example_xcom_args_with_operators' retrieved from /home/airflow/.local/lib/python3.10/site-packages/airflow/example_dags/example_xcomargs.py
[2026-07-21T18:38:47.582+0000] {logging_mixin.py:188} INFO - [2026-07-21T18:38:47.582+0000] {dag.py:3036} INFO - Sync 2 DAGs
[2026-07-21T18:38:47.594+0000] {logging_mixin.py:188} INFO - [2026-07-21T18:38:47.594+0000] {dag.py:3823} INFO - Setting next_dagrun for example_xcom_args to None, run_after=None
[2026-07-21T18:38:47.598+0000] {logging_mixin.py:188} INFO - [2026-07-21T18:38:47.598+0000] {dag.py:3823} INFO - Setting next_dagrun for example_xcom_args_with_operators to None, run_after=None
[2026-07-21T18:38:47.615+0000] {processor.py:183} INFO - Processing /home/airflow/.local/lib/python3.10/site-packages/airflow/example_dags/example_xcomargs.py took 0.074 seconds
[2026-07-21T18:39:17.746+0000] {processor.py:161} INFO - Started process (PID=643) to work on /home/airflow/.local/lib/python3.10/site-packages/airflow/example_dags/example_xcomargs.py
[2026-07-21T18:39:17.747+0000] {processor.py:830} INFO - Processing file /home/airflow/.local/lib/python3.10/site-packages/airflow/example_dags/example_xcomargs.py for tasks to queue
[2026-07-21T18:39:17.750+0000] {logging_mixin.py:188} INFO - [2026-07-21T18:39:17.750+0000] {dagbag.py:538} INFO - Filling up the DagBag from /home/airflow/.local/lib/python3.10/site-packages/airflow/example_dags/example_xcomargs.py
[2026-07-21T18:39:17.758+0000] {processor.py:840} INFO - DAG(s) 'example_xcom_args', 'example_xcom_args_with_operators' retrieved from /home/airflow/.local/lib/python3.10/site-packages/airflow/example_dags/example_xcomargs.py
[2026-07-21T18:39:17.782+0000] {logging_mixin.py:188} INFO - [2026-07-21T18:39:17.781+0000] {dag.py:3036} INFO - Sync 2 DAGs
[2026-07-21T18:39:17.793+0000] {logging_mixin.py:188} INFO - [2026-07-21T18:39:17.793+0000] {dag.py:3823} INFO - Setting next_dagrun for example_xcom_args to None, run_after=None
[2026-07-21T18:39:17.796+0000] {logging_mixin.py:188} INFO - [2026-07-21T18:39:17.796+0000] {dag.py:3823} INFO - Setting next_dagrun for example_xcom_args_with_operators to None, run_after=None
[2026-07-21T18:39:17.811+0000] {processor.py:183} INFO - Processing /home/airflow/.local/lib/python3.10/site-packages/airflow/example_dags/example_xcomargs.py took 0.069 seconds
[2026-07-21T18:39:47.941+0000] {processor.py:161} INFO - Started process (PID=699) to work on /home/airflow/.local/lib/python3.10/site-packages/airflow/example_dags/example_xcomargs.py
[2026-07-21T18:39:47.943+0000] {processor.py:830} INFO - Processing file /home/airflow/.local/lib/python3.10/site-packages/airflow/example_dags/example_xcomargs.py for tasks to queue
[2026-07-21T18:39:47.945+0000] {logging_mixin.py:188} INFO - [2026-07-21T18:39:47.945+0000] {dagbag.py:538} INFO - Filling up the DagBag from /home/airflow/.local/lib/python3.10/site-packages/airflow/example_dags/example_xcomargs.py
[2026-07-21T18:39:47.955+0000] {processor.py:840} INFO - DAG(s) 'example_xcom_args_with_operators', 'example_xcom_args' retrieved from /home/airflow/.local/lib/python3.10/site-packages/airflow/example_dags/example_xcomargs.py
[2026-07-21T18:39:47.980+0000] {logging_mixin.py:188} INFO - [2026-07-21T18:39:47.980+0000] {dag.py:3036} INFO - Sync 2 DAGs
[2026-07-21T18:39:47.991+0000] {logging_mixin.py:188} INFO - [2026-07-21T18:39:47.991+0000] {dag.py:3823} INFO - Setting next_dagrun for example_xcom_args to None, run_after=None
[2026-07-21T18:39:47.995+0000] {logging_mixin.py:188} INFO - [2026-07-21T18:39:47.995+0000] {dag.py:3823} INFO - Setting next_dagrun for example_xcom_args_with_operators to None, run_after=None
[2026-07-21T18:39:48.010+0000] {processor.py:183} INFO - Processing /home/airflow/.local/lib/python3.10/site-packages/airflow/example_dags/example_xcomargs.py took 0.074 seconds
[2026-07-21T18:40:18.504+0000] {processor.py:161} INFO - Started process (PID=755) to work on /home/airflow/.local/lib/python3.10/site-packages/airflow/example_dags/example_xcomargs.py
[2026-07-21T18:40:18.506+0000] {processor.py:830} INFO - Processing file /home/airflow/.local/lib/python3.10/site-packages/airflow/example_dags/example_xcomargs.py for tasks to queue
[2026-07-21T18:40:18.508+0000] {logging_mixin.py:188} INFO - [2026-07-21T18:40:18.508+0000] {dagbag.py:538} INFO - Filling up the DagBag from /home/airflow/.local/lib/python3.10/site-packages/airflow/example_dags/example_xcomargs.py
[2026-07-21T18:40:18.516+0000] {processor.py:840} INFO - DAG(s) 'example_xcom_args_with_operators', 'example_xcom_args' retrieved from /home/airflow/.local/lib/python3.10/site-packages/airflow/example_dags/example_xcomargs.py
[2026-07-21T18:40:18.540+0000] {logging_mixin.py:188} INFO - [2026-07-21T18:40:18.540+0000] {dag.py:3036} INFO - Sync 2 DAGs
[2026-07-21T18:40:18.552+0000] {logging_mixin.py:188} INFO - [2026-07-21T18:40:18.552+0000] {dag.py:3823} INFO - Setting next_dagrun for example_xcom_args to None, run_after=None
[2026-07-21T18:40:18.555+0000] {logging_mixin.py:188} INFO - [2026-07-21T18:40:18.555+0000] {dag.py:3823} INFO - Setting next_dagrun for example_xcom_args_with_operators to None, run_after=None
[2026-07-21T18:40:18.572+0000] {processor.py:183} INFO - Processing /home/airflow/.local/lib/python3.10/site-packages/airflow/example_dags/example_xcomargs.py took 0.071 seconds
[2026-07-21T18:40:48.919+0000] {processor.py:161} INFO - Started process (PID=811) to work on /home/airflow/.local/lib/python3.10/site-packages/airflow/example_dags/example_xcomargs.py
[2026-07-21T18:40:48.920+0000] {processor.py:830} INFO - Processing file /home/airflow/.local/lib/python3.10/site-packages/airflow/example_dags/example_xcomargs.py for tasks to queue
[2026-07-21T18:40:48.923+0000] {logging_mixin.py:188} INFO - [2026-07-21T18:40:48.922+0000] {dagbag.py:538} INFO - Filling up the DagBag from /home/airflow/.local/lib/python3.10/site-packages/airflow/example_dags/example_xcomargs.py
[2026-07-21T18:40:48.931+0000] {processor.py:840} INFO - DAG(s) 'example_xcom_args', 'example_xcom_args_with_operators' retrieved from /home/airflow/.local/lib/python3.10/site-packages/airflow/example_dags/example_xcomargs.py
[2026-07-21T18:40:48.955+0000] {logging_mixin.py:188} INFO - [2026-07-21T18:40:48.955+0000] {dag.py:3036} INFO - Sync 2 DAGs
[2026-07-21T18:40:48.967+0000] {logging_mixin.py:188} INFO - [2026-07-21T18:40:48.967+0000] {dag.py:3823} INFO - Setting next_dagrun for example_xcom_args to None, run_after=None
[2026-07-21T18:40:48.970+0000] {logging_mixin.py:188} INFO - [2026-07-21T18:40:48.970+0000] {dag.py:3823} INFO - Setting next_dagrun for example_xcom_args_with_operators to None, run_after=None
[2026-07-21T18:40:48.987+0000] {processor.py:183} INFO - Processing /home/airflow/.local/lib/python3.10/site-packages/airflow/example_dags/example_xcomargs.py took 0.072 seconds
[2026-07-21T18:41:19.112+0000] {processor.py:161} INFO - Started process (PID=867) to work on /home/airflow/.local/lib/python3.10/site-packages/airflow/example_dags/example_xcomargs.py
[2026-07-21T18:41:19.114+0000] {processor.py:830} INFO - Processing file /home/airflow/.local/lib/python3.10/site-packages/airflow/example_dags/example_xcomargs.py for tasks to queue
[2026-07-21T18:41:19.116+0000] {logging_mixin.py:188} INFO - [2026-07-21T18:41:19.116+0000] {dagbag.py:538} INFO - Filling up the DagBag from /home/airflow/.local/lib/python3.10/site-packages/airflow/example_dags/example_xcomargs.py
[2026-07-21T18:41:19.125+0000] {processor.py:840} INFO - DAG(s) 'example_xcom_args_with_operators', 'example_xcom_args' retrieved from /home/airflow/.local/lib/python3.10/site-packages/airflow/example_dags/example_xcomargs.py
[2026-07-21T18:41:19.150+0000] {logging_mixin.py:188} INFO - [2026-07-21T18:41:19.150+0000] {dag.py:3036} INFO - Sync 2 DAGs
[2026-07-21T18:41:19.163+0000] {logging_mixin.py:188} INFO - [2026-07-21T18:41:19.163+0000] {dag.py:3823} INFO - Setting next_dagrun for example_xcom_args to None, run_after=None
[2026-07-21T18:41:19.167+0000] {logging_mixin.py:188} INFO - [2026-07-21T18:41:19.166+0000] {dag.py:3823} INFO - Setting next_dagrun for example_xcom_args_with_operators to None, run_after=None
[2026-07-21T18:41:19.186+0000] {processor.py:183} INFO - Processing /home/airflow/.local/lib/python3.10/site-packages/airflow/example_dags/example_xcomargs.py took 0.078 seconds
[2026-07-21T18:41:49.529+0000] {processor.py:161} INFO - Started process (PID=923) to work on /home/airflow/.local/lib/python3.10/site-packages/airflow/example_dags/example_xcomargs.py
[2026-07-21T18:41:49.530+0000] {processor.py:830} INFO - Processing file /home/airflow/.local/lib/python3.10/site-packages/airflow/example_dags/example_xcomargs.py for tasks to queue
[2026-07-21T18:41:49.533+0000] {logging_mixin.py:188} INFO - [2026-07-21T18:41:49.532+0000] {dagbag.py:538} INFO - Filling up the DagBag from /home/airflow/.local/lib/python3.10/site-packages/airflow/example_dags/example_xcomargs.py
[2026-07-21T18:41:49.541+0000] {processor.py:840} INFO - DAG(s) 'example_xcom_args_with_operators', 'example_xcom_args' retrieved from /home/airflow/.local/lib/python3.10/site-packages/airflow/example_dags/example_xcomargs.py
[2026-07-21T18:41:49.566+0000] {logging_mixin.py:188} INFO - [2026-07-21T18:41:49.565+0000] {dag.py:3036} INFO - Sync 2 DAGs
[2026-07-21T18:41:49.578+0000] {logging_mixin.py:188} INFO - [2026-07-21T18:41:49.577+0000] {dag.py:3823} INFO - Setting next_dagrun for example_xcom_args to None, run_after=None
[2026-07-21T18:41:49.581+0000] {logging_mixin.py:188} INFO - [2026-07-21T18:41:49.581+0000] {dag.py:3823} INFO - Setting next_dagrun for example_xcom_args_with_operators to None, run_after=None
[2026-07-21T18:41:49.598+0000] {processor.py:183} INFO - Processing /home/airflow/.local/lib/python3.10/site-packages/airflow/example_dags/example_xcomargs.py took 0.073 seconds
[2026-07-21T18:42:19.752+0000] {processor.py:161} INFO - Started process (PID=979) to work on /home/airflow/.local/lib/python3.10/site-packages/airflow/example_dags/example_xcomargs.py
[2026-07-21T18:42:19.754+0000] {processor.py:830} INFO - Processing file /home/airflow/.local/lib/python3.10/site-packages/airflow/example_dags/example_xcomargs.py for tasks to queue
[2026-07-21T18:42:19.756+0000] {logging_mixin.py:188} INFO - [2026-07-21T18:42:19.756+0000] {dagbag.py:538} INFO - Filling up the DagBag from /home/airflow/.local/lib/python3.10/site-packages/airflow/example_dags/example_xcomargs.py
[2026-07-21T18:42:19.765+0000] {processor.py:840} INFO - DAG(s) 'example_xcom_args', 'example_xcom_args_with_operators' retrieved from /home/airflow/.local/lib/python3.10/site-packages/airflow/example_dags/example_xcomargs.py
[2026-07-21T18:42:19.790+0000] {logging_mixin.py:188} INFO - [2026-07-21T18:42:19.790+0000] {dag.py:3036} INFO - Sync 2 DAGs
[2026-07-21T18:42:19.802+0000] {logging_mixin.py:188} INFO - [2026-07-21T18:42:19.802+0000] {dag.py:3823} INFO - Setting next_dagrun for example_xcom_args to None, run_after=None
[2026-07-21T18:42:19.806+0000] {logging_mixin.py:188} INFO - [2026-07-21T18:42:19.806+0000] {dag.py:3823} INFO - Setting next_dagrun for example_xcom_args_with_operators to None, run_after=None
[2026-07-21T18:42:19.823+0000] {processor.py:183} INFO - Processing /home/airflow/.local/lib/python3.10/site-packages/airflow/example_dags/example_xcomargs.py took 0.075 seconds
[2026-07-21T18:42:50.181+0000] {processor.py:161} INFO - Started process (PID=1036) to work on /home/airflow/.local/lib/python3.10/site-packages/airflow/example_dags/example_xcomargs.py
[2026-07-21T18:42:50.182+0000] {processor.py:830} INFO - Processing file /home/airflow/.local/lib/python3.10/site-packages/airflow/example_dags/example_xcomargs.py for tasks to queue
[2026-07-21T18:42:50.184+0000] {logging_mixin.py:188} INFO - [2026-07-21T18:42:50.184+0000] {dagbag.py:538} INFO - Filling up the DagBag from /home/airflow/.local/lib/python3.10/site-packages/airflow/example_dags/example_xcomargs.py
[2026-07-21T18:42:50.192+0000] {processor.py:840} INFO - DAG(s) 'example_xcom_args_with_operators', 'example_xcom_args' retrieved from /home/airflow/.local/lib/python3.10/site-packages/airflow/example_dags/example_xcomargs.py
[2026-07-21T18:42:50.215+0000] {logging_mixin.py:188} INFO - [2026-07-21T18:42:50.215+0000] {dag.py:3036} INFO - Sync 2 DAGs
[2026-07-21T18:42:50.226+0000] {logging_mixin.py:188} INFO - [2026-07-21T18:42:50.226+0000] {dag.py:3823} INFO - Setting next_dagrun for example_xcom_args to None, run_after=None
[2026-07-21T18:42:50.229+0000] {logging_mixin.py:188} INFO - [2026-07-21T18:42:50.229+0000] {dag.py:3823} INFO - Setting next_dagrun for example_xcom_args_with_operators to None, run_after=None
[2026-07-21T18:42:50.244+0000] {processor.py:183} INFO - Processing /home/airflow/.local/lib/python3.10/site-packages/airflow/example_dags/example_xcomargs.py took 0.067 seconds
[2026-07-21T18:43:20.472+0000] {processor.py:161} INFO - Started process (PID=1092) to work on /home/airflow/.local/lib/python3.10/site-packages/airflow/example_dags/example_xcomargs.py
[2026-07-21T18:43:20.474+0000] {processor.py:830} INFO - Processing file /home/airflow/.local/lib/python3.10/site-packages/airflow/example_dags/example_xcomargs.py for tasks to queue
[2026-07-21T18:43:20.479+0000] {logging_mixin.py:188} INFO - [2026-07-21T18:43:20.479+0000] {dagbag.py:538} INFO - Filling up the DagBag from /home/airflow/.local/lib/python3.10/site-packages/airflow/example_dags/example_xcomargs.py
[2026-07-21T18:43:20.495+0000] {processor.py:840} INFO - DAG(s) 'example_xcom_args', 'example_xcom_args_with_operators' retrieved from /home/airflow/.local/lib/python3.10/site-packages/airflow/example_dags/example_xcomargs.py
[2026-07-21T18:43:20.523+0000] {logging_mixin.py:188} INFO - [2026-07-21T18:43:20.523+0000] {dag.py:3036} INFO - Sync 2 DAGs
[2026-07-21T18:43:20.535+0000] {logging_mixin.py:188} INFO - [2026-07-21T18:43:20.534+0000] {dag.py:3823} INFO - Setting next_dagrun for example_xcom_args to None, run_after=None
[2026-07-21T18:43:20.538+0000] {logging_mixin.py:188} INFO - [2026-07-21T18:43:20.538+0000] {dag.py:3823} INFO - Setting next_dagrun for example_xcom_args_with_operators to None, run_after=None
[2026-07-21T18:43:20.556+0000] {processor.py:183} INFO - Processing /home/airflow/.local/lib/python3.10/site-packages/airflow/example_dags/example_xcomargs.py took 0.090 seconds
[2026-07-21T18:43:51.061+0000] {processor.py:161} INFO - Started process (PID=1148) to work on /home/airflow/.local/lib/python3.10/site-packages/airflow/example_dags/example_xcomargs.py
[2026-07-21T18:43:51.062+0000] {processor.py:830} INFO - Processing file /home/airflow/.local/lib/python3.10/site-packages/airflow/example_dags/example_xcomargs.py for tasks to queue
[2026-07-21T18:43:51.064+0000] {logging_mixin.py:188} INFO - [2026-07-21T18:43:51.064+0000] {dagbag.py:538} INFO - Filling up the DagBag from /home/airflow/.local/lib/python3.10/site-packages/airflow/example_dags/example_xcomargs.py
[2026-07-21T18:43:51.073+0000] {processor.py:840} INFO - DAG(s) 'example_xcom_args', 'example_xcom_args_with_operators' retrieved from /home/airflow/.local/lib/python3.10/site-packages/airflow/example_dags/example_xcomargs.py
[2026-07-21T18:43:51.099+0000] {logging_mixin.py:188} INFO - [2026-07-21T18:43:51.099+0000] {dag.py:3036} INFO - Sync 2 DAGs
[2026-07-21T18:43:51.113+0000] {logging_mixin.py:188} INFO - [2026-07-21T18:43:51.113+0000] {dag.py:3823} INFO - Setting next_dagrun for example_xcom_args to None, run_after=None
[2026-07-21T18:43:51.118+0000] {logging_mixin.py:188} INFO - [2026-07-21T18:43:51.117+0000] {dag.py:3823} INFO - Setting next_dagrun for example_xcom_args_with_operators to None, run_after=None
[2026-07-21T18:43:51.140+0000] {processor.py:183} INFO - Processing /home/airflow/.local/lib/python3.10/site-packages/airflow/example_dags/example_xcomargs.py took 0.083 seconds
[2026-07-21T18:44:21.386+0000] {processor.py:161} INFO - Started process (PID=1204) to work on /home/airflow/.local/lib/python3.10/site-packages/airflow/example_dags/example_xcomargs.py
[2026-07-21T18:44:21.388+0000] {processor.py:830} INFO - Processing file /home/airflow/.local/lib/python3.10/site-packages/airflow/example_dags/example_xcomargs.py for tasks to queue
[2026-07-21T18:44:21.390+0000] {logging_mixin.py:188} INFO - [2026-07-21T18:44:21.390+0000] {dagbag.py:538} INFO - Filling up the DagBag from /home/airflow/.local/lib/python3.10/site-packages/airflow/example_dags/example_xcomargs.py
[2026-07-21T18:44:21.399+0000] {processor.py:840} INFO - DAG(s) 'example_xcom_args_with_operators', 'example_xcom_args' retrieved from /home/airflow/.local/lib/python3.10/site-packages/airflow/example_dags/example_xcomargs.py
[2026-07-21T18:44:21.425+0000] {logging_mixin.py:188} INFO - [2026-07-21T18:44:21.425+0000] {dag.py:3036} INFO - Sync 2 DAGs
[2026-07-21T18:44:21.437+0000] {logging_mixin.py:188} INFO - [2026-07-21T18:44:21.437+0000] {dag.py:3823} INFO - Setting next_dagrun for example_xcom_args to None, run_after=None
[2026-07-21T18:44:21.441+0000] {logging_mixin.py:188} INFO - [2026-07-21T18:44:21.440+0000] {dag.py:3823} INFO - Setting next_dagrun for example_xcom_args_with_operators to None, run_after=None
[2026-07-21T18:44:21.458+0000] {processor.py:183} INFO - Processing /home/airflow/.local/lib/python3.10/site-packages/airflow/example_dags/example_xcomargs.py took 0.076 seconds
[2026-07-21T18:44:51.640+0000] {processor.py:161} INFO - Started process (PID=1260) to work on /home/airflow/.local/lib/python3.10/site-packages/airflow/example_dags/example_xcomargs.py
[2026-07-21T18:44:51.642+0000] {processor.py:830} INFO - Processing file /home/airflow/.local/lib/python3.10/site-packages/airflow/example_dags/example_xcomargs.py for tasks to queue
[2026-07-21T18:44:51.644+0000] {logging_mixin.py:188} INFO - [2026-07-21T18:44:51.644+0000] {dagbag.py:538} INFO - Filling up the DagBag from /home/airflow/.local/lib/python3.10/site-packages/airflow/example_dags/example_xcomargs.py
[2026-07-21T18:44:51.652+0000] {processor.py:840} INFO - DAG(s) 'example_xcom_args', 'example_xcom_args_with_operators' retrieved from /home/airflow/.local/lib/python3.10/site-packages/airflow/example_dags/example_xcomargs.py
[2026-07-21T18:44:51.675+0000] {logging_mixin.py:188} INFO - [2026-07-21T18:44:51.675+0000] {dag.py:3036} INFO - Sync 2 DAGs
[2026-07-21T18:44:51.686+0000] {logging_mixin.py:188} INFO - [2026-07-21T18:44:51.686+0000] {dag.py:3823} INFO - Setting next_dagrun for example_xcom_args to None, run_after=None
[2026-07-21T18:44:51.689+0000] {logging_mixin.py:188} INFO - [2026-07-21T18:44:51.689+0000] {dag.py:3823} INFO - Setting next_dagrun for example_xcom_args_with_operators to None, run_after=None
[2026-07-21T18:44:51.705+0000] {processor.py:183} INFO - Processing /home/airflow/.local/lib/python3.10/site-packages/airflow/example_dags/example_xcomargs.py took 0.069 seconds
[2026-07-21T18:45:21.831+0000] {processor.py:161} INFO - Started process (PID=1316) to work on /home/airflow/.local/lib/python3.10/site-packages/airflow/example_dags/example_xcomargs.py
[2026-07-21T18:45:21.832+0000] {processor.py:830} INFO - Processing file /home/airflow/.local/lib/python3.10/site-packages/airflow/example_dags/example_xcomargs.py for tasks to queue
[2026-07-21T18:45:21.835+0000] {logging_mixin.py:188} INFO - [2026-07-21T18:45:21.834+0000] {dagbag.py:538} INFO - Filling up the DagBag from /home/airflow/.local/lib/python3.10/site-packages/airflow/example_dags/example_xcomargs.py
[2026-07-21T18:45:21.843+0000] {processor.py:840} INFO - DAG(s) 'example_xcom_args_with_operators', 'example_xcom_args' retrieved from /home/airflow/.local/lib/python3.10/site-packages/airflow/example_dags/example_xcomargs.py
[2026-07-21T18:45:21.868+0000] {logging_mixin.py:188} INFO - [2026-07-21T18:45:21.868+0000] {dag.py:3036} INFO - Sync 2 DAGs
[2026-07-21T18:45:21.880+0000] {logging_mixin.py:188} INFO - [2026-07-21T18:45:21.879+0000] {dag.py:3823} INFO - Setting next_dagrun for example_xcom_args to None, run_after=None
[2026-07-21T18:45:21.883+0000] {logging_mixin.py:188} INFO - [2026-07-21T18:45:21.883+0000] {dag.py:3823} INFO - Setting next_dagrun for example_xcom_args_with_operators to None, run_after=None
[2026-07-21T18:45:21.899+0000] {processor.py:183} INFO - Processing /home/airflow/.local/lib/python3.10/site-packages/airflow/example_dags/example_xcomargs.py took 0.071 seconds
[2026-07-21T18:45:52.498+0000] {processor.py:161} INFO - Started process (PID=1372) to work on /home/airflow/.local/lib/python3.10/site-packages/airflow/example_dags/example_xcomargs.py
[2026-07-21T18:45:52.499+0000] {processor.py:830} INFO - Processing file /home/airflow/.local/lib/python3.10/site-packages/airflow/example_dags/example_xcomargs.py for tasks to queue
[2026-07-21T18:45:52.501+0000] {logging_mixin.py:188} INFO - [2026-07-21T18:45:52.501+0000] {dagbag.py:538} INFO - Filling up the DagBag from /home/airflow/.local/lib/python3.10/site-packages/airflow/example_dags/example_xcomargs.py
[2026-07-21T18:45:52.510+0000] {processor.py:840} INFO - DAG(s) 'example_xcom_args_with_operators', 'example_xcom_args' retrieved from /home/airflow/.local/lib/python3.10/site-packages/airflow/example_dags/example_xcomargs.py
[2026-07-21T18:45:52.533+0000] {logging_mixin.py:188} INFO - [2026-07-21T18:45:52.533+0000] {dag.py:3036} INFO - Sync 2 DAGs
[2026-07-21T18:45:52.545+0000] {logging_mixin.py:188} INFO - [2026-07-21T18:45:52.545+0000] {dag.py:3823} INFO - Setting next_dagrun for example_xcom_args to None, run_after=None
[2026-07-21T18:45:52.549+0000] {logging_mixin.py:188} INFO - [2026-07-21T18:45:52.548+0000] {dag.py:3823} INFO - Setting next_dagrun for example_xcom_args_with_operators to None, run_after=None
[2026-07-21T18:45:52.565+0000] {processor.py:183} INFO - Processing /home/airflow/.local/lib/python3.10/site-packages/airflow/example_dags/example_xcomargs.py took 0.071 seconds
[2026-07-21T18:46:22.797+0000] {processor.py:161} INFO - Started process (PID=1428) to work on /home/airflow/.local/lib/python3.10/site-packages/airflow/example_dags/example_xcomargs.py
[2026-07-21T18:46:22.799+0000] {processor.py:830} INFO - Processing file /home/airflow/.local/lib/python3.10/site-packages/airflow/example_dags/example_xcomargs.py for tasks to queue
[2026-07-21T18:46:22.801+0000] {logging_mixin.py:188} INFO - [2026-07-21T18:46:22.800+0000] {dagbag.py:538} INFO - Filling up the DagBag from /home/airflow/.local/lib/python3.10/site-packages/airflow/example_dags/example_xcomargs.py
[2026-07-21T18:46:22.810+0000] {processor.py:840} INFO - DAG(s) 'example_xcom_args_with_operators', 'example_xcom_args' retrieved from /home/airflow/.local/lib/python3.10/site-packages/airflow/example_dags/example_xcomargs.py
[2026-07-21T18:46:22.838+0000] {logging_mixin.py:188} INFO - [2026-07-21T18:46:22.838+0000] {dag.py:3036} INFO - Sync 2 DAGs
[2026-07-21T18:46:22.851+0000] {logging_mixin.py:188} INFO - [2026-07-21T18:46:22.850+0000] {dag.py:3823} INFO - Setting next_dagrun for example_xcom_args to None, run_after=None
[2026-07-21T18:46:22.854+0000] {logging_mixin.py:188} INFO - [2026-07-21T18:46:22.854+0000] {dag.py:3823} INFO - Setting next_dagrun for example_xcom_args_with_operators to None, run_after=None
[2026-07-21T18:46:22.871+0000] {processor.py:183} INFO - Processing /home/airflow/.local/lib/python3.10/site-packages/airflow/example_dags/example_xcomargs.py took 0.078 seconds
[2026-07-21T18:46:52.989+0000] {processor.py:161} INFO - Started process (PID=1484) to work on /home/airflow/.local/lib/python3.10/site-packages/airflow/example_dags/example_xcomargs.py
[2026-07-21T18:46:52.990+0000] {processor.py:830} INFO - Processing file /home/airflow/.local/lib/python3.10/site-packages/airflow/example_dags/example_xcomargs.py for tasks to queue
[2026-07-21T18:46:52.992+0000] {logging_mixin.py:188} INFO - [2026-07-21T18:46:52.992+0000] {dagbag.py:538} INFO - Filling up the DagBag from /home/airflow/.local/lib/python3.10/site-packages/airflow/example_dags/example_xcomargs.py
[2026-07-21T18:46:53.000+0000] {processor.py:840} INFO - DAG(s) 'example_xcom_args', 'example_xcom_args_with_operators' retrieved from /home/airflow/.local/lib/python3.10/site-packages/airflow/example_dags/example_xcomargs.py
[2026-07-21T18:46:53.025+0000] {logging_mixin.py:188} INFO - [2026-07-21T18:46:53.025+0000] {dag.py:3036} INFO - Sync 2 DAGs
[2026-07-21T18:46:53.036+0000] {logging_mixin.py:188} INFO - [2026-07-21T18:46:53.036+0000] {dag.py:3823} INFO - Setting next_dagrun for example_xcom_args to None, run_after=None
[2026-07-21T18:46:53.040+0000] {logging_mixin.py:188} INFO - [2026-07-21T18:46:53.039+0000] {dag.py:3823} INFO - Setting next_dagrun for example_xcom_args_with_operators to None, run_after=None
[2026-07-21T18:46:53.057+0000] {processor.py:183} INFO - Processing /home/airflow/.local/lib/python3.10/site-packages/airflow/example_dags/example_xcomargs.py took 0.073 seconds
[2026-07-21T18:47:23.348+0000] {processor.py:161} INFO - Started process (PID=1540) to work on /home/airflow/.local/lib/python3.10/site-packages/airflow/example_dags/example_xcomargs.py
[2026-07-21T18:47:23.350+0000] {processor.py:830} INFO - Processing file /home/airflow/.local/lib/python3.10/site-packages/airflow/example_dags/example_xcomargs.py for tasks to queue
[2026-07-21T18:47:23.352+0000] {logging_mixin.py:188} INFO - [2026-07-21T18:47:23.352+0000] {dagbag.py:538} INFO - Filling up the DagBag from /home/airflow/.local/lib/python3.10/site-packages/airflow/example_dags/example_xcomargs.py
[2026-07-21T18:47:23.365+0000] {processor.py:840} INFO - DAG(s) 'example_xcom_args_with_operators', 'example_xcom_args' retrieved from /home/airflow/.local/lib/python3.10/site-packages/airflow/example_dags/example_xcomargs.py
[2026-07-21T18:47:23.393+0000] {logging_mixin.py:188} INFO - [2026-07-21T18:47:23.392+0000] {dag.py:3036} INFO - Sync 2 DAGs
[2026-07-21T18:47:23.407+0000] {logging_mixin.py:188} INFO - [2026-07-21T18:47:23.407+0000] {dag.py:3823} INFO - Setting next_dagrun for example_xcom_args to None, run_after=None
[2026-07-21T18:47:23.411+0000] {logging_mixin.py:188} INFO - [2026-07-21T18:47:23.410+0000] {dag.py:3823} INFO - Setting next_dagrun for example_xcom_args_with_operators to None, run_after=None
[2026-07-21T18:47:23.429+0000] {processor.py:183} INFO - Processing /home/airflow/.local/lib/python3.10/site-packages/airflow/example_dags/example_xcomargs.py took 0.086 seconds
[2026-07-21T18:47:53.920+0000] {processor.py:161} INFO - Started process (PID=1596) to work on /home/airflow/.local/lib/python3.10/site-packages/airflow/example_dags/example_xcomargs.py
[2026-07-21T18:47:53.921+0000] {processor.py:830} INFO - Processing file /home/airflow/.local/lib/python3.10/site-packages/airflow/example_dags/example_xcomargs.py for tasks to queue
[2026-07-21T18:47:53.923+0000] {logging_mixin.py:188} INFO - [2026-07-21T18:47:53.923+0000] {dagbag.py:538} INFO - Filling up the DagBag from /home/airflow/.local/lib/python3.10/site-packages/airflow/example_dags/example_xcomargs.py
[2026-07-21T18:47:53.932+0000] {processor.py:840} INFO - DAG(s) 'example_xcom_args', 'example_xcom_args_with_operators' retrieved from /home/airflow/.local/lib/python3.10/site-packages/airflow/example_dags/example_xcomargs.py
[2026-07-21T18:47:53.956+0000] {logging_mixin.py:188} INFO - [2026-07-21T18:47:53.955+0000] {dag.py:3036} INFO - Sync 2 DAGs
[2026-07-21T18:47:53.967+0000] {logging_mixin.py:188} INFO - [2026-07-21T18:47:53.967+0000] {dag.py:3823} INFO - Setting next_dagrun for example_xcom_args to None, run_after=None
[2026-07-21T18:47:53.971+0000] {logging_mixin.py:188} INFO - [2026-07-21T18:47:53.971+0000] {dag.py:3823} INFO - Setting next_dagrun for example_xcom_args_with_operators to None, run_after=None
[2026-07-21T18:47:53.987+0000] {processor.py:183} INFO - Processing /home/airflow/.local/lib/python3.10/site-packages/airflow/example_dags/example_xcomargs.py took 0.071 seconds
