[2026-07-21T17:56:24.254+0000] {processor.py:161} INFO - Started process (PID=69) to work on /home/airflow/.local/lib/python3.8/site-packages/airflow/example_dags/example_latest_only.py
[2026-07-21T17:56:24.257+0000] {processor.py:830} INFO - Processing file /home/airflow/.local/lib/python3.8/site-packages/airflow/example_dags/example_latest_only.py for tasks to queue
[2026-07-21T17:56:24.261+0000] {logging_mixin.py:188} INFO - [2026-07-21T17:56:24.261+0000] {dagbag.py:538} INFO - Filling up the DagBag from /home/airflow/.local/lib/python3.8/site-packages/airflow/example_dags/example_latest_only.py
[2026-07-21T17:56:24.291+0000] {processor.py:840} INFO - DAG(s) 'latest_only' retrieved from /home/airflow/.local/lib/python3.8/site-packages/airflow/example_dags/example_latest_only.py
[2026-07-21T17:56:24.337+0000] {logging_mixin.py:188} INFO - [2026-07-21T17:56:24.336+0000] {dag.py:3036} INFO - Sync 1 DAGs
[2026-07-21T17:56:24.391+0000] {logging_mixin.py:188} INFO - [2026-07-21T17:56:24.390+0000] {dag.py:3823} INFO - Setting next_dagrun for latest_only to 2026-07-21 12:00:00+00:00, run_after=2026-07-21 16:00:00+00:00
[2026-07-21T17:56:24.471+0000] {processor.py:183} INFO - Processing /home/airflow/.local/lib/python3.8/site-packages/airflow/example_dags/example_latest_only.py took 0.224 seconds
[2026-07-21T17:56:54.745+0000] {processor.py:161} INFO - Started process (PID=125) to work on /home/airflow/.local/lib/python3.8/site-packages/airflow/example_dags/example_latest_only.py
[2026-07-21T17:56:54.746+0000] {processor.py:830} INFO - Processing file /home/airflow/.local/lib/python3.8/site-packages/airflow/example_dags/example_latest_only.py for tasks to queue
[2026-07-21T17:56:54.748+0000] {logging_mixin.py:188} INFO - [2026-07-21T17:56:54.748+0000] {dagbag.py:538} INFO - Filling up the DagBag from /home/airflow/.local/lib/python3.8/site-packages/airflow/example_dags/example_latest_only.py
[2026-07-21T17:56:54.755+0000] {processor.py:840} INFO - DAG(s) 'latest_only' retrieved from /home/airflow/.local/lib/python3.8/site-packages/airflow/example_dags/example_latest_only.py
[2026-07-21T17:56:54.866+0000] {logging_mixin.py:188} INFO - [2026-07-21T17:56:54.866+0000] {dag.py:3036} INFO - Sync 1 DAGs
[2026-07-21T17:56:54.886+0000] {logging_mixin.py:188} INFO - [2026-07-21T17:56:54.886+0000] {dag.py:3823} INFO - Setting next_dagrun for latest_only to 2026-07-21 12:00:00+00:00, run_after=2026-07-21 16:00:00+00:00
[2026-07-21T17:56:54.910+0000] {processor.py:183} INFO - Processing /home/airflow/.local/lib/python3.8/site-packages/airflow/example_dags/example_latest_only.py took 0.169 seconds
[2026-07-21T17:57:25.147+0000] {processor.py:161} INFO - Started process (PID=181) to work on /home/airflow/.local/lib/python3.8/site-packages/airflow/example_dags/example_latest_only.py
[2026-07-21T17:57:25.148+0000] {processor.py:830} INFO - Processing file /home/airflow/.local/lib/python3.8/site-packages/airflow/example_dags/example_latest_only.py for tasks to queue
[2026-07-21T17:57:25.150+0000] {logging_mixin.py:188} INFO - [2026-07-21T17:57:25.150+0000] {dagbag.py:538} INFO - Filling up the DagBag from /home/airflow/.local/lib/python3.8/site-packages/airflow/example_dags/example_latest_only.py
[2026-07-21T17:57:25.155+0000] {processor.py:840} INFO - DAG(s) 'latest_only' retrieved from /home/airflow/.local/lib/python3.8/site-packages/airflow/example_dags/example_latest_only.py
[2026-07-21T17:57:25.178+0000] {logging_mixin.py:188} INFO - [2026-07-21T17:57:25.178+0000] {dag.py:3036} INFO - Sync 1 DAGs
[2026-07-21T17:57:25.202+0000] {logging_mixin.py:188} INFO - [2026-07-21T17:57:25.202+0000] {dag.py:3823} INFO - Setting next_dagrun for latest_only to 2026-07-21 12:00:00+00:00, run_after=2026-07-21 16:00:00+00:00
[2026-07-21T17:57:25.222+0000] {processor.py:183} INFO - Processing /home/airflow/.local/lib/python3.8/site-packages/airflow/example_dags/example_latest_only.py took 0.079 seconds
[2026-07-21T17:57:55.393+0000] {processor.py:161} INFO - Started process (PID=237) to work on /home/airflow/.local/lib/python3.8/site-packages/airflow/example_dags/example_latest_only.py
[2026-07-21T17:57:55.394+0000] {processor.py:830} INFO - Processing file /home/airflow/.local/lib/python3.8/site-packages/airflow/example_dags/example_latest_only.py for tasks to queue
[2026-07-21T17:57:55.397+0000] {logging_mixin.py:188} INFO - [2026-07-21T17:57:55.397+0000] {dagbag.py:538} INFO - Filling up the DagBag from /home/airflow/.local/lib/python3.8/site-packages/airflow/example_dags/example_latest_only.py
[2026-07-21T17:57:55.402+0000] {processor.py:840} INFO - DAG(s) 'latest_only' retrieved from /home/airflow/.local/lib/python3.8/site-packages/airflow/example_dags/example_latest_only.py
[2026-07-21T17:57:55.424+0000] {logging_mixin.py:188} INFO - [2026-07-21T17:57:55.424+0000] {dag.py:3036} INFO - Sync 1 DAGs
[2026-07-21T17:57:55.444+0000] {logging_mixin.py:188} INFO - [2026-07-21T17:57:55.444+0000] {dag.py:3823} INFO - Setting next_dagrun for latest_only to 2026-07-21 12:00:00+00:00, run_after=2026-07-21 16:00:00+00:00
[2026-07-21T17:57:55.463+0000] {processor.py:183} INFO - Processing /home/airflow/.local/lib/python3.8/site-packages/airflow/example_dags/example_latest_only.py took 0.074 seconds
[2026-07-21T17:58:25.581+0000] {processor.py:161} INFO - Started process (PID=293) to work on /home/airflow/.local/lib/python3.8/site-packages/airflow/example_dags/example_latest_only.py
[2026-07-21T17:58:25.582+0000] {processor.py:830} INFO - Processing file /home/airflow/.local/lib/python3.8/site-packages/airflow/example_dags/example_latest_only.py for tasks to queue
[2026-07-21T17:58:25.584+0000] {logging_mixin.py:188} INFO - [2026-07-21T17:58:25.584+0000] {dagbag.py:538} INFO - Filling up the DagBag from /home/airflow/.local/lib/python3.8/site-packages/airflow/example_dags/example_latest_only.py
[2026-07-21T17:58:25.589+0000] {processor.py:840} INFO - DAG(s) 'latest_only' retrieved from /home/airflow/.local/lib/python3.8/site-packages/airflow/example_dags/example_latest_only.py
[2026-07-21T17:58:25.621+0000] {logging_mixin.py:188} INFO - [2026-07-21T17:58:25.621+0000] {dag.py:3036} INFO - Sync 1 DAGs
[2026-07-21T17:58:25.644+0000] {logging_mixin.py:188} INFO - [2026-07-21T17:58:25.644+0000] {dag.py:3823} INFO - Setting next_dagrun for latest_only to 2026-07-21 12:00:00+00:00, run_after=2026-07-21 16:00:00+00:00
[2026-07-21T17:58:25.665+0000] {processor.py:183} INFO - Processing /home/airflow/.local/lib/python3.8/site-packages/airflow/example_dags/example_latest_only.py took 0.087 seconds
[2026-07-21T17:58:55.902+0000] {processor.py:161} INFO - Started process (PID=349) to work on /home/airflow/.local/lib/python3.8/site-packages/airflow/example_dags/example_latest_only.py
[2026-07-21T17:58:55.903+0000] {processor.py:830} INFO - Processing file /home/airflow/.local/lib/python3.8/site-packages/airflow/example_dags/example_latest_only.py for tasks to queue
[2026-07-21T17:58:55.905+0000] {logging_mixin.py:188} INFO - [2026-07-21T17:58:55.905+0000] {dagbag.py:538} INFO - Filling up the DagBag from /home/airflow/.local/lib/python3.8/site-packages/airflow/example_dags/example_latest_only.py
[2026-07-21T17:58:55.911+0000] {processor.py:840} INFO - DAG(s) 'latest_only' retrieved from /home/airflow/.local/lib/python3.8/site-packages/airflow/example_dags/example_latest_only.py
[2026-07-21T17:58:55.935+0000] {logging_mixin.py:188} INFO - [2026-07-21T17:58:55.935+0000] {dag.py:3036} INFO - Sync 1 DAGs
[2026-07-21T17:58:55.960+0000] {logging_mixin.py:188} INFO - [2026-07-21T17:58:55.960+0000] {dag.py:3823} INFO - Setting next_dagrun for latest_only to 2026-07-21 12:00:00+00:00, run_after=2026-07-21 16:00:00+00:00
[2026-07-21T17:58:55.981+0000] {processor.py:183} INFO - Processing /home/airflow/.local/lib/python3.8/site-packages/airflow/example_dags/example_latest_only.py took 0.082 seconds
[2026-07-21T17:59:26.228+0000] {processor.py:161} INFO - Started process (PID=405) to work on /home/airflow/.local/lib/python3.8/site-packages/airflow/example_dags/example_latest_only.py
[2026-07-21T17:59:26.230+0000] {processor.py:830} INFO - Processing file /home/airflow/.local/lib/python3.8/site-packages/airflow/example_dags/example_latest_only.py for tasks to queue
[2026-07-21T17:59:26.232+0000] {logging_mixin.py:188} INFO - [2026-07-21T17:59:26.231+0000] {dagbag.py:538} INFO - Filling up the DagBag from /home/airflow/.local/lib/python3.8/site-packages/airflow/example_dags/example_latest_only.py
[2026-07-21T17:59:26.237+0000] {processor.py:840} INFO - DAG(s) 'latest_only' retrieved from /home/airflow/.local/lib/python3.8/site-packages/airflow/example_dags/example_latest_only.py
[2026-07-21T17:59:26.261+0000] {logging_mixin.py:188} INFO - [2026-07-21T17:59:26.261+0000] {dag.py:3036} INFO - Sync 1 DAGs
[2026-07-21T17:59:26.283+0000] {logging_mixin.py:188} INFO - [2026-07-21T17:59:26.282+0000] {dag.py:3823} INFO - Setting next_dagrun for latest_only to 2026-07-21 12:00:00+00:00, run_after=2026-07-21 16:00:00+00:00
[2026-07-21T17:59:26.301+0000] {processor.py:183} INFO - Processing /home/airflow/.local/lib/python3.8/site-packages/airflow/example_dags/example_latest_only.py took 0.078 seconds
[2026-07-21T17:59:56.493+0000] {processor.py:161} INFO - Started process (PID=461) to work on /home/airflow/.local/lib/python3.8/site-packages/airflow/example_dags/example_latest_only.py
[2026-07-21T17:59:56.494+0000] {processor.py:830} INFO - Processing file /home/airflow/.local/lib/python3.8/site-packages/airflow/example_dags/example_latest_only.py for tasks to queue
[2026-07-21T17:59:56.496+0000] {logging_mixin.py:188} INFO - [2026-07-21T17:59:56.496+0000] {dagbag.py:538} INFO - Filling up the DagBag from /home/airflow/.local/lib/python3.8/site-packages/airflow/example_dags/example_latest_only.py
[2026-07-21T17:59:56.502+0000] {processor.py:840} INFO - DAG(s) 'latest_only' retrieved from /home/airflow/.local/lib/python3.8/site-packages/airflow/example_dags/example_latest_only.py
[2026-07-21T17:59:56.524+0000] {logging_mixin.py:188} INFO - [2026-07-21T17:59:56.524+0000] {dag.py:3036} INFO - Sync 1 DAGs
[2026-07-21T17:59:56.546+0000] {logging_mixin.py:188} INFO - [2026-07-21T17:59:56.546+0000] {dag.py:3823} INFO - Setting next_dagrun for latest_only to 2026-07-21 12:00:00+00:00, run_after=2026-07-21 16:00:00+00:00
[2026-07-21T17:59:56.567+0000] {processor.py:183} INFO - Processing /home/airflow/.local/lib/python3.8/site-packages/airflow/example_dags/example_latest_only.py took 0.078 seconds
[2026-07-21T18:00:26.885+0000] {processor.py:161} INFO - Started process (PID=517) to work on /home/airflow/.local/lib/python3.8/site-packages/airflow/example_dags/example_latest_only.py
[2026-07-21T18:00:26.886+0000] {processor.py:830} INFO - Processing file /home/airflow/.local/lib/python3.8/site-packages/airflow/example_dags/example_latest_only.py for tasks to queue
[2026-07-21T18:00:26.889+0000] {logging_mixin.py:188} INFO - [2026-07-21T18:00:26.888+0000] {dagbag.py:538} INFO - Filling up the DagBag from /home/airflow/.local/lib/python3.8/site-packages/airflow/example_dags/example_latest_only.py
[2026-07-21T18:00:26.896+0000] {processor.py:840} INFO - DAG(s) 'latest_only' retrieved from /home/airflow/.local/lib/python3.8/site-packages/airflow/example_dags/example_latest_only.py
[2026-07-21T18:00:26.917+0000] {logging_mixin.py:188} INFO - [2026-07-21T18:00:26.917+0000] {dag.py:3036} INFO - Sync 1 DAGs
[2026-07-21T18:00:26.939+0000] {logging_mixin.py:188} INFO - [2026-07-21T18:00:26.938+0000] {dag.py:3823} INFO - Setting next_dagrun for latest_only to 2026-07-21 12:00:00+00:00, run_after=2026-07-21 16:00:00+00:00
[2026-07-21T18:00:26.958+0000] {processor.py:183} INFO - Processing /home/airflow/.local/lib/python3.8/site-packages/airflow/example_dags/example_latest_only.py took 0.077 seconds
[2026-07-21T18:00:57.142+0000] {processor.py:161} INFO - Started process (PID=574) to work on /home/airflow/.local/lib/python3.8/site-packages/airflow/example_dags/example_latest_only.py
[2026-07-21T18:00:57.144+0000] {processor.py:830} INFO - Processing file /home/airflow/.local/lib/python3.8/site-packages/airflow/example_dags/example_latest_only.py for tasks to queue
[2026-07-21T18:00:57.146+0000] {logging_mixin.py:188} INFO - [2026-07-21T18:00:57.145+0000] {dagbag.py:538} INFO - Filling up the DagBag from /home/airflow/.local/lib/python3.8/site-packages/airflow/example_dags/example_latest_only.py
[2026-07-21T18:00:57.154+0000] {processor.py:840} INFO - DAG(s) 'latest_only' retrieved from /home/airflow/.local/lib/python3.8/site-packages/airflow/example_dags/example_latest_only.py
[2026-07-21T18:00:57.183+0000] {logging_mixin.py:188} INFO - [2026-07-21T18:00:57.182+0000] {dag.py:3036} INFO - Sync 1 DAGs
[2026-07-21T18:00:57.213+0000] {logging_mixin.py:188} INFO - [2026-07-21T18:00:57.212+0000] {dag.py:3823} INFO - Setting next_dagrun for latest_only to 2026-07-21 12:00:00+00:00, run_after=2026-07-21 16:00:00+00:00
[2026-07-21T18:00:57.247+0000] {processor.py:183} INFO - Processing /home/airflow/.local/lib/python3.8/site-packages/airflow/example_dags/example_latest_only.py took 0.109 seconds
[2026-07-21T18:01:27.301+0000] {processor.py:161} INFO - Started process (PID=629) to work on /home/airflow/.local/lib/python3.8/site-packages/airflow/example_dags/example_latest_only.py
[2026-07-21T18:01:27.303+0000] {processor.py:830} INFO - Processing file /home/airflow/.local/lib/python3.8/site-packages/airflow/example_dags/example_latest_only.py for tasks to queue
[2026-07-21T18:01:27.305+0000] {logging_mixin.py:188} INFO - [2026-07-21T18:01:27.304+0000] {dagbag.py:538} INFO - Filling up the DagBag from /home/airflow/.local/lib/python3.8/site-packages/airflow/example_dags/example_latest_only.py
[2026-07-21T18:01:27.310+0000] {processor.py:840} INFO - DAG(s) 'latest_only' retrieved from /home/airflow/.local/lib/python3.8/site-packages/airflow/example_dags/example_latest_only.py
[2026-07-21T18:01:27.331+0000] {logging_mixin.py:188} INFO - [2026-07-21T18:01:27.331+0000] {dag.py:3036} INFO - Sync 1 DAGs
[2026-07-21T18:01:27.351+0000] {logging_mixin.py:188} INFO - [2026-07-21T18:01:27.351+0000] {dag.py:3823} INFO - Setting next_dagrun for latest_only to 2026-07-21 12:00:00+00:00, run_after=2026-07-21 16:00:00+00:00
[2026-07-21T18:01:27.369+0000] {processor.py:183} INFO - Processing /home/airflow/.local/lib/python3.8/site-packages/airflow/example_dags/example_latest_only.py took 0.071 seconds
[2026-07-21T18:01:57.633+0000] {processor.py:161} INFO - Started process (PID=685) to work on /home/airflow/.local/lib/python3.8/site-packages/airflow/example_dags/example_latest_only.py
[2026-07-21T18:01:57.635+0000] {processor.py:830} INFO - Processing file /home/airflow/.local/lib/python3.8/site-packages/airflow/example_dags/example_latest_only.py for tasks to queue
[2026-07-21T18:01:57.637+0000] {logging_mixin.py:188} INFO - [2026-07-21T18:01:57.636+0000] {dagbag.py:538} INFO - Filling up the DagBag from /home/airflow/.local/lib/python3.8/site-packages/airflow/example_dags/example_latest_only.py
[2026-07-21T18:01:57.642+0000] {processor.py:840} INFO - DAG(s) 'latest_only' retrieved from /home/airflow/.local/lib/python3.8/site-packages/airflow/example_dags/example_latest_only.py
[2026-07-21T18:01:57.662+0000] {logging_mixin.py:188} INFO - [2026-07-21T18:01:57.662+0000] {dag.py:3036} INFO - Sync 1 DAGs
[2026-07-21T18:01:57.681+0000] {logging_mixin.py:188} INFO - [2026-07-21T18:01:57.681+0000] {dag.py:3823} INFO - Setting next_dagrun for latest_only to 2026-07-21 12:00:00+00:00, run_after=2026-07-21 16:00:00+00:00
[2026-07-21T18:01:57.698+0000] {processor.py:183} INFO - Processing /home/airflow/.local/lib/python3.8/site-packages/airflow/example_dags/example_latest_only.py took 0.068 seconds
[2026-07-21T18:02:28.177+0000] {processor.py:161} INFO - Started process (PID=742) to work on /home/airflow/.local/lib/python3.8/site-packages/airflow/example_dags/example_latest_only.py
[2026-07-21T18:02:28.178+0000] {processor.py:830} INFO - Processing file /home/airflow/.local/lib/python3.8/site-packages/airflow/example_dags/example_latest_only.py for tasks to queue
[2026-07-21T18:02:28.180+0000] {logging_mixin.py:188} INFO - [2026-07-21T18:02:28.180+0000] {dagbag.py:538} INFO - Filling up the DagBag from /home/airflow/.local/lib/python3.8/site-packages/airflow/example_dags/example_latest_only.py
[2026-07-21T18:02:28.186+0000] {processor.py:840} INFO - DAG(s) 'latest_only' retrieved from /home/airflow/.local/lib/python3.8/site-packages/airflow/example_dags/example_latest_only.py
[2026-07-21T18:02:28.209+0000] {logging_mixin.py:188} INFO - [2026-07-21T18:02:28.209+0000] {dag.py:3036} INFO - Sync 1 DAGs
[2026-07-21T18:02:28.232+0000] {logging_mixin.py:188} INFO - [2026-07-21T18:02:28.232+0000] {dag.py:3823} INFO - Setting next_dagrun for latest_only to 2026-07-21 12:00:00+00:00, run_after=2026-07-21 16:00:00+00:00
[2026-07-21T18:02:28.254+0000] {processor.py:183} INFO - Processing /home/airflow/.local/lib/python3.8/site-packages/airflow/example_dags/example_latest_only.py took 0.081 seconds
[2026-07-21T18:02:58.603+0000] {processor.py:161} INFO - Started process (PID=798) to work on /home/airflow/.local/lib/python3.8/site-packages/airflow/example_dags/example_latest_only.py
[2026-07-21T18:02:58.604+0000] {processor.py:830} INFO - Processing file /home/airflow/.local/lib/python3.8/site-packages/airflow/example_dags/example_latest_only.py for tasks to queue
[2026-07-21T18:02:58.606+0000] {logging_mixin.py:188} INFO - [2026-07-21T18:02:58.606+0000] {dagbag.py:538} INFO - Filling up the DagBag from /home/airflow/.local/lib/python3.8/site-packages/airflow/example_dags/example_latest_only.py
[2026-07-21T18:02:58.611+0000] {processor.py:840} INFO - DAG(s) 'latest_only' retrieved from /home/airflow/.local/lib/python3.8/site-packages/airflow/example_dags/example_latest_only.py
[2026-07-21T18:02:58.635+0000] {logging_mixin.py:188} INFO - [2026-07-21T18:02:58.635+0000] {dag.py:3036} INFO - Sync 1 DAGs
[2026-07-21T18:02:58.657+0000] {logging_mixin.py:188} INFO - [2026-07-21T18:02:58.656+0000] {dag.py:3823} INFO - Setting next_dagrun for latest_only to 2026-07-21 12:00:00+00:00, run_after=2026-07-21 16:00:00+00:00
[2026-07-21T18:02:58.677+0000] {processor.py:183} INFO - Processing /home/airflow/.local/lib/python3.8/site-packages/airflow/example_dags/example_latest_only.py took 0.078 seconds
[2026-07-21T18:03:28.724+0000] {processor.py:161} INFO - Started process (PID=853) to work on /home/airflow/.local/lib/python3.8/site-packages/airflow/example_dags/example_latest_only.py
[2026-07-21T18:03:28.725+0000] {processor.py:830} INFO - Processing file /home/airflow/.local/lib/python3.8/site-packages/airflow/example_dags/example_latest_only.py for tasks to queue
[2026-07-21T18:03:28.727+0000] {logging_mixin.py:188} INFO - [2026-07-21T18:03:28.727+0000] {dagbag.py:538} INFO - Filling up the DagBag from /home/airflow/.local/lib/python3.8/site-packages/airflow/example_dags/example_latest_only.py
[2026-07-21T18:03:28.733+0000] {processor.py:840} INFO - DAG(s) 'latest_only' retrieved from /home/airflow/.local/lib/python3.8/site-packages/airflow/example_dags/example_latest_only.py
[2026-07-21T18:03:28.754+0000] {logging_mixin.py:188} INFO - [2026-07-21T18:03:28.754+0000] {dag.py:3036} INFO - Sync 1 DAGs
[2026-07-21T18:03:28.774+0000] {logging_mixin.py:188} INFO - [2026-07-21T18:03:28.773+0000] {dag.py:3823} INFO - Setting next_dagrun for latest_only to 2026-07-21 12:00:00+00:00, run_after=2026-07-21 16:00:00+00:00
[2026-07-21T18:03:28.792+0000] {processor.py:183} INFO - Processing /home/airflow/.local/lib/python3.8/site-packages/airflow/example_dags/example_latest_only.py took 0.073 seconds
[2026-07-21T18:03:59.194+0000] {processor.py:161} INFO - Started process (PID=910) to work on /home/airflow/.local/lib/python3.8/site-packages/airflow/example_dags/example_latest_only.py
[2026-07-21T18:03:59.196+0000] {processor.py:830} INFO - Processing file /home/airflow/.local/lib/python3.8/site-packages/airflow/example_dags/example_latest_only.py for tasks to queue
[2026-07-21T18:03:59.198+0000] {logging_mixin.py:188} INFO - [2026-07-21T18:03:59.198+0000] {dagbag.py:538} INFO - Filling up the DagBag from /home/airflow/.local/lib/python3.8/site-packages/airflow/example_dags/example_latest_only.py
[2026-07-21T18:03:59.204+0000] {processor.py:840} INFO - DAG(s) 'latest_only' retrieved from /home/airflow/.local/lib/python3.8/site-packages/airflow/example_dags/example_latest_only.py
[2026-07-21T18:03:59.226+0000] {logging_mixin.py:188} INFO - [2026-07-21T18:03:59.226+0000] {dag.py:3036} INFO - Sync 1 DAGs
[2026-07-21T18:03:59.247+0000] {logging_mixin.py:188} INFO - [2026-07-21T18:03:59.246+0000] {dag.py:3823} INFO - Setting next_dagrun for latest_only to 2026-07-21 12:00:00+00:00, run_after=2026-07-21 16:00:00+00:00
[2026-07-21T18:03:59.267+0000] {processor.py:183} INFO - Processing /home/airflow/.local/lib/python3.8/site-packages/airflow/example_dags/example_latest_only.py took 0.077 seconds
[2026-07-21T18:04:29.604+0000] {processor.py:161} INFO - Started process (PID=966) to work on /home/airflow/.local/lib/python3.8/site-packages/airflow/example_dags/example_latest_only.py
[2026-07-21T18:04:29.605+0000] {processor.py:830} INFO - Processing file /home/airflow/.local/lib/python3.8/site-packages/airflow/example_dags/example_latest_only.py for tasks to queue
[2026-07-21T18:04:29.607+0000] {logging_mixin.py:188} INFO - [2026-07-21T18:04:29.607+0000] {dagbag.py:538} INFO - Filling up the DagBag from /home/airflow/.local/lib/python3.8/site-packages/airflow/example_dags/example_latest_only.py
[2026-07-21T18:04:29.613+0000] {processor.py:840} INFO - DAG(s) 'latest_only' retrieved from /home/airflow/.local/lib/python3.8/site-packages/airflow/example_dags/example_latest_only.py
[2026-07-21T18:04:29.635+0000] {logging_mixin.py:188} INFO - [2026-07-21T18:04:29.635+0000] {dag.py:3036} INFO - Sync 1 DAGs
[2026-07-21T18:04:29.655+0000] {logging_mixin.py:188} INFO - [2026-07-21T18:04:29.655+0000] {dag.py:3823} INFO - Setting next_dagrun for latest_only to 2026-07-21 12:00:00+00:00, run_after=2026-07-21 16:00:00+00:00
[2026-07-21T18:04:29.674+0000] {processor.py:183} INFO - Processing /home/airflow/.local/lib/python3.8/site-packages/airflow/example_dags/example_latest_only.py took 0.074 seconds
[2026-07-21T18:04:59.993+0000] {processor.py:161} INFO - Started process (PID=1022) to work on /home/airflow/.local/lib/python3.8/site-packages/airflow/example_dags/example_latest_only.py
[2026-07-21T18:04:59.994+0000] {processor.py:830} INFO - Processing file /home/airflow/.local/lib/python3.8/site-packages/airflow/example_dags/example_latest_only.py for tasks to queue
[2026-07-21T18:04:59.996+0000] {logging_mixin.py:188} INFO - [2026-07-21T18:04:59.996+0000] {dagbag.py:538} INFO - Filling up the DagBag from /home/airflow/.local/lib/python3.8/site-packages/airflow/example_dags/example_latest_only.py
[2026-07-21T18:05:00.002+0000] {processor.py:840} INFO - DAG(s) 'latest_only' retrieved from /home/airflow/.local/lib/python3.8/site-packages/airflow/example_dags/example_latest_only.py
[2026-07-21T18:05:00.026+0000] {logging_mixin.py:188} INFO - [2026-07-21T18:05:00.026+0000] {dag.py:3036} INFO - Sync 1 DAGs
[2026-07-21T18:05:00.045+0000] {logging_mixin.py:188} INFO - [2026-07-21T18:05:00.045+0000] {dag.py:3823} INFO - Setting next_dagrun for latest_only to 2026-07-21 12:00:00+00:00, run_after=2026-07-21 16:00:00+00:00
[2026-07-21T18:05:00.065+0000] {processor.py:183} INFO - Processing /home/airflow/.local/lib/python3.8/site-packages/airflow/example_dags/example_latest_only.py took 0.076 seconds
[2026-07-21T18:05:30.352+0000] {processor.py:161} INFO - Started process (PID=1078) to work on /home/airflow/.local/lib/python3.8/site-packages/airflow/example_dags/example_latest_only.py
[2026-07-21T18:05:30.353+0000] {processor.py:830} INFO - Processing file /home/airflow/.local/lib/python3.8/site-packages/airflow/example_dags/example_latest_only.py for tasks to queue
[2026-07-21T18:05:30.356+0000] {logging_mixin.py:188} INFO - [2026-07-21T18:05:30.356+0000] {dagbag.py:538} INFO - Filling up the DagBag from /home/airflow/.local/lib/python3.8/site-packages/airflow/example_dags/example_latest_only.py
[2026-07-21T18:05:30.361+0000] {processor.py:840} INFO - DAG(s) 'latest_only' retrieved from /home/airflow/.local/lib/python3.8/site-packages/airflow/example_dags/example_latest_only.py
[2026-07-21T18:05:30.383+0000] {logging_mixin.py:188} INFO - [2026-07-21T18:05:30.383+0000] {dag.py:3036} INFO - Sync 1 DAGs
[2026-07-21T18:05:30.403+0000] {logging_mixin.py:188} INFO - [2026-07-21T18:05:30.403+0000] {dag.py:3823} INFO - Setting next_dagrun for latest_only to 2026-07-21 12:00:00+00:00, run_after=2026-07-21 16:00:00+00:00
[2026-07-21T18:05:30.423+0000] {processor.py:183} INFO - Processing /home/airflow/.local/lib/python3.8/site-packages/airflow/example_dags/example_latest_only.py took 0.075 seconds
[2026-07-21T18:06:01.111+0000] {processor.py:161} INFO - Started process (PID=1134) to work on /home/airflow/.local/lib/python3.8/site-packages/airflow/example_dags/example_latest_only.py
[2026-07-21T18:06:01.112+0000] {processor.py:830} INFO - Processing file /home/airflow/.local/lib/python3.8/site-packages/airflow/example_dags/example_latest_only.py for tasks to queue
[2026-07-21T18:06:01.115+0000] {logging_mixin.py:188} INFO - [2026-07-21T18:06:01.115+0000] {dagbag.py:538} INFO - Filling up the DagBag from /home/airflow/.local/lib/python3.8/site-packages/airflow/example_dags/example_latest_only.py
[2026-07-21T18:06:01.120+0000] {processor.py:840} INFO - DAG(s) 'latest_only' retrieved from /home/airflow/.local/lib/python3.8/site-packages/airflow/example_dags/example_latest_only.py
[2026-07-21T18:06:01.143+0000] {logging_mixin.py:188} INFO - [2026-07-21T18:06:01.142+0000] {dag.py:3036} INFO - Sync 1 DAGs
[2026-07-21T18:06:01.162+0000] {logging_mixin.py:188} INFO - [2026-07-21T18:06:01.162+0000] {dag.py:3823} INFO - Setting next_dagrun for latest_only to 2026-07-21 12:00:00+00:00, run_after=2026-07-21 16:00:00+00:00
[2026-07-21T18:06:01.179+0000] {processor.py:183} INFO - Processing /home/airflow/.local/lib/python3.8/site-packages/airflow/example_dags/example_latest_only.py took 0.071 seconds
[2026-07-21T18:06:31.527+0000] {processor.py:161} INFO - Started process (PID=1190) to work on /home/airflow/.local/lib/python3.8/site-packages/airflow/example_dags/example_latest_only.py
[2026-07-21T18:06:31.529+0000] {processor.py:830} INFO - Processing file /home/airflow/.local/lib/python3.8/site-packages/airflow/example_dags/example_latest_only.py for tasks to queue
[2026-07-21T18:06:31.531+0000] {logging_mixin.py:188} INFO - [2026-07-21T18:06:31.531+0000] {dagbag.py:538} INFO - Filling up the DagBag from /home/airflow/.local/lib/python3.8/site-packages/airflow/example_dags/example_latest_only.py
[2026-07-21T18:06:31.536+0000] {processor.py:840} INFO - DAG(s) 'latest_only' retrieved from /home/airflow/.local/lib/python3.8/site-packages/airflow/example_dags/example_latest_only.py
[2026-07-21T18:06:31.559+0000] {logging_mixin.py:188} INFO - [2026-07-21T18:06:31.559+0000] {dag.py:3036} INFO - Sync 1 DAGs
[2026-07-21T18:06:31.579+0000] {logging_mixin.py:188} INFO - [2026-07-21T18:06:31.579+0000] {dag.py:3823} INFO - Setting next_dagrun for latest_only to 2026-07-21 12:00:00+00:00, run_after=2026-07-21 16:00:00+00:00
[2026-07-21T18:06:31.598+0000] {processor.py:183} INFO - Processing /home/airflow/.local/lib/python3.8/site-packages/airflow/example_dags/example_latest_only.py took 0.074 seconds
[2026-07-21T18:07:01.897+0000] {processor.py:161} INFO - Started process (PID=1246) to work on /home/airflow/.local/lib/python3.8/site-packages/airflow/example_dags/example_latest_only.py
[2026-07-21T18:07:01.898+0000] {processor.py:830} INFO - Processing file /home/airflow/.local/lib/python3.8/site-packages/airflow/example_dags/example_latest_only.py for tasks to queue
[2026-07-21T18:07:01.901+0000] {logging_mixin.py:188} INFO - [2026-07-21T18:07:01.900+0000] {dagbag.py:538} INFO - Filling up the DagBag from /home/airflow/.local/lib/python3.8/site-packages/airflow/example_dags/example_latest_only.py
[2026-07-21T18:07:01.906+0000] {processor.py:840} INFO - DAG(s) 'latest_only' retrieved from /home/airflow/.local/lib/python3.8/site-packages/airflow/example_dags/example_latest_only.py
[2026-07-21T18:07:01.927+0000] {logging_mixin.py:188} INFO - [2026-07-21T18:07:01.927+0000] {dag.py:3036} INFO - Sync 1 DAGs
[2026-07-21T18:07:01.946+0000] {logging_mixin.py:188} INFO - [2026-07-21T18:07:01.946+0000] {dag.py:3823} INFO - Setting next_dagrun for latest_only to 2026-07-21 12:00:00+00:00, run_after=2026-07-21 16:00:00+00:00
[2026-07-21T18:07:01.964+0000] {processor.py:183} INFO - Processing /home/airflow/.local/lib/python3.8/site-packages/airflow/example_dags/example_latest_only.py took 0.071 seconds
[2026-07-21T18:07:32.324+0000] {processor.py:161} INFO - Started process (PID=1302) to work on /home/airflow/.local/lib/python3.8/site-packages/airflow/example_dags/example_latest_only.py
[2026-07-21T18:07:32.325+0000] {processor.py:830} INFO - Processing file /home/airflow/.local/lib/python3.8/site-packages/airflow/example_dags/example_latest_only.py for tasks to queue
[2026-07-21T18:07:32.328+0000] {logging_mixin.py:188} INFO - [2026-07-21T18:07:32.327+0000] {dagbag.py:538} INFO - Filling up the DagBag from /home/airflow/.local/lib/python3.8/site-packages/airflow/example_dags/example_latest_only.py
[2026-07-21T18:07:32.333+0000] {processor.py:840} INFO - DAG(s) 'latest_only' retrieved from /home/airflow/.local/lib/python3.8/site-packages/airflow/example_dags/example_latest_only.py
[2026-07-21T18:07:32.356+0000] {logging_mixin.py:188} INFO - [2026-07-21T18:07:32.355+0000] {dag.py:3036} INFO - Sync 1 DAGs
[2026-07-21T18:07:32.381+0000] {logging_mixin.py:188} INFO - [2026-07-21T18:07:32.381+0000] {dag.py:3823} INFO - Setting next_dagrun for latest_only to 2026-07-21 12:00:00+00:00, run_after=2026-07-21 16:00:00+00:00
[2026-07-21T18:07:32.403+0000] {processor.py:183} INFO - Processing /home/airflow/.local/lib/python3.8/site-packages/airflow/example_dags/example_latest_only.py took 0.083 seconds
[2026-07-21T18:09:11.726+0000] {processor.py:161} INFO - Started process (PID=97) to work on /home/airflow/.local/lib/python3.8/site-packages/airflow/example_dags/example_latest_only.py
[2026-07-21T18:09:11.728+0000] {processor.py:830} INFO - Processing file /home/airflow/.local/lib/python3.8/site-packages/airflow/example_dags/example_latest_only.py for tasks to queue
[2026-07-21T18:09:11.732+0000] {logging_mixin.py:188} INFO - [2026-07-21T18:09:11.732+0000] {dagbag.py:538} INFO - Filling up the DagBag from /home/airflow/.local/lib/python3.8/site-packages/airflow/example_dags/example_latest_only.py
[2026-07-21T18:09:11.748+0000] {processor.py:840} INFO - DAG(s) 'latest_only' retrieved from /home/airflow/.local/lib/python3.8/site-packages/airflow/example_dags/example_latest_only.py
[2026-07-21T18:09:11.771+0000] {logging_mixin.py:188} INFO - [2026-07-21T18:09:11.771+0000] {dag.py:3036} INFO - Sync 1 DAGs
[2026-07-21T18:09:11.813+0000] {logging_mixin.py:188} INFO - [2026-07-21T18:09:11.812+0000] {dag.py:3823} INFO - Setting next_dagrun for latest_only to 2026-07-21 12:00:00+00:00, run_after=2026-07-21 16:00:00+00:00
[2026-07-21T18:09:11.847+0000] {processor.py:183} INFO - Processing /home/airflow/.local/lib/python3.8/site-packages/airflow/example_dags/example_latest_only.py took 0.128 seconds
[2026-07-21T18:09:42.346+0000] {processor.py:161} INFO - Started process (PID=159) to work on /home/airflow/.local/lib/python3.8/site-packages/airflow/example_dags/example_latest_only.py
[2026-07-21T18:09:42.347+0000] {processor.py:830} INFO - Processing file /home/airflow/.local/lib/python3.8/site-packages/airflow/example_dags/example_latest_only.py for tasks to queue
[2026-07-21T18:09:42.349+0000] {logging_mixin.py:188} INFO - [2026-07-21T18:09:42.349+0000] {dagbag.py:538} INFO - Filling up the DagBag from /home/airflow/.local/lib/python3.8/site-packages/airflow/example_dags/example_latest_only.py
[2026-07-21T18:09:42.355+0000] {processor.py:840} INFO - DAG(s) 'latest_only' retrieved from /home/airflow/.local/lib/python3.8/site-packages/airflow/example_dags/example_latest_only.py
[2026-07-21T18:09:42.459+0000] {logging_mixin.py:188} INFO - [2026-07-21T18:09:42.459+0000] {dag.py:3036} INFO - Sync 1 DAGs
[2026-07-21T18:09:42.482+0000] {logging_mixin.py:188} INFO - [2026-07-21T18:09:42.481+0000] {dag.py:3823} INFO - Setting next_dagrun for latest_only to 2026-07-21 12:00:00+00:00, run_after=2026-07-21 16:00:00+00:00
[2026-07-21T18:09:42.501+0000] {processor.py:183} INFO - Processing /home/airflow/.local/lib/python3.8/site-packages/airflow/example_dags/example_latest_only.py took 0.159 seconds
[2026-07-21T18:10:12.552+0000] {processor.py:161} INFO - Started process (PID=215) to work on /home/airflow/.local/lib/python3.8/site-packages/airflow/example_dags/example_latest_only.py
[2026-07-21T18:10:12.553+0000] {processor.py:830} INFO - Processing file /home/airflow/.local/lib/python3.8/site-packages/airflow/example_dags/example_latest_only.py for tasks to queue
[2026-07-21T18:10:12.555+0000] {logging_mixin.py:188} INFO - [2026-07-21T18:10:12.555+0000] {dagbag.py:538} INFO - Filling up the DagBag from /home/airflow/.local/lib/python3.8/site-packages/airflow/example_dags/example_latest_only.py
[2026-07-21T18:10:12.561+0000] {processor.py:840} INFO - DAG(s) 'latest_only' retrieved from /home/airflow/.local/lib/python3.8/site-packages/airflow/example_dags/example_latest_only.py
[2026-07-21T18:10:12.584+0000] {logging_mixin.py:188} INFO - [2026-07-21T18:10:12.584+0000] {dag.py:3036} INFO - Sync 1 DAGs
[2026-07-21T18:10:12.610+0000] {logging_mixin.py:188} INFO - [2026-07-21T18:10:12.610+0000] {dag.py:3823} INFO - Setting next_dagrun for latest_only to 2026-07-21 12:00:00+00:00, run_after=2026-07-21 16:00:00+00:00
[2026-07-21T18:10:12.632+0000] {processor.py:183} INFO - Processing /home/airflow/.local/lib/python3.8/site-packages/airflow/example_dags/example_latest_only.py took 0.084 seconds
[2026-07-21T18:10:42.951+0000] {processor.py:161} INFO - Started process (PID=271) to work on /home/airflow/.local/lib/python3.8/site-packages/airflow/example_dags/example_latest_only.py
[2026-07-21T18:10:42.952+0000] {processor.py:830} INFO - Processing file /home/airflow/.local/lib/python3.8/site-packages/airflow/example_dags/example_latest_only.py for tasks to queue
[2026-07-21T18:10:42.955+0000] {logging_mixin.py:188} INFO - [2026-07-21T18:10:42.954+0000] {dagbag.py:538} INFO - Filling up the DagBag from /home/airflow/.local/lib/python3.8/site-packages/airflow/example_dags/example_latest_only.py
[2026-07-21T18:10:42.960+0000] {processor.py:840} INFO - DAG(s) 'latest_only' retrieved from /home/airflow/.local/lib/python3.8/site-packages/airflow/example_dags/example_latest_only.py
[2026-07-21T18:10:42.981+0000] {logging_mixin.py:188} INFO - [2026-07-21T18:10:42.981+0000] {dag.py:3036} INFO - Sync 1 DAGs
[2026-07-21T18:10:43.001+0000] {logging_mixin.py:188} INFO - [2026-07-21T18:10:43.000+0000] {dag.py:3823} INFO - Setting next_dagrun for latest_only to 2026-07-21 12:00:00+00:00, run_after=2026-07-21 16:00:00+00:00
[2026-07-21T18:10:43.020+0000] {processor.py:183} INFO - Processing /home/airflow/.local/lib/python3.8/site-packages/airflow/example_dags/example_latest_only.py took 0.072 seconds
[2026-07-21T18:11:13.371+0000] {processor.py:161} INFO - Started process (PID=327) to work on /home/airflow/.local/lib/python3.8/site-packages/airflow/example_dags/example_latest_only.py
[2026-07-21T18:11:13.372+0000] {processor.py:830} INFO - Processing file /home/airflow/.local/lib/python3.8/site-packages/airflow/example_dags/example_latest_only.py for tasks to queue
[2026-07-21T18:11:13.375+0000] {logging_mixin.py:188} INFO - [2026-07-21T18:11:13.374+0000] {dagbag.py:538} INFO - Filling up the DagBag from /home/airflow/.local/lib/python3.8/site-packages/airflow/example_dags/example_latest_only.py
[2026-07-21T18:11:13.380+0000] {processor.py:840} INFO - DAG(s) 'latest_only' retrieved from /home/airflow/.local/lib/python3.8/site-packages/airflow/example_dags/example_latest_only.py
[2026-07-21T18:11:13.402+0000] {logging_mixin.py:188} INFO - [2026-07-21T18:11:13.402+0000] {dag.py:3036} INFO - Sync 1 DAGs
[2026-07-21T18:11:13.424+0000] {logging_mixin.py:188} INFO - [2026-07-21T18:11:13.424+0000] {dag.py:3823} INFO - Setting next_dagrun for latest_only to 2026-07-21 12:00:00+00:00, run_after=2026-07-21 16:00:00+00:00
[2026-07-21T18:11:13.445+0000] {processor.py:183} INFO - Processing /home/airflow/.local/lib/python3.8/site-packages/airflow/example_dags/example_latest_only.py took 0.078 seconds
[2026-07-21T18:11:43.844+0000] {processor.py:161} INFO - Started process (PID=383) to work on /home/airflow/.local/lib/python3.8/site-packages/airflow/example_dags/example_latest_only.py
[2026-07-21T18:11:43.845+0000] {processor.py:830} INFO - Processing file /home/airflow/.local/lib/python3.8/site-packages/airflow/example_dags/example_latest_only.py for tasks to queue
[2026-07-21T18:11:43.848+0000] {logging_mixin.py:188} INFO - [2026-07-21T18:11:43.847+0000] {dagbag.py:538} INFO - Filling up the DagBag from /home/airflow/.local/lib/python3.8/site-packages/airflow/example_dags/example_latest_only.py
[2026-07-21T18:11:43.854+0000] {processor.py:840} INFO - DAG(s) 'latest_only' retrieved from /home/airflow/.local/lib/python3.8/site-packages/airflow/example_dags/example_latest_only.py
[2026-07-21T18:11:43.879+0000] {logging_mixin.py:188} INFO - [2026-07-21T18:11:43.879+0000] {dag.py:3036} INFO - Sync 1 DAGs
[2026-07-21T18:11:43.901+0000] {logging_mixin.py:188} INFO - [2026-07-21T18:11:43.901+0000] {dag.py:3823} INFO - Setting next_dagrun for latest_only to 2026-07-21 12:00:00+00:00, run_after=2026-07-21 16:00:00+00:00
[2026-07-21T18:11:43.922+0000] {processor.py:183} INFO - Processing /home/airflow/.local/lib/python3.8/site-packages/airflow/example_dags/example_latest_only.py took 0.082 seconds
[2026-07-21T18:12:14.434+0000] {processor.py:161} INFO - Started process (PID=439) to work on /home/airflow/.local/lib/python3.8/site-packages/airflow/example_dags/example_latest_only.py
[2026-07-21T18:12:14.435+0000] {processor.py:830} INFO - Processing file /home/airflow/.local/lib/python3.8/site-packages/airflow/example_dags/example_latest_only.py for tasks to queue
[2026-07-21T18:12:14.438+0000] {logging_mixin.py:188} INFO - [2026-07-21T18:12:14.438+0000] {dagbag.py:538} INFO - Filling up the DagBag from /home/airflow/.local/lib/python3.8/site-packages/airflow/example_dags/example_latest_only.py
[2026-07-21T18:12:14.443+0000] {processor.py:840} INFO - DAG(s) 'latest_only' retrieved from /home/airflow/.local/lib/python3.8/site-packages/airflow/example_dags/example_latest_only.py
[2026-07-21T18:12:14.466+0000] {logging_mixin.py:188} INFO - [2026-07-21T18:12:14.465+0000] {dag.py:3036} INFO - Sync 1 DAGs
[2026-07-21T18:12:14.486+0000] {logging_mixin.py:188} INFO - [2026-07-21T18:12:14.486+0000] {dag.py:3823} INFO - Setting next_dagrun for latest_only to 2026-07-21 12:00:00+00:00, run_after=2026-07-21 16:00:00+00:00
[2026-07-21T18:12:14.504+0000] {processor.py:183} INFO - Processing /home/airflow/.local/lib/python3.8/site-packages/airflow/example_dags/example_latest_only.py took 0.074 seconds
[2026-07-21T18:12:45.386+0000] {processor.py:161} INFO - Started process (PID=495) to work on /home/airflow/.local/lib/python3.8/site-packages/airflow/example_dags/example_latest_only.py
[2026-07-21T18:12:45.388+0000] {processor.py:830} INFO - Processing file /home/airflow/.local/lib/python3.8/site-packages/airflow/example_dags/example_latest_only.py for tasks to queue
[2026-07-21T18:12:45.391+0000] {logging_mixin.py:188} INFO - [2026-07-21T18:12:45.391+0000] {dagbag.py:538} INFO - Filling up the DagBag from /home/airflow/.local/lib/python3.8/site-packages/airflow/example_dags/example_latest_only.py
[2026-07-21T18:12:45.399+0000] {processor.py:840} INFO - DAG(s) 'latest_only' retrieved from /home/airflow/.local/lib/python3.8/site-packages/airflow/example_dags/example_latest_only.py
[2026-07-21T18:12:45.426+0000] {logging_mixin.py:188} INFO - [2026-07-21T18:12:45.426+0000] {dag.py:3036} INFO - Sync 1 DAGs
[2026-07-21T18:12:45.445+0000] {logging_mixin.py:188} INFO - [2026-07-21T18:12:45.445+0000] {dag.py:3823} INFO - Setting next_dagrun for latest_only to 2026-07-21 12:00:00+00:00, run_after=2026-07-21 16:00:00+00:00
[2026-07-21T18:12:45.464+0000] {processor.py:183} INFO - Processing /home/airflow/.local/lib/python3.8/site-packages/airflow/example_dags/example_latest_only.py took 0.083 seconds
[2026-07-21T18:13:16.115+0000] {processor.py:161} INFO - Started process (PID=551) to work on /home/airflow/.local/lib/python3.8/site-packages/airflow/example_dags/example_latest_only.py
[2026-07-21T18:13:16.116+0000] {processor.py:830} INFO - Processing file /home/airflow/.local/lib/python3.8/site-packages/airflow/example_dags/example_latest_only.py for tasks to queue
[2026-07-21T18:13:16.118+0000] {logging_mixin.py:188} INFO - [2026-07-21T18:13:16.118+0000] {dagbag.py:538} INFO - Filling up the DagBag from /home/airflow/.local/lib/python3.8/site-packages/airflow/example_dags/example_latest_only.py
[2026-07-21T18:13:16.124+0000] {processor.py:840} INFO - DAG(s) 'latest_only' retrieved from /home/airflow/.local/lib/python3.8/site-packages/airflow/example_dags/example_latest_only.py
[2026-07-21T18:13:16.148+0000] {logging_mixin.py:188} INFO - [2026-07-21T18:13:16.148+0000] {dag.py:3036} INFO - Sync 1 DAGs
[2026-07-21T18:13:16.174+0000] {logging_mixin.py:188} INFO - [2026-07-21T18:13:16.174+0000] {dag.py:3823} INFO - Setting next_dagrun for latest_only to 2026-07-21 12:00:00+00:00, run_after=2026-07-21 16:00:00+00:00
[2026-07-21T18:13:16.197+0000] {processor.py:183} INFO - Processing /home/airflow/.local/lib/python3.8/site-packages/airflow/example_dags/example_latest_only.py took 0.087 seconds
[2026-07-21T18:13:46.589+0000] {processor.py:161} INFO - Started process (PID=607) to work on /home/airflow/.local/lib/python3.8/site-packages/airflow/example_dags/example_latest_only.py
[2026-07-21T18:13:46.590+0000] {processor.py:830} INFO - Processing file /home/airflow/.local/lib/python3.8/site-packages/airflow/example_dags/example_latest_only.py for tasks to queue
[2026-07-21T18:13:46.593+0000] {logging_mixin.py:188} INFO - [2026-07-21T18:13:46.593+0000] {dagbag.py:538} INFO - Filling up the DagBag from /home/airflow/.local/lib/python3.8/site-packages/airflow/example_dags/example_latest_only.py
[2026-07-21T18:13:46.598+0000] {processor.py:840} INFO - DAG(s) 'latest_only' retrieved from /home/airflow/.local/lib/python3.8/site-packages/airflow/example_dags/example_latest_only.py
[2026-07-21T18:13:46.620+0000] {logging_mixin.py:188} INFO - [2026-07-21T18:13:46.620+0000] {dag.py:3036} INFO - Sync 1 DAGs
[2026-07-21T18:13:46.642+0000] {logging_mixin.py:188} INFO - [2026-07-21T18:13:46.642+0000] {dag.py:3823} INFO - Setting next_dagrun for latest_only to 2026-07-21 12:00:00+00:00, run_after=2026-07-21 16:00:00+00:00
[2026-07-21T18:13:46.662+0000] {processor.py:183} INFO - Processing /home/airflow/.local/lib/python3.8/site-packages/airflow/example_dags/example_latest_only.py took 0.076 seconds
[2026-07-21T18:14:17.525+0000] {processor.py:161} INFO - Started process (PID=663) to work on /home/airflow/.local/lib/python3.8/site-packages/airflow/example_dags/example_latest_only.py
[2026-07-21T18:14:17.527+0000] {processor.py:830} INFO - Processing file /home/airflow/.local/lib/python3.8/site-packages/airflow/example_dags/example_latest_only.py for tasks to queue
[2026-07-21T18:14:17.530+0000] {logging_mixin.py:188} INFO - [2026-07-21T18:14:17.530+0000] {dagbag.py:538} INFO - Filling up the DagBag from /home/airflow/.local/lib/python3.8/site-packages/airflow/example_dags/example_latest_only.py
[2026-07-21T18:14:17.537+0000] {processor.py:840} INFO - DAG(s) 'latest_only' retrieved from /home/airflow/.local/lib/python3.8/site-packages/airflow/example_dags/example_latest_only.py
[2026-07-21T18:14:17.561+0000] {logging_mixin.py:188} INFO - [2026-07-21T18:14:17.561+0000] {dag.py:3036} INFO - Sync 1 DAGs
[2026-07-21T18:14:17.592+0000] {logging_mixin.py:188} INFO - [2026-07-21T18:14:17.592+0000] {dag.py:3823} INFO - Setting next_dagrun for latest_only to 2026-07-21 12:00:00+00:00, run_after=2026-07-21 16:00:00+00:00
[2026-07-21T18:14:17.618+0000] {processor.py:183} INFO - Processing /home/airflow/.local/lib/python3.8/site-packages/airflow/example_dags/example_latest_only.py took 0.096 seconds
[2026-07-21T18:14:48.483+0000] {processor.py:161} INFO - Started process (PID=720) to work on /home/airflow/.local/lib/python3.8/site-packages/airflow/example_dags/example_latest_only.py
[2026-07-21T18:14:48.484+0000] {processor.py:830} INFO - Processing file /home/airflow/.local/lib/python3.8/site-packages/airflow/example_dags/example_latest_only.py for tasks to queue
[2026-07-21T18:14:48.486+0000] {logging_mixin.py:188} INFO - [2026-07-21T18:14:48.485+0000] {dagbag.py:538} INFO - Filling up the DagBag from /home/airflow/.local/lib/python3.8/site-packages/airflow/example_dags/example_latest_only.py
[2026-07-21T18:14:48.491+0000] {processor.py:840} INFO - DAG(s) 'latest_only' retrieved from /home/airflow/.local/lib/python3.8/site-packages/airflow/example_dags/example_latest_only.py
[2026-07-21T18:14:48.514+0000] {logging_mixin.py:188} INFO - [2026-07-21T18:14:48.513+0000] {dag.py:3036} INFO - Sync 1 DAGs
[2026-07-21T18:14:48.534+0000] {logging_mixin.py:188} INFO - [2026-07-21T18:14:48.534+0000] {dag.py:3823} INFO - Setting next_dagrun for latest_only to 2026-07-21 12:00:00+00:00, run_after=2026-07-21 16:00:00+00:00
[2026-07-21T18:14:48.558+0000] {processor.py:183} INFO - Processing /home/airflow/.local/lib/python3.8/site-packages/airflow/example_dags/example_latest_only.py took 0.080 seconds
[2026-07-21T18:15:19.424+0000] {processor.py:161} INFO - Started process (PID=776) to work on /home/airflow/.local/lib/python3.8/site-packages/airflow/example_dags/example_latest_only.py
[2026-07-21T18:15:19.426+0000] {processor.py:830} INFO - Processing file /home/airflow/.local/lib/python3.8/site-packages/airflow/example_dags/example_latest_only.py for tasks to queue
[2026-07-21T18:15:19.428+0000] {logging_mixin.py:188} INFO - [2026-07-21T18:15:19.428+0000] {dagbag.py:538} INFO - Filling up the DagBag from /home/airflow/.local/lib/python3.8/site-packages/airflow/example_dags/example_latest_only.py
[2026-07-21T18:15:19.433+0000] {processor.py:840} INFO - DAG(s) 'latest_only' retrieved from /home/airflow/.local/lib/python3.8/site-packages/airflow/example_dags/example_latest_only.py
[2026-07-21T18:15:19.455+0000] {logging_mixin.py:188} INFO - [2026-07-21T18:15:19.455+0000] {dag.py:3036} INFO - Sync 1 DAGs
[2026-07-21T18:15:19.477+0000] {logging_mixin.py:188} INFO - [2026-07-21T18:15:19.477+0000] {dag.py:3823} INFO - Setting next_dagrun for latest_only to 2026-07-21 12:00:00+00:00, run_after=2026-07-21 16:00:00+00:00
[2026-07-21T18:15:19.499+0000] {processor.py:183} INFO - Processing /home/airflow/.local/lib/python3.8/site-packages/airflow/example_dags/example_latest_only.py took 0.079 seconds
[2026-07-21T18:15:50.195+0000] {processor.py:161} INFO - Started process (PID=832) to work on /home/airflow/.local/lib/python3.8/site-packages/airflow/example_dags/example_latest_only.py
[2026-07-21T18:15:50.196+0000] {processor.py:830} INFO - Processing file /home/airflow/.local/lib/python3.8/site-packages/airflow/example_dags/example_latest_only.py for tasks to queue
[2026-07-21T18:15:50.199+0000] {logging_mixin.py:188} INFO - [2026-07-21T18:15:50.199+0000] {dagbag.py:538} INFO - Filling up the DagBag from /home/airflow/.local/lib/python3.8/site-packages/airflow/example_dags/example_latest_only.py
[2026-07-21T18:15:50.204+0000] {processor.py:840} INFO - DAG(s) 'latest_only' retrieved from /home/airflow/.local/lib/python3.8/site-packages/airflow/example_dags/example_latest_only.py
[2026-07-21T18:15:50.226+0000] {logging_mixin.py:188} INFO - [2026-07-21T18:15:50.226+0000] {dag.py:3036} INFO - Sync 1 DAGs
[2026-07-21T18:15:50.247+0000] {logging_mixin.py:188} INFO - [2026-07-21T18:15:50.246+0000] {dag.py:3823} INFO - Setting next_dagrun for latest_only to 2026-07-21 12:00:00+00:00, run_after=2026-07-21 16:00:00+00:00
[2026-07-21T18:15:50.266+0000] {processor.py:183} INFO - Processing /home/airflow/.local/lib/python3.8/site-packages/airflow/example_dags/example_latest_only.py took 0.075 seconds
[2026-07-21T18:16:20.912+0000] {processor.py:161} INFO - Started process (PID=888) to work on /home/airflow/.local/lib/python3.8/site-packages/airflow/example_dags/example_latest_only.py
[2026-07-21T18:16:20.914+0000] {processor.py:830} INFO - Processing file /home/airflow/.local/lib/python3.8/site-packages/airflow/example_dags/example_latest_only.py for tasks to queue
[2026-07-21T18:16:20.916+0000] {logging_mixin.py:188} INFO - [2026-07-21T18:16:20.915+0000] {dagbag.py:538} INFO - Filling up the DagBag from /home/airflow/.local/lib/python3.8/site-packages/airflow/example_dags/example_latest_only.py
[2026-07-21T18:16:20.921+0000] {processor.py:840} INFO - DAG(s) 'latest_only' retrieved from /home/airflow/.local/lib/python3.8/site-packages/airflow/example_dags/example_latest_only.py
[2026-07-21T18:16:20.943+0000] {logging_mixin.py:188} INFO - [2026-07-21T18:16:20.943+0000] {dag.py:3036} INFO - Sync 1 DAGs
[2026-07-21T18:16:20.963+0000] {logging_mixin.py:188} INFO - [2026-07-21T18:16:20.963+0000] {dag.py:3823} INFO - Setting next_dagrun for latest_only to 2026-07-21 12:00:00+00:00, run_after=2026-07-21 16:00:00+00:00
[2026-07-21T18:16:20.983+0000] {processor.py:183} INFO - Processing /home/airflow/.local/lib/python3.8/site-packages/airflow/example_dags/example_latest_only.py took 0.075 seconds
[2026-07-21T18:16:51.024+0000] {processor.py:161} INFO - Started process (PID=943) to work on /home/airflow/.local/lib/python3.8/site-packages/airflow/example_dags/example_latest_only.py
[2026-07-21T18:16:51.025+0000] {processor.py:830} INFO - Processing file /home/airflow/.local/lib/python3.8/site-packages/airflow/example_dags/example_latest_only.py for tasks to queue
[2026-07-21T18:16:51.028+0000] {logging_mixin.py:188} INFO - [2026-07-21T18:16:51.028+0000] {dagbag.py:538} INFO - Filling up the DagBag from /home/airflow/.local/lib/python3.8/site-packages/airflow/example_dags/example_latest_only.py
[2026-07-21T18:16:51.033+0000] {processor.py:840} INFO - DAG(s) 'latest_only' retrieved from /home/airflow/.local/lib/python3.8/site-packages/airflow/example_dags/example_latest_only.py
[2026-07-21T18:16:51.055+0000] {logging_mixin.py:188} INFO - [2026-07-21T18:16:51.054+0000] {dag.py:3036} INFO - Sync 1 DAGs
[2026-07-21T18:16:51.075+0000] {logging_mixin.py:188} INFO - [2026-07-21T18:16:51.075+0000] {dag.py:3823} INFO - Setting next_dagrun for latest_only to 2026-07-21 12:00:00+00:00, run_after=2026-07-21 16:00:00+00:00
[2026-07-21T18:16:51.094+0000] {processor.py:183} INFO - Processing /home/airflow/.local/lib/python3.8/site-packages/airflow/example_dags/example_latest_only.py took 0.074 seconds
[2026-07-21T18:17:21.548+0000] {processor.py:161} INFO - Started process (PID=1000) to work on /home/airflow/.local/lib/python3.8/site-packages/airflow/example_dags/example_latest_only.py
[2026-07-21T18:17:21.549+0000] {processor.py:830} INFO - Processing file /home/airflow/.local/lib/python3.8/site-packages/airflow/example_dags/example_latest_only.py for tasks to queue
[2026-07-21T18:17:21.552+0000] {logging_mixin.py:188} INFO - [2026-07-21T18:17:21.551+0000] {dagbag.py:538} INFO - Filling up the DagBag from /home/airflow/.local/lib/python3.8/site-packages/airflow/example_dags/example_latest_only.py
[2026-07-21T18:17:21.558+0000] {processor.py:840} INFO - DAG(s) 'latest_only' retrieved from /home/airflow/.local/lib/python3.8/site-packages/airflow/example_dags/example_latest_only.py
[2026-07-21T18:17:21.583+0000] {logging_mixin.py:188} INFO - [2026-07-21T18:17:21.582+0000] {dag.py:3036} INFO - Sync 1 DAGs
[2026-07-21T18:17:21.604+0000] {logging_mixin.py:188} INFO - [2026-07-21T18:17:21.604+0000] {dag.py:3823} INFO - Setting next_dagrun for latest_only to 2026-07-21 12:00:00+00:00, run_after=2026-07-21 16:00:00+00:00
[2026-07-21T18:17:21.624+0000] {processor.py:183} INFO - Processing /home/airflow/.local/lib/python3.8/site-packages/airflow/example_dags/example_latest_only.py took 0.079 seconds
[2026-07-21T18:17:52.445+0000] {processor.py:161} INFO - Started process (PID=1056) to work on /home/airflow/.local/lib/python3.8/site-packages/airflow/example_dags/example_latest_only.py
[2026-07-21T18:17:52.446+0000] {processor.py:830} INFO - Processing file /home/airflow/.local/lib/python3.8/site-packages/airflow/example_dags/example_latest_only.py for tasks to queue
[2026-07-21T18:17:52.449+0000] {logging_mixin.py:188} INFO - [2026-07-21T18:17:52.448+0000] {dagbag.py:538} INFO - Filling up the DagBag from /home/airflow/.local/lib/python3.8/site-packages/airflow/example_dags/example_latest_only.py
[2026-07-21T18:17:52.453+0000] {processor.py:840} INFO - DAG(s) 'latest_only' retrieved from /home/airflow/.local/lib/python3.8/site-packages/airflow/example_dags/example_latest_only.py
[2026-07-21T18:17:52.475+0000] {logging_mixin.py:188} INFO - [2026-07-21T18:17:52.475+0000] {dag.py:3036} INFO - Sync 1 DAGs
[2026-07-21T18:17:52.497+0000] {logging_mixin.py:188} INFO - [2026-07-21T18:17:52.496+0000] {dag.py:3823} INFO - Setting next_dagrun for latest_only to 2026-07-21 12:00:00+00:00, run_after=2026-07-21 16:00:00+00:00
[2026-07-21T18:17:52.517+0000] {processor.py:183} INFO - Processing /home/airflow/.local/lib/python3.8/site-packages/airflow/example_dags/example_latest_only.py took 0.076 seconds
[2026-07-21T18:18:23.411+0000] {processor.py:161} INFO - Started process (PID=1112) to work on /home/airflow/.local/lib/python3.8/site-packages/airflow/example_dags/example_latest_only.py
[2026-07-21T18:18:23.412+0000] {processor.py:830} INFO - Processing file /home/airflow/.local/lib/python3.8/site-packages/airflow/example_dags/example_latest_only.py for tasks to queue
[2026-07-21T18:18:23.415+0000] {logging_mixin.py:188} INFO - [2026-07-21T18:18:23.414+0000] {dagbag.py:538} INFO - Filling up the DagBag from /home/airflow/.local/lib/python3.8/site-packages/airflow/example_dags/example_latest_only.py
[2026-07-21T18:18:23.420+0000] {processor.py:840} INFO - DAG(s) 'latest_only' retrieved from /home/airflow/.local/lib/python3.8/site-packages/airflow/example_dags/example_latest_only.py
[2026-07-21T18:18:23.442+0000] {logging_mixin.py:188} INFO - [2026-07-21T18:18:23.441+0000] {dag.py:3036} INFO - Sync 1 DAGs
[2026-07-21T18:18:23.462+0000] {logging_mixin.py:188} INFO - [2026-07-21T18:18:23.462+0000] {dag.py:3823} INFO - Setting next_dagrun for latest_only to 2026-07-21 12:00:00+00:00, run_after=2026-07-21 16:00:00+00:00
[2026-07-21T18:18:23.485+0000] {processor.py:183} INFO - Processing /home/airflow/.local/lib/python3.8/site-packages/airflow/example_dags/example_latest_only.py took 0.078 seconds
[2026-07-21T18:18:54.078+0000] {processor.py:161} INFO - Started process (PID=1168) to work on /home/airflow/.local/lib/python3.8/site-packages/airflow/example_dags/example_latest_only.py
[2026-07-21T18:18:54.079+0000] {processor.py:830} INFO - Processing file /home/airflow/.local/lib/python3.8/site-packages/airflow/example_dags/example_latest_only.py for tasks to queue
[2026-07-21T18:18:54.081+0000] {logging_mixin.py:188} INFO - [2026-07-21T18:18:54.081+0000] {dagbag.py:538} INFO - Filling up the DagBag from /home/airflow/.local/lib/python3.8/site-packages/airflow/example_dags/example_latest_only.py
[2026-07-21T18:18:54.086+0000] {processor.py:840} INFO - DAG(s) 'latest_only' retrieved from /home/airflow/.local/lib/python3.8/site-packages/airflow/example_dags/example_latest_only.py
[2026-07-21T18:18:54.108+0000] {logging_mixin.py:188} INFO - [2026-07-21T18:18:54.108+0000] {dag.py:3036} INFO - Sync 1 DAGs
[2026-07-21T18:18:54.128+0000] {logging_mixin.py:188} INFO - [2026-07-21T18:18:54.128+0000] {dag.py:3823} INFO - Setting next_dagrun for latest_only to 2026-07-21 12:00:00+00:00, run_after=2026-07-21 16:00:00+00:00
[2026-07-21T18:18:54.146+0000] {processor.py:183} INFO - Processing /home/airflow/.local/lib/python3.8/site-packages/airflow/example_dags/example_latest_only.py took 0.073 seconds
[2026-07-21T18:19:25.059+0000] {processor.py:161} INFO - Started process (PID=1224) to work on /home/airflow/.local/lib/python3.8/site-packages/airflow/example_dags/example_latest_only.py
[2026-07-21T18:19:25.061+0000] {processor.py:830} INFO - Processing file /home/airflow/.local/lib/python3.8/site-packages/airflow/example_dags/example_latest_only.py for tasks to queue
[2026-07-21T18:19:25.063+0000] {logging_mixin.py:188} INFO - [2026-07-21T18:19:25.063+0000] {dagbag.py:538} INFO - Filling up the DagBag from /home/airflow/.local/lib/python3.8/site-packages/airflow/example_dags/example_latest_only.py
[2026-07-21T18:19:25.069+0000] {processor.py:840} INFO - DAG(s) 'latest_only' retrieved from /home/airflow/.local/lib/python3.8/site-packages/airflow/example_dags/example_latest_only.py
[2026-07-21T18:19:25.090+0000] {logging_mixin.py:188} INFO - [2026-07-21T18:19:25.090+0000] {dag.py:3036} INFO - Sync 1 DAGs
[2026-07-21T18:19:25.109+0000] {logging_mixin.py:188} INFO - [2026-07-21T18:19:25.108+0000] {dag.py:3823} INFO - Setting next_dagrun for latest_only to 2026-07-21 12:00:00+00:00, run_after=2026-07-21 16:00:00+00:00
[2026-07-21T18:19:25.127+0000] {processor.py:183} INFO - Processing /home/airflow/.local/lib/python3.8/site-packages/airflow/example_dags/example_latest_only.py took 0.071 seconds
[2026-07-21T18:19:55.540+0000] {processor.py:161} INFO - Started process (PID=1280) to work on /home/airflow/.local/lib/python3.8/site-packages/airflow/example_dags/example_latest_only.py
[2026-07-21T18:19:55.541+0000] {processor.py:830} INFO - Processing file /home/airflow/.local/lib/python3.8/site-packages/airflow/example_dags/example_latest_only.py for tasks to queue
[2026-07-21T18:19:55.543+0000] {logging_mixin.py:188} INFO - [2026-07-21T18:19:55.543+0000] {dagbag.py:538} INFO - Filling up the DagBag from /home/airflow/.local/lib/python3.8/site-packages/airflow/example_dags/example_latest_only.py
[2026-07-21T18:19:55.548+0000] {processor.py:840} INFO - DAG(s) 'latest_only' retrieved from /home/airflow/.local/lib/python3.8/site-packages/airflow/example_dags/example_latest_only.py
[2026-07-21T18:19:55.570+0000] {logging_mixin.py:188} INFO - [2026-07-21T18:19:55.570+0000] {dag.py:3036} INFO - Sync 1 DAGs
[2026-07-21T18:19:55.592+0000] {logging_mixin.py:188} INFO - [2026-07-21T18:19:55.592+0000] {dag.py:3823} INFO - Setting next_dagrun for latest_only to 2026-07-21 12:00:00+00:00, run_after=2026-07-21 16:00:00+00:00
[2026-07-21T18:19:55.613+0000] {processor.py:183} INFO - Processing /home/airflow/.local/lib/python3.8/site-packages/airflow/example_dags/example_latest_only.py took 0.077 seconds
[2026-07-21T18:20:26.184+0000] {processor.py:161} INFO - Started process (PID=1336) to work on /home/airflow/.local/lib/python3.8/site-packages/airflow/example_dags/example_latest_only.py
[2026-07-21T18:20:26.185+0000] {processor.py:830} INFO - Processing file /home/airflow/.local/lib/python3.8/site-packages/airflow/example_dags/example_latest_only.py for tasks to queue
[2026-07-21T18:20:26.188+0000] {logging_mixin.py:188} INFO - [2026-07-21T18:20:26.187+0000] {dagbag.py:538} INFO - Filling up the DagBag from /home/airflow/.local/lib/python3.8/site-packages/airflow/example_dags/example_latest_only.py
[2026-07-21T18:20:26.193+0000] {processor.py:840} INFO - DAG(s) 'latest_only' retrieved from /home/airflow/.local/lib/python3.8/site-packages/airflow/example_dags/example_latest_only.py
[2026-07-21T18:20:26.215+0000] {logging_mixin.py:188} INFO - [2026-07-21T18:20:26.215+0000] {dag.py:3036} INFO - Sync 1 DAGs
[2026-07-21T18:20:26.235+0000] {logging_mixin.py:188} INFO - [2026-07-21T18:20:26.235+0000] {dag.py:3823} INFO - Setting next_dagrun for latest_only to 2026-07-21 12:00:00+00:00, run_after=2026-07-21 16:00:00+00:00
[2026-07-21T18:20:26.253+0000] {processor.py:183} INFO - Processing /home/airflow/.local/lib/python3.8/site-packages/airflow/example_dags/example_latest_only.py took 0.073 seconds
[2026-07-21T18:20:57.641+0000] {processor.py:161} INFO - Started process (PID=1392) to work on /home/airflow/.local/lib/python3.8/site-packages/airflow/example_dags/example_latest_only.py
[2026-07-21T18:20:57.642+0000] {processor.py:830} INFO - Processing file /home/airflow/.local/lib/python3.8/site-packages/airflow/example_dags/example_latest_only.py for tasks to queue
[2026-07-21T18:20:57.644+0000] {logging_mixin.py:188} INFO - [2026-07-21T18:20:57.644+0000] {dagbag.py:538} INFO - Filling up the DagBag from /home/airflow/.local/lib/python3.8/site-packages/airflow/example_dags/example_latest_only.py
[2026-07-21T18:20:57.649+0000] {processor.py:840} INFO - DAG(s) 'latest_only' retrieved from /home/airflow/.local/lib/python3.8/site-packages/airflow/example_dags/example_latest_only.py
[2026-07-21T18:20:57.670+0000] {logging_mixin.py:188} INFO - [2026-07-21T18:20:57.670+0000] {dag.py:3036} INFO - Sync 1 DAGs
[2026-07-21T18:20:57.691+0000] {logging_mixin.py:188} INFO - [2026-07-21T18:20:57.691+0000] {dag.py:3823} INFO - Setting next_dagrun for latest_only to 2026-07-21 12:00:00+00:00, run_after=2026-07-21 16:00:00+00:00
[2026-07-21T18:20:57.863+0000] {processor.py:183} INFO - Processing /home/airflow/.local/lib/python3.8/site-packages/airflow/example_dags/example_latest_only.py took 0.226 seconds
[2026-07-21T18:21:28.271+0000] {processor.py:161} INFO - Started process (PID=1448) to work on /home/airflow/.local/lib/python3.8/site-packages/airflow/example_dags/example_latest_only.py
[2026-07-21T18:21:28.272+0000] {processor.py:830} INFO - Processing file /home/airflow/.local/lib/python3.8/site-packages/airflow/example_dags/example_latest_only.py for tasks to queue
[2026-07-21T18:21:28.274+0000] {logging_mixin.py:188} INFO - [2026-07-21T18:21:28.274+0000] {dagbag.py:538} INFO - Filling up the DagBag from /home/airflow/.local/lib/python3.8/site-packages/airflow/example_dags/example_latest_only.py
[2026-07-21T18:21:28.279+0000] {processor.py:840} INFO - DAG(s) 'latest_only' retrieved from /home/airflow/.local/lib/python3.8/site-packages/airflow/example_dags/example_latest_only.py
[2026-07-21T18:21:28.300+0000] {logging_mixin.py:188} INFO - [2026-07-21T18:21:28.300+0000] {dag.py:3036} INFO - Sync 1 DAGs
[2026-07-21T18:21:28.326+0000] {logging_mixin.py:188} INFO - [2026-07-21T18:21:28.326+0000] {dag.py:3823} INFO - Setting next_dagrun for latest_only to 2026-07-21 12:00:00+00:00, run_after=2026-07-21 16:00:00+00:00
[2026-07-21T18:21:28.347+0000] {processor.py:183} INFO - Processing /home/airflow/.local/lib/python3.8/site-packages/airflow/example_dags/example_latest_only.py took 0.080 seconds
[2026-07-21T18:21:58.621+0000] {processor.py:161} INFO - Started process (PID=1504) to work on /home/airflow/.local/lib/python3.8/site-packages/airflow/example_dags/example_latest_only.py
[2026-07-21T18:21:58.623+0000] {processor.py:830} INFO - Processing file /home/airflow/.local/lib/python3.8/site-packages/airflow/example_dags/example_latest_only.py for tasks to queue
[2026-07-21T18:21:58.625+0000] {logging_mixin.py:188} INFO - [2026-07-21T18:21:58.625+0000] {dagbag.py:538} INFO - Filling up the DagBag from /home/airflow/.local/lib/python3.8/site-packages/airflow/example_dags/example_latest_only.py
[2026-07-21T18:21:58.630+0000] {processor.py:840} INFO - DAG(s) 'latest_only' retrieved from /home/airflow/.local/lib/python3.8/site-packages/airflow/example_dags/example_latest_only.py
[2026-07-21T18:21:58.651+0000] {logging_mixin.py:188} INFO - [2026-07-21T18:21:58.651+0000] {dag.py:3036} INFO - Sync 1 DAGs
[2026-07-21T18:21:58.672+0000] {logging_mixin.py:188} INFO - [2026-07-21T18:21:58.672+0000] {dag.py:3823} INFO - Setting next_dagrun for latest_only to 2026-07-21 12:00:00+00:00, run_after=2026-07-21 16:00:00+00:00
[2026-07-21T18:21:58.693+0000] {processor.py:183} INFO - Processing /home/airflow/.local/lib/python3.8/site-packages/airflow/example_dags/example_latest_only.py took 0.075 seconds
[2026-07-21T18:22:28.774+0000] {processor.py:161} INFO - Started process (PID=1560) to work on /home/airflow/.local/lib/python3.8/site-packages/airflow/example_dags/example_latest_only.py
[2026-07-21T18:22:28.775+0000] {processor.py:830} INFO - Processing file /home/airflow/.local/lib/python3.8/site-packages/airflow/example_dags/example_latest_only.py for tasks to queue
[2026-07-21T18:22:28.778+0000] {logging_mixin.py:188} INFO - [2026-07-21T18:22:28.778+0000] {dagbag.py:538} INFO - Filling up the DagBag from /home/airflow/.local/lib/python3.8/site-packages/airflow/example_dags/example_latest_only.py
[2026-07-21T18:22:28.783+0000] {processor.py:840} INFO - DAG(s) 'latest_only' retrieved from /home/airflow/.local/lib/python3.8/site-packages/airflow/example_dags/example_latest_only.py
[2026-07-21T18:22:28.807+0000] {logging_mixin.py:188} INFO - [2026-07-21T18:22:28.806+0000] {dag.py:3036} INFO - Sync 1 DAGs
[2026-07-21T18:22:28.827+0000] {logging_mixin.py:188} INFO - [2026-07-21T18:22:28.826+0000] {dag.py:3823} INFO - Setting next_dagrun for latest_only to 2026-07-21 12:00:00+00:00, run_after=2026-07-21 16:00:00+00:00
[2026-07-21T18:22:28.847+0000] {processor.py:183} INFO - Processing /home/airflow/.local/lib/python3.8/site-packages/airflow/example_dags/example_latest_only.py took 0.076 seconds
[2026-07-21T18:23:00.418+0000] {processor.py:161} INFO - Started process (PID=1616) to work on /home/airflow/.local/lib/python3.8/site-packages/airflow/example_dags/example_latest_only.py
[2026-07-21T18:23:00.419+0000] {processor.py:830} INFO - Processing file /home/airflow/.local/lib/python3.8/site-packages/airflow/example_dags/example_latest_only.py for tasks to queue
[2026-07-21T18:23:00.422+0000] {logging_mixin.py:188} INFO - [2026-07-21T18:23:00.422+0000] {dagbag.py:538} INFO - Filling up the DagBag from /home/airflow/.local/lib/python3.8/site-packages/airflow/example_dags/example_latest_only.py
[2026-07-21T18:23:00.427+0000] {processor.py:840} INFO - DAG(s) 'latest_only' retrieved from /home/airflow/.local/lib/python3.8/site-packages/airflow/example_dags/example_latest_only.py
[2026-07-21T18:23:00.449+0000] {logging_mixin.py:188} INFO - [2026-07-21T18:23:00.449+0000] {dag.py:3036} INFO - Sync 1 DAGs
[2026-07-21T18:23:00.616+0000] {logging_mixin.py:188} INFO - [2026-07-21T18:23:00.616+0000] {dag.py:3823} INFO - Setting next_dagrun for latest_only to 2026-07-21 12:00:00+00:00, run_after=2026-07-21 16:00:00+00:00
[2026-07-21T18:23:00.638+0000] {processor.py:183} INFO - Processing /home/airflow/.local/lib/python3.8/site-packages/airflow/example_dags/example_latest_only.py took 0.223 seconds
[2026-07-21T18:23:31.354+0000] {processor.py:161} INFO - Started process (PID=1672) to work on /home/airflow/.local/lib/python3.8/site-packages/airflow/example_dags/example_latest_only.py
[2026-07-21T18:23:31.356+0000] {processor.py:830} INFO - Processing file /home/airflow/.local/lib/python3.8/site-packages/airflow/example_dags/example_latest_only.py for tasks to queue
[2026-07-21T18:23:31.359+0000] {logging_mixin.py:188} INFO - [2026-07-21T18:23:31.359+0000] {dagbag.py:538} INFO - Filling up the DagBag from /home/airflow/.local/lib/python3.8/site-packages/airflow/example_dags/example_latest_only.py
[2026-07-21T18:23:31.365+0000] {processor.py:840} INFO - DAG(s) 'latest_only' retrieved from /home/airflow/.local/lib/python3.8/site-packages/airflow/example_dags/example_latest_only.py
[2026-07-21T18:23:31.388+0000] {logging_mixin.py:188} INFO - [2026-07-21T18:23:31.387+0000] {dag.py:3036} INFO - Sync 1 DAGs
[2026-07-21T18:23:31.578+0000] {logging_mixin.py:188} INFO - [2026-07-21T18:23:31.578+0000] {dag.py:3823} INFO - Setting next_dagrun for latest_only to 2026-07-21 12:00:00+00:00, run_after=2026-07-21 16:00:00+00:00
[2026-07-21T18:23:31.597+0000] {processor.py:183} INFO - Processing /home/airflow/.local/lib/python3.8/site-packages/airflow/example_dags/example_latest_only.py took 0.247 seconds
[2026-07-21T18:24:02.004+0000] {processor.py:161} INFO - Started process (PID=1728) to work on /home/airflow/.local/lib/python3.8/site-packages/airflow/example_dags/example_latest_only.py
[2026-07-21T18:24:02.006+0000] {processor.py:830} INFO - Processing file /home/airflow/.local/lib/python3.8/site-packages/airflow/example_dags/example_latest_only.py for tasks to queue
[2026-07-21T18:24:02.008+0000] {logging_mixin.py:188} INFO - [2026-07-21T18:24:02.008+0000] {dagbag.py:538} INFO - Filling up the DagBag from /home/airflow/.local/lib/python3.8/site-packages/airflow/example_dags/example_latest_only.py
[2026-07-21T18:24:02.015+0000] {processor.py:840} INFO - DAG(s) 'latest_only' retrieved from /home/airflow/.local/lib/python3.8/site-packages/airflow/example_dags/example_latest_only.py
[2026-07-21T18:24:02.043+0000] {logging_mixin.py:188} INFO - [2026-07-21T18:24:02.042+0000] {dag.py:3036} INFO - Sync 1 DAGs
[2026-07-21T18:24:02.066+0000] {logging_mixin.py:188} INFO - [2026-07-21T18:24:02.066+0000] {dag.py:3823} INFO - Setting next_dagrun for latest_only to 2026-07-21 12:00:00+00:00, run_after=2026-07-21 16:00:00+00:00
[2026-07-21T18:24:02.089+0000] {processor.py:183} INFO - Processing /home/airflow/.local/lib/python3.8/site-packages/airflow/example_dags/example_latest_only.py took 0.089 seconds
[2026-07-21T18:24:32.281+0000] {processor.py:161} INFO - Started process (PID=1784) to work on /home/airflow/.local/lib/python3.8/site-packages/airflow/example_dags/example_latest_only.py
[2026-07-21T18:24:32.283+0000] {processor.py:830} INFO - Processing file /home/airflow/.local/lib/python3.8/site-packages/airflow/example_dags/example_latest_only.py for tasks to queue
[2026-07-21T18:24:32.286+0000] {logging_mixin.py:188} INFO - [2026-07-21T18:24:32.285+0000] {dagbag.py:538} INFO - Filling up the DagBag from /home/airflow/.local/lib/python3.8/site-packages/airflow/example_dags/example_latest_only.py
[2026-07-21T18:24:32.293+0000] {processor.py:840} INFO - DAG(s) 'latest_only' retrieved from /home/airflow/.local/lib/python3.8/site-packages/airflow/example_dags/example_latest_only.py
[2026-07-21T18:24:32.318+0000] {logging_mixin.py:188} INFO - [2026-07-21T18:24:32.318+0000] {dag.py:3036} INFO - Sync 1 DAGs
[2026-07-21T18:24:32.340+0000] {logging_mixin.py:188} INFO - [2026-07-21T18:24:32.339+0000] {dag.py:3823} INFO - Setting next_dagrun for latest_only to 2026-07-21 12:00:00+00:00, run_after=2026-07-21 16:00:00+00:00
[2026-07-21T18:24:32.361+0000] {processor.py:183} INFO - Processing /home/airflow/.local/lib/python3.8/site-packages/airflow/example_dags/example_latest_only.py took 0.084 seconds
[2026-07-21T18:25:02.523+0000] {processor.py:161} INFO - Started process (PID=1840) to work on /home/airflow/.local/lib/python3.8/site-packages/airflow/example_dags/example_latest_only.py
[2026-07-21T18:25:02.525+0000] {processor.py:830} INFO - Processing file /home/airflow/.local/lib/python3.8/site-packages/airflow/example_dags/example_latest_only.py for tasks to queue
[2026-07-21T18:25:02.529+0000] {logging_mixin.py:188} INFO - [2026-07-21T18:25:02.528+0000] {dagbag.py:538} INFO - Filling up the DagBag from /home/airflow/.local/lib/python3.8/site-packages/airflow/example_dags/example_latest_only.py
[2026-07-21T18:25:02.535+0000] {processor.py:840} INFO - DAG(s) 'latest_only' retrieved from /home/airflow/.local/lib/python3.8/site-packages/airflow/example_dags/example_latest_only.py
[2026-07-21T18:25:02.562+0000] {logging_mixin.py:188} INFO - [2026-07-21T18:25:02.561+0000] {dag.py:3036} INFO - Sync 1 DAGs
[2026-07-21T18:25:02.587+0000] {logging_mixin.py:188} INFO - [2026-07-21T18:25:02.587+0000] {dag.py:3823} INFO - Setting next_dagrun for latest_only to 2026-07-21 12:00:00+00:00, run_after=2026-07-21 16:00:00+00:00
[2026-07-21T18:25:02.607+0000] {processor.py:183} INFO - Processing /home/airflow/.local/lib/python3.8/site-packages/airflow/example_dags/example_latest_only.py took 0.088 seconds
[2026-07-21T18:25:32.953+0000] {processor.py:161} INFO - Started process (PID=1896) to work on /home/airflow/.local/lib/python3.8/site-packages/airflow/example_dags/example_latest_only.py
[2026-07-21T18:25:32.954+0000] {processor.py:830} INFO - Processing file /home/airflow/.local/lib/python3.8/site-packages/airflow/example_dags/example_latest_only.py for tasks to queue
[2026-07-21T18:25:32.957+0000] {logging_mixin.py:188} INFO - [2026-07-21T18:25:32.957+0000] {dagbag.py:538} INFO - Filling up the DagBag from /home/airflow/.local/lib/python3.8/site-packages/airflow/example_dags/example_latest_only.py
[2026-07-21T18:25:32.965+0000] {processor.py:840} INFO - DAG(s) 'latest_only' retrieved from /home/airflow/.local/lib/python3.8/site-packages/airflow/example_dags/example_latest_only.py
[2026-07-21T18:25:32.993+0000] {logging_mixin.py:188} INFO - [2026-07-21T18:25:32.993+0000] {dag.py:3036} INFO - Sync 1 DAGs
[2026-07-21T18:25:33.017+0000] {logging_mixin.py:188} INFO - [2026-07-21T18:25:33.016+0000] {dag.py:3823} INFO - Setting next_dagrun for latest_only to 2026-07-21 12:00:00+00:00, run_after=2026-07-21 16:00:00+00:00
[2026-07-21T18:25:33.038+0000] {processor.py:183} INFO - Processing /home/airflow/.local/lib/python3.8/site-packages/airflow/example_dags/example_latest_only.py took 0.090 seconds
[2026-07-21T18:26:03.524+0000] {processor.py:161} INFO - Started process (PID=1952) to work on /home/airflow/.local/lib/python3.8/site-packages/airflow/example_dags/example_latest_only.py
[2026-07-21T18:26:03.525+0000] {processor.py:830} INFO - Processing file /home/airflow/.local/lib/python3.8/site-packages/airflow/example_dags/example_latest_only.py for tasks to queue
[2026-07-21T18:26:03.528+0000] {logging_mixin.py:188} INFO - [2026-07-21T18:26:03.528+0000] {dagbag.py:538} INFO - Filling up the DagBag from /home/airflow/.local/lib/python3.8/site-packages/airflow/example_dags/example_latest_only.py
[2026-07-21T18:26:03.534+0000] {processor.py:840} INFO - DAG(s) 'latest_only' retrieved from /home/airflow/.local/lib/python3.8/site-packages/airflow/example_dags/example_latest_only.py
[2026-07-21T18:26:03.561+0000] {logging_mixin.py:188} INFO - [2026-07-21T18:26:03.561+0000] {dag.py:3036} INFO - Sync 1 DAGs
[2026-07-21T18:26:03.589+0000] {logging_mixin.py:188} INFO - [2026-07-21T18:26:03.589+0000] {dag.py:3823} INFO - Setting next_dagrun for latest_only to 2026-07-21 12:00:00+00:00, run_after=2026-07-21 16:00:00+00:00
[2026-07-21T18:26:03.614+0000] {processor.py:183} INFO - Processing /home/airflow/.local/lib/python3.8/site-packages/airflow/example_dags/example_latest_only.py took 0.094 seconds
[2026-07-21T18:26:34.278+0000] {processor.py:161} INFO - Started process (PID=2008) to work on /home/airflow/.local/lib/python3.8/site-packages/airflow/example_dags/example_latest_only.py
[2026-07-21T18:26:34.279+0000] {processor.py:830} INFO - Processing file /home/airflow/.local/lib/python3.8/site-packages/airflow/example_dags/example_latest_only.py for tasks to queue
[2026-07-21T18:26:34.281+0000] {logging_mixin.py:188} INFO - [2026-07-21T18:26:34.281+0000] {dagbag.py:538} INFO - Filling up the DagBag from /home/airflow/.local/lib/python3.8/site-packages/airflow/example_dags/example_latest_only.py
[2026-07-21T18:26:34.287+0000] {processor.py:840} INFO - DAG(s) 'latest_only' retrieved from /home/airflow/.local/lib/python3.8/site-packages/airflow/example_dags/example_latest_only.py
[2026-07-21T18:26:34.310+0000] {logging_mixin.py:188} INFO - [2026-07-21T18:26:34.310+0000] {dag.py:3036} INFO - Sync 1 DAGs
[2026-07-21T18:26:34.335+0000] {logging_mixin.py:188} INFO - [2026-07-21T18:26:34.335+0000] {dag.py:3823} INFO - Setting next_dagrun for latest_only to 2026-07-21 12:00:00+00:00, run_after=2026-07-21 16:00:00+00:00
[2026-07-21T18:26:34.359+0000] {processor.py:183} INFO - Processing /home/airflow/.local/lib/python3.8/site-packages/airflow/example_dags/example_latest_only.py took 0.084 seconds
[2026-07-21T18:27:04.681+0000] {processor.py:161} INFO - Started process (PID=2064) to work on /home/airflow/.local/lib/python3.8/site-packages/airflow/example_dags/example_latest_only.py
[2026-07-21T18:27:04.682+0000] {processor.py:830} INFO - Processing file /home/airflow/.local/lib/python3.8/site-packages/airflow/example_dags/example_latest_only.py for tasks to queue
[2026-07-21T18:27:04.684+0000] {logging_mixin.py:188} INFO - [2026-07-21T18:27:04.684+0000] {dagbag.py:538} INFO - Filling up the DagBag from /home/airflow/.local/lib/python3.8/site-packages/airflow/example_dags/example_latest_only.py
[2026-07-21T18:27:04.690+0000] {processor.py:840} INFO - DAG(s) 'latest_only' retrieved from /home/airflow/.local/lib/python3.8/site-packages/airflow/example_dags/example_latest_only.py
[2026-07-21T18:27:04.711+0000] {logging_mixin.py:188} INFO - [2026-07-21T18:27:04.711+0000] {dag.py:3036} INFO - Sync 1 DAGs
[2026-07-21T18:27:04.731+0000] {logging_mixin.py:188} INFO - [2026-07-21T18:27:04.730+0000] {dag.py:3823} INFO - Setting next_dagrun for latest_only to 2026-07-21 12:00:00+00:00, run_after=2026-07-21 16:00:00+00:00
[2026-07-21T18:27:04.748+0000] {processor.py:183} INFO - Processing /home/airflow/.local/lib/python3.8/site-packages/airflow/example_dags/example_latest_only.py took 0.071 seconds
[2026-07-21T18:27:35.394+0000] {processor.py:161} INFO - Started process (PID=2120) to work on /home/airflow/.local/lib/python3.8/site-packages/airflow/example_dags/example_latest_only.py
[2026-07-21T18:27:35.395+0000] {processor.py:830} INFO - Processing file /home/airflow/.local/lib/python3.8/site-packages/airflow/example_dags/example_latest_only.py for tasks to queue
[2026-07-21T18:27:35.397+0000] {logging_mixin.py:188} INFO - [2026-07-21T18:27:35.397+0000] {dagbag.py:538} INFO - Filling up the DagBag from /home/airflow/.local/lib/python3.8/site-packages/airflow/example_dags/example_latest_only.py
[2026-07-21T18:27:35.403+0000] {processor.py:840} INFO - DAG(s) 'latest_only' retrieved from /home/airflow/.local/lib/python3.8/site-packages/airflow/example_dags/example_latest_only.py
[2026-07-21T18:27:35.425+0000] {logging_mixin.py:188} INFO - [2026-07-21T18:27:35.425+0000] {dag.py:3036} INFO - Sync 1 DAGs
[2026-07-21T18:27:35.445+0000] {logging_mixin.py:188} INFO - [2026-07-21T18:27:35.445+0000] {dag.py:3823} INFO - Setting next_dagrun for latest_only to 2026-07-21 12:00:00+00:00, run_after=2026-07-21 16:00:00+00:00
[2026-07-21T18:27:35.463+0000] {processor.py:183} INFO - Processing /home/airflow/.local/lib/python3.8/site-packages/airflow/example_dags/example_latest_only.py took 0.073 seconds
[2026-07-21T18:28:06.001+0000] {processor.py:161} INFO - Started process (PID=2176) to work on /home/airflow/.local/lib/python3.8/site-packages/airflow/example_dags/example_latest_only.py
[2026-07-21T18:28:06.002+0000] {processor.py:830} INFO - Processing file /home/airflow/.local/lib/python3.8/site-packages/airflow/example_dags/example_latest_only.py for tasks to queue
[2026-07-21T18:28:06.004+0000] {logging_mixin.py:188} INFO - [2026-07-21T18:28:06.004+0000] {dagbag.py:538} INFO - Filling up the DagBag from /home/airflow/.local/lib/python3.8/site-packages/airflow/example_dags/example_latest_only.py
[2026-07-21T18:28:06.010+0000] {processor.py:840} INFO - DAG(s) 'latest_only' retrieved from /home/airflow/.local/lib/python3.8/site-packages/airflow/example_dags/example_latest_only.py
[2026-07-21T18:28:06.032+0000] {logging_mixin.py:188} INFO - [2026-07-21T18:28:06.032+0000] {dag.py:3036} INFO - Sync 1 DAGs
[2026-07-21T18:28:06.053+0000] {logging_mixin.py:188} INFO - [2026-07-21T18:28:06.053+0000] {dag.py:3823} INFO - Setting next_dagrun for latest_only to 2026-07-21 12:00:00+00:00, run_after=2026-07-21 16:00:00+00:00
[2026-07-21T18:28:06.071+0000] {processor.py:183} INFO - Processing /home/airflow/.local/lib/python3.8/site-packages/airflow/example_dags/example_latest_only.py took 0.074 seconds
[2026-07-21T18:28:36.352+0000] {processor.py:161} INFO - Started process (PID=2231) to work on /home/airflow/.local/lib/python3.8/site-packages/airflow/example_dags/example_latest_only.py
[2026-07-21T18:28:36.353+0000] {processor.py:830} INFO - Processing file /home/airflow/.local/lib/python3.8/site-packages/airflow/example_dags/example_latest_only.py for tasks to queue
[2026-07-21T18:28:36.355+0000] {logging_mixin.py:188} INFO - [2026-07-21T18:28:36.355+0000] {dagbag.py:538} INFO - Filling up the DagBag from /home/airflow/.local/lib/python3.8/site-packages/airflow/example_dags/example_latest_only.py
[2026-07-21T18:28:36.361+0000] {processor.py:840} INFO - DAG(s) 'latest_only' retrieved from /home/airflow/.local/lib/python3.8/site-packages/airflow/example_dags/example_latest_only.py
[2026-07-21T18:28:36.382+0000] {logging_mixin.py:188} INFO - [2026-07-21T18:28:36.382+0000] {dag.py:3036} INFO - Sync 1 DAGs
[2026-07-21T18:28:36.402+0000] {logging_mixin.py:188} INFO - [2026-07-21T18:28:36.402+0000] {dag.py:3823} INFO - Setting next_dagrun for latest_only to 2026-07-21 12:00:00+00:00, run_after=2026-07-21 16:00:00+00:00
[2026-07-21T18:28:36.422+0000] {processor.py:183} INFO - Processing /home/airflow/.local/lib/python3.8/site-packages/airflow/example_dags/example_latest_only.py took 0.074 seconds
[2026-07-21T18:29:06.652+0000] {processor.py:161} INFO - Started process (PID=2288) to work on /home/airflow/.local/lib/python3.8/site-packages/airflow/example_dags/example_latest_only.py
[2026-07-21T18:29:06.653+0000] {processor.py:830} INFO - Processing file /home/airflow/.local/lib/python3.8/site-packages/airflow/example_dags/example_latest_only.py for tasks to queue
[2026-07-21T18:29:06.655+0000] {logging_mixin.py:188} INFO - [2026-07-21T18:29:06.655+0000] {dagbag.py:538} INFO - Filling up the DagBag from /home/airflow/.local/lib/python3.8/site-packages/airflow/example_dags/example_latest_only.py
[2026-07-21T18:29:06.661+0000] {processor.py:840} INFO - DAG(s) 'latest_only' retrieved from /home/airflow/.local/lib/python3.8/site-packages/airflow/example_dags/example_latest_only.py
[2026-07-21T18:29:06.683+0000] {logging_mixin.py:188} INFO - [2026-07-21T18:29:06.683+0000] {dag.py:3036} INFO - Sync 1 DAGs
[2026-07-21T18:29:06.705+0000] {logging_mixin.py:188} INFO - [2026-07-21T18:29:06.704+0000] {dag.py:3823} INFO - Setting next_dagrun for latest_only to 2026-07-21 12:00:00+00:00, run_after=2026-07-21 16:00:00+00:00
[2026-07-21T18:29:06.727+0000] {processor.py:183} INFO - Processing /home/airflow/.local/lib/python3.8/site-packages/airflow/example_dags/example_latest_only.py took 0.078 seconds
[2026-07-21T18:29:37.286+0000] {processor.py:161} INFO - Started process (PID=2344) to work on /home/airflow/.local/lib/python3.8/site-packages/airflow/example_dags/example_latest_only.py
[2026-07-21T18:29:37.287+0000] {processor.py:830} INFO - Processing file /home/airflow/.local/lib/python3.8/site-packages/airflow/example_dags/example_latest_only.py for tasks to queue
[2026-07-21T18:29:37.290+0000] {logging_mixin.py:188} INFO - [2026-07-21T18:29:37.289+0000] {dagbag.py:538} INFO - Filling up the DagBag from /home/airflow/.local/lib/python3.8/site-packages/airflow/example_dags/example_latest_only.py
[2026-07-21T18:29:37.295+0000] {processor.py:840} INFO - DAG(s) 'latest_only' retrieved from /home/airflow/.local/lib/python3.8/site-packages/airflow/example_dags/example_latest_only.py
[2026-07-21T18:29:37.317+0000] {logging_mixin.py:188} INFO - [2026-07-21T18:29:37.317+0000] {dag.py:3036} INFO - Sync 1 DAGs
[2026-07-21T18:29:37.341+0000] {logging_mixin.py:188} INFO - [2026-07-21T18:29:37.340+0000] {dag.py:3823} INFO - Setting next_dagrun for latest_only to 2026-07-21 12:00:00+00:00, run_after=2026-07-21 16:00:00+00:00
[2026-07-21T18:29:37.362+0000] {processor.py:183} INFO - Processing /home/airflow/.local/lib/python3.8/site-packages/airflow/example_dags/example_latest_only.py took 0.081 seconds
[2026-07-21T18:30:07.759+0000] {processor.py:161} INFO - Started process (PID=2400) to work on /home/airflow/.local/lib/python3.8/site-packages/airflow/example_dags/example_latest_only.py
[2026-07-21T18:30:07.760+0000] {processor.py:830} INFO - Processing file /home/airflow/.local/lib/python3.8/site-packages/airflow/example_dags/example_latest_only.py for tasks to queue
[2026-07-21T18:30:07.762+0000] {logging_mixin.py:188} INFO - [2026-07-21T18:30:07.761+0000] {dagbag.py:538} INFO - Filling up the DagBag from /home/airflow/.local/lib/python3.8/site-packages/airflow/example_dags/example_latest_only.py
[2026-07-21T18:30:07.767+0000] {processor.py:840} INFO - DAG(s) 'latest_only' retrieved from /home/airflow/.local/lib/python3.8/site-packages/airflow/example_dags/example_latest_only.py
[2026-07-21T18:30:07.789+0000] {logging_mixin.py:188} INFO - [2026-07-21T18:30:07.789+0000] {dag.py:3036} INFO - Sync 1 DAGs
[2026-07-21T18:30:07.810+0000] {logging_mixin.py:188} INFO - [2026-07-21T18:30:07.809+0000] {dag.py:3823} INFO - Setting next_dagrun for latest_only to 2026-07-21 12:00:00+00:00, run_after=2026-07-21 16:00:00+00:00
[2026-07-21T18:30:07.828+0000] {processor.py:183} INFO - Processing /home/airflow/.local/lib/python3.8/site-packages/airflow/example_dags/example_latest_only.py took 0.073 seconds
[2026-07-21T18:30:38.120+0000] {processor.py:161} INFO - Started process (PID=2456) to work on /home/airflow/.local/lib/python3.8/site-packages/airflow/example_dags/example_latest_only.py
[2026-07-21T18:30:38.121+0000] {processor.py:830} INFO - Processing file /home/airflow/.local/lib/python3.8/site-packages/airflow/example_dags/example_latest_only.py for tasks to queue
[2026-07-21T18:30:38.124+0000] {logging_mixin.py:188} INFO - [2026-07-21T18:30:38.123+0000] {dagbag.py:538} INFO - Filling up the DagBag from /home/airflow/.local/lib/python3.8/site-packages/airflow/example_dags/example_latest_only.py
[2026-07-21T18:30:38.130+0000] {processor.py:840} INFO - DAG(s) 'latest_only' retrieved from /home/airflow/.local/lib/python3.8/site-packages/airflow/example_dags/example_latest_only.py
[2026-07-21T18:30:38.151+0000] {logging_mixin.py:188} INFO - [2026-07-21T18:30:38.151+0000] {dag.py:3036} INFO - Sync 1 DAGs
[2026-07-21T18:30:38.171+0000] {logging_mixin.py:188} INFO - [2026-07-21T18:30:38.171+0000] {dag.py:3823} INFO - Setting next_dagrun for latest_only to 2026-07-21 12:00:00+00:00, run_after=2026-07-21 16:00:00+00:00
[2026-07-21T18:30:38.189+0000] {processor.py:183} INFO - Processing /home/airflow/.local/lib/python3.8/site-packages/airflow/example_dags/example_latest_only.py took 0.073 seconds
[2026-07-21T18:31:08.528+0000] {processor.py:161} INFO - Started process (PID=2512) to work on /home/airflow/.local/lib/python3.8/site-packages/airflow/example_dags/example_latest_only.py
[2026-07-21T18:31:08.530+0000] {processor.py:830} INFO - Processing file /home/airflow/.local/lib/python3.8/site-packages/airflow/example_dags/example_latest_only.py for tasks to queue
[2026-07-21T18:31:08.532+0000] {logging_mixin.py:188} INFO - [2026-07-21T18:31:08.531+0000] {dagbag.py:538} INFO - Filling up the DagBag from /home/airflow/.local/lib/python3.8/site-packages/airflow/example_dags/example_latest_only.py
[2026-07-21T18:31:08.537+0000] {processor.py:840} INFO - DAG(s) 'latest_only' retrieved from /home/airflow/.local/lib/python3.8/site-packages/airflow/example_dags/example_latest_only.py
[2026-07-21T18:31:08.559+0000] {logging_mixin.py:188} INFO - [2026-07-21T18:31:08.558+0000] {dag.py:3036} INFO - Sync 1 DAGs
[2026-07-21T18:31:08.578+0000] {logging_mixin.py:188} INFO - [2026-07-21T18:31:08.578+0000] {dag.py:3823} INFO - Setting next_dagrun for latest_only to 2026-07-21 12:00:00+00:00, run_after=2026-07-21 16:00:00+00:00
[2026-07-21T18:31:08.596+0000] {processor.py:183} INFO - Processing /home/airflow/.local/lib/python3.8/site-packages/airflow/example_dags/example_latest_only.py took 0.071 seconds
[2026-07-21T18:34:11.118+0000] {processor.py:161} INFO - Started process (PID=59) to work on /home/airflow/.local/lib/python3.10/site-packages/airflow/example_dags/example_latest_only.py
[2026-07-21T18:34:11.126+0000] {processor.py:830} INFO - Processing file /home/airflow/.local/lib/python3.10/site-packages/airflow/example_dags/example_latest_only.py for tasks to queue
[2026-07-21T18:34:11.135+0000] {logging_mixin.py:188} INFO - [2026-07-21T18:34:11.135+0000] {dagbag.py:538} INFO - Filling up the DagBag from /home/airflow/.local/lib/python3.10/site-packages/airflow/example_dags/example_latest_only.py
[2026-07-21T18:34:11.187+0000] {processor.py:840} INFO - DAG(s) 'latest_only' retrieved from /home/airflow/.local/lib/python3.10/site-packages/airflow/example_dags/example_latest_only.py
[2026-07-21T18:34:11.232+0000] {logging_mixin.py:188} INFO - [2026-07-21T18:34:11.231+0000] {dag.py:3036} INFO - Sync 1 DAGs
[2026-07-21T18:34:11.340+0000] {logging_mixin.py:188} INFO - [2026-07-21T18:34:11.340+0000] {dag.py:3823} INFO - Setting next_dagrun for latest_only to 2026-07-21 12:00:00+00:00, run_after=2026-07-21 16:00:00+00:00
[2026-07-21T18:34:11.396+0000] {processor.py:183} INFO - Processing /home/airflow/.local/lib/python3.10/site-packages/airflow/example_dags/example_latest_only.py took 0.312 seconds
[2026-07-21T18:34:41.849+0000] {processor.py:161} INFO - Started process (PID=115) to work on /home/airflow/.local/lib/python3.10/site-packages/airflow/example_dags/example_latest_only.py
[2026-07-21T18:34:41.850+0000] {processor.py:830} INFO - Processing file /home/airflow/.local/lib/python3.10/site-packages/airflow/example_dags/example_latest_only.py for tasks to queue
[2026-07-21T18:34:41.853+0000] {logging_mixin.py:188} INFO - [2026-07-21T18:34:41.853+0000] {dagbag.py:538} INFO - Filling up the DagBag from /home/airflow/.local/lib/python3.10/site-packages/airflow/example_dags/example_latest_only.py
[2026-07-21T18:34:41.859+0000] {processor.py:840} INFO - DAG(s) 'latest_only' retrieved from /home/airflow/.local/lib/python3.10/site-packages/airflow/example_dags/example_latest_only.py
[2026-07-21T18:34:41.959+0000] {logging_mixin.py:188} INFO - [2026-07-21T18:34:41.959+0000] {dag.py:3036} INFO - Sync 1 DAGs
[2026-07-21T18:34:41.979+0000] {logging_mixin.py:188} INFO - [2026-07-21T18:34:41.979+0000] {dag.py:3823} INFO - Setting next_dagrun for latest_only to 2026-07-21 12:00:00+00:00, run_after=2026-07-21 16:00:00+00:00
[2026-07-21T18:34:41.999+0000] {processor.py:183} INFO - Processing /home/airflow/.local/lib/python3.10/site-packages/airflow/example_dags/example_latest_only.py took 0.155 seconds
[2026-07-21T18:35:12.487+0000] {processor.py:161} INFO - Started process (PID=177) to work on /home/airflow/.local/lib/python3.10/site-packages/airflow/example_dags/example_latest_only.py
[2026-07-21T18:35:12.488+0000] {processor.py:830} INFO - Processing file /home/airflow/.local/lib/python3.10/site-packages/airflow/example_dags/example_latest_only.py for tasks to queue
[2026-07-21T18:35:12.490+0000] {logging_mixin.py:188} INFO - [2026-07-21T18:35:12.490+0000] {dagbag.py:538} INFO - Filling up the DagBag from /home/airflow/.local/lib/python3.10/site-packages/airflow/example_dags/example_latest_only.py
[2026-07-21T18:35:12.496+0000] {processor.py:840} INFO - DAG(s) 'latest_only' retrieved from /home/airflow/.local/lib/python3.10/site-packages/airflow/example_dags/example_latest_only.py
[2026-07-21T18:35:12.520+0000] {logging_mixin.py:188} INFO - [2026-07-21T18:35:12.519+0000] {dag.py:3036} INFO - Sync 1 DAGs
[2026-07-21T18:35:12.545+0000] {logging_mixin.py:188} INFO - [2026-07-21T18:35:12.545+0000] {dag.py:3823} INFO - Setting next_dagrun for latest_only to 2026-07-21 12:00:00+00:00, run_after=2026-07-21 16:00:00+00:00
[2026-07-21T18:35:12.566+0000] {processor.py:183} INFO - Processing /home/airflow/.local/lib/python3.10/site-packages/airflow/example_dags/example_latest_only.py took 0.083 seconds
[2026-07-21T18:35:42.681+0000] {processor.py:161} INFO - Started process (PID=233) to work on /home/airflow/.local/lib/python3.10/site-packages/airflow/example_dags/example_latest_only.py
[2026-07-21T18:35:42.682+0000] {processor.py:830} INFO - Processing file /home/airflow/.local/lib/python3.10/site-packages/airflow/example_dags/example_latest_only.py for tasks to queue
[2026-07-21T18:35:42.684+0000] {logging_mixin.py:188} INFO - [2026-07-21T18:35:42.684+0000] {dagbag.py:538} INFO - Filling up the DagBag from /home/airflow/.local/lib/python3.10/site-packages/airflow/example_dags/example_latest_only.py
[2026-07-21T18:35:42.689+0000] {processor.py:840} INFO - DAG(s) 'latest_only' retrieved from /home/airflow/.local/lib/python3.10/site-packages/airflow/example_dags/example_latest_only.py
[2026-07-21T18:35:42.711+0000] {logging_mixin.py:188} INFO - [2026-07-21T18:35:42.711+0000] {dag.py:3036} INFO - Sync 1 DAGs
[2026-07-21T18:35:42.731+0000] {logging_mixin.py:188} INFO - [2026-07-21T18:35:42.730+0000] {dag.py:3823} INFO - Setting next_dagrun for latest_only to 2026-07-21 12:00:00+00:00, run_after=2026-07-21 16:00:00+00:00
[2026-07-21T18:35:42.750+0000] {processor.py:183} INFO - Processing /home/airflow/.local/lib/python3.10/site-packages/airflow/example_dags/example_latest_only.py took 0.073 seconds
[2026-07-21T18:36:13.138+0000] {processor.py:161} INFO - Started process (PID=289) to work on /home/airflow/.local/lib/python3.10/site-packages/airflow/example_dags/example_latest_only.py
[2026-07-21T18:36:13.142+0000] {processor.py:830} INFO - Processing file /home/airflow/.local/lib/python3.10/site-packages/airflow/example_dags/example_latest_only.py for tasks to queue
[2026-07-21T18:36:13.150+0000] {logging_mixin.py:188} INFO - [2026-07-21T18:36:13.149+0000] {dagbag.py:538} INFO - Filling up the DagBag from /home/airflow/.local/lib/python3.10/site-packages/airflow/example_dags/example_latest_only.py
[2026-07-21T18:36:13.165+0000] {processor.py:840} INFO - DAG(s) 'latest_only' retrieved from /home/airflow/.local/lib/python3.10/site-packages/airflow/example_dags/example_latest_only.py
[2026-07-21T18:36:13.204+0000] {logging_mixin.py:188} INFO - [2026-07-21T18:36:13.204+0000] {dag.py:3036} INFO - Sync 1 DAGs
[2026-07-21T18:36:13.237+0000] {logging_mixin.py:188} INFO - [2026-07-21T18:36:13.237+0000] {dag.py:3823} INFO - Setting next_dagrun for latest_only to 2026-07-21 12:00:00+00:00, run_after=2026-07-21 16:00:00+00:00
[2026-07-21T18:36:13.270+0000] {processor.py:183} INFO - Processing /home/airflow/.local/lib/python3.10/site-packages/airflow/example_dags/example_latest_only.py took 0.140 seconds
[2026-07-21T18:36:43.690+0000] {processor.py:161} INFO - Started process (PID=345) to work on /home/airflow/.local/lib/python3.10/site-packages/airflow/example_dags/example_latest_only.py
[2026-07-21T18:36:43.691+0000] {processor.py:830} INFO - Processing file /home/airflow/.local/lib/python3.10/site-packages/airflow/example_dags/example_latest_only.py for tasks to queue
[2026-07-21T18:36:43.693+0000] {logging_mixin.py:188} INFO - [2026-07-21T18:36:43.692+0000] {dagbag.py:538} INFO - Filling up the DagBag from /home/airflow/.local/lib/python3.10/site-packages/airflow/example_dags/example_latest_only.py
[2026-07-21T18:36:43.698+0000] {processor.py:840} INFO - DAG(s) 'latest_only' retrieved from /home/airflow/.local/lib/python3.10/site-packages/airflow/example_dags/example_latest_only.py
[2026-07-21T18:36:43.719+0000] {logging_mixin.py:188} INFO - [2026-07-21T18:36:43.719+0000] {dag.py:3036} INFO - Sync 1 DAGs
[2026-07-21T18:36:43.737+0000] {logging_mixin.py:188} INFO - [2026-07-21T18:36:43.737+0000] {dag.py:3823} INFO - Setting next_dagrun for latest_only to 2026-07-21 12:00:00+00:00, run_after=2026-07-21 16:00:00+00:00
[2026-07-21T18:36:43.755+0000] {processor.py:183} INFO - Processing /home/airflow/.local/lib/python3.10/site-packages/airflow/example_dags/example_latest_only.py took 0.069 seconds
[2026-07-21T18:37:13.978+0000] {processor.py:161} INFO - Started process (PID=401) to work on /home/airflow/.local/lib/python3.10/site-packages/airflow/example_dags/example_latest_only.py
[2026-07-21T18:37:13.979+0000] {processor.py:830} INFO - Processing file /home/airflow/.local/lib/python3.10/site-packages/airflow/example_dags/example_latest_only.py for tasks to queue
[2026-07-21T18:37:13.982+0000] {logging_mixin.py:188} INFO - [2026-07-21T18:37:13.981+0000] {dagbag.py:538} INFO - Filling up the DagBag from /home/airflow/.local/lib/python3.10/site-packages/airflow/example_dags/example_latest_only.py
[2026-07-21T18:37:13.987+0000] {processor.py:840} INFO - DAG(s) 'latest_only' retrieved from /home/airflow/.local/lib/python3.10/site-packages/airflow/example_dags/example_latest_only.py
[2026-07-21T18:37:14.009+0000] {logging_mixin.py:188} INFO - [2026-07-21T18:37:14.008+0000] {dag.py:3036} INFO - Sync 1 DAGs
[2026-07-21T18:37:14.032+0000] {logging_mixin.py:188} INFO - [2026-07-21T18:37:14.031+0000] {dag.py:3823} INFO - Setting next_dagrun for latest_only to 2026-07-21 12:00:00+00:00, run_after=2026-07-21 16:00:00+00:00
[2026-07-21T18:37:14.050+0000] {processor.py:183} INFO - Processing /home/airflow/.local/lib/python3.10/site-packages/airflow/example_dags/example_latest_only.py took 0.076 seconds
[2026-07-21T18:37:44.378+0000] {processor.py:161} INFO - Started process (PID=457) to work on /home/airflow/.local/lib/python3.10/site-packages/airflow/example_dags/example_latest_only.py
[2026-07-21T18:37:44.379+0000] {processor.py:830} INFO - Processing file /home/airflow/.local/lib/python3.10/site-packages/airflow/example_dags/example_latest_only.py for tasks to queue
[2026-07-21T18:37:44.381+0000] {logging_mixin.py:188} INFO - [2026-07-21T18:37:44.380+0000] {dagbag.py:538} INFO - Filling up the DagBag from /home/airflow/.local/lib/python3.10/site-packages/airflow/example_dags/example_latest_only.py
[2026-07-21T18:37:44.386+0000] {processor.py:840} INFO - DAG(s) 'latest_only' retrieved from /home/airflow/.local/lib/python3.10/site-packages/airflow/example_dags/example_latest_only.py
[2026-07-21T18:37:44.407+0000] {logging_mixin.py:188} INFO - [2026-07-21T18:37:44.407+0000] {dag.py:3036} INFO - Sync 1 DAGs
[2026-07-21T18:37:44.424+0000] {logging_mixin.py:188} INFO - [2026-07-21T18:37:44.424+0000] {dag.py:3823} INFO - Setting next_dagrun for latest_only to 2026-07-21 12:00:00+00:00, run_after=2026-07-21 16:00:00+00:00
[2026-07-21T18:37:44.441+0000] {processor.py:183} INFO - Processing /home/airflow/.local/lib/python3.10/site-packages/airflow/example_dags/example_latest_only.py took 0.067 seconds
[2026-07-21T18:38:14.908+0000] {processor.py:161} INFO - Started process (PID=513) to work on /home/airflow/.local/lib/python3.10/site-packages/airflow/example_dags/example_latest_only.py
[2026-07-21T18:38:14.909+0000] {processor.py:830} INFO - Processing file /home/airflow/.local/lib/python3.10/site-packages/airflow/example_dags/example_latest_only.py for tasks to queue
[2026-07-21T18:38:14.911+0000] {logging_mixin.py:188} INFO - [2026-07-21T18:38:14.910+0000] {dagbag.py:538} INFO - Filling up the DagBag from /home/airflow/.local/lib/python3.10/site-packages/airflow/example_dags/example_latest_only.py
[2026-07-21T18:38:14.916+0000] {processor.py:840} INFO - DAG(s) 'latest_only' retrieved from /home/airflow/.local/lib/python3.10/site-packages/airflow/example_dags/example_latest_only.py
[2026-07-21T18:38:14.938+0000] {logging_mixin.py:188} INFO - [2026-07-21T18:38:14.937+0000] {dag.py:3036} INFO - Sync 1 DAGs
[2026-07-21T18:38:14.957+0000] {logging_mixin.py:188} INFO - [2026-07-21T18:38:14.957+0000] {dag.py:3823} INFO - Setting next_dagrun for latest_only to 2026-07-21 12:00:00+00:00, run_after=2026-07-21 16:00:00+00:00
[2026-07-21T18:38:14.974+0000] {processor.py:183} INFO - Processing /home/airflow/.local/lib/python3.10/site-packages/airflow/example_dags/example_latest_only.py took 0.070 seconds
[2026-07-21T18:38:45.306+0000] {processor.py:161} INFO - Started process (PID=569) to work on /home/airflow/.local/lib/python3.10/site-packages/airflow/example_dags/example_latest_only.py
[2026-07-21T18:38:45.307+0000] {processor.py:830} INFO - Processing file /home/airflow/.local/lib/python3.10/site-packages/airflow/example_dags/example_latest_only.py for tasks to queue
[2026-07-21T18:38:45.309+0000] {logging_mixin.py:188} INFO - [2026-07-21T18:38:45.309+0000] {dagbag.py:538} INFO - Filling up the DagBag from /home/airflow/.local/lib/python3.10/site-packages/airflow/example_dags/example_latest_only.py
[2026-07-21T18:38:45.314+0000] {processor.py:840} INFO - DAG(s) 'latest_only' retrieved from /home/airflow/.local/lib/python3.10/site-packages/airflow/example_dags/example_latest_only.py
[2026-07-21T18:38:45.335+0000] {logging_mixin.py:188} INFO - [2026-07-21T18:38:45.335+0000] {dag.py:3036} INFO - Sync 1 DAGs
[2026-07-21T18:38:45.354+0000] {logging_mixin.py:188} INFO - [2026-07-21T18:38:45.354+0000] {dag.py:3823} INFO - Setting next_dagrun for latest_only to 2026-07-21 12:00:00+00:00, run_after=2026-07-21 16:00:00+00:00
[2026-07-21T18:38:45.371+0000] {processor.py:183} INFO - Processing /home/airflow/.local/lib/python3.10/site-packages/airflow/example_dags/example_latest_only.py took 0.069 seconds
[2026-07-21T18:39:15.590+0000] {processor.py:161} INFO - Started process (PID=625) to work on /home/airflow/.local/lib/python3.10/site-packages/airflow/example_dags/example_latest_only.py
[2026-07-21T18:39:15.591+0000] {processor.py:830} INFO - Processing file /home/airflow/.local/lib/python3.10/site-packages/airflow/example_dags/example_latest_only.py for tasks to queue
[2026-07-21T18:39:15.594+0000] {logging_mixin.py:188} INFO - [2026-07-21T18:39:15.593+0000] {dagbag.py:538} INFO - Filling up the DagBag from /home/airflow/.local/lib/python3.10/site-packages/airflow/example_dags/example_latest_only.py
[2026-07-21T18:39:15.599+0000] {processor.py:840} INFO - DAG(s) 'latest_only' retrieved from /home/airflow/.local/lib/python3.10/site-packages/airflow/example_dags/example_latest_only.py
[2026-07-21T18:39:15.619+0000] {logging_mixin.py:188} INFO - [2026-07-21T18:39:15.619+0000] {dag.py:3036} INFO - Sync 1 DAGs
[2026-07-21T18:39:15.638+0000] {logging_mixin.py:188} INFO - [2026-07-21T18:39:15.637+0000] {dag.py:3823} INFO - Setting next_dagrun for latest_only to 2026-07-21 12:00:00+00:00, run_after=2026-07-21 16:00:00+00:00
[2026-07-21T18:39:15.656+0000] {processor.py:183} INFO - Processing /home/airflow/.local/lib/python3.10/site-packages/airflow/example_dags/example_latest_only.py took 0.070 seconds
[2026-07-21T18:39:45.816+0000] {processor.py:161} INFO - Started process (PID=681) to work on /home/airflow/.local/lib/python3.10/site-packages/airflow/example_dags/example_latest_only.py
[2026-07-21T18:39:45.817+0000] {processor.py:830} INFO - Processing file /home/airflow/.local/lib/python3.10/site-packages/airflow/example_dags/example_latest_only.py for tasks to queue
[2026-07-21T18:39:45.820+0000] {logging_mixin.py:188} INFO - [2026-07-21T18:39:45.819+0000] {dagbag.py:538} INFO - Filling up the DagBag from /home/airflow/.local/lib/python3.10/site-packages/airflow/example_dags/example_latest_only.py
[2026-07-21T18:39:45.825+0000] {processor.py:840} INFO - DAG(s) 'latest_only' retrieved from /home/airflow/.local/lib/python3.10/site-packages/airflow/example_dags/example_latest_only.py
[2026-07-21T18:39:45.847+0000] {logging_mixin.py:188} INFO - [2026-07-21T18:39:45.846+0000] {dag.py:3036} INFO - Sync 1 DAGs
[2026-07-21T18:39:45.865+0000] {logging_mixin.py:188} INFO - [2026-07-21T18:39:45.865+0000] {dag.py:3823} INFO - Setting next_dagrun for latest_only to 2026-07-21 12:00:00+00:00, run_after=2026-07-21 16:00:00+00:00
[2026-07-21T18:39:45.882+0000] {processor.py:183} INFO - Processing /home/airflow/.local/lib/python3.10/site-packages/airflow/example_dags/example_latest_only.py took 0.070 seconds
[2026-07-21T18:40:16.501+0000] {processor.py:161} INFO - Started process (PID=737) to work on /home/airflow/.local/lib/python3.10/site-packages/airflow/example_dags/example_latest_only.py
[2026-07-21T18:40:16.502+0000] {processor.py:830} INFO - Processing file /home/airflow/.local/lib/python3.10/site-packages/airflow/example_dags/example_latest_only.py for tasks to queue
[2026-07-21T18:40:16.505+0000] {logging_mixin.py:188} INFO - [2026-07-21T18:40:16.504+0000] {dagbag.py:538} INFO - Filling up the DagBag from /home/airflow/.local/lib/python3.10/site-packages/airflow/example_dags/example_latest_only.py
[2026-07-21T18:40:16.510+0000] {processor.py:840} INFO - DAG(s) 'latest_only' retrieved from /home/airflow/.local/lib/python3.10/site-packages/airflow/example_dags/example_latest_only.py
[2026-07-21T18:40:16.531+0000] {logging_mixin.py:188} INFO - [2026-07-21T18:40:16.530+0000] {dag.py:3036} INFO - Sync 1 DAGs
[2026-07-21T18:40:16.550+0000] {logging_mixin.py:188} INFO - [2026-07-21T18:40:16.550+0000] {dag.py:3823} INFO - Setting next_dagrun for latest_only to 2026-07-21 12:00:00+00:00, run_after=2026-07-21 16:00:00+00:00
[2026-07-21T18:40:16.569+0000] {processor.py:183} INFO - Processing /home/airflow/.local/lib/python3.10/site-packages/airflow/example_dags/example_latest_only.py took 0.071 seconds
[2026-07-21T18:40:46.646+0000] {processor.py:161} INFO - Started process (PID=793) to work on /home/airflow/.local/lib/python3.10/site-packages/airflow/example_dags/example_latest_only.py
[2026-07-21T18:40:46.647+0000] {processor.py:830} INFO - Processing file /home/airflow/.local/lib/python3.10/site-packages/airflow/example_dags/example_latest_only.py for tasks to queue
[2026-07-21T18:40:46.649+0000] {logging_mixin.py:188} INFO - [2026-07-21T18:40:46.649+0000] {dagbag.py:538} INFO - Filling up the DagBag from /home/airflow/.local/lib/python3.10/site-packages/airflow/example_dags/example_latest_only.py
[2026-07-21T18:40:46.655+0000] {processor.py:840} INFO - DAG(s) 'latest_only' retrieved from /home/airflow/.local/lib/python3.10/site-packages/airflow/example_dags/example_latest_only.py
[2026-07-21T18:40:46.676+0000] {logging_mixin.py:188} INFO - [2026-07-21T18:40:46.675+0000] {dag.py:3036} INFO - Sync 1 DAGs
[2026-07-21T18:40:46.695+0000] {logging_mixin.py:188} INFO - [2026-07-21T18:40:46.695+0000] {dag.py:3823} INFO - Setting next_dagrun for latest_only to 2026-07-21 12:00:00+00:00, run_after=2026-07-21 16:00:00+00:00
[2026-07-21T18:40:46.713+0000] {processor.py:183} INFO - Processing /home/airflow/.local/lib/python3.10/site-packages/airflow/example_dags/example_latest_only.py took 0.071 seconds
[2026-07-21T18:41:16.995+0000] {processor.py:161} INFO - Started process (PID=849) to work on /home/airflow/.local/lib/python3.10/site-packages/airflow/example_dags/example_latest_only.py
[2026-07-21T18:41:16.996+0000] {processor.py:830} INFO - Processing file /home/airflow/.local/lib/python3.10/site-packages/airflow/example_dags/example_latest_only.py for tasks to queue
[2026-07-21T18:41:16.998+0000] {logging_mixin.py:188} INFO - [2026-07-21T18:41:16.998+0000] {dagbag.py:538} INFO - Filling up the DagBag from /home/airflow/.local/lib/python3.10/site-packages/airflow/example_dags/example_latest_only.py
[2026-07-21T18:41:17.003+0000] {processor.py:840} INFO - DAG(s) 'latest_only' retrieved from /home/airflow/.local/lib/python3.10/site-packages/airflow/example_dags/example_latest_only.py
[2026-07-21T18:41:17.022+0000] {logging_mixin.py:188} INFO - [2026-07-21T18:41:17.022+0000] {dag.py:3036} INFO - Sync 1 DAGs
[2026-07-21T18:41:17.041+0000] {logging_mixin.py:188} INFO - [2026-07-21T18:41:17.041+0000] {dag.py:3823} INFO - Setting next_dagrun for latest_only to 2026-07-21 12:00:00+00:00, run_after=2026-07-21 16:00:00+00:00
[2026-07-21T18:41:17.058+0000] {processor.py:183} INFO - Processing /home/airflow/.local/lib/python3.10/site-packages/airflow/example_dags/example_latest_only.py took 0.069 seconds
[2026-07-21T18:41:47.251+0000] {processor.py:161} INFO - Started process (PID=905) to work on /home/airflow/.local/lib/python3.10/site-packages/airflow/example_dags/example_latest_only.py
[2026-07-21T18:41:47.253+0000] {processor.py:830} INFO - Processing file /home/airflow/.local/lib/python3.10/site-packages/airflow/example_dags/example_latest_only.py for tasks to queue
[2026-07-21T18:41:47.255+0000] {logging_mixin.py:188} INFO - [2026-07-21T18:41:47.254+0000] {dagbag.py:538} INFO - Filling up the DagBag from /home/airflow/.local/lib/python3.10/site-packages/airflow/example_dags/example_latest_only.py
[2026-07-21T18:41:47.260+0000] {processor.py:840} INFO - DAG(s) 'latest_only' retrieved from /home/airflow/.local/lib/python3.10/site-packages/airflow/example_dags/example_latest_only.py
[2026-07-21T18:41:47.283+0000] {logging_mixin.py:188} INFO - [2026-07-21T18:41:47.282+0000] {dag.py:3036} INFO - Sync 1 DAGs
[2026-07-21T18:41:47.307+0000] {logging_mixin.py:188} INFO - [2026-07-21T18:41:47.307+0000] {dag.py:3823} INFO - Setting next_dagrun for latest_only to 2026-07-21 12:00:00+00:00, run_after=2026-07-21 16:00:00+00:00
[2026-07-21T18:41:47.327+0000] {processor.py:183} INFO - Processing /home/airflow/.local/lib/python3.10/site-packages/airflow/example_dags/example_latest_only.py took 0.080 seconds
[2026-07-21T18:42:17.502+0000] {processor.py:161} INFO - Started process (PID=961) to work on /home/airflow/.local/lib/python3.10/site-packages/airflow/example_dags/example_latest_only.py
[2026-07-21T18:42:17.503+0000] {processor.py:830} INFO - Processing file /home/airflow/.local/lib/python3.10/site-packages/airflow/example_dags/example_latest_only.py for tasks to queue
[2026-07-21T18:42:17.505+0000] {logging_mixin.py:188} INFO - [2026-07-21T18:42:17.505+0000] {dagbag.py:538} INFO - Filling up the DagBag from /home/airflow/.local/lib/python3.10/site-packages/airflow/example_dags/example_latest_only.py
[2026-07-21T18:42:17.511+0000] {processor.py:840} INFO - DAG(s) 'latest_only' retrieved from /home/airflow/.local/lib/python3.10/site-packages/airflow/example_dags/example_latest_only.py
[2026-07-21T18:42:17.532+0000] {logging_mixin.py:188} INFO - [2026-07-21T18:42:17.532+0000] {dag.py:3036} INFO - Sync 1 DAGs
[2026-07-21T18:42:17.552+0000] {logging_mixin.py:188} INFO - [2026-07-21T18:42:17.552+0000] {dag.py:3823} INFO - Setting next_dagrun for latest_only to 2026-07-21 12:00:00+00:00, run_after=2026-07-21 16:00:00+00:00
[2026-07-21T18:42:17.571+0000] {processor.py:183} INFO - Processing /home/airflow/.local/lib/python3.10/site-packages/airflow/example_dags/example_latest_only.py took 0.072 seconds
[2026-07-21T18:42:47.783+0000] {processor.py:161} INFO - Started process (PID=1018) to work on /home/airflow/.local/lib/python3.10/site-packages/airflow/example_dags/example_latest_only.py
[2026-07-21T18:42:47.784+0000] {processor.py:830} INFO - Processing file /home/airflow/.local/lib/python3.10/site-packages/airflow/example_dags/example_latest_only.py for tasks to queue
[2026-07-21T18:42:47.786+0000] {logging_mixin.py:188} INFO - [2026-07-21T18:42:47.786+0000] {dagbag.py:538} INFO - Filling up the DagBag from /home/airflow/.local/lib/python3.10/site-packages/airflow/example_dags/example_latest_only.py
[2026-07-21T18:42:47.791+0000] {processor.py:840} INFO - DAG(s) 'latest_only' retrieved from /home/airflow/.local/lib/python3.10/site-packages/airflow/example_dags/example_latest_only.py
[2026-07-21T18:42:47.814+0000] {logging_mixin.py:188} INFO - [2026-07-21T18:42:47.813+0000] {dag.py:3036} INFO - Sync 1 DAGs
[2026-07-21T18:42:47.832+0000] {logging_mixin.py:188} INFO - [2026-07-21T18:42:47.832+0000] {dag.py:3823} INFO - Setting next_dagrun for latest_only to 2026-07-21 12:00:00+00:00, run_after=2026-07-21 16:00:00+00:00
[2026-07-21T18:42:47.850+0000] {processor.py:183} INFO - Processing /home/airflow/.local/lib/python3.10/site-packages/airflow/example_dags/example_latest_only.py took 0.072 seconds
[2026-07-21T18:43:18.264+0000] {processor.py:161} INFO - Started process (PID=1074) to work on /home/airflow/.local/lib/python3.10/site-packages/airflow/example_dags/example_latest_only.py
[2026-07-21T18:43:18.265+0000] {processor.py:830} INFO - Processing file /home/airflow/.local/lib/python3.10/site-packages/airflow/example_dags/example_latest_only.py for tasks to queue
[2026-07-21T18:43:18.268+0000] {logging_mixin.py:188} INFO - [2026-07-21T18:43:18.267+0000] {dagbag.py:538} INFO - Filling up the DagBag from /home/airflow/.local/lib/python3.10/site-packages/airflow/example_dags/example_latest_only.py
[2026-07-21T18:43:18.273+0000] {processor.py:840} INFO - DAG(s) 'latest_only' retrieved from /home/airflow/.local/lib/python3.10/site-packages/airflow/example_dags/example_latest_only.py
[2026-07-21T18:43:18.293+0000] {logging_mixin.py:188} INFO - [2026-07-21T18:43:18.293+0000] {dag.py:3036} INFO - Sync 1 DAGs
[2026-07-21T18:43:18.312+0000] {logging_mixin.py:188} INFO - [2026-07-21T18:43:18.312+0000] {dag.py:3823} INFO - Setting next_dagrun for latest_only to 2026-07-21 12:00:00+00:00, run_after=2026-07-21 16:00:00+00:00
[2026-07-21T18:43:18.329+0000] {processor.py:183} INFO - Processing /home/airflow/.local/lib/python3.10/site-packages/airflow/example_dags/example_latest_only.py took 0.069 seconds
[2026-07-21T18:43:48.673+0000] {processor.py:161} INFO - Started process (PID=1130) to work on /home/airflow/.local/lib/python3.10/site-packages/airflow/example_dags/example_latest_only.py
[2026-07-21T18:43:48.677+0000] {processor.py:830} INFO - Processing file /home/airflow/.local/lib/python3.10/site-packages/airflow/example_dags/example_latest_only.py for tasks to queue
[2026-07-21T18:43:48.680+0000] {logging_mixin.py:188} INFO - [2026-07-21T18:43:48.679+0000] {dagbag.py:538} INFO - Filling up the DagBag from /home/airflow/.local/lib/python3.10/site-packages/airflow/example_dags/example_latest_only.py
[2026-07-21T18:43:48.686+0000] {processor.py:840} INFO - DAG(s) 'latest_only' retrieved from /home/airflow/.local/lib/python3.10/site-packages/airflow/example_dags/example_latest_only.py
[2026-07-21T18:43:48.715+0000] {logging_mixin.py:188} INFO - [2026-07-21T18:43:48.714+0000] {dag.py:3036} INFO - Sync 1 DAGs
[2026-07-21T18:43:48.737+0000] {logging_mixin.py:188} INFO - [2026-07-21T18:43:48.736+0000] {dag.py:3823} INFO - Setting next_dagrun for latest_only to 2026-07-21 12:00:00+00:00, run_after=2026-07-21 16:00:00+00:00
[2026-07-21T18:43:48.754+0000] {processor.py:183} INFO - Processing /home/airflow/.local/lib/python3.10/site-packages/airflow/example_dags/example_latest_only.py took 0.086 seconds
[2026-07-21T18:44:19.067+0000] {processor.py:161} INFO - Started process (PID=1186) to work on /home/airflow/.local/lib/python3.10/site-packages/airflow/example_dags/example_latest_only.py
[2026-07-21T18:44:19.069+0000] {processor.py:830} INFO - Processing file /home/airflow/.local/lib/python3.10/site-packages/airflow/example_dags/example_latest_only.py for tasks to queue
[2026-07-21T18:44:19.071+0000] {logging_mixin.py:188} INFO - [2026-07-21T18:44:19.070+0000] {dagbag.py:538} INFO - Filling up the DagBag from /home/airflow/.local/lib/python3.10/site-packages/airflow/example_dags/example_latest_only.py
[2026-07-21T18:44:19.076+0000] {processor.py:840} INFO - DAG(s) 'latest_only' retrieved from /home/airflow/.local/lib/python3.10/site-packages/airflow/example_dags/example_latest_only.py
[2026-07-21T18:44:19.096+0000] {logging_mixin.py:188} INFO - [2026-07-21T18:44:19.096+0000] {dag.py:3036} INFO - Sync 1 DAGs
[2026-07-21T18:44:19.114+0000] {logging_mixin.py:188} INFO - [2026-07-21T18:44:19.114+0000] {dag.py:3823} INFO - Setting next_dagrun for latest_only to 2026-07-21 12:00:00+00:00, run_after=2026-07-21 16:00:00+00:00
[2026-07-21T18:44:19.132+0000] {processor.py:183} INFO - Processing /home/airflow/.local/lib/python3.10/site-packages/airflow/example_dags/example_latest_only.py took 0.068 seconds
[2026-07-21T18:44:49.381+0000] {processor.py:161} INFO - Started process (PID=1242) to work on /home/airflow/.local/lib/python3.10/site-packages/airflow/example_dags/example_latest_only.py
[2026-07-21T18:44:49.382+0000] {processor.py:830} INFO - Processing file /home/airflow/.local/lib/python3.10/site-packages/airflow/example_dags/example_latest_only.py for tasks to queue
[2026-07-21T18:44:49.385+0000] {logging_mixin.py:188} INFO - [2026-07-21T18:44:49.384+0000] {dagbag.py:538} INFO - Filling up the DagBag from /home/airflow/.local/lib/python3.10/site-packages/airflow/example_dags/example_latest_only.py
[2026-07-21T18:44:49.390+0000] {processor.py:840} INFO - DAG(s) 'latest_only' retrieved from /home/airflow/.local/lib/python3.10/site-packages/airflow/example_dags/example_latest_only.py
[2026-07-21T18:44:49.412+0000] {logging_mixin.py:188} INFO - [2026-07-21T18:44:49.412+0000] {dag.py:3036} INFO - Sync 1 DAGs
[2026-07-21T18:44:49.432+0000] {logging_mixin.py:188} INFO - [2026-07-21T18:44:49.431+0000] {dag.py:3823} INFO - Setting next_dagrun for latest_only to 2026-07-21 12:00:00+00:00, run_after=2026-07-21 16:00:00+00:00
[2026-07-21T18:44:49.450+0000] {processor.py:183} INFO - Processing /home/airflow/.local/lib/python3.10/site-packages/airflow/example_dags/example_latest_only.py took 0.073 seconds
[2026-07-21T18:45:19.674+0000] {processor.py:161} INFO - Started process (PID=1298) to work on /home/airflow/.local/lib/python3.10/site-packages/airflow/example_dags/example_latest_only.py
[2026-07-21T18:45:19.675+0000] {processor.py:830} INFO - Processing file /home/airflow/.local/lib/python3.10/site-packages/airflow/example_dags/example_latest_only.py for tasks to queue
[2026-07-21T18:45:19.677+0000] {logging_mixin.py:188} INFO - [2026-07-21T18:45:19.677+0000] {dagbag.py:538} INFO - Filling up the DagBag from /home/airflow/.local/lib/python3.10/site-packages/airflow/example_dags/example_latest_only.py
[2026-07-21T18:45:19.683+0000] {processor.py:840} INFO - DAG(s) 'latest_only' retrieved from /home/airflow/.local/lib/python3.10/site-packages/airflow/example_dags/example_latest_only.py
[2026-07-21T18:45:19.703+0000] {logging_mixin.py:188} INFO - [2026-07-21T18:45:19.703+0000] {dag.py:3036} INFO - Sync 1 DAGs
[2026-07-21T18:45:19.723+0000] {logging_mixin.py:188} INFO - [2026-07-21T18:45:19.722+0000] {dag.py:3823} INFO - Setting next_dagrun for latest_only to 2026-07-21 12:00:00+00:00, run_after=2026-07-21 16:00:00+00:00
[2026-07-21T18:45:19.740+0000] {processor.py:183} INFO - Processing /home/airflow/.local/lib/python3.10/site-packages/airflow/example_dags/example_latest_only.py took 0.069 seconds
[2026-07-21T18:45:50.194+0000] {processor.py:161} INFO - Started process (PID=1354) to work on /home/airflow/.local/lib/python3.10/site-packages/airflow/example_dags/example_latest_only.py
[2026-07-21T18:45:50.195+0000] {processor.py:830} INFO - Processing file /home/airflow/.local/lib/python3.10/site-packages/airflow/example_dags/example_latest_only.py for tasks to queue
[2026-07-21T18:45:50.197+0000] {logging_mixin.py:188} INFO - [2026-07-21T18:45:50.197+0000] {dagbag.py:538} INFO - Filling up the DagBag from /home/airflow/.local/lib/python3.10/site-packages/airflow/example_dags/example_latest_only.py
[2026-07-21T18:45:50.202+0000] {processor.py:840} INFO - DAG(s) 'latest_only' retrieved from /home/airflow/.local/lib/python3.10/site-packages/airflow/example_dags/example_latest_only.py
[2026-07-21T18:45:50.224+0000] {logging_mixin.py:188} INFO - [2026-07-21T18:45:50.223+0000] {dag.py:3036} INFO - Sync 1 DAGs
[2026-07-21T18:45:50.243+0000] {logging_mixin.py:188} INFO - [2026-07-21T18:45:50.243+0000] {dag.py:3823} INFO - Setting next_dagrun for latest_only to 2026-07-21 12:00:00+00:00, run_after=2026-07-21 16:00:00+00:00
[2026-07-21T18:45:50.262+0000] {processor.py:183} INFO - Processing /home/airflow/.local/lib/python3.10/site-packages/airflow/example_dags/example_latest_only.py took 0.071 seconds
[2026-07-21T18:46:20.500+0000] {processor.py:161} INFO - Started process (PID=1410) to work on /home/airflow/.local/lib/python3.10/site-packages/airflow/example_dags/example_latest_only.py
[2026-07-21T18:46:20.502+0000] {processor.py:830} INFO - Processing file /home/airflow/.local/lib/python3.10/site-packages/airflow/example_dags/example_latest_only.py for tasks to queue
[2026-07-21T18:46:20.504+0000] {logging_mixin.py:188} INFO - [2026-07-21T18:46:20.504+0000] {dagbag.py:538} INFO - Filling up the DagBag from /home/airflow/.local/lib/python3.10/site-packages/airflow/example_dags/example_latest_only.py
[2026-07-21T18:46:20.511+0000] {processor.py:840} INFO - DAG(s) 'latest_only' retrieved from /home/airflow/.local/lib/python3.10/site-packages/airflow/example_dags/example_latest_only.py
[2026-07-21T18:46:20.539+0000] {logging_mixin.py:188} INFO - [2026-07-21T18:46:20.539+0000] {dag.py:3036} INFO - Sync 1 DAGs
[2026-07-21T18:46:20.569+0000] {logging_mixin.py:188} INFO - [2026-07-21T18:46:20.569+0000] {dag.py:3823} INFO - Setting next_dagrun for latest_only to 2026-07-21 12:00:00+00:00, run_after=2026-07-21 16:00:00+00:00
[2026-07-21T18:46:20.597+0000] {processor.py:183} INFO - Processing /home/airflow/.local/lib/python3.10/site-packages/airflow/example_dags/example_latest_only.py took 0.101 seconds
[2026-07-21T18:46:50.712+0000] {processor.py:161} INFO - Started process (PID=1466) to work on /home/airflow/.local/lib/python3.10/site-packages/airflow/example_dags/example_latest_only.py
[2026-07-21T18:46:50.713+0000] {processor.py:830} INFO - Processing file /home/airflow/.local/lib/python3.10/site-packages/airflow/example_dags/example_latest_only.py for tasks to queue
[2026-07-21T18:46:50.715+0000] {logging_mixin.py:188} INFO - [2026-07-21T18:46:50.715+0000] {dagbag.py:538} INFO - Filling up the DagBag from /home/airflow/.local/lib/python3.10/site-packages/airflow/example_dags/example_latest_only.py
[2026-07-21T18:46:50.721+0000] {processor.py:840} INFO - DAG(s) 'latest_only' retrieved from /home/airflow/.local/lib/python3.10/site-packages/airflow/example_dags/example_latest_only.py
[2026-07-21T18:46:50.742+0000] {logging_mixin.py:188} INFO - [2026-07-21T18:46:50.742+0000] {dag.py:3036} INFO - Sync 1 DAGs
[2026-07-21T18:46:50.762+0000] {logging_mixin.py:188} INFO - [2026-07-21T18:46:50.762+0000] {dag.py:3823} INFO - Setting next_dagrun for latest_only to 2026-07-21 12:00:00+00:00, run_after=2026-07-21 16:00:00+00:00
[2026-07-21T18:46:50.779+0000] {processor.py:183} INFO - Processing /home/airflow/.local/lib/python3.10/site-packages/airflow/example_dags/example_latest_only.py took 0.071 seconds
[2026-07-21T18:47:20.950+0000] {processor.py:161} INFO - Started process (PID=1522) to work on /home/airflow/.local/lib/python3.10/site-packages/airflow/example_dags/example_latest_only.py
[2026-07-21T18:47:20.951+0000] {processor.py:830} INFO - Processing file /home/airflow/.local/lib/python3.10/site-packages/airflow/example_dags/example_latest_only.py for tasks to queue
[2026-07-21T18:47:20.954+0000] {logging_mixin.py:188} INFO - [2026-07-21T18:47:20.953+0000] {dagbag.py:538} INFO - Filling up the DagBag from /home/airflow/.local/lib/python3.10/site-packages/airflow/example_dags/example_latest_only.py
[2026-07-21T18:47:20.960+0000] {processor.py:840} INFO - DAG(s) 'latest_only' retrieved from /home/airflow/.local/lib/python3.10/site-packages/airflow/example_dags/example_latest_only.py
[2026-07-21T18:47:20.980+0000] {logging_mixin.py:188} INFO - [2026-07-21T18:47:20.980+0000] {dag.py:3036} INFO - Sync 1 DAGs
[2026-07-21T18:47:20.999+0000] {logging_mixin.py:188} INFO - [2026-07-21T18:47:20.998+0000] {dag.py:3823} INFO - Setting next_dagrun for latest_only to 2026-07-21 12:00:00+00:00, run_after=2026-07-21 16:00:00+00:00
[2026-07-21T18:47:21.016+0000] {processor.py:183} INFO - Processing /home/airflow/.local/lib/python3.10/site-packages/airflow/example_dags/example_latest_only.py took 0.069 seconds
[2026-07-21T18:47:51.769+0000] {processor.py:161} INFO - Started process (PID=1578) to work on /home/airflow/.local/lib/python3.10/site-packages/airflow/example_dags/example_latest_only.py
[2026-07-21T18:47:51.770+0000] {processor.py:830} INFO - Processing file /home/airflow/.local/lib/python3.10/site-packages/airflow/example_dags/example_latest_only.py for tasks to queue
[2026-07-21T18:47:51.772+0000] {logging_mixin.py:188} INFO - [2026-07-21T18:47:51.772+0000] {dagbag.py:538} INFO - Filling up the DagBag from /home/airflow/.local/lib/python3.10/site-packages/airflow/example_dags/example_latest_only.py
[2026-07-21T18:47:51.778+0000] {processor.py:840} INFO - DAG(s) 'latest_only' retrieved from /home/airflow/.local/lib/python3.10/site-packages/airflow/example_dags/example_latest_only.py
[2026-07-21T18:47:51.799+0000] {logging_mixin.py:188} INFO - [2026-07-21T18:47:51.799+0000] {dag.py:3036} INFO - Sync 1 DAGs
[2026-07-21T18:47:51.818+0000] {logging_mixin.py:188} INFO - [2026-07-21T18:47:51.817+0000] {dag.py:3823} INFO - Setting next_dagrun for latest_only to 2026-07-21 12:00:00+00:00, run_after=2026-07-21 16:00:00+00:00
[2026-07-21T18:47:51.835+0000] {processor.py:183} INFO - Processing /home/airflow/.local/lib/python3.10/site-packages/airflow/example_dags/example_latest_only.py took 0.070 seconds
[2026-07-21T18:48:22.443+0000] {processor.py:161} INFO - Started process (PID=1634) to work on /home/airflow/.local/lib/python3.10/site-packages/airflow/example_dags/example_latest_only.py
[2026-07-21T18:48:22.444+0000] {processor.py:830} INFO - Processing file /home/airflow/.local/lib/python3.10/site-packages/airflow/example_dags/example_latest_only.py for tasks to queue
[2026-07-21T18:48:22.446+0000] {logging_mixin.py:188} INFO - [2026-07-21T18:48:22.446+0000] {dagbag.py:538} INFO - Filling up the DagBag from /home/airflow/.local/lib/python3.10/site-packages/airflow/example_dags/example_latest_only.py
[2026-07-21T18:48:22.452+0000] {processor.py:840} INFO - DAG(s) 'latest_only' retrieved from /home/airflow/.local/lib/python3.10/site-packages/airflow/example_dags/example_latest_only.py
[2026-07-21T18:48:22.475+0000] {logging_mixin.py:188} INFO - [2026-07-21T18:48:22.474+0000] {dag.py:3036} INFO - Sync 1 DAGs
[2026-07-21T18:48:22.495+0000] {logging_mixin.py:188} INFO - [2026-07-21T18:48:22.494+0000] {dag.py:3823} INFO - Setting next_dagrun for latest_only to 2026-07-21 12:00:00+00:00, run_after=2026-07-21 16:00:00+00:00
[2026-07-21T18:48:22.516+0000] {processor.py:183} INFO - Processing /home/airflow/.local/lib/python3.10/site-packages/airflow/example_dags/example_latest_only.py took 0.078 seconds
