[2026-07-21T17:56:32.401+0000] {processor.py:161} INFO - Started process (PID=100) to work on /home/airflow/.local/lib/python3.8/site-packages/airflow/example_dags/example_python_decorator.py
[2026-07-21T17:56:32.403+0000] {processor.py:830} INFO - Processing file /home/airflow/.local/lib/python3.8/site-packages/airflow/example_dags/example_python_decorator.py for tasks to queue
[2026-07-21T17:56:32.405+0000] {logging_mixin.py:188} INFO - [2026-07-21T17:56:32.405+0000] {dagbag.py:538} INFO - Filling up the DagBag from /home/airflow/.local/lib/python3.8/site-packages/airflow/example_dags/example_python_decorator.py
[2026-07-21T17:56:32.425+0000] {processor.py:840} INFO - DAG(s) 'example_python_decorator' retrieved from /home/airflow/.local/lib/python3.8/site-packages/airflow/example_dags/example_python_decorator.py
[2026-07-21T17:56:32.624+0000] {logging_mixin.py:188} INFO - [2026-07-21T17:56:32.624+0000] {dag.py:3036} INFO - Sync 1 DAGs
[2026-07-21T17:56:32.638+0000] {logging_mixin.py:188} INFO - [2026-07-21T17:56:32.638+0000] {dag.py:3823} INFO - Setting next_dagrun for example_python_decorator to None, run_after=None
[2026-07-21T17:56:32.664+0000] {processor.py:183} INFO - Processing /home/airflow/.local/lib/python3.8/site-packages/airflow/example_dags/example_python_decorator.py took 0.267 seconds
[2026-07-21T17:57:03.421+0000] {processor.py:161} INFO - Started process (PID=156) to work on /home/airflow/.local/lib/python3.8/site-packages/airflow/example_dags/example_python_decorator.py
[2026-07-21T17:57:03.422+0000] {processor.py:830} INFO - Processing file /home/airflow/.local/lib/python3.8/site-packages/airflow/example_dags/example_python_decorator.py for tasks to queue
[2026-07-21T17:57:03.424+0000] {logging_mixin.py:188} INFO - [2026-07-21T17:57:03.424+0000] {dagbag.py:538} INFO - Filling up the DagBag from /home/airflow/.local/lib/python3.8/site-packages/airflow/example_dags/example_python_decorator.py
[2026-07-21T17:57:03.437+0000] {processor.py:840} INFO - DAG(s) 'example_python_decorator' retrieved from /home/airflow/.local/lib/python3.8/site-packages/airflow/example_dags/example_python_decorator.py
[2026-07-21T17:57:03.461+0000] {logging_mixin.py:188} INFO - [2026-07-21T17:57:03.461+0000] {dag.py:3036} INFO - Sync 1 DAGs
[2026-07-21T17:57:03.483+0000] {logging_mixin.py:188} INFO - [2026-07-21T17:57:03.482+0000] {dag.py:3823} INFO - Setting next_dagrun for example_python_decorator to None, run_after=None
[2026-07-21T17:57:03.526+0000] {processor.py:183} INFO - Processing /home/airflow/.local/lib/python3.8/site-packages/airflow/example_dags/example_python_decorator.py took 0.108 seconds
[2026-07-21T17:57:33.910+0000] {processor.py:161} INFO - Started process (PID=212) to work on /home/airflow/.local/lib/python3.8/site-packages/airflow/example_dags/example_python_decorator.py
[2026-07-21T17:57:33.911+0000] {processor.py:830} INFO - Processing file /home/airflow/.local/lib/python3.8/site-packages/airflow/example_dags/example_python_decorator.py for tasks to queue
[2026-07-21T17:57:33.913+0000] {logging_mixin.py:188} INFO - [2026-07-21T17:57:33.913+0000] {dagbag.py:538} INFO - Filling up the DagBag from /home/airflow/.local/lib/python3.8/site-packages/airflow/example_dags/example_python_decorator.py
[2026-07-21T17:57:33.926+0000] {processor.py:840} INFO - DAG(s) 'example_python_decorator' retrieved from /home/airflow/.local/lib/python3.8/site-packages/airflow/example_dags/example_python_decorator.py
[2026-07-21T17:57:33.946+0000] {logging_mixin.py:188} INFO - [2026-07-21T17:57:33.946+0000] {dag.py:3036} INFO - Sync 1 DAGs
[2026-07-21T17:57:33.958+0000] {logging_mixin.py:188} INFO - [2026-07-21T17:57:33.958+0000] {dag.py:3823} INFO - Setting next_dagrun for example_python_decorator to None, run_after=None
[2026-07-21T17:57:33.977+0000] {processor.py:183} INFO - Processing /home/airflow/.local/lib/python3.8/site-packages/airflow/example_dags/example_python_decorator.py took 0.070 seconds
[2026-07-21T17:58:04.121+0000] {processor.py:161} INFO - Started process (PID=268) to work on /home/airflow/.local/lib/python3.8/site-packages/airflow/example_dags/example_python_decorator.py
[2026-07-21T17:58:04.123+0000] {processor.py:830} INFO - Processing file /home/airflow/.local/lib/python3.8/site-packages/airflow/example_dags/example_python_decorator.py for tasks to queue
[2026-07-21T17:58:04.125+0000] {logging_mixin.py:188} INFO - [2026-07-21T17:58:04.124+0000] {dagbag.py:538} INFO - Filling up the DagBag from /home/airflow/.local/lib/python3.8/site-packages/airflow/example_dags/example_python_decorator.py
[2026-07-21T17:58:04.137+0000] {processor.py:840} INFO - DAG(s) 'example_python_decorator' retrieved from /home/airflow/.local/lib/python3.8/site-packages/airflow/example_dags/example_python_decorator.py
[2026-07-21T17:58:04.158+0000] {logging_mixin.py:188} INFO - [2026-07-21T17:58:04.158+0000] {dag.py:3036} INFO - Sync 1 DAGs
[2026-07-21T17:58:04.170+0000] {logging_mixin.py:188} INFO - [2026-07-21T17:58:04.169+0000] {dag.py:3823} INFO - Setting next_dagrun for example_python_decorator to None, run_after=None
[2026-07-21T17:58:04.198+0000] {processor.py:183} INFO - Processing /home/airflow/.local/lib/python3.8/site-packages/airflow/example_dags/example_python_decorator.py took 0.080 seconds
[2026-07-21T17:58:34.554+0000] {processor.py:161} INFO - Started process (PID=324) to work on /home/airflow/.local/lib/python3.8/site-packages/airflow/example_dags/example_python_decorator.py
[2026-07-21T17:58:34.555+0000] {processor.py:830} INFO - Processing file /home/airflow/.local/lib/python3.8/site-packages/airflow/example_dags/example_python_decorator.py for tasks to queue
[2026-07-21T17:58:34.557+0000] {logging_mixin.py:188} INFO - [2026-07-21T17:58:34.557+0000] {dagbag.py:538} INFO - Filling up the DagBag from /home/airflow/.local/lib/python3.8/site-packages/airflow/example_dags/example_python_decorator.py
[2026-07-21T17:58:34.570+0000] {processor.py:840} INFO - DAG(s) 'example_python_decorator' retrieved from /home/airflow/.local/lib/python3.8/site-packages/airflow/example_dags/example_python_decorator.py
[2026-07-21T17:58:34.591+0000] {logging_mixin.py:188} INFO - [2026-07-21T17:58:34.591+0000] {dag.py:3036} INFO - Sync 1 DAGs
[2026-07-21T17:58:34.602+0000] {logging_mixin.py:188} INFO - [2026-07-21T17:58:34.602+0000] {dag.py:3823} INFO - Setting next_dagrun for example_python_decorator to None, run_after=None
[2026-07-21T17:58:34.620+0000] {processor.py:183} INFO - Processing /home/airflow/.local/lib/python3.8/site-packages/airflow/example_dags/example_python_decorator.py took 0.070 seconds
[2026-07-21T17:59:04.885+0000] {processor.py:161} INFO - Started process (PID=380) to work on /home/airflow/.local/lib/python3.8/site-packages/airflow/example_dags/example_python_decorator.py
[2026-07-21T17:59:04.886+0000] {processor.py:830} INFO - Processing file /home/airflow/.local/lib/python3.8/site-packages/airflow/example_dags/example_python_decorator.py for tasks to queue
[2026-07-21T17:59:04.889+0000] {logging_mixin.py:188} INFO - [2026-07-21T17:59:04.889+0000] {dagbag.py:538} INFO - Filling up the DagBag from /home/airflow/.local/lib/python3.8/site-packages/airflow/example_dags/example_python_decorator.py
[2026-07-21T17:59:04.903+0000] {processor.py:840} INFO - DAG(s) 'example_python_decorator' retrieved from /home/airflow/.local/lib/python3.8/site-packages/airflow/example_dags/example_python_decorator.py
[2026-07-21T17:59:04.925+0000] {logging_mixin.py:188} INFO - [2026-07-21T17:59:04.924+0000] {dag.py:3036} INFO - Sync 1 DAGs
[2026-07-21T17:59:04.937+0000] {logging_mixin.py:188} INFO - [2026-07-21T17:59:04.936+0000] {dag.py:3823} INFO - Setting next_dagrun for example_python_decorator to None, run_after=None
[2026-07-21T17:59:04.959+0000] {processor.py:183} INFO - Processing /home/airflow/.local/lib/python3.8/site-packages/airflow/example_dags/example_python_decorator.py took 0.079 seconds
[2026-07-21T17:59:35.007+0000] {processor.py:161} INFO - Started process (PID=435) to work on /home/airflow/.local/lib/python3.8/site-packages/airflow/example_dags/example_python_decorator.py
[2026-07-21T17:59:35.008+0000] {processor.py:830} INFO - Processing file /home/airflow/.local/lib/python3.8/site-packages/airflow/example_dags/example_python_decorator.py for tasks to queue
[2026-07-21T17:59:35.010+0000] {logging_mixin.py:188} INFO - [2026-07-21T17:59:35.010+0000] {dagbag.py:538} INFO - Filling up the DagBag from /home/airflow/.local/lib/python3.8/site-packages/airflow/example_dags/example_python_decorator.py
[2026-07-21T17:59:35.024+0000] {processor.py:840} INFO - DAG(s) 'example_python_decorator' retrieved from /home/airflow/.local/lib/python3.8/site-packages/airflow/example_dags/example_python_decorator.py
[2026-07-21T17:59:35.050+0000] {logging_mixin.py:188} INFO - [2026-07-21T17:59:35.050+0000] {dag.py:3036} INFO - Sync 1 DAGs
[2026-07-21T17:59:35.063+0000] {logging_mixin.py:188} INFO - [2026-07-21T17:59:35.063+0000] {dag.py:3823} INFO - Setting next_dagrun for example_python_decorator to None, run_after=None
[2026-07-21T17:59:35.086+0000] {processor.py:183} INFO - Processing /home/airflow/.local/lib/python3.8/site-packages/airflow/example_dags/example_python_decorator.py took 0.083 seconds
[2026-07-21T18:00:05.329+0000] {processor.py:161} INFO - Started process (PID=492) to work on /home/airflow/.local/lib/python3.8/site-packages/airflow/example_dags/example_python_decorator.py
[2026-07-21T18:00:05.330+0000] {processor.py:830} INFO - Processing file /home/airflow/.local/lib/python3.8/site-packages/airflow/example_dags/example_python_decorator.py for tasks to queue
[2026-07-21T18:00:05.333+0000] {logging_mixin.py:188} INFO - [2026-07-21T18:00:05.332+0000] {dagbag.py:538} INFO - Filling up the DagBag from /home/airflow/.local/lib/python3.8/site-packages/airflow/example_dags/example_python_decorator.py
[2026-07-21T18:00:05.345+0000] {processor.py:840} INFO - DAG(s) 'example_python_decorator' retrieved from /home/airflow/.local/lib/python3.8/site-packages/airflow/example_dags/example_python_decorator.py
[2026-07-21T18:00:05.366+0000] {logging_mixin.py:188} INFO - [2026-07-21T18:00:05.366+0000] {dag.py:3036} INFO - Sync 1 DAGs
[2026-07-21T18:00:05.377+0000] {logging_mixin.py:188} INFO - [2026-07-21T18:00:05.377+0000] {dag.py:3823} INFO - Setting next_dagrun for example_python_decorator to None, run_after=None
[2026-07-21T18:00:05.397+0000] {processor.py:183} INFO - Processing /home/airflow/.local/lib/python3.8/site-packages/airflow/example_dags/example_python_decorator.py took 0.072 seconds
[2026-07-21T18:00:35.834+0000] {processor.py:161} INFO - Started process (PID=548) to work on /home/airflow/.local/lib/python3.8/site-packages/airflow/example_dags/example_python_decorator.py
[2026-07-21T18:00:35.835+0000] {processor.py:830} INFO - Processing file /home/airflow/.local/lib/python3.8/site-packages/airflow/example_dags/example_python_decorator.py for tasks to queue
[2026-07-21T18:00:35.837+0000] {logging_mixin.py:188} INFO - [2026-07-21T18:00:35.837+0000] {dagbag.py:538} INFO - Filling up the DagBag from /home/airflow/.local/lib/python3.8/site-packages/airflow/example_dags/example_python_decorator.py
[2026-07-21T18:00:35.855+0000] {processor.py:840} INFO - DAG(s) 'example_python_decorator' retrieved from /home/airflow/.local/lib/python3.8/site-packages/airflow/example_dags/example_python_decorator.py
[2026-07-21T18:00:35.880+0000] {logging_mixin.py:188} INFO - [2026-07-21T18:00:35.879+0000] {dag.py:3036} INFO - Sync 1 DAGs
[2026-07-21T18:00:35.892+0000] {logging_mixin.py:188} INFO - [2026-07-21T18:00:35.892+0000] {dag.py:3823} INFO - Setting next_dagrun for example_python_decorator to None, run_after=None
[2026-07-21T18:00:35.912+0000] {processor.py:183} INFO - Processing /home/airflow/.local/lib/python3.8/site-packages/airflow/example_dags/example_python_decorator.py took 0.084 seconds
[2026-07-21T18:01:05.970+0000] {processor.py:161} INFO - Started process (PID=605) to work on /home/airflow/.local/lib/python3.8/site-packages/airflow/example_dags/example_python_decorator.py
[2026-07-21T18:01:05.972+0000] {processor.py:830} INFO - Processing file /home/airflow/.local/lib/python3.8/site-packages/airflow/example_dags/example_python_decorator.py for tasks to queue
[2026-07-21T18:01:05.973+0000] {logging_mixin.py:188} INFO - [2026-07-21T18:01:05.973+0000] {dagbag.py:538} INFO - Filling up the DagBag from /home/airflow/.local/lib/python3.8/site-packages/airflow/example_dags/example_python_decorator.py
[2026-07-21T18:01:05.985+0000] {processor.py:840} INFO - DAG(s) 'example_python_decorator' retrieved from /home/airflow/.local/lib/python3.8/site-packages/airflow/example_dags/example_python_decorator.py
[2026-07-21T18:01:06.006+0000] {logging_mixin.py:188} INFO - [2026-07-21T18:01:06.006+0000] {dag.py:3036} INFO - Sync 1 DAGs
[2026-07-21T18:01:06.017+0000] {logging_mixin.py:188} INFO - [2026-07-21T18:01:06.017+0000] {dag.py:3823} INFO - Setting next_dagrun for example_python_decorator to None, run_after=None
[2026-07-21T18:01:06.035+0000] {processor.py:183} INFO - Processing /home/airflow/.local/lib/python3.8/site-packages/airflow/example_dags/example_python_decorator.py took 0.068 seconds
[2026-07-21T18:01:36.604+0000] {processor.py:161} INFO - Started process (PID=661) to work on /home/airflow/.local/lib/python3.8/site-packages/airflow/example_dags/example_python_decorator.py
[2026-07-21T18:01:36.606+0000] {processor.py:830} INFO - Processing file /home/airflow/.local/lib/python3.8/site-packages/airflow/example_dags/example_python_decorator.py for tasks to queue
[2026-07-21T18:01:36.608+0000] {logging_mixin.py:188} INFO - [2026-07-21T18:01:36.607+0000] {dagbag.py:538} INFO - Filling up the DagBag from /home/airflow/.local/lib/python3.8/site-packages/airflow/example_dags/example_python_decorator.py
[2026-07-21T18:01:36.622+0000] {processor.py:840} INFO - DAG(s) 'example_python_decorator' retrieved from /home/airflow/.local/lib/python3.8/site-packages/airflow/example_dags/example_python_decorator.py
[2026-07-21T18:01:36.642+0000] {logging_mixin.py:188} INFO - [2026-07-21T18:01:36.642+0000] {dag.py:3036} INFO - Sync 1 DAGs
[2026-07-21T18:01:36.653+0000] {logging_mixin.py:188} INFO - [2026-07-21T18:01:36.653+0000] {dag.py:3823} INFO - Setting next_dagrun for example_python_decorator to None, run_after=None
[2026-07-21T18:01:36.673+0000] {processor.py:183} INFO - Processing /home/airflow/.local/lib/python3.8/site-packages/airflow/example_dags/example_python_decorator.py took 0.073 seconds
[2026-07-21T18:02:06.717+0000] {processor.py:161} INFO - Started process (PID=716) to work on /home/airflow/.local/lib/python3.8/site-packages/airflow/example_dags/example_python_decorator.py
[2026-07-21T18:02:06.718+0000] {processor.py:830} INFO - Processing file /home/airflow/.local/lib/python3.8/site-packages/airflow/example_dags/example_python_decorator.py for tasks to queue
[2026-07-21T18:02:06.721+0000] {logging_mixin.py:188} INFO - [2026-07-21T18:02:06.720+0000] {dagbag.py:538} INFO - Filling up the DagBag from /home/airflow/.local/lib/python3.8/site-packages/airflow/example_dags/example_python_decorator.py
[2026-07-21T18:02:06.733+0000] {processor.py:840} INFO - DAG(s) 'example_python_decorator' retrieved from /home/airflow/.local/lib/python3.8/site-packages/airflow/example_dags/example_python_decorator.py
[2026-07-21T18:02:06.755+0000] {logging_mixin.py:188} INFO - [2026-07-21T18:02:06.755+0000] {dag.py:3036} INFO - Sync 1 DAGs
[2026-07-21T18:02:06.766+0000] {logging_mixin.py:188} INFO - [2026-07-21T18:02:06.766+0000] {dag.py:3823} INFO - Setting next_dagrun for example_python_decorator to None, run_after=None
[2026-07-21T18:02:06.792+0000] {processor.py:183} INFO - Processing /home/airflow/.local/lib/python3.8/site-packages/airflow/example_dags/example_python_decorator.py took 0.078 seconds
[2026-07-21T18:02:37.197+0000] {processor.py:161} INFO - Started process (PID=773) to work on /home/airflow/.local/lib/python3.8/site-packages/airflow/example_dags/example_python_decorator.py
[2026-07-21T18:02:37.198+0000] {processor.py:830} INFO - Processing file /home/airflow/.local/lib/python3.8/site-packages/airflow/example_dags/example_python_decorator.py for tasks to queue
[2026-07-21T18:02:37.200+0000] {logging_mixin.py:188} INFO - [2026-07-21T18:02:37.200+0000] {dagbag.py:538} INFO - Filling up the DagBag from /home/airflow/.local/lib/python3.8/site-packages/airflow/example_dags/example_python_decorator.py
[2026-07-21T18:02:37.213+0000] {processor.py:840} INFO - DAG(s) 'example_python_decorator' retrieved from /home/airflow/.local/lib/python3.8/site-packages/airflow/example_dags/example_python_decorator.py
[2026-07-21T18:02:37.235+0000] {logging_mixin.py:188} INFO - [2026-07-21T18:02:37.235+0000] {dag.py:3036} INFO - Sync 1 DAGs
[2026-07-21T18:02:37.247+0000] {logging_mixin.py:188} INFO - [2026-07-21T18:02:37.246+0000] {dag.py:3823} INFO - Setting next_dagrun for example_python_decorator to None, run_after=None
[2026-07-21T18:02:37.267+0000] {processor.py:183} INFO - Processing /home/airflow/.local/lib/python3.8/site-packages/airflow/example_dags/example_python_decorator.py took 0.073 seconds
[2026-07-21T18:03:07.465+0000] {processor.py:161} INFO - Started process (PID=829) to work on /home/airflow/.local/lib/python3.8/site-packages/airflow/example_dags/example_python_decorator.py
[2026-07-21T18:03:07.466+0000] {processor.py:830} INFO - Processing file /home/airflow/.local/lib/python3.8/site-packages/airflow/example_dags/example_python_decorator.py for tasks to queue
[2026-07-21T18:03:07.468+0000] {logging_mixin.py:188} INFO - [2026-07-21T18:03:07.468+0000] {dagbag.py:538} INFO - Filling up the DagBag from /home/airflow/.local/lib/python3.8/site-packages/airflow/example_dags/example_python_decorator.py
[2026-07-21T18:03:07.480+0000] {processor.py:840} INFO - DAG(s) 'example_python_decorator' retrieved from /home/airflow/.local/lib/python3.8/site-packages/airflow/example_dags/example_python_decorator.py
[2026-07-21T18:03:07.500+0000] {logging_mixin.py:188} INFO - [2026-07-21T18:03:07.500+0000] {dag.py:3036} INFO - Sync 1 DAGs
[2026-07-21T18:03:07.511+0000] {logging_mixin.py:188} INFO - [2026-07-21T18:03:07.511+0000] {dag.py:3823} INFO - Setting next_dagrun for example_python_decorator to None, run_after=None
[2026-07-21T18:03:07.530+0000] {processor.py:183} INFO - Processing /home/airflow/.local/lib/python3.8/site-packages/airflow/example_dags/example_python_decorator.py took 0.069 seconds
[2026-07-21T18:03:37.813+0000] {processor.py:161} INFO - Started process (PID=885) to work on /home/airflow/.local/lib/python3.8/site-packages/airflow/example_dags/example_python_decorator.py
[2026-07-21T18:03:37.814+0000] {processor.py:830} INFO - Processing file /home/airflow/.local/lib/python3.8/site-packages/airflow/example_dags/example_python_decorator.py for tasks to queue
[2026-07-21T18:03:37.816+0000] {logging_mixin.py:188} INFO - [2026-07-21T18:03:37.816+0000] {dagbag.py:538} INFO - Filling up the DagBag from /home/airflow/.local/lib/python3.8/site-packages/airflow/example_dags/example_python_decorator.py
[2026-07-21T18:03:37.829+0000] {processor.py:840} INFO - DAG(s) 'example_python_decorator' retrieved from /home/airflow/.local/lib/python3.8/site-packages/airflow/example_dags/example_python_decorator.py
[2026-07-21T18:03:37.849+0000] {logging_mixin.py:188} INFO - [2026-07-21T18:03:37.849+0000] {dag.py:3036} INFO - Sync 1 DAGs
[2026-07-21T18:03:37.860+0000] {logging_mixin.py:188} INFO - [2026-07-21T18:03:37.860+0000] {dag.py:3823} INFO - Setting next_dagrun for example_python_decorator to None, run_after=None
[2026-07-21T18:03:37.880+0000] {processor.py:183} INFO - Processing /home/airflow/.local/lib/python3.8/site-packages/airflow/example_dags/example_python_decorator.py took 0.070 seconds
[2026-07-21T18:04:08.266+0000] {processor.py:161} INFO - Started process (PID=941) to work on /home/airflow/.local/lib/python3.8/site-packages/airflow/example_dags/example_python_decorator.py
[2026-07-21T18:04:08.267+0000] {processor.py:830} INFO - Processing file /home/airflow/.local/lib/python3.8/site-packages/airflow/example_dags/example_python_decorator.py for tasks to queue
[2026-07-21T18:04:08.269+0000] {logging_mixin.py:188} INFO - [2026-07-21T18:04:08.269+0000] {dagbag.py:538} INFO - Filling up the DagBag from /home/airflow/.local/lib/python3.8/site-packages/airflow/example_dags/example_python_decorator.py
[2026-07-21T18:04:08.281+0000] {processor.py:840} INFO - DAG(s) 'example_python_decorator' retrieved from /home/airflow/.local/lib/python3.8/site-packages/airflow/example_dags/example_python_decorator.py
[2026-07-21T18:04:08.301+0000] {logging_mixin.py:188} INFO - [2026-07-21T18:04:08.301+0000] {dag.py:3036} INFO - Sync 1 DAGs
[2026-07-21T18:04:08.313+0000] {logging_mixin.py:188} INFO - [2026-07-21T18:04:08.313+0000] {dag.py:3823} INFO - Setting next_dagrun for example_python_decorator to None, run_after=None
[2026-07-21T18:04:08.331+0000] {processor.py:183} INFO - Processing /home/airflow/.local/lib/python3.8/site-packages/airflow/example_dags/example_python_decorator.py took 0.069 seconds
[2026-07-21T18:04:38.544+0000] {processor.py:161} INFO - Started process (PID=997) to work on /home/airflow/.local/lib/python3.8/site-packages/airflow/example_dags/example_python_decorator.py
[2026-07-21T18:04:38.545+0000] {processor.py:830} INFO - Processing file /home/airflow/.local/lib/python3.8/site-packages/airflow/example_dags/example_python_decorator.py for tasks to queue
[2026-07-21T18:04:38.547+0000] {logging_mixin.py:188} INFO - [2026-07-21T18:04:38.547+0000] {dagbag.py:538} INFO - Filling up the DagBag from /home/airflow/.local/lib/python3.8/site-packages/airflow/example_dags/example_python_decorator.py
[2026-07-21T18:04:38.559+0000] {processor.py:840} INFO - DAG(s) 'example_python_decorator' retrieved from /home/airflow/.local/lib/python3.8/site-packages/airflow/example_dags/example_python_decorator.py
[2026-07-21T18:04:38.580+0000] {logging_mixin.py:188} INFO - [2026-07-21T18:04:38.580+0000] {dag.py:3036} INFO - Sync 1 DAGs
[2026-07-21T18:04:38.591+0000] {logging_mixin.py:188} INFO - [2026-07-21T18:04:38.590+0000] {dag.py:3823} INFO - Setting next_dagrun for example_python_decorator to None, run_after=None
[2026-07-21T18:04:38.609+0000] {processor.py:183} INFO - Processing /home/airflow/.local/lib/python3.8/site-packages/airflow/example_dags/example_python_decorator.py took 0.069 seconds
[2026-07-21T18:05:08.939+0000] {processor.py:161} INFO - Started process (PID=1053) to work on /home/airflow/.local/lib/python3.8/site-packages/airflow/example_dags/example_python_decorator.py
[2026-07-21T18:05:08.940+0000] {processor.py:830} INFO - Processing file /home/airflow/.local/lib/python3.8/site-packages/airflow/example_dags/example_python_decorator.py for tasks to queue
[2026-07-21T18:05:08.943+0000] {logging_mixin.py:188} INFO - [2026-07-21T18:05:08.943+0000] {dagbag.py:538} INFO - Filling up the DagBag from /home/airflow/.local/lib/python3.8/site-packages/airflow/example_dags/example_python_decorator.py
[2026-07-21T18:05:08.960+0000] {processor.py:840} INFO - DAG(s) 'example_python_decorator' retrieved from /home/airflow/.local/lib/python3.8/site-packages/airflow/example_dags/example_python_decorator.py
[2026-07-21T18:05:08.988+0000] {logging_mixin.py:188} INFO - [2026-07-21T18:05:08.988+0000] {dag.py:3036} INFO - Sync 1 DAGs
[2026-07-21T18:05:09.001+0000] {logging_mixin.py:188} INFO - [2026-07-21T18:05:09.001+0000] {dag.py:3823} INFO - Setting next_dagrun for example_python_decorator to None, run_after=None
[2026-07-21T18:05:09.031+0000] {processor.py:183} INFO - Processing /home/airflow/.local/lib/python3.8/site-packages/airflow/example_dags/example_python_decorator.py took 0.099 seconds
[2026-07-21T18:05:39.604+0000] {processor.py:161} INFO - Started process (PID=1109) to work on /home/airflow/.local/lib/python3.8/site-packages/airflow/example_dags/example_python_decorator.py
[2026-07-21T18:05:39.605+0000] {processor.py:830} INFO - Processing file /home/airflow/.local/lib/python3.8/site-packages/airflow/example_dags/example_python_decorator.py for tasks to queue
[2026-07-21T18:05:39.606+0000] {logging_mixin.py:188} INFO - [2026-07-21T18:05:39.606+0000] {dagbag.py:538} INFO - Filling up the DagBag from /home/airflow/.local/lib/python3.8/site-packages/airflow/example_dags/example_python_decorator.py
[2026-07-21T18:05:39.619+0000] {processor.py:840} INFO - DAG(s) 'example_python_decorator' retrieved from /home/airflow/.local/lib/python3.8/site-packages/airflow/example_dags/example_python_decorator.py
[2026-07-21T18:05:39.642+0000] {logging_mixin.py:188} INFO - [2026-07-21T18:05:39.642+0000] {dag.py:3036} INFO - Sync 1 DAGs
[2026-07-21T18:05:39.654+0000] {logging_mixin.py:188} INFO - [2026-07-21T18:05:39.653+0000] {dag.py:3823} INFO - Setting next_dagrun for example_python_decorator to None, run_after=None
[2026-07-21T18:05:39.673+0000] {processor.py:183} INFO - Processing /home/airflow/.local/lib/python3.8/site-packages/airflow/example_dags/example_python_decorator.py took 0.073 seconds
[2026-07-21T18:06:10.163+0000] {processor.py:161} INFO - Started process (PID=1165) to work on /home/airflow/.local/lib/python3.8/site-packages/airflow/example_dags/example_python_decorator.py
[2026-07-21T18:06:10.164+0000] {processor.py:830} INFO - Processing file /home/airflow/.local/lib/python3.8/site-packages/airflow/example_dags/example_python_decorator.py for tasks to queue
[2026-07-21T18:06:10.167+0000] {logging_mixin.py:188} INFO - [2026-07-21T18:06:10.166+0000] {dagbag.py:538} INFO - Filling up the DagBag from /home/airflow/.local/lib/python3.8/site-packages/airflow/example_dags/example_python_decorator.py
[2026-07-21T18:06:10.179+0000] {processor.py:840} INFO - DAG(s) 'example_python_decorator' retrieved from /home/airflow/.local/lib/python3.8/site-packages/airflow/example_dags/example_python_decorator.py
[2026-07-21T18:06:10.202+0000] {logging_mixin.py:188} INFO - [2026-07-21T18:06:10.202+0000] {dag.py:3036} INFO - Sync 1 DAGs
[2026-07-21T18:06:10.214+0000] {logging_mixin.py:188} INFO - [2026-07-21T18:06:10.214+0000] {dag.py:3823} INFO - Setting next_dagrun for example_python_decorator to None, run_after=None
[2026-07-21T18:06:10.233+0000] {processor.py:183} INFO - Processing /home/airflow/.local/lib/python3.8/site-packages/airflow/example_dags/example_python_decorator.py took 0.073 seconds
[2026-07-21T18:06:40.609+0000] {processor.py:161} INFO - Started process (PID=1221) to work on /home/airflow/.local/lib/python3.8/site-packages/airflow/example_dags/example_python_decorator.py
[2026-07-21T18:06:40.611+0000] {processor.py:830} INFO - Processing file /home/airflow/.local/lib/python3.8/site-packages/airflow/example_dags/example_python_decorator.py for tasks to queue
[2026-07-21T18:06:40.612+0000] {logging_mixin.py:188} INFO - [2026-07-21T18:06:40.612+0000] {dagbag.py:538} INFO - Filling up the DagBag from /home/airflow/.local/lib/python3.8/site-packages/airflow/example_dags/example_python_decorator.py
[2026-07-21T18:06:40.625+0000] {processor.py:840} INFO - DAG(s) 'example_python_decorator' retrieved from /home/airflow/.local/lib/python3.8/site-packages/airflow/example_dags/example_python_decorator.py
[2026-07-21T18:06:40.647+0000] {logging_mixin.py:188} INFO - [2026-07-21T18:06:40.647+0000] {dag.py:3036} INFO - Sync 1 DAGs
[2026-07-21T18:06:40.658+0000] {logging_mixin.py:188} INFO - [2026-07-21T18:06:40.658+0000] {dag.py:3823} INFO - Setting next_dagrun for example_python_decorator to None, run_after=None
[2026-07-21T18:06:40.678+0000] {processor.py:183} INFO - Processing /home/airflow/.local/lib/python3.8/site-packages/airflow/example_dags/example_python_decorator.py took 0.072 seconds
[2026-07-21T18:07:10.907+0000] {processor.py:161} INFO - Started process (PID=1277) to work on /home/airflow/.local/lib/python3.8/site-packages/airflow/example_dags/example_python_decorator.py
[2026-07-21T18:07:10.910+0000] {processor.py:830} INFO - Processing file /home/airflow/.local/lib/python3.8/site-packages/airflow/example_dags/example_python_decorator.py for tasks to queue
[2026-07-21T18:07:10.915+0000] {logging_mixin.py:188} INFO - [2026-07-21T18:07:10.914+0000] {dagbag.py:538} INFO - Filling up the DagBag from /home/airflow/.local/lib/python3.8/site-packages/airflow/example_dags/example_python_decorator.py
[2026-07-21T18:07:10.945+0000] {processor.py:840} INFO - DAG(s) 'example_python_decorator' retrieved from /home/airflow/.local/lib/python3.8/site-packages/airflow/example_dags/example_python_decorator.py
[2026-07-21T18:07:10.987+0000] {logging_mixin.py:188} INFO - [2026-07-21T18:07:10.987+0000] {dag.py:3036} INFO - Sync 1 DAGs
[2026-07-21T18:07:11.016+0000] {logging_mixin.py:188} INFO - [2026-07-21T18:07:11.015+0000] {dag.py:3823} INFO - Setting next_dagrun for example_python_decorator to None, run_after=None
[2026-07-21T18:07:11.049+0000] {processor.py:183} INFO - Processing /home/airflow/.local/lib/python3.8/site-packages/airflow/example_dags/example_python_decorator.py took 0.151 seconds
[2026-07-21T18:09:14.357+0000] {processor.py:161} INFO - Started process (PID=134) to work on /home/airflow/.local/lib/python3.8/site-packages/airflow/example_dags/example_python_decorator.py
[2026-07-21T18:09:14.360+0000] {processor.py:830} INFO - Processing file /home/airflow/.local/lib/python3.8/site-packages/airflow/example_dags/example_python_decorator.py for tasks to queue
[2026-07-21T18:09:14.363+0000] {logging_mixin.py:188} INFO - [2026-07-21T18:09:14.363+0000] {dagbag.py:538} INFO - Filling up the DagBag from /home/airflow/.local/lib/python3.8/site-packages/airflow/example_dags/example_python_decorator.py
[2026-07-21T18:09:14.386+0000] {processor.py:840} INFO - DAG(s) 'example_python_decorator' retrieved from /home/airflow/.local/lib/python3.8/site-packages/airflow/example_dags/example_python_decorator.py
[2026-07-21T18:09:14.403+0000] {logging_mixin.py:188} INFO - [2026-07-21T18:09:14.403+0000] {dag.py:3036} INFO - Sync 1 DAGs
[2026-07-21T18:09:14.418+0000] {logging_mixin.py:188} INFO - [2026-07-21T18:09:14.418+0000] {dag.py:3823} INFO - Setting next_dagrun for example_python_decorator to None, run_after=None
[2026-07-21T18:09:14.443+0000] {processor.py:183} INFO - Processing /home/airflow/.local/lib/python3.8/site-packages/airflow/example_dags/example_python_decorator.py took 0.094 seconds
[2026-07-21T18:09:45.462+0000] {processor.py:161} INFO - Started process (PID=190) to work on /home/airflow/.local/lib/python3.8/site-packages/airflow/example_dags/example_python_decorator.py
[2026-07-21T18:09:45.464+0000] {processor.py:830} INFO - Processing file /home/airflow/.local/lib/python3.8/site-packages/airflow/example_dags/example_python_decorator.py for tasks to queue
[2026-07-21T18:09:45.466+0000] {logging_mixin.py:188} INFO - [2026-07-21T18:09:45.466+0000] {dagbag.py:538} INFO - Filling up the DagBag from /home/airflow/.local/lib/python3.8/site-packages/airflow/example_dags/example_python_decorator.py
[2026-07-21T18:09:45.481+0000] {processor.py:840} INFO - DAG(s) 'example_python_decorator' retrieved from /home/airflow/.local/lib/python3.8/site-packages/airflow/example_dags/example_python_decorator.py
[2026-07-21T18:09:45.589+0000] {logging_mixin.py:188} INFO - [2026-07-21T18:09:45.589+0000] {dag.py:3036} INFO - Sync 1 DAGs
[2026-07-21T18:09:45.599+0000] {logging_mixin.py:188} INFO - [2026-07-21T18:09:45.598+0000] {dag.py:3823} INFO - Setting next_dagrun for example_python_decorator to None, run_after=None
[2026-07-21T18:09:45.618+0000] {processor.py:183} INFO - Processing /home/airflow/.local/lib/python3.8/site-packages/airflow/example_dags/example_python_decorator.py took 0.160 seconds
[2026-07-21T18:10:15.708+0000] {processor.py:161} INFO - Started process (PID=246) to work on /home/airflow/.local/lib/python3.8/site-packages/airflow/example_dags/example_python_decorator.py
[2026-07-21T18:10:15.710+0000] {processor.py:830} INFO - Processing file /home/airflow/.local/lib/python3.8/site-packages/airflow/example_dags/example_python_decorator.py for tasks to queue
[2026-07-21T18:10:15.712+0000] {logging_mixin.py:188} INFO - [2026-07-21T18:10:15.711+0000] {dagbag.py:538} INFO - Filling up the DagBag from /home/airflow/.local/lib/python3.8/site-packages/airflow/example_dags/example_python_decorator.py
[2026-07-21T18:10:15.725+0000] {processor.py:840} INFO - DAG(s) 'example_python_decorator' retrieved from /home/airflow/.local/lib/python3.8/site-packages/airflow/example_dags/example_python_decorator.py
[2026-07-21T18:10:15.748+0000] {logging_mixin.py:188} INFO - [2026-07-21T18:10:15.748+0000] {dag.py:3036} INFO - Sync 1 DAGs
[2026-07-21T18:10:15.759+0000] {logging_mixin.py:188} INFO - [2026-07-21T18:10:15.759+0000] {dag.py:3823} INFO - Setting next_dagrun for example_python_decorator to None, run_after=None
[2026-07-21T18:10:15.778+0000] {processor.py:183} INFO - Processing /home/airflow/.local/lib/python3.8/site-packages/airflow/example_dags/example_python_decorator.py took 0.073 seconds
[2026-07-21T18:10:46.030+0000] {processor.py:161} INFO - Started process (PID=302) to work on /home/airflow/.local/lib/python3.8/site-packages/airflow/example_dags/example_python_decorator.py
[2026-07-21T18:10:46.031+0000] {processor.py:830} INFO - Processing file /home/airflow/.local/lib/python3.8/site-packages/airflow/example_dags/example_python_decorator.py for tasks to queue
[2026-07-21T18:10:46.033+0000] {logging_mixin.py:188} INFO - [2026-07-21T18:10:46.033+0000] {dagbag.py:538} INFO - Filling up the DagBag from /home/airflow/.local/lib/python3.8/site-packages/airflow/example_dags/example_python_decorator.py
[2026-07-21T18:10:46.048+0000] {processor.py:840} INFO - DAG(s) 'example_python_decorator' retrieved from /home/airflow/.local/lib/python3.8/site-packages/airflow/example_dags/example_python_decorator.py
[2026-07-21T18:10:46.071+0000] {logging_mixin.py:188} INFO - [2026-07-21T18:10:46.071+0000] {dag.py:3036} INFO - Sync 1 DAGs
[2026-07-21T18:10:46.084+0000] {logging_mixin.py:188} INFO - [2026-07-21T18:10:46.084+0000] {dag.py:3823} INFO - Setting next_dagrun for example_python_decorator to None, run_after=None
[2026-07-21T18:10:46.104+0000] {processor.py:183} INFO - Processing /home/airflow/.local/lib/python3.8/site-packages/airflow/example_dags/example_python_decorator.py took 0.078 seconds
[2026-07-21T18:11:16.559+0000] {processor.py:161} INFO - Started process (PID=358) to work on /home/airflow/.local/lib/python3.8/site-packages/airflow/example_dags/example_python_decorator.py
[2026-07-21T18:11:16.561+0000] {processor.py:830} INFO - Processing file /home/airflow/.local/lib/python3.8/site-packages/airflow/example_dags/example_python_decorator.py for tasks to queue
[2026-07-21T18:11:16.563+0000] {logging_mixin.py:188} INFO - [2026-07-21T18:11:16.563+0000] {dagbag.py:538} INFO - Filling up the DagBag from /home/airflow/.local/lib/python3.8/site-packages/airflow/example_dags/example_python_decorator.py
[2026-07-21T18:11:16.589+0000] {processor.py:840} INFO - DAG(s) 'example_python_decorator' retrieved from /home/airflow/.local/lib/python3.8/site-packages/airflow/example_dags/example_python_decorator.py
[2026-07-21T18:11:16.620+0000] {logging_mixin.py:188} INFO - [2026-07-21T18:11:16.620+0000] {dag.py:3036} INFO - Sync 1 DAGs
[2026-07-21T18:11:16.637+0000] {logging_mixin.py:188} INFO - [2026-07-21T18:11:16.637+0000] {dag.py:3823} INFO - Setting next_dagrun for example_python_decorator to None, run_after=None
[2026-07-21T18:11:16.668+0000] {processor.py:183} INFO - Processing /home/airflow/.local/lib/python3.8/site-packages/airflow/example_dags/example_python_decorator.py took 0.113 seconds
[2026-07-21T18:11:47.022+0000] {processor.py:161} INFO - Started process (PID=414) to work on /home/airflow/.local/lib/python3.8/site-packages/airflow/example_dags/example_python_decorator.py
[2026-07-21T18:11:47.024+0000] {processor.py:830} INFO - Processing file /home/airflow/.local/lib/python3.8/site-packages/airflow/example_dags/example_python_decorator.py for tasks to queue
[2026-07-21T18:11:47.026+0000] {logging_mixin.py:188} INFO - [2026-07-21T18:11:47.025+0000] {dagbag.py:538} INFO - Filling up the DagBag from /home/airflow/.local/lib/python3.8/site-packages/airflow/example_dags/example_python_decorator.py
[2026-07-21T18:11:47.040+0000] {processor.py:840} INFO - DAG(s) 'example_python_decorator' retrieved from /home/airflow/.local/lib/python3.8/site-packages/airflow/example_dags/example_python_decorator.py
[2026-07-21T18:11:47.065+0000] {logging_mixin.py:188} INFO - [2026-07-21T18:11:47.065+0000] {dag.py:3036} INFO - Sync 1 DAGs
[2026-07-21T18:11:47.078+0000] {logging_mixin.py:188} INFO - [2026-07-21T18:11:47.077+0000] {dag.py:3823} INFO - Setting next_dagrun for example_python_decorator to None, run_after=None
[2026-07-21T18:11:47.100+0000] {processor.py:183} INFO - Processing /home/airflow/.local/lib/python3.8/site-packages/airflow/example_dags/example_python_decorator.py took 0.082 seconds
[2026-07-21T18:12:17.844+0000] {processor.py:161} INFO - Started process (PID=470) to work on /home/airflow/.local/lib/python3.8/site-packages/airflow/example_dags/example_python_decorator.py
[2026-07-21T18:12:17.845+0000] {processor.py:830} INFO - Processing file /home/airflow/.local/lib/python3.8/site-packages/airflow/example_dags/example_python_decorator.py for tasks to queue
[2026-07-21T18:12:17.847+0000] {logging_mixin.py:188} INFO - [2026-07-21T18:12:17.847+0000] {dagbag.py:538} INFO - Filling up the DagBag from /home/airflow/.local/lib/python3.8/site-packages/airflow/example_dags/example_python_decorator.py
[2026-07-21T18:12:17.861+0000] {processor.py:840} INFO - DAG(s) 'example_python_decorator' retrieved from /home/airflow/.local/lib/python3.8/site-packages/airflow/example_dags/example_python_decorator.py
[2026-07-21T18:12:17.887+0000] {logging_mixin.py:188} INFO - [2026-07-21T18:12:17.887+0000] {dag.py:3036} INFO - Sync 1 DAGs
[2026-07-21T18:12:17.901+0000] {logging_mixin.py:188} INFO - [2026-07-21T18:12:17.900+0000] {dag.py:3823} INFO - Setting next_dagrun for example_python_decorator to None, run_after=None
[2026-07-21T18:12:17.920+0000] {processor.py:183} INFO - Processing /home/airflow/.local/lib/python3.8/site-packages/airflow/example_dags/example_python_decorator.py took 0.080 seconds
[2026-07-21T18:12:48.524+0000] {processor.py:161} INFO - Started process (PID=526) to work on /home/airflow/.local/lib/python3.8/site-packages/airflow/example_dags/example_python_decorator.py
[2026-07-21T18:12:48.526+0000] {processor.py:830} INFO - Processing file /home/airflow/.local/lib/python3.8/site-packages/airflow/example_dags/example_python_decorator.py for tasks to queue
[2026-07-21T18:12:48.528+0000] {logging_mixin.py:188} INFO - [2026-07-21T18:12:48.528+0000] {dagbag.py:538} INFO - Filling up the DagBag from /home/airflow/.local/lib/python3.8/site-packages/airflow/example_dags/example_python_decorator.py
[2026-07-21T18:12:48.544+0000] {processor.py:840} INFO - DAG(s) 'example_python_decorator' retrieved from /home/airflow/.local/lib/python3.8/site-packages/airflow/example_dags/example_python_decorator.py
[2026-07-21T18:12:48.567+0000] {logging_mixin.py:188} INFO - [2026-07-21T18:12:48.567+0000] {dag.py:3036} INFO - Sync 1 DAGs
[2026-07-21T18:12:48.579+0000] {logging_mixin.py:188} INFO - [2026-07-21T18:12:48.578+0000] {dag.py:3823} INFO - Setting next_dagrun for example_python_decorator to None, run_after=None
[2026-07-21T18:12:48.598+0000] {processor.py:183} INFO - Processing /home/airflow/.local/lib/python3.8/site-packages/airflow/example_dags/example_python_decorator.py took 0.078 seconds
[2026-07-21T18:13:19.510+0000] {processor.py:161} INFO - Started process (PID=582) to work on /home/airflow/.local/lib/python3.8/site-packages/airflow/example_dags/example_python_decorator.py
[2026-07-21T18:13:19.512+0000] {processor.py:830} INFO - Processing file /home/airflow/.local/lib/python3.8/site-packages/airflow/example_dags/example_python_decorator.py for tasks to queue
[2026-07-21T18:13:19.515+0000] {logging_mixin.py:188} INFO - [2026-07-21T18:13:19.514+0000] {dagbag.py:538} INFO - Filling up the DagBag from /home/airflow/.local/lib/python3.8/site-packages/airflow/example_dags/example_python_decorator.py
[2026-07-21T18:13:19.529+0000] {processor.py:840} INFO - DAG(s) 'example_python_decorator' retrieved from /home/airflow/.local/lib/python3.8/site-packages/airflow/example_dags/example_python_decorator.py
[2026-07-21T18:13:19.554+0000] {logging_mixin.py:188} INFO - [2026-07-21T18:13:19.554+0000] {dag.py:3036} INFO - Sync 1 DAGs
[2026-07-21T18:13:19.567+0000] {logging_mixin.py:188} INFO - [2026-07-21T18:13:19.567+0000] {dag.py:3823} INFO - Setting next_dagrun for example_python_decorator to None, run_after=None
[2026-07-21T18:13:19.588+0000] {processor.py:183} INFO - Processing /home/airflow/.local/lib/python3.8/site-packages/airflow/example_dags/example_python_decorator.py took 0.083 seconds
[2026-07-21T18:13:49.839+0000] {processor.py:161} INFO - Started process (PID=638) to work on /home/airflow/.local/lib/python3.8/site-packages/airflow/example_dags/example_python_decorator.py
[2026-07-21T18:13:49.840+0000] {processor.py:830} INFO - Processing file /home/airflow/.local/lib/python3.8/site-packages/airflow/example_dags/example_python_decorator.py for tasks to queue
[2026-07-21T18:13:49.843+0000] {logging_mixin.py:188} INFO - [2026-07-21T18:13:49.842+0000] {dagbag.py:538} INFO - Filling up the DagBag from /home/airflow/.local/lib/python3.8/site-packages/airflow/example_dags/example_python_decorator.py
[2026-07-21T18:13:49.856+0000] {processor.py:840} INFO - DAG(s) 'example_python_decorator' retrieved from /home/airflow/.local/lib/python3.8/site-packages/airflow/example_dags/example_python_decorator.py
[2026-07-21T18:13:49.879+0000] {logging_mixin.py:188} INFO - [2026-07-21T18:13:49.879+0000] {dag.py:3036} INFO - Sync 1 DAGs
[2026-07-21T18:13:49.891+0000] {logging_mixin.py:188} INFO - [2026-07-21T18:13:49.890+0000] {dag.py:3823} INFO - Setting next_dagrun for example_python_decorator to None, run_after=None
[2026-07-21T18:13:49.910+0000] {processor.py:183} INFO - Processing /home/airflow/.local/lib/python3.8/site-packages/airflow/example_dags/example_python_decorator.py took 0.075 seconds
[2026-07-21T18:14:20.740+0000] {processor.py:161} INFO - Started process (PID=694) to work on /home/airflow/.local/lib/python3.8/site-packages/airflow/example_dags/example_python_decorator.py
[2026-07-21T18:14:20.742+0000] {processor.py:830} INFO - Processing file /home/airflow/.local/lib/python3.8/site-packages/airflow/example_dags/example_python_decorator.py for tasks to queue
[2026-07-21T18:14:20.744+0000] {logging_mixin.py:188} INFO - [2026-07-21T18:14:20.744+0000] {dagbag.py:538} INFO - Filling up the DagBag from /home/airflow/.local/lib/python3.8/site-packages/airflow/example_dags/example_python_decorator.py
[2026-07-21T18:14:20.758+0000] {processor.py:840} INFO - DAG(s) 'example_python_decorator' retrieved from /home/airflow/.local/lib/python3.8/site-packages/airflow/example_dags/example_python_decorator.py
[2026-07-21T18:14:20.781+0000] {logging_mixin.py:188} INFO - [2026-07-21T18:14:20.780+0000] {dag.py:3036} INFO - Sync 1 DAGs
[2026-07-21T18:14:20.792+0000] {logging_mixin.py:188} INFO - [2026-07-21T18:14:20.792+0000] {dag.py:3823} INFO - Setting next_dagrun for example_python_decorator to None, run_after=None
[2026-07-21T18:14:20.811+0000] {processor.py:183} INFO - Processing /home/airflow/.local/lib/python3.8/site-packages/airflow/example_dags/example_python_decorator.py took 0.074 seconds
[2026-07-21T18:14:51.710+0000] {processor.py:161} INFO - Started process (PID=751) to work on /home/airflow/.local/lib/python3.8/site-packages/airflow/example_dags/example_python_decorator.py
[2026-07-21T18:14:51.712+0000] {processor.py:830} INFO - Processing file /home/airflow/.local/lib/python3.8/site-packages/airflow/example_dags/example_python_decorator.py for tasks to queue
[2026-07-21T18:14:51.714+0000] {logging_mixin.py:188} INFO - [2026-07-21T18:14:51.713+0000] {dagbag.py:538} INFO - Filling up the DagBag from /home/airflow/.local/lib/python3.8/site-packages/airflow/example_dags/example_python_decorator.py
[2026-07-21T18:14:51.727+0000] {processor.py:840} INFO - DAG(s) 'example_python_decorator' retrieved from /home/airflow/.local/lib/python3.8/site-packages/airflow/example_dags/example_python_decorator.py
[2026-07-21T18:14:51.750+0000] {logging_mixin.py:188} INFO - [2026-07-21T18:14:51.749+0000] {dag.py:3036} INFO - Sync 1 DAGs
[2026-07-21T18:14:51.762+0000] {logging_mixin.py:188} INFO - [2026-07-21T18:14:51.762+0000] {dag.py:3823} INFO - Setting next_dagrun for example_python_decorator to None, run_after=None
[2026-07-21T18:14:51.783+0000] {processor.py:183} INFO - Processing /home/airflow/.local/lib/python3.8/site-packages/airflow/example_dags/example_python_decorator.py took 0.077 seconds
[2026-07-21T18:15:22.604+0000] {processor.py:161} INFO - Started process (PID=807) to work on /home/airflow/.local/lib/python3.8/site-packages/airflow/example_dags/example_python_decorator.py
[2026-07-21T18:15:22.606+0000] {processor.py:830} INFO - Processing file /home/airflow/.local/lib/python3.8/site-packages/airflow/example_dags/example_python_decorator.py for tasks to queue
[2026-07-21T18:15:22.608+0000] {logging_mixin.py:188} INFO - [2026-07-21T18:15:22.608+0000] {dagbag.py:538} INFO - Filling up the DagBag from /home/airflow/.local/lib/python3.8/site-packages/airflow/example_dags/example_python_decorator.py
[2026-07-21T18:15:22.622+0000] {processor.py:840} INFO - DAG(s) 'example_python_decorator' retrieved from /home/airflow/.local/lib/python3.8/site-packages/airflow/example_dags/example_python_decorator.py
[2026-07-21T18:15:22.645+0000] {logging_mixin.py:188} INFO - [2026-07-21T18:15:22.645+0000] {dag.py:3036} INFO - Sync 1 DAGs
[2026-07-21T18:15:22.657+0000] {logging_mixin.py:188} INFO - [2026-07-21T18:15:22.656+0000] {dag.py:3823} INFO - Setting next_dagrun for example_python_decorator to None, run_after=None
[2026-07-21T18:15:22.677+0000] {processor.py:183} INFO - Processing /home/airflow/.local/lib/python3.8/site-packages/airflow/example_dags/example_python_decorator.py took 0.076 seconds
[2026-07-21T18:15:53.379+0000] {processor.py:161} INFO - Started process (PID=863) to work on /home/airflow/.local/lib/python3.8/site-packages/airflow/example_dags/example_python_decorator.py
[2026-07-21T18:15:53.381+0000] {processor.py:830} INFO - Processing file /home/airflow/.local/lib/python3.8/site-packages/airflow/example_dags/example_python_decorator.py for tasks to queue
[2026-07-21T18:15:53.383+0000] {logging_mixin.py:188} INFO - [2026-07-21T18:15:53.383+0000] {dagbag.py:538} INFO - Filling up the DagBag from /home/airflow/.local/lib/python3.8/site-packages/airflow/example_dags/example_python_decorator.py
[2026-07-21T18:15:53.399+0000] {processor.py:840} INFO - DAG(s) 'example_python_decorator' retrieved from /home/airflow/.local/lib/python3.8/site-packages/airflow/example_dags/example_python_decorator.py
[2026-07-21T18:15:53.424+0000] {logging_mixin.py:188} INFO - [2026-07-21T18:15:53.423+0000] {dag.py:3036} INFO - Sync 1 DAGs
[2026-07-21T18:15:53.437+0000] {logging_mixin.py:188} INFO - [2026-07-21T18:15:53.437+0000] {dag.py:3823} INFO - Setting next_dagrun for example_python_decorator to None, run_after=None
[2026-07-21T18:15:53.456+0000] {processor.py:183} INFO - Processing /home/airflow/.local/lib/python3.8/site-packages/airflow/example_dags/example_python_decorator.py took 0.081 seconds
[2026-07-21T18:16:24.339+0000] {processor.py:161} INFO - Started process (PID=919) to work on /home/airflow/.local/lib/python3.8/site-packages/airflow/example_dags/example_python_decorator.py
[2026-07-21T18:16:24.340+0000] {processor.py:830} INFO - Processing file /home/airflow/.local/lib/python3.8/site-packages/airflow/example_dags/example_python_decorator.py for tasks to queue
[2026-07-21T18:16:24.342+0000] {logging_mixin.py:188} INFO - [2026-07-21T18:16:24.342+0000] {dagbag.py:538} INFO - Filling up the DagBag from /home/airflow/.local/lib/python3.8/site-packages/airflow/example_dags/example_python_decorator.py
[2026-07-21T18:16:24.357+0000] {processor.py:840} INFO - DAG(s) 'example_python_decorator' retrieved from /home/airflow/.local/lib/python3.8/site-packages/airflow/example_dags/example_python_decorator.py
[2026-07-21T18:16:24.381+0000] {logging_mixin.py:188} INFO - [2026-07-21T18:16:24.381+0000] {dag.py:3036} INFO - Sync 1 DAGs
[2026-07-21T18:16:24.392+0000] {logging_mixin.py:188} INFO - [2026-07-21T18:16:24.392+0000] {dag.py:3823} INFO - Setting next_dagrun for example_python_decorator to None, run_after=None
[2026-07-21T18:16:24.411+0000] {processor.py:183} INFO - Processing /home/airflow/.local/lib/python3.8/site-packages/airflow/example_dags/example_python_decorator.py took 0.075 seconds
[2026-07-21T18:16:54.470+0000] {processor.py:161} INFO - Started process (PID=975) to work on /home/airflow/.local/lib/python3.8/site-packages/airflow/example_dags/example_python_decorator.py
[2026-07-21T18:16:54.471+0000] {processor.py:830} INFO - Processing file /home/airflow/.local/lib/python3.8/site-packages/airflow/example_dags/example_python_decorator.py for tasks to queue
[2026-07-21T18:16:54.473+0000] {logging_mixin.py:188} INFO - [2026-07-21T18:16:54.473+0000] {dagbag.py:538} INFO - Filling up the DagBag from /home/airflow/.local/lib/python3.8/site-packages/airflow/example_dags/example_python_decorator.py
[2026-07-21T18:16:54.486+0000] {processor.py:840} INFO - DAG(s) 'example_python_decorator' retrieved from /home/airflow/.local/lib/python3.8/site-packages/airflow/example_dags/example_python_decorator.py
[2026-07-21T18:16:54.508+0000] {logging_mixin.py:188} INFO - [2026-07-21T18:16:54.508+0000] {dag.py:3036} INFO - Sync 1 DAGs
[2026-07-21T18:16:54.521+0000] {logging_mixin.py:188} INFO - [2026-07-21T18:16:54.521+0000] {dag.py:3823} INFO - Setting next_dagrun for example_python_decorator to None, run_after=None
[2026-07-21T18:16:54.539+0000] {processor.py:183} INFO - Processing /home/airflow/.local/lib/python3.8/site-packages/airflow/example_dags/example_python_decorator.py took 0.074 seconds
[2026-07-21T18:17:24.598+0000] {processor.py:161} INFO - Started process (PID=1031) to work on /home/airflow/.local/lib/python3.8/site-packages/airflow/example_dags/example_python_decorator.py
[2026-07-21T18:17:24.600+0000] {processor.py:830} INFO - Processing file /home/airflow/.local/lib/python3.8/site-packages/airflow/example_dags/example_python_decorator.py for tasks to queue
[2026-07-21T18:17:24.602+0000] {logging_mixin.py:188} INFO - [2026-07-21T18:17:24.602+0000] {dagbag.py:538} INFO - Filling up the DagBag from /home/airflow/.local/lib/python3.8/site-packages/airflow/example_dags/example_python_decorator.py
[2026-07-21T18:17:24.617+0000] {processor.py:840} INFO - DAG(s) 'example_python_decorator' retrieved from /home/airflow/.local/lib/python3.8/site-packages/airflow/example_dags/example_python_decorator.py
[2026-07-21T18:17:24.641+0000] {logging_mixin.py:188} INFO - [2026-07-21T18:17:24.641+0000] {dag.py:3036} INFO - Sync 1 DAGs
[2026-07-21T18:17:24.653+0000] {logging_mixin.py:188} INFO - [2026-07-21T18:17:24.653+0000] {dag.py:3823} INFO - Setting next_dagrun for example_python_decorator to None, run_after=None
[2026-07-21T18:17:24.674+0000] {processor.py:183} INFO - Processing /home/airflow/.local/lib/python3.8/site-packages/airflow/example_dags/example_python_decorator.py took 0.080 seconds
[2026-07-21T18:17:55.700+0000] {processor.py:161} INFO - Started process (PID=1087) to work on /home/airflow/.local/lib/python3.8/site-packages/airflow/example_dags/example_python_decorator.py
[2026-07-21T18:17:55.702+0000] {processor.py:830} INFO - Processing file /home/airflow/.local/lib/python3.8/site-packages/airflow/example_dags/example_python_decorator.py for tasks to queue
[2026-07-21T18:17:55.703+0000] {logging_mixin.py:188} INFO - [2026-07-21T18:17:55.703+0000] {dagbag.py:538} INFO - Filling up the DagBag from /home/airflow/.local/lib/python3.8/site-packages/airflow/example_dags/example_python_decorator.py
[2026-07-21T18:17:55.717+0000] {processor.py:840} INFO - DAG(s) 'example_python_decorator' retrieved from /home/airflow/.local/lib/python3.8/site-packages/airflow/example_dags/example_python_decorator.py
[2026-07-21T18:17:55.743+0000] {logging_mixin.py:188} INFO - [2026-07-21T18:17:55.743+0000] {dag.py:3036} INFO - Sync 1 DAGs
[2026-07-21T18:17:55.756+0000] {logging_mixin.py:188} INFO - [2026-07-21T18:17:55.756+0000] {dag.py:3823} INFO - Setting next_dagrun for example_python_decorator to None, run_after=None
[2026-07-21T18:17:55.775+0000] {processor.py:183} INFO - Processing /home/airflow/.local/lib/python3.8/site-packages/airflow/example_dags/example_python_decorator.py took 0.078 seconds
[2026-07-21T18:18:26.577+0000] {processor.py:161} INFO - Started process (PID=1143) to work on /home/airflow/.local/lib/python3.8/site-packages/airflow/example_dags/example_python_decorator.py
[2026-07-21T18:18:26.578+0000] {processor.py:830} INFO - Processing file /home/airflow/.local/lib/python3.8/site-packages/airflow/example_dags/example_python_decorator.py for tasks to queue
[2026-07-21T18:18:26.580+0000] {logging_mixin.py:188} INFO - [2026-07-21T18:18:26.580+0000] {dagbag.py:538} INFO - Filling up the DagBag from /home/airflow/.local/lib/python3.8/site-packages/airflow/example_dags/example_python_decorator.py
[2026-07-21T18:18:26.593+0000] {processor.py:840} INFO - DAG(s) 'example_python_decorator' retrieved from /home/airflow/.local/lib/python3.8/site-packages/airflow/example_dags/example_python_decorator.py
[2026-07-21T18:18:26.616+0000] {logging_mixin.py:188} INFO - [2026-07-21T18:18:26.615+0000] {dag.py:3036} INFO - Sync 1 DAGs
[2026-07-21T18:18:26.627+0000] {logging_mixin.py:188} INFO - [2026-07-21T18:18:26.627+0000] {dag.py:3823} INFO - Setting next_dagrun for example_python_decorator to None, run_after=None
[2026-07-21T18:18:26.646+0000] {processor.py:183} INFO - Processing /home/airflow/.local/lib/python3.8/site-packages/airflow/example_dags/example_python_decorator.py took 0.073 seconds
[2026-07-21T18:18:57.516+0000] {processor.py:161} INFO - Started process (PID=1199) to work on /home/airflow/.local/lib/python3.8/site-packages/airflow/example_dags/example_python_decorator.py
[2026-07-21T18:18:57.517+0000] {processor.py:830} INFO - Processing file /home/airflow/.local/lib/python3.8/site-packages/airflow/example_dags/example_python_decorator.py for tasks to queue
[2026-07-21T18:18:57.519+0000] {logging_mixin.py:188} INFO - [2026-07-21T18:18:57.519+0000] {dagbag.py:538} INFO - Filling up the DagBag from /home/airflow/.local/lib/python3.8/site-packages/airflow/example_dags/example_python_decorator.py
[2026-07-21T18:18:57.533+0000] {processor.py:840} INFO - DAG(s) 'example_python_decorator' retrieved from /home/airflow/.local/lib/python3.8/site-packages/airflow/example_dags/example_python_decorator.py
[2026-07-21T18:18:57.557+0000] {logging_mixin.py:188} INFO - [2026-07-21T18:18:57.556+0000] {dag.py:3036} INFO - Sync 1 DAGs
[2026-07-21T18:18:57.569+0000] {logging_mixin.py:188} INFO - [2026-07-21T18:18:57.569+0000] {dag.py:3823} INFO - Setting next_dagrun for example_python_decorator to None, run_after=None
[2026-07-21T18:18:57.588+0000] {processor.py:183} INFO - Processing /home/airflow/.local/lib/python3.8/site-packages/airflow/example_dags/example_python_decorator.py took 0.076 seconds
[2026-07-21T18:19:27.960+0000] {processor.py:161} INFO - Started process (PID=1255) to work on /home/airflow/.local/lib/python3.8/site-packages/airflow/example_dags/example_python_decorator.py
[2026-07-21T18:19:27.961+0000] {processor.py:830} INFO - Processing file /home/airflow/.local/lib/python3.8/site-packages/airflow/example_dags/example_python_decorator.py for tasks to queue
[2026-07-21T18:19:27.963+0000] {logging_mixin.py:188} INFO - [2026-07-21T18:19:27.963+0000] {dagbag.py:538} INFO - Filling up the DagBag from /home/airflow/.local/lib/python3.8/site-packages/airflow/example_dags/example_python_decorator.py
[2026-07-21T18:19:27.975+0000] {processor.py:840} INFO - DAG(s) 'example_python_decorator' retrieved from /home/airflow/.local/lib/python3.8/site-packages/airflow/example_dags/example_python_decorator.py
[2026-07-21T18:19:27.997+0000] {logging_mixin.py:188} INFO - [2026-07-21T18:19:27.997+0000] {dag.py:3036} INFO - Sync 1 DAGs
[2026-07-21T18:19:28.009+0000] {logging_mixin.py:188} INFO - [2026-07-21T18:19:28.009+0000] {dag.py:3823} INFO - Setting next_dagrun for example_python_decorator to None, run_after=None
[2026-07-21T18:19:28.027+0000] {processor.py:183} INFO - Processing /home/airflow/.local/lib/python3.8/site-packages/airflow/example_dags/example_python_decorator.py took 0.072 seconds
[2026-07-21T18:19:58.619+0000] {processor.py:161} INFO - Started process (PID=1311) to work on /home/airflow/.local/lib/python3.8/site-packages/airflow/example_dags/example_python_decorator.py
[2026-07-21T18:19:58.620+0000] {processor.py:830} INFO - Processing file /home/airflow/.local/lib/python3.8/site-packages/airflow/example_dags/example_python_decorator.py for tasks to queue
[2026-07-21T18:19:58.622+0000] {logging_mixin.py:188} INFO - [2026-07-21T18:19:58.622+0000] {dagbag.py:538} INFO - Filling up the DagBag from /home/airflow/.local/lib/python3.8/site-packages/airflow/example_dags/example_python_decorator.py
[2026-07-21T18:19:58.635+0000] {processor.py:840} INFO - DAG(s) 'example_python_decorator' retrieved from /home/airflow/.local/lib/python3.8/site-packages/airflow/example_dags/example_python_decorator.py
[2026-07-21T18:19:58.658+0000] {logging_mixin.py:188} INFO - [2026-07-21T18:19:58.658+0000] {dag.py:3036} INFO - Sync 1 DAGs
[2026-07-21T18:19:58.670+0000] {logging_mixin.py:188} INFO - [2026-07-21T18:19:58.669+0000] {dag.py:3823} INFO - Setting next_dagrun for example_python_decorator to None, run_after=None
[2026-07-21T18:19:58.688+0000] {processor.py:183} INFO - Processing /home/airflow/.local/lib/python3.8/site-packages/airflow/example_dags/example_python_decorator.py took 0.073 seconds
[2026-07-21T18:20:29.294+0000] {processor.py:161} INFO - Started process (PID=1367) to work on /home/airflow/.local/lib/python3.8/site-packages/airflow/example_dags/example_python_decorator.py
[2026-07-21T18:20:29.295+0000] {processor.py:830} INFO - Processing file /home/airflow/.local/lib/python3.8/site-packages/airflow/example_dags/example_python_decorator.py for tasks to queue
[2026-07-21T18:20:29.297+0000] {logging_mixin.py:188} INFO - [2026-07-21T18:20:29.297+0000] {dagbag.py:538} INFO - Filling up the DagBag from /home/airflow/.local/lib/python3.8/site-packages/airflow/example_dags/example_python_decorator.py
[2026-07-21T18:20:29.310+0000] {processor.py:840} INFO - DAG(s) 'example_python_decorator' retrieved from /home/airflow/.local/lib/python3.8/site-packages/airflow/example_dags/example_python_decorator.py
[2026-07-21T18:20:29.333+0000] {logging_mixin.py:188} INFO - [2026-07-21T18:20:29.332+0000] {dag.py:3036} INFO - Sync 1 DAGs
[2026-07-21T18:20:29.344+0000] {logging_mixin.py:188} INFO - [2026-07-21T18:20:29.344+0000] {dag.py:3823} INFO - Setting next_dagrun for example_python_decorator to None, run_after=None
[2026-07-21T18:20:29.363+0000] {processor.py:183} INFO - Processing /home/airflow/.local/lib/python3.8/site-packages/airflow/example_dags/example_python_decorator.py took 0.074 seconds
[2026-07-21T18:20:59.503+0000] {processor.py:161} INFO - Started process (PID=1423) to work on /home/airflow/.local/lib/python3.8/site-packages/airflow/example_dags/example_python_decorator.py
[2026-07-21T18:20:59.505+0000] {processor.py:830} INFO - Processing file /home/airflow/.local/lib/python3.8/site-packages/airflow/example_dags/example_python_decorator.py for tasks to queue
[2026-07-21T18:20:59.509+0000] {logging_mixin.py:188} INFO - [2026-07-21T18:20:59.508+0000] {dagbag.py:538} INFO - Filling up the DagBag from /home/airflow/.local/lib/python3.8/site-packages/airflow/example_dags/example_python_decorator.py
[2026-07-21T18:20:59.531+0000] {processor.py:840} INFO - DAG(s) 'example_python_decorator' retrieved from /home/airflow/.local/lib/python3.8/site-packages/airflow/example_dags/example_python_decorator.py
[2026-07-21T18:20:59.567+0000] {logging_mixin.py:188} INFO - [2026-07-21T18:20:59.566+0000] {dag.py:3036} INFO - Sync 1 DAGs
[2026-07-21T18:20:59.583+0000] {logging_mixin.py:188} INFO - [2026-07-21T18:20:59.583+0000] {dag.py:3823} INFO - Setting next_dagrun for example_python_decorator to None, run_after=None
[2026-07-21T18:20:59.606+0000] {processor.py:183} INFO - Processing /home/airflow/.local/lib/python3.8/site-packages/airflow/example_dags/example_python_decorator.py took 0.108 seconds
[2026-07-21T18:21:31.960+0000] {processor.py:161} INFO - Started process (PID=1479) to work on /home/airflow/.local/lib/python3.8/site-packages/airflow/example_dags/example_python_decorator.py
[2026-07-21T18:21:31.961+0000] {processor.py:830} INFO - Processing file /home/airflow/.local/lib/python3.8/site-packages/airflow/example_dags/example_python_decorator.py for tasks to queue
[2026-07-21T18:21:31.964+0000] {logging_mixin.py:188} INFO - [2026-07-21T18:21:31.963+0000] {dagbag.py:538} INFO - Filling up the DagBag from /home/airflow/.local/lib/python3.8/site-packages/airflow/example_dags/example_python_decorator.py
[2026-07-21T18:21:31.977+0000] {processor.py:840} INFO - DAG(s) 'example_python_decorator' retrieved from /home/airflow/.local/lib/python3.8/site-packages/airflow/example_dags/example_python_decorator.py
[2026-07-21T18:21:32.002+0000] {logging_mixin.py:188} INFO - [2026-07-21T18:21:32.002+0000] {dag.py:3036} INFO - Sync 1 DAGs
[2026-07-21T18:21:32.014+0000] {logging_mixin.py:188} INFO - [2026-07-21T18:21:32.013+0000] {dag.py:3823} INFO - Setting next_dagrun for example_python_decorator to None, run_after=None
[2026-07-21T18:21:32.033+0000] {processor.py:183} INFO - Processing /home/airflow/.local/lib/python3.8/site-packages/airflow/example_dags/example_python_decorator.py took 0.077 seconds
[2026-07-21T18:22:02.625+0000] {processor.py:161} INFO - Started process (PID=1535) to work on /home/airflow/.local/lib/python3.8/site-packages/airflow/example_dags/example_python_decorator.py
[2026-07-21T18:22:02.626+0000] {processor.py:830} INFO - Processing file /home/airflow/.local/lib/python3.8/site-packages/airflow/example_dags/example_python_decorator.py for tasks to queue
[2026-07-21T18:22:02.628+0000] {logging_mixin.py:188} INFO - [2026-07-21T18:22:02.628+0000] {dagbag.py:538} INFO - Filling up the DagBag from /home/airflow/.local/lib/python3.8/site-packages/airflow/example_dags/example_python_decorator.py
[2026-07-21T18:22:02.642+0000] {processor.py:840} INFO - DAG(s) 'example_python_decorator' retrieved from /home/airflow/.local/lib/python3.8/site-packages/airflow/example_dags/example_python_decorator.py
[2026-07-21T18:22:02.663+0000] {logging_mixin.py:188} INFO - [2026-07-21T18:22:02.662+0000] {dag.py:3036} INFO - Sync 1 DAGs
[2026-07-21T18:22:02.675+0000] {logging_mixin.py:188} INFO - [2026-07-21T18:22:02.675+0000] {dag.py:3823} INFO - Setting next_dagrun for example_python_decorator to None, run_after=None
[2026-07-21T18:22:02.850+0000] {processor.py:183} INFO - Processing /home/airflow/.local/lib/python3.8/site-packages/airflow/example_dags/example_python_decorator.py took 0.228 seconds
[2026-07-21T18:22:32.926+0000] {processor.py:161} INFO - Started process (PID=1591) to work on /home/airflow/.local/lib/python3.8/site-packages/airflow/example_dags/example_python_decorator.py
[2026-07-21T18:22:32.927+0000] {processor.py:830} INFO - Processing file /home/airflow/.local/lib/python3.8/site-packages/airflow/example_dags/example_python_decorator.py for tasks to queue
[2026-07-21T18:22:32.929+0000] {logging_mixin.py:188} INFO - [2026-07-21T18:22:32.929+0000] {dagbag.py:538} INFO - Filling up the DagBag from /home/airflow/.local/lib/python3.8/site-packages/airflow/example_dags/example_python_decorator.py
[2026-07-21T18:22:32.942+0000] {processor.py:840} INFO - DAG(s) 'example_python_decorator' retrieved from /home/airflow/.local/lib/python3.8/site-packages/airflow/example_dags/example_python_decorator.py
[2026-07-21T18:22:32.963+0000] {logging_mixin.py:188} INFO - [2026-07-21T18:22:32.963+0000] {dag.py:3036} INFO - Sync 1 DAGs
[2026-07-21T18:22:32.975+0000] {logging_mixin.py:188} INFO - [2026-07-21T18:22:32.975+0000] {dag.py:3823} INFO - Setting next_dagrun for example_python_decorator to None, run_after=None
[2026-07-21T18:22:32.994+0000] {processor.py:183} INFO - Processing /home/airflow/.local/lib/python3.8/site-packages/airflow/example_dags/example_python_decorator.py took 0.072 seconds
[2026-07-21T18:23:03.134+0000] {processor.py:161} INFO - Started process (PID=1646) to work on /home/airflow/.local/lib/python3.8/site-packages/airflow/example_dags/example_python_decorator.py
[2026-07-21T18:23:03.135+0000] {processor.py:830} INFO - Processing file /home/airflow/.local/lib/python3.8/site-packages/airflow/example_dags/example_python_decorator.py for tasks to queue
[2026-07-21T18:23:03.137+0000] {logging_mixin.py:188} INFO - [2026-07-21T18:23:03.136+0000] {dagbag.py:538} INFO - Filling up the DagBag from /home/airflow/.local/lib/python3.8/site-packages/airflow/example_dags/example_python_decorator.py
[2026-07-21T18:23:03.150+0000] {processor.py:840} INFO - DAG(s) 'example_python_decorator' retrieved from /home/airflow/.local/lib/python3.8/site-packages/airflow/example_dags/example_python_decorator.py
[2026-07-21T18:23:03.174+0000] {logging_mixin.py:188} INFO - [2026-07-21T18:23:03.173+0000] {dag.py:3036} INFO - Sync 1 DAGs
[2026-07-21T18:23:03.186+0000] {logging_mixin.py:188} INFO - [2026-07-21T18:23:03.186+0000] {dag.py:3823} INFO - Setting next_dagrun for example_python_decorator to None, run_after=None
[2026-07-21T18:23:03.205+0000] {processor.py:183} INFO - Processing /home/airflow/.local/lib/python3.8/site-packages/airflow/example_dags/example_python_decorator.py took 0.075 seconds
[2026-07-21T18:23:36.293+0000] {processor.py:161} INFO - Started process (PID=1703) to work on /home/airflow/.local/lib/python3.8/site-packages/airflow/example_dags/example_python_decorator.py
[2026-07-21T18:23:36.294+0000] {processor.py:830} INFO - Processing file /home/airflow/.local/lib/python3.8/site-packages/airflow/example_dags/example_python_decorator.py for tasks to queue
[2026-07-21T18:23:36.296+0000] {logging_mixin.py:188} INFO - [2026-07-21T18:23:36.296+0000] {dagbag.py:538} INFO - Filling up the DagBag from /home/airflow/.local/lib/python3.8/site-packages/airflow/example_dags/example_python_decorator.py
[2026-07-21T18:23:36.463+0000] {processor.py:840} INFO - DAG(s) 'example_python_decorator' retrieved from /home/airflow/.local/lib/python3.8/site-packages/airflow/example_dags/example_python_decorator.py
[2026-07-21T18:23:36.482+0000] {logging_mixin.py:188} INFO - [2026-07-21T18:23:36.482+0000] {dag.py:3036} INFO - Sync 1 DAGs
[2026-07-21T18:23:36.491+0000] {logging_mixin.py:188} INFO - [2026-07-21T18:23:36.491+0000] {dag.py:3823} INFO - Setting next_dagrun for example_python_decorator to None, run_after=None
[2026-07-21T18:23:36.511+0000] {processor.py:183} INFO - Processing /home/airflow/.local/lib/python3.8/site-packages/airflow/example_dags/example_python_decorator.py took 0.221 seconds
[2026-07-21T18:24:07.497+0000] {processor.py:161} INFO - Started process (PID=1759) to work on /home/airflow/.local/lib/python3.8/site-packages/airflow/example_dags/example_python_decorator.py
[2026-07-21T18:24:07.498+0000] {processor.py:830} INFO - Processing file /home/airflow/.local/lib/python3.8/site-packages/airflow/example_dags/example_python_decorator.py for tasks to queue
[2026-07-21T18:24:07.500+0000] {logging_mixin.py:188} INFO - [2026-07-21T18:24:07.500+0000] {dagbag.py:538} INFO - Filling up the DagBag from /home/airflow/.local/lib/python3.8/site-packages/airflow/example_dags/example_python_decorator.py
[2026-07-21T18:24:07.514+0000] {processor.py:840} INFO - DAG(s) 'example_python_decorator' retrieved from /home/airflow/.local/lib/python3.8/site-packages/airflow/example_dags/example_python_decorator.py
[2026-07-21T18:24:07.538+0000] {logging_mixin.py:188} INFO - [2026-07-21T18:24:07.538+0000] {dag.py:3036} INFO - Sync 1 DAGs
[2026-07-21T18:24:07.551+0000] {logging_mixin.py:188} INFO - [2026-07-21T18:24:07.551+0000] {dag.py:3823} INFO - Setting next_dagrun for example_python_decorator to None, run_after=None
[2026-07-21T18:24:07.573+0000] {processor.py:183} INFO - Processing /home/airflow/.local/lib/python3.8/site-packages/airflow/example_dags/example_python_decorator.py took 0.079 seconds
[2026-07-21T18:24:37.694+0000] {processor.py:161} INFO - Started process (PID=1815) to work on /home/airflow/.local/lib/python3.8/site-packages/airflow/example_dags/example_python_decorator.py
[2026-07-21T18:24:37.695+0000] {processor.py:830} INFO - Processing file /home/airflow/.local/lib/python3.8/site-packages/airflow/example_dags/example_python_decorator.py for tasks to queue
[2026-07-21T18:24:37.697+0000] {logging_mixin.py:188} INFO - [2026-07-21T18:24:37.697+0000] {dagbag.py:538} INFO - Filling up the DagBag from /home/airflow/.local/lib/python3.8/site-packages/airflow/example_dags/example_python_decorator.py
[2026-07-21T18:24:37.710+0000] {processor.py:840} INFO - DAG(s) 'example_python_decorator' retrieved from /home/airflow/.local/lib/python3.8/site-packages/airflow/example_dags/example_python_decorator.py
[2026-07-21T18:24:37.735+0000] {logging_mixin.py:188} INFO - [2026-07-21T18:24:37.735+0000] {dag.py:3036} INFO - Sync 1 DAGs
[2026-07-21T18:24:37.753+0000] {logging_mixin.py:188} INFO - [2026-07-21T18:24:37.753+0000] {dag.py:3823} INFO - Setting next_dagrun for example_python_decorator to None, run_after=None
[2026-07-21T18:24:37.774+0000] {processor.py:183} INFO - Processing /home/airflow/.local/lib/python3.8/site-packages/airflow/example_dags/example_python_decorator.py took 0.083 seconds
[2026-07-21T18:25:08.016+0000] {processor.py:161} INFO - Started process (PID=1871) to work on /home/airflow/.local/lib/python3.8/site-packages/airflow/example_dags/example_python_decorator.py
[2026-07-21T18:25:08.017+0000] {processor.py:830} INFO - Processing file /home/airflow/.local/lib/python3.8/site-packages/airflow/example_dags/example_python_decorator.py for tasks to queue
[2026-07-21T18:25:08.019+0000] {logging_mixin.py:188} INFO - [2026-07-21T18:25:08.019+0000] {dagbag.py:538} INFO - Filling up the DagBag from /home/airflow/.local/lib/python3.8/site-packages/airflow/example_dags/example_python_decorator.py
[2026-07-21T18:25:08.032+0000] {processor.py:840} INFO - DAG(s) 'example_python_decorator' retrieved from /home/airflow/.local/lib/python3.8/site-packages/airflow/example_dags/example_python_decorator.py
[2026-07-21T18:25:08.056+0000] {logging_mixin.py:188} INFO - [2026-07-21T18:25:08.055+0000] {dag.py:3036} INFO - Sync 1 DAGs
[2026-07-21T18:25:08.072+0000] {logging_mixin.py:188} INFO - [2026-07-21T18:25:08.071+0000] {dag.py:3823} INFO - Setting next_dagrun for example_python_decorator to None, run_after=None
[2026-07-21T18:25:08.096+0000] {processor.py:183} INFO - Processing /home/airflow/.local/lib/python3.8/site-packages/airflow/example_dags/example_python_decorator.py took 0.083 seconds
[2026-07-21T18:25:39.002+0000] {processor.py:161} INFO - Started process (PID=1927) to work on /home/airflow/.local/lib/python3.8/site-packages/airflow/example_dags/example_python_decorator.py
[2026-07-21T18:25:39.003+0000] {processor.py:830} INFO - Processing file /home/airflow/.local/lib/python3.8/site-packages/airflow/example_dags/example_python_decorator.py for tasks to queue
[2026-07-21T18:25:39.005+0000] {logging_mixin.py:188} INFO - [2026-07-21T18:25:39.005+0000] {dagbag.py:538} INFO - Filling up the DagBag from /home/airflow/.local/lib/python3.8/site-packages/airflow/example_dags/example_python_decorator.py
[2026-07-21T18:25:39.019+0000] {processor.py:840} INFO - DAG(s) 'example_python_decorator' retrieved from /home/airflow/.local/lib/python3.8/site-packages/airflow/example_dags/example_python_decorator.py
[2026-07-21T18:25:39.042+0000] {logging_mixin.py:188} INFO - [2026-07-21T18:25:39.042+0000] {dag.py:3036} INFO - Sync 1 DAGs
[2026-07-21T18:25:39.055+0000] {logging_mixin.py:188} INFO - [2026-07-21T18:25:39.055+0000] {dag.py:3823} INFO - Setting next_dagrun for example_python_decorator to None, run_after=None
[2026-07-21T18:25:39.075+0000] {processor.py:183} INFO - Processing /home/airflow/.local/lib/python3.8/site-packages/airflow/example_dags/example_python_decorator.py took 0.077 seconds
[2026-07-21T18:26:09.749+0000] {processor.py:161} INFO - Started process (PID=1983) to work on /home/airflow/.local/lib/python3.8/site-packages/airflow/example_dags/example_python_decorator.py
[2026-07-21T18:26:09.751+0000] {processor.py:830} INFO - Processing file /home/airflow/.local/lib/python3.8/site-packages/airflow/example_dags/example_python_decorator.py for tasks to queue
[2026-07-21T18:26:09.755+0000] {logging_mixin.py:188} INFO - [2026-07-21T18:26:09.754+0000] {dagbag.py:538} INFO - Filling up the DagBag from /home/airflow/.local/lib/python3.8/site-packages/airflow/example_dags/example_python_decorator.py
[2026-07-21T18:26:09.779+0000] {processor.py:840} INFO - DAG(s) 'example_python_decorator' retrieved from /home/airflow/.local/lib/python3.8/site-packages/airflow/example_dags/example_python_decorator.py
[2026-07-21T18:26:09.819+0000] {logging_mixin.py:188} INFO - [2026-07-21T18:26:09.819+0000] {dag.py:3036} INFO - Sync 1 DAGs
[2026-07-21T18:26:09.840+0000] {logging_mixin.py:188} INFO - [2026-07-21T18:26:09.840+0000] {dag.py:3823} INFO - Setting next_dagrun for example_python_decorator to None, run_after=None
[2026-07-21T18:26:09.868+0000] {processor.py:183} INFO - Processing /home/airflow/.local/lib/python3.8/site-packages/airflow/example_dags/example_python_decorator.py took 0.124 seconds
[2026-07-21T18:26:40.307+0000] {processor.py:161} INFO - Started process (PID=2039) to work on /home/airflow/.local/lib/python3.8/site-packages/airflow/example_dags/example_python_decorator.py
[2026-07-21T18:26:40.308+0000] {processor.py:830} INFO - Processing file /home/airflow/.local/lib/python3.8/site-packages/airflow/example_dags/example_python_decorator.py for tasks to queue
[2026-07-21T18:26:40.310+0000] {logging_mixin.py:188} INFO - [2026-07-21T18:26:40.310+0000] {dagbag.py:538} INFO - Filling up the DagBag from /home/airflow/.local/lib/python3.8/site-packages/airflow/example_dags/example_python_decorator.py
[2026-07-21T18:26:40.324+0000] {processor.py:840} INFO - DAG(s) 'example_python_decorator' retrieved from /home/airflow/.local/lib/python3.8/site-packages/airflow/example_dags/example_python_decorator.py
[2026-07-21T18:26:40.346+0000] {logging_mixin.py:188} INFO - [2026-07-21T18:26:40.345+0000] {dag.py:3036} INFO - Sync 1 DAGs
[2026-07-21T18:26:40.358+0000] {logging_mixin.py:188} INFO - [2026-07-21T18:26:40.358+0000] {dag.py:3823} INFO - Setting next_dagrun for example_python_decorator to None, run_after=None
[2026-07-21T18:26:40.376+0000] {processor.py:183} INFO - Processing /home/airflow/.local/lib/python3.8/site-packages/airflow/example_dags/example_python_decorator.py took 0.073 seconds
[2026-07-21T18:27:10.986+0000] {processor.py:161} INFO - Started process (PID=2095) to work on /home/airflow/.local/lib/python3.8/site-packages/airflow/example_dags/example_python_decorator.py
[2026-07-21T18:27:10.987+0000] {processor.py:830} INFO - Processing file /home/airflow/.local/lib/python3.8/site-packages/airflow/example_dags/example_python_decorator.py for tasks to queue
[2026-07-21T18:27:10.990+0000] {logging_mixin.py:188} INFO - [2026-07-21T18:27:10.990+0000] {dagbag.py:538} INFO - Filling up the DagBag from /home/airflow/.local/lib/python3.8/site-packages/airflow/example_dags/example_python_decorator.py
[2026-07-21T18:27:11.008+0000] {processor.py:840} INFO - DAG(s) 'example_python_decorator' retrieved from /home/airflow/.local/lib/python3.8/site-packages/airflow/example_dags/example_python_decorator.py
[2026-07-21T18:27:11.036+0000] {logging_mixin.py:188} INFO - [2026-07-21T18:27:11.036+0000] {dag.py:3036} INFO - Sync 1 DAGs
[2026-07-21T18:27:11.049+0000] {logging_mixin.py:188} INFO - [2026-07-21T18:27:11.049+0000] {dag.py:3823} INFO - Setting next_dagrun for example_python_decorator to None, run_after=None
[2026-07-21T18:27:11.069+0000] {processor.py:183} INFO - Processing /home/airflow/.local/lib/python3.8/site-packages/airflow/example_dags/example_python_decorator.py took 0.089 seconds
[2026-07-21T18:27:41.614+0000] {processor.py:161} INFO - Started process (PID=2151) to work on /home/airflow/.local/lib/python3.8/site-packages/airflow/example_dags/example_python_decorator.py
[2026-07-21T18:27:41.616+0000] {processor.py:830} INFO - Processing file /home/airflow/.local/lib/python3.8/site-packages/airflow/example_dags/example_python_decorator.py for tasks to queue
[2026-07-21T18:27:41.618+0000] {logging_mixin.py:188} INFO - [2026-07-21T18:27:41.618+0000] {dagbag.py:538} INFO - Filling up the DagBag from /home/airflow/.local/lib/python3.8/site-packages/airflow/example_dags/example_python_decorator.py
[2026-07-21T18:27:41.633+0000] {processor.py:840} INFO - DAG(s) 'example_python_decorator' retrieved from /home/airflow/.local/lib/python3.8/site-packages/airflow/example_dags/example_python_decorator.py
[2026-07-21T18:27:41.659+0000] {logging_mixin.py:188} INFO - [2026-07-21T18:27:41.659+0000] {dag.py:3036} INFO - Sync 1 DAGs
[2026-07-21T18:27:41.676+0000] {logging_mixin.py:188} INFO - [2026-07-21T18:27:41.675+0000] {dag.py:3823} INFO - Setting next_dagrun for example_python_decorator to None, run_after=None
[2026-07-21T18:27:41.699+0000] {processor.py:183} INFO - Processing /home/airflow/.local/lib/python3.8/site-packages/airflow/example_dags/example_python_decorator.py took 0.089 seconds
[2026-07-21T18:28:11.881+0000] {processor.py:161} INFO - Started process (PID=2206) to work on /home/airflow/.local/lib/python3.8/site-packages/airflow/example_dags/example_python_decorator.py
[2026-07-21T18:28:11.882+0000] {processor.py:830} INFO - Processing file /home/airflow/.local/lib/python3.8/site-packages/airflow/example_dags/example_python_decorator.py for tasks to queue
[2026-07-21T18:28:11.884+0000] {logging_mixin.py:188} INFO - [2026-07-21T18:28:11.884+0000] {dagbag.py:538} INFO - Filling up the DagBag from /home/airflow/.local/lib/python3.8/site-packages/airflow/example_dags/example_python_decorator.py
[2026-07-21T18:28:11.900+0000] {processor.py:840} INFO - DAG(s) 'example_python_decorator' retrieved from /home/airflow/.local/lib/python3.8/site-packages/airflow/example_dags/example_python_decorator.py
[2026-07-21T18:28:11.923+0000] {logging_mixin.py:188} INFO - [2026-07-21T18:28:11.923+0000] {dag.py:3036} INFO - Sync 1 DAGs
[2026-07-21T18:28:11.934+0000] {logging_mixin.py:188} INFO - [2026-07-21T18:28:11.934+0000] {dag.py:3823} INFO - Setting next_dagrun for example_python_decorator to None, run_after=None
[2026-07-21T18:28:11.953+0000] {processor.py:183} INFO - Processing /home/airflow/.local/lib/python3.8/site-packages/airflow/example_dags/example_python_decorator.py took 0.077 seconds
[2026-07-21T18:28:42.255+0000] {processor.py:161} INFO - Started process (PID=2262) to work on /home/airflow/.local/lib/python3.8/site-packages/airflow/example_dags/example_python_decorator.py
[2026-07-21T18:28:42.256+0000] {processor.py:830} INFO - Processing file /home/airflow/.local/lib/python3.8/site-packages/airflow/example_dags/example_python_decorator.py for tasks to queue
[2026-07-21T18:28:42.259+0000] {logging_mixin.py:188} INFO - [2026-07-21T18:28:42.258+0000] {dagbag.py:538} INFO - Filling up the DagBag from /home/airflow/.local/lib/python3.8/site-packages/airflow/example_dags/example_python_decorator.py
[2026-07-21T18:28:42.275+0000] {processor.py:840} INFO - DAG(s) 'example_python_decorator' retrieved from /home/airflow/.local/lib/python3.8/site-packages/airflow/example_dags/example_python_decorator.py
[2026-07-21T18:28:42.299+0000] {logging_mixin.py:188} INFO - [2026-07-21T18:28:42.299+0000] {dag.py:3036} INFO - Sync 1 DAGs
[2026-07-21T18:28:42.312+0000] {logging_mixin.py:188} INFO - [2026-07-21T18:28:42.311+0000] {dag.py:3823} INFO - Setting next_dagrun for example_python_decorator to None, run_after=None
[2026-07-21T18:28:42.333+0000] {processor.py:183} INFO - Processing /home/airflow/.local/lib/python3.8/site-packages/airflow/example_dags/example_python_decorator.py took 0.082 seconds
[2026-07-21T18:29:12.648+0000] {processor.py:161} INFO - Started process (PID=2318) to work on /home/airflow/.local/lib/python3.8/site-packages/airflow/example_dags/example_python_decorator.py
[2026-07-21T18:29:12.649+0000] {processor.py:830} INFO - Processing file /home/airflow/.local/lib/python3.8/site-packages/airflow/example_dags/example_python_decorator.py for tasks to queue
[2026-07-21T18:29:12.651+0000] {logging_mixin.py:188} INFO - [2026-07-21T18:29:12.651+0000] {dagbag.py:538} INFO - Filling up the DagBag from /home/airflow/.local/lib/python3.8/site-packages/airflow/example_dags/example_python_decorator.py
[2026-07-21T18:29:12.665+0000] {processor.py:840} INFO - DAG(s) 'example_python_decorator' retrieved from /home/airflow/.local/lib/python3.8/site-packages/airflow/example_dags/example_python_decorator.py
[2026-07-21T18:29:12.688+0000] {logging_mixin.py:188} INFO - [2026-07-21T18:29:12.688+0000] {dag.py:3036} INFO - Sync 1 DAGs
[2026-07-21T18:29:12.701+0000] {logging_mixin.py:188} INFO - [2026-07-21T18:29:12.700+0000] {dag.py:3823} INFO - Setting next_dagrun for example_python_decorator to None, run_after=None
[2026-07-21T18:29:12.720+0000] {processor.py:183} INFO - Processing /home/airflow/.local/lib/python3.8/site-packages/airflow/example_dags/example_python_decorator.py took 0.076 seconds
[2026-07-21T18:29:43.330+0000] {processor.py:161} INFO - Started process (PID=2375) to work on /home/airflow/.local/lib/python3.8/site-packages/airflow/example_dags/example_python_decorator.py
[2026-07-21T18:29:43.331+0000] {processor.py:830} INFO - Processing file /home/airflow/.local/lib/python3.8/site-packages/airflow/example_dags/example_python_decorator.py for tasks to queue
[2026-07-21T18:29:43.333+0000] {logging_mixin.py:188} INFO - [2026-07-21T18:29:43.333+0000] {dagbag.py:538} INFO - Filling up the DagBag from /home/airflow/.local/lib/python3.8/site-packages/airflow/example_dags/example_python_decorator.py
[2026-07-21T18:29:43.347+0000] {processor.py:840} INFO - DAG(s) 'example_python_decorator' retrieved from /home/airflow/.local/lib/python3.8/site-packages/airflow/example_dags/example_python_decorator.py
[2026-07-21T18:29:43.370+0000] {logging_mixin.py:188} INFO - [2026-07-21T18:29:43.370+0000] {dag.py:3036} INFO - Sync 1 DAGs
[2026-07-21T18:29:43.381+0000] {logging_mixin.py:188} INFO - [2026-07-21T18:29:43.381+0000] {dag.py:3823} INFO - Setting next_dagrun for example_python_decorator to None, run_after=None
[2026-07-21T18:29:43.401+0000] {processor.py:183} INFO - Processing /home/airflow/.local/lib/python3.8/site-packages/airflow/example_dags/example_python_decorator.py took 0.075 seconds
[2026-07-21T18:30:13.704+0000] {processor.py:161} INFO - Started process (PID=2431) to work on /home/airflow/.local/lib/python3.8/site-packages/airflow/example_dags/example_python_decorator.py
[2026-07-21T18:30:13.706+0000] {processor.py:830} INFO - Processing file /home/airflow/.local/lib/python3.8/site-packages/airflow/example_dags/example_python_decorator.py for tasks to queue
[2026-07-21T18:30:13.708+0000] {logging_mixin.py:188} INFO - [2026-07-21T18:30:13.708+0000] {dagbag.py:538} INFO - Filling up the DagBag from /home/airflow/.local/lib/python3.8/site-packages/airflow/example_dags/example_python_decorator.py
[2026-07-21T18:30:13.721+0000] {processor.py:840} INFO - DAG(s) 'example_python_decorator' retrieved from /home/airflow/.local/lib/python3.8/site-packages/airflow/example_dags/example_python_decorator.py
[2026-07-21T18:30:13.744+0000] {logging_mixin.py:188} INFO - [2026-07-21T18:30:13.744+0000] {dag.py:3036} INFO - Sync 1 DAGs
[2026-07-21T18:30:13.756+0000] {logging_mixin.py:188} INFO - [2026-07-21T18:30:13.756+0000] {dag.py:3823} INFO - Setting next_dagrun for example_python_decorator to None, run_after=None
[2026-07-21T18:30:13.776+0000] {processor.py:183} INFO - Processing /home/airflow/.local/lib/python3.8/site-packages/airflow/example_dags/example_python_decorator.py took 0.077 seconds
[2026-07-21T18:30:44.084+0000] {processor.py:161} INFO - Started process (PID=2487) to work on /home/airflow/.local/lib/python3.8/site-packages/airflow/example_dags/example_python_decorator.py
[2026-07-21T18:30:44.085+0000] {processor.py:830} INFO - Processing file /home/airflow/.local/lib/python3.8/site-packages/airflow/example_dags/example_python_decorator.py for tasks to queue
[2026-07-21T18:30:44.087+0000] {logging_mixin.py:188} INFO - [2026-07-21T18:30:44.087+0000] {dagbag.py:538} INFO - Filling up the DagBag from /home/airflow/.local/lib/python3.8/site-packages/airflow/example_dags/example_python_decorator.py
[2026-07-21T18:30:44.101+0000] {processor.py:840} INFO - DAG(s) 'example_python_decorator' retrieved from /home/airflow/.local/lib/python3.8/site-packages/airflow/example_dags/example_python_decorator.py
[2026-07-21T18:30:44.123+0000] {logging_mixin.py:188} INFO - [2026-07-21T18:30:44.123+0000] {dag.py:3036} INFO - Sync 1 DAGs
[2026-07-21T18:30:44.136+0000] {logging_mixin.py:188} INFO - [2026-07-21T18:30:44.135+0000] {dag.py:3823} INFO - Setting next_dagrun for example_python_decorator to None, run_after=None
[2026-07-21T18:30:44.155+0000] {processor.py:183} INFO - Processing /home/airflow/.local/lib/python3.8/site-packages/airflow/example_dags/example_python_decorator.py took 0.075 seconds
[2026-07-21T18:31:14.537+0000] {processor.py:161} INFO - Started process (PID=2543) to work on /home/airflow/.local/lib/python3.8/site-packages/airflow/example_dags/example_python_decorator.py
[2026-07-21T18:31:14.538+0000] {processor.py:830} INFO - Processing file /home/airflow/.local/lib/python3.8/site-packages/airflow/example_dags/example_python_decorator.py for tasks to queue
[2026-07-21T18:31:14.540+0000] {logging_mixin.py:188} INFO - [2026-07-21T18:31:14.540+0000] {dagbag.py:538} INFO - Filling up the DagBag from /home/airflow/.local/lib/python3.8/site-packages/airflow/example_dags/example_python_decorator.py
[2026-07-21T18:31:14.553+0000] {processor.py:840} INFO - DAG(s) 'example_python_decorator' retrieved from /home/airflow/.local/lib/python3.8/site-packages/airflow/example_dags/example_python_decorator.py
[2026-07-21T18:31:14.576+0000] {logging_mixin.py:188} INFO - [2026-07-21T18:31:14.576+0000] {dag.py:3036} INFO - Sync 1 DAGs
[2026-07-21T18:31:14.588+0000] {logging_mixin.py:188} INFO - [2026-07-21T18:31:14.588+0000] {dag.py:3823} INFO - Setting next_dagrun for example_python_decorator to None, run_after=None
[2026-07-21T18:31:14.611+0000] {processor.py:183} INFO - Processing /home/airflow/.local/lib/python3.8/site-packages/airflow/example_dags/example_python_decorator.py took 0.078 seconds
[2026-07-21T18:34:15.633+0000] {processor.py:161} INFO - Started process (PID=96) to work on /home/airflow/.local/lib/python3.10/site-packages/airflow/example_dags/example_python_decorator.py
[2026-07-21T18:34:15.639+0000] {processor.py:830} INFO - Processing file /home/airflow/.local/lib/python3.10/site-packages/airflow/example_dags/example_python_decorator.py for tasks to queue
[2026-07-21T18:34:15.655+0000] {logging_mixin.py:188} INFO - [2026-07-21T18:34:15.653+0000] {dagbag.py:538} INFO - Filling up the DagBag from /home/airflow/.local/lib/python3.10/site-packages/airflow/example_dags/example_python_decorator.py
[2026-07-21T18:34:15.713+0000] {processor.py:840} INFO - DAG(s) 'example_python_decorator' retrieved from /home/airflow/.local/lib/python3.10/site-packages/airflow/example_dags/example_python_decorator.py
[2026-07-21T18:34:15.974+0000] {logging_mixin.py:188} INFO - [2026-07-21T18:34:15.973+0000] {dag.py:3036} INFO - Sync 1 DAGs
[2026-07-21T18:34:16.004+0000] {logging_mixin.py:188} INFO - [2026-07-21T18:34:16.004+0000] {dag.py:3823} INFO - Setting next_dagrun for example_python_decorator to None, run_after=None
[2026-07-21T18:34:16.064+0000] {processor.py:183} INFO - Processing /home/airflow/.local/lib/python3.10/site-packages/airflow/example_dags/example_python_decorator.py took 0.459 seconds
[2026-07-21T18:34:46.919+0000] {processor.py:161} INFO - Started process (PID=152) to work on /home/airflow/.local/lib/python3.10/site-packages/airflow/example_dags/example_python_decorator.py
[2026-07-21T18:34:46.920+0000] {processor.py:830} INFO - Processing file /home/airflow/.local/lib/python3.10/site-packages/airflow/example_dags/example_python_decorator.py for tasks to queue
[2026-07-21T18:34:46.922+0000] {logging_mixin.py:188} INFO - [2026-07-21T18:34:46.922+0000] {dagbag.py:538} INFO - Filling up the DagBag from /home/airflow/.local/lib/python3.10/site-packages/airflow/example_dags/example_python_decorator.py
[2026-07-21T18:34:46.936+0000] {processor.py:840} INFO - DAG(s) 'example_python_decorator' retrieved from /home/airflow/.local/lib/python3.10/site-packages/airflow/example_dags/example_python_decorator.py
[2026-07-21T18:34:46.957+0000] {logging_mixin.py:188} INFO - [2026-07-21T18:34:46.957+0000] {dag.py:3036} INFO - Sync 1 DAGs
[2026-07-21T18:34:46.968+0000] {logging_mixin.py:188} INFO - [2026-07-21T18:34:46.967+0000] {dag.py:3823} INFO - Setting next_dagrun for example_python_decorator to None, run_after=None
[2026-07-21T18:34:46.984+0000] {processor.py:183} INFO - Processing /home/airflow/.local/lib/python3.10/site-packages/airflow/example_dags/example_python_decorator.py took 0.070 seconds
[2026-07-21T18:35:17.739+0000] {processor.py:161} INFO - Started process (PID=208) to work on /home/airflow/.local/lib/python3.10/site-packages/airflow/example_dags/example_python_decorator.py
[2026-07-21T18:35:17.740+0000] {processor.py:830} INFO - Processing file /home/airflow/.local/lib/python3.10/site-packages/airflow/example_dags/example_python_decorator.py for tasks to queue
[2026-07-21T18:35:17.742+0000] {logging_mixin.py:188} INFO - [2026-07-21T18:35:17.741+0000] {dagbag.py:538} INFO - Filling up the DagBag from /home/airflow/.local/lib/python3.10/site-packages/airflow/example_dags/example_python_decorator.py
[2026-07-21T18:35:17.754+0000] {processor.py:840} INFO - DAG(s) 'example_python_decorator' retrieved from /home/airflow/.local/lib/python3.10/site-packages/airflow/example_dags/example_python_decorator.py
[2026-07-21T18:35:17.785+0000] {logging_mixin.py:188} INFO - [2026-07-21T18:35:17.784+0000] {dag.py:3036} INFO - Sync 1 DAGs
[2026-07-21T18:35:17.796+0000] {logging_mixin.py:188} INFO - [2026-07-21T18:35:17.796+0000] {dag.py:3823} INFO - Setting next_dagrun for example_python_decorator to None, run_after=None
[2026-07-21T18:35:17.814+0000] {processor.py:183} INFO - Processing /home/airflow/.local/lib/python3.10/site-packages/airflow/example_dags/example_python_decorator.py took 0.079 seconds
[2026-07-21T18:35:48.215+0000] {processor.py:161} INFO - Started process (PID=264) to work on /home/airflow/.local/lib/python3.10/site-packages/airflow/example_dags/example_python_decorator.py
[2026-07-21T18:35:48.216+0000] {processor.py:830} INFO - Processing file /home/airflow/.local/lib/python3.10/site-packages/airflow/example_dags/example_python_decorator.py for tasks to queue
[2026-07-21T18:35:48.218+0000] {logging_mixin.py:188} INFO - [2026-07-21T18:35:48.218+0000] {dagbag.py:538} INFO - Filling up the DagBag from /home/airflow/.local/lib/python3.10/site-packages/airflow/example_dags/example_python_decorator.py
[2026-07-21T18:35:48.232+0000] {processor.py:840} INFO - DAG(s) 'example_python_decorator' retrieved from /home/airflow/.local/lib/python3.10/site-packages/airflow/example_dags/example_python_decorator.py
[2026-07-21T18:35:48.254+0000] {logging_mixin.py:188} INFO - [2026-07-21T18:35:48.254+0000] {dag.py:3036} INFO - Sync 1 DAGs
[2026-07-21T18:35:48.266+0000] {logging_mixin.py:188} INFO - [2026-07-21T18:35:48.266+0000] {dag.py:3823} INFO - Setting next_dagrun for example_python_decorator to None, run_after=None
[2026-07-21T18:35:48.289+0000] {processor.py:183} INFO - Processing /home/airflow/.local/lib/python3.10/site-packages/airflow/example_dags/example_python_decorator.py took 0.078 seconds
[2026-07-21T18:36:18.468+0000] {processor.py:161} INFO - Started process (PID=320) to work on /home/airflow/.local/lib/python3.10/site-packages/airflow/example_dags/example_python_decorator.py
[2026-07-21T18:36:18.470+0000] {processor.py:830} INFO - Processing file /home/airflow/.local/lib/python3.10/site-packages/airflow/example_dags/example_python_decorator.py for tasks to queue
[2026-07-21T18:36:18.472+0000] {logging_mixin.py:188} INFO - [2026-07-21T18:36:18.472+0000] {dagbag.py:538} INFO - Filling up the DagBag from /home/airflow/.local/lib/python3.10/site-packages/airflow/example_dags/example_python_decorator.py
[2026-07-21T18:36:18.487+0000] {processor.py:840} INFO - DAG(s) 'example_python_decorator' retrieved from /home/airflow/.local/lib/python3.10/site-packages/airflow/example_dags/example_python_decorator.py
[2026-07-21T18:36:18.512+0000] {logging_mixin.py:188} INFO - [2026-07-21T18:36:18.512+0000] {dag.py:3036} INFO - Sync 1 DAGs
[2026-07-21T18:36:18.524+0000] {logging_mixin.py:188} INFO - [2026-07-21T18:36:18.524+0000] {dag.py:3823} INFO - Setting next_dagrun for example_python_decorator to None, run_after=None
[2026-07-21T18:36:18.543+0000] {processor.py:183} INFO - Processing /home/airflow/.local/lib/python3.10/site-packages/airflow/example_dags/example_python_decorator.py took 0.080 seconds
[2026-07-21T18:36:48.786+0000] {processor.py:161} INFO - Started process (PID=376) to work on /home/airflow/.local/lib/python3.10/site-packages/airflow/example_dags/example_python_decorator.py
[2026-07-21T18:36:48.787+0000] {processor.py:830} INFO - Processing file /home/airflow/.local/lib/python3.10/site-packages/airflow/example_dags/example_python_decorator.py for tasks to queue
[2026-07-21T18:36:48.790+0000] {logging_mixin.py:188} INFO - [2026-07-21T18:36:48.789+0000] {dagbag.py:538} INFO - Filling up the DagBag from /home/airflow/.local/lib/python3.10/site-packages/airflow/example_dags/example_python_decorator.py
[2026-07-21T18:36:48.802+0000] {processor.py:840} INFO - DAG(s) 'example_python_decorator' retrieved from /home/airflow/.local/lib/python3.10/site-packages/airflow/example_dags/example_python_decorator.py
[2026-07-21T18:36:48.822+0000] {logging_mixin.py:188} INFO - [2026-07-21T18:36:48.822+0000] {dag.py:3036} INFO - Sync 1 DAGs
[2026-07-21T18:36:48.832+0000] {logging_mixin.py:188} INFO - [2026-07-21T18:36:48.832+0000] {dag.py:3823} INFO - Setting next_dagrun for example_python_decorator to None, run_after=None
[2026-07-21T18:36:48.855+0000] {processor.py:183} INFO - Processing /home/airflow/.local/lib/python3.10/site-packages/airflow/example_dags/example_python_decorator.py took 0.072 seconds
[2026-07-21T18:37:19.142+0000] {processor.py:161} INFO - Started process (PID=432) to work on /home/airflow/.local/lib/python3.10/site-packages/airflow/example_dags/example_python_decorator.py
[2026-07-21T18:37:19.143+0000] {processor.py:830} INFO - Processing file /home/airflow/.local/lib/python3.10/site-packages/airflow/example_dags/example_python_decorator.py for tasks to queue
[2026-07-21T18:37:19.145+0000] {logging_mixin.py:188} INFO - [2026-07-21T18:37:19.145+0000] {dagbag.py:538} INFO - Filling up the DagBag from /home/airflow/.local/lib/python3.10/site-packages/airflow/example_dags/example_python_decorator.py
[2026-07-21T18:37:19.158+0000] {processor.py:840} INFO - DAG(s) 'example_python_decorator' retrieved from /home/airflow/.local/lib/python3.10/site-packages/airflow/example_dags/example_python_decorator.py
[2026-07-21T18:37:19.180+0000] {logging_mixin.py:188} INFO - [2026-07-21T18:37:19.180+0000] {dag.py:3036} INFO - Sync 1 DAGs
[2026-07-21T18:37:19.192+0000] {logging_mixin.py:188} INFO - [2026-07-21T18:37:19.191+0000] {dag.py:3823} INFO - Setting next_dagrun for example_python_decorator to None, run_after=None
[2026-07-21T18:37:19.211+0000] {processor.py:183} INFO - Processing /home/airflow/.local/lib/python3.10/site-packages/airflow/example_dags/example_python_decorator.py took 0.073 seconds
[2026-07-21T18:37:49.344+0000] {processor.py:161} INFO - Started process (PID=488) to work on /home/airflow/.local/lib/python3.10/site-packages/airflow/example_dags/example_python_decorator.py
[2026-07-21T18:37:49.345+0000] {processor.py:830} INFO - Processing file /home/airflow/.local/lib/python3.10/site-packages/airflow/example_dags/example_python_decorator.py for tasks to queue
[2026-07-21T18:37:49.347+0000] {logging_mixin.py:188} INFO - [2026-07-21T18:37:49.347+0000] {dagbag.py:538} INFO - Filling up the DagBag from /home/airflow/.local/lib/python3.10/site-packages/airflow/example_dags/example_python_decorator.py
[2026-07-21T18:37:49.360+0000] {processor.py:840} INFO - DAG(s) 'example_python_decorator' retrieved from /home/airflow/.local/lib/python3.10/site-packages/airflow/example_dags/example_python_decorator.py
[2026-07-21T18:37:49.381+0000] {logging_mixin.py:188} INFO - [2026-07-21T18:37:49.381+0000] {dag.py:3036} INFO - Sync 1 DAGs
[2026-07-21T18:37:49.392+0000] {logging_mixin.py:188} INFO - [2026-07-21T18:37:49.391+0000] {dag.py:3823} INFO - Setting next_dagrun for example_python_decorator to None, run_after=None
[2026-07-21T18:37:49.418+0000] {processor.py:183} INFO - Processing /home/airflow/.local/lib/python3.10/site-packages/airflow/example_dags/example_python_decorator.py took 0.079 seconds
[2026-07-21T18:38:19.997+0000] {processor.py:161} INFO - Started process (PID=544) to work on /home/airflow/.local/lib/python3.10/site-packages/airflow/example_dags/example_python_decorator.py
[2026-07-21T18:38:19.998+0000] {processor.py:830} INFO - Processing file /home/airflow/.local/lib/python3.10/site-packages/airflow/example_dags/example_python_decorator.py for tasks to queue
[2026-07-21T18:38:20.000+0000] {logging_mixin.py:188} INFO - [2026-07-21T18:38:20.000+0000] {dagbag.py:538} INFO - Filling up the DagBag from /home/airflow/.local/lib/python3.10/site-packages/airflow/example_dags/example_python_decorator.py
[2026-07-21T18:38:20.013+0000] {processor.py:840} INFO - DAG(s) 'example_python_decorator' retrieved from /home/airflow/.local/lib/python3.10/site-packages/airflow/example_dags/example_python_decorator.py
[2026-07-21T18:38:20.033+0000] {logging_mixin.py:188} INFO - [2026-07-21T18:38:20.033+0000] {dag.py:3036} INFO - Sync 1 DAGs
[2026-07-21T18:38:20.044+0000] {logging_mixin.py:188} INFO - [2026-07-21T18:38:20.043+0000] {dag.py:3823} INFO - Setting next_dagrun for example_python_decorator to None, run_after=None
[2026-07-21T18:38:20.065+0000] {processor.py:183} INFO - Processing /home/airflow/.local/lib/python3.10/site-packages/airflow/example_dags/example_python_decorator.py took 0.072 seconds
[2026-07-21T18:38:50.350+0000] {processor.py:161} INFO - Started process (PID=600) to work on /home/airflow/.local/lib/python3.10/site-packages/airflow/example_dags/example_python_decorator.py
[2026-07-21T18:38:50.351+0000] {processor.py:830} INFO - Processing file /home/airflow/.local/lib/python3.10/site-packages/airflow/example_dags/example_python_decorator.py for tasks to queue
[2026-07-21T18:38:50.353+0000] {logging_mixin.py:188} INFO - [2026-07-21T18:38:50.353+0000] {dagbag.py:538} INFO - Filling up the DagBag from /home/airflow/.local/lib/python3.10/site-packages/airflow/example_dags/example_python_decorator.py
[2026-07-21T18:38:50.366+0000] {processor.py:840} INFO - DAG(s) 'example_python_decorator' retrieved from /home/airflow/.local/lib/python3.10/site-packages/airflow/example_dags/example_python_decorator.py
[2026-07-21T18:38:50.388+0000] {logging_mixin.py:188} INFO - [2026-07-21T18:38:50.387+0000] {dag.py:3036} INFO - Sync 1 DAGs
[2026-07-21T18:38:50.398+0000] {logging_mixin.py:188} INFO - [2026-07-21T18:38:50.398+0000] {dag.py:3823} INFO - Setting next_dagrun for example_python_decorator to None, run_after=None
[2026-07-21T18:38:50.415+0000] {processor.py:183} INFO - Processing /home/airflow/.local/lib/python3.10/site-packages/airflow/example_dags/example_python_decorator.py took 0.070 seconds
[2026-07-21T18:39:20.590+0000] {processor.py:161} INFO - Started process (PID=656) to work on /home/airflow/.local/lib/python3.10/site-packages/airflow/example_dags/example_python_decorator.py
[2026-07-21T18:39:20.592+0000] {processor.py:830} INFO - Processing file /home/airflow/.local/lib/python3.10/site-packages/airflow/example_dags/example_python_decorator.py for tasks to queue
[2026-07-21T18:39:20.594+0000] {logging_mixin.py:188} INFO - [2026-07-21T18:39:20.593+0000] {dagbag.py:538} INFO - Filling up the DagBag from /home/airflow/.local/lib/python3.10/site-packages/airflow/example_dags/example_python_decorator.py
[2026-07-21T18:39:20.607+0000] {processor.py:840} INFO - DAG(s) 'example_python_decorator' retrieved from /home/airflow/.local/lib/python3.10/site-packages/airflow/example_dags/example_python_decorator.py
[2026-07-21T18:39:20.627+0000] {logging_mixin.py:188} INFO - [2026-07-21T18:39:20.627+0000] {dag.py:3036} INFO - Sync 1 DAGs
[2026-07-21T18:39:20.637+0000] {logging_mixin.py:188} INFO - [2026-07-21T18:39:20.637+0000] {dag.py:3823} INFO - Setting next_dagrun for example_python_decorator to None, run_after=None
[2026-07-21T18:39:20.656+0000] {processor.py:183} INFO - Processing /home/airflow/.local/lib/python3.10/site-packages/airflow/example_dags/example_python_decorator.py took 0.070 seconds
[2026-07-21T18:39:50.726+0000] {processor.py:161} INFO - Started process (PID=712) to work on /home/airflow/.local/lib/python3.10/site-packages/airflow/example_dags/example_python_decorator.py
[2026-07-21T18:39:50.727+0000] {processor.py:830} INFO - Processing file /home/airflow/.local/lib/python3.10/site-packages/airflow/example_dags/example_python_decorator.py for tasks to queue
[2026-07-21T18:39:50.730+0000] {logging_mixin.py:188} INFO - [2026-07-21T18:39:50.729+0000] {dagbag.py:538} INFO - Filling up the DagBag from /home/airflow/.local/lib/python3.10/site-packages/airflow/example_dags/example_python_decorator.py
[2026-07-21T18:39:50.743+0000] {processor.py:840} INFO - DAG(s) 'example_python_decorator' retrieved from /home/airflow/.local/lib/python3.10/site-packages/airflow/example_dags/example_python_decorator.py
[2026-07-21T18:39:50.765+0000] {logging_mixin.py:188} INFO - [2026-07-21T18:39:50.764+0000] {dag.py:3036} INFO - Sync 1 DAGs
[2026-07-21T18:39:50.776+0000] {logging_mixin.py:188} INFO - [2026-07-21T18:39:50.776+0000] {dag.py:3823} INFO - Setting next_dagrun for example_python_decorator to None, run_after=None
[2026-07-21T18:39:50.796+0000] {processor.py:183} INFO - Processing /home/airflow/.local/lib/python3.10/site-packages/airflow/example_dags/example_python_decorator.py took 0.074 seconds
[2026-07-21T18:40:21.314+0000] {processor.py:161} INFO - Started process (PID=768) to work on /home/airflow/.local/lib/python3.10/site-packages/airflow/example_dags/example_python_decorator.py
[2026-07-21T18:40:21.315+0000] {processor.py:830} INFO - Processing file /home/airflow/.local/lib/python3.10/site-packages/airflow/example_dags/example_python_decorator.py for tasks to queue
[2026-07-21T18:40:21.318+0000] {logging_mixin.py:188} INFO - [2026-07-21T18:40:21.317+0000] {dagbag.py:538} INFO - Filling up the DagBag from /home/airflow/.local/lib/python3.10/site-packages/airflow/example_dags/example_python_decorator.py
[2026-07-21T18:40:21.331+0000] {processor.py:840} INFO - DAG(s) 'example_python_decorator' retrieved from /home/airflow/.local/lib/python3.10/site-packages/airflow/example_dags/example_python_decorator.py
[2026-07-21T18:40:21.352+0000] {logging_mixin.py:188} INFO - [2026-07-21T18:40:21.352+0000] {dag.py:3036} INFO - Sync 1 DAGs
[2026-07-21T18:40:21.362+0000] {logging_mixin.py:188} INFO - [2026-07-21T18:40:21.362+0000] {dag.py:3823} INFO - Setting next_dagrun for example_python_decorator to None, run_after=None
[2026-07-21T18:40:21.389+0000] {processor.py:183} INFO - Processing /home/airflow/.local/lib/python3.10/site-packages/airflow/example_dags/example_python_decorator.py took 0.078 seconds
[2026-07-21T18:40:51.782+0000] {processor.py:161} INFO - Started process (PID=824) to work on /home/airflow/.local/lib/python3.10/site-packages/airflow/example_dags/example_python_decorator.py
[2026-07-21T18:40:51.783+0000] {processor.py:830} INFO - Processing file /home/airflow/.local/lib/python3.10/site-packages/airflow/example_dags/example_python_decorator.py for tasks to queue
[2026-07-21T18:40:51.785+0000] {logging_mixin.py:188} INFO - [2026-07-21T18:40:51.785+0000] {dagbag.py:538} INFO - Filling up the DagBag from /home/airflow/.local/lib/python3.10/site-packages/airflow/example_dags/example_python_decorator.py
[2026-07-21T18:40:51.799+0000] {processor.py:840} INFO - DAG(s) 'example_python_decorator' retrieved from /home/airflow/.local/lib/python3.10/site-packages/airflow/example_dags/example_python_decorator.py
[2026-07-21T18:40:51.820+0000] {logging_mixin.py:188} INFO - [2026-07-21T18:40:51.820+0000] {dag.py:3036} INFO - Sync 1 DAGs
[2026-07-21T18:40:51.832+0000] {logging_mixin.py:188} INFO - [2026-07-21T18:40:51.831+0000] {dag.py:3823} INFO - Setting next_dagrun for example_python_decorator to None, run_after=None
[2026-07-21T18:40:51.862+0000] {processor.py:183} INFO - Processing /home/airflow/.local/lib/python3.10/site-packages/airflow/example_dags/example_python_decorator.py took 0.084 seconds
[2026-07-21T18:41:21.952+0000] {processor.py:161} INFO - Started process (PID=880) to work on /home/airflow/.local/lib/python3.10/site-packages/airflow/example_dags/example_python_decorator.py
[2026-07-21T18:41:21.953+0000] {processor.py:830} INFO - Processing file /home/airflow/.local/lib/python3.10/site-packages/airflow/example_dags/example_python_decorator.py for tasks to queue
[2026-07-21T18:41:21.955+0000] {logging_mixin.py:188} INFO - [2026-07-21T18:41:21.955+0000] {dagbag.py:538} INFO - Filling up the DagBag from /home/airflow/.local/lib/python3.10/site-packages/airflow/example_dags/example_python_decorator.py
[2026-07-21T18:41:21.968+0000] {processor.py:840} INFO - DAG(s) 'example_python_decorator' retrieved from /home/airflow/.local/lib/python3.10/site-packages/airflow/example_dags/example_python_decorator.py
[2026-07-21T18:41:21.988+0000] {logging_mixin.py:188} INFO - [2026-07-21T18:41:21.988+0000] {dag.py:3036} INFO - Sync 1 DAGs
[2026-07-21T18:41:21.998+0000] {logging_mixin.py:188} INFO - [2026-07-21T18:41:21.998+0000] {dag.py:3823} INFO - Setting next_dagrun for example_python_decorator to None, run_after=None
[2026-07-21T18:41:22.022+0000] {processor.py:183} INFO - Processing /home/airflow/.local/lib/python3.10/site-packages/airflow/example_dags/example_python_decorator.py took 0.073 seconds
[2026-07-21T18:41:52.336+0000] {processor.py:161} INFO - Started process (PID=936) to work on /home/airflow/.local/lib/python3.10/site-packages/airflow/example_dags/example_python_decorator.py
[2026-07-21T18:41:52.337+0000] {processor.py:830} INFO - Processing file /home/airflow/.local/lib/python3.10/site-packages/airflow/example_dags/example_python_decorator.py for tasks to queue
[2026-07-21T18:41:52.339+0000] {logging_mixin.py:188} INFO - [2026-07-21T18:41:52.339+0000] {dagbag.py:538} INFO - Filling up the DagBag from /home/airflow/.local/lib/python3.10/site-packages/airflow/example_dags/example_python_decorator.py
[2026-07-21T18:41:52.352+0000] {processor.py:840} INFO - DAG(s) 'example_python_decorator' retrieved from /home/airflow/.local/lib/python3.10/site-packages/airflow/example_dags/example_python_decorator.py
[2026-07-21T18:41:52.372+0000] {logging_mixin.py:188} INFO - [2026-07-21T18:41:52.372+0000] {dag.py:3036} INFO - Sync 1 DAGs
[2026-07-21T18:41:52.382+0000] {logging_mixin.py:188} INFO - [2026-07-21T18:41:52.382+0000] {dag.py:3823} INFO - Setting next_dagrun for example_python_decorator to None, run_after=None
[2026-07-21T18:41:52.401+0000] {processor.py:183} INFO - Processing /home/airflow/.local/lib/python3.10/site-packages/airflow/example_dags/example_python_decorator.py took 0.069 seconds
[2026-07-21T18:42:22.698+0000] {processor.py:161} INFO - Started process (PID=992) to work on /home/airflow/.local/lib/python3.10/site-packages/airflow/example_dags/example_python_decorator.py
[2026-07-21T18:42:22.699+0000] {processor.py:830} INFO - Processing file /home/airflow/.local/lib/python3.10/site-packages/airflow/example_dags/example_python_decorator.py for tasks to queue
[2026-07-21T18:42:22.701+0000] {logging_mixin.py:188} INFO - [2026-07-21T18:42:22.701+0000] {dagbag.py:538} INFO - Filling up the DagBag from /home/airflow/.local/lib/python3.10/site-packages/airflow/example_dags/example_python_decorator.py
[2026-07-21T18:42:22.714+0000] {processor.py:840} INFO - DAG(s) 'example_python_decorator' retrieved from /home/airflow/.local/lib/python3.10/site-packages/airflow/example_dags/example_python_decorator.py
[2026-07-21T18:42:22.734+0000] {logging_mixin.py:188} INFO - [2026-07-21T18:42:22.734+0000] {dag.py:3036} INFO - Sync 1 DAGs
[2026-07-21T18:42:22.745+0000] {logging_mixin.py:188} INFO - [2026-07-21T18:42:22.744+0000] {dag.py:3823} INFO - Setting next_dagrun for example_python_decorator to None, run_after=None
[2026-07-21T18:42:22.769+0000] {processor.py:183} INFO - Processing /home/airflow/.local/lib/python3.10/site-packages/airflow/example_dags/example_python_decorator.py took 0.075 seconds
[2026-07-21T18:42:52.955+0000] {processor.py:161} INFO - Started process (PID=1049) to work on /home/airflow/.local/lib/python3.10/site-packages/airflow/example_dags/example_python_decorator.py
[2026-07-21T18:42:52.956+0000] {processor.py:830} INFO - Processing file /home/airflow/.local/lib/python3.10/site-packages/airflow/example_dags/example_python_decorator.py for tasks to queue
[2026-07-21T18:42:52.958+0000] {logging_mixin.py:188} INFO - [2026-07-21T18:42:52.958+0000] {dagbag.py:538} INFO - Filling up the DagBag from /home/airflow/.local/lib/python3.10/site-packages/airflow/example_dags/example_python_decorator.py
[2026-07-21T18:42:52.971+0000] {processor.py:840} INFO - DAG(s) 'example_python_decorator' retrieved from /home/airflow/.local/lib/python3.10/site-packages/airflow/example_dags/example_python_decorator.py
[2026-07-21T18:42:52.993+0000] {logging_mixin.py:188} INFO - [2026-07-21T18:42:52.993+0000] {dag.py:3036} INFO - Sync 1 DAGs
[2026-07-21T18:42:53.005+0000] {logging_mixin.py:188} INFO - [2026-07-21T18:42:53.004+0000] {dag.py:3823} INFO - Setting next_dagrun for example_python_decorator to None, run_after=None
[2026-07-21T18:42:53.024+0000] {processor.py:183} INFO - Processing /home/airflow/.local/lib/python3.10/site-packages/airflow/example_dags/example_python_decorator.py took 0.072 seconds
[2026-07-21T18:43:23.399+0000] {processor.py:161} INFO - Started process (PID=1105) to work on /home/airflow/.local/lib/python3.10/site-packages/airflow/example_dags/example_python_decorator.py
[2026-07-21T18:43:23.400+0000] {processor.py:830} INFO - Processing file /home/airflow/.local/lib/python3.10/site-packages/airflow/example_dags/example_python_decorator.py for tasks to queue
[2026-07-21T18:43:23.403+0000] {logging_mixin.py:188} INFO - [2026-07-21T18:43:23.402+0000] {dagbag.py:538} INFO - Filling up the DagBag from /home/airflow/.local/lib/python3.10/site-packages/airflow/example_dags/example_python_decorator.py
[2026-07-21T18:43:23.416+0000] {processor.py:840} INFO - DAG(s) 'example_python_decorator' retrieved from /home/airflow/.local/lib/python3.10/site-packages/airflow/example_dags/example_python_decorator.py
[2026-07-21T18:43:23.439+0000] {logging_mixin.py:188} INFO - [2026-07-21T18:43:23.439+0000] {dag.py:3036} INFO - Sync 1 DAGs
[2026-07-21T18:43:23.450+0000] {logging_mixin.py:188} INFO - [2026-07-21T18:43:23.450+0000] {dag.py:3823} INFO - Setting next_dagrun for example_python_decorator to None, run_after=None
[2026-07-21T18:43:23.470+0000] {processor.py:183} INFO - Processing /home/airflow/.local/lib/python3.10/site-packages/airflow/example_dags/example_python_decorator.py took 0.075 seconds
[2026-07-21T18:43:53.795+0000] {processor.py:161} INFO - Started process (PID=1161) to work on /home/airflow/.local/lib/python3.10/site-packages/airflow/example_dags/example_python_decorator.py
[2026-07-21T18:43:53.796+0000] {processor.py:830} INFO - Processing file /home/airflow/.local/lib/python3.10/site-packages/airflow/example_dags/example_python_decorator.py for tasks to queue
[2026-07-21T18:43:53.799+0000] {logging_mixin.py:188} INFO - [2026-07-21T18:43:53.798+0000] {dagbag.py:538} INFO - Filling up the DagBag from /home/airflow/.local/lib/python3.10/site-packages/airflow/example_dags/example_python_decorator.py
[2026-07-21T18:43:53.812+0000] {processor.py:840} INFO - DAG(s) 'example_python_decorator' retrieved from /home/airflow/.local/lib/python3.10/site-packages/airflow/example_dags/example_python_decorator.py
[2026-07-21T18:43:53.833+0000] {logging_mixin.py:188} INFO - [2026-07-21T18:43:53.833+0000] {dag.py:3036} INFO - Sync 1 DAGs
[2026-07-21T18:43:53.844+0000] {logging_mixin.py:188} INFO - [2026-07-21T18:43:53.844+0000] {dag.py:3823} INFO - Setting next_dagrun for example_python_decorator to None, run_after=None
[2026-07-21T18:43:53.862+0000] {processor.py:183} INFO - Processing /home/airflow/.local/lib/python3.10/site-packages/airflow/example_dags/example_python_decorator.py took 0.071 seconds
[2026-07-21T18:44:24.257+0000] {processor.py:161} INFO - Started process (PID=1217) to work on /home/airflow/.local/lib/python3.10/site-packages/airflow/example_dags/example_python_decorator.py
[2026-07-21T18:44:24.258+0000] {processor.py:830} INFO - Processing file /home/airflow/.local/lib/python3.10/site-packages/airflow/example_dags/example_python_decorator.py for tasks to queue
[2026-07-21T18:44:24.260+0000] {logging_mixin.py:188} INFO - [2026-07-21T18:44:24.260+0000] {dagbag.py:538} INFO - Filling up the DagBag from /home/airflow/.local/lib/python3.10/site-packages/airflow/example_dags/example_python_decorator.py
[2026-07-21T18:44:24.273+0000] {processor.py:840} INFO - DAG(s) 'example_python_decorator' retrieved from /home/airflow/.local/lib/python3.10/site-packages/airflow/example_dags/example_python_decorator.py
[2026-07-21T18:44:24.294+0000] {logging_mixin.py:188} INFO - [2026-07-21T18:44:24.294+0000] {dag.py:3036} INFO - Sync 1 DAGs
[2026-07-21T18:44:24.304+0000] {logging_mixin.py:188} INFO - [2026-07-21T18:44:24.304+0000] {dag.py:3823} INFO - Setting next_dagrun for example_python_decorator to None, run_after=None
[2026-07-21T18:44:24.321+0000] {processor.py:183} INFO - Processing /home/airflow/.local/lib/python3.10/site-packages/airflow/example_dags/example_python_decorator.py took 0.068 seconds
[2026-07-21T18:44:54.431+0000] {processor.py:161} INFO - Started process (PID=1273) to work on /home/airflow/.local/lib/python3.10/site-packages/airflow/example_dags/example_python_decorator.py
[2026-07-21T18:44:54.432+0000] {processor.py:830} INFO - Processing file /home/airflow/.local/lib/python3.10/site-packages/airflow/example_dags/example_python_decorator.py for tasks to queue
[2026-07-21T18:44:54.434+0000] {logging_mixin.py:188} INFO - [2026-07-21T18:44:54.434+0000] {dagbag.py:538} INFO - Filling up the DagBag from /home/airflow/.local/lib/python3.10/site-packages/airflow/example_dags/example_python_decorator.py
[2026-07-21T18:44:54.452+0000] {processor.py:840} INFO - DAG(s) 'example_python_decorator' retrieved from /home/airflow/.local/lib/python3.10/site-packages/airflow/example_dags/example_python_decorator.py
[2026-07-21T18:44:54.476+0000] {logging_mixin.py:188} INFO - [2026-07-21T18:44:54.476+0000] {dag.py:3036} INFO - Sync 1 DAGs
[2026-07-21T18:44:54.488+0000] {logging_mixin.py:188} INFO - [2026-07-21T18:44:54.488+0000] {dag.py:3823} INFO - Setting next_dagrun for example_python_decorator to None, run_after=None
[2026-07-21T18:44:54.510+0000] {processor.py:183} INFO - Processing /home/airflow/.local/lib/python3.10/site-packages/airflow/example_dags/example_python_decorator.py took 0.082 seconds
[2026-07-21T18:45:25.489+0000] {processor.py:161} INFO - Started process (PID=1329) to work on /home/airflow/.local/lib/python3.10/site-packages/airflow/example_dags/example_python_decorator.py
[2026-07-21T18:45:25.490+0000] {processor.py:830} INFO - Processing file /home/airflow/.local/lib/python3.10/site-packages/airflow/example_dags/example_python_decorator.py for tasks to queue
[2026-07-21T18:45:25.492+0000] {logging_mixin.py:188} INFO - [2026-07-21T18:45:25.492+0000] {dagbag.py:538} INFO - Filling up the DagBag from /home/airflow/.local/lib/python3.10/site-packages/airflow/example_dags/example_python_decorator.py
[2026-07-21T18:45:25.505+0000] {processor.py:840} INFO - DAG(s) 'example_python_decorator' retrieved from /home/airflow/.local/lib/python3.10/site-packages/airflow/example_dags/example_python_decorator.py
[2026-07-21T18:45:25.526+0000] {logging_mixin.py:188} INFO - [2026-07-21T18:45:25.526+0000] {dag.py:3036} INFO - Sync 1 DAGs
[2026-07-21T18:45:25.536+0000] {logging_mixin.py:188} INFO - [2026-07-21T18:45:25.536+0000] {dag.py:3823} INFO - Setting next_dagrun for example_python_decorator to None, run_after=None
[2026-07-21T18:45:25.555+0000] {processor.py:183} INFO - Processing /home/airflow/.local/lib/python3.10/site-packages/airflow/example_dags/example_python_decorator.py took 0.070 seconds
[2026-07-21T18:45:56.116+0000] {processor.py:161} INFO - Started process (PID=1385) to work on /home/airflow/.local/lib/python3.10/site-packages/airflow/example_dags/example_python_decorator.py
[2026-07-21T18:45:56.117+0000] {processor.py:830} INFO - Processing file /home/airflow/.local/lib/python3.10/site-packages/airflow/example_dags/example_python_decorator.py for tasks to queue
[2026-07-21T18:45:56.119+0000] {logging_mixin.py:188} INFO - [2026-07-21T18:45:56.119+0000] {dagbag.py:538} INFO - Filling up the DagBag from /home/airflow/.local/lib/python3.10/site-packages/airflow/example_dags/example_python_decorator.py
[2026-07-21T18:45:56.131+0000] {processor.py:840} INFO - DAG(s) 'example_python_decorator' retrieved from /home/airflow/.local/lib/python3.10/site-packages/airflow/example_dags/example_python_decorator.py
[2026-07-21T18:45:56.153+0000] {logging_mixin.py:188} INFO - [2026-07-21T18:45:56.152+0000] {dag.py:3036} INFO - Sync 1 DAGs
[2026-07-21T18:45:56.163+0000] {logging_mixin.py:188} INFO - [2026-07-21T18:45:56.163+0000] {dag.py:3823} INFO - Setting next_dagrun for example_python_decorator to None, run_after=None
[2026-07-21T18:45:56.182+0000] {processor.py:183} INFO - Processing /home/airflow/.local/lib/python3.10/site-packages/airflow/example_dags/example_python_decorator.py took 0.070 seconds
[2026-07-21T18:46:26.550+0000] {processor.py:161} INFO - Started process (PID=1441) to work on /home/airflow/.local/lib/python3.10/site-packages/airflow/example_dags/example_python_decorator.py
[2026-07-21T18:46:26.551+0000] {processor.py:830} INFO - Processing file /home/airflow/.local/lib/python3.10/site-packages/airflow/example_dags/example_python_decorator.py for tasks to queue
[2026-07-21T18:46:26.554+0000] {logging_mixin.py:188} INFO - [2026-07-21T18:46:26.553+0000] {dagbag.py:538} INFO - Filling up the DagBag from /home/airflow/.local/lib/python3.10/site-packages/airflow/example_dags/example_python_decorator.py
[2026-07-21T18:46:26.567+0000] {processor.py:840} INFO - DAG(s) 'example_python_decorator' retrieved from /home/airflow/.local/lib/python3.10/site-packages/airflow/example_dags/example_python_decorator.py
[2026-07-21T18:46:26.590+0000] {logging_mixin.py:188} INFO - [2026-07-21T18:46:26.589+0000] {dag.py:3036} INFO - Sync 1 DAGs
[2026-07-21T18:46:26.602+0000] {logging_mixin.py:188} INFO - [2026-07-21T18:46:26.601+0000] {dag.py:3823} INFO - Setting next_dagrun for example_python_decorator to None, run_after=None
[2026-07-21T18:46:26.618+0000] {processor.py:183} INFO - Processing /home/airflow/.local/lib/python3.10/site-packages/airflow/example_dags/example_python_decorator.py took 0.072 seconds
[2026-07-21T18:46:56.721+0000] {processor.py:161} INFO - Started process (PID=1497) to work on /home/airflow/.local/lib/python3.10/site-packages/airflow/example_dags/example_python_decorator.py
[2026-07-21T18:46:56.722+0000] {processor.py:830} INFO - Processing file /home/airflow/.local/lib/python3.10/site-packages/airflow/example_dags/example_python_decorator.py for tasks to queue
[2026-07-21T18:46:56.725+0000] {logging_mixin.py:188} INFO - [2026-07-21T18:46:56.724+0000] {dagbag.py:538} INFO - Filling up the DagBag from /home/airflow/.local/lib/python3.10/site-packages/airflow/example_dags/example_python_decorator.py
[2026-07-21T18:46:56.738+0000] {processor.py:840} INFO - DAG(s) 'example_python_decorator' retrieved from /home/airflow/.local/lib/python3.10/site-packages/airflow/example_dags/example_python_decorator.py
[2026-07-21T18:46:56.759+0000] {logging_mixin.py:188} INFO - [2026-07-21T18:46:56.758+0000] {dag.py:3036} INFO - Sync 1 DAGs
[2026-07-21T18:46:56.769+0000] {logging_mixin.py:188} INFO - [2026-07-21T18:46:56.769+0000] {dag.py:3823} INFO - Setting next_dagrun for example_python_decorator to None, run_after=None
[2026-07-21T18:46:56.785+0000] {processor.py:183} INFO - Processing /home/airflow/.local/lib/python3.10/site-packages/airflow/example_dags/example_python_decorator.py took 0.068 seconds
[2026-07-21T18:47:27.125+0000] {processor.py:161} INFO - Started process (PID=1553) to work on /home/airflow/.local/lib/python3.10/site-packages/airflow/example_dags/example_python_decorator.py
[2026-07-21T18:47:27.126+0000] {processor.py:830} INFO - Processing file /home/airflow/.local/lib/python3.10/site-packages/airflow/example_dags/example_python_decorator.py for tasks to queue
[2026-07-21T18:47:27.129+0000] {logging_mixin.py:188} INFO - [2026-07-21T18:47:27.128+0000] {dagbag.py:538} INFO - Filling up the DagBag from /home/airflow/.local/lib/python3.10/site-packages/airflow/example_dags/example_python_decorator.py
[2026-07-21T18:47:27.142+0000] {processor.py:840} INFO - DAG(s) 'example_python_decorator' retrieved from /home/airflow/.local/lib/python3.10/site-packages/airflow/example_dags/example_python_decorator.py
[2026-07-21T18:47:27.165+0000] {logging_mixin.py:188} INFO - [2026-07-21T18:47:27.165+0000] {dag.py:3036} INFO - Sync 1 DAGs
[2026-07-21T18:47:27.175+0000] {logging_mixin.py:188} INFO - [2026-07-21T18:47:27.174+0000] {dag.py:3823} INFO - Setting next_dagrun for example_python_decorator to None, run_after=None
[2026-07-21T18:47:27.192+0000] {processor.py:183} INFO - Processing /home/airflow/.local/lib/python3.10/site-packages/airflow/example_dags/example_python_decorator.py took 0.071 seconds
[2026-07-21T18:47:57.646+0000] {processor.py:161} INFO - Started process (PID=1609) to work on /home/airflow/.local/lib/python3.10/site-packages/airflow/example_dags/example_python_decorator.py
[2026-07-21T18:47:57.647+0000] {processor.py:830} INFO - Processing file /home/airflow/.local/lib/python3.10/site-packages/airflow/example_dags/example_python_decorator.py for tasks to queue
[2026-07-21T18:47:57.649+0000] {logging_mixin.py:188} INFO - [2026-07-21T18:47:57.649+0000] {dagbag.py:538} INFO - Filling up the DagBag from /home/airflow/.local/lib/python3.10/site-packages/airflow/example_dags/example_python_decorator.py
[2026-07-21T18:47:57.661+0000] {processor.py:840} INFO - DAG(s) 'example_python_decorator' retrieved from /home/airflow/.local/lib/python3.10/site-packages/airflow/example_dags/example_python_decorator.py
[2026-07-21T18:47:57.682+0000] {logging_mixin.py:188} INFO - [2026-07-21T18:47:57.682+0000] {dag.py:3036} INFO - Sync 1 DAGs
[2026-07-21T18:47:57.693+0000] {logging_mixin.py:188} INFO - [2026-07-21T18:47:57.693+0000] {dag.py:3823} INFO - Setting next_dagrun for example_python_decorator to None, run_after=None
[2026-07-21T18:47:57.710+0000] {processor.py:183} INFO - Processing /home/airflow/.local/lib/python3.10/site-packages/airflow/example_dags/example_python_decorator.py took 0.068 seconds
