[2026-07-21T17:56:27.327+0000] {processor.py:161} INFO - Started process (PID=83) to work on /home/airflow/.local/lib/python3.8/site-packages/airflow/example_dags/example_time_delta_sensor_async.py
[2026-07-21T17:56:27.334+0000] {processor.py:830} INFO - Processing file /home/airflow/.local/lib/python3.8/site-packages/airflow/example_dags/example_time_delta_sensor_async.py for tasks to queue
[2026-07-21T17:56:27.339+0000] {logging_mixin.py:188} INFO - [2026-07-21T17:56:27.338+0000] {dagbag.py:538} INFO - Filling up the DagBag from /home/airflow/.local/lib/python3.8/site-packages/airflow/example_dags/example_time_delta_sensor_async.py
[2026-07-21T17:56:27.358+0000] {processor.py:840} INFO - DAG(s) 'example_time_delta_sensor_async' retrieved from /home/airflow/.local/lib/python3.8/site-packages/airflow/example_dags/example_time_delta_sensor_async.py
[2026-07-21T17:56:27.802+0000] {logging_mixin.py:188} INFO - [2026-07-21T17:56:27.801+0000] {dag.py:3036} INFO - Sync 1 DAGs
[2026-07-21T17:56:27.832+0000] {logging_mixin.py:188} INFO - [2026-07-21T17:56:27.831+0000] {dag.py:3823} INFO - Setting next_dagrun for example_time_delta_sensor_async to None, run_after=None
[2026-07-21T17:56:27.892+0000] {processor.py:183} INFO - Processing /home/airflow/.local/lib/python3.8/site-packages/airflow/example_dags/example_time_delta_sensor_async.py took 0.573 seconds
[2026-07-21T17:56:58.084+0000] {processor.py:161} INFO - Started process (PID=139) to work on /home/airflow/.local/lib/python3.8/site-packages/airflow/example_dags/example_time_delta_sensor_async.py
[2026-07-21T17:56:58.085+0000] {processor.py:830} INFO - Processing file /home/airflow/.local/lib/python3.8/site-packages/airflow/example_dags/example_time_delta_sensor_async.py for tasks to queue
[2026-07-21T17:56:58.087+0000] {logging_mixin.py:188} INFO - [2026-07-21T17:56:58.086+0000] {dagbag.py:538} INFO - Filling up the DagBag from /home/airflow/.local/lib/python3.8/site-packages/airflow/example_dags/example_time_delta_sensor_async.py
[2026-07-21T17:56:58.092+0000] {processor.py:840} INFO - DAG(s) 'example_time_delta_sensor_async' retrieved from /home/airflow/.local/lib/python3.8/site-packages/airflow/example_dags/example_time_delta_sensor_async.py
[2026-07-21T17:56:58.113+0000] {logging_mixin.py:188} INFO - [2026-07-21T17:56:58.113+0000] {dag.py:3036} INFO - Sync 1 DAGs
[2026-07-21T17:56:58.124+0000] {logging_mixin.py:188} INFO - [2026-07-21T17:56:58.124+0000] {dag.py:3823} INFO - Setting next_dagrun for example_time_delta_sensor_async to None, run_after=None
[2026-07-21T17:56:58.141+0000] {processor.py:183} INFO - Processing /home/airflow/.local/lib/python3.8/site-packages/airflow/example_dags/example_time_delta_sensor_async.py took 0.062 seconds
[2026-07-21T17:57:28.981+0000] {processor.py:161} INFO - Started process (PID=195) to work on /home/airflow/.local/lib/python3.8/site-packages/airflow/example_dags/example_time_delta_sensor_async.py
[2026-07-21T17:57:28.982+0000] {processor.py:830} INFO - Processing file /home/airflow/.local/lib/python3.8/site-packages/airflow/example_dags/example_time_delta_sensor_async.py for tasks to queue
[2026-07-21T17:57:28.984+0000] {logging_mixin.py:188} INFO - [2026-07-21T17:57:28.984+0000] {dagbag.py:538} INFO - Filling up the DagBag from /home/airflow/.local/lib/python3.8/site-packages/airflow/example_dags/example_time_delta_sensor_async.py
[2026-07-21T17:57:28.989+0000] {processor.py:840} INFO - DAG(s) 'example_time_delta_sensor_async' retrieved from /home/airflow/.local/lib/python3.8/site-packages/airflow/example_dags/example_time_delta_sensor_async.py
[2026-07-21T17:57:29.010+0000] {logging_mixin.py:188} INFO - [2026-07-21T17:57:29.010+0000] {dag.py:3036} INFO - Sync 1 DAGs
[2026-07-21T17:57:29.021+0000] {logging_mixin.py:188} INFO - [2026-07-21T17:57:29.021+0000] {dag.py:3823} INFO - Setting next_dagrun for example_time_delta_sensor_async to None, run_after=None
[2026-07-21T17:57:29.037+0000] {processor.py:183} INFO - Processing /home/airflow/.local/lib/python3.8/site-packages/airflow/example_dags/example_time_delta_sensor_async.py took 0.060 seconds
[2026-07-21T17:57:59.217+0000] {processor.py:161} INFO - Started process (PID=251) to work on /home/airflow/.local/lib/python3.8/site-packages/airflow/example_dags/example_time_delta_sensor_async.py
[2026-07-21T17:57:59.218+0000] {processor.py:830} INFO - Processing file /home/airflow/.local/lib/python3.8/site-packages/airflow/example_dags/example_time_delta_sensor_async.py for tasks to queue
[2026-07-21T17:57:59.220+0000] {logging_mixin.py:188} INFO - [2026-07-21T17:57:59.220+0000] {dagbag.py:538} INFO - Filling up the DagBag from /home/airflow/.local/lib/python3.8/site-packages/airflow/example_dags/example_time_delta_sensor_async.py
[2026-07-21T17:57:59.225+0000] {processor.py:840} INFO - DAG(s) 'example_time_delta_sensor_async' retrieved from /home/airflow/.local/lib/python3.8/site-packages/airflow/example_dags/example_time_delta_sensor_async.py
[2026-07-21T17:57:59.248+0000] {logging_mixin.py:188} INFO - [2026-07-21T17:57:59.247+0000] {dag.py:3036} INFO - Sync 1 DAGs
[2026-07-21T17:57:59.260+0000] {logging_mixin.py:188} INFO - [2026-07-21T17:57:59.259+0000] {dag.py:3823} INFO - Setting next_dagrun for example_time_delta_sensor_async to None, run_after=None
[2026-07-21T17:57:59.277+0000] {processor.py:183} INFO - Processing /home/airflow/.local/lib/python3.8/site-packages/airflow/example_dags/example_time_delta_sensor_async.py took 0.064 seconds
[2026-07-21T17:58:29.437+0000] {processor.py:161} INFO - Started process (PID=307) to work on /home/airflow/.local/lib/python3.8/site-packages/airflow/example_dags/example_time_delta_sensor_async.py
[2026-07-21T17:58:29.438+0000] {processor.py:830} INFO - Processing file /home/airflow/.local/lib/python3.8/site-packages/airflow/example_dags/example_time_delta_sensor_async.py for tasks to queue
[2026-07-21T17:58:29.440+0000] {logging_mixin.py:188} INFO - [2026-07-21T17:58:29.440+0000] {dagbag.py:538} INFO - Filling up the DagBag from /home/airflow/.local/lib/python3.8/site-packages/airflow/example_dags/example_time_delta_sensor_async.py
[2026-07-21T17:58:29.444+0000] {processor.py:840} INFO - DAG(s) 'example_time_delta_sensor_async' retrieved from /home/airflow/.local/lib/python3.8/site-packages/airflow/example_dags/example_time_delta_sensor_async.py
[2026-07-21T17:58:29.465+0000] {logging_mixin.py:188} INFO - [2026-07-21T17:58:29.465+0000] {dag.py:3036} INFO - Sync 1 DAGs
[2026-07-21T17:58:29.477+0000] {logging_mixin.py:188} INFO - [2026-07-21T17:58:29.477+0000] {dag.py:3823} INFO - Setting next_dagrun for example_time_delta_sensor_async to None, run_after=None
[2026-07-21T17:58:29.494+0000] {processor.py:183} INFO - Processing /home/airflow/.local/lib/python3.8/site-packages/airflow/example_dags/example_time_delta_sensor_async.py took 0.060 seconds
[2026-07-21T17:58:59.867+0000] {processor.py:161} INFO - Started process (PID=363) to work on /home/airflow/.local/lib/python3.8/site-packages/airflow/example_dags/example_time_delta_sensor_async.py
[2026-07-21T17:58:59.868+0000] {processor.py:830} INFO - Processing file /home/airflow/.local/lib/python3.8/site-packages/airflow/example_dags/example_time_delta_sensor_async.py for tasks to queue
[2026-07-21T17:58:59.870+0000] {logging_mixin.py:188} INFO - [2026-07-21T17:58:59.869+0000] {dagbag.py:538} INFO - Filling up the DagBag from /home/airflow/.local/lib/python3.8/site-packages/airflow/example_dags/example_time_delta_sensor_async.py
[2026-07-21T17:58:59.874+0000] {processor.py:840} INFO - DAG(s) 'example_time_delta_sensor_async' retrieved from /home/airflow/.local/lib/python3.8/site-packages/airflow/example_dags/example_time_delta_sensor_async.py
[2026-07-21T17:58:59.894+0000] {logging_mixin.py:188} INFO - [2026-07-21T17:58:59.894+0000] {dag.py:3036} INFO - Sync 1 DAGs
[2026-07-21T17:58:59.906+0000] {logging_mixin.py:188} INFO - [2026-07-21T17:58:59.906+0000] {dag.py:3823} INFO - Setting next_dagrun for example_time_delta_sensor_async to None, run_after=None
[2026-07-21T17:58:59.923+0000] {processor.py:183} INFO - Processing /home/airflow/.local/lib/python3.8/site-packages/airflow/example_dags/example_time_delta_sensor_async.py took 0.060 seconds
[2026-07-21T17:59:30.085+0000] {processor.py:161} INFO - Started process (PID=419) to work on /home/airflow/.local/lib/python3.8/site-packages/airflow/example_dags/example_time_delta_sensor_async.py
[2026-07-21T17:59:30.086+0000] {processor.py:830} INFO - Processing file /home/airflow/.local/lib/python3.8/site-packages/airflow/example_dags/example_time_delta_sensor_async.py for tasks to queue
[2026-07-21T17:59:30.088+0000] {logging_mixin.py:188} INFO - [2026-07-21T17:59:30.087+0000] {dagbag.py:538} INFO - Filling up the DagBag from /home/airflow/.local/lib/python3.8/site-packages/airflow/example_dags/example_time_delta_sensor_async.py
[2026-07-21T17:59:30.093+0000] {processor.py:840} INFO - DAG(s) 'example_time_delta_sensor_async' retrieved from /home/airflow/.local/lib/python3.8/site-packages/airflow/example_dags/example_time_delta_sensor_async.py
[2026-07-21T17:59:30.115+0000] {logging_mixin.py:188} INFO - [2026-07-21T17:59:30.115+0000] {dag.py:3036} INFO - Sync 1 DAGs
[2026-07-21T17:59:30.126+0000] {logging_mixin.py:188} INFO - [2026-07-21T17:59:30.126+0000] {dag.py:3823} INFO - Setting next_dagrun for example_time_delta_sensor_async to None, run_after=None
[2026-07-21T17:59:30.145+0000] {processor.py:183} INFO - Processing /home/airflow/.local/lib/python3.8/site-packages/airflow/example_dags/example_time_delta_sensor_async.py took 0.064 seconds
[2026-07-21T18:00:00.398+0000] {processor.py:161} INFO - Started process (PID=475) to work on /home/airflow/.local/lib/python3.8/site-packages/airflow/example_dags/example_time_delta_sensor_async.py
[2026-07-21T18:00:00.400+0000] {processor.py:830} INFO - Processing file /home/airflow/.local/lib/python3.8/site-packages/airflow/example_dags/example_time_delta_sensor_async.py for tasks to queue
[2026-07-21T18:00:00.402+0000] {logging_mixin.py:188} INFO - [2026-07-21T18:00:00.401+0000] {dagbag.py:538} INFO - Filling up the DagBag from /home/airflow/.local/lib/python3.8/site-packages/airflow/example_dags/example_time_delta_sensor_async.py
[2026-07-21T18:00:00.406+0000] {processor.py:840} INFO - DAG(s) 'example_time_delta_sensor_async' retrieved from /home/airflow/.local/lib/python3.8/site-packages/airflow/example_dags/example_time_delta_sensor_async.py
[2026-07-21T18:00:00.428+0000] {logging_mixin.py:188} INFO - [2026-07-21T18:00:00.427+0000] {dag.py:3036} INFO - Sync 1 DAGs
[2026-07-21T18:00:00.439+0000] {logging_mixin.py:188} INFO - [2026-07-21T18:00:00.439+0000] {dag.py:3823} INFO - Setting next_dagrun for example_time_delta_sensor_async to None, run_after=None
[2026-07-21T18:00:00.457+0000] {processor.py:183} INFO - Processing /home/airflow/.local/lib/python3.8/site-packages/airflow/example_dags/example_time_delta_sensor_async.py took 0.063 seconds
[2026-07-21T18:00:30.815+0000] {processor.py:161} INFO - Started process (PID=531) to work on /home/airflow/.local/lib/python3.8/site-packages/airflow/example_dags/example_time_delta_sensor_async.py
[2026-07-21T18:00:30.816+0000] {processor.py:830} INFO - Processing file /home/airflow/.local/lib/python3.8/site-packages/airflow/example_dags/example_time_delta_sensor_async.py for tasks to queue
[2026-07-21T18:00:30.818+0000] {logging_mixin.py:188} INFO - [2026-07-21T18:00:30.818+0000] {dagbag.py:538} INFO - Filling up the DagBag from /home/airflow/.local/lib/python3.8/site-packages/airflow/example_dags/example_time_delta_sensor_async.py
[2026-07-21T18:00:30.823+0000] {processor.py:840} INFO - DAG(s) 'example_time_delta_sensor_async' retrieved from /home/airflow/.local/lib/python3.8/site-packages/airflow/example_dags/example_time_delta_sensor_async.py
[2026-07-21T18:00:30.846+0000] {logging_mixin.py:188} INFO - [2026-07-21T18:00:30.846+0000] {dag.py:3036} INFO - Sync 1 DAGs
[2026-07-21T18:00:30.858+0000] {logging_mixin.py:188} INFO - [2026-07-21T18:00:30.857+0000] {dag.py:3823} INFO - Setting next_dagrun for example_time_delta_sensor_async to None, run_after=None
[2026-07-21T18:00:30.877+0000] {processor.py:183} INFO - Processing /home/airflow/.local/lib/python3.8/site-packages/airflow/example_dags/example_time_delta_sensor_async.py took 0.067 seconds
[2026-07-21T18:01:01.057+0000] {processor.py:161} INFO - Started process (PID=588) to work on /home/airflow/.local/lib/python3.8/site-packages/airflow/example_dags/example_time_delta_sensor_async.py
[2026-07-21T18:01:01.058+0000] {processor.py:830} INFO - Processing file /home/airflow/.local/lib/python3.8/site-packages/airflow/example_dags/example_time_delta_sensor_async.py for tasks to queue
[2026-07-21T18:01:01.060+0000] {logging_mixin.py:188} INFO - [2026-07-21T18:01:01.060+0000] {dagbag.py:538} INFO - Filling up the DagBag from /home/airflow/.local/lib/python3.8/site-packages/airflow/example_dags/example_time_delta_sensor_async.py
[2026-07-21T18:01:01.065+0000] {processor.py:840} INFO - DAG(s) 'example_time_delta_sensor_async' retrieved from /home/airflow/.local/lib/python3.8/site-packages/airflow/example_dags/example_time_delta_sensor_async.py
[2026-07-21T18:01:01.086+0000] {logging_mixin.py:188} INFO - [2026-07-21T18:01:01.085+0000] {dag.py:3036} INFO - Sync 1 DAGs
[2026-07-21T18:01:01.097+0000] {logging_mixin.py:188} INFO - [2026-07-21T18:01:01.097+0000] {dag.py:3823} INFO - Setting next_dagrun for example_time_delta_sensor_async to None, run_after=None
[2026-07-21T18:01:01.115+0000] {processor.py:183} INFO - Processing /home/airflow/.local/lib/python3.8/site-packages/airflow/example_dags/example_time_delta_sensor_async.py took 0.061 seconds
[2026-07-21T18:01:31.340+0000] {processor.py:161} INFO - Started process (PID=644) to work on /home/airflow/.local/lib/python3.8/site-packages/airflow/example_dags/example_time_delta_sensor_async.py
[2026-07-21T18:01:31.341+0000] {processor.py:830} INFO - Processing file /home/airflow/.local/lib/python3.8/site-packages/airflow/example_dags/example_time_delta_sensor_async.py for tasks to queue
[2026-07-21T18:01:31.343+0000] {logging_mixin.py:188} INFO - [2026-07-21T18:01:31.343+0000] {dagbag.py:538} INFO - Filling up the DagBag from /home/airflow/.local/lib/python3.8/site-packages/airflow/example_dags/example_time_delta_sensor_async.py
[2026-07-21T18:01:31.349+0000] {processor.py:840} INFO - DAG(s) 'example_time_delta_sensor_async' retrieved from /home/airflow/.local/lib/python3.8/site-packages/airflow/example_dags/example_time_delta_sensor_async.py
[2026-07-21T18:01:31.372+0000] {logging_mixin.py:188} INFO - [2026-07-21T18:01:31.372+0000] {dag.py:3036} INFO - Sync 1 DAGs
[2026-07-21T18:01:31.385+0000] {logging_mixin.py:188} INFO - [2026-07-21T18:01:31.384+0000] {dag.py:3823} INFO - Setting next_dagrun for example_time_delta_sensor_async to None, run_after=None
[2026-07-21T18:01:31.403+0000] {processor.py:183} INFO - Processing /home/airflow/.local/lib/python3.8/site-packages/airflow/example_dags/example_time_delta_sensor_async.py took 0.067 seconds
[2026-07-21T18:02:01.589+0000] {processor.py:161} INFO - Started process (PID=700) to work on /home/airflow/.local/lib/python3.8/site-packages/airflow/example_dags/example_time_delta_sensor_async.py
[2026-07-21T18:02:01.590+0000] {processor.py:830} INFO - Processing file /home/airflow/.local/lib/python3.8/site-packages/airflow/example_dags/example_time_delta_sensor_async.py for tasks to queue
[2026-07-21T18:02:01.593+0000] {logging_mixin.py:188} INFO - [2026-07-21T18:02:01.592+0000] {dagbag.py:538} INFO - Filling up the DagBag from /home/airflow/.local/lib/python3.8/site-packages/airflow/example_dags/example_time_delta_sensor_async.py
[2026-07-21T18:02:01.598+0000] {processor.py:840} INFO - DAG(s) 'example_time_delta_sensor_async' retrieved from /home/airflow/.local/lib/python3.8/site-packages/airflow/example_dags/example_time_delta_sensor_async.py
[2026-07-21T18:02:01.620+0000] {logging_mixin.py:188} INFO - [2026-07-21T18:02:01.620+0000] {dag.py:3036} INFO - Sync 1 DAGs
[2026-07-21T18:02:01.632+0000] {logging_mixin.py:188} INFO - [2026-07-21T18:02:01.632+0000] {dag.py:3823} INFO - Setting next_dagrun for example_time_delta_sensor_async to None, run_after=None
[2026-07-21T18:02:01.651+0000] {processor.py:183} INFO - Processing /home/airflow/.local/lib/python3.8/site-packages/airflow/example_dags/example_time_delta_sensor_async.py took 0.066 seconds
[2026-07-21T18:02:32.204+0000] {processor.py:161} INFO - Started process (PID=756) to work on /home/airflow/.local/lib/python3.8/site-packages/airflow/example_dags/example_time_delta_sensor_async.py
[2026-07-21T18:02:32.205+0000] {processor.py:830} INFO - Processing file /home/airflow/.local/lib/python3.8/site-packages/airflow/example_dags/example_time_delta_sensor_async.py for tasks to queue
[2026-07-21T18:02:32.207+0000] {logging_mixin.py:188} INFO - [2026-07-21T18:02:32.207+0000] {dagbag.py:538} INFO - Filling up the DagBag from /home/airflow/.local/lib/python3.8/site-packages/airflow/example_dags/example_time_delta_sensor_async.py
[2026-07-21T18:02:32.212+0000] {processor.py:840} INFO - DAG(s) 'example_time_delta_sensor_async' retrieved from /home/airflow/.local/lib/python3.8/site-packages/airflow/example_dags/example_time_delta_sensor_async.py
[2026-07-21T18:02:32.234+0000] {logging_mixin.py:188} INFO - [2026-07-21T18:02:32.234+0000] {dag.py:3036} INFO - Sync 1 DAGs
[2026-07-21T18:02:32.246+0000] {logging_mixin.py:188} INFO - [2026-07-21T18:02:32.245+0000] {dag.py:3823} INFO - Setting next_dagrun for example_time_delta_sensor_async to None, run_after=None
[2026-07-21T18:02:32.266+0000] {processor.py:183} INFO - Processing /home/airflow/.local/lib/python3.8/site-packages/airflow/example_dags/example_time_delta_sensor_async.py took 0.065 seconds
[2026-07-21T18:03:02.556+0000] {processor.py:161} INFO - Started process (PID=812) to work on /home/airflow/.local/lib/python3.8/site-packages/airflow/example_dags/example_time_delta_sensor_async.py
[2026-07-21T18:03:02.557+0000] {processor.py:830} INFO - Processing file /home/airflow/.local/lib/python3.8/site-packages/airflow/example_dags/example_time_delta_sensor_async.py for tasks to queue
[2026-07-21T18:03:02.559+0000] {logging_mixin.py:188} INFO - [2026-07-21T18:03:02.558+0000] {dagbag.py:538} INFO - Filling up the DagBag from /home/airflow/.local/lib/python3.8/site-packages/airflow/example_dags/example_time_delta_sensor_async.py
[2026-07-21T18:03:02.564+0000] {processor.py:840} INFO - DAG(s) 'example_time_delta_sensor_async' retrieved from /home/airflow/.local/lib/python3.8/site-packages/airflow/example_dags/example_time_delta_sensor_async.py
[2026-07-21T18:03:02.587+0000] {logging_mixin.py:188} INFO - [2026-07-21T18:03:02.587+0000] {dag.py:3036} INFO - Sync 1 DAGs
[2026-07-21T18:03:02.598+0000] {logging_mixin.py:188} INFO - [2026-07-21T18:03:02.598+0000] {dag.py:3823} INFO - Setting next_dagrun for example_time_delta_sensor_async to None, run_after=None
[2026-07-21T18:03:02.617+0000] {processor.py:183} INFO - Processing /home/airflow/.local/lib/python3.8/site-packages/airflow/example_dags/example_time_delta_sensor_async.py took 0.066 seconds
[2026-07-21T18:03:32.843+0000] {processor.py:161} INFO - Started process (PID=868) to work on /home/airflow/.local/lib/python3.8/site-packages/airflow/example_dags/example_time_delta_sensor_async.py
[2026-07-21T18:03:32.845+0000] {processor.py:830} INFO - Processing file /home/airflow/.local/lib/python3.8/site-packages/airflow/example_dags/example_time_delta_sensor_async.py for tasks to queue
[2026-07-21T18:03:32.847+0000] {logging_mixin.py:188} INFO - [2026-07-21T18:03:32.847+0000] {dagbag.py:538} INFO - Filling up the DagBag from /home/airflow/.local/lib/python3.8/site-packages/airflow/example_dags/example_time_delta_sensor_async.py
[2026-07-21T18:03:32.852+0000] {processor.py:840} INFO - DAG(s) 'example_time_delta_sensor_async' retrieved from /home/airflow/.local/lib/python3.8/site-packages/airflow/example_dags/example_time_delta_sensor_async.py
[2026-07-21T18:03:32.882+0000] {logging_mixin.py:188} INFO - [2026-07-21T18:03:32.882+0000] {dag.py:3036} INFO - Sync 1 DAGs
[2026-07-21T18:03:32.898+0000] {logging_mixin.py:188} INFO - [2026-07-21T18:03:32.897+0000] {dag.py:3823} INFO - Setting next_dagrun for example_time_delta_sensor_async to None, run_after=None
[2026-07-21T18:03:32.918+0000] {processor.py:183} INFO - Processing /home/airflow/.local/lib/python3.8/site-packages/airflow/example_dags/example_time_delta_sensor_async.py took 0.079 seconds
[2026-07-21T18:04:03.157+0000] {processor.py:161} INFO - Started process (PID=924) to work on /home/airflow/.local/lib/python3.8/site-packages/airflow/example_dags/example_time_delta_sensor_async.py
[2026-07-21T18:04:03.158+0000] {processor.py:830} INFO - Processing file /home/airflow/.local/lib/python3.8/site-packages/airflow/example_dags/example_time_delta_sensor_async.py for tasks to queue
[2026-07-21T18:04:03.160+0000] {logging_mixin.py:188} INFO - [2026-07-21T18:04:03.160+0000] {dagbag.py:538} INFO - Filling up the DagBag from /home/airflow/.local/lib/python3.8/site-packages/airflow/example_dags/example_time_delta_sensor_async.py
[2026-07-21T18:04:03.165+0000] {processor.py:840} INFO - DAG(s) 'example_time_delta_sensor_async' retrieved from /home/airflow/.local/lib/python3.8/site-packages/airflow/example_dags/example_time_delta_sensor_async.py
[2026-07-21T18:04:03.188+0000] {logging_mixin.py:188} INFO - [2026-07-21T18:04:03.187+0000] {dag.py:3036} INFO - Sync 1 DAGs
[2026-07-21T18:04:03.199+0000] {logging_mixin.py:188} INFO - [2026-07-21T18:04:03.198+0000] {dag.py:3823} INFO - Setting next_dagrun for example_time_delta_sensor_async to None, run_after=None
[2026-07-21T18:04:03.217+0000] {processor.py:183} INFO - Processing /home/airflow/.local/lib/python3.8/site-packages/airflow/example_dags/example_time_delta_sensor_async.py took 0.065 seconds
[2026-07-21T18:04:33.555+0000] {processor.py:161} INFO - Started process (PID=980) to work on /home/airflow/.local/lib/python3.8/site-packages/airflow/example_dags/example_time_delta_sensor_async.py
[2026-07-21T18:04:33.556+0000] {processor.py:830} INFO - Processing file /home/airflow/.local/lib/python3.8/site-packages/airflow/example_dags/example_time_delta_sensor_async.py for tasks to queue
[2026-07-21T18:04:33.558+0000] {logging_mixin.py:188} INFO - [2026-07-21T18:04:33.558+0000] {dagbag.py:538} INFO - Filling up the DagBag from /home/airflow/.local/lib/python3.8/site-packages/airflow/example_dags/example_time_delta_sensor_async.py
[2026-07-21T18:04:33.564+0000] {processor.py:840} INFO - DAG(s) 'example_time_delta_sensor_async' retrieved from /home/airflow/.local/lib/python3.8/site-packages/airflow/example_dags/example_time_delta_sensor_async.py
[2026-07-21T18:04:33.586+0000] {logging_mixin.py:188} INFO - [2026-07-21T18:04:33.585+0000] {dag.py:3036} INFO - Sync 1 DAGs
[2026-07-21T18:04:33.597+0000] {logging_mixin.py:188} INFO - [2026-07-21T18:04:33.597+0000] {dag.py:3823} INFO - Setting next_dagrun for example_time_delta_sensor_async to None, run_after=None
[2026-07-21T18:04:33.617+0000] {processor.py:183} INFO - Processing /home/airflow/.local/lib/python3.8/site-packages/airflow/example_dags/example_time_delta_sensor_async.py took 0.066 seconds
[2026-07-21T18:05:03.962+0000] {processor.py:161} INFO - Started process (PID=1036) to work on /home/airflow/.local/lib/python3.8/site-packages/airflow/example_dags/example_time_delta_sensor_async.py
[2026-07-21T18:05:03.963+0000] {processor.py:830} INFO - Processing file /home/airflow/.local/lib/python3.8/site-packages/airflow/example_dags/example_time_delta_sensor_async.py for tasks to queue
[2026-07-21T18:05:03.965+0000] {logging_mixin.py:188} INFO - [2026-07-21T18:05:03.965+0000] {dagbag.py:538} INFO - Filling up the DagBag from /home/airflow/.local/lib/python3.8/site-packages/airflow/example_dags/example_time_delta_sensor_async.py
[2026-07-21T18:05:03.970+0000] {processor.py:840} INFO - DAG(s) 'example_time_delta_sensor_async' retrieved from /home/airflow/.local/lib/python3.8/site-packages/airflow/example_dags/example_time_delta_sensor_async.py
[2026-07-21T18:05:03.990+0000] {logging_mixin.py:188} INFO - [2026-07-21T18:05:03.990+0000] {dag.py:3036} INFO - Sync 1 DAGs
[2026-07-21T18:05:04.001+0000] {logging_mixin.py:188} INFO - [2026-07-21T18:05:04.001+0000] {dag.py:3823} INFO - Setting next_dagrun for example_time_delta_sensor_async to None, run_after=None
[2026-07-21T18:05:04.021+0000] {processor.py:183} INFO - Processing /home/airflow/.local/lib/python3.8/site-packages/airflow/example_dags/example_time_delta_sensor_async.py took 0.062 seconds
[2026-07-21T18:05:34.587+0000] {processor.py:161} INFO - Started process (PID=1092) to work on /home/airflow/.local/lib/python3.8/site-packages/airflow/example_dags/example_time_delta_sensor_async.py
[2026-07-21T18:05:34.589+0000] {processor.py:830} INFO - Processing file /home/airflow/.local/lib/python3.8/site-packages/airflow/example_dags/example_time_delta_sensor_async.py for tasks to queue
[2026-07-21T18:05:34.591+0000] {logging_mixin.py:188} INFO - [2026-07-21T18:05:34.590+0000] {dagbag.py:538} INFO - Filling up the DagBag from /home/airflow/.local/lib/python3.8/site-packages/airflow/example_dags/example_time_delta_sensor_async.py
[2026-07-21T18:05:34.596+0000] {processor.py:840} INFO - DAG(s) 'example_time_delta_sensor_async' retrieved from /home/airflow/.local/lib/python3.8/site-packages/airflow/example_dags/example_time_delta_sensor_async.py
[2026-07-21T18:05:34.618+0000] {logging_mixin.py:188} INFO - [2026-07-21T18:05:34.618+0000] {dag.py:3036} INFO - Sync 1 DAGs
[2026-07-21T18:05:34.629+0000] {logging_mixin.py:188} INFO - [2026-07-21T18:05:34.629+0000] {dag.py:3823} INFO - Setting next_dagrun for example_time_delta_sensor_async to None, run_after=None
[2026-07-21T18:05:34.650+0000] {processor.py:183} INFO - Processing /home/airflow/.local/lib/python3.8/site-packages/airflow/example_dags/example_time_delta_sensor_async.py took 0.066 seconds
[2026-07-21T18:06:04.956+0000] {processor.py:161} INFO - Started process (PID=1148) to work on /home/airflow/.local/lib/python3.8/site-packages/airflow/example_dags/example_time_delta_sensor_async.py
[2026-07-21T18:06:04.957+0000] {processor.py:830} INFO - Processing file /home/airflow/.local/lib/python3.8/site-packages/airflow/example_dags/example_time_delta_sensor_async.py for tasks to queue
[2026-07-21T18:06:04.959+0000] {logging_mixin.py:188} INFO - [2026-07-21T18:06:04.959+0000] {dagbag.py:538} INFO - Filling up the DagBag from /home/airflow/.local/lib/python3.8/site-packages/airflow/example_dags/example_time_delta_sensor_async.py
[2026-07-21T18:06:04.964+0000] {processor.py:840} INFO - DAG(s) 'example_time_delta_sensor_async' retrieved from /home/airflow/.local/lib/python3.8/site-packages/airflow/example_dags/example_time_delta_sensor_async.py
[2026-07-21T18:06:04.986+0000] {logging_mixin.py:188} INFO - [2026-07-21T18:06:04.986+0000] {dag.py:3036} INFO - Sync 1 DAGs
[2026-07-21T18:06:04.998+0000] {logging_mixin.py:188} INFO - [2026-07-21T18:06:04.997+0000] {dag.py:3823} INFO - Setting next_dagrun for example_time_delta_sensor_async to None, run_after=None
[2026-07-21T18:06:05.016+0000] {processor.py:183} INFO - Processing /home/airflow/.local/lib/python3.8/site-packages/airflow/example_dags/example_time_delta_sensor_async.py took 0.063 seconds
[2026-07-21T18:06:35.567+0000] {processor.py:161} INFO - Started process (PID=1204) to work on /home/airflow/.local/lib/python3.8/site-packages/airflow/example_dags/example_time_delta_sensor_async.py
[2026-07-21T18:06:35.568+0000] {processor.py:830} INFO - Processing file /home/airflow/.local/lib/python3.8/site-packages/airflow/example_dags/example_time_delta_sensor_async.py for tasks to queue
[2026-07-21T18:06:35.570+0000] {logging_mixin.py:188} INFO - [2026-07-21T18:06:35.570+0000] {dagbag.py:538} INFO - Filling up the DagBag from /home/airflow/.local/lib/python3.8/site-packages/airflow/example_dags/example_time_delta_sensor_async.py
[2026-07-21T18:06:35.575+0000] {processor.py:840} INFO - DAG(s) 'example_time_delta_sensor_async' retrieved from /home/airflow/.local/lib/python3.8/site-packages/airflow/example_dags/example_time_delta_sensor_async.py
[2026-07-21T18:06:35.595+0000] {logging_mixin.py:188} INFO - [2026-07-21T18:06:35.594+0000] {dag.py:3036} INFO - Sync 1 DAGs
[2026-07-21T18:06:35.606+0000] {logging_mixin.py:188} INFO - [2026-07-21T18:06:35.606+0000] {dag.py:3823} INFO - Setting next_dagrun for example_time_delta_sensor_async to None, run_after=None
[2026-07-21T18:06:35.624+0000] {processor.py:183} INFO - Processing /home/airflow/.local/lib/python3.8/site-packages/airflow/example_dags/example_time_delta_sensor_async.py took 0.061 seconds
[2026-07-21T18:07:05.834+0000] {processor.py:161} INFO - Started process (PID=1260) to work on /home/airflow/.local/lib/python3.8/site-packages/airflow/example_dags/example_time_delta_sensor_async.py
[2026-07-21T18:07:05.835+0000] {processor.py:830} INFO - Processing file /home/airflow/.local/lib/python3.8/site-packages/airflow/example_dags/example_time_delta_sensor_async.py for tasks to queue
[2026-07-21T18:07:05.837+0000] {logging_mixin.py:188} INFO - [2026-07-21T18:07:05.837+0000] {dagbag.py:538} INFO - Filling up the DagBag from /home/airflow/.local/lib/python3.8/site-packages/airflow/example_dags/example_time_delta_sensor_async.py
[2026-07-21T18:07:05.842+0000] {processor.py:840} INFO - DAG(s) 'example_time_delta_sensor_async' retrieved from /home/airflow/.local/lib/python3.8/site-packages/airflow/example_dags/example_time_delta_sensor_async.py
[2026-07-21T18:07:05.863+0000] {logging_mixin.py:188} INFO - [2026-07-21T18:07:05.863+0000] {dag.py:3036} INFO - Sync 1 DAGs
[2026-07-21T18:07:05.874+0000] {logging_mixin.py:188} INFO - [2026-07-21T18:07:05.874+0000] {dag.py:3823} INFO - Setting next_dagrun for example_time_delta_sensor_async to None, run_after=None
[2026-07-21T18:07:05.891+0000] {processor.py:183} INFO - Processing /home/airflow/.local/lib/python3.8/site-packages/airflow/example_dags/example_time_delta_sensor_async.py took 0.060 seconds
[2026-07-21T18:07:36.277+0000] {processor.py:161} INFO - Started process (PID=1316) to work on /home/airflow/.local/lib/python3.8/site-packages/airflow/example_dags/example_time_delta_sensor_async.py
[2026-07-21T18:07:36.278+0000] {processor.py:830} INFO - Processing file /home/airflow/.local/lib/python3.8/site-packages/airflow/example_dags/example_time_delta_sensor_async.py for tasks to queue
[2026-07-21T18:07:36.280+0000] {logging_mixin.py:188} INFO - [2026-07-21T18:07:36.280+0000] {dagbag.py:538} INFO - Filling up the DagBag from /home/airflow/.local/lib/python3.8/site-packages/airflow/example_dags/example_time_delta_sensor_async.py
[2026-07-21T18:07:36.286+0000] {processor.py:840} INFO - DAG(s) 'example_time_delta_sensor_async' retrieved from /home/airflow/.local/lib/python3.8/site-packages/airflow/example_dags/example_time_delta_sensor_async.py
[2026-07-21T18:07:36.307+0000] {logging_mixin.py:188} INFO - [2026-07-21T18:07:36.307+0000] {dag.py:3036} INFO - Sync 1 DAGs
[2026-07-21T18:07:36.318+0000] {logging_mixin.py:188} INFO - [2026-07-21T18:07:36.318+0000] {dag.py:3823} INFO - Setting next_dagrun for example_time_delta_sensor_async to None, run_after=None
[2026-07-21T18:07:36.340+0000] {processor.py:183} INFO - Processing /home/airflow/.local/lib/python3.8/site-packages/airflow/example_dags/example_time_delta_sensor_async.py took 0.066 seconds
[2026-07-21T18:09:12.881+0000] {processor.py:161} INFO - Started process (PID=117) to work on /home/airflow/.local/lib/python3.8/site-packages/airflow/example_dags/example_time_delta_sensor_async.py
[2026-07-21T18:09:12.883+0000] {processor.py:830} INFO - Processing file /home/airflow/.local/lib/python3.8/site-packages/airflow/example_dags/example_time_delta_sensor_async.py for tasks to queue
[2026-07-21T18:09:12.887+0000] {logging_mixin.py:188} INFO - [2026-07-21T18:09:12.886+0000] {dagbag.py:538} INFO - Filling up the DagBag from /home/airflow/.local/lib/python3.8/site-packages/airflow/example_dags/example_time_delta_sensor_async.py
[2026-07-21T18:09:12.908+0000] {processor.py:840} INFO - DAG(s) 'example_time_delta_sensor_async' retrieved from /home/airflow/.local/lib/python3.8/site-packages/airflow/example_dags/example_time_delta_sensor_async.py
[2026-07-21T18:09:12.931+0000] {logging_mixin.py:188} INFO - [2026-07-21T18:09:12.930+0000] {dag.py:3036} INFO - Sync 1 DAGs
[2026-07-21T18:09:12.951+0000] {logging_mixin.py:188} INFO - [2026-07-21T18:09:12.951+0000] {dag.py:3823} INFO - Setting next_dagrun for example_time_delta_sensor_async to None, run_after=None
[2026-07-21T18:09:12.980+0000] {processor.py:183} INFO - Processing /home/airflow/.local/lib/python3.8/site-packages/airflow/example_dags/example_time_delta_sensor_async.py took 0.105 seconds
[2026-07-21T18:09:43.797+0000] {processor.py:161} INFO - Started process (PID=173) to work on /home/airflow/.local/lib/python3.8/site-packages/airflow/example_dags/example_time_delta_sensor_async.py
[2026-07-21T18:09:43.798+0000] {processor.py:830} INFO - Processing file /home/airflow/.local/lib/python3.8/site-packages/airflow/example_dags/example_time_delta_sensor_async.py for tasks to queue
[2026-07-21T18:09:43.800+0000] {logging_mixin.py:188} INFO - [2026-07-21T18:09:43.800+0000] {dagbag.py:538} INFO - Filling up the DagBag from /home/airflow/.local/lib/python3.8/site-packages/airflow/example_dags/example_time_delta_sensor_async.py
[2026-07-21T18:09:43.806+0000] {processor.py:840} INFO - DAG(s) 'example_time_delta_sensor_async' retrieved from /home/airflow/.local/lib/python3.8/site-packages/airflow/example_dags/example_time_delta_sensor_async.py
[2026-07-21T18:09:43.908+0000] {logging_mixin.py:188} INFO - [2026-07-21T18:09:43.908+0000] {dag.py:3036} INFO - Sync 1 DAGs
[2026-07-21T18:09:43.919+0000] {logging_mixin.py:188} INFO - [2026-07-21T18:09:43.919+0000] {dag.py:3823} INFO - Setting next_dagrun for example_time_delta_sensor_async to None, run_after=None
[2026-07-21T18:09:43.943+0000] {processor.py:183} INFO - Processing /home/airflow/.local/lib/python3.8/site-packages/airflow/example_dags/example_time_delta_sensor_async.py took 0.150 seconds
[2026-07-21T18:10:14.576+0000] {processor.py:161} INFO - Started process (PID=229) to work on /home/airflow/.local/lib/python3.8/site-packages/airflow/example_dags/example_time_delta_sensor_async.py
[2026-07-21T18:10:14.577+0000] {processor.py:830} INFO - Processing file /home/airflow/.local/lib/python3.8/site-packages/airflow/example_dags/example_time_delta_sensor_async.py for tasks to queue
[2026-07-21T18:10:14.580+0000] {logging_mixin.py:188} INFO - [2026-07-21T18:10:14.580+0000] {dagbag.py:538} INFO - Filling up the DagBag from /home/airflow/.local/lib/python3.8/site-packages/airflow/example_dags/example_time_delta_sensor_async.py
[2026-07-21T18:10:14.586+0000] {processor.py:840} INFO - DAG(s) 'example_time_delta_sensor_async' retrieved from /home/airflow/.local/lib/python3.8/site-packages/airflow/example_dags/example_time_delta_sensor_async.py
[2026-07-21T18:10:14.607+0000] {logging_mixin.py:188} INFO - [2026-07-21T18:10:14.607+0000] {dag.py:3036} INFO - Sync 1 DAGs
[2026-07-21T18:10:14.619+0000] {logging_mixin.py:188} INFO - [2026-07-21T18:10:14.619+0000] {dag.py:3823} INFO - Setting next_dagrun for example_time_delta_sensor_async to None, run_after=None
[2026-07-21T18:10:14.642+0000] {processor.py:183} INFO - Processing /home/airflow/.local/lib/python3.8/site-packages/airflow/example_dags/example_time_delta_sensor_async.py took 0.069 seconds
[2026-07-21T18:10:44.813+0000] {processor.py:161} INFO - Started process (PID=285) to work on /home/airflow/.local/lib/python3.8/site-packages/airflow/example_dags/example_time_delta_sensor_async.py
[2026-07-21T18:10:44.814+0000] {processor.py:830} INFO - Processing file /home/airflow/.local/lib/python3.8/site-packages/airflow/example_dags/example_time_delta_sensor_async.py for tasks to queue
[2026-07-21T18:10:44.816+0000] {logging_mixin.py:188} INFO - [2026-07-21T18:10:44.816+0000] {dagbag.py:538} INFO - Filling up the DagBag from /home/airflow/.local/lib/python3.8/site-packages/airflow/example_dags/example_time_delta_sensor_async.py
[2026-07-21T18:10:44.822+0000] {processor.py:840} INFO - DAG(s) 'example_time_delta_sensor_async' retrieved from /home/airflow/.local/lib/python3.8/site-packages/airflow/example_dags/example_time_delta_sensor_async.py
[2026-07-21T18:10:44.845+0000] {logging_mixin.py:188} INFO - [2026-07-21T18:10:44.845+0000] {dag.py:3036} INFO - Sync 1 DAGs
[2026-07-21T18:10:44.858+0000] {logging_mixin.py:188} INFO - [2026-07-21T18:10:44.857+0000] {dag.py:3823} INFO - Setting next_dagrun for example_time_delta_sensor_async to None, run_after=None
[2026-07-21T18:10:44.880+0000] {processor.py:183} INFO - Processing /home/airflow/.local/lib/python3.8/site-packages/airflow/example_dags/example_time_delta_sensor_async.py took 0.071 seconds
[2026-07-21T18:11:15.255+0000] {processor.py:161} INFO - Started process (PID=341) to work on /home/airflow/.local/lib/python3.8/site-packages/airflow/example_dags/example_time_delta_sensor_async.py
[2026-07-21T18:11:15.257+0000] {processor.py:830} INFO - Processing file /home/airflow/.local/lib/python3.8/site-packages/airflow/example_dags/example_time_delta_sensor_async.py for tasks to queue
[2026-07-21T18:11:15.259+0000] {logging_mixin.py:188} INFO - [2026-07-21T18:11:15.258+0000] {dagbag.py:538} INFO - Filling up the DagBag from /home/airflow/.local/lib/python3.8/site-packages/airflow/example_dags/example_time_delta_sensor_async.py
[2026-07-21T18:11:15.264+0000] {processor.py:840} INFO - DAG(s) 'example_time_delta_sensor_async' retrieved from /home/airflow/.local/lib/python3.8/site-packages/airflow/example_dags/example_time_delta_sensor_async.py
[2026-07-21T18:11:15.286+0000] {logging_mixin.py:188} INFO - [2026-07-21T18:11:15.286+0000] {dag.py:3036} INFO - Sync 1 DAGs
[2026-07-21T18:11:15.298+0000] {logging_mixin.py:188} INFO - [2026-07-21T18:11:15.298+0000] {dag.py:3823} INFO - Setting next_dagrun for example_time_delta_sensor_async to None, run_after=None
[2026-07-21T18:11:15.318+0000] {processor.py:183} INFO - Processing /home/airflow/.local/lib/python3.8/site-packages/airflow/example_dags/example_time_delta_sensor_async.py took 0.067 seconds
[2026-07-21T18:11:45.749+0000] {processor.py:161} INFO - Started process (PID=397) to work on /home/airflow/.local/lib/python3.8/site-packages/airflow/example_dags/example_time_delta_sensor_async.py
[2026-07-21T18:11:45.750+0000] {processor.py:830} INFO - Processing file /home/airflow/.local/lib/python3.8/site-packages/airflow/example_dags/example_time_delta_sensor_async.py for tasks to queue
[2026-07-21T18:11:45.752+0000] {logging_mixin.py:188} INFO - [2026-07-21T18:11:45.752+0000] {dagbag.py:538} INFO - Filling up the DagBag from /home/airflow/.local/lib/python3.8/site-packages/airflow/example_dags/example_time_delta_sensor_async.py
[2026-07-21T18:11:45.758+0000] {processor.py:840} INFO - DAG(s) 'example_time_delta_sensor_async' retrieved from /home/airflow/.local/lib/python3.8/site-packages/airflow/example_dags/example_time_delta_sensor_async.py
[2026-07-21T18:11:45.780+0000] {logging_mixin.py:188} INFO - [2026-07-21T18:11:45.780+0000] {dag.py:3036} INFO - Sync 1 DAGs
[2026-07-21T18:11:45.797+0000] {logging_mixin.py:188} INFO - [2026-07-21T18:11:45.797+0000] {dag.py:3823} INFO - Setting next_dagrun for example_time_delta_sensor_async to None, run_after=None
[2026-07-21T18:11:45.817+0000] {processor.py:183} INFO - Processing /home/airflow/.local/lib/python3.8/site-packages/airflow/example_dags/example_time_delta_sensor_async.py took 0.072 seconds
[2026-07-21T18:12:16.355+0000] {processor.py:161} INFO - Started process (PID=453) to work on /home/airflow/.local/lib/python3.8/site-packages/airflow/example_dags/example_time_delta_sensor_async.py
[2026-07-21T18:12:16.356+0000] {processor.py:830} INFO - Processing file /home/airflow/.local/lib/python3.8/site-packages/airflow/example_dags/example_time_delta_sensor_async.py for tasks to queue
[2026-07-21T18:12:16.359+0000] {logging_mixin.py:188} INFO - [2026-07-21T18:12:16.359+0000] {dagbag.py:538} INFO - Filling up the DagBag from /home/airflow/.local/lib/python3.8/site-packages/airflow/example_dags/example_time_delta_sensor_async.py
[2026-07-21T18:12:16.365+0000] {processor.py:840} INFO - DAG(s) 'example_time_delta_sensor_async' retrieved from /home/airflow/.local/lib/python3.8/site-packages/airflow/example_dags/example_time_delta_sensor_async.py
[2026-07-21T18:12:16.389+0000] {logging_mixin.py:188} INFO - [2026-07-21T18:12:16.388+0000] {dag.py:3036} INFO - Sync 1 DAGs
[2026-07-21T18:12:16.401+0000] {logging_mixin.py:188} INFO - [2026-07-21T18:12:16.401+0000] {dag.py:3823} INFO - Setting next_dagrun for example_time_delta_sensor_async to None, run_after=None
[2026-07-21T18:12:16.424+0000] {processor.py:183} INFO - Processing /home/airflow/.local/lib/python3.8/site-packages/airflow/example_dags/example_time_delta_sensor_async.py took 0.073 seconds
[2026-07-21T18:12:47.264+0000] {processor.py:161} INFO - Started process (PID=509) to work on /home/airflow/.local/lib/python3.8/site-packages/airflow/example_dags/example_time_delta_sensor_async.py
[2026-07-21T18:12:47.265+0000] {processor.py:830} INFO - Processing file /home/airflow/.local/lib/python3.8/site-packages/airflow/example_dags/example_time_delta_sensor_async.py for tasks to queue
[2026-07-21T18:12:47.267+0000] {logging_mixin.py:188} INFO - [2026-07-21T18:12:47.267+0000] {dagbag.py:538} INFO - Filling up the DagBag from /home/airflow/.local/lib/python3.8/site-packages/airflow/example_dags/example_time_delta_sensor_async.py
[2026-07-21T18:12:47.273+0000] {processor.py:840} INFO - DAG(s) 'example_time_delta_sensor_async' retrieved from /home/airflow/.local/lib/python3.8/site-packages/airflow/example_dags/example_time_delta_sensor_async.py
[2026-07-21T18:12:47.295+0000] {logging_mixin.py:188} INFO - [2026-07-21T18:12:47.295+0000] {dag.py:3036} INFO - Sync 1 DAGs
[2026-07-21T18:12:47.306+0000] {logging_mixin.py:188} INFO - [2026-07-21T18:12:47.306+0000] {dag.py:3823} INFO - Setting next_dagrun for example_time_delta_sensor_async to None, run_after=None
[2026-07-21T18:12:47.325+0000] {processor.py:183} INFO - Processing /home/airflow/.local/lib/python3.8/site-packages/airflow/example_dags/example_time_delta_sensor_async.py took 0.065 seconds
[2026-07-21T18:13:17.991+0000] {processor.py:161} INFO - Started process (PID=565) to work on /home/airflow/.local/lib/python3.8/site-packages/airflow/example_dags/example_time_delta_sensor_async.py
[2026-07-21T18:13:17.992+0000] {processor.py:830} INFO - Processing file /home/airflow/.local/lib/python3.8/site-packages/airflow/example_dags/example_time_delta_sensor_async.py for tasks to queue
[2026-07-21T18:13:17.994+0000] {logging_mixin.py:188} INFO - [2026-07-21T18:13:17.994+0000] {dagbag.py:538} INFO - Filling up the DagBag from /home/airflow/.local/lib/python3.8/site-packages/airflow/example_dags/example_time_delta_sensor_async.py
[2026-07-21T18:13:18.000+0000] {processor.py:840} INFO - DAG(s) 'example_time_delta_sensor_async' retrieved from /home/airflow/.local/lib/python3.8/site-packages/airflow/example_dags/example_time_delta_sensor_async.py
[2026-07-21T18:13:18.023+0000] {logging_mixin.py:188} INFO - [2026-07-21T18:13:18.023+0000] {dag.py:3036} INFO - Sync 1 DAGs
[2026-07-21T18:13:18.036+0000] {logging_mixin.py:188} INFO - [2026-07-21T18:13:18.036+0000] {dag.py:3823} INFO - Setting next_dagrun for example_time_delta_sensor_async to None, run_after=None
[2026-07-21T18:13:18.058+0000] {processor.py:183} INFO - Processing /home/airflow/.local/lib/python3.8/site-packages/airflow/example_dags/example_time_delta_sensor_async.py took 0.071 seconds
[2026-07-21T18:13:48.467+0000] {processor.py:161} INFO - Started process (PID=621) to work on /home/airflow/.local/lib/python3.8/site-packages/airflow/example_dags/example_time_delta_sensor_async.py
[2026-07-21T18:13:48.469+0000] {processor.py:830} INFO - Processing file /home/airflow/.local/lib/python3.8/site-packages/airflow/example_dags/example_time_delta_sensor_async.py for tasks to queue
[2026-07-21T18:13:48.471+0000] {logging_mixin.py:188} INFO - [2026-07-21T18:13:48.470+0000] {dagbag.py:538} INFO - Filling up the DagBag from /home/airflow/.local/lib/python3.8/site-packages/airflow/example_dags/example_time_delta_sensor_async.py
[2026-07-21T18:13:48.477+0000] {processor.py:840} INFO - DAG(s) 'example_time_delta_sensor_async' retrieved from /home/airflow/.local/lib/python3.8/site-packages/airflow/example_dags/example_time_delta_sensor_async.py
[2026-07-21T18:13:48.502+0000] {logging_mixin.py:188} INFO - [2026-07-21T18:13:48.501+0000] {dag.py:3036} INFO - Sync 1 DAGs
[2026-07-21T18:13:48.514+0000] {logging_mixin.py:188} INFO - [2026-07-21T18:13:48.514+0000] {dag.py:3823} INFO - Setting next_dagrun for example_time_delta_sensor_async to None, run_after=None
[2026-07-21T18:13:48.534+0000] {processor.py:183} INFO - Processing /home/airflow/.local/lib/python3.8/site-packages/airflow/example_dags/example_time_delta_sensor_async.py took 0.070 seconds
[2026-07-21T18:14:19.487+0000] {processor.py:161} INFO - Started process (PID=677) to work on /home/airflow/.local/lib/python3.8/site-packages/airflow/example_dags/example_time_delta_sensor_async.py
[2026-07-21T18:14:19.489+0000] {processor.py:830} INFO - Processing file /home/airflow/.local/lib/python3.8/site-packages/airflow/example_dags/example_time_delta_sensor_async.py for tasks to queue
[2026-07-21T18:14:19.491+0000] {logging_mixin.py:188} INFO - [2026-07-21T18:14:19.490+0000] {dagbag.py:538} INFO - Filling up the DagBag from /home/airflow/.local/lib/python3.8/site-packages/airflow/example_dags/example_time_delta_sensor_async.py
[2026-07-21T18:14:19.496+0000] {processor.py:840} INFO - DAG(s) 'example_time_delta_sensor_async' retrieved from /home/airflow/.local/lib/python3.8/site-packages/airflow/example_dags/example_time_delta_sensor_async.py
[2026-07-21T18:14:19.521+0000] {logging_mixin.py:188} INFO - [2026-07-21T18:14:19.520+0000] {dag.py:3036} INFO - Sync 1 DAGs
[2026-07-21T18:14:19.532+0000] {logging_mixin.py:188} INFO - [2026-07-21T18:14:19.532+0000] {dag.py:3823} INFO - Setting next_dagrun for example_time_delta_sensor_async to None, run_after=None
[2026-07-21T18:14:19.553+0000] {processor.py:183} INFO - Processing /home/airflow/.local/lib/python3.8/site-packages/airflow/example_dags/example_time_delta_sensor_async.py took 0.069 seconds
[2026-07-21T18:14:50.592+0000] {processor.py:161} INFO - Started process (PID=734) to work on /home/airflow/.local/lib/python3.8/site-packages/airflow/example_dags/example_time_delta_sensor_async.py
[2026-07-21T18:14:50.594+0000] {processor.py:830} INFO - Processing file /home/airflow/.local/lib/python3.8/site-packages/airflow/example_dags/example_time_delta_sensor_async.py for tasks to queue
[2026-07-21T18:14:50.597+0000] {logging_mixin.py:188} INFO - [2026-07-21T18:14:50.596+0000] {dagbag.py:538} INFO - Filling up the DagBag from /home/airflow/.local/lib/python3.8/site-packages/airflow/example_dags/example_time_delta_sensor_async.py
[2026-07-21T18:14:50.603+0000] {processor.py:840} INFO - DAG(s) 'example_time_delta_sensor_async' retrieved from /home/airflow/.local/lib/python3.8/site-packages/airflow/example_dags/example_time_delta_sensor_async.py
[2026-07-21T18:14:50.628+0000] {logging_mixin.py:188} INFO - [2026-07-21T18:14:50.628+0000] {dag.py:3036} INFO - Sync 1 DAGs
[2026-07-21T18:14:50.640+0000] {logging_mixin.py:188} INFO - [2026-07-21T18:14:50.640+0000] {dag.py:3823} INFO - Setting next_dagrun for example_time_delta_sensor_async to None, run_after=None
[2026-07-21T18:14:50.663+0000] {processor.py:183} INFO - Processing /home/airflow/.local/lib/python3.8/site-packages/airflow/example_dags/example_time_delta_sensor_async.py took 0.075 seconds
[2026-07-21T18:15:21.307+0000] {processor.py:161} INFO - Started process (PID=790) to work on /home/airflow/.local/lib/python3.8/site-packages/airflow/example_dags/example_time_delta_sensor_async.py
[2026-07-21T18:15:21.309+0000] {processor.py:830} INFO - Processing file /home/airflow/.local/lib/python3.8/site-packages/airflow/example_dags/example_time_delta_sensor_async.py for tasks to queue
[2026-07-21T18:15:21.311+0000] {logging_mixin.py:188} INFO - [2026-07-21T18:15:21.311+0000] {dagbag.py:538} INFO - Filling up the DagBag from /home/airflow/.local/lib/python3.8/site-packages/airflow/example_dags/example_time_delta_sensor_async.py
[2026-07-21T18:15:21.318+0000] {processor.py:840} INFO - DAG(s) 'example_time_delta_sensor_async' retrieved from /home/airflow/.local/lib/python3.8/site-packages/airflow/example_dags/example_time_delta_sensor_async.py
[2026-07-21T18:15:21.352+0000] {logging_mixin.py:188} INFO - [2026-07-21T18:15:21.351+0000] {dag.py:3036} INFO - Sync 1 DAGs
[2026-07-21T18:15:21.369+0000] {logging_mixin.py:188} INFO - [2026-07-21T18:15:21.369+0000] {dag.py:3823} INFO - Setting next_dagrun for example_time_delta_sensor_async to None, run_after=None
[2026-07-21T18:15:21.392+0000] {processor.py:183} INFO - Processing /home/airflow/.local/lib/python3.8/site-packages/airflow/example_dags/example_time_delta_sensor_async.py took 0.089 seconds
[2026-07-21T18:15:52.091+0000] {processor.py:161} INFO - Started process (PID=846) to work on /home/airflow/.local/lib/python3.8/site-packages/airflow/example_dags/example_time_delta_sensor_async.py
[2026-07-21T18:15:52.092+0000] {processor.py:830} INFO - Processing file /home/airflow/.local/lib/python3.8/site-packages/airflow/example_dags/example_time_delta_sensor_async.py for tasks to queue
[2026-07-21T18:15:52.094+0000] {logging_mixin.py:188} INFO - [2026-07-21T18:15:52.094+0000] {dagbag.py:538} INFO - Filling up the DagBag from /home/airflow/.local/lib/python3.8/site-packages/airflow/example_dags/example_time_delta_sensor_async.py
[2026-07-21T18:15:52.100+0000] {processor.py:840} INFO - DAG(s) 'example_time_delta_sensor_async' retrieved from /home/airflow/.local/lib/python3.8/site-packages/airflow/example_dags/example_time_delta_sensor_async.py
[2026-07-21T18:15:52.122+0000] {logging_mixin.py:188} INFO - [2026-07-21T18:15:52.121+0000] {dag.py:3036} INFO - Sync 1 DAGs
[2026-07-21T18:15:52.134+0000] {logging_mixin.py:188} INFO - [2026-07-21T18:15:52.134+0000] {dag.py:3823} INFO - Setting next_dagrun for example_time_delta_sensor_async to None, run_after=None
[2026-07-21T18:15:52.154+0000] {processor.py:183} INFO - Processing /home/airflow/.local/lib/python3.8/site-packages/airflow/example_dags/example_time_delta_sensor_async.py took 0.067 seconds
[2026-07-21T18:16:22.876+0000] {processor.py:161} INFO - Started process (PID=902) to work on /home/airflow/.local/lib/python3.8/site-packages/airflow/example_dags/example_time_delta_sensor_async.py
[2026-07-21T18:16:22.878+0000] {processor.py:830} INFO - Processing file /home/airflow/.local/lib/python3.8/site-packages/airflow/example_dags/example_time_delta_sensor_async.py for tasks to queue
[2026-07-21T18:16:22.880+0000] {logging_mixin.py:188} INFO - [2026-07-21T18:16:22.879+0000] {dagbag.py:538} INFO - Filling up the DagBag from /home/airflow/.local/lib/python3.8/site-packages/airflow/example_dags/example_time_delta_sensor_async.py
[2026-07-21T18:16:22.888+0000] {processor.py:840} INFO - DAG(s) 'example_time_delta_sensor_async' retrieved from /home/airflow/.local/lib/python3.8/site-packages/airflow/example_dags/example_time_delta_sensor_async.py
[2026-07-21T18:16:22.919+0000] {logging_mixin.py:188} INFO - [2026-07-21T18:16:22.919+0000] {dag.py:3036} INFO - Sync 1 DAGs
[2026-07-21T18:16:22.935+0000] {logging_mixin.py:188} INFO - [2026-07-21T18:16:22.935+0000] {dag.py:3823} INFO - Setting next_dagrun for example_time_delta_sensor_async to None, run_after=None
[2026-07-21T18:16:22.960+0000] {processor.py:183} INFO - Processing /home/airflow/.local/lib/python3.8/site-packages/airflow/example_dags/example_time_delta_sensor_async.py took 0.088 seconds
[2026-07-21T18:16:53.103+0000] {processor.py:161} INFO - Started process (PID=958) to work on /home/airflow/.local/lib/python3.8/site-packages/airflow/example_dags/example_time_delta_sensor_async.py
[2026-07-21T18:16:53.104+0000] {processor.py:830} INFO - Processing file /home/airflow/.local/lib/python3.8/site-packages/airflow/example_dags/example_time_delta_sensor_async.py for tasks to queue
[2026-07-21T18:16:53.107+0000] {logging_mixin.py:188} INFO - [2026-07-21T18:16:53.106+0000] {dagbag.py:538} INFO - Filling up the DagBag from /home/airflow/.local/lib/python3.8/site-packages/airflow/example_dags/example_time_delta_sensor_async.py
[2026-07-21T18:16:53.112+0000] {processor.py:840} INFO - DAG(s) 'example_time_delta_sensor_async' retrieved from /home/airflow/.local/lib/python3.8/site-packages/airflow/example_dags/example_time_delta_sensor_async.py
[2026-07-21T18:16:53.135+0000] {logging_mixin.py:188} INFO - [2026-07-21T18:16:53.135+0000] {dag.py:3036} INFO - Sync 1 DAGs
[2026-07-21T18:16:53.147+0000] {logging_mixin.py:188} INFO - [2026-07-21T18:16:53.147+0000] {dag.py:3823} INFO - Setting next_dagrun for example_time_delta_sensor_async to None, run_after=None
[2026-07-21T18:16:53.168+0000] {processor.py:183} INFO - Processing /home/airflow/.local/lib/python3.8/site-packages/airflow/example_dags/example_time_delta_sensor_async.py took 0.069 seconds
[2026-07-21T18:17:23.559+0000] {processor.py:161} INFO - Started process (PID=1014) to work on /home/airflow/.local/lib/python3.8/site-packages/airflow/example_dags/example_time_delta_sensor_async.py
[2026-07-21T18:17:23.560+0000] {processor.py:830} INFO - Processing file /home/airflow/.local/lib/python3.8/site-packages/airflow/example_dags/example_time_delta_sensor_async.py for tasks to queue
[2026-07-21T18:17:23.563+0000] {logging_mixin.py:188} INFO - [2026-07-21T18:17:23.562+0000] {dagbag.py:538} INFO - Filling up the DagBag from /home/airflow/.local/lib/python3.8/site-packages/airflow/example_dags/example_time_delta_sensor_async.py
[2026-07-21T18:17:23.570+0000] {processor.py:840} INFO - DAG(s) 'example_time_delta_sensor_async' retrieved from /home/airflow/.local/lib/python3.8/site-packages/airflow/example_dags/example_time_delta_sensor_async.py
[2026-07-21T18:17:23.594+0000] {logging_mixin.py:188} INFO - [2026-07-21T18:17:23.594+0000] {dag.py:3036} INFO - Sync 1 DAGs
[2026-07-21T18:17:23.607+0000] {logging_mixin.py:188} INFO - [2026-07-21T18:17:23.607+0000] {dag.py:3823} INFO - Setting next_dagrun for example_time_delta_sensor_async to None, run_after=None
[2026-07-21T18:17:23.630+0000] {processor.py:183} INFO - Processing /home/airflow/.local/lib/python3.8/site-packages/airflow/example_dags/example_time_delta_sensor_async.py took 0.076 seconds
[2026-07-21T18:17:54.299+0000] {processor.py:161} INFO - Started process (PID=1070) to work on /home/airflow/.local/lib/python3.8/site-packages/airflow/example_dags/example_time_delta_sensor_async.py
[2026-07-21T18:17:54.300+0000] {processor.py:830} INFO - Processing file /home/airflow/.local/lib/python3.8/site-packages/airflow/example_dags/example_time_delta_sensor_async.py for tasks to queue
[2026-07-21T18:17:54.302+0000] {logging_mixin.py:188} INFO - [2026-07-21T18:17:54.302+0000] {dagbag.py:538} INFO - Filling up the DagBag from /home/airflow/.local/lib/python3.8/site-packages/airflow/example_dags/example_time_delta_sensor_async.py
[2026-07-21T18:17:54.308+0000] {processor.py:840} INFO - DAG(s) 'example_time_delta_sensor_async' retrieved from /home/airflow/.local/lib/python3.8/site-packages/airflow/example_dags/example_time_delta_sensor_async.py
[2026-07-21T18:17:54.329+0000] {logging_mixin.py:188} INFO - [2026-07-21T18:17:54.329+0000] {dag.py:3036} INFO - Sync 1 DAGs
[2026-07-21T18:17:54.340+0000] {logging_mixin.py:188} INFO - [2026-07-21T18:17:54.340+0000] {dag.py:3823} INFO - Setting next_dagrun for example_time_delta_sensor_async to None, run_after=None
[2026-07-21T18:17:54.359+0000] {processor.py:183} INFO - Processing /home/airflow/.local/lib/python3.8/site-packages/airflow/example_dags/example_time_delta_sensor_async.py took 0.064 seconds
[2026-07-21T18:18:25.296+0000] {processor.py:161} INFO - Started process (PID=1126) to work on /home/airflow/.local/lib/python3.8/site-packages/airflow/example_dags/example_time_delta_sensor_async.py
[2026-07-21T18:18:25.297+0000] {processor.py:830} INFO - Processing file /home/airflow/.local/lib/python3.8/site-packages/airflow/example_dags/example_time_delta_sensor_async.py for tasks to queue
[2026-07-21T18:18:25.299+0000] {logging_mixin.py:188} INFO - [2026-07-21T18:18:25.299+0000] {dagbag.py:538} INFO - Filling up the DagBag from /home/airflow/.local/lib/python3.8/site-packages/airflow/example_dags/example_time_delta_sensor_async.py
[2026-07-21T18:18:25.305+0000] {processor.py:840} INFO - DAG(s) 'example_time_delta_sensor_async' retrieved from /home/airflow/.local/lib/python3.8/site-packages/airflow/example_dags/example_time_delta_sensor_async.py
[2026-07-21T18:18:25.327+0000] {logging_mixin.py:188} INFO - [2026-07-21T18:18:25.327+0000] {dag.py:3036} INFO - Sync 1 DAGs
[2026-07-21T18:18:25.339+0000] {logging_mixin.py:188} INFO - [2026-07-21T18:18:25.339+0000] {dag.py:3823} INFO - Setting next_dagrun for example_time_delta_sensor_async to None, run_after=None
[2026-07-21T18:18:25.363+0000] {processor.py:183} INFO - Processing /home/airflow/.local/lib/python3.8/site-packages/airflow/example_dags/example_time_delta_sensor_async.py took 0.070 seconds
[2026-07-21T18:18:56.454+0000] {processor.py:161} INFO - Started process (PID=1182) to work on /home/airflow/.local/lib/python3.8/site-packages/airflow/example_dags/example_time_delta_sensor_async.py
[2026-07-21T18:18:56.455+0000] {processor.py:830} INFO - Processing file /home/airflow/.local/lib/python3.8/site-packages/airflow/example_dags/example_time_delta_sensor_async.py for tasks to queue
[2026-07-21T18:18:56.457+0000] {logging_mixin.py:188} INFO - [2026-07-21T18:18:56.457+0000] {dagbag.py:538} INFO - Filling up the DagBag from /home/airflow/.local/lib/python3.8/site-packages/airflow/example_dags/example_time_delta_sensor_async.py
[2026-07-21T18:18:56.463+0000] {processor.py:840} INFO - DAG(s) 'example_time_delta_sensor_async' retrieved from /home/airflow/.local/lib/python3.8/site-packages/airflow/example_dags/example_time_delta_sensor_async.py
[2026-07-21T18:18:56.487+0000] {logging_mixin.py:188} INFO - [2026-07-21T18:18:56.487+0000] {dag.py:3036} INFO - Sync 1 DAGs
[2026-07-21T18:18:56.500+0000] {logging_mixin.py:188} INFO - [2026-07-21T18:18:56.500+0000] {dag.py:3823} INFO - Setting next_dagrun for example_time_delta_sensor_async to None, run_after=None
[2026-07-21T18:18:56.524+0000] {processor.py:183} INFO - Processing /home/airflow/.local/lib/python3.8/site-packages/airflow/example_dags/example_time_delta_sensor_async.py took 0.074 seconds
[2026-07-21T18:19:26.983+0000] {processor.py:161} INFO - Started process (PID=1238) to work on /home/airflow/.local/lib/python3.8/site-packages/airflow/example_dags/example_time_delta_sensor_async.py
[2026-07-21T18:19:26.984+0000] {processor.py:830} INFO - Processing file /home/airflow/.local/lib/python3.8/site-packages/airflow/example_dags/example_time_delta_sensor_async.py for tasks to queue
[2026-07-21T18:19:26.986+0000] {logging_mixin.py:188} INFO - [2026-07-21T18:19:26.986+0000] {dagbag.py:538} INFO - Filling up the DagBag from /home/airflow/.local/lib/python3.8/site-packages/airflow/example_dags/example_time_delta_sensor_async.py
[2026-07-21T18:19:26.992+0000] {processor.py:840} INFO - DAG(s) 'example_time_delta_sensor_async' retrieved from /home/airflow/.local/lib/python3.8/site-packages/airflow/example_dags/example_time_delta_sensor_async.py
[2026-07-21T18:19:27.014+0000] {logging_mixin.py:188} INFO - [2026-07-21T18:19:27.013+0000] {dag.py:3036} INFO - Sync 1 DAGs
[2026-07-21T18:19:27.025+0000] {logging_mixin.py:188} INFO - [2026-07-21T18:19:27.025+0000] {dag.py:3823} INFO - Setting next_dagrun for example_time_delta_sensor_async to None, run_after=None
[2026-07-21T18:19:27.044+0000] {processor.py:183} INFO - Processing /home/airflow/.local/lib/python3.8/site-packages/airflow/example_dags/example_time_delta_sensor_async.py took 0.065 seconds
[2026-07-21T18:19:57.399+0000] {processor.py:161} INFO - Started process (PID=1294) to work on /home/airflow/.local/lib/python3.8/site-packages/airflow/example_dags/example_time_delta_sensor_async.py
[2026-07-21T18:19:57.400+0000] {processor.py:830} INFO - Processing file /home/airflow/.local/lib/python3.8/site-packages/airflow/example_dags/example_time_delta_sensor_async.py for tasks to queue
[2026-07-21T18:19:57.402+0000] {logging_mixin.py:188} INFO - [2026-07-21T18:19:57.402+0000] {dagbag.py:538} INFO - Filling up the DagBag from /home/airflow/.local/lib/python3.8/site-packages/airflow/example_dags/example_time_delta_sensor_async.py
[2026-07-21T18:19:57.409+0000] {processor.py:840} INFO - DAG(s) 'example_time_delta_sensor_async' retrieved from /home/airflow/.local/lib/python3.8/site-packages/airflow/example_dags/example_time_delta_sensor_async.py
[2026-07-21T18:19:57.431+0000] {logging_mixin.py:188} INFO - [2026-07-21T18:19:57.431+0000] {dag.py:3036} INFO - Sync 1 DAGs
[2026-07-21T18:19:57.442+0000] {logging_mixin.py:188} INFO - [2026-07-21T18:19:57.442+0000] {dag.py:3823} INFO - Setting next_dagrun for example_time_delta_sensor_async to None, run_after=None
[2026-07-21T18:19:57.461+0000] {processor.py:183} INFO - Processing /home/airflow/.local/lib/python3.8/site-packages/airflow/example_dags/example_time_delta_sensor_async.py took 0.067 seconds
[2026-07-21T18:20:28.018+0000] {processor.py:161} INFO - Started process (PID=1350) to work on /home/airflow/.local/lib/python3.8/site-packages/airflow/example_dags/example_time_delta_sensor_async.py
[2026-07-21T18:20:28.019+0000] {processor.py:830} INFO - Processing file /home/airflow/.local/lib/python3.8/site-packages/airflow/example_dags/example_time_delta_sensor_async.py for tasks to queue
[2026-07-21T18:20:28.021+0000] {logging_mixin.py:188} INFO - [2026-07-21T18:20:28.021+0000] {dagbag.py:538} INFO - Filling up the DagBag from /home/airflow/.local/lib/python3.8/site-packages/airflow/example_dags/example_time_delta_sensor_async.py
[2026-07-21T18:20:28.027+0000] {processor.py:840} INFO - DAG(s) 'example_time_delta_sensor_async' retrieved from /home/airflow/.local/lib/python3.8/site-packages/airflow/example_dags/example_time_delta_sensor_async.py
[2026-07-21T18:20:28.049+0000] {logging_mixin.py:188} INFO - [2026-07-21T18:20:28.049+0000] {dag.py:3036} INFO - Sync 1 DAGs
[2026-07-21T18:20:28.062+0000] {logging_mixin.py:188} INFO - [2026-07-21T18:20:28.062+0000] {dag.py:3823} INFO - Setting next_dagrun for example_time_delta_sensor_async to None, run_after=None
[2026-07-21T18:20:28.082+0000] {processor.py:183} INFO - Processing /home/airflow/.local/lib/python3.8/site-packages/airflow/example_dags/example_time_delta_sensor_async.py took 0.068 seconds
[2026-07-21T18:20:58.496+0000] {processor.py:161} INFO - Started process (PID=1406) to work on /home/airflow/.local/lib/python3.8/site-packages/airflow/example_dags/example_time_delta_sensor_async.py
[2026-07-21T18:20:58.497+0000] {processor.py:830} INFO - Processing file /home/airflow/.local/lib/python3.8/site-packages/airflow/example_dags/example_time_delta_sensor_async.py for tasks to queue
[2026-07-21T18:20:58.499+0000] {logging_mixin.py:188} INFO - [2026-07-21T18:20:58.498+0000] {dagbag.py:538} INFO - Filling up the DagBag from /home/airflow/.local/lib/python3.8/site-packages/airflow/example_dags/example_time_delta_sensor_async.py
[2026-07-21T18:20:58.504+0000] {processor.py:840} INFO - DAG(s) 'example_time_delta_sensor_async' retrieved from /home/airflow/.local/lib/python3.8/site-packages/airflow/example_dags/example_time_delta_sensor_async.py
[2026-07-21T18:20:58.526+0000] {logging_mixin.py:188} INFO - [2026-07-21T18:20:58.526+0000] {dag.py:3036} INFO - Sync 1 DAGs
[2026-07-21T18:20:58.539+0000] {logging_mixin.py:188} INFO - [2026-07-21T18:20:58.538+0000] {dag.py:3823} INFO - Setting next_dagrun for example_time_delta_sensor_async to None, run_after=None
[2026-07-21T18:20:58.558+0000] {processor.py:183} INFO - Processing /home/airflow/.local/lib/python3.8/site-packages/airflow/example_dags/example_time_delta_sensor_async.py took 0.067 seconds
[2026-07-21T18:21:29.833+0000] {processor.py:161} INFO - Started process (PID=1462) to work on /home/airflow/.local/lib/python3.8/site-packages/airflow/example_dags/example_time_delta_sensor_async.py
[2026-07-21T18:21:29.834+0000] {processor.py:830} INFO - Processing file /home/airflow/.local/lib/python3.8/site-packages/airflow/example_dags/example_time_delta_sensor_async.py for tasks to queue
[2026-07-21T18:21:29.836+0000] {logging_mixin.py:188} INFO - [2026-07-21T18:21:29.836+0000] {dagbag.py:538} INFO - Filling up the DagBag from /home/airflow/.local/lib/python3.8/site-packages/airflow/example_dags/example_time_delta_sensor_async.py
[2026-07-21T18:21:29.842+0000] {processor.py:840} INFO - DAG(s) 'example_time_delta_sensor_async' retrieved from /home/airflow/.local/lib/python3.8/site-packages/airflow/example_dags/example_time_delta_sensor_async.py
[2026-07-21T18:21:29.865+0000] {logging_mixin.py:188} INFO - [2026-07-21T18:21:29.864+0000] {dag.py:3036} INFO - Sync 1 DAGs
[2026-07-21T18:21:29.876+0000] {logging_mixin.py:188} INFO - [2026-07-21T18:21:29.876+0000] {dag.py:3823} INFO - Setting next_dagrun for example_time_delta_sensor_async to None, run_after=None
[2026-07-21T18:21:29.896+0000] {processor.py:183} INFO - Processing /home/airflow/.local/lib/python3.8/site-packages/airflow/example_dags/example_time_delta_sensor_async.py took 0.067 seconds
[2026-07-21T18:22:00.061+0000] {processor.py:161} INFO - Started process (PID=1517) to work on /home/airflow/.local/lib/python3.8/site-packages/airflow/example_dags/example_time_delta_sensor_async.py
[2026-07-21T18:22:00.062+0000] {processor.py:830} INFO - Processing file /home/airflow/.local/lib/python3.8/site-packages/airflow/example_dags/example_time_delta_sensor_async.py for tasks to queue
[2026-07-21T18:22:00.064+0000] {logging_mixin.py:188} INFO - [2026-07-21T18:22:00.064+0000] {dagbag.py:538} INFO - Filling up the DagBag from /home/airflow/.local/lib/python3.8/site-packages/airflow/example_dags/example_time_delta_sensor_async.py
[2026-07-21T18:22:00.069+0000] {processor.py:840} INFO - DAG(s) 'example_time_delta_sensor_async' retrieved from /home/airflow/.local/lib/python3.8/site-packages/airflow/example_dags/example_time_delta_sensor_async.py
[2026-07-21T18:22:00.091+0000] {logging_mixin.py:188} INFO - [2026-07-21T18:22:00.091+0000] {dag.py:3036} INFO - Sync 1 DAGs
[2026-07-21T18:22:00.103+0000] {logging_mixin.py:188} INFO - [2026-07-21T18:22:00.103+0000] {dag.py:3823} INFO - Setting next_dagrun for example_time_delta_sensor_async to None, run_after=None
[2026-07-21T18:22:00.122+0000] {processor.py:183} INFO - Processing /home/airflow/.local/lib/python3.8/site-packages/airflow/example_dags/example_time_delta_sensor_async.py took 0.065 seconds
[2026-07-21T18:22:30.731+0000] {processor.py:161} INFO - Started process (PID=1573) to work on /home/airflow/.local/lib/python3.8/site-packages/airflow/example_dags/example_time_delta_sensor_async.py
[2026-07-21T18:22:30.732+0000] {processor.py:830} INFO - Processing file /home/airflow/.local/lib/python3.8/site-packages/airflow/example_dags/example_time_delta_sensor_async.py for tasks to queue
[2026-07-21T18:22:30.734+0000] {logging_mixin.py:188} INFO - [2026-07-21T18:22:30.734+0000] {dagbag.py:538} INFO - Filling up the DagBag from /home/airflow/.local/lib/python3.8/site-packages/airflow/example_dags/example_time_delta_sensor_async.py
[2026-07-21T18:22:30.739+0000] {processor.py:840} INFO - DAG(s) 'example_time_delta_sensor_async' retrieved from /home/airflow/.local/lib/python3.8/site-packages/airflow/example_dags/example_time_delta_sensor_async.py
[2026-07-21T18:22:30.761+0000] {logging_mixin.py:188} INFO - [2026-07-21T18:22:30.761+0000] {dag.py:3036} INFO - Sync 1 DAGs
[2026-07-21T18:22:30.773+0000] {logging_mixin.py:188} INFO - [2026-07-21T18:22:30.772+0000] {dag.py:3823} INFO - Setting next_dagrun for example_time_delta_sensor_async to None, run_after=None
[2026-07-21T18:22:30.792+0000] {processor.py:183} INFO - Processing /home/airflow/.local/lib/python3.8/site-packages/airflow/example_dags/example_time_delta_sensor_async.py took 0.064 seconds
[2026-07-21T18:23:02.271+0000] {processor.py:161} INFO - Started process (PID=1630) to work on /home/airflow/.local/lib/python3.8/site-packages/airflow/example_dags/example_time_delta_sensor_async.py
[2026-07-21T18:23:02.272+0000] {processor.py:830} INFO - Processing file /home/airflow/.local/lib/python3.8/site-packages/airflow/example_dags/example_time_delta_sensor_async.py for tasks to queue
[2026-07-21T18:23:02.274+0000] {logging_mixin.py:188} INFO - [2026-07-21T18:23:02.274+0000] {dagbag.py:538} INFO - Filling up the DagBag from /home/airflow/.local/lib/python3.8/site-packages/airflow/example_dags/example_time_delta_sensor_async.py
[2026-07-21T18:23:02.279+0000] {processor.py:840} INFO - DAG(s) 'example_time_delta_sensor_async' retrieved from /home/airflow/.local/lib/python3.8/site-packages/airflow/example_dags/example_time_delta_sensor_async.py
[2026-07-21T18:23:02.300+0000] {logging_mixin.py:188} INFO - [2026-07-21T18:23:02.300+0000] {dag.py:3036} INFO - Sync 1 DAGs
[2026-07-21T18:23:02.312+0000] {logging_mixin.py:188} INFO - [2026-07-21T18:23:02.311+0000] {dag.py:3823} INFO - Setting next_dagrun for example_time_delta_sensor_async to None, run_after=None
[2026-07-21T18:23:02.329+0000] {processor.py:183} INFO - Processing /home/airflow/.local/lib/python3.8/site-packages/airflow/example_dags/example_time_delta_sensor_async.py took 0.062 seconds
[2026-07-21T18:23:33.605+0000] {processor.py:161} INFO - Started process (PID=1686) to work on /home/airflow/.local/lib/python3.8/site-packages/airflow/example_dags/example_time_delta_sensor_async.py
[2026-07-21T18:23:33.607+0000] {processor.py:830} INFO - Processing file /home/airflow/.local/lib/python3.8/site-packages/airflow/example_dags/example_time_delta_sensor_async.py for tasks to queue
[2026-07-21T18:23:33.609+0000] {logging_mixin.py:188} INFO - [2026-07-21T18:23:33.608+0000] {dagbag.py:538} INFO - Filling up the DagBag from /home/airflow/.local/lib/python3.8/site-packages/airflow/example_dags/example_time_delta_sensor_async.py
[2026-07-21T18:23:33.614+0000] {processor.py:840} INFO - DAG(s) 'example_time_delta_sensor_async' retrieved from /home/airflow/.local/lib/python3.8/site-packages/airflow/example_dags/example_time_delta_sensor_async.py
[2026-07-21T18:23:33.637+0000] {logging_mixin.py:188} INFO - [2026-07-21T18:23:33.636+0000] {dag.py:3036} INFO - Sync 1 DAGs
[2026-07-21T18:23:33.798+0000] {logging_mixin.py:188} INFO - [2026-07-21T18:23:33.798+0000] {dag.py:3823} INFO - Setting next_dagrun for example_time_delta_sensor_async to None, run_after=None
[2026-07-21T18:23:33.816+0000] {processor.py:183} INFO - Processing /home/airflow/.local/lib/python3.8/site-packages/airflow/example_dags/example_time_delta_sensor_async.py took 0.215 seconds
[2026-07-21T18:24:03.988+0000] {processor.py:161} INFO - Started process (PID=1742) to work on /home/airflow/.local/lib/python3.8/site-packages/airflow/example_dags/example_time_delta_sensor_async.py
[2026-07-21T18:24:03.990+0000] {processor.py:830} INFO - Processing file /home/airflow/.local/lib/python3.8/site-packages/airflow/example_dags/example_time_delta_sensor_async.py for tasks to queue
[2026-07-21T18:24:03.992+0000] {logging_mixin.py:188} INFO - [2026-07-21T18:24:03.992+0000] {dagbag.py:538} INFO - Filling up the DagBag from /home/airflow/.local/lib/python3.8/site-packages/airflow/example_dags/example_time_delta_sensor_async.py
[2026-07-21T18:24:04.000+0000] {processor.py:840} INFO - DAG(s) 'example_time_delta_sensor_async' retrieved from /home/airflow/.local/lib/python3.8/site-packages/airflow/example_dags/example_time_delta_sensor_async.py
[2026-07-21T18:24:04.029+0000] {logging_mixin.py:188} INFO - [2026-07-21T18:24:04.028+0000] {dag.py:3036} INFO - Sync 1 DAGs
[2026-07-21T18:24:04.047+0000] {logging_mixin.py:188} INFO - [2026-07-21T18:24:04.046+0000] {dag.py:3823} INFO - Setting next_dagrun for example_time_delta_sensor_async to None, run_after=None
[2026-07-21T18:24:04.075+0000] {processor.py:183} INFO - Processing /home/airflow/.local/lib/python3.8/site-packages/airflow/example_dags/example_time_delta_sensor_async.py took 0.090 seconds
[2026-07-21T18:24:34.247+0000] {processor.py:161} INFO - Started process (PID=1798) to work on /home/airflow/.local/lib/python3.8/site-packages/airflow/example_dags/example_time_delta_sensor_async.py
[2026-07-21T18:24:34.249+0000] {processor.py:830} INFO - Processing file /home/airflow/.local/lib/python3.8/site-packages/airflow/example_dags/example_time_delta_sensor_async.py for tasks to queue
[2026-07-21T18:24:34.251+0000] {logging_mixin.py:188} INFO - [2026-07-21T18:24:34.251+0000] {dagbag.py:538} INFO - Filling up the DagBag from /home/airflow/.local/lib/python3.8/site-packages/airflow/example_dags/example_time_delta_sensor_async.py
[2026-07-21T18:24:34.257+0000] {processor.py:840} INFO - DAG(s) 'example_time_delta_sensor_async' retrieved from /home/airflow/.local/lib/python3.8/site-packages/airflow/example_dags/example_time_delta_sensor_async.py
[2026-07-21T18:24:34.284+0000] {logging_mixin.py:188} INFO - [2026-07-21T18:24:34.284+0000] {dag.py:3036} INFO - Sync 1 DAGs
[2026-07-21T18:24:34.299+0000] {logging_mixin.py:188} INFO - [2026-07-21T18:24:34.299+0000] {dag.py:3823} INFO - Setting next_dagrun for example_time_delta_sensor_async to None, run_after=None
[2026-07-21T18:24:34.326+0000] {processor.py:183} INFO - Processing /home/airflow/.local/lib/python3.8/site-packages/airflow/example_dags/example_time_delta_sensor_async.py took 0.083 seconds
[2026-07-21T18:25:04.739+0000] {processor.py:161} INFO - Started process (PID=1854) to work on /home/airflow/.local/lib/python3.8/site-packages/airflow/example_dags/example_time_delta_sensor_async.py
[2026-07-21T18:25:04.741+0000] {processor.py:830} INFO - Processing file /home/airflow/.local/lib/python3.8/site-packages/airflow/example_dags/example_time_delta_sensor_async.py for tasks to queue
[2026-07-21T18:25:04.743+0000] {logging_mixin.py:188} INFO - [2026-07-21T18:25:04.743+0000] {dagbag.py:538} INFO - Filling up the DagBag from /home/airflow/.local/lib/python3.8/site-packages/airflow/example_dags/example_time_delta_sensor_async.py
[2026-07-21T18:25:04.749+0000] {processor.py:840} INFO - DAG(s) 'example_time_delta_sensor_async' retrieved from /home/airflow/.local/lib/python3.8/site-packages/airflow/example_dags/example_time_delta_sensor_async.py
[2026-07-21T18:25:04.773+0000] {logging_mixin.py:188} INFO - [2026-07-21T18:25:04.773+0000] {dag.py:3036} INFO - Sync 1 DAGs
[2026-07-21T18:25:04.786+0000] {logging_mixin.py:188} INFO - [2026-07-21T18:25:04.786+0000] {dag.py:3823} INFO - Setting next_dagrun for example_time_delta_sensor_async to None, run_after=None
[2026-07-21T18:25:04.807+0000] {processor.py:183} INFO - Processing /home/airflow/.local/lib/python3.8/site-packages/airflow/example_dags/example_time_delta_sensor_async.py took 0.072 seconds
[2026-07-21T18:25:35.754+0000] {processor.py:161} INFO - Started process (PID=1910) to work on /home/airflow/.local/lib/python3.8/site-packages/airflow/example_dags/example_time_delta_sensor_async.py
[2026-07-21T18:25:35.755+0000] {processor.py:830} INFO - Processing file /home/airflow/.local/lib/python3.8/site-packages/airflow/example_dags/example_time_delta_sensor_async.py for tasks to queue
[2026-07-21T18:25:35.758+0000] {logging_mixin.py:188} INFO - [2026-07-21T18:25:35.757+0000] {dagbag.py:538} INFO - Filling up the DagBag from /home/airflow/.local/lib/python3.8/site-packages/airflow/example_dags/example_time_delta_sensor_async.py
[2026-07-21T18:25:35.765+0000] {processor.py:840} INFO - DAG(s) 'example_time_delta_sensor_async' retrieved from /home/airflow/.local/lib/python3.8/site-packages/airflow/example_dags/example_time_delta_sensor_async.py
[2026-07-21T18:25:35.790+0000] {logging_mixin.py:188} INFO - [2026-07-21T18:25:35.790+0000] {dag.py:3036} INFO - Sync 1 DAGs
[2026-07-21T18:25:35.805+0000] {logging_mixin.py:188} INFO - [2026-07-21T18:25:35.804+0000] {dag.py:3823} INFO - Setting next_dagrun for example_time_delta_sensor_async to None, run_after=None
[2026-07-21T18:25:35.827+0000] {processor.py:183} INFO - Processing /home/airflow/.local/lib/python3.8/site-packages/airflow/example_dags/example_time_delta_sensor_async.py took 0.078 seconds
[2026-07-21T18:26:06.493+0000] {processor.py:161} INFO - Started process (PID=1966) to work on /home/airflow/.local/lib/python3.8/site-packages/airflow/example_dags/example_time_delta_sensor_async.py
[2026-07-21T18:26:06.495+0000] {processor.py:830} INFO - Processing file /home/airflow/.local/lib/python3.8/site-packages/airflow/example_dags/example_time_delta_sensor_async.py for tasks to queue
[2026-07-21T18:26:06.497+0000] {logging_mixin.py:188} INFO - [2026-07-21T18:26:06.497+0000] {dagbag.py:538} INFO - Filling up the DagBag from /home/airflow/.local/lib/python3.8/site-packages/airflow/example_dags/example_time_delta_sensor_async.py
[2026-07-21T18:26:06.504+0000] {processor.py:840} INFO - DAG(s) 'example_time_delta_sensor_async' retrieved from /home/airflow/.local/lib/python3.8/site-packages/airflow/example_dags/example_time_delta_sensor_async.py
[2026-07-21T18:26:06.529+0000] {logging_mixin.py:188} INFO - [2026-07-21T18:26:06.529+0000] {dag.py:3036} INFO - Sync 1 DAGs
[2026-07-21T18:26:06.544+0000] {logging_mixin.py:188} INFO - [2026-07-21T18:26:06.544+0000] {dag.py:3823} INFO - Setting next_dagrun for example_time_delta_sensor_async to None, run_after=None
[2026-07-21T18:26:06.567+0000] {processor.py:183} INFO - Processing /home/airflow/.local/lib/python3.8/site-packages/airflow/example_dags/example_time_delta_sensor_async.py took 0.078 seconds
[2026-07-21T18:26:37.189+0000] {processor.py:161} INFO - Started process (PID=2022) to work on /home/airflow/.local/lib/python3.8/site-packages/airflow/example_dags/example_time_delta_sensor_async.py
[2026-07-21T18:26:37.190+0000] {processor.py:830} INFO - Processing file /home/airflow/.local/lib/python3.8/site-packages/airflow/example_dags/example_time_delta_sensor_async.py for tasks to queue
[2026-07-21T18:26:37.192+0000] {logging_mixin.py:188} INFO - [2026-07-21T18:26:37.192+0000] {dagbag.py:538} INFO - Filling up the DagBag from /home/airflow/.local/lib/python3.8/site-packages/airflow/example_dags/example_time_delta_sensor_async.py
[2026-07-21T18:26:37.198+0000] {processor.py:840} INFO - DAG(s) 'example_time_delta_sensor_async' retrieved from /home/airflow/.local/lib/python3.8/site-packages/airflow/example_dags/example_time_delta_sensor_async.py
[2026-07-21T18:26:37.223+0000] {logging_mixin.py:188} INFO - [2026-07-21T18:26:37.222+0000] {dag.py:3036} INFO - Sync 1 DAGs
[2026-07-21T18:26:37.236+0000] {logging_mixin.py:188} INFO - [2026-07-21T18:26:37.235+0000] {dag.py:3823} INFO - Setting next_dagrun for example_time_delta_sensor_async to None, run_after=None
[2026-07-21T18:26:37.259+0000] {processor.py:183} INFO - Processing /home/airflow/.local/lib/python3.8/site-packages/airflow/example_dags/example_time_delta_sensor_async.py took 0.075 seconds
[2026-07-21T18:27:07.623+0000] {processor.py:161} INFO - Started process (PID=2078) to work on /home/airflow/.local/lib/python3.8/site-packages/airflow/example_dags/example_time_delta_sensor_async.py
[2026-07-21T18:27:07.625+0000] {processor.py:830} INFO - Processing file /home/airflow/.local/lib/python3.8/site-packages/airflow/example_dags/example_time_delta_sensor_async.py for tasks to queue
[2026-07-21T18:27:07.627+0000] {logging_mixin.py:188} INFO - [2026-07-21T18:27:07.627+0000] {dagbag.py:538} INFO - Filling up the DagBag from /home/airflow/.local/lib/python3.8/site-packages/airflow/example_dags/example_time_delta_sensor_async.py
[2026-07-21T18:27:07.634+0000] {processor.py:840} INFO - DAG(s) 'example_time_delta_sensor_async' retrieved from /home/airflow/.local/lib/python3.8/site-packages/airflow/example_dags/example_time_delta_sensor_async.py
[2026-07-21T18:27:07.664+0000] {logging_mixin.py:188} INFO - [2026-07-21T18:27:07.664+0000] {dag.py:3036} INFO - Sync 1 DAGs
[2026-07-21T18:27:07.679+0000] {logging_mixin.py:188} INFO - [2026-07-21T18:27:07.679+0000] {dag.py:3823} INFO - Setting next_dagrun for example_time_delta_sensor_async to None, run_after=None
[2026-07-21T18:27:07.706+0000] {processor.py:183} INFO - Processing /home/airflow/.local/lib/python3.8/site-packages/airflow/example_dags/example_time_delta_sensor_async.py took 0.086 seconds
[2026-07-21T18:27:38.221+0000] {processor.py:161} INFO - Started process (PID=2133) to work on /home/airflow/.local/lib/python3.8/site-packages/airflow/example_dags/example_time_delta_sensor_async.py
[2026-07-21T18:27:38.223+0000] {processor.py:830} INFO - Processing file /home/airflow/.local/lib/python3.8/site-packages/airflow/example_dags/example_time_delta_sensor_async.py for tasks to queue
[2026-07-21T18:27:38.225+0000] {logging_mixin.py:188} INFO - [2026-07-21T18:27:38.225+0000] {dagbag.py:538} INFO - Filling up the DagBag from /home/airflow/.local/lib/python3.8/site-packages/airflow/example_dags/example_time_delta_sensor_async.py
[2026-07-21T18:27:38.231+0000] {processor.py:840} INFO - DAG(s) 'example_time_delta_sensor_async' retrieved from /home/airflow/.local/lib/python3.8/site-packages/airflow/example_dags/example_time_delta_sensor_async.py
[2026-07-21T18:27:38.256+0000] {logging_mixin.py:188} INFO - [2026-07-21T18:27:38.256+0000] {dag.py:3036} INFO - Sync 1 DAGs
[2026-07-21T18:27:38.269+0000] {logging_mixin.py:188} INFO - [2026-07-21T18:27:38.269+0000] {dag.py:3823} INFO - Setting next_dagrun for example_time_delta_sensor_async to None, run_after=None
[2026-07-21T18:27:38.288+0000] {processor.py:183} INFO - Processing /home/airflow/.local/lib/python3.8/site-packages/airflow/example_dags/example_time_delta_sensor_async.py took 0.072 seconds
[2026-07-21T18:28:08.847+0000] {processor.py:161} INFO - Started process (PID=2189) to work on /home/airflow/.local/lib/python3.8/site-packages/airflow/example_dags/example_time_delta_sensor_async.py
[2026-07-21T18:28:08.848+0000] {processor.py:830} INFO - Processing file /home/airflow/.local/lib/python3.8/site-packages/airflow/example_dags/example_time_delta_sensor_async.py for tasks to queue
[2026-07-21T18:28:08.850+0000] {logging_mixin.py:188} INFO - [2026-07-21T18:28:08.850+0000] {dagbag.py:538} INFO - Filling up the DagBag from /home/airflow/.local/lib/python3.8/site-packages/airflow/example_dags/example_time_delta_sensor_async.py
[2026-07-21T18:28:08.857+0000] {processor.py:840} INFO - DAG(s) 'example_time_delta_sensor_async' retrieved from /home/airflow/.local/lib/python3.8/site-packages/airflow/example_dags/example_time_delta_sensor_async.py
[2026-07-21T18:28:08.881+0000] {logging_mixin.py:188} INFO - [2026-07-21T18:28:08.881+0000] {dag.py:3036} INFO - Sync 1 DAGs
[2026-07-21T18:28:08.892+0000] {logging_mixin.py:188} INFO - [2026-07-21T18:28:08.891+0000] {dag.py:3823} INFO - Setting next_dagrun for example_time_delta_sensor_async to None, run_after=None
[2026-07-21T18:28:08.911+0000] {processor.py:183} INFO - Processing /home/airflow/.local/lib/python3.8/site-packages/airflow/example_dags/example_time_delta_sensor_async.py took 0.069 seconds
[2026-07-21T18:28:39.212+0000] {processor.py:161} INFO - Started process (PID=2245) to work on /home/airflow/.local/lib/python3.8/site-packages/airflow/example_dags/example_time_delta_sensor_async.py
[2026-07-21T18:28:39.213+0000] {processor.py:830} INFO - Processing file /home/airflow/.local/lib/python3.8/site-packages/airflow/example_dags/example_time_delta_sensor_async.py for tasks to queue
[2026-07-21T18:28:39.215+0000] {logging_mixin.py:188} INFO - [2026-07-21T18:28:39.214+0000] {dagbag.py:538} INFO - Filling up the DagBag from /home/airflow/.local/lib/python3.8/site-packages/airflow/example_dags/example_time_delta_sensor_async.py
[2026-07-21T18:28:39.220+0000] {processor.py:840} INFO - DAG(s) 'example_time_delta_sensor_async' retrieved from /home/airflow/.local/lib/python3.8/site-packages/airflow/example_dags/example_time_delta_sensor_async.py
[2026-07-21T18:28:39.242+0000] {logging_mixin.py:188} INFO - [2026-07-21T18:28:39.241+0000] {dag.py:3036} INFO - Sync 1 DAGs
[2026-07-21T18:28:39.253+0000] {logging_mixin.py:188} INFO - [2026-07-21T18:28:39.253+0000] {dag.py:3823} INFO - Setting next_dagrun for example_time_delta_sensor_async to None, run_after=None
[2026-07-21T18:28:39.274+0000] {processor.py:183} INFO - Processing /home/airflow/.local/lib/python3.8/site-packages/airflow/example_dags/example_time_delta_sensor_async.py took 0.066 seconds
[2026-07-21T18:29:09.519+0000] {processor.py:161} INFO - Started process (PID=2302) to work on /home/airflow/.local/lib/python3.8/site-packages/airflow/example_dags/example_time_delta_sensor_async.py
[2026-07-21T18:29:09.520+0000] {processor.py:830} INFO - Processing file /home/airflow/.local/lib/python3.8/site-packages/airflow/example_dags/example_time_delta_sensor_async.py for tasks to queue
[2026-07-21T18:29:09.522+0000] {logging_mixin.py:188} INFO - [2026-07-21T18:29:09.522+0000] {dagbag.py:538} INFO - Filling up the DagBag from /home/airflow/.local/lib/python3.8/site-packages/airflow/example_dags/example_time_delta_sensor_async.py
[2026-07-21T18:29:09.528+0000] {processor.py:840} INFO - DAG(s) 'example_time_delta_sensor_async' retrieved from /home/airflow/.local/lib/python3.8/site-packages/airflow/example_dags/example_time_delta_sensor_async.py
[2026-07-21T18:29:09.550+0000] {logging_mixin.py:188} INFO - [2026-07-21T18:29:09.550+0000] {dag.py:3036} INFO - Sync 1 DAGs
[2026-07-21T18:29:09.561+0000] {logging_mixin.py:188} INFO - [2026-07-21T18:29:09.561+0000] {dag.py:3823} INFO - Setting next_dagrun for example_time_delta_sensor_async to None, run_after=None
[2026-07-21T18:29:09.580+0000] {processor.py:183} INFO - Processing /home/airflow/.local/lib/python3.8/site-packages/airflow/example_dags/example_time_delta_sensor_async.py took 0.064 seconds
[2026-07-21T18:29:40.165+0000] {processor.py:161} INFO - Started process (PID=2358) to work on /home/airflow/.local/lib/python3.8/site-packages/airflow/example_dags/example_time_delta_sensor_async.py
[2026-07-21T18:29:40.166+0000] {processor.py:830} INFO - Processing file /home/airflow/.local/lib/python3.8/site-packages/airflow/example_dags/example_time_delta_sensor_async.py for tasks to queue
[2026-07-21T18:29:40.168+0000] {logging_mixin.py:188} INFO - [2026-07-21T18:29:40.168+0000] {dagbag.py:538} INFO - Filling up the DagBag from /home/airflow/.local/lib/python3.8/site-packages/airflow/example_dags/example_time_delta_sensor_async.py
[2026-07-21T18:29:40.174+0000] {processor.py:840} INFO - DAG(s) 'example_time_delta_sensor_async' retrieved from /home/airflow/.local/lib/python3.8/site-packages/airflow/example_dags/example_time_delta_sensor_async.py
[2026-07-21T18:29:40.195+0000] {logging_mixin.py:188} INFO - [2026-07-21T18:29:40.195+0000] {dag.py:3036} INFO - Sync 1 DAGs
[2026-07-21T18:29:40.207+0000] {logging_mixin.py:188} INFO - [2026-07-21T18:29:40.207+0000] {dag.py:3823} INFO - Setting next_dagrun for example_time_delta_sensor_async to None, run_after=None
[2026-07-21T18:29:40.226+0000] {processor.py:183} INFO - Processing /home/airflow/.local/lib/python3.8/site-packages/airflow/example_dags/example_time_delta_sensor_async.py took 0.065 seconds
[2026-07-21T18:30:10.576+0000] {processor.py:161} INFO - Started process (PID=2414) to work on /home/airflow/.local/lib/python3.8/site-packages/airflow/example_dags/example_time_delta_sensor_async.py
[2026-07-21T18:30:10.577+0000] {processor.py:830} INFO - Processing file /home/airflow/.local/lib/python3.8/site-packages/airflow/example_dags/example_time_delta_sensor_async.py for tasks to queue
[2026-07-21T18:30:10.579+0000] {logging_mixin.py:188} INFO - [2026-07-21T18:30:10.579+0000] {dagbag.py:538} INFO - Filling up the DagBag from /home/airflow/.local/lib/python3.8/site-packages/airflow/example_dags/example_time_delta_sensor_async.py
[2026-07-21T18:30:10.585+0000] {processor.py:840} INFO - DAG(s) 'example_time_delta_sensor_async' retrieved from /home/airflow/.local/lib/python3.8/site-packages/airflow/example_dags/example_time_delta_sensor_async.py
[2026-07-21T18:30:10.607+0000] {logging_mixin.py:188} INFO - [2026-07-21T18:30:10.606+0000] {dag.py:3036} INFO - Sync 1 DAGs
[2026-07-21T18:30:10.619+0000] {logging_mixin.py:188} INFO - [2026-07-21T18:30:10.619+0000] {dag.py:3823} INFO - Setting next_dagrun for example_time_delta_sensor_async to None, run_after=None
[2026-07-21T18:30:10.639+0000] {processor.py:183} INFO - Processing /home/airflow/.local/lib/python3.8/site-packages/airflow/example_dags/example_time_delta_sensor_async.py took 0.066 seconds
[2026-07-21T18:30:40.859+0000] {processor.py:161} INFO - Started process (PID=2470) to work on /home/airflow/.local/lib/python3.8/site-packages/airflow/example_dags/example_time_delta_sensor_async.py
[2026-07-21T18:30:40.860+0000] {processor.py:830} INFO - Processing file /home/airflow/.local/lib/python3.8/site-packages/airflow/example_dags/example_time_delta_sensor_async.py for tasks to queue
[2026-07-21T18:30:40.863+0000] {logging_mixin.py:188} INFO - [2026-07-21T18:30:40.863+0000] {dagbag.py:538} INFO - Filling up the DagBag from /home/airflow/.local/lib/python3.8/site-packages/airflow/example_dags/example_time_delta_sensor_async.py
[2026-07-21T18:30:40.870+0000] {processor.py:840} INFO - DAG(s) 'example_time_delta_sensor_async' retrieved from /home/airflow/.local/lib/python3.8/site-packages/airflow/example_dags/example_time_delta_sensor_async.py
[2026-07-21T18:30:40.893+0000] {logging_mixin.py:188} INFO - [2026-07-21T18:30:40.892+0000] {dag.py:3036} INFO - Sync 1 DAGs
[2026-07-21T18:30:40.906+0000] {logging_mixin.py:188} INFO - [2026-07-21T18:30:40.906+0000] {dag.py:3823} INFO - Setting next_dagrun for example_time_delta_sensor_async to None, run_after=None
[2026-07-21T18:30:40.931+0000] {processor.py:183} INFO - Processing /home/airflow/.local/lib/python3.8/site-packages/airflow/example_dags/example_time_delta_sensor_async.py took 0.076 seconds
[2026-07-21T18:31:11.329+0000] {processor.py:161} INFO - Started process (PID=2526) to work on /home/airflow/.local/lib/python3.8/site-packages/airflow/example_dags/example_time_delta_sensor_async.py
[2026-07-21T18:31:11.330+0000] {processor.py:830} INFO - Processing file /home/airflow/.local/lib/python3.8/site-packages/airflow/example_dags/example_time_delta_sensor_async.py for tasks to queue
[2026-07-21T18:31:11.332+0000] {logging_mixin.py:188} INFO - [2026-07-21T18:31:11.332+0000] {dagbag.py:538} INFO - Filling up the DagBag from /home/airflow/.local/lib/python3.8/site-packages/airflow/example_dags/example_time_delta_sensor_async.py
[2026-07-21T18:31:11.338+0000] {processor.py:840} INFO - DAG(s) 'example_time_delta_sensor_async' retrieved from /home/airflow/.local/lib/python3.8/site-packages/airflow/example_dags/example_time_delta_sensor_async.py
[2026-07-21T18:31:11.360+0000] {logging_mixin.py:188} INFO - [2026-07-21T18:31:11.360+0000] {dag.py:3036} INFO - Sync 1 DAGs
[2026-07-21T18:31:11.372+0000] {logging_mixin.py:188} INFO - [2026-07-21T18:31:11.372+0000] {dag.py:3823} INFO - Setting next_dagrun for example_time_delta_sensor_async to None, run_after=None
[2026-07-21T18:31:11.392+0000] {processor.py:183} INFO - Processing /home/airflow/.local/lib/python3.8/site-packages/airflow/example_dags/example_time_delta_sensor_async.py took 0.066 seconds
[2026-07-21T18:34:13.538+0000] {processor.py:161} INFO - Started process (PID=79) to work on /home/airflow/.local/lib/python3.10/site-packages/airflow/example_dags/example_time_delta_sensor_async.py
[2026-07-21T18:34:13.545+0000] {processor.py:830} INFO - Processing file /home/airflow/.local/lib/python3.10/site-packages/airflow/example_dags/example_time_delta_sensor_async.py for tasks to queue
[2026-07-21T18:34:13.560+0000] {logging_mixin.py:188} INFO - [2026-07-21T18:34:13.559+0000] {dagbag.py:538} INFO - Filling up the DagBag from /home/airflow/.local/lib/python3.10/site-packages/airflow/example_dags/example_time_delta_sensor_async.py
[2026-07-21T18:34:13.591+0000] {processor.py:840} INFO - DAG(s) 'example_time_delta_sensor_async' retrieved from /home/airflow/.local/lib/python3.10/site-packages/airflow/example_dags/example_time_delta_sensor_async.py
[2026-07-21T18:34:13.609+0000] {logging_mixin.py:188} INFO - [2026-07-21T18:34:13.609+0000] {dag.py:3036} INFO - Sync 1 DAGs
[2026-07-21T18:34:13.648+0000] {logging_mixin.py:188} INFO - [2026-07-21T18:34:13.647+0000] {dag.py:3823} INFO - Setting next_dagrun for example_time_delta_sensor_async to None, run_after=None
[2026-07-21T18:34:13.685+0000] {processor.py:183} INFO - Processing /home/airflow/.local/lib/python3.10/site-packages/airflow/example_dags/example_time_delta_sensor_async.py took 0.173 seconds
[2026-07-21T18:34:44.244+0000] {processor.py:161} INFO - Started process (PID=135) to work on /home/airflow/.local/lib/python3.10/site-packages/airflow/example_dags/example_time_delta_sensor_async.py
[2026-07-21T18:34:44.246+0000] {processor.py:830} INFO - Processing file /home/airflow/.local/lib/python3.10/site-packages/airflow/example_dags/example_time_delta_sensor_async.py for tasks to queue
[2026-07-21T18:34:44.248+0000] {logging_mixin.py:188} INFO - [2026-07-21T18:34:44.248+0000] {dagbag.py:538} INFO - Filling up the DagBag from /home/airflow/.local/lib/python3.10/site-packages/airflow/example_dags/example_time_delta_sensor_async.py
[2026-07-21T18:34:44.255+0000] {processor.py:840} INFO - DAG(s) 'example_time_delta_sensor_async' retrieved from /home/airflow/.local/lib/python3.10/site-packages/airflow/example_dags/example_time_delta_sensor_async.py
[2026-07-21T18:34:44.350+0000] {logging_mixin.py:188} INFO - [2026-07-21T18:34:44.350+0000] {dag.py:3036} INFO - Sync 1 DAGs
[2026-07-21T18:34:44.360+0000] {logging_mixin.py:188} INFO - [2026-07-21T18:34:44.360+0000] {dag.py:3823} INFO - Setting next_dagrun for example_time_delta_sensor_async to None, run_after=None
[2026-07-21T18:34:44.380+0000] {processor.py:183} INFO - Processing /home/airflow/.local/lib/python3.10/site-packages/airflow/example_dags/example_time_delta_sensor_async.py took 0.140 seconds
[2026-07-21T18:35:14.514+0000] {processor.py:161} INFO - Started process (PID=191) to work on /home/airflow/.local/lib/python3.10/site-packages/airflow/example_dags/example_time_delta_sensor_async.py
[2026-07-21T18:35:14.516+0000] {processor.py:830} INFO - Processing file /home/airflow/.local/lib/python3.10/site-packages/airflow/example_dags/example_time_delta_sensor_async.py for tasks to queue
[2026-07-21T18:35:14.519+0000] {logging_mixin.py:188} INFO - [2026-07-21T18:35:14.518+0000] {dagbag.py:538} INFO - Filling up the DagBag from /home/airflow/.local/lib/python3.10/site-packages/airflow/example_dags/example_time_delta_sensor_async.py
[2026-07-21T18:35:14.525+0000] {processor.py:840} INFO - DAG(s) 'example_time_delta_sensor_async' retrieved from /home/airflow/.local/lib/python3.10/site-packages/airflow/example_dags/example_time_delta_sensor_async.py
[2026-07-21T18:35:14.550+0000] {logging_mixin.py:188} INFO - [2026-07-21T18:35:14.550+0000] {dag.py:3036} INFO - Sync 1 DAGs
[2026-07-21T18:35:14.562+0000] {logging_mixin.py:188} INFO - [2026-07-21T18:35:14.562+0000] {dag.py:3823} INFO - Setting next_dagrun for example_time_delta_sensor_async to None, run_after=None
[2026-07-21T18:35:14.584+0000] {processor.py:183} INFO - Processing /home/airflow/.local/lib/python3.10/site-packages/airflow/example_dags/example_time_delta_sensor_async.py took 0.075 seconds
[2026-07-21T18:35:44.661+0000] {processor.py:161} INFO - Started process (PID=247) to work on /home/airflow/.local/lib/python3.10/site-packages/airflow/example_dags/example_time_delta_sensor_async.py
[2026-07-21T18:35:44.662+0000] {processor.py:830} INFO - Processing file /home/airflow/.local/lib/python3.10/site-packages/airflow/example_dags/example_time_delta_sensor_async.py for tasks to queue
[2026-07-21T18:35:44.664+0000] {logging_mixin.py:188} INFO - [2026-07-21T18:35:44.664+0000] {dagbag.py:538} INFO - Filling up the DagBag from /home/airflow/.local/lib/python3.10/site-packages/airflow/example_dags/example_time_delta_sensor_async.py
[2026-07-21T18:35:44.670+0000] {processor.py:840} INFO - DAG(s) 'example_time_delta_sensor_async' retrieved from /home/airflow/.local/lib/python3.10/site-packages/airflow/example_dags/example_time_delta_sensor_async.py
[2026-07-21T18:35:44.696+0000] {logging_mixin.py:188} INFO - [2026-07-21T18:35:44.696+0000] {dag.py:3036} INFO - Sync 1 DAGs
[2026-07-21T18:35:44.709+0000] {logging_mixin.py:188} INFO - [2026-07-21T18:35:44.709+0000] {dag.py:3823} INFO - Setting next_dagrun for example_time_delta_sensor_async to None, run_after=None
[2026-07-21T18:35:44.731+0000] {processor.py:183} INFO - Processing /home/airflow/.local/lib/python3.10/site-packages/airflow/example_dags/example_time_delta_sensor_async.py took 0.074 seconds
[2026-07-21T18:36:15.220+0000] {processor.py:161} INFO - Started process (PID=303) to work on /home/airflow/.local/lib/python3.10/site-packages/airflow/example_dags/example_time_delta_sensor_async.py
[2026-07-21T18:36:15.221+0000] {processor.py:830} INFO - Processing file /home/airflow/.local/lib/python3.10/site-packages/airflow/example_dags/example_time_delta_sensor_async.py for tasks to queue
[2026-07-21T18:36:15.224+0000] {logging_mixin.py:188} INFO - [2026-07-21T18:36:15.223+0000] {dagbag.py:538} INFO - Filling up the DagBag from /home/airflow/.local/lib/python3.10/site-packages/airflow/example_dags/example_time_delta_sensor_async.py
[2026-07-21T18:36:15.230+0000] {processor.py:840} INFO - DAG(s) 'example_time_delta_sensor_async' retrieved from /home/airflow/.local/lib/python3.10/site-packages/airflow/example_dags/example_time_delta_sensor_async.py
[2026-07-21T18:36:15.255+0000] {logging_mixin.py:188} INFO - [2026-07-21T18:36:15.255+0000] {dag.py:3036} INFO - Sync 1 DAGs
[2026-07-21T18:36:15.267+0000] {logging_mixin.py:188} INFO - [2026-07-21T18:36:15.267+0000] {dag.py:3823} INFO - Setting next_dagrun for example_time_delta_sensor_async to None, run_after=None
[2026-07-21T18:36:15.287+0000] {processor.py:183} INFO - Processing /home/airflow/.local/lib/python3.10/site-packages/airflow/example_dags/example_time_delta_sensor_async.py took 0.071 seconds
[2026-07-21T18:36:45.582+0000] {processor.py:161} INFO - Started process (PID=359) to work on /home/airflow/.local/lib/python3.10/site-packages/airflow/example_dags/example_time_delta_sensor_async.py
[2026-07-21T18:36:45.583+0000] {processor.py:830} INFO - Processing file /home/airflow/.local/lib/python3.10/site-packages/airflow/example_dags/example_time_delta_sensor_async.py for tasks to queue
[2026-07-21T18:36:45.585+0000] {logging_mixin.py:188} INFO - [2026-07-21T18:36:45.584+0000] {dagbag.py:538} INFO - Filling up the DagBag from /home/airflow/.local/lib/python3.10/site-packages/airflow/example_dags/example_time_delta_sensor_async.py
[2026-07-21T18:36:45.590+0000] {processor.py:840} INFO - DAG(s) 'example_time_delta_sensor_async' retrieved from /home/airflow/.local/lib/python3.10/site-packages/airflow/example_dags/example_time_delta_sensor_async.py
[2026-07-21T18:36:45.612+0000] {logging_mixin.py:188} INFO - [2026-07-21T18:36:45.612+0000] {dag.py:3036} INFO - Sync 1 DAGs
[2026-07-21T18:36:45.623+0000] {logging_mixin.py:188} INFO - [2026-07-21T18:36:45.623+0000] {dag.py:3823} INFO - Setting next_dagrun for example_time_delta_sensor_async to None, run_after=None
[2026-07-21T18:36:45.641+0000] {processor.py:183} INFO - Processing /home/airflow/.local/lib/python3.10/site-packages/airflow/example_dags/example_time_delta_sensor_async.py took 0.063 seconds
[2026-07-21T18:37:15.934+0000] {processor.py:161} INFO - Started process (PID=414) to work on /home/airflow/.local/lib/python3.10/site-packages/airflow/example_dags/example_time_delta_sensor_async.py
[2026-07-21T18:37:15.935+0000] {processor.py:830} INFO - Processing file /home/airflow/.local/lib/python3.10/site-packages/airflow/example_dags/example_time_delta_sensor_async.py for tasks to queue
[2026-07-21T18:37:15.937+0000] {logging_mixin.py:188} INFO - [2026-07-21T18:37:15.937+0000] {dagbag.py:538} INFO - Filling up the DagBag from /home/airflow/.local/lib/python3.10/site-packages/airflow/example_dags/example_time_delta_sensor_async.py
[2026-07-21T18:37:15.943+0000] {processor.py:840} INFO - DAG(s) 'example_time_delta_sensor_async' retrieved from /home/airflow/.local/lib/python3.10/site-packages/airflow/example_dags/example_time_delta_sensor_async.py
[2026-07-21T18:37:15.966+0000] {logging_mixin.py:188} INFO - [2026-07-21T18:37:15.966+0000] {dag.py:3036} INFO - Sync 1 DAGs
[2026-07-21T18:37:15.979+0000] {logging_mixin.py:188} INFO - [2026-07-21T18:37:15.978+0000] {dag.py:3823} INFO - Setting next_dagrun for example_time_delta_sensor_async to None, run_after=None
[2026-07-21T18:37:15.999+0000] {processor.py:183} INFO - Processing /home/airflow/.local/lib/python3.10/site-packages/airflow/example_dags/example_time_delta_sensor_async.py took 0.070 seconds
[2026-07-21T18:37:46.173+0000] {processor.py:161} INFO - Started process (PID=471) to work on /home/airflow/.local/lib/python3.10/site-packages/airflow/example_dags/example_time_delta_sensor_async.py
[2026-07-21T18:37:46.174+0000] {processor.py:830} INFO - Processing file /home/airflow/.local/lib/python3.10/site-packages/airflow/example_dags/example_time_delta_sensor_async.py for tasks to queue
[2026-07-21T18:37:46.177+0000] {logging_mixin.py:188} INFO - [2026-07-21T18:37:46.176+0000] {dagbag.py:538} INFO - Filling up the DagBag from /home/airflow/.local/lib/python3.10/site-packages/airflow/example_dags/example_time_delta_sensor_async.py
[2026-07-21T18:37:46.181+0000] {processor.py:840} INFO - DAG(s) 'example_time_delta_sensor_async' retrieved from /home/airflow/.local/lib/python3.10/site-packages/airflow/example_dags/example_time_delta_sensor_async.py
[2026-07-21T18:37:46.203+0000] {logging_mixin.py:188} INFO - [2026-07-21T18:37:46.203+0000] {dag.py:3036} INFO - Sync 1 DAGs
[2026-07-21T18:37:46.216+0000] {logging_mixin.py:188} INFO - [2026-07-21T18:37:46.216+0000] {dag.py:3823} INFO - Setting next_dagrun for example_time_delta_sensor_async to None, run_after=None
[2026-07-21T18:37:46.237+0000] {processor.py:183} INFO - Processing /home/airflow/.local/lib/python3.10/site-packages/airflow/example_dags/example_time_delta_sensor_async.py took 0.068 seconds
[2026-07-21T18:38:16.932+0000] {processor.py:161} INFO - Started process (PID=527) to work on /home/airflow/.local/lib/python3.10/site-packages/airflow/example_dags/example_time_delta_sensor_async.py
[2026-07-21T18:38:16.933+0000] {processor.py:830} INFO - Processing file /home/airflow/.local/lib/python3.10/site-packages/airflow/example_dags/example_time_delta_sensor_async.py for tasks to queue
[2026-07-21T18:38:16.935+0000] {logging_mixin.py:188} INFO - [2026-07-21T18:38:16.935+0000] {dagbag.py:538} INFO - Filling up the DagBag from /home/airflow/.local/lib/python3.10/site-packages/airflow/example_dags/example_time_delta_sensor_async.py
[2026-07-21T18:38:16.941+0000] {processor.py:840} INFO - DAG(s) 'example_time_delta_sensor_async' retrieved from /home/airflow/.local/lib/python3.10/site-packages/airflow/example_dags/example_time_delta_sensor_async.py
[2026-07-21T18:38:16.962+0000] {logging_mixin.py:188} INFO - [2026-07-21T18:38:16.962+0000] {dag.py:3036} INFO - Sync 1 DAGs
[2026-07-21T18:38:16.973+0000] {logging_mixin.py:188} INFO - [2026-07-21T18:38:16.973+0000] {dag.py:3823} INFO - Setting next_dagrun for example_time_delta_sensor_async to None, run_after=None
[2026-07-21T18:38:16.990+0000] {processor.py:183} INFO - Processing /home/airflow/.local/lib/python3.10/site-packages/airflow/example_dags/example_time_delta_sensor_async.py took 0.062 seconds
[2026-07-21T18:38:47.326+0000] {processor.py:161} INFO - Started process (PID=583) to work on /home/airflow/.local/lib/python3.10/site-packages/airflow/example_dags/example_time_delta_sensor_async.py
[2026-07-21T18:38:47.327+0000] {processor.py:830} INFO - Processing file /home/airflow/.local/lib/python3.10/site-packages/airflow/example_dags/example_time_delta_sensor_async.py for tasks to queue
[2026-07-21T18:38:47.329+0000] {logging_mixin.py:188} INFO - [2026-07-21T18:38:47.329+0000] {dagbag.py:538} INFO - Filling up the DagBag from /home/airflow/.local/lib/python3.10/site-packages/airflow/example_dags/example_time_delta_sensor_async.py
[2026-07-21T18:38:47.334+0000] {processor.py:840} INFO - DAG(s) 'example_time_delta_sensor_async' retrieved from /home/airflow/.local/lib/python3.10/site-packages/airflow/example_dags/example_time_delta_sensor_async.py
[2026-07-21T18:38:47.356+0000] {logging_mixin.py:188} INFO - [2026-07-21T18:38:47.356+0000] {dag.py:3036} INFO - Sync 1 DAGs
[2026-07-21T18:38:47.367+0000] {logging_mixin.py:188} INFO - [2026-07-21T18:38:47.367+0000] {dag.py:3823} INFO - Setting next_dagrun for example_time_delta_sensor_async to None, run_after=None
[2026-07-21T18:38:47.385+0000] {processor.py:183} INFO - Processing /home/airflow/.local/lib/python3.10/site-packages/airflow/example_dags/example_time_delta_sensor_async.py took 0.063 seconds
[2026-07-21T18:39:17.496+0000] {processor.py:161} INFO - Started process (PID=639) to work on /home/airflow/.local/lib/python3.10/site-packages/airflow/example_dags/example_time_delta_sensor_async.py
[2026-07-21T18:39:17.497+0000] {processor.py:830} INFO - Processing file /home/airflow/.local/lib/python3.10/site-packages/airflow/example_dags/example_time_delta_sensor_async.py for tasks to queue
[2026-07-21T18:39:17.500+0000] {logging_mixin.py:188} INFO - [2026-07-21T18:39:17.499+0000] {dagbag.py:538} INFO - Filling up the DagBag from /home/airflow/.local/lib/python3.10/site-packages/airflow/example_dags/example_time_delta_sensor_async.py
[2026-07-21T18:39:17.505+0000] {processor.py:840} INFO - DAG(s) 'example_time_delta_sensor_async' retrieved from /home/airflow/.local/lib/python3.10/site-packages/airflow/example_dags/example_time_delta_sensor_async.py
[2026-07-21T18:39:17.527+0000] {logging_mixin.py:188} INFO - [2026-07-21T18:39:17.527+0000] {dag.py:3036} INFO - Sync 1 DAGs
[2026-07-21T18:39:17.538+0000] {logging_mixin.py:188} INFO - [2026-07-21T18:39:17.538+0000] {dag.py:3823} INFO - Setting next_dagrun for example_time_delta_sensor_async to None, run_after=None
[2026-07-21T18:39:17.556+0000] {processor.py:183} INFO - Processing /home/airflow/.local/lib/python3.10/site-packages/airflow/example_dags/example_time_delta_sensor_async.py took 0.063 seconds
[2026-07-21T18:39:47.714+0000] {processor.py:161} INFO - Started process (PID=695) to work on /home/airflow/.local/lib/python3.10/site-packages/airflow/example_dags/example_time_delta_sensor_async.py
[2026-07-21T18:39:47.715+0000] {processor.py:830} INFO - Processing file /home/airflow/.local/lib/python3.10/site-packages/airflow/example_dags/example_time_delta_sensor_async.py for tasks to queue
[2026-07-21T18:39:47.717+0000] {logging_mixin.py:188} INFO - [2026-07-21T18:39:47.717+0000] {dagbag.py:538} INFO - Filling up the DagBag from /home/airflow/.local/lib/python3.10/site-packages/airflow/example_dags/example_time_delta_sensor_async.py
[2026-07-21T18:39:47.723+0000] {processor.py:840} INFO - DAG(s) 'example_time_delta_sensor_async' retrieved from /home/airflow/.local/lib/python3.10/site-packages/airflow/example_dags/example_time_delta_sensor_async.py
[2026-07-21T18:39:47.744+0000] {logging_mixin.py:188} INFO - [2026-07-21T18:39:47.744+0000] {dag.py:3036} INFO - Sync 1 DAGs
[2026-07-21T18:39:47.755+0000] {logging_mixin.py:188} INFO - [2026-07-21T18:39:47.755+0000] {dag.py:3823} INFO - Setting next_dagrun for example_time_delta_sensor_async to None, run_after=None
[2026-07-21T18:39:47.773+0000] {processor.py:183} INFO - Processing /home/airflow/.local/lib/python3.10/site-packages/airflow/example_dags/example_time_delta_sensor_async.py took 0.063 seconds
[2026-07-21T18:40:18.290+0000] {processor.py:161} INFO - Started process (PID=751) to work on /home/airflow/.local/lib/python3.10/site-packages/airflow/example_dags/example_time_delta_sensor_async.py
[2026-07-21T18:40:18.291+0000] {processor.py:830} INFO - Processing file /home/airflow/.local/lib/python3.10/site-packages/airflow/example_dags/example_time_delta_sensor_async.py for tasks to queue
[2026-07-21T18:40:18.293+0000] {logging_mixin.py:188} INFO - [2026-07-21T18:40:18.293+0000] {dagbag.py:538} INFO - Filling up the DagBag from /home/airflow/.local/lib/python3.10/site-packages/airflow/example_dags/example_time_delta_sensor_async.py
[2026-07-21T18:40:18.299+0000] {processor.py:840} INFO - DAG(s) 'example_time_delta_sensor_async' retrieved from /home/airflow/.local/lib/python3.10/site-packages/airflow/example_dags/example_time_delta_sensor_async.py
[2026-07-21T18:40:18.321+0000] {logging_mixin.py:188} INFO - [2026-07-21T18:40:18.321+0000] {dag.py:3036} INFO - Sync 1 DAGs
[2026-07-21T18:40:18.332+0000] {logging_mixin.py:188} INFO - [2026-07-21T18:40:18.332+0000] {dag.py:3823} INFO - Setting next_dagrun for example_time_delta_sensor_async to None, run_after=None
[2026-07-21T18:40:18.351+0000] {processor.py:183} INFO - Processing /home/airflow/.local/lib/python3.10/site-packages/airflow/example_dags/example_time_delta_sensor_async.py took 0.065 seconds
[2026-07-21T18:40:48.704+0000] {processor.py:161} INFO - Started process (PID=807) to work on /home/airflow/.local/lib/python3.10/site-packages/airflow/example_dags/example_time_delta_sensor_async.py
[2026-07-21T18:40:48.705+0000] {processor.py:830} INFO - Processing file /home/airflow/.local/lib/python3.10/site-packages/airflow/example_dags/example_time_delta_sensor_async.py for tasks to queue
[2026-07-21T18:40:48.707+0000] {logging_mixin.py:188} INFO - [2026-07-21T18:40:48.707+0000] {dagbag.py:538} INFO - Filling up the DagBag from /home/airflow/.local/lib/python3.10/site-packages/airflow/example_dags/example_time_delta_sensor_async.py
[2026-07-21T18:40:48.712+0000] {processor.py:840} INFO - DAG(s) 'example_time_delta_sensor_async' retrieved from /home/airflow/.local/lib/python3.10/site-packages/airflow/example_dags/example_time_delta_sensor_async.py
[2026-07-21T18:40:48.734+0000] {logging_mixin.py:188} INFO - [2026-07-21T18:40:48.733+0000] {dag.py:3036} INFO - Sync 1 DAGs
[2026-07-21T18:40:48.745+0000] {logging_mixin.py:188} INFO - [2026-07-21T18:40:48.744+0000] {dag.py:3823} INFO - Setting next_dagrun for example_time_delta_sensor_async to None, run_after=None
[2026-07-21T18:40:48.762+0000] {processor.py:183} INFO - Processing /home/airflow/.local/lib/python3.10/site-packages/airflow/example_dags/example_time_delta_sensor_async.py took 0.062 seconds
[2026-07-21T18:41:18.894+0000] {processor.py:161} INFO - Started process (PID=863) to work on /home/airflow/.local/lib/python3.10/site-packages/airflow/example_dags/example_time_delta_sensor_async.py
[2026-07-21T18:41:18.895+0000] {processor.py:830} INFO - Processing file /home/airflow/.local/lib/python3.10/site-packages/airflow/example_dags/example_time_delta_sensor_async.py for tasks to queue
[2026-07-21T18:41:18.898+0000] {logging_mixin.py:188} INFO - [2026-07-21T18:41:18.897+0000] {dagbag.py:538} INFO - Filling up the DagBag from /home/airflow/.local/lib/python3.10/site-packages/airflow/example_dags/example_time_delta_sensor_async.py
[2026-07-21T18:41:18.904+0000] {processor.py:840} INFO - DAG(s) 'example_time_delta_sensor_async' retrieved from /home/airflow/.local/lib/python3.10/site-packages/airflow/example_dags/example_time_delta_sensor_async.py
[2026-07-21T18:41:18.927+0000] {logging_mixin.py:188} INFO - [2026-07-21T18:41:18.927+0000] {dag.py:3036} INFO - Sync 1 DAGs
[2026-07-21T18:41:18.938+0000] {logging_mixin.py:188} INFO - [2026-07-21T18:41:18.938+0000] {dag.py:3823} INFO - Setting next_dagrun for example_time_delta_sensor_async to None, run_after=None
[2026-07-21T18:41:18.956+0000] {processor.py:183} INFO - Processing /home/airflow/.local/lib/python3.10/site-packages/airflow/example_dags/example_time_delta_sensor_async.py took 0.066 seconds
[2026-07-21T18:41:49.314+0000] {processor.py:161} INFO - Started process (PID=919) to work on /home/airflow/.local/lib/python3.10/site-packages/airflow/example_dags/example_time_delta_sensor_async.py
[2026-07-21T18:41:49.315+0000] {processor.py:830} INFO - Processing file /home/airflow/.local/lib/python3.10/site-packages/airflow/example_dags/example_time_delta_sensor_async.py for tasks to queue
[2026-07-21T18:41:49.317+0000] {logging_mixin.py:188} INFO - [2026-07-21T18:41:49.317+0000] {dagbag.py:538} INFO - Filling up the DagBag from /home/airflow/.local/lib/python3.10/site-packages/airflow/example_dags/example_time_delta_sensor_async.py
[2026-07-21T18:41:49.322+0000] {processor.py:840} INFO - DAG(s) 'example_time_delta_sensor_async' retrieved from /home/airflow/.local/lib/python3.10/site-packages/airflow/example_dags/example_time_delta_sensor_async.py
[2026-07-21T18:41:49.344+0000] {logging_mixin.py:188} INFO - [2026-07-21T18:41:49.344+0000] {dag.py:3036} INFO - Sync 1 DAGs
[2026-07-21T18:41:49.356+0000] {logging_mixin.py:188} INFO - [2026-07-21T18:41:49.355+0000] {dag.py:3823} INFO - Setting next_dagrun for example_time_delta_sensor_async to None, run_after=None
[2026-07-21T18:41:49.373+0000] {processor.py:183} INFO - Processing /home/airflow/.local/lib/python3.10/site-packages/airflow/example_dags/example_time_delta_sensor_async.py took 0.063 seconds
[2026-07-21T18:42:19.472+0000] {processor.py:161} INFO - Started process (PID=975) to work on /home/airflow/.local/lib/python3.10/site-packages/airflow/example_dags/example_time_delta_sensor_async.py
[2026-07-21T18:42:19.473+0000] {processor.py:830} INFO - Processing file /home/airflow/.local/lib/python3.10/site-packages/airflow/example_dags/example_time_delta_sensor_async.py for tasks to queue
[2026-07-21T18:42:19.475+0000] {logging_mixin.py:188} INFO - [2026-07-21T18:42:19.475+0000] {dagbag.py:538} INFO - Filling up the DagBag from /home/airflow/.local/lib/python3.10/site-packages/airflow/example_dags/example_time_delta_sensor_async.py
[2026-07-21T18:42:19.480+0000] {processor.py:840} INFO - DAG(s) 'example_time_delta_sensor_async' retrieved from /home/airflow/.local/lib/python3.10/site-packages/airflow/example_dags/example_time_delta_sensor_async.py
[2026-07-21T18:42:19.506+0000] {logging_mixin.py:188} INFO - [2026-07-21T18:42:19.506+0000] {dag.py:3036} INFO - Sync 1 DAGs
[2026-07-21T18:42:19.519+0000] {logging_mixin.py:188} INFO - [2026-07-21T18:42:19.519+0000] {dag.py:3823} INFO - Setting next_dagrun for example_time_delta_sensor_async to None, run_after=None
[2026-07-21T18:42:19.539+0000] {processor.py:183} INFO - Processing /home/airflow/.local/lib/python3.10/site-packages/airflow/example_dags/example_time_delta_sensor_async.py took 0.071 seconds
[2026-07-21T18:42:49.814+0000] {processor.py:161} INFO - Started process (PID=1032) to work on /home/airflow/.local/lib/python3.10/site-packages/airflow/example_dags/example_time_delta_sensor_async.py
[2026-07-21T18:42:49.815+0000] {processor.py:830} INFO - Processing file /home/airflow/.local/lib/python3.10/site-packages/airflow/example_dags/example_time_delta_sensor_async.py for tasks to queue
[2026-07-21T18:42:49.817+0000] {logging_mixin.py:188} INFO - [2026-07-21T18:42:49.817+0000] {dagbag.py:538} INFO - Filling up the DagBag from /home/airflow/.local/lib/python3.10/site-packages/airflow/example_dags/example_time_delta_sensor_async.py
[2026-07-21T18:42:49.822+0000] {processor.py:840} INFO - DAG(s) 'example_time_delta_sensor_async' retrieved from /home/airflow/.local/lib/python3.10/site-packages/airflow/example_dags/example_time_delta_sensor_async.py
[2026-07-21T18:42:49.846+0000] {logging_mixin.py:188} INFO - [2026-07-21T18:42:49.846+0000] {dag.py:3036} INFO - Sync 1 DAGs
[2026-07-21T18:42:49.858+0000] {logging_mixin.py:188} INFO - [2026-07-21T18:42:49.858+0000] {dag.py:3823} INFO - Setting next_dagrun for example_time_delta_sensor_async to None, run_after=None
[2026-07-21T18:42:49.875+0000] {processor.py:183} INFO - Processing /home/airflow/.local/lib/python3.10/site-packages/airflow/example_dags/example_time_delta_sensor_async.py took 0.066 seconds
[2026-07-21T18:43:20.181+0000] {processor.py:161} INFO - Started process (PID=1088) to work on /home/airflow/.local/lib/python3.10/site-packages/airflow/example_dags/example_time_delta_sensor_async.py
[2026-07-21T18:43:20.182+0000] {processor.py:830} INFO - Processing file /home/airflow/.local/lib/python3.10/site-packages/airflow/example_dags/example_time_delta_sensor_async.py for tasks to queue
[2026-07-21T18:43:20.184+0000] {logging_mixin.py:188} INFO - [2026-07-21T18:43:20.184+0000] {dagbag.py:538} INFO - Filling up the DagBag from /home/airflow/.local/lib/python3.10/site-packages/airflow/example_dags/example_time_delta_sensor_async.py
[2026-07-21T18:43:20.189+0000] {processor.py:840} INFO - DAG(s) 'example_time_delta_sensor_async' retrieved from /home/airflow/.local/lib/python3.10/site-packages/airflow/example_dags/example_time_delta_sensor_async.py
[2026-07-21T18:43:20.212+0000] {logging_mixin.py:188} INFO - [2026-07-21T18:43:20.211+0000] {dag.py:3036} INFO - Sync 1 DAGs
[2026-07-21T18:43:20.223+0000] {logging_mixin.py:188} INFO - [2026-07-21T18:43:20.223+0000] {dag.py:3823} INFO - Setting next_dagrun for example_time_delta_sensor_async to None, run_after=None
[2026-07-21T18:43:20.240+0000] {processor.py:183} INFO - Processing /home/airflow/.local/lib/python3.10/site-packages/airflow/example_dags/example_time_delta_sensor_async.py took 0.064 seconds
[2026-07-21T18:43:50.824+0000] {processor.py:161} INFO - Started process (PID=1144) to work on /home/airflow/.local/lib/python3.10/site-packages/airflow/example_dags/example_time_delta_sensor_async.py
[2026-07-21T18:43:50.826+0000] {processor.py:830} INFO - Processing file /home/airflow/.local/lib/python3.10/site-packages/airflow/example_dags/example_time_delta_sensor_async.py for tasks to queue
[2026-07-21T18:43:50.828+0000] {logging_mixin.py:188} INFO - [2026-07-21T18:43:50.828+0000] {dagbag.py:538} INFO - Filling up the DagBag from /home/airflow/.local/lib/python3.10/site-packages/airflow/example_dags/example_time_delta_sensor_async.py
[2026-07-21T18:43:50.834+0000] {processor.py:840} INFO - DAG(s) 'example_time_delta_sensor_async' retrieved from /home/airflow/.local/lib/python3.10/site-packages/airflow/example_dags/example_time_delta_sensor_async.py
[2026-07-21T18:43:50.857+0000] {logging_mixin.py:188} INFO - [2026-07-21T18:43:50.856+0000] {dag.py:3036} INFO - Sync 1 DAGs
[2026-07-21T18:43:50.868+0000] {logging_mixin.py:188} INFO - [2026-07-21T18:43:50.868+0000] {dag.py:3823} INFO - Setting next_dagrun for example_time_delta_sensor_async to None, run_after=None
[2026-07-21T18:43:50.887+0000] {processor.py:183} INFO - Processing /home/airflow/.local/lib/python3.10/site-packages/airflow/example_dags/example_time_delta_sensor_async.py took 0.068 seconds
[2026-07-21T18:44:21.109+0000] {processor.py:161} INFO - Started process (PID=1200) to work on /home/airflow/.local/lib/python3.10/site-packages/airflow/example_dags/example_time_delta_sensor_async.py
[2026-07-21T18:44:21.110+0000] {processor.py:830} INFO - Processing file /home/airflow/.local/lib/python3.10/site-packages/airflow/example_dags/example_time_delta_sensor_async.py for tasks to queue
[2026-07-21T18:44:21.113+0000] {logging_mixin.py:188} INFO - [2026-07-21T18:44:21.112+0000] {dagbag.py:538} INFO - Filling up the DagBag from /home/airflow/.local/lib/python3.10/site-packages/airflow/example_dags/example_time_delta_sensor_async.py
[2026-07-21T18:44:21.118+0000] {processor.py:840} INFO - DAG(s) 'example_time_delta_sensor_async' retrieved from /home/airflow/.local/lib/python3.10/site-packages/airflow/example_dags/example_time_delta_sensor_async.py
[2026-07-21T18:44:21.139+0000] {logging_mixin.py:188} INFO - [2026-07-21T18:44:21.139+0000] {dag.py:3036} INFO - Sync 1 DAGs
[2026-07-21T18:44:21.154+0000] {logging_mixin.py:188} INFO - [2026-07-21T18:44:21.154+0000] {dag.py:3823} INFO - Setting next_dagrun for example_time_delta_sensor_async to None, run_after=None
[2026-07-21T18:44:21.181+0000] {processor.py:183} INFO - Processing /home/airflow/.local/lib/python3.10/site-packages/airflow/example_dags/example_time_delta_sensor_async.py took 0.076 seconds
[2026-07-21T18:44:51.279+0000] {processor.py:161} INFO - Started process (PID=1256) to work on /home/airflow/.local/lib/python3.10/site-packages/airflow/example_dags/example_time_delta_sensor_async.py
[2026-07-21T18:44:51.281+0000] {processor.py:830} INFO - Processing file /home/airflow/.local/lib/python3.10/site-packages/airflow/example_dags/example_time_delta_sensor_async.py for tasks to queue
[2026-07-21T18:44:51.283+0000] {logging_mixin.py:188} INFO - [2026-07-21T18:44:51.282+0000] {dagbag.py:538} INFO - Filling up the DagBag from /home/airflow/.local/lib/python3.10/site-packages/airflow/example_dags/example_time_delta_sensor_async.py
[2026-07-21T18:44:51.288+0000] {processor.py:840} INFO - DAG(s) 'example_time_delta_sensor_async' retrieved from /home/airflow/.local/lib/python3.10/site-packages/airflow/example_dags/example_time_delta_sensor_async.py
[2026-07-21T18:44:51.310+0000] {logging_mixin.py:188} INFO - [2026-07-21T18:44:51.309+0000] {dag.py:3036} INFO - Sync 1 DAGs
[2026-07-21T18:44:51.321+0000] {logging_mixin.py:188} INFO - [2026-07-21T18:44:51.321+0000] {dag.py:3823} INFO - Setting next_dagrun for example_time_delta_sensor_async to None, run_after=None
[2026-07-21T18:44:51.340+0000] {processor.py:183} INFO - Processing /home/airflow/.local/lib/python3.10/site-packages/airflow/example_dags/example_time_delta_sensor_async.py took 0.064 seconds
[2026-07-21T18:45:21.529+0000] {processor.py:161} INFO - Started process (PID=1311) to work on /home/airflow/.local/lib/python3.10/site-packages/airflow/example_dags/example_time_delta_sensor_async.py
[2026-07-21T18:45:21.530+0000] {processor.py:830} INFO - Processing file /home/airflow/.local/lib/python3.10/site-packages/airflow/example_dags/example_time_delta_sensor_async.py for tasks to queue
[2026-07-21T18:45:21.532+0000] {logging_mixin.py:188} INFO - [2026-07-21T18:45:21.532+0000] {dagbag.py:538} INFO - Filling up the DagBag from /home/airflow/.local/lib/python3.10/site-packages/airflow/example_dags/example_time_delta_sensor_async.py
[2026-07-21T18:45:21.537+0000] {processor.py:840} INFO - DAG(s) 'example_time_delta_sensor_async' retrieved from /home/airflow/.local/lib/python3.10/site-packages/airflow/example_dags/example_time_delta_sensor_async.py
[2026-07-21T18:45:21.559+0000] {logging_mixin.py:188} INFO - [2026-07-21T18:45:21.559+0000] {dag.py:3036} INFO - Sync 1 DAGs
[2026-07-21T18:45:21.573+0000] {logging_mixin.py:188} INFO - [2026-07-21T18:45:21.573+0000] {dag.py:3823} INFO - Setting next_dagrun for example_time_delta_sensor_async to None, run_after=None
[2026-07-21T18:45:21.591+0000] {processor.py:183} INFO - Processing /home/airflow/.local/lib/python3.10/site-packages/airflow/example_dags/example_time_delta_sensor_async.py took 0.067 seconds
[2026-07-21T18:45:52.164+0000] {processor.py:161} INFO - Started process (PID=1367) to work on /home/airflow/.local/lib/python3.10/site-packages/airflow/example_dags/example_time_delta_sensor_async.py
[2026-07-21T18:45:52.166+0000] {processor.py:830} INFO - Processing file /home/airflow/.local/lib/python3.10/site-packages/airflow/example_dags/example_time_delta_sensor_async.py for tasks to queue
[2026-07-21T18:45:52.168+0000] {logging_mixin.py:188} INFO - [2026-07-21T18:45:52.168+0000] {dagbag.py:538} INFO - Filling up the DagBag from /home/airflow/.local/lib/python3.10/site-packages/airflow/example_dags/example_time_delta_sensor_async.py
[2026-07-21T18:45:52.173+0000] {processor.py:840} INFO - DAG(s) 'example_time_delta_sensor_async' retrieved from /home/airflow/.local/lib/python3.10/site-packages/airflow/example_dags/example_time_delta_sensor_async.py
[2026-07-21T18:45:52.195+0000] {logging_mixin.py:188} INFO - [2026-07-21T18:45:52.195+0000] {dag.py:3036} INFO - Sync 1 DAGs
[2026-07-21T18:45:52.207+0000] {logging_mixin.py:188} INFO - [2026-07-21T18:45:52.207+0000] {dag.py:3823} INFO - Setting next_dagrun for example_time_delta_sensor_async to None, run_after=None
[2026-07-21T18:45:52.226+0000] {processor.py:183} INFO - Processing /home/airflow/.local/lib/python3.10/site-packages/airflow/example_dags/example_time_delta_sensor_async.py took 0.065 seconds
[2026-07-21T18:46:22.566+0000] {processor.py:161} INFO - Started process (PID=1424) to work on /home/airflow/.local/lib/python3.10/site-packages/airflow/example_dags/example_time_delta_sensor_async.py
[2026-07-21T18:46:22.567+0000] {processor.py:830} INFO - Processing file /home/airflow/.local/lib/python3.10/site-packages/airflow/example_dags/example_time_delta_sensor_async.py for tasks to queue
[2026-07-21T18:46:22.569+0000] {logging_mixin.py:188} INFO - [2026-07-21T18:46:22.569+0000] {dagbag.py:538} INFO - Filling up the DagBag from /home/airflow/.local/lib/python3.10/site-packages/airflow/example_dags/example_time_delta_sensor_async.py
[2026-07-21T18:46:22.574+0000] {processor.py:840} INFO - DAG(s) 'example_time_delta_sensor_async' retrieved from /home/airflow/.local/lib/python3.10/site-packages/airflow/example_dags/example_time_delta_sensor_async.py
[2026-07-21T18:46:22.596+0000] {logging_mixin.py:188} INFO - [2026-07-21T18:46:22.596+0000] {dag.py:3036} INFO - Sync 1 DAGs
[2026-07-21T18:46:22.607+0000] {logging_mixin.py:188} INFO - [2026-07-21T18:46:22.607+0000] {dag.py:3823} INFO - Setting next_dagrun for example_time_delta_sensor_async to None, run_after=None
[2026-07-21T18:46:22.625+0000] {processor.py:183} INFO - Processing /home/airflow/.local/lib/python3.10/site-packages/airflow/example_dags/example_time_delta_sensor_async.py took 0.062 seconds
[2026-07-21T18:46:52.763+0000] {processor.py:161} INFO - Started process (PID=1480) to work on /home/airflow/.local/lib/python3.10/site-packages/airflow/example_dags/example_time_delta_sensor_async.py
[2026-07-21T18:46:52.764+0000] {processor.py:830} INFO - Processing file /home/airflow/.local/lib/python3.10/site-packages/airflow/example_dags/example_time_delta_sensor_async.py for tasks to queue
[2026-07-21T18:46:52.766+0000] {logging_mixin.py:188} INFO - [2026-07-21T18:46:52.766+0000] {dagbag.py:538} INFO - Filling up the DagBag from /home/airflow/.local/lib/python3.10/site-packages/airflow/example_dags/example_time_delta_sensor_async.py
[2026-07-21T18:46:52.772+0000] {processor.py:840} INFO - DAG(s) 'example_time_delta_sensor_async' retrieved from /home/airflow/.local/lib/python3.10/site-packages/airflow/example_dags/example_time_delta_sensor_async.py
[2026-07-21T18:46:52.797+0000] {logging_mixin.py:188} INFO - [2026-07-21T18:46:52.797+0000] {dag.py:3036} INFO - Sync 1 DAGs
[2026-07-21T18:46:52.809+0000] {logging_mixin.py:188} INFO - [2026-07-21T18:46:52.809+0000] {dag.py:3823} INFO - Setting next_dagrun for example_time_delta_sensor_async to None, run_after=None
[2026-07-21T18:46:52.827+0000] {processor.py:183} INFO - Processing /home/airflow/.local/lib/python3.10/site-packages/airflow/example_dags/example_time_delta_sensor_async.py took 0.070 seconds
[2026-07-21T18:47:23.099+0000] {processor.py:161} INFO - Started process (PID=1536) to work on /home/airflow/.local/lib/python3.10/site-packages/airflow/example_dags/example_time_delta_sensor_async.py
[2026-07-21T18:47:23.101+0000] {processor.py:830} INFO - Processing file /home/airflow/.local/lib/python3.10/site-packages/airflow/example_dags/example_time_delta_sensor_async.py for tasks to queue
[2026-07-21T18:47:23.103+0000] {logging_mixin.py:188} INFO - [2026-07-21T18:47:23.102+0000] {dagbag.py:538} INFO - Filling up the DagBag from /home/airflow/.local/lib/python3.10/site-packages/airflow/example_dags/example_time_delta_sensor_async.py
[2026-07-21T18:47:23.108+0000] {processor.py:840} INFO - DAG(s) 'example_time_delta_sensor_async' retrieved from /home/airflow/.local/lib/python3.10/site-packages/airflow/example_dags/example_time_delta_sensor_async.py
[2026-07-21T18:47:23.130+0000] {logging_mixin.py:188} INFO - [2026-07-21T18:47:23.130+0000] {dag.py:3036} INFO - Sync 1 DAGs
[2026-07-21T18:47:23.144+0000] {logging_mixin.py:188} INFO - [2026-07-21T18:47:23.144+0000] {dag.py:3823} INFO - Setting next_dagrun for example_time_delta_sensor_async to None, run_after=None
[2026-07-21T18:47:23.165+0000] {processor.py:183} INFO - Processing /home/airflow/.local/lib/python3.10/site-packages/airflow/example_dags/example_time_delta_sensor_async.py took 0.069 seconds
[2026-07-21T18:47:53.684+0000] {processor.py:161} INFO - Started process (PID=1592) to work on /home/airflow/.local/lib/python3.10/site-packages/airflow/example_dags/example_time_delta_sensor_async.py
[2026-07-21T18:47:53.685+0000] {processor.py:830} INFO - Processing file /home/airflow/.local/lib/python3.10/site-packages/airflow/example_dags/example_time_delta_sensor_async.py for tasks to queue
[2026-07-21T18:47:53.687+0000] {logging_mixin.py:188} INFO - [2026-07-21T18:47:53.687+0000] {dagbag.py:538} INFO - Filling up the DagBag from /home/airflow/.local/lib/python3.10/site-packages/airflow/example_dags/example_time_delta_sensor_async.py
[2026-07-21T18:47:53.693+0000] {processor.py:840} INFO - DAG(s) 'example_time_delta_sensor_async' retrieved from /home/airflow/.local/lib/python3.10/site-packages/airflow/example_dags/example_time_delta_sensor_async.py
[2026-07-21T18:47:53.715+0000] {logging_mixin.py:188} INFO - [2026-07-21T18:47:53.715+0000] {dag.py:3036} INFO - Sync 1 DAGs
[2026-07-21T18:47:53.726+0000] {logging_mixin.py:188} INFO - [2026-07-21T18:47:53.726+0000] {dag.py:3823} INFO - Setting next_dagrun for example_time_delta_sensor_async to None, run_after=None
[2026-07-21T18:47:53.744+0000] {processor.py:183} INFO - Processing /home/airflow/.local/lib/python3.10/site-packages/airflow/example_dags/example_time_delta_sensor_async.py took 0.063 seconds
