[2026-07-21T17:56:31.974+0000] {processor.py:161} INFO - Started process (PID=97) to work on /home/airflow/.local/lib/python3.8/site-packages/airflow/example_dags/tutorial.py
[2026-07-21T17:56:31.975+0000] {processor.py:830} INFO - Processing file /home/airflow/.local/lib/python3.8/site-packages/airflow/example_dags/tutorial.py for tasks to queue
[2026-07-21T17:56:31.978+0000] {logging_mixin.py:188} INFO - [2026-07-21T17:56:31.978+0000] {dagbag.py:538} INFO - Filling up the DagBag from /home/airflow/.local/lib/python3.8/site-packages/airflow/example_dags/tutorial.py
[2026-07-21T17:56:31.987+0000] {processor.py:840} INFO - DAG(s) 'tutorial' retrieved from /home/airflow/.local/lib/python3.8/site-packages/airflow/example_dags/tutorial.py
[2026-07-21T17:56:32.144+0000] {logging_mixin.py:188} INFO - [2026-07-21T17:56:32.144+0000] {dag.py:3036} INFO - Sync 1 DAGs
[2026-07-21T17:56:32.168+0000] {logging_mixin.py:188} INFO - [2026-07-21T17:56:32.168+0000] {dag.py:3823} INFO - Setting next_dagrun for tutorial to 2026-07-20 00:00:00+00:00, run_after=2026-07-21 00:00:00+00:00
[2026-07-21T17:56:32.189+0000] {processor.py:183} INFO - Processing /home/airflow/.local/lib/python3.8/site-packages/airflow/example_dags/tutorial.py took 0.220 seconds
[2026-07-21T17:57:02.270+0000] {processor.py:161} INFO - Started process (PID=153) to work on /home/airflow/.local/lib/python3.8/site-packages/airflow/example_dags/tutorial.py
[2026-07-21T17:57:02.272+0000] {processor.py:830} INFO - Processing file /home/airflow/.local/lib/python3.8/site-packages/airflow/example_dags/tutorial.py for tasks to queue
[2026-07-21T17:57:02.274+0000] {logging_mixin.py:188} INFO - [2026-07-21T17:57:02.274+0000] {dagbag.py:538} INFO - Filling up the DagBag from /home/airflow/.local/lib/python3.8/site-packages/airflow/example_dags/tutorial.py
[2026-07-21T17:57:02.281+0000] {processor.py:840} INFO - DAG(s) 'tutorial' retrieved from /home/airflow/.local/lib/python3.8/site-packages/airflow/example_dags/tutorial.py
[2026-07-21T17:57:02.306+0000] {logging_mixin.py:188} INFO - [2026-07-21T17:57:02.306+0000] {dag.py:3036} INFO - Sync 1 DAGs
[2026-07-21T17:57:02.327+0000] {logging_mixin.py:188} INFO - [2026-07-21T17:57:02.327+0000] {dag.py:3823} INFO - Setting next_dagrun for tutorial to 2026-07-20 00:00:00+00:00, run_after=2026-07-21 00:00:00+00:00
[2026-07-21T17:57:02.350+0000] {processor.py:183} INFO - Processing /home/airflow/.local/lib/python3.8/site-packages/airflow/example_dags/tutorial.py took 0.086 seconds
[2026-07-21T17:57:32.785+0000] {processor.py:161} INFO - Started process (PID=209) to work on /home/airflow/.local/lib/python3.8/site-packages/airflow/example_dags/tutorial.py
[2026-07-21T17:57:32.787+0000] {processor.py:830} INFO - Processing file /home/airflow/.local/lib/python3.8/site-packages/airflow/example_dags/tutorial.py for tasks to queue
[2026-07-21T17:57:32.789+0000] {logging_mixin.py:188} INFO - [2026-07-21T17:57:32.788+0000] {dagbag.py:538} INFO - Filling up the DagBag from /home/airflow/.local/lib/python3.8/site-packages/airflow/example_dags/tutorial.py
[2026-07-21T17:57:32.796+0000] {processor.py:840} INFO - DAG(s) 'tutorial' retrieved from /home/airflow/.local/lib/python3.8/site-packages/airflow/example_dags/tutorial.py
[2026-07-21T17:57:32.820+0000] {logging_mixin.py:188} INFO - [2026-07-21T17:57:32.819+0000] {dag.py:3036} INFO - Sync 1 DAGs
[2026-07-21T17:57:32.840+0000] {logging_mixin.py:188} INFO - [2026-07-21T17:57:32.839+0000] {dag.py:3823} INFO - Setting next_dagrun for tutorial to 2026-07-20 00:00:00+00:00, run_after=2026-07-21 00:00:00+00:00
[2026-07-21T17:57:32.858+0000] {processor.py:183} INFO - Processing /home/airflow/.local/lib/python3.8/site-packages/airflow/example_dags/tutorial.py took 0.078 seconds
[2026-07-21T17:58:03.000+0000] {processor.py:161} INFO - Started process (PID=265) to work on /home/airflow/.local/lib/python3.8/site-packages/airflow/example_dags/tutorial.py
[2026-07-21T17:58:03.001+0000] {processor.py:830} INFO - Processing file /home/airflow/.local/lib/python3.8/site-packages/airflow/example_dags/tutorial.py for tasks to queue
[2026-07-21T17:58:03.003+0000] {logging_mixin.py:188} INFO - [2026-07-21T17:58:03.003+0000] {dagbag.py:538} INFO - Filling up the DagBag from /home/airflow/.local/lib/python3.8/site-packages/airflow/example_dags/tutorial.py
[2026-07-21T17:58:03.009+0000] {processor.py:840} INFO - DAG(s) 'tutorial' retrieved from /home/airflow/.local/lib/python3.8/site-packages/airflow/example_dags/tutorial.py
[2026-07-21T17:58:03.031+0000] {logging_mixin.py:188} INFO - [2026-07-21T17:58:03.030+0000] {dag.py:3036} INFO - Sync 1 DAGs
[2026-07-21T17:58:03.051+0000] {logging_mixin.py:188} INFO - [2026-07-21T17:58:03.051+0000] {dag.py:3823} INFO - Setting next_dagrun for tutorial to 2026-07-20 00:00:00+00:00, run_after=2026-07-21 00:00:00+00:00
[2026-07-21T17:58:03.070+0000] {processor.py:183} INFO - Processing /home/airflow/.local/lib/python3.8/site-packages/airflow/example_dags/tutorial.py took 0.073 seconds
[2026-07-21T17:58:33.436+0000] {processor.py:161} INFO - Started process (PID=321) to work on /home/airflow/.local/lib/python3.8/site-packages/airflow/example_dags/tutorial.py
[2026-07-21T17:58:33.437+0000] {processor.py:830} INFO - Processing file /home/airflow/.local/lib/python3.8/site-packages/airflow/example_dags/tutorial.py for tasks to queue
[2026-07-21T17:58:33.439+0000] {logging_mixin.py:188} INFO - [2026-07-21T17:58:33.439+0000] {dagbag.py:538} INFO - Filling up the DagBag from /home/airflow/.local/lib/python3.8/site-packages/airflow/example_dags/tutorial.py
[2026-07-21T17:58:33.445+0000] {processor.py:840} INFO - DAG(s) 'tutorial' retrieved from /home/airflow/.local/lib/python3.8/site-packages/airflow/example_dags/tutorial.py
[2026-07-21T17:58:33.466+0000] {logging_mixin.py:188} INFO - [2026-07-21T17:58:33.466+0000] {dag.py:3036} INFO - Sync 1 DAGs
[2026-07-21T17:58:33.485+0000] {logging_mixin.py:188} INFO - [2026-07-21T17:58:33.485+0000] {dag.py:3823} INFO - Setting next_dagrun for tutorial to 2026-07-20 00:00:00+00:00, run_after=2026-07-21 00:00:00+00:00
[2026-07-21T17:58:33.503+0000] {processor.py:183} INFO - Processing /home/airflow/.local/lib/python3.8/site-packages/airflow/example_dags/tutorial.py took 0.070 seconds
[2026-07-21T17:59:03.759+0000] {processor.py:161} INFO - Started process (PID=377) to work on /home/airflow/.local/lib/python3.8/site-packages/airflow/example_dags/tutorial.py
[2026-07-21T17:59:03.761+0000] {processor.py:830} INFO - Processing file /home/airflow/.local/lib/python3.8/site-packages/airflow/example_dags/tutorial.py for tasks to queue
[2026-07-21T17:59:03.763+0000] {logging_mixin.py:188} INFO - [2026-07-21T17:59:03.763+0000] {dagbag.py:538} INFO - Filling up the DagBag from /home/airflow/.local/lib/python3.8/site-packages/airflow/example_dags/tutorial.py
[2026-07-21T17:59:03.770+0000] {processor.py:840} INFO - DAG(s) 'tutorial' retrieved from /home/airflow/.local/lib/python3.8/site-packages/airflow/example_dags/tutorial.py
[2026-07-21T17:59:03.792+0000] {logging_mixin.py:188} INFO - [2026-07-21T17:59:03.792+0000] {dag.py:3036} INFO - Sync 1 DAGs
[2026-07-21T17:59:03.812+0000] {logging_mixin.py:188} INFO - [2026-07-21T17:59:03.812+0000] {dag.py:3823} INFO - Setting next_dagrun for tutorial to 2026-07-20 00:00:00+00:00, run_after=2026-07-21 00:00:00+00:00
[2026-07-21T17:59:03.831+0000] {processor.py:183} INFO - Processing /home/airflow/.local/lib/python3.8/site-packages/airflow/example_dags/tutorial.py took 0.076 seconds
[2026-07-21T17:59:33.887+0000] {processor.py:161} INFO - Started process (PID=433) to work on /home/airflow/.local/lib/python3.8/site-packages/airflow/example_dags/tutorial.py
[2026-07-21T17:59:33.888+0000] {processor.py:830} INFO - Processing file /home/airflow/.local/lib/python3.8/site-packages/airflow/example_dags/tutorial.py for tasks to queue
[2026-07-21T17:59:33.891+0000] {logging_mixin.py:188} INFO - [2026-07-21T17:59:33.890+0000] {dagbag.py:538} INFO - Filling up the DagBag from /home/airflow/.local/lib/python3.8/site-packages/airflow/example_dags/tutorial.py
[2026-07-21T17:59:33.897+0000] {processor.py:840} INFO - DAG(s) 'tutorial' retrieved from /home/airflow/.local/lib/python3.8/site-packages/airflow/example_dags/tutorial.py
[2026-07-21T17:59:33.918+0000] {logging_mixin.py:188} INFO - [2026-07-21T17:59:33.918+0000] {dag.py:3036} INFO - Sync 1 DAGs
[2026-07-21T17:59:33.940+0000] {logging_mixin.py:188} INFO - [2026-07-21T17:59:33.939+0000] {dag.py:3823} INFO - Setting next_dagrun for tutorial to 2026-07-20 00:00:00+00:00, run_after=2026-07-21 00:00:00+00:00
[2026-07-21T17:59:33.960+0000] {processor.py:183} INFO - Processing /home/airflow/.local/lib/python3.8/site-packages/airflow/example_dags/tutorial.py took 0.077 seconds
[2026-07-21T18:00:04.209+0000] {processor.py:161} INFO - Started process (PID=489) to work on /home/airflow/.local/lib/python3.8/site-packages/airflow/example_dags/tutorial.py
[2026-07-21T18:00:04.210+0000] {processor.py:830} INFO - Processing file /home/airflow/.local/lib/python3.8/site-packages/airflow/example_dags/tutorial.py for tasks to queue
[2026-07-21T18:00:04.212+0000] {logging_mixin.py:188} INFO - [2026-07-21T18:00:04.212+0000] {dagbag.py:538} INFO - Filling up the DagBag from /home/airflow/.local/lib/python3.8/site-packages/airflow/example_dags/tutorial.py
[2026-07-21T18:00:04.218+0000] {processor.py:840} INFO - DAG(s) 'tutorial' retrieved from /home/airflow/.local/lib/python3.8/site-packages/airflow/example_dags/tutorial.py
[2026-07-21T18:00:04.240+0000] {logging_mixin.py:188} INFO - [2026-07-21T18:00:04.239+0000] {dag.py:3036} INFO - Sync 1 DAGs
[2026-07-21T18:00:04.260+0000] {logging_mixin.py:188} INFO - [2026-07-21T18:00:04.260+0000] {dag.py:3823} INFO - Setting next_dagrun for tutorial to 2026-07-20 00:00:00+00:00, run_after=2026-07-21 00:00:00+00:00
[2026-07-21T18:00:04.279+0000] {processor.py:183} INFO - Processing /home/airflow/.local/lib/python3.8/site-packages/airflow/example_dags/tutorial.py took 0.074 seconds
[2026-07-21T18:00:34.684+0000] {processor.py:161} INFO - Started process (PID=545) to work on /home/airflow/.local/lib/python3.8/site-packages/airflow/example_dags/tutorial.py
[2026-07-21T18:00:34.685+0000] {processor.py:830} INFO - Processing file /home/airflow/.local/lib/python3.8/site-packages/airflow/example_dags/tutorial.py for tasks to queue
[2026-07-21T18:00:34.688+0000] {logging_mixin.py:188} INFO - [2026-07-21T18:00:34.688+0000] {dagbag.py:538} INFO - Filling up the DagBag from /home/airflow/.local/lib/python3.8/site-packages/airflow/example_dags/tutorial.py
[2026-07-21T18:00:34.695+0000] {processor.py:840} INFO - DAG(s) 'tutorial' retrieved from /home/airflow/.local/lib/python3.8/site-packages/airflow/example_dags/tutorial.py
[2026-07-21T18:00:34.725+0000] {logging_mixin.py:188} INFO - [2026-07-21T18:00:34.725+0000] {dag.py:3036} INFO - Sync 1 DAGs
[2026-07-21T18:00:34.755+0000] {logging_mixin.py:188} INFO - [2026-07-21T18:00:34.753+0000] {dag.py:3823} INFO - Setting next_dagrun for tutorial to 2026-07-20 00:00:00+00:00, run_after=2026-07-21 00:00:00+00:00
[2026-07-21T18:00:34.775+0000] {processor.py:183} INFO - Processing /home/airflow/.local/lib/python3.8/site-packages/airflow/example_dags/tutorial.py took 0.094 seconds
[2026-07-21T18:01:04.850+0000] {processor.py:161} INFO - Started process (PID=602) to work on /home/airflow/.local/lib/python3.8/site-packages/airflow/example_dags/tutorial.py
[2026-07-21T18:01:04.851+0000] {processor.py:830} INFO - Processing file /home/airflow/.local/lib/python3.8/site-packages/airflow/example_dags/tutorial.py for tasks to queue
[2026-07-21T18:01:04.853+0000] {logging_mixin.py:188} INFO - [2026-07-21T18:01:04.853+0000] {dagbag.py:538} INFO - Filling up the DagBag from /home/airflow/.local/lib/python3.8/site-packages/airflow/example_dags/tutorial.py
[2026-07-21T18:01:04.859+0000] {processor.py:840} INFO - DAG(s) 'tutorial' retrieved from /home/airflow/.local/lib/python3.8/site-packages/airflow/example_dags/tutorial.py
[2026-07-21T18:01:04.880+0000] {logging_mixin.py:188} INFO - [2026-07-21T18:01:04.880+0000] {dag.py:3036} INFO - Sync 1 DAGs
[2026-07-21T18:01:04.900+0000] {logging_mixin.py:188} INFO - [2026-07-21T18:01:04.899+0000] {dag.py:3823} INFO - Setting next_dagrun for tutorial to 2026-07-20 00:00:00+00:00, run_after=2026-07-21 00:00:00+00:00
[2026-07-21T18:01:04.918+0000] {processor.py:183} INFO - Processing /home/airflow/.local/lib/python3.8/site-packages/airflow/example_dags/tutorial.py took 0.072 seconds
[2026-07-21T18:01:35.458+0000] {processor.py:161} INFO - Started process (PID=658) to work on /home/airflow/.local/lib/python3.8/site-packages/airflow/example_dags/tutorial.py
[2026-07-21T18:01:35.459+0000] {processor.py:830} INFO - Processing file /home/airflow/.local/lib/python3.8/site-packages/airflow/example_dags/tutorial.py for tasks to queue
[2026-07-21T18:01:35.462+0000] {logging_mixin.py:188} INFO - [2026-07-21T18:01:35.461+0000] {dagbag.py:538} INFO - Filling up the DagBag from /home/airflow/.local/lib/python3.8/site-packages/airflow/example_dags/tutorial.py
[2026-07-21T18:01:35.468+0000] {processor.py:840} INFO - DAG(s) 'tutorial' retrieved from /home/airflow/.local/lib/python3.8/site-packages/airflow/example_dags/tutorial.py
[2026-07-21T18:01:35.495+0000] {logging_mixin.py:188} INFO - [2026-07-21T18:01:35.495+0000] {dag.py:3036} INFO - Sync 1 DAGs
[2026-07-21T18:01:35.527+0000] {logging_mixin.py:188} INFO - [2026-07-21T18:01:35.527+0000] {dag.py:3823} INFO - Setting next_dagrun for tutorial to 2026-07-20 00:00:00+00:00, run_after=2026-07-21 00:00:00+00:00
[2026-07-21T18:01:35.551+0000] {processor.py:183} INFO - Processing /home/airflow/.local/lib/python3.8/site-packages/airflow/example_dags/tutorial.py took 0.098 seconds
[2026-07-21T18:02:05.593+0000] {processor.py:161} INFO - Started process (PID=714) to work on /home/airflow/.local/lib/python3.8/site-packages/airflow/example_dags/tutorial.py
[2026-07-21T18:02:05.595+0000] {processor.py:830} INFO - Processing file /home/airflow/.local/lib/python3.8/site-packages/airflow/example_dags/tutorial.py for tasks to queue
[2026-07-21T18:02:05.598+0000] {logging_mixin.py:188} INFO - [2026-07-21T18:02:05.597+0000] {dagbag.py:538} INFO - Filling up the DagBag from /home/airflow/.local/lib/python3.8/site-packages/airflow/example_dags/tutorial.py
[2026-07-21T18:02:05.604+0000] {processor.py:840} INFO - DAG(s) 'tutorial' retrieved from /home/airflow/.local/lib/python3.8/site-packages/airflow/example_dags/tutorial.py
[2026-07-21T18:02:05.625+0000] {logging_mixin.py:188} INFO - [2026-07-21T18:02:05.625+0000] {dag.py:3036} INFO - Sync 1 DAGs
[2026-07-21T18:02:05.644+0000] {logging_mixin.py:188} INFO - [2026-07-21T18:02:05.644+0000] {dag.py:3823} INFO - Setting next_dagrun for tutorial to 2026-07-20 00:00:00+00:00, run_after=2026-07-21 00:00:00+00:00
[2026-07-21T18:02:05.662+0000] {processor.py:183} INFO - Processing /home/airflow/.local/lib/python3.8/site-packages/airflow/example_dags/tutorial.py took 0.073 seconds
[2026-07-21T18:02:36.048+0000] {processor.py:161} INFO - Started process (PID=770) to work on /home/airflow/.local/lib/python3.8/site-packages/airflow/example_dags/tutorial.py
[2026-07-21T18:02:36.049+0000] {processor.py:830} INFO - Processing file /home/airflow/.local/lib/python3.8/site-packages/airflow/example_dags/tutorial.py for tasks to queue
[2026-07-21T18:02:36.051+0000] {logging_mixin.py:188} INFO - [2026-07-21T18:02:36.051+0000] {dagbag.py:538} INFO - Filling up the DagBag from /home/airflow/.local/lib/python3.8/site-packages/airflow/example_dags/tutorial.py
[2026-07-21T18:02:36.058+0000] {processor.py:840} INFO - DAG(s) 'tutorial' retrieved from /home/airflow/.local/lib/python3.8/site-packages/airflow/example_dags/tutorial.py
[2026-07-21T18:02:36.080+0000] {logging_mixin.py:188} INFO - [2026-07-21T18:02:36.080+0000] {dag.py:3036} INFO - Sync 1 DAGs
[2026-07-21T18:02:36.102+0000] {logging_mixin.py:188} INFO - [2026-07-21T18:02:36.101+0000] {dag.py:3823} INFO - Setting next_dagrun for tutorial to 2026-07-20 00:00:00+00:00, run_after=2026-07-21 00:00:00+00:00
[2026-07-21T18:02:36.122+0000] {processor.py:183} INFO - Processing /home/airflow/.local/lib/python3.8/site-packages/airflow/example_dags/tutorial.py took 0.077 seconds
[2026-07-21T18:03:06.343+0000] {processor.py:161} INFO - Started process (PID=826) to work on /home/airflow/.local/lib/python3.8/site-packages/airflow/example_dags/tutorial.py
[2026-07-21T18:03:06.345+0000] {processor.py:830} INFO - Processing file /home/airflow/.local/lib/python3.8/site-packages/airflow/example_dags/tutorial.py for tasks to queue
[2026-07-21T18:03:06.347+0000] {logging_mixin.py:188} INFO - [2026-07-21T18:03:06.347+0000] {dagbag.py:538} INFO - Filling up the DagBag from /home/airflow/.local/lib/python3.8/site-packages/airflow/example_dags/tutorial.py
[2026-07-21T18:03:06.354+0000] {processor.py:840} INFO - DAG(s) 'tutorial' retrieved from /home/airflow/.local/lib/python3.8/site-packages/airflow/example_dags/tutorial.py
[2026-07-21T18:03:06.375+0000] {logging_mixin.py:188} INFO - [2026-07-21T18:03:06.375+0000] {dag.py:3036} INFO - Sync 1 DAGs
[2026-07-21T18:03:06.396+0000] {logging_mixin.py:188} INFO - [2026-07-21T18:03:06.396+0000] {dag.py:3823} INFO - Setting next_dagrun for tutorial to 2026-07-20 00:00:00+00:00, run_after=2026-07-21 00:00:00+00:00
[2026-07-21T18:03:06.418+0000] {processor.py:183} INFO - Processing /home/airflow/.local/lib/python3.8/site-packages/airflow/example_dags/tutorial.py took 0.079 seconds
[2026-07-21T18:03:36.693+0000] {processor.py:161} INFO - Started process (PID=882) to work on /home/airflow/.local/lib/python3.8/site-packages/airflow/example_dags/tutorial.py
[2026-07-21T18:03:36.694+0000] {processor.py:830} INFO - Processing file /home/airflow/.local/lib/python3.8/site-packages/airflow/example_dags/tutorial.py for tasks to queue
[2026-07-21T18:03:36.697+0000] {logging_mixin.py:188} INFO - [2026-07-21T18:03:36.696+0000] {dagbag.py:538} INFO - Filling up the DagBag from /home/airflow/.local/lib/python3.8/site-packages/airflow/example_dags/tutorial.py
[2026-07-21T18:03:36.703+0000] {processor.py:840} INFO - DAG(s) 'tutorial' retrieved from /home/airflow/.local/lib/python3.8/site-packages/airflow/example_dags/tutorial.py
[2026-07-21T18:03:36.724+0000] {logging_mixin.py:188} INFO - [2026-07-21T18:03:36.724+0000] {dag.py:3036} INFO - Sync 1 DAGs
[2026-07-21T18:03:36.745+0000] {logging_mixin.py:188} INFO - [2026-07-21T18:03:36.744+0000] {dag.py:3823} INFO - Setting next_dagrun for tutorial to 2026-07-20 00:00:00+00:00, run_after=2026-07-21 00:00:00+00:00
[2026-07-21T18:03:36.764+0000] {processor.py:183} INFO - Processing /home/airflow/.local/lib/python3.8/site-packages/airflow/example_dags/tutorial.py took 0.074 seconds
[2026-07-21T18:04:07.145+0000] {processor.py:161} INFO - Started process (PID=938) to work on /home/airflow/.local/lib/python3.8/site-packages/airflow/example_dags/tutorial.py
[2026-07-21T18:04:07.146+0000] {processor.py:830} INFO - Processing file /home/airflow/.local/lib/python3.8/site-packages/airflow/example_dags/tutorial.py for tasks to queue
[2026-07-21T18:04:07.148+0000] {logging_mixin.py:188} INFO - [2026-07-21T18:04:07.148+0000] {dagbag.py:538} INFO - Filling up the DagBag from /home/airflow/.local/lib/python3.8/site-packages/airflow/example_dags/tutorial.py
[2026-07-21T18:04:07.154+0000] {processor.py:840} INFO - DAG(s) 'tutorial' retrieved from /home/airflow/.local/lib/python3.8/site-packages/airflow/example_dags/tutorial.py
[2026-07-21T18:04:07.176+0000] {logging_mixin.py:188} INFO - [2026-07-21T18:04:07.175+0000] {dag.py:3036} INFO - Sync 1 DAGs
[2026-07-21T18:04:07.195+0000] {logging_mixin.py:188} INFO - [2026-07-21T18:04:07.195+0000] {dag.py:3823} INFO - Setting next_dagrun for tutorial to 2026-07-20 00:00:00+00:00, run_after=2026-07-21 00:00:00+00:00
[2026-07-21T18:04:07.214+0000] {processor.py:183} INFO - Processing /home/airflow/.local/lib/python3.8/site-packages/airflow/example_dags/tutorial.py took 0.073 seconds
[2026-07-21T18:04:37.424+0000] {processor.py:161} INFO - Started process (PID=994) to work on /home/airflow/.local/lib/python3.8/site-packages/airflow/example_dags/tutorial.py
[2026-07-21T18:04:37.425+0000] {processor.py:830} INFO - Processing file /home/airflow/.local/lib/python3.8/site-packages/airflow/example_dags/tutorial.py for tasks to queue
[2026-07-21T18:04:37.427+0000] {logging_mixin.py:188} INFO - [2026-07-21T18:04:37.427+0000] {dagbag.py:538} INFO - Filling up the DagBag from /home/airflow/.local/lib/python3.8/site-packages/airflow/example_dags/tutorial.py
[2026-07-21T18:04:37.433+0000] {processor.py:840} INFO - DAG(s) 'tutorial' retrieved from /home/airflow/.local/lib/python3.8/site-packages/airflow/example_dags/tutorial.py
[2026-07-21T18:04:37.455+0000] {logging_mixin.py:188} INFO - [2026-07-21T18:04:37.455+0000] {dag.py:3036} INFO - Sync 1 DAGs
[2026-07-21T18:04:37.476+0000] {logging_mixin.py:188} INFO - [2026-07-21T18:04:37.475+0000] {dag.py:3823} INFO - Setting next_dagrun for tutorial to 2026-07-20 00:00:00+00:00, run_after=2026-07-21 00:00:00+00:00
[2026-07-21T18:04:37.494+0000] {processor.py:183} INFO - Processing /home/airflow/.local/lib/python3.8/site-packages/airflow/example_dags/tutorial.py took 0.074 seconds
[2026-07-21T18:05:07.791+0000] {processor.py:161} INFO - Started process (PID=1050) to work on /home/airflow/.local/lib/python3.8/site-packages/airflow/example_dags/tutorial.py
[2026-07-21T18:05:07.792+0000] {processor.py:830} INFO - Processing file /home/airflow/.local/lib/python3.8/site-packages/airflow/example_dags/tutorial.py for tasks to queue
[2026-07-21T18:05:07.794+0000] {logging_mixin.py:188} INFO - [2026-07-21T18:05:07.794+0000] {dagbag.py:538} INFO - Filling up the DagBag from /home/airflow/.local/lib/python3.8/site-packages/airflow/example_dags/tutorial.py
[2026-07-21T18:05:07.800+0000] {processor.py:840} INFO - DAG(s) 'tutorial' retrieved from /home/airflow/.local/lib/python3.8/site-packages/airflow/example_dags/tutorial.py
[2026-07-21T18:05:07.822+0000] {logging_mixin.py:188} INFO - [2026-07-21T18:05:07.822+0000] {dag.py:3036} INFO - Sync 1 DAGs
[2026-07-21T18:05:07.842+0000] {logging_mixin.py:188} INFO - [2026-07-21T18:05:07.842+0000] {dag.py:3823} INFO - Setting next_dagrun for tutorial to 2026-07-20 00:00:00+00:00, run_after=2026-07-21 00:00:00+00:00
[2026-07-21T18:05:07.861+0000] {processor.py:183} INFO - Processing /home/airflow/.local/lib/python3.8/site-packages/airflow/example_dags/tutorial.py took 0.074 seconds
[2026-07-21T18:05:38.354+0000] {processor.py:161} INFO - Started process (PID=1105) to work on /home/airflow/.local/lib/python3.8/site-packages/airflow/example_dags/tutorial.py
[2026-07-21T18:05:38.355+0000] {processor.py:830} INFO - Processing file /home/airflow/.local/lib/python3.8/site-packages/airflow/example_dags/tutorial.py for tasks to queue
[2026-07-21T18:05:38.358+0000] {logging_mixin.py:188} INFO - [2026-07-21T18:05:38.357+0000] {dagbag.py:538} INFO - Filling up the DagBag from /home/airflow/.local/lib/python3.8/site-packages/airflow/example_dags/tutorial.py
[2026-07-21T18:05:38.364+0000] {processor.py:840} INFO - DAG(s) 'tutorial' retrieved from /home/airflow/.local/lib/python3.8/site-packages/airflow/example_dags/tutorial.py
[2026-07-21T18:05:38.386+0000] {logging_mixin.py:188} INFO - [2026-07-21T18:05:38.385+0000] {dag.py:3036} INFO - Sync 1 DAGs
[2026-07-21T18:05:38.405+0000] {logging_mixin.py:188} INFO - [2026-07-21T18:05:38.405+0000] {dag.py:3823} INFO - Setting next_dagrun for tutorial to 2026-07-20 00:00:00+00:00, run_after=2026-07-21 00:00:00+00:00
[2026-07-21T18:05:38.424+0000] {processor.py:183} INFO - Processing /home/airflow/.local/lib/python3.8/site-packages/airflow/example_dags/tutorial.py took 0.074 seconds
[2026-07-21T18:06:08.994+0000] {processor.py:161} INFO - Started process (PID=1162) to work on /home/airflow/.local/lib/python3.8/site-packages/airflow/example_dags/tutorial.py
[2026-07-21T18:06:08.995+0000] {processor.py:830} INFO - Processing file /home/airflow/.local/lib/python3.8/site-packages/airflow/example_dags/tutorial.py for tasks to queue
[2026-07-21T18:06:08.999+0000] {logging_mixin.py:188} INFO - [2026-07-21T18:06:08.998+0000] {dagbag.py:538} INFO - Filling up the DagBag from /home/airflow/.local/lib/python3.8/site-packages/airflow/example_dags/tutorial.py
[2026-07-21T18:06:09.006+0000] {processor.py:840} INFO - DAG(s) 'tutorial' retrieved from /home/airflow/.local/lib/python3.8/site-packages/airflow/example_dags/tutorial.py
[2026-07-21T18:06:09.034+0000] {logging_mixin.py:188} INFO - [2026-07-21T18:06:09.034+0000] {dag.py:3036} INFO - Sync 1 DAGs
[2026-07-21T18:06:09.070+0000] {logging_mixin.py:188} INFO - [2026-07-21T18:06:09.069+0000] {dag.py:3823} INFO - Setting next_dagrun for tutorial to 2026-07-20 00:00:00+00:00, run_after=2026-07-21 00:00:00+00:00
[2026-07-21T18:06:09.101+0000] {processor.py:183} INFO - Processing /home/airflow/.local/lib/python3.8/site-packages/airflow/example_dags/tutorial.py took 0.111 seconds
[2026-07-21T18:06:39.482+0000] {processor.py:161} INFO - Started process (PID=1218) to work on /home/airflow/.local/lib/python3.8/site-packages/airflow/example_dags/tutorial.py
[2026-07-21T18:06:39.483+0000] {processor.py:830} INFO - Processing file /home/airflow/.local/lib/python3.8/site-packages/airflow/example_dags/tutorial.py for tasks to queue
[2026-07-21T18:06:39.486+0000] {logging_mixin.py:188} INFO - [2026-07-21T18:06:39.486+0000] {dagbag.py:538} INFO - Filling up the DagBag from /home/airflow/.local/lib/python3.8/site-packages/airflow/example_dags/tutorial.py
[2026-07-21T18:06:39.493+0000] {processor.py:840} INFO - DAG(s) 'tutorial' retrieved from /home/airflow/.local/lib/python3.8/site-packages/airflow/example_dags/tutorial.py
[2026-07-21T18:06:39.516+0000] {logging_mixin.py:188} INFO - [2026-07-21T18:06:39.516+0000] {dag.py:3036} INFO - Sync 1 DAGs
[2026-07-21T18:06:39.537+0000] {logging_mixin.py:188} INFO - [2026-07-21T18:06:39.537+0000] {dag.py:3823} INFO - Setting next_dagrun for tutorial to 2026-07-20 00:00:00+00:00, run_after=2026-07-21 00:00:00+00:00
[2026-07-21T18:06:39.557+0000] {processor.py:183} INFO - Processing /home/airflow/.local/lib/python3.8/site-packages/airflow/example_dags/tutorial.py took 0.080 seconds
[2026-07-21T18:07:09.776+0000] {processor.py:161} INFO - Started process (PID=1274) to work on /home/airflow/.local/lib/python3.8/site-packages/airflow/example_dags/tutorial.py
[2026-07-21T18:07:09.777+0000] {processor.py:830} INFO - Processing file /home/airflow/.local/lib/python3.8/site-packages/airflow/example_dags/tutorial.py for tasks to queue
[2026-07-21T18:07:09.780+0000] {logging_mixin.py:188} INFO - [2026-07-21T18:07:09.780+0000] {dagbag.py:538} INFO - Filling up the DagBag from /home/airflow/.local/lib/python3.8/site-packages/airflow/example_dags/tutorial.py
[2026-07-21T18:07:09.786+0000] {processor.py:840} INFO - DAG(s) 'tutorial' retrieved from /home/airflow/.local/lib/python3.8/site-packages/airflow/example_dags/tutorial.py
[2026-07-21T18:07:09.808+0000] {logging_mixin.py:188} INFO - [2026-07-21T18:07:09.808+0000] {dag.py:3036} INFO - Sync 1 DAGs
[2026-07-21T18:07:09.828+0000] {logging_mixin.py:188} INFO - [2026-07-21T18:07:09.828+0000] {dag.py:3823} INFO - Setting next_dagrun for tutorial to 2026-07-20 00:00:00+00:00, run_after=2026-07-21 00:00:00+00:00
[2026-07-21T18:07:09.846+0000] {processor.py:183} INFO - Processing /home/airflow/.local/lib/python3.8/site-packages/airflow/example_dags/tutorial.py took 0.075 seconds
[2026-07-21T18:09:14.109+0000] {processor.py:161} INFO - Started process (PID=131) to work on /home/airflow/.local/lib/python3.8/site-packages/airflow/example_dags/tutorial.py
[2026-07-21T18:09:14.111+0000] {processor.py:830} INFO - Processing file /home/airflow/.local/lib/python3.8/site-packages/airflow/example_dags/tutorial.py for tasks to queue
[2026-07-21T18:09:14.115+0000] {logging_mixin.py:188} INFO - [2026-07-21T18:09:14.114+0000] {dagbag.py:538} INFO - Filling up the DagBag from /home/airflow/.local/lib/python3.8/site-packages/airflow/example_dags/tutorial.py
[2026-07-21T18:09:14.126+0000] {processor.py:840} INFO - DAG(s) 'tutorial' retrieved from /home/airflow/.local/lib/python3.8/site-packages/airflow/example_dags/tutorial.py
[2026-07-21T18:09:14.151+0000] {logging_mixin.py:188} INFO - [2026-07-21T18:09:14.150+0000] {dag.py:3036} INFO - Sync 1 DAGs
[2026-07-21T18:09:14.184+0000] {logging_mixin.py:188} INFO - [2026-07-21T18:09:14.183+0000] {dag.py:3823} INFO - Setting next_dagrun for tutorial to 2026-07-20 00:00:00+00:00, run_after=2026-07-21 00:00:00+00:00
[2026-07-21T18:09:14.214+0000] {processor.py:183} INFO - Processing /home/airflow/.local/lib/python3.8/site-packages/airflow/example_dags/tutorial.py took 0.112 seconds
[2026-07-21T18:09:45.183+0000] {processor.py:161} INFO - Started process (PID=187) to work on /home/airflow/.local/lib/python3.8/site-packages/airflow/example_dags/tutorial.py
[2026-07-21T18:09:45.184+0000] {processor.py:830} INFO - Processing file /home/airflow/.local/lib/python3.8/site-packages/airflow/example_dags/tutorial.py for tasks to queue
[2026-07-21T18:09:45.187+0000] {logging_mixin.py:188} INFO - [2026-07-21T18:09:45.186+0000] {dagbag.py:538} INFO - Filling up the DagBag from /home/airflow/.local/lib/python3.8/site-packages/airflow/example_dags/tutorial.py
[2026-07-21T18:09:45.193+0000] {processor.py:840} INFO - DAG(s) 'tutorial' retrieved from /home/airflow/.local/lib/python3.8/site-packages/airflow/example_dags/tutorial.py
[2026-07-21T18:09:45.294+0000] {logging_mixin.py:188} INFO - [2026-07-21T18:09:45.294+0000] {dag.py:3036} INFO - Sync 1 DAGs
[2026-07-21T18:09:45.313+0000] {logging_mixin.py:188} INFO - [2026-07-21T18:09:45.313+0000] {dag.py:3823} INFO - Setting next_dagrun for tutorial to 2026-07-20 00:00:00+00:00, run_after=2026-07-21 00:00:00+00:00
[2026-07-21T18:09:45.333+0000] {processor.py:183} INFO - Processing /home/airflow/.local/lib/python3.8/site-packages/airflow/example_dags/tutorial.py took 0.154 seconds
[2026-07-21T18:10:15.466+0000] {processor.py:161} INFO - Started process (PID=243) to work on /home/airflow/.local/lib/python3.8/site-packages/airflow/example_dags/tutorial.py
[2026-07-21T18:10:15.468+0000] {processor.py:830} INFO - Processing file /home/airflow/.local/lib/python3.8/site-packages/airflow/example_dags/tutorial.py for tasks to queue
[2026-07-21T18:10:15.471+0000] {logging_mixin.py:188} INFO - [2026-07-21T18:10:15.470+0000] {dagbag.py:538} INFO - Filling up the DagBag from /home/airflow/.local/lib/python3.8/site-packages/airflow/example_dags/tutorial.py
[2026-07-21T18:10:15.479+0000] {processor.py:840} INFO - DAG(s) 'tutorial' retrieved from /home/airflow/.local/lib/python3.8/site-packages/airflow/example_dags/tutorial.py
[2026-07-21T18:10:15.506+0000] {logging_mixin.py:188} INFO - [2026-07-21T18:10:15.506+0000] {dag.py:3036} INFO - Sync 1 DAGs
[2026-07-21T18:10:15.526+0000] {logging_mixin.py:188} INFO - [2026-07-21T18:10:15.526+0000] {dag.py:3823} INFO - Setting next_dagrun for tutorial to 2026-07-20 00:00:00+00:00, run_after=2026-07-21 00:00:00+00:00
[2026-07-21T18:10:15.545+0000] {processor.py:183} INFO - Processing /home/airflow/.local/lib/python3.8/site-packages/airflow/example_dags/tutorial.py took 0.083 seconds
[2026-07-21T18:10:45.843+0000] {processor.py:161} INFO - Started process (PID=299) to work on /home/airflow/.local/lib/python3.8/site-packages/airflow/example_dags/tutorial.py
[2026-07-21T18:10:45.844+0000] {processor.py:830} INFO - Processing file /home/airflow/.local/lib/python3.8/site-packages/airflow/example_dags/tutorial.py for tasks to queue
[2026-07-21T18:10:45.847+0000] {logging_mixin.py:188} INFO - [2026-07-21T18:10:45.846+0000] {dagbag.py:538} INFO - Filling up the DagBag from /home/airflow/.local/lib/python3.8/site-packages/airflow/example_dags/tutorial.py
[2026-07-21T18:10:45.853+0000] {processor.py:840} INFO - DAG(s) 'tutorial' retrieved from /home/airflow/.local/lib/python3.8/site-packages/airflow/example_dags/tutorial.py
[2026-07-21T18:10:45.874+0000] {logging_mixin.py:188} INFO - [2026-07-21T18:10:45.874+0000] {dag.py:3036} INFO - Sync 1 DAGs
[2026-07-21T18:10:45.895+0000] {logging_mixin.py:188} INFO - [2026-07-21T18:10:45.895+0000] {dag.py:3823} INFO - Setting next_dagrun for tutorial to 2026-07-20 00:00:00+00:00, run_after=2026-07-21 00:00:00+00:00
[2026-07-21T18:10:45.915+0000] {processor.py:183} INFO - Processing /home/airflow/.local/lib/python3.8/site-packages/airflow/example_dags/tutorial.py took 0.076 seconds
[2026-07-21T18:11:16.271+0000] {processor.py:161} INFO - Started process (PID=355) to work on /home/airflow/.local/lib/python3.8/site-packages/airflow/example_dags/tutorial.py
[2026-07-21T18:11:16.273+0000] {processor.py:830} INFO - Processing file /home/airflow/.local/lib/python3.8/site-packages/airflow/example_dags/tutorial.py for tasks to queue
[2026-07-21T18:11:16.275+0000] {logging_mixin.py:188} INFO - [2026-07-21T18:11:16.275+0000] {dagbag.py:538} INFO - Filling up the DagBag from /home/airflow/.local/lib/python3.8/site-packages/airflow/example_dags/tutorial.py
[2026-07-21T18:11:16.285+0000] {processor.py:840} INFO - DAG(s) 'tutorial' retrieved from /home/airflow/.local/lib/python3.8/site-packages/airflow/example_dags/tutorial.py
[2026-07-21T18:11:16.317+0000] {logging_mixin.py:188} INFO - [2026-07-21T18:11:16.317+0000] {dag.py:3036} INFO - Sync 1 DAGs
[2026-07-21T18:11:16.362+0000] {logging_mixin.py:188} INFO - [2026-07-21T18:11:16.361+0000] {dag.py:3823} INFO - Setting next_dagrun for tutorial to 2026-07-20 00:00:00+00:00, run_after=2026-07-21 00:00:00+00:00
[2026-07-21T18:11:16.402+0000] {processor.py:183} INFO - Processing /home/airflow/.local/lib/python3.8/site-packages/airflow/example_dags/tutorial.py took 0.136 seconds
[2026-07-21T18:11:46.848+0000] {processor.py:161} INFO - Started process (PID=411) to work on /home/airflow/.local/lib/python3.8/site-packages/airflow/example_dags/tutorial.py
[2026-07-21T18:11:46.849+0000] {processor.py:830} INFO - Processing file /home/airflow/.local/lib/python3.8/site-packages/airflow/example_dags/tutorial.py for tasks to queue
[2026-07-21T18:11:46.851+0000] {logging_mixin.py:188} INFO - [2026-07-21T18:11:46.851+0000] {dagbag.py:538} INFO - Filling up the DagBag from /home/airflow/.local/lib/python3.8/site-packages/airflow/example_dags/tutorial.py
[2026-07-21T18:11:46.859+0000] {processor.py:840} INFO - DAG(s) 'tutorial' retrieved from /home/airflow/.local/lib/python3.8/site-packages/airflow/example_dags/tutorial.py
[2026-07-21T18:11:46.883+0000] {logging_mixin.py:188} INFO - [2026-07-21T18:11:46.883+0000] {dag.py:3036} INFO - Sync 1 DAGs
[2026-07-21T18:11:46.906+0000] {logging_mixin.py:188} INFO - [2026-07-21T18:11:46.905+0000] {dag.py:3823} INFO - Setting next_dagrun for tutorial to 2026-07-20 00:00:00+00:00, run_after=2026-07-21 00:00:00+00:00
[2026-07-21T18:11:46.930+0000] {processor.py:183} INFO - Processing /home/airflow/.local/lib/python3.8/site-packages/airflow/example_dags/tutorial.py took 0.088 seconds
[2026-07-21T18:12:17.586+0000] {processor.py:161} INFO - Started process (PID=467) to work on /home/airflow/.local/lib/python3.8/site-packages/airflow/example_dags/tutorial.py
[2026-07-21T18:12:17.587+0000] {processor.py:830} INFO - Processing file /home/airflow/.local/lib/python3.8/site-packages/airflow/example_dags/tutorial.py for tasks to queue
[2026-07-21T18:12:17.589+0000] {logging_mixin.py:188} INFO - [2026-07-21T18:12:17.589+0000] {dagbag.py:538} INFO - Filling up the DagBag from /home/airflow/.local/lib/python3.8/site-packages/airflow/example_dags/tutorial.py
[2026-07-21T18:12:17.596+0000] {processor.py:840} INFO - DAG(s) 'tutorial' retrieved from /home/airflow/.local/lib/python3.8/site-packages/airflow/example_dags/tutorial.py
[2026-07-21T18:12:17.620+0000] {logging_mixin.py:188} INFO - [2026-07-21T18:12:17.619+0000] {dag.py:3036} INFO - Sync 1 DAGs
[2026-07-21T18:12:17.642+0000] {logging_mixin.py:188} INFO - [2026-07-21T18:12:17.642+0000] {dag.py:3823} INFO - Setting next_dagrun for tutorial to 2026-07-20 00:00:00+00:00, run_after=2026-07-21 00:00:00+00:00
[2026-07-21T18:12:17.664+0000] {processor.py:183} INFO - Processing /home/airflow/.local/lib/python3.8/site-packages/airflow/example_dags/tutorial.py took 0.082 seconds
[2026-07-21T18:12:48.294+0000] {processor.py:161} INFO - Started process (PID=523) to work on /home/airflow/.local/lib/python3.8/site-packages/airflow/example_dags/tutorial.py
[2026-07-21T18:12:48.295+0000] {processor.py:830} INFO - Processing file /home/airflow/.local/lib/python3.8/site-packages/airflow/example_dags/tutorial.py for tasks to queue
[2026-07-21T18:12:48.297+0000] {logging_mixin.py:188} INFO - [2026-07-21T18:12:48.296+0000] {dagbag.py:538} INFO - Filling up the DagBag from /home/airflow/.local/lib/python3.8/site-packages/airflow/example_dags/tutorial.py
[2026-07-21T18:12:48.303+0000] {processor.py:840} INFO - DAG(s) 'tutorial' retrieved from /home/airflow/.local/lib/python3.8/site-packages/airflow/example_dags/tutorial.py
[2026-07-21T18:12:48.324+0000] {logging_mixin.py:188} INFO - [2026-07-21T18:12:48.324+0000] {dag.py:3036} INFO - Sync 1 DAGs
[2026-07-21T18:12:48.345+0000] {logging_mixin.py:188} INFO - [2026-07-21T18:12:48.345+0000] {dag.py:3823} INFO - Setting next_dagrun for tutorial to 2026-07-20 00:00:00+00:00, run_after=2026-07-21 00:00:00+00:00
[2026-07-21T18:12:48.367+0000] {processor.py:183} INFO - Processing /home/airflow/.local/lib/python3.8/site-packages/airflow/example_dags/tutorial.py took 0.076 seconds
[2026-07-21T18:13:19.208+0000] {processor.py:161} INFO - Started process (PID=579) to work on /home/airflow/.local/lib/python3.8/site-packages/airflow/example_dags/tutorial.py
[2026-07-21T18:13:19.212+0000] {processor.py:830} INFO - Processing file /home/airflow/.local/lib/python3.8/site-packages/airflow/example_dags/tutorial.py for tasks to queue
[2026-07-21T18:13:19.216+0000] {logging_mixin.py:188} INFO - [2026-07-21T18:13:19.216+0000] {dagbag.py:538} INFO - Filling up the DagBag from /home/airflow/.local/lib/python3.8/site-packages/airflow/example_dags/tutorial.py
[2026-07-21T18:13:19.232+0000] {processor.py:840} INFO - DAG(s) 'tutorial' retrieved from /home/airflow/.local/lib/python3.8/site-packages/airflow/example_dags/tutorial.py
[2026-07-21T18:13:19.284+0000] {logging_mixin.py:188} INFO - [2026-07-21T18:13:19.284+0000] {dag.py:3036} INFO - Sync 1 DAGs
[2026-07-21T18:13:19.316+0000] {logging_mixin.py:188} INFO - [2026-07-21T18:13:19.316+0000] {dag.py:3823} INFO - Setting next_dagrun for tutorial to 2026-07-20 00:00:00+00:00, run_after=2026-07-21 00:00:00+00:00
[2026-07-21T18:13:19.340+0000] {processor.py:183} INFO - Processing /home/airflow/.local/lib/python3.8/site-packages/airflow/example_dags/tutorial.py took 0.141 seconds
[2026-07-21T18:13:49.486+0000] {processor.py:161} INFO - Started process (PID=635) to work on /home/airflow/.local/lib/python3.8/site-packages/airflow/example_dags/tutorial.py
[2026-07-21T18:13:49.488+0000] {processor.py:830} INFO - Processing file /home/airflow/.local/lib/python3.8/site-packages/airflow/example_dags/tutorial.py for tasks to queue
[2026-07-21T18:13:49.490+0000] {logging_mixin.py:188} INFO - [2026-07-21T18:13:49.490+0000] {dagbag.py:538} INFO - Filling up the DagBag from /home/airflow/.local/lib/python3.8/site-packages/airflow/example_dags/tutorial.py
[2026-07-21T18:13:49.497+0000] {processor.py:840} INFO - DAG(s) 'tutorial' retrieved from /home/airflow/.local/lib/python3.8/site-packages/airflow/example_dags/tutorial.py
[2026-07-21T18:13:49.519+0000] {logging_mixin.py:188} INFO - [2026-07-21T18:13:49.518+0000] {dag.py:3036} INFO - Sync 1 DAGs
[2026-07-21T18:13:49.538+0000] {logging_mixin.py:188} INFO - [2026-07-21T18:13:49.538+0000] {dag.py:3823} INFO - Setting next_dagrun for tutorial to 2026-07-20 00:00:00+00:00, run_after=2026-07-21 00:00:00+00:00
[2026-07-21T18:13:49.558+0000] {processor.py:183} INFO - Processing /home/airflow/.local/lib/python3.8/site-packages/airflow/example_dags/tutorial.py took 0.076 seconds
[2026-07-21T18:14:20.519+0000] {processor.py:161} INFO - Started process (PID=691) to work on /home/airflow/.local/lib/python3.8/site-packages/airflow/example_dags/tutorial.py
[2026-07-21T18:14:20.520+0000] {processor.py:830} INFO - Processing file /home/airflow/.local/lib/python3.8/site-packages/airflow/example_dags/tutorial.py for tasks to queue
[2026-07-21T18:14:20.522+0000] {logging_mixin.py:188} INFO - [2026-07-21T18:14:20.522+0000] {dagbag.py:538} INFO - Filling up the DagBag from /home/airflow/.local/lib/python3.8/site-packages/airflow/example_dags/tutorial.py
[2026-07-21T18:14:20.529+0000] {processor.py:840} INFO - DAG(s) 'tutorial' retrieved from /home/airflow/.local/lib/python3.8/site-packages/airflow/example_dags/tutorial.py
[2026-07-21T18:14:20.550+0000] {logging_mixin.py:188} INFO - [2026-07-21T18:14:20.550+0000] {dag.py:3036} INFO - Sync 1 DAGs
[2026-07-21T18:14:20.572+0000] {logging_mixin.py:188} INFO - [2026-07-21T18:14:20.571+0000] {dag.py:3823} INFO - Setting next_dagrun for tutorial to 2026-07-20 00:00:00+00:00, run_after=2026-07-21 00:00:00+00:00
[2026-07-21T18:14:20.590+0000] {processor.py:183} INFO - Processing /home/airflow/.local/lib/python3.8/site-packages/airflow/example_dags/tutorial.py took 0.075 seconds
[2026-07-21T18:14:51.459+0000] {processor.py:161} INFO - Started process (PID=748) to work on /home/airflow/.local/lib/python3.8/site-packages/airflow/example_dags/tutorial.py
[2026-07-21T18:14:51.460+0000] {processor.py:830} INFO - Processing file /home/airflow/.local/lib/python3.8/site-packages/airflow/example_dags/tutorial.py for tasks to queue
[2026-07-21T18:14:51.462+0000] {logging_mixin.py:188} INFO - [2026-07-21T18:14:51.462+0000] {dagbag.py:538} INFO - Filling up the DagBag from /home/airflow/.local/lib/python3.8/site-packages/airflow/example_dags/tutorial.py
[2026-07-21T18:14:51.470+0000] {processor.py:840} INFO - DAG(s) 'tutorial' retrieved from /home/airflow/.local/lib/python3.8/site-packages/airflow/example_dags/tutorial.py
[2026-07-21T18:14:51.498+0000] {logging_mixin.py:188} INFO - [2026-07-21T18:14:51.498+0000] {dag.py:3036} INFO - Sync 1 DAGs
[2026-07-21T18:14:51.523+0000] {logging_mixin.py:188} INFO - [2026-07-21T18:14:51.523+0000] {dag.py:3823} INFO - Setting next_dagrun for tutorial to 2026-07-20 00:00:00+00:00, run_after=2026-07-21 00:00:00+00:00
[2026-07-21T18:14:51.547+0000] {processor.py:183} INFO - Processing /home/airflow/.local/lib/python3.8/site-packages/airflow/example_dags/tutorial.py took 0.092 seconds
[2026-07-21T18:15:22.375+0000] {processor.py:161} INFO - Started process (PID=804) to work on /home/airflow/.local/lib/python3.8/site-packages/airflow/example_dags/tutorial.py
[2026-07-21T18:15:22.377+0000] {processor.py:830} INFO - Processing file /home/airflow/.local/lib/python3.8/site-packages/airflow/example_dags/tutorial.py for tasks to queue
[2026-07-21T18:15:22.378+0000] {logging_mixin.py:188} INFO - [2026-07-21T18:15:22.378+0000] {dagbag.py:538} INFO - Filling up the DagBag from /home/airflow/.local/lib/python3.8/site-packages/airflow/example_dags/tutorial.py
[2026-07-21T18:15:22.385+0000] {processor.py:840} INFO - DAG(s) 'tutorial' retrieved from /home/airflow/.local/lib/python3.8/site-packages/airflow/example_dags/tutorial.py
[2026-07-21T18:15:22.407+0000] {logging_mixin.py:188} INFO - [2026-07-21T18:15:22.407+0000] {dag.py:3036} INFO - Sync 1 DAGs
[2026-07-21T18:15:22.428+0000] {logging_mixin.py:188} INFO - [2026-07-21T18:15:22.428+0000] {dag.py:3823} INFO - Setting next_dagrun for tutorial to 2026-07-20 00:00:00+00:00, run_after=2026-07-21 00:00:00+00:00
[2026-07-21T18:15:22.448+0000] {processor.py:183} INFO - Processing /home/airflow/.local/lib/python3.8/site-packages/airflow/example_dags/tutorial.py took 0.076 seconds
[2026-07-21T18:15:53.146+0000] {processor.py:161} INFO - Started process (PID=860) to work on /home/airflow/.local/lib/python3.8/site-packages/airflow/example_dags/tutorial.py
[2026-07-21T18:15:53.147+0000] {processor.py:830} INFO - Processing file /home/airflow/.local/lib/python3.8/site-packages/airflow/example_dags/tutorial.py for tasks to queue
[2026-07-21T18:15:53.149+0000] {logging_mixin.py:188} INFO - [2026-07-21T18:15:53.149+0000] {dagbag.py:538} INFO - Filling up the DagBag from /home/airflow/.local/lib/python3.8/site-packages/airflow/example_dags/tutorial.py
[2026-07-21T18:15:53.155+0000] {processor.py:840} INFO - DAG(s) 'tutorial' retrieved from /home/airflow/.local/lib/python3.8/site-packages/airflow/example_dags/tutorial.py
[2026-07-21T18:15:53.178+0000] {logging_mixin.py:188} INFO - [2026-07-21T18:15:53.178+0000] {dag.py:3036} INFO - Sync 1 DAGs
[2026-07-21T18:15:53.199+0000] {logging_mixin.py:188} INFO - [2026-07-21T18:15:53.199+0000] {dag.py:3823} INFO - Setting next_dagrun for tutorial to 2026-07-20 00:00:00+00:00, run_after=2026-07-21 00:00:00+00:00
[2026-07-21T18:15:53.219+0000] {processor.py:183} INFO - Processing /home/airflow/.local/lib/python3.8/site-packages/airflow/example_dags/tutorial.py took 0.077 seconds
[2026-07-21T18:16:24.079+0000] {processor.py:161} INFO - Started process (PID=916) to work on /home/airflow/.local/lib/python3.8/site-packages/airflow/example_dags/tutorial.py
[2026-07-21T18:16:24.080+0000] {processor.py:830} INFO - Processing file /home/airflow/.local/lib/python3.8/site-packages/airflow/example_dags/tutorial.py for tasks to queue
[2026-07-21T18:16:24.082+0000] {logging_mixin.py:188} INFO - [2026-07-21T18:16:24.082+0000] {dagbag.py:538} INFO - Filling up the DagBag from /home/airflow/.local/lib/python3.8/site-packages/airflow/example_dags/tutorial.py
[2026-07-21T18:16:24.089+0000] {processor.py:840} INFO - DAG(s) 'tutorial' retrieved from /home/airflow/.local/lib/python3.8/site-packages/airflow/example_dags/tutorial.py
[2026-07-21T18:16:24.113+0000] {logging_mixin.py:188} INFO - [2026-07-21T18:16:24.113+0000] {dag.py:3036} INFO - Sync 1 DAGs
[2026-07-21T18:16:24.134+0000] {logging_mixin.py:188} INFO - [2026-07-21T18:16:24.134+0000] {dag.py:3823} INFO - Setting next_dagrun for tutorial to 2026-07-20 00:00:00+00:00, run_after=2026-07-21 00:00:00+00:00
[2026-07-21T18:16:24.155+0000] {processor.py:183} INFO - Processing /home/airflow/.local/lib/python3.8/site-packages/airflow/example_dags/tutorial.py took 0.080 seconds
[2026-07-21T18:16:54.238+0000] {processor.py:161} INFO - Started process (PID=972) to work on /home/airflow/.local/lib/python3.8/site-packages/airflow/example_dags/tutorial.py
[2026-07-21T18:16:54.239+0000] {processor.py:830} INFO - Processing file /home/airflow/.local/lib/python3.8/site-packages/airflow/example_dags/tutorial.py for tasks to queue
[2026-07-21T18:16:54.241+0000] {logging_mixin.py:188} INFO - [2026-07-21T18:16:54.241+0000] {dagbag.py:538} INFO - Filling up the DagBag from /home/airflow/.local/lib/python3.8/site-packages/airflow/example_dags/tutorial.py
[2026-07-21T18:16:54.247+0000] {processor.py:840} INFO - DAG(s) 'tutorial' retrieved from /home/airflow/.local/lib/python3.8/site-packages/airflow/example_dags/tutorial.py
[2026-07-21T18:16:54.268+0000] {logging_mixin.py:188} INFO - [2026-07-21T18:16:54.268+0000] {dag.py:3036} INFO - Sync 1 DAGs
[2026-07-21T18:16:54.288+0000] {logging_mixin.py:188} INFO - [2026-07-21T18:16:54.287+0000] {dag.py:3823} INFO - Setting next_dagrun for tutorial to 2026-07-20 00:00:00+00:00, run_after=2026-07-21 00:00:00+00:00
[2026-07-21T18:16:54.306+0000] {processor.py:183} INFO - Processing /home/airflow/.local/lib/python3.8/site-packages/airflow/example_dags/tutorial.py took 0.072 seconds
[2026-07-21T18:17:24.399+0000] {processor.py:161} INFO - Started process (PID=1028) to work on /home/airflow/.local/lib/python3.8/site-packages/airflow/example_dags/tutorial.py
[2026-07-21T18:17:24.400+0000] {processor.py:830} INFO - Processing file /home/airflow/.local/lib/python3.8/site-packages/airflow/example_dags/tutorial.py for tasks to queue
[2026-07-21T18:17:24.402+0000] {logging_mixin.py:188} INFO - [2026-07-21T18:17:24.402+0000] {dagbag.py:538} INFO - Filling up the DagBag from /home/airflow/.local/lib/python3.8/site-packages/airflow/example_dags/tutorial.py
[2026-07-21T18:17:24.409+0000] {processor.py:840} INFO - DAG(s) 'tutorial' retrieved from /home/airflow/.local/lib/python3.8/site-packages/airflow/example_dags/tutorial.py
[2026-07-21T18:17:24.437+0000] {logging_mixin.py:188} INFO - [2026-07-21T18:17:24.437+0000] {dag.py:3036} INFO - Sync 1 DAGs
[2026-07-21T18:17:24.461+0000] {logging_mixin.py:188} INFO - [2026-07-21T18:17:24.460+0000] {dag.py:3823} INFO - Setting next_dagrun for tutorial to 2026-07-20 00:00:00+00:00, run_after=2026-07-21 00:00:00+00:00
[2026-07-21T18:17:24.481+0000] {processor.py:183} INFO - Processing /home/airflow/.local/lib/python3.8/site-packages/airflow/example_dags/tutorial.py took 0.087 seconds
[2026-07-21T18:17:55.459+0000] {processor.py:161} INFO - Started process (PID=1084) to work on /home/airflow/.local/lib/python3.8/site-packages/airflow/example_dags/tutorial.py
[2026-07-21T18:17:55.461+0000] {processor.py:830} INFO - Processing file /home/airflow/.local/lib/python3.8/site-packages/airflow/example_dags/tutorial.py for tasks to queue
[2026-07-21T18:17:55.464+0000] {logging_mixin.py:188} INFO - [2026-07-21T18:17:55.463+0000] {dagbag.py:538} INFO - Filling up the DagBag from /home/airflow/.local/lib/python3.8/site-packages/airflow/example_dags/tutorial.py
[2026-07-21T18:17:55.474+0000] {processor.py:840} INFO - DAG(s) 'tutorial' retrieved from /home/airflow/.local/lib/python3.8/site-packages/airflow/example_dags/tutorial.py
[2026-07-21T18:17:55.499+0000] {logging_mixin.py:188} INFO - [2026-07-21T18:17:55.499+0000] {dag.py:3036} INFO - Sync 1 DAGs
[2026-07-21T18:17:55.520+0000] {logging_mixin.py:188} INFO - [2026-07-21T18:17:55.519+0000] {dag.py:3823} INFO - Setting next_dagrun for tutorial to 2026-07-20 00:00:00+00:00, run_after=2026-07-21 00:00:00+00:00
[2026-07-21T18:17:55.538+0000] {processor.py:183} INFO - Processing /home/airflow/.local/lib/python3.8/site-packages/airflow/example_dags/tutorial.py took 0.086 seconds
[2026-07-21T18:18:26.350+0000] {processor.py:161} INFO - Started process (PID=1140) to work on /home/airflow/.local/lib/python3.8/site-packages/airflow/example_dags/tutorial.py
[2026-07-21T18:18:26.351+0000] {processor.py:830} INFO - Processing file /home/airflow/.local/lib/python3.8/site-packages/airflow/example_dags/tutorial.py for tasks to queue
[2026-07-21T18:18:26.353+0000] {logging_mixin.py:188} INFO - [2026-07-21T18:18:26.353+0000] {dagbag.py:538} INFO - Filling up the DagBag from /home/airflow/.local/lib/python3.8/site-packages/airflow/example_dags/tutorial.py
[2026-07-21T18:18:26.360+0000] {processor.py:840} INFO - DAG(s) 'tutorial' retrieved from /home/airflow/.local/lib/python3.8/site-packages/airflow/example_dags/tutorial.py
[2026-07-21T18:18:26.382+0000] {logging_mixin.py:188} INFO - [2026-07-21T18:18:26.382+0000] {dag.py:3036} INFO - Sync 1 DAGs
[2026-07-21T18:18:26.402+0000] {logging_mixin.py:188} INFO - [2026-07-21T18:18:26.402+0000] {dag.py:3823} INFO - Setting next_dagrun for tutorial to 2026-07-20 00:00:00+00:00, run_after=2026-07-21 00:00:00+00:00
[2026-07-21T18:18:26.422+0000] {processor.py:183} INFO - Processing /home/airflow/.local/lib/python3.8/site-packages/airflow/example_dags/tutorial.py took 0.075 seconds
[2026-07-21T18:18:57.276+0000] {processor.py:161} INFO - Started process (PID=1196) to work on /home/airflow/.local/lib/python3.8/site-packages/airflow/example_dags/tutorial.py
[2026-07-21T18:18:57.278+0000] {processor.py:830} INFO - Processing file /home/airflow/.local/lib/python3.8/site-packages/airflow/example_dags/tutorial.py for tasks to queue
[2026-07-21T18:18:57.280+0000] {logging_mixin.py:188} INFO - [2026-07-21T18:18:57.280+0000] {dagbag.py:538} INFO - Filling up the DagBag from /home/airflow/.local/lib/python3.8/site-packages/airflow/example_dags/tutorial.py
[2026-07-21T18:18:57.286+0000] {processor.py:840} INFO - DAG(s) 'tutorial' retrieved from /home/airflow/.local/lib/python3.8/site-packages/airflow/example_dags/tutorial.py
[2026-07-21T18:18:57.310+0000] {logging_mixin.py:188} INFO - [2026-07-21T18:18:57.309+0000] {dag.py:3036} INFO - Sync 1 DAGs
[2026-07-21T18:18:57.340+0000] {logging_mixin.py:188} INFO - [2026-07-21T18:18:57.340+0000] {dag.py:3823} INFO - Setting next_dagrun for tutorial to 2026-07-20 00:00:00+00:00, run_after=2026-07-21 00:00:00+00:00
[2026-07-21T18:18:57.369+0000] {processor.py:183} INFO - Processing /home/airflow/.local/lib/python3.8/site-packages/airflow/example_dags/tutorial.py took 0.096 seconds
[2026-07-21T18:19:27.727+0000] {processor.py:161} INFO - Started process (PID=1252) to work on /home/airflow/.local/lib/python3.8/site-packages/airflow/example_dags/tutorial.py
[2026-07-21T18:19:27.728+0000] {processor.py:830} INFO - Processing file /home/airflow/.local/lib/python3.8/site-packages/airflow/example_dags/tutorial.py for tasks to queue
[2026-07-21T18:19:27.730+0000] {logging_mixin.py:188} INFO - [2026-07-21T18:19:27.730+0000] {dagbag.py:538} INFO - Filling up the DagBag from /home/airflow/.local/lib/python3.8/site-packages/airflow/example_dags/tutorial.py
[2026-07-21T18:19:27.736+0000] {processor.py:840} INFO - DAG(s) 'tutorial' retrieved from /home/airflow/.local/lib/python3.8/site-packages/airflow/example_dags/tutorial.py
[2026-07-21T18:19:27.759+0000] {logging_mixin.py:188} INFO - [2026-07-21T18:19:27.759+0000] {dag.py:3036} INFO - Sync 1 DAGs
[2026-07-21T18:19:27.781+0000] {logging_mixin.py:188} INFO - [2026-07-21T18:19:27.781+0000] {dag.py:3823} INFO - Setting next_dagrun for tutorial to 2026-07-20 00:00:00+00:00, run_after=2026-07-21 00:00:00+00:00
[2026-07-21T18:19:27.802+0000] {processor.py:183} INFO - Processing /home/airflow/.local/lib/python3.8/site-packages/airflow/example_dags/tutorial.py took 0.080 seconds
[2026-07-21T18:19:58.391+0000] {processor.py:161} INFO - Started process (PID=1308) to work on /home/airflow/.local/lib/python3.8/site-packages/airflow/example_dags/tutorial.py
[2026-07-21T18:19:58.393+0000] {processor.py:830} INFO - Processing file /home/airflow/.local/lib/python3.8/site-packages/airflow/example_dags/tutorial.py for tasks to queue
[2026-07-21T18:19:58.395+0000] {logging_mixin.py:188} INFO - [2026-07-21T18:19:58.394+0000] {dagbag.py:538} INFO - Filling up the DagBag from /home/airflow/.local/lib/python3.8/site-packages/airflow/example_dags/tutorial.py
[2026-07-21T18:19:58.400+0000] {processor.py:840} INFO - DAG(s) 'tutorial' retrieved from /home/airflow/.local/lib/python3.8/site-packages/airflow/example_dags/tutorial.py
[2026-07-21T18:19:58.422+0000] {logging_mixin.py:188} INFO - [2026-07-21T18:19:58.422+0000] {dag.py:3036} INFO - Sync 1 DAGs
[2026-07-21T18:19:58.442+0000] {logging_mixin.py:188} INFO - [2026-07-21T18:19:58.442+0000] {dag.py:3823} INFO - Setting next_dagrun for tutorial to 2026-07-20 00:00:00+00:00, run_after=2026-07-21 00:00:00+00:00
[2026-07-21T18:19:58.462+0000] {processor.py:183} INFO - Processing /home/airflow/.local/lib/python3.8/site-packages/airflow/example_dags/tutorial.py took 0.074 seconds
[2026-07-21T18:20:29.150+0000] {processor.py:161} INFO - Started process (PID=1364) to work on /home/airflow/.local/lib/python3.8/site-packages/airflow/example_dags/tutorial.py
[2026-07-21T18:20:29.151+0000] {processor.py:830} INFO - Processing file /home/airflow/.local/lib/python3.8/site-packages/airflow/example_dags/tutorial.py for tasks to queue
[2026-07-21T18:20:29.154+0000] {logging_mixin.py:188} INFO - [2026-07-21T18:20:29.153+0000] {dagbag.py:538} INFO - Filling up the DagBag from /home/airflow/.local/lib/python3.8/site-packages/airflow/example_dags/tutorial.py
[2026-07-21T18:20:29.160+0000] {processor.py:840} INFO - DAG(s) 'tutorial' retrieved from /home/airflow/.local/lib/python3.8/site-packages/airflow/example_dags/tutorial.py
[2026-07-21T18:20:29.182+0000] {logging_mixin.py:188} INFO - [2026-07-21T18:20:29.182+0000] {dag.py:3036} INFO - Sync 1 DAGs
[2026-07-21T18:20:29.204+0000] {logging_mixin.py:188} INFO - [2026-07-21T18:20:29.204+0000] {dag.py:3823} INFO - Setting next_dagrun for tutorial to 2026-07-20 00:00:00+00:00, run_after=2026-07-21 00:00:00+00:00
[2026-07-21T18:20:29.223+0000] {processor.py:183} INFO - Processing /home/airflow/.local/lib/python3.8/site-packages/airflow/example_dags/tutorial.py took 0.077 seconds
[2026-07-21T18:20:59.257+0000] {processor.py:161} INFO - Started process (PID=1420) to work on /home/airflow/.local/lib/python3.8/site-packages/airflow/example_dags/tutorial.py
[2026-07-21T18:20:59.259+0000] {processor.py:830} INFO - Processing file /home/airflow/.local/lib/python3.8/site-packages/airflow/example_dags/tutorial.py for tasks to queue
[2026-07-21T18:20:59.262+0000] {logging_mixin.py:188} INFO - [2026-07-21T18:20:59.262+0000] {dagbag.py:538} INFO - Filling up the DagBag from /home/airflow/.local/lib/python3.8/site-packages/airflow/example_dags/tutorial.py
[2026-07-21T18:20:59.270+0000] {processor.py:840} INFO - DAG(s) 'tutorial' retrieved from /home/airflow/.local/lib/python3.8/site-packages/airflow/example_dags/tutorial.py
[2026-07-21T18:20:59.292+0000] {logging_mixin.py:188} INFO - [2026-07-21T18:20:59.292+0000] {dag.py:3036} INFO - Sync 1 DAGs
[2026-07-21T18:20:59.312+0000] {logging_mixin.py:188} INFO - [2026-07-21T18:20:59.312+0000] {dag.py:3823} INFO - Setting next_dagrun for tutorial to 2026-07-20 00:00:00+00:00, run_after=2026-07-21 00:00:00+00:00
[2026-07-21T18:20:59.332+0000] {processor.py:183} INFO - Processing /home/airflow/.local/lib/python3.8/site-packages/airflow/example_dags/tutorial.py took 0.079 seconds
[2026-07-21T18:21:31.711+0000] {processor.py:161} INFO - Started process (PID=1476) to work on /home/airflow/.local/lib/python3.8/site-packages/airflow/example_dags/tutorial.py
[2026-07-21T18:21:31.712+0000] {processor.py:830} INFO - Processing file /home/airflow/.local/lib/python3.8/site-packages/airflow/example_dags/tutorial.py for tasks to queue
[2026-07-21T18:21:31.715+0000] {logging_mixin.py:188} INFO - [2026-07-21T18:21:31.714+0000] {dagbag.py:538} INFO - Filling up the DagBag from /home/airflow/.local/lib/python3.8/site-packages/airflow/example_dags/tutorial.py
[2026-07-21T18:21:31.721+0000] {processor.py:840} INFO - DAG(s) 'tutorial' retrieved from /home/airflow/.local/lib/python3.8/site-packages/airflow/example_dags/tutorial.py
[2026-07-21T18:21:31.746+0000] {logging_mixin.py:188} INFO - [2026-07-21T18:21:31.745+0000] {dag.py:3036} INFO - Sync 1 DAGs
[2026-07-21T18:21:31.769+0000] {logging_mixin.py:188} INFO - [2026-07-21T18:21:31.769+0000] {dag.py:3823} INFO - Setting next_dagrun for tutorial to 2026-07-20 00:00:00+00:00, run_after=2026-07-21 00:00:00+00:00
[2026-07-21T18:21:31.794+0000] {processor.py:183} INFO - Processing /home/airflow/.local/lib/python3.8/site-packages/airflow/example_dags/tutorial.py took 0.087 seconds
[2026-07-21T18:22:02.067+0000] {processor.py:161} INFO - Started process (PID=1532) to work on /home/airflow/.local/lib/python3.8/site-packages/airflow/example_dags/tutorial.py
[2026-07-21T18:22:02.068+0000] {processor.py:830} INFO - Processing file /home/airflow/.local/lib/python3.8/site-packages/airflow/example_dags/tutorial.py for tasks to queue
[2026-07-21T18:22:02.070+0000] {logging_mixin.py:188} INFO - [2026-07-21T18:22:02.069+0000] {dagbag.py:538} INFO - Filling up the DagBag from /home/airflow/.local/lib/python3.8/site-packages/airflow/example_dags/tutorial.py
[2026-07-21T18:22:02.075+0000] {processor.py:840} INFO - DAG(s) 'tutorial' retrieved from /home/airflow/.local/lib/python3.8/site-packages/airflow/example_dags/tutorial.py
[2026-07-21T18:22:02.097+0000] {logging_mixin.py:188} INFO - [2026-07-21T18:22:02.097+0000] {dag.py:3036} INFO - Sync 1 DAGs
[2026-07-21T18:22:02.117+0000] {logging_mixin.py:188} INFO - [2026-07-21T18:22:02.117+0000] {dag.py:3823} INFO - Setting next_dagrun for tutorial to 2026-07-20 00:00:00+00:00, run_after=2026-07-21 00:00:00+00:00
[2026-07-21T18:22:02.292+0000] {processor.py:183} INFO - Processing /home/airflow/.local/lib/python3.8/site-packages/airflow/example_dags/tutorial.py took 0.229 seconds
[2026-07-21T18:22:32.768+0000] {processor.py:161} INFO - Started process (PID=1588) to work on /home/airflow/.local/lib/python3.8/site-packages/airflow/example_dags/tutorial.py
[2026-07-21T18:22:32.770+0000] {processor.py:830} INFO - Processing file /home/airflow/.local/lib/python3.8/site-packages/airflow/example_dags/tutorial.py for tasks to queue
[2026-07-21T18:22:32.772+0000] {logging_mixin.py:188} INFO - [2026-07-21T18:22:32.771+0000] {dagbag.py:538} INFO - Filling up the DagBag from /home/airflow/.local/lib/python3.8/site-packages/airflow/example_dags/tutorial.py
[2026-07-21T18:22:32.778+0000] {processor.py:840} INFO - DAG(s) 'tutorial' retrieved from /home/airflow/.local/lib/python3.8/site-packages/airflow/example_dags/tutorial.py
[2026-07-21T18:22:32.799+0000] {logging_mixin.py:188} INFO - [2026-07-21T18:22:32.799+0000] {dag.py:3036} INFO - Sync 1 DAGs
[2026-07-21T18:22:32.819+0000] {logging_mixin.py:188} INFO - [2026-07-21T18:22:32.819+0000] {dag.py:3823} INFO - Setting next_dagrun for tutorial to 2026-07-20 00:00:00+00:00, run_after=2026-07-21 00:00:00+00:00
[2026-07-21T18:22:32.838+0000] {processor.py:183} INFO - Processing /home/airflow/.local/lib/python3.8/site-packages/airflow/example_dags/tutorial.py took 0.074 seconds
[2026-07-21T18:23:03.028+0000] {processor.py:161} INFO - Started process (PID=1644) to work on /home/airflow/.local/lib/python3.8/site-packages/airflow/example_dags/tutorial.py
[2026-07-21T18:23:03.029+0000] {processor.py:830} INFO - Processing file /home/airflow/.local/lib/python3.8/site-packages/airflow/example_dags/tutorial.py for tasks to queue
[2026-07-21T18:23:03.031+0000] {logging_mixin.py:188} INFO - [2026-07-21T18:23:03.031+0000] {dagbag.py:538} INFO - Filling up the DagBag from /home/airflow/.local/lib/python3.8/site-packages/airflow/example_dags/tutorial.py
[2026-07-21T18:23:03.037+0000] {processor.py:840} INFO - DAG(s) 'tutorial' retrieved from /home/airflow/.local/lib/python3.8/site-packages/airflow/example_dags/tutorial.py
[2026-07-21T18:23:03.059+0000] {logging_mixin.py:188} INFO - [2026-07-21T18:23:03.059+0000] {dag.py:3036} INFO - Sync 1 DAGs
[2026-07-21T18:23:03.080+0000] {logging_mixin.py:188} INFO - [2026-07-21T18:23:03.080+0000] {dag.py:3823} INFO - Setting next_dagrun for tutorial to 2026-07-20 00:00:00+00:00, run_after=2026-07-21 00:00:00+00:00
[2026-07-21T18:23:03.099+0000] {processor.py:183} INFO - Processing /home/airflow/.local/lib/python3.8/site-packages/airflow/example_dags/tutorial.py took 0.075 seconds
[2026-07-21T18:23:36.011+0000] {processor.py:161} INFO - Started process (PID=1700) to work on /home/airflow/.local/lib/python3.8/site-packages/airflow/example_dags/tutorial.py
[2026-07-21T18:23:36.012+0000] {processor.py:830} INFO - Processing file /home/airflow/.local/lib/python3.8/site-packages/airflow/example_dags/tutorial.py for tasks to queue
[2026-07-21T18:23:36.014+0000] {logging_mixin.py:188} INFO - [2026-07-21T18:23:36.014+0000] {dagbag.py:538} INFO - Filling up the DagBag from /home/airflow/.local/lib/python3.8/site-packages/airflow/example_dags/tutorial.py
[2026-07-21T18:23:36.020+0000] {processor.py:840} INFO - DAG(s) 'tutorial' retrieved from /home/airflow/.local/lib/python3.8/site-packages/airflow/example_dags/tutorial.py
[2026-07-21T18:23:36.198+0000] {logging_mixin.py:188} INFO - [2026-07-21T18:23:36.198+0000] {dag.py:3036} INFO - Sync 1 DAGs
[2026-07-21T18:23:36.216+0000] {logging_mixin.py:188} INFO - [2026-07-21T18:23:36.216+0000] {dag.py:3823} INFO - Setting next_dagrun for tutorial to 2026-07-20 00:00:00+00:00, run_after=2026-07-21 00:00:00+00:00
[2026-07-21T18:23:36.234+0000] {processor.py:183} INFO - Processing /home/airflow/.local/lib/python3.8/site-packages/airflow/example_dags/tutorial.py took 0.226 seconds
[2026-07-21T18:24:06.363+0000] {processor.py:161} INFO - Started process (PID=1756) to work on /home/airflow/.local/lib/python3.8/site-packages/airflow/example_dags/tutorial.py
[2026-07-21T18:24:06.365+0000] {processor.py:830} INFO - Processing file /home/airflow/.local/lib/python3.8/site-packages/airflow/example_dags/tutorial.py for tasks to queue
[2026-07-21T18:24:06.368+0000] {logging_mixin.py:188} INFO - [2026-07-21T18:24:06.367+0000] {dagbag.py:538} INFO - Filling up the DagBag from /home/airflow/.local/lib/python3.8/site-packages/airflow/example_dags/tutorial.py
[2026-07-21T18:24:06.375+0000] {processor.py:840} INFO - DAG(s) 'tutorial' retrieved from /home/airflow/.local/lib/python3.8/site-packages/airflow/example_dags/tutorial.py
[2026-07-21T18:24:06.399+0000] {logging_mixin.py:188} INFO - [2026-07-21T18:24:06.399+0000] {dag.py:3036} INFO - Sync 1 DAGs
[2026-07-21T18:24:06.423+0000] {logging_mixin.py:188} INFO - [2026-07-21T18:24:06.423+0000] {dag.py:3823} INFO - Setting next_dagrun for tutorial to 2026-07-20 00:00:00+00:00, run_after=2026-07-21 00:00:00+00:00
[2026-07-21T18:24:06.445+0000] {processor.py:183} INFO - Processing /home/airflow/.local/lib/python3.8/site-packages/airflow/example_dags/tutorial.py took 0.085 seconds
[2026-07-21T18:24:36.557+0000] {processor.py:161} INFO - Started process (PID=1812) to work on /home/airflow/.local/lib/python3.8/site-packages/airflow/example_dags/tutorial.py
[2026-07-21T18:24:36.558+0000] {processor.py:830} INFO - Processing file /home/airflow/.local/lib/python3.8/site-packages/airflow/example_dags/tutorial.py for tasks to queue
[2026-07-21T18:24:36.561+0000] {logging_mixin.py:188} INFO - [2026-07-21T18:24:36.560+0000] {dagbag.py:538} INFO - Filling up the DagBag from /home/airflow/.local/lib/python3.8/site-packages/airflow/example_dags/tutorial.py
[2026-07-21T18:24:36.568+0000] {processor.py:840} INFO - DAG(s) 'tutorial' retrieved from /home/airflow/.local/lib/python3.8/site-packages/airflow/example_dags/tutorial.py
[2026-07-21T18:24:36.595+0000] {logging_mixin.py:188} INFO - [2026-07-21T18:24:36.594+0000] {dag.py:3036} INFO - Sync 1 DAGs
[2026-07-21T18:24:36.620+0000] {logging_mixin.py:188} INFO - [2026-07-21T18:24:36.619+0000] {dag.py:3823} INFO - Setting next_dagrun for tutorial to 2026-07-20 00:00:00+00:00, run_after=2026-07-21 00:00:00+00:00
[2026-07-21T18:24:36.641+0000] {processor.py:183} INFO - Processing /home/airflow/.local/lib/python3.8/site-packages/airflow/example_dags/tutorial.py took 0.089 seconds
[2026-07-21T18:25:06.885+0000] {processor.py:161} INFO - Started process (PID=1868) to work on /home/airflow/.local/lib/python3.8/site-packages/airflow/example_dags/tutorial.py
[2026-07-21T18:25:06.887+0000] {processor.py:830} INFO - Processing file /home/airflow/.local/lib/python3.8/site-packages/airflow/example_dags/tutorial.py for tasks to queue
[2026-07-21T18:25:06.889+0000] {logging_mixin.py:188} INFO - [2026-07-21T18:25:06.889+0000] {dagbag.py:538} INFO - Filling up the DagBag from /home/airflow/.local/lib/python3.8/site-packages/airflow/example_dags/tutorial.py
[2026-07-21T18:25:06.896+0000] {processor.py:840} INFO - DAG(s) 'tutorial' retrieved from /home/airflow/.local/lib/python3.8/site-packages/airflow/example_dags/tutorial.py
[2026-07-21T18:25:06.919+0000] {logging_mixin.py:188} INFO - [2026-07-21T18:25:06.919+0000] {dag.py:3036} INFO - Sync 1 DAGs
[2026-07-21T18:25:06.942+0000] {logging_mixin.py:188} INFO - [2026-07-21T18:25:06.942+0000] {dag.py:3823} INFO - Setting next_dagrun for tutorial to 2026-07-20 00:00:00+00:00, run_after=2026-07-21 00:00:00+00:00
[2026-07-21T18:25:06.963+0000] {processor.py:183} INFO - Processing /home/airflow/.local/lib/python3.8/site-packages/airflow/example_dags/tutorial.py took 0.082 seconds
[2026-07-21T18:25:37.871+0000] {processor.py:161} INFO - Started process (PID=1924) to work on /home/airflow/.local/lib/python3.8/site-packages/airflow/example_dags/tutorial.py
[2026-07-21T18:25:37.873+0000] {processor.py:830} INFO - Processing file /home/airflow/.local/lib/python3.8/site-packages/airflow/example_dags/tutorial.py for tasks to queue
[2026-07-21T18:25:37.875+0000] {logging_mixin.py:188} INFO - [2026-07-21T18:25:37.875+0000] {dagbag.py:538} INFO - Filling up the DagBag from /home/airflow/.local/lib/python3.8/site-packages/airflow/example_dags/tutorial.py
[2026-07-21T18:25:37.882+0000] {processor.py:840} INFO - DAG(s) 'tutorial' retrieved from /home/airflow/.local/lib/python3.8/site-packages/airflow/example_dags/tutorial.py
[2026-07-21T18:25:37.906+0000] {logging_mixin.py:188} INFO - [2026-07-21T18:25:37.906+0000] {dag.py:3036} INFO - Sync 1 DAGs
[2026-07-21T18:25:37.928+0000] {logging_mixin.py:188} INFO - [2026-07-21T18:25:37.928+0000] {dag.py:3823} INFO - Setting next_dagrun for tutorial to 2026-07-20 00:00:00+00:00, run_after=2026-07-21 00:00:00+00:00
[2026-07-21T18:25:37.948+0000] {processor.py:183} INFO - Processing /home/airflow/.local/lib/python3.8/site-packages/airflow/example_dags/tutorial.py took 0.081 seconds
[2026-07-21T18:26:08.598+0000] {processor.py:161} INFO - Started process (PID=1980) to work on /home/airflow/.local/lib/python3.8/site-packages/airflow/example_dags/tutorial.py
[2026-07-21T18:26:08.599+0000] {processor.py:830} INFO - Processing file /home/airflow/.local/lib/python3.8/site-packages/airflow/example_dags/tutorial.py for tasks to queue
[2026-07-21T18:26:08.601+0000] {logging_mixin.py:188} INFO - [2026-07-21T18:26:08.601+0000] {dagbag.py:538} INFO - Filling up the DagBag from /home/airflow/.local/lib/python3.8/site-packages/airflow/example_dags/tutorial.py
[2026-07-21T18:26:08.608+0000] {processor.py:840} INFO - DAG(s) 'tutorial' retrieved from /home/airflow/.local/lib/python3.8/site-packages/airflow/example_dags/tutorial.py
[2026-07-21T18:26:08.633+0000] {logging_mixin.py:188} INFO - [2026-07-21T18:26:08.633+0000] {dag.py:3036} INFO - Sync 1 DAGs
[2026-07-21T18:26:08.656+0000] {logging_mixin.py:188} INFO - [2026-07-21T18:26:08.656+0000] {dag.py:3823} INFO - Setting next_dagrun for tutorial to 2026-07-20 00:00:00+00:00, run_after=2026-07-21 00:00:00+00:00
[2026-07-21T18:26:08.678+0000] {processor.py:183} INFO - Processing /home/airflow/.local/lib/python3.8/site-packages/airflow/example_dags/tutorial.py took 0.084 seconds
[2026-07-21T18:26:40.079+0000] {processor.py:161} INFO - Started process (PID=2036) to work on /home/airflow/.local/lib/python3.8/site-packages/airflow/example_dags/tutorial.py
[2026-07-21T18:26:40.080+0000] {processor.py:830} INFO - Processing file /home/airflow/.local/lib/python3.8/site-packages/airflow/example_dags/tutorial.py for tasks to queue
[2026-07-21T18:26:40.082+0000] {logging_mixin.py:188} INFO - [2026-07-21T18:26:40.082+0000] {dagbag.py:538} INFO - Filling up the DagBag from /home/airflow/.local/lib/python3.8/site-packages/airflow/example_dags/tutorial.py
[2026-07-21T18:26:40.088+0000] {processor.py:840} INFO - DAG(s) 'tutorial' retrieved from /home/airflow/.local/lib/python3.8/site-packages/airflow/example_dags/tutorial.py
[2026-07-21T18:26:40.109+0000] {logging_mixin.py:188} INFO - [2026-07-21T18:26:40.109+0000] {dag.py:3036} INFO - Sync 1 DAGs
[2026-07-21T18:26:40.129+0000] {logging_mixin.py:188} INFO - [2026-07-21T18:26:40.129+0000] {dag.py:3823} INFO - Setting next_dagrun for tutorial to 2026-07-20 00:00:00+00:00, run_after=2026-07-21 00:00:00+00:00
[2026-07-21T18:26:40.148+0000] {processor.py:183} INFO - Processing /home/airflow/.local/lib/python3.8/site-packages/airflow/example_dags/tutorial.py took 0.072 seconds
[2026-07-21T18:27:10.657+0000] {processor.py:161} INFO - Started process (PID=2092) to work on /home/airflow/.local/lib/python3.8/site-packages/airflow/example_dags/tutorial.py
[2026-07-21T18:27:10.658+0000] {processor.py:830} INFO - Processing file /home/airflow/.local/lib/python3.8/site-packages/airflow/example_dags/tutorial.py for tasks to queue
[2026-07-21T18:27:10.660+0000] {logging_mixin.py:188} INFO - [2026-07-21T18:27:10.660+0000] {dagbag.py:538} INFO - Filling up the DagBag from /home/airflow/.local/lib/python3.8/site-packages/airflow/example_dags/tutorial.py
[2026-07-21T18:27:10.666+0000] {processor.py:840} INFO - DAG(s) 'tutorial' retrieved from /home/airflow/.local/lib/python3.8/site-packages/airflow/example_dags/tutorial.py
[2026-07-21T18:27:10.689+0000] {logging_mixin.py:188} INFO - [2026-07-21T18:27:10.688+0000] {dag.py:3036} INFO - Sync 1 DAGs
[2026-07-21T18:27:10.711+0000] {logging_mixin.py:188} INFO - [2026-07-21T18:27:10.711+0000] {dag.py:3823} INFO - Setting next_dagrun for tutorial to 2026-07-20 00:00:00+00:00, run_after=2026-07-21 00:00:00+00:00
[2026-07-21T18:27:10.731+0000] {processor.py:183} INFO - Processing /home/airflow/.local/lib/python3.8/site-packages/airflow/example_dags/tutorial.py took 0.078 seconds
[2026-07-21T18:27:41.306+0000] {processor.py:161} INFO - Started process (PID=2148) to work on /home/airflow/.local/lib/python3.8/site-packages/airflow/example_dags/tutorial.py
[2026-07-21T18:27:41.307+0000] {processor.py:830} INFO - Processing file /home/airflow/.local/lib/python3.8/site-packages/airflow/example_dags/tutorial.py for tasks to queue
[2026-07-21T18:27:41.309+0000] {logging_mixin.py:188} INFO - [2026-07-21T18:27:41.309+0000] {dagbag.py:538} INFO - Filling up the DagBag from /home/airflow/.local/lib/python3.8/site-packages/airflow/example_dags/tutorial.py
[2026-07-21T18:27:41.315+0000] {processor.py:840} INFO - DAG(s) 'tutorial' retrieved from /home/airflow/.local/lib/python3.8/site-packages/airflow/example_dags/tutorial.py
[2026-07-21T18:27:41.343+0000] {logging_mixin.py:188} INFO - [2026-07-21T18:27:41.343+0000] {dag.py:3036} INFO - Sync 1 DAGs
[2026-07-21T18:27:41.373+0000] {logging_mixin.py:188} INFO - [2026-07-21T18:27:41.373+0000] {dag.py:3823} INFO - Setting next_dagrun for tutorial to 2026-07-20 00:00:00+00:00, run_after=2026-07-21 00:00:00+00:00
[2026-07-21T18:27:41.400+0000] {processor.py:183} INFO - Processing /home/airflow/.local/lib/python3.8/site-packages/airflow/example_dags/tutorial.py took 0.097 seconds
[2026-07-21T18:28:11.748+0000] {processor.py:161} INFO - Started process (PID=2204) to work on /home/airflow/.local/lib/python3.8/site-packages/airflow/example_dags/tutorial.py
[2026-07-21T18:28:11.749+0000] {processor.py:830} INFO - Processing file /home/airflow/.local/lib/python3.8/site-packages/airflow/example_dags/tutorial.py for tasks to queue
[2026-07-21T18:28:11.751+0000] {logging_mixin.py:188} INFO - [2026-07-21T18:28:11.751+0000] {dagbag.py:538} INFO - Filling up the DagBag from /home/airflow/.local/lib/python3.8/site-packages/airflow/example_dags/tutorial.py
[2026-07-21T18:28:11.757+0000] {processor.py:840} INFO - DAG(s) 'tutorial' retrieved from /home/airflow/.local/lib/python3.8/site-packages/airflow/example_dags/tutorial.py
[2026-07-21T18:28:11.778+0000] {logging_mixin.py:188} INFO - [2026-07-21T18:28:11.778+0000] {dag.py:3036} INFO - Sync 1 DAGs
[2026-07-21T18:28:11.802+0000] {logging_mixin.py:188} INFO - [2026-07-21T18:28:11.802+0000] {dag.py:3823} INFO - Setting next_dagrun for tutorial to 2026-07-20 00:00:00+00:00, run_after=2026-07-21 00:00:00+00:00
[2026-07-21T18:28:11.824+0000] {processor.py:183} INFO - Processing /home/airflow/.local/lib/python3.8/site-packages/airflow/example_dags/tutorial.py took 0.079 seconds
[2026-07-21T18:28:42.138+0000] {processor.py:161} INFO - Started process (PID=2260) to work on /home/airflow/.local/lib/python3.8/site-packages/airflow/example_dags/tutorial.py
[2026-07-21T18:28:42.139+0000] {processor.py:830} INFO - Processing file /home/airflow/.local/lib/python3.8/site-packages/airflow/example_dags/tutorial.py for tasks to queue
[2026-07-21T18:28:42.141+0000] {logging_mixin.py:188} INFO - [2026-07-21T18:28:42.141+0000] {dagbag.py:538} INFO - Filling up the DagBag from /home/airflow/.local/lib/python3.8/site-packages/airflow/example_dags/tutorial.py
[2026-07-21T18:28:42.147+0000] {processor.py:840} INFO - DAG(s) 'tutorial' retrieved from /home/airflow/.local/lib/python3.8/site-packages/airflow/example_dags/tutorial.py
[2026-07-21T18:28:42.176+0000] {logging_mixin.py:188} INFO - [2026-07-21T18:28:42.176+0000] {dag.py:3036} INFO - Sync 1 DAGs
[2026-07-21T18:28:42.204+0000] {logging_mixin.py:188} INFO - [2026-07-21T18:28:42.204+0000] {dag.py:3823} INFO - Setting next_dagrun for tutorial to 2026-07-20 00:00:00+00:00, run_after=2026-07-21 00:00:00+00:00
[2026-07-21T18:28:42.221+0000] {processor.py:183} INFO - Processing /home/airflow/.local/lib/python3.8/site-packages/airflow/example_dags/tutorial.py took 0.087 seconds
[2026-07-21T18:29:12.521+0000] {processor.py:161} INFO - Started process (PID=2316) to work on /home/airflow/.local/lib/python3.8/site-packages/airflow/example_dags/tutorial.py
[2026-07-21T18:29:12.523+0000] {processor.py:830} INFO - Processing file /home/airflow/.local/lib/python3.8/site-packages/airflow/example_dags/tutorial.py for tasks to queue
[2026-07-21T18:29:12.524+0000] {logging_mixin.py:188} INFO - [2026-07-21T18:29:12.524+0000] {dagbag.py:538} INFO - Filling up the DagBag from /home/airflow/.local/lib/python3.8/site-packages/airflow/example_dags/tutorial.py
[2026-07-21T18:29:12.531+0000] {processor.py:840} INFO - DAG(s) 'tutorial' retrieved from /home/airflow/.local/lib/python3.8/site-packages/airflow/example_dags/tutorial.py
[2026-07-21T18:29:12.552+0000] {logging_mixin.py:188} INFO - [2026-07-21T18:29:12.552+0000] {dag.py:3036} INFO - Sync 1 DAGs
[2026-07-21T18:29:12.573+0000] {logging_mixin.py:188} INFO - [2026-07-21T18:29:12.573+0000] {dag.py:3823} INFO - Setting next_dagrun for tutorial to 2026-07-20 00:00:00+00:00, run_after=2026-07-21 00:00:00+00:00
[2026-07-21T18:29:12.593+0000] {processor.py:183} INFO - Processing /home/airflow/.local/lib/python3.8/site-packages/airflow/example_dags/tutorial.py took 0.075 seconds
[2026-07-21T18:29:43.099+0000] {processor.py:161} INFO - Started process (PID=2372) to work on /home/airflow/.local/lib/python3.8/site-packages/airflow/example_dags/tutorial.py
[2026-07-21T18:29:43.100+0000] {processor.py:830} INFO - Processing file /home/airflow/.local/lib/python3.8/site-packages/airflow/example_dags/tutorial.py for tasks to queue
[2026-07-21T18:29:43.102+0000] {logging_mixin.py:188} INFO - [2026-07-21T18:29:43.102+0000] {dagbag.py:538} INFO - Filling up the DagBag from /home/airflow/.local/lib/python3.8/site-packages/airflow/example_dags/tutorial.py
[2026-07-21T18:29:43.110+0000] {processor.py:840} INFO - DAG(s) 'tutorial' retrieved from /home/airflow/.local/lib/python3.8/site-packages/airflow/example_dags/tutorial.py
[2026-07-21T18:29:43.134+0000] {logging_mixin.py:188} INFO - [2026-07-21T18:29:43.134+0000] {dag.py:3036} INFO - Sync 1 DAGs
[2026-07-21T18:29:43.161+0000] {logging_mixin.py:188} INFO - [2026-07-21T18:29:43.160+0000] {dag.py:3823} INFO - Setting next_dagrun for tutorial to 2026-07-20 00:00:00+00:00, run_after=2026-07-21 00:00:00+00:00
[2026-07-21T18:29:43.182+0000] {processor.py:183} INFO - Processing /home/airflow/.local/lib/python3.8/site-packages/airflow/example_dags/tutorial.py took 0.088 seconds
[2026-07-21T18:30:13.479+0000] {processor.py:161} INFO - Started process (PID=2428) to work on /home/airflow/.local/lib/python3.8/site-packages/airflow/example_dags/tutorial.py
[2026-07-21T18:30:13.481+0000] {processor.py:830} INFO - Processing file /home/airflow/.local/lib/python3.8/site-packages/airflow/example_dags/tutorial.py for tasks to queue
[2026-07-21T18:30:13.483+0000] {logging_mixin.py:188} INFO - [2026-07-21T18:30:13.482+0000] {dagbag.py:538} INFO - Filling up the DagBag from /home/airflow/.local/lib/python3.8/site-packages/airflow/example_dags/tutorial.py
[2026-07-21T18:30:13.489+0000] {processor.py:840} INFO - DAG(s) 'tutorial' retrieved from /home/airflow/.local/lib/python3.8/site-packages/airflow/example_dags/tutorial.py
[2026-07-21T18:30:13.510+0000] {logging_mixin.py:188} INFO - [2026-07-21T18:30:13.510+0000] {dag.py:3036} INFO - Sync 1 DAGs
[2026-07-21T18:30:13.532+0000] {logging_mixin.py:188} INFO - [2026-07-21T18:30:13.532+0000] {dag.py:3823} INFO - Setting next_dagrun for tutorial to 2026-07-20 00:00:00+00:00, run_after=2026-07-21 00:00:00+00:00
[2026-07-21T18:30:13.552+0000] {processor.py:183} INFO - Processing /home/airflow/.local/lib/python3.8/site-packages/airflow/example_dags/tutorial.py took 0.077 seconds
[2026-07-21T18:30:43.862+0000] {processor.py:161} INFO - Started process (PID=2484) to work on /home/airflow/.local/lib/python3.8/site-packages/airflow/example_dags/tutorial.py
[2026-07-21T18:30:43.863+0000] {processor.py:830} INFO - Processing file /home/airflow/.local/lib/python3.8/site-packages/airflow/example_dags/tutorial.py for tasks to queue
[2026-07-21T18:30:43.865+0000] {logging_mixin.py:188} INFO - [2026-07-21T18:30:43.865+0000] {dagbag.py:538} INFO - Filling up the DagBag from /home/airflow/.local/lib/python3.8/site-packages/airflow/example_dags/tutorial.py
[2026-07-21T18:30:43.871+0000] {processor.py:840} INFO - DAG(s) 'tutorial' retrieved from /home/airflow/.local/lib/python3.8/site-packages/airflow/example_dags/tutorial.py
[2026-07-21T18:30:43.893+0000] {logging_mixin.py:188} INFO - [2026-07-21T18:30:43.893+0000] {dag.py:3036} INFO - Sync 1 DAGs
[2026-07-21T18:30:43.914+0000] {logging_mixin.py:188} INFO - [2026-07-21T18:30:43.914+0000] {dag.py:3823} INFO - Setting next_dagrun for tutorial to 2026-07-20 00:00:00+00:00, run_after=2026-07-21 00:00:00+00:00
[2026-07-21T18:30:43.933+0000] {processor.py:183} INFO - Processing /home/airflow/.local/lib/python3.8/site-packages/airflow/example_dags/tutorial.py took 0.075 seconds
[2026-07-21T18:31:14.290+0000] {processor.py:161} INFO - Started process (PID=2540) to work on /home/airflow/.local/lib/python3.8/site-packages/airflow/example_dags/tutorial.py
[2026-07-21T18:31:14.291+0000] {processor.py:830} INFO - Processing file /home/airflow/.local/lib/python3.8/site-packages/airflow/example_dags/tutorial.py for tasks to queue
[2026-07-21T18:31:14.294+0000] {logging_mixin.py:188} INFO - [2026-07-21T18:31:14.293+0000] {dagbag.py:538} INFO - Filling up the DagBag from /home/airflow/.local/lib/python3.8/site-packages/airflow/example_dags/tutorial.py
[2026-07-21T18:31:14.300+0000] {processor.py:840} INFO - DAG(s) 'tutorial' retrieved from /home/airflow/.local/lib/python3.8/site-packages/airflow/example_dags/tutorial.py
[2026-07-21T18:31:14.323+0000] {logging_mixin.py:188} INFO - [2026-07-21T18:31:14.322+0000] {dag.py:3036} INFO - Sync 1 DAGs
[2026-07-21T18:31:14.343+0000] {logging_mixin.py:188} INFO - [2026-07-21T18:31:14.343+0000] {dag.py:3823} INFO - Setting next_dagrun for tutorial to 2026-07-20 00:00:00+00:00, run_after=2026-07-21 00:00:00+00:00
[2026-07-21T18:31:14.369+0000] {processor.py:183} INFO - Processing /home/airflow/.local/lib/python3.8/site-packages/airflow/example_dags/tutorial.py took 0.083 seconds
[2026-07-21T18:34:15.281+0000] {processor.py:161} INFO - Started process (PID=93) to work on /home/airflow/.local/lib/python3.10/site-packages/airflow/example_dags/tutorial.py
[2026-07-21T18:34:15.287+0000] {processor.py:830} INFO - Processing file /home/airflow/.local/lib/python3.10/site-packages/airflow/example_dags/tutorial.py for tasks to queue
[2026-07-21T18:34:15.300+0000] {logging_mixin.py:188} INFO - [2026-07-21T18:34:15.298+0000] {dagbag.py:538} INFO - Filling up the DagBag from /home/airflow/.local/lib/python3.10/site-packages/airflow/example_dags/tutorial.py
[2026-07-21T18:34:15.334+0000] {processor.py:840} INFO - DAG(s) 'tutorial' retrieved from /home/airflow/.local/lib/python3.10/site-packages/airflow/example_dags/tutorial.py
[2026-07-21T18:34:15.351+0000] {logging_mixin.py:188} INFO - [2026-07-21T18:34:15.351+0000] {dag.py:3036} INFO - Sync 1 DAGs
[2026-07-21T18:34:15.382+0000] {logging_mixin.py:188} INFO - [2026-07-21T18:34:15.382+0000] {dag.py:3823} INFO - Setting next_dagrun for tutorial to 2026-07-20 00:00:00+00:00, run_after=2026-07-21 00:00:00+00:00
[2026-07-21T18:34:15.412+0000] {processor.py:183} INFO - Processing /home/airflow/.local/lib/python3.10/site-packages/airflow/example_dags/tutorial.py took 0.164 seconds
[2026-07-21T18:34:45.594+0000] {processor.py:161} INFO - Started process (PID=149) to work on /home/airflow/.local/lib/python3.10/site-packages/airflow/example_dags/tutorial.py
[2026-07-21T18:34:45.596+0000] {processor.py:830} INFO - Processing file /home/airflow/.local/lib/python3.10/site-packages/airflow/example_dags/tutorial.py for tasks to queue
[2026-07-21T18:34:45.598+0000] {logging_mixin.py:188} INFO - [2026-07-21T18:34:45.598+0000] {dagbag.py:538} INFO - Filling up the DagBag from /home/airflow/.local/lib/python3.10/site-packages/airflow/example_dags/tutorial.py
[2026-07-21T18:34:45.607+0000] {processor.py:840} INFO - DAG(s) 'tutorial' retrieved from /home/airflow/.local/lib/python3.10/site-packages/airflow/example_dags/tutorial.py
[2026-07-21T18:34:45.728+0000] {logging_mixin.py:188} INFO - [2026-07-21T18:34:45.728+0000] {dag.py:3036} INFO - Sync 1 DAGs
[2026-07-21T18:34:45.748+0000] {logging_mixin.py:188} INFO - [2026-07-21T18:34:45.747+0000] {dag.py:3823} INFO - Setting next_dagrun for tutorial to 2026-07-20 00:00:00+00:00, run_after=2026-07-21 00:00:00+00:00
[2026-07-21T18:34:45.768+0000] {processor.py:183} INFO - Processing /home/airflow/.local/lib/python3.10/site-packages/airflow/example_dags/tutorial.py took 0.178 seconds
[2026-07-21T18:35:16.603+0000] {processor.py:161} INFO - Started process (PID=205) to work on /home/airflow/.local/lib/python3.10/site-packages/airflow/example_dags/tutorial.py
[2026-07-21T18:35:16.604+0000] {processor.py:830} INFO - Processing file /home/airflow/.local/lib/python3.10/site-packages/airflow/example_dags/tutorial.py for tasks to queue
[2026-07-21T18:35:16.607+0000] {logging_mixin.py:188} INFO - [2026-07-21T18:35:16.606+0000] {dagbag.py:538} INFO - Filling up the DagBag from /home/airflow/.local/lib/python3.10/site-packages/airflow/example_dags/tutorial.py
[2026-07-21T18:35:16.614+0000] {processor.py:840} INFO - DAG(s) 'tutorial' retrieved from /home/airflow/.local/lib/python3.10/site-packages/airflow/example_dags/tutorial.py
[2026-07-21T18:35:16.637+0000] {logging_mixin.py:188} INFO - [2026-07-21T18:35:16.637+0000] {dag.py:3036} INFO - Sync 1 DAGs
[2026-07-21T18:35:16.659+0000] {logging_mixin.py:188} INFO - [2026-07-21T18:35:16.659+0000] {dag.py:3823} INFO - Setting next_dagrun for tutorial to 2026-07-20 00:00:00+00:00, run_after=2026-07-21 00:00:00+00:00
[2026-07-21T18:35:16.679+0000] {processor.py:183} INFO - Processing /home/airflow/.local/lib/python3.10/site-packages/airflow/example_dags/tutorial.py took 0.081 seconds
[2026-07-21T18:35:47.024+0000] {processor.py:161} INFO - Started process (PID=261) to work on /home/airflow/.local/lib/python3.10/site-packages/airflow/example_dags/tutorial.py
[2026-07-21T18:35:47.026+0000] {processor.py:830} INFO - Processing file /home/airflow/.local/lib/python3.10/site-packages/airflow/example_dags/tutorial.py for tasks to queue
[2026-07-21T18:35:47.028+0000] {logging_mixin.py:188} INFO - [2026-07-21T18:35:47.028+0000] {dagbag.py:538} INFO - Filling up the DagBag from /home/airflow/.local/lib/python3.10/site-packages/airflow/example_dags/tutorial.py
[2026-07-21T18:35:47.037+0000] {processor.py:840} INFO - DAG(s) 'tutorial' retrieved from /home/airflow/.local/lib/python3.10/site-packages/airflow/example_dags/tutorial.py
[2026-07-21T18:35:47.063+0000] {logging_mixin.py:188} INFO - [2026-07-21T18:35:47.063+0000] {dag.py:3036} INFO - Sync 1 DAGs
[2026-07-21T18:35:47.090+0000] {logging_mixin.py:188} INFO - [2026-07-21T18:35:47.089+0000] {dag.py:3823} INFO - Setting next_dagrun for tutorial to 2026-07-20 00:00:00+00:00, run_after=2026-07-21 00:00:00+00:00
[2026-07-21T18:35:47.119+0000] {processor.py:183} INFO - Processing /home/airflow/.local/lib/python3.10/site-packages/airflow/example_dags/tutorial.py took 0.100 seconds
[2026-07-21T18:36:17.307+0000] {processor.py:161} INFO - Started process (PID=317) to work on /home/airflow/.local/lib/python3.10/site-packages/airflow/example_dags/tutorial.py
[2026-07-21T18:36:17.309+0000] {processor.py:830} INFO - Processing file /home/airflow/.local/lib/python3.10/site-packages/airflow/example_dags/tutorial.py for tasks to queue
[2026-07-21T18:36:17.313+0000] {logging_mixin.py:188} INFO - [2026-07-21T18:36:17.313+0000] {dagbag.py:538} INFO - Filling up the DagBag from /home/airflow/.local/lib/python3.10/site-packages/airflow/example_dags/tutorial.py
[2026-07-21T18:36:17.322+0000] {processor.py:840} INFO - DAG(s) 'tutorial' retrieved from /home/airflow/.local/lib/python3.10/site-packages/airflow/example_dags/tutorial.py
[2026-07-21T18:36:17.348+0000] {logging_mixin.py:188} INFO - [2026-07-21T18:36:17.347+0000] {dag.py:3036} INFO - Sync 1 DAGs
[2026-07-21T18:36:17.369+0000] {logging_mixin.py:188} INFO - [2026-07-21T18:36:17.369+0000] {dag.py:3823} INFO - Setting next_dagrun for tutorial to 2026-07-20 00:00:00+00:00, run_after=2026-07-21 00:00:00+00:00
[2026-07-21T18:36:17.390+0000] {processor.py:183} INFO - Processing /home/airflow/.local/lib/python3.10/site-packages/airflow/example_dags/tutorial.py took 0.092 seconds
[2026-07-21T18:36:47.661+0000] {processor.py:161} INFO - Started process (PID=373) to work on /home/airflow/.local/lib/python3.10/site-packages/airflow/example_dags/tutorial.py
[2026-07-21T18:36:47.662+0000] {processor.py:830} INFO - Processing file /home/airflow/.local/lib/python3.10/site-packages/airflow/example_dags/tutorial.py for tasks to queue
[2026-07-21T18:36:47.664+0000] {logging_mixin.py:188} INFO - [2026-07-21T18:36:47.664+0000] {dagbag.py:538} INFO - Filling up the DagBag from /home/airflow/.local/lib/python3.10/site-packages/airflow/example_dags/tutorial.py
[2026-07-21T18:36:47.670+0000] {processor.py:840} INFO - DAG(s) 'tutorial' retrieved from /home/airflow/.local/lib/python3.10/site-packages/airflow/example_dags/tutorial.py
[2026-07-21T18:36:47.691+0000] {logging_mixin.py:188} INFO - [2026-07-21T18:36:47.691+0000] {dag.py:3036} INFO - Sync 1 DAGs
[2026-07-21T18:36:47.710+0000] {logging_mixin.py:188} INFO - [2026-07-21T18:36:47.710+0000] {dag.py:3823} INFO - Setting next_dagrun for tutorial to 2026-07-20 00:00:00+00:00, run_after=2026-07-21 00:00:00+00:00
[2026-07-21T18:36:47.727+0000] {processor.py:183} INFO - Processing /home/airflow/.local/lib/python3.10/site-packages/airflow/example_dags/tutorial.py took 0.070 seconds
[2026-07-21T18:37:18.013+0000] {processor.py:161} INFO - Started process (PID=429) to work on /home/airflow/.local/lib/python3.10/site-packages/airflow/example_dags/tutorial.py
[2026-07-21T18:37:18.014+0000] {processor.py:830} INFO - Processing file /home/airflow/.local/lib/python3.10/site-packages/airflow/example_dags/tutorial.py for tasks to queue
[2026-07-21T18:37:18.017+0000] {logging_mixin.py:188} INFO - [2026-07-21T18:37:18.016+0000] {dagbag.py:538} INFO - Filling up the DagBag from /home/airflow/.local/lib/python3.10/site-packages/airflow/example_dags/tutorial.py
[2026-07-21T18:37:18.023+0000] {processor.py:840} INFO - DAG(s) 'tutorial' retrieved from /home/airflow/.local/lib/python3.10/site-packages/airflow/example_dags/tutorial.py
[2026-07-21T18:37:18.045+0000] {logging_mixin.py:188} INFO - [2026-07-21T18:37:18.045+0000] {dag.py:3036} INFO - Sync 1 DAGs
[2026-07-21T18:37:18.065+0000] {logging_mixin.py:188} INFO - [2026-07-21T18:37:18.064+0000] {dag.py:3823} INFO - Setting next_dagrun for tutorial to 2026-07-20 00:00:00+00:00, run_after=2026-07-21 00:00:00+00:00
[2026-07-21T18:37:18.083+0000] {processor.py:183} INFO - Processing /home/airflow/.local/lib/python3.10/site-packages/airflow/example_dags/tutorial.py took 0.074 seconds
[2026-07-21T18:37:48.216+0000] {processor.py:161} INFO - Started process (PID=485) to work on /home/airflow/.local/lib/python3.10/site-packages/airflow/example_dags/tutorial.py
[2026-07-21T18:37:48.217+0000] {processor.py:830} INFO - Processing file /home/airflow/.local/lib/python3.10/site-packages/airflow/example_dags/tutorial.py for tasks to queue
[2026-07-21T18:37:48.219+0000] {logging_mixin.py:188} INFO - [2026-07-21T18:37:48.219+0000] {dagbag.py:538} INFO - Filling up the DagBag from /home/airflow/.local/lib/python3.10/site-packages/airflow/example_dags/tutorial.py
[2026-07-21T18:37:48.225+0000] {processor.py:840} INFO - DAG(s) 'tutorial' retrieved from /home/airflow/.local/lib/python3.10/site-packages/airflow/example_dags/tutorial.py
[2026-07-21T18:37:48.246+0000] {logging_mixin.py:188} INFO - [2026-07-21T18:37:48.246+0000] {dag.py:3036} INFO - Sync 1 DAGs
[2026-07-21T18:37:48.266+0000] {logging_mixin.py:188} INFO - [2026-07-21T18:37:48.266+0000] {dag.py:3823} INFO - Setting next_dagrun for tutorial to 2026-07-20 00:00:00+00:00, run_after=2026-07-21 00:00:00+00:00
[2026-07-21T18:37:48.284+0000] {processor.py:183} INFO - Processing /home/airflow/.local/lib/python3.10/site-packages/airflow/example_dags/tutorial.py took 0.071 seconds
[2026-07-21T18:38:18.869+0000] {processor.py:161} INFO - Started process (PID=541) to work on /home/airflow/.local/lib/python3.10/site-packages/airflow/example_dags/tutorial.py
[2026-07-21T18:38:18.871+0000] {processor.py:830} INFO - Processing file /home/airflow/.local/lib/python3.10/site-packages/airflow/example_dags/tutorial.py for tasks to queue
[2026-07-21T18:38:18.873+0000] {logging_mixin.py:188} INFO - [2026-07-21T18:38:18.873+0000] {dagbag.py:538} INFO - Filling up the DagBag from /home/airflow/.local/lib/python3.10/site-packages/airflow/example_dags/tutorial.py
[2026-07-21T18:38:18.879+0000] {processor.py:840} INFO - DAG(s) 'tutorial' retrieved from /home/airflow/.local/lib/python3.10/site-packages/airflow/example_dags/tutorial.py
[2026-07-21T18:38:18.900+0000] {logging_mixin.py:188} INFO - [2026-07-21T18:38:18.900+0000] {dag.py:3036} INFO - Sync 1 DAGs
[2026-07-21T18:38:18.919+0000] {logging_mixin.py:188} INFO - [2026-07-21T18:38:18.919+0000] {dag.py:3823} INFO - Setting next_dagrun for tutorial to 2026-07-20 00:00:00+00:00, run_after=2026-07-21 00:00:00+00:00
[2026-07-21T18:38:18.937+0000] {processor.py:183} INFO - Processing /home/airflow/.local/lib/python3.10/site-packages/airflow/example_dags/tutorial.py took 0.072 seconds
[2026-07-21T18:38:49.226+0000] {processor.py:161} INFO - Started process (PID=597) to work on /home/airflow/.local/lib/python3.10/site-packages/airflow/example_dags/tutorial.py
[2026-07-21T18:38:49.227+0000] {processor.py:830} INFO - Processing file /home/airflow/.local/lib/python3.10/site-packages/airflow/example_dags/tutorial.py for tasks to queue
[2026-07-21T18:38:49.229+0000] {logging_mixin.py:188} INFO - [2026-07-21T18:38:49.229+0000] {dagbag.py:538} INFO - Filling up the DagBag from /home/airflow/.local/lib/python3.10/site-packages/airflow/example_dags/tutorial.py
[2026-07-21T18:38:49.235+0000] {processor.py:840} INFO - DAG(s) 'tutorial' retrieved from /home/airflow/.local/lib/python3.10/site-packages/airflow/example_dags/tutorial.py
[2026-07-21T18:38:49.257+0000] {logging_mixin.py:188} INFO - [2026-07-21T18:38:49.257+0000] {dag.py:3036} INFO - Sync 1 DAGs
[2026-07-21T18:38:49.276+0000] {logging_mixin.py:188} INFO - [2026-07-21T18:38:49.276+0000] {dag.py:3823} INFO - Setting next_dagrun for tutorial to 2026-07-20 00:00:00+00:00, run_after=2026-07-21 00:00:00+00:00
[2026-07-21T18:38:49.294+0000] {processor.py:183} INFO - Processing /home/airflow/.local/lib/python3.10/site-packages/airflow/example_dags/tutorial.py took 0.071 seconds
[2026-07-21T18:39:19.451+0000] {processor.py:161} INFO - Started process (PID=653) to work on /home/airflow/.local/lib/python3.10/site-packages/airflow/example_dags/tutorial.py
[2026-07-21T18:39:19.453+0000] {processor.py:830} INFO - Processing file /home/airflow/.local/lib/python3.10/site-packages/airflow/example_dags/tutorial.py for tasks to queue
[2026-07-21T18:39:19.455+0000] {logging_mixin.py:188} INFO - [2026-07-21T18:39:19.455+0000] {dagbag.py:538} INFO - Filling up the DagBag from /home/airflow/.local/lib/python3.10/site-packages/airflow/example_dags/tutorial.py
[2026-07-21T18:39:19.462+0000] {processor.py:840} INFO - DAG(s) 'tutorial' retrieved from /home/airflow/.local/lib/python3.10/site-packages/airflow/example_dags/tutorial.py
[2026-07-21T18:39:19.485+0000] {logging_mixin.py:188} INFO - [2026-07-21T18:39:19.485+0000] {dag.py:3036} INFO - Sync 1 DAGs
[2026-07-21T18:39:19.507+0000] {logging_mixin.py:188} INFO - [2026-07-21T18:39:19.507+0000] {dag.py:3823} INFO - Setting next_dagrun for tutorial to 2026-07-20 00:00:00+00:00, run_after=2026-07-21 00:00:00+00:00
[2026-07-21T18:39:19.530+0000] {processor.py:183} INFO - Processing /home/airflow/.local/lib/python3.10/site-packages/airflow/example_dags/tutorial.py took 0.083 seconds
[2026-07-21T18:39:49.598+0000] {processor.py:161} INFO - Started process (PID=709) to work on /home/airflow/.local/lib/python3.10/site-packages/airflow/example_dags/tutorial.py
[2026-07-21T18:39:49.600+0000] {processor.py:830} INFO - Processing file /home/airflow/.local/lib/python3.10/site-packages/airflow/example_dags/tutorial.py for tasks to queue
[2026-07-21T18:39:49.602+0000] {logging_mixin.py:188} INFO - [2026-07-21T18:39:49.602+0000] {dagbag.py:538} INFO - Filling up the DagBag from /home/airflow/.local/lib/python3.10/site-packages/airflow/example_dags/tutorial.py
[2026-07-21T18:39:49.609+0000] {processor.py:840} INFO - DAG(s) 'tutorial' retrieved from /home/airflow/.local/lib/python3.10/site-packages/airflow/example_dags/tutorial.py
[2026-07-21T18:39:49.630+0000] {logging_mixin.py:188} INFO - [2026-07-21T18:39:49.630+0000] {dag.py:3036} INFO - Sync 1 DAGs
[2026-07-21T18:39:49.649+0000] {logging_mixin.py:188} INFO - [2026-07-21T18:39:49.649+0000] {dag.py:3823} INFO - Setting next_dagrun for tutorial to 2026-07-20 00:00:00+00:00, run_after=2026-07-21 00:00:00+00:00
[2026-07-21T18:39:49.668+0000] {processor.py:183} INFO - Processing /home/airflow/.local/lib/python3.10/site-packages/airflow/example_dags/tutorial.py took 0.074 seconds
[2026-07-21T18:40:20.046+0000] {processor.py:161} INFO - Started process (PID=765) to work on /home/airflow/.local/lib/python3.10/site-packages/airflow/example_dags/tutorial.py
[2026-07-21T18:40:20.047+0000] {processor.py:830} INFO - Processing file /home/airflow/.local/lib/python3.10/site-packages/airflow/example_dags/tutorial.py for tasks to queue
[2026-07-21T18:40:20.049+0000] {logging_mixin.py:188} INFO - [2026-07-21T18:40:20.049+0000] {dagbag.py:538} INFO - Filling up the DagBag from /home/airflow/.local/lib/python3.10/site-packages/airflow/example_dags/tutorial.py
[2026-07-21T18:40:20.056+0000] {processor.py:840} INFO - DAG(s) 'tutorial' retrieved from /home/airflow/.local/lib/python3.10/site-packages/airflow/example_dags/tutorial.py
[2026-07-21T18:40:20.077+0000] {logging_mixin.py:188} INFO - [2026-07-21T18:40:20.077+0000] {dag.py:3036} INFO - Sync 1 DAGs
[2026-07-21T18:40:20.099+0000] {logging_mixin.py:188} INFO - [2026-07-21T18:40:20.099+0000] {dag.py:3823} INFO - Setting next_dagrun for tutorial to 2026-07-20 00:00:00+00:00, run_after=2026-07-21 00:00:00+00:00
[2026-07-21T18:40:20.119+0000] {processor.py:183} INFO - Processing /home/airflow/.local/lib/python3.10/site-packages/airflow/example_dags/tutorial.py took 0.076 seconds
[2026-07-21T18:40:50.655+0000] {processor.py:161} INFO - Started process (PID=821) to work on /home/airflow/.local/lib/python3.10/site-packages/airflow/example_dags/tutorial.py
[2026-07-21T18:40:50.656+0000] {processor.py:830} INFO - Processing file /home/airflow/.local/lib/python3.10/site-packages/airflow/example_dags/tutorial.py for tasks to queue
[2026-07-21T18:40:50.658+0000] {logging_mixin.py:188} INFO - [2026-07-21T18:40:50.658+0000] {dagbag.py:538} INFO - Filling up the DagBag from /home/airflow/.local/lib/python3.10/site-packages/airflow/example_dags/tutorial.py
[2026-07-21T18:40:50.664+0000] {processor.py:840} INFO - DAG(s) 'tutorial' retrieved from /home/airflow/.local/lib/python3.10/site-packages/airflow/example_dags/tutorial.py
[2026-07-21T18:40:50.686+0000] {logging_mixin.py:188} INFO - [2026-07-21T18:40:50.686+0000] {dag.py:3036} INFO - Sync 1 DAGs
[2026-07-21T18:40:50.705+0000] {logging_mixin.py:188} INFO - [2026-07-21T18:40:50.705+0000] {dag.py:3823} INFO - Setting next_dagrun for tutorial to 2026-07-20 00:00:00+00:00, run_after=2026-07-21 00:00:00+00:00
[2026-07-21T18:40:50.723+0000] {processor.py:183} INFO - Processing /home/airflow/.local/lib/python3.10/site-packages/airflow/example_dags/tutorial.py took 0.071 seconds
[2026-07-21T18:41:20.825+0000] {processor.py:161} INFO - Started process (PID=877) to work on /home/airflow/.local/lib/python3.10/site-packages/airflow/example_dags/tutorial.py
[2026-07-21T18:41:20.827+0000] {processor.py:830} INFO - Processing file /home/airflow/.local/lib/python3.10/site-packages/airflow/example_dags/tutorial.py for tasks to queue
[2026-07-21T18:41:20.829+0000] {logging_mixin.py:188} INFO - [2026-07-21T18:41:20.829+0000] {dagbag.py:538} INFO - Filling up the DagBag from /home/airflow/.local/lib/python3.10/site-packages/airflow/example_dags/tutorial.py
[2026-07-21T18:41:20.835+0000] {processor.py:840} INFO - DAG(s) 'tutorial' retrieved from /home/airflow/.local/lib/python3.10/site-packages/airflow/example_dags/tutorial.py
[2026-07-21T18:41:20.857+0000] {logging_mixin.py:188} INFO - [2026-07-21T18:41:20.857+0000] {dag.py:3036} INFO - Sync 1 DAGs
[2026-07-21T18:41:20.876+0000] {logging_mixin.py:188} INFO - [2026-07-21T18:41:20.876+0000] {dag.py:3823} INFO - Setting next_dagrun for tutorial to 2026-07-20 00:00:00+00:00, run_after=2026-07-21 00:00:00+00:00
[2026-07-21T18:41:20.894+0000] {processor.py:183} INFO - Processing /home/airflow/.local/lib/python3.10/site-packages/airflow/example_dags/tutorial.py took 0.073 seconds
[2026-07-21T18:41:51.212+0000] {processor.py:161} INFO - Started process (PID=933) to work on /home/airflow/.local/lib/python3.10/site-packages/airflow/example_dags/tutorial.py
[2026-07-21T18:41:51.213+0000] {processor.py:830} INFO - Processing file /home/airflow/.local/lib/python3.10/site-packages/airflow/example_dags/tutorial.py for tasks to queue
[2026-07-21T18:41:51.215+0000] {logging_mixin.py:188} INFO - [2026-07-21T18:41:51.215+0000] {dagbag.py:538} INFO - Filling up the DagBag from /home/airflow/.local/lib/python3.10/site-packages/airflow/example_dags/tutorial.py
[2026-07-21T18:41:51.221+0000] {processor.py:840} INFO - DAG(s) 'tutorial' retrieved from /home/airflow/.local/lib/python3.10/site-packages/airflow/example_dags/tutorial.py
[2026-07-21T18:41:51.243+0000] {logging_mixin.py:188} INFO - [2026-07-21T18:41:51.243+0000] {dag.py:3036} INFO - Sync 1 DAGs
[2026-07-21T18:41:51.263+0000] {logging_mixin.py:188} INFO - [2026-07-21T18:41:51.263+0000] {dag.py:3823} INFO - Setting next_dagrun for tutorial to 2026-07-20 00:00:00+00:00, run_after=2026-07-21 00:00:00+00:00
[2026-07-21T18:41:51.280+0000] {processor.py:183} INFO - Processing /home/airflow/.local/lib/python3.10/site-packages/airflow/example_dags/tutorial.py took 0.073 seconds
[2026-07-21T18:42:21.573+0000] {processor.py:161} INFO - Started process (PID=989) to work on /home/airflow/.local/lib/python3.10/site-packages/airflow/example_dags/tutorial.py
[2026-07-21T18:42:21.574+0000] {processor.py:830} INFO - Processing file /home/airflow/.local/lib/python3.10/site-packages/airflow/example_dags/tutorial.py for tasks to queue
[2026-07-21T18:42:21.576+0000] {logging_mixin.py:188} INFO - [2026-07-21T18:42:21.576+0000] {dagbag.py:538} INFO - Filling up the DagBag from /home/airflow/.local/lib/python3.10/site-packages/airflow/example_dags/tutorial.py
[2026-07-21T18:42:21.582+0000] {processor.py:840} INFO - DAG(s) 'tutorial' retrieved from /home/airflow/.local/lib/python3.10/site-packages/airflow/example_dags/tutorial.py
[2026-07-21T18:42:21.604+0000] {logging_mixin.py:188} INFO - [2026-07-21T18:42:21.604+0000] {dag.py:3036} INFO - Sync 1 DAGs
[2026-07-21T18:42:21.625+0000] {logging_mixin.py:188} INFO - [2026-07-21T18:42:21.624+0000] {dag.py:3823} INFO - Setting next_dagrun for tutorial to 2026-07-20 00:00:00+00:00, run_after=2026-07-21 00:00:00+00:00
[2026-07-21T18:42:21.643+0000] {processor.py:183} INFO - Processing /home/airflow/.local/lib/python3.10/site-packages/airflow/example_dags/tutorial.py took 0.075 seconds
[2026-07-21T18:42:52.716+0000] {processor.py:161} INFO - Started process (PID=1046) to work on /home/airflow/.local/lib/python3.10/site-packages/airflow/example_dags/tutorial.py
[2026-07-21T18:42:52.717+0000] {processor.py:830} INFO - Processing file /home/airflow/.local/lib/python3.10/site-packages/airflow/example_dags/tutorial.py for tasks to queue
[2026-07-21T18:42:52.719+0000] {logging_mixin.py:188} INFO - [2026-07-21T18:42:52.719+0000] {dagbag.py:538} INFO - Filling up the DagBag from /home/airflow/.local/lib/python3.10/site-packages/airflow/example_dags/tutorial.py
[2026-07-21T18:42:52.725+0000] {processor.py:840} INFO - DAG(s) 'tutorial' retrieved from /home/airflow/.local/lib/python3.10/site-packages/airflow/example_dags/tutorial.py
[2026-07-21T18:42:52.748+0000] {logging_mixin.py:188} INFO - [2026-07-21T18:42:52.748+0000] {dag.py:3036} INFO - Sync 1 DAGs
[2026-07-21T18:42:52.770+0000] {logging_mixin.py:188} INFO - [2026-07-21T18:42:52.770+0000] {dag.py:3823} INFO - Setting next_dagrun for tutorial to 2026-07-20 00:00:00+00:00, run_after=2026-07-21 00:00:00+00:00
[2026-07-21T18:42:52.793+0000] {processor.py:183} INFO - Processing /home/airflow/.local/lib/python3.10/site-packages/airflow/example_dags/tutorial.py took 0.081 seconds
[2026-07-21T18:43:23.163+0000] {processor.py:161} INFO - Started process (PID=1102) to work on /home/airflow/.local/lib/python3.10/site-packages/airflow/example_dags/tutorial.py
[2026-07-21T18:43:23.164+0000] {processor.py:830} INFO - Processing file /home/airflow/.local/lib/python3.10/site-packages/airflow/example_dags/tutorial.py for tasks to queue
[2026-07-21T18:43:23.166+0000] {logging_mixin.py:188} INFO - [2026-07-21T18:43:23.166+0000] {dagbag.py:538} INFO - Filling up the DagBag from /home/airflow/.local/lib/python3.10/site-packages/airflow/example_dags/tutorial.py
[2026-07-21T18:43:23.173+0000] {processor.py:840} INFO - DAG(s) 'tutorial' retrieved from /home/airflow/.local/lib/python3.10/site-packages/airflow/example_dags/tutorial.py
[2026-07-21T18:43:23.197+0000] {logging_mixin.py:188} INFO - [2026-07-21T18:43:23.196+0000] {dag.py:3036} INFO - Sync 1 DAGs
[2026-07-21T18:43:23.219+0000] {logging_mixin.py:188} INFO - [2026-07-21T18:43:23.218+0000] {dag.py:3823} INFO - Setting next_dagrun for tutorial to 2026-07-20 00:00:00+00:00, run_after=2026-07-21 00:00:00+00:00
[2026-07-21T18:43:23.242+0000] {processor.py:183} INFO - Processing /home/airflow/.local/lib/python3.10/site-packages/airflow/example_dags/tutorial.py took 0.083 seconds
[2026-07-21T18:43:53.579+0000] {processor.py:161} INFO - Started process (PID=1158) to work on /home/airflow/.local/lib/python3.10/site-packages/airflow/example_dags/tutorial.py
[2026-07-21T18:43:53.580+0000] {processor.py:830} INFO - Processing file /home/airflow/.local/lib/python3.10/site-packages/airflow/example_dags/tutorial.py for tasks to queue
[2026-07-21T18:43:53.582+0000] {logging_mixin.py:188} INFO - [2026-07-21T18:43:53.582+0000] {dagbag.py:538} INFO - Filling up the DagBag from /home/airflow/.local/lib/python3.10/site-packages/airflow/example_dags/tutorial.py
[2026-07-21T18:43:53.588+0000] {processor.py:840} INFO - DAG(s) 'tutorial' retrieved from /home/airflow/.local/lib/python3.10/site-packages/airflow/example_dags/tutorial.py
[2026-07-21T18:43:53.610+0000] {logging_mixin.py:188} INFO - [2026-07-21T18:43:53.609+0000] {dag.py:3036} INFO - Sync 1 DAGs
[2026-07-21T18:43:53.629+0000] {logging_mixin.py:188} INFO - [2026-07-21T18:43:53.629+0000] {dag.py:3823} INFO - Setting next_dagrun for tutorial to 2026-07-20 00:00:00+00:00, run_after=2026-07-21 00:00:00+00:00
[2026-07-21T18:43:53.647+0000] {processor.py:183} INFO - Processing /home/airflow/.local/lib/python3.10/site-packages/airflow/example_dags/tutorial.py took 0.072 seconds
[2026-07-21T18:44:23.894+0000] {processor.py:161} INFO - Started process (PID=1213) to work on /home/airflow/.local/lib/python3.10/site-packages/airflow/example_dags/tutorial.py
[2026-07-21T18:44:23.896+0000] {processor.py:830} INFO - Processing file /home/airflow/.local/lib/python3.10/site-packages/airflow/example_dags/tutorial.py for tasks to queue
[2026-07-21T18:44:23.898+0000] {logging_mixin.py:188} INFO - [2026-07-21T18:44:23.897+0000] {dagbag.py:538} INFO - Filling up the DagBag from /home/airflow/.local/lib/python3.10/site-packages/airflow/example_dags/tutorial.py
[2026-07-21T18:44:23.904+0000] {processor.py:840} INFO - DAG(s) 'tutorial' retrieved from /home/airflow/.local/lib/python3.10/site-packages/airflow/example_dags/tutorial.py
[2026-07-21T18:44:23.925+0000] {logging_mixin.py:188} INFO - [2026-07-21T18:44:23.925+0000] {dag.py:3036} INFO - Sync 1 DAGs
[2026-07-21T18:44:23.945+0000] {logging_mixin.py:188} INFO - [2026-07-21T18:44:23.944+0000] {dag.py:3823} INFO - Setting next_dagrun for tutorial to 2026-07-20 00:00:00+00:00, run_after=2026-07-21 00:00:00+00:00
[2026-07-21T18:44:23.964+0000] {processor.py:183} INFO - Processing /home/airflow/.local/lib/python3.10/site-packages/airflow/example_dags/tutorial.py took 0.073 seconds
[2026-07-21T18:44:54.202+0000] {processor.py:161} INFO - Started process (PID=1270) to work on /home/airflow/.local/lib/python3.10/site-packages/airflow/example_dags/tutorial.py
[2026-07-21T18:44:54.204+0000] {processor.py:830} INFO - Processing file /home/airflow/.local/lib/python3.10/site-packages/airflow/example_dags/tutorial.py for tasks to queue
[2026-07-21T18:44:54.206+0000] {logging_mixin.py:188} INFO - [2026-07-21T18:44:54.205+0000] {dagbag.py:538} INFO - Filling up the DagBag from /home/airflow/.local/lib/python3.10/site-packages/airflow/example_dags/tutorial.py
[2026-07-21T18:44:54.212+0000] {processor.py:840} INFO - DAG(s) 'tutorial' retrieved from /home/airflow/.local/lib/python3.10/site-packages/airflow/example_dags/tutorial.py
[2026-07-21T18:44:54.233+0000] {logging_mixin.py:188} INFO - [2026-07-21T18:44:54.233+0000] {dag.py:3036} INFO - Sync 1 DAGs
[2026-07-21T18:44:54.256+0000] {logging_mixin.py:188} INFO - [2026-07-21T18:44:54.256+0000] {dag.py:3823} INFO - Setting next_dagrun for tutorial to 2026-07-20 00:00:00+00:00, run_after=2026-07-21 00:00:00+00:00
[2026-07-21T18:44:54.276+0000] {processor.py:183} INFO - Processing /home/airflow/.local/lib/python3.10/site-packages/airflow/example_dags/tutorial.py took 0.077 seconds
[2026-07-21T18:45:25.280+0000] {processor.py:161} INFO - Started process (PID=1326) to work on /home/airflow/.local/lib/python3.10/site-packages/airflow/example_dags/tutorial.py
[2026-07-21T18:45:25.281+0000] {processor.py:830} INFO - Processing file /home/airflow/.local/lib/python3.10/site-packages/airflow/example_dags/tutorial.py for tasks to queue
[2026-07-21T18:45:25.284+0000] {logging_mixin.py:188} INFO - [2026-07-21T18:45:25.283+0000] {dagbag.py:538} INFO - Filling up the DagBag from /home/airflow/.local/lib/python3.10/site-packages/airflow/example_dags/tutorial.py
[2026-07-21T18:45:25.289+0000] {processor.py:840} INFO - DAG(s) 'tutorial' retrieved from /home/airflow/.local/lib/python3.10/site-packages/airflow/example_dags/tutorial.py
[2026-07-21T18:45:25.310+0000] {logging_mixin.py:188} INFO - [2026-07-21T18:45:25.310+0000] {dag.py:3036} INFO - Sync 1 DAGs
[2026-07-21T18:45:25.330+0000] {logging_mixin.py:188} INFO - [2026-07-21T18:45:25.329+0000] {dag.py:3823} INFO - Setting next_dagrun for tutorial to 2026-07-20 00:00:00+00:00, run_after=2026-07-21 00:00:00+00:00
[2026-07-21T18:45:25.347+0000] {processor.py:183} INFO - Processing /home/airflow/.local/lib/python3.10/site-packages/airflow/example_dags/tutorial.py took 0.071 seconds
[2026-07-21T18:45:55.894+0000] {processor.py:161} INFO - Started process (PID=1382) to work on /home/airflow/.local/lib/python3.10/site-packages/airflow/example_dags/tutorial.py
[2026-07-21T18:45:55.895+0000] {processor.py:830} INFO - Processing file /home/airflow/.local/lib/python3.10/site-packages/airflow/example_dags/tutorial.py for tasks to queue
[2026-07-21T18:45:55.897+0000] {logging_mixin.py:188} INFO - [2026-07-21T18:45:55.897+0000] {dagbag.py:538} INFO - Filling up the DagBag from /home/airflow/.local/lib/python3.10/site-packages/airflow/example_dags/tutorial.py
[2026-07-21T18:45:55.903+0000] {processor.py:840} INFO - DAG(s) 'tutorial' retrieved from /home/airflow/.local/lib/python3.10/site-packages/airflow/example_dags/tutorial.py
[2026-07-21T18:45:55.923+0000] {logging_mixin.py:188} INFO - [2026-07-21T18:45:55.923+0000] {dag.py:3036} INFO - Sync 1 DAGs
[2026-07-21T18:45:55.943+0000] {logging_mixin.py:188} INFO - [2026-07-21T18:45:55.942+0000] {dag.py:3823} INFO - Setting next_dagrun for tutorial to 2026-07-20 00:00:00+00:00, run_after=2026-07-21 00:00:00+00:00
[2026-07-21T18:45:55.970+0000] {processor.py:183} INFO - Processing /home/airflow/.local/lib/python3.10/site-packages/airflow/example_dags/tutorial.py took 0.080 seconds
[2026-07-21T18:46:26.199+0000] {processor.py:161} INFO - Started process (PID=1438) to work on /home/airflow/.local/lib/python3.10/site-packages/airflow/example_dags/tutorial.py
[2026-07-21T18:46:26.200+0000] {processor.py:830} INFO - Processing file /home/airflow/.local/lib/python3.10/site-packages/airflow/example_dags/tutorial.py for tasks to queue
[2026-07-21T18:46:26.202+0000] {logging_mixin.py:188} INFO - [2026-07-21T18:46:26.202+0000] {dagbag.py:538} INFO - Filling up the DagBag from /home/airflow/.local/lib/python3.10/site-packages/airflow/example_dags/tutorial.py
[2026-07-21T18:46:26.207+0000] {processor.py:840} INFO - DAG(s) 'tutorial' retrieved from /home/airflow/.local/lib/python3.10/site-packages/airflow/example_dags/tutorial.py
[2026-07-21T18:46:26.229+0000] {logging_mixin.py:188} INFO - [2026-07-21T18:46:26.228+0000] {dag.py:3036} INFO - Sync 1 DAGs
[2026-07-21T18:46:26.247+0000] {logging_mixin.py:188} INFO - [2026-07-21T18:46:26.247+0000] {dag.py:3823} INFO - Setting next_dagrun for tutorial to 2026-07-20 00:00:00+00:00, run_after=2026-07-21 00:00:00+00:00
[2026-07-21T18:46:26.273+0000] {processor.py:183} INFO - Processing /home/airflow/.local/lib/python3.10/site-packages/airflow/example_dags/tutorial.py took 0.078 seconds
[2026-07-21T18:46:56.376+0000] {processor.py:161} INFO - Started process (PID=1494) to work on /home/airflow/.local/lib/python3.10/site-packages/airflow/example_dags/tutorial.py
[2026-07-21T18:46:56.378+0000] {processor.py:830} INFO - Processing file /home/airflow/.local/lib/python3.10/site-packages/airflow/example_dags/tutorial.py for tasks to queue
[2026-07-21T18:46:56.380+0000] {logging_mixin.py:188} INFO - [2026-07-21T18:46:56.379+0000] {dagbag.py:538} INFO - Filling up the DagBag from /home/airflow/.local/lib/python3.10/site-packages/airflow/example_dags/tutorial.py
[2026-07-21T18:46:56.385+0000] {processor.py:840} INFO - DAG(s) 'tutorial' retrieved from /home/airflow/.local/lib/python3.10/site-packages/airflow/example_dags/tutorial.py
[2026-07-21T18:46:56.407+0000] {logging_mixin.py:188} INFO - [2026-07-21T18:46:56.406+0000] {dag.py:3036} INFO - Sync 1 DAGs
[2026-07-21T18:46:56.425+0000] {logging_mixin.py:188} INFO - [2026-07-21T18:46:56.425+0000] {dag.py:3823} INFO - Setting next_dagrun for tutorial to 2026-07-20 00:00:00+00:00, run_after=2026-07-21 00:00:00+00:00
[2026-07-21T18:46:56.451+0000] {processor.py:183} INFO - Processing /home/airflow/.local/lib/python3.10/site-packages/airflow/example_dags/tutorial.py took 0.078 seconds
[2026-07-21T18:47:26.776+0000] {processor.py:161} INFO - Started process (PID=1550) to work on /home/airflow/.local/lib/python3.10/site-packages/airflow/example_dags/tutorial.py
[2026-07-21T18:47:26.777+0000] {processor.py:830} INFO - Processing file /home/airflow/.local/lib/python3.10/site-packages/airflow/example_dags/tutorial.py for tasks to queue
[2026-07-21T18:47:26.779+0000] {logging_mixin.py:188} INFO - [2026-07-21T18:47:26.779+0000] {dagbag.py:538} INFO - Filling up the DagBag from /home/airflow/.local/lib/python3.10/site-packages/airflow/example_dags/tutorial.py
[2026-07-21T18:47:26.785+0000] {processor.py:840} INFO - DAG(s) 'tutorial' retrieved from /home/airflow/.local/lib/python3.10/site-packages/airflow/example_dags/tutorial.py
[2026-07-21T18:47:26.806+0000] {logging_mixin.py:188} INFO - [2026-07-21T18:47:26.806+0000] {dag.py:3036} INFO - Sync 1 DAGs
[2026-07-21T18:47:26.826+0000] {logging_mixin.py:188} INFO - [2026-07-21T18:47:26.825+0000] {dag.py:3823} INFO - Setting next_dagrun for tutorial to 2026-07-20 00:00:00+00:00, run_after=2026-07-21 00:00:00+00:00
[2026-07-21T18:47:26.855+0000] {processor.py:183} INFO - Processing /home/airflow/.local/lib/python3.10/site-packages/airflow/example_dags/tutorial.py took 0.082 seconds
[2026-07-21T18:47:57.414+0000] {processor.py:161} INFO - Started process (PID=1606) to work on /home/airflow/.local/lib/python3.10/site-packages/airflow/example_dags/tutorial.py
[2026-07-21T18:47:57.415+0000] {processor.py:830} INFO - Processing file /home/airflow/.local/lib/python3.10/site-packages/airflow/example_dags/tutorial.py for tasks to queue
[2026-07-21T18:47:57.417+0000] {logging_mixin.py:188} INFO - [2026-07-21T18:47:57.417+0000] {dagbag.py:538} INFO - Filling up the DagBag from /home/airflow/.local/lib/python3.10/site-packages/airflow/example_dags/tutorial.py
[2026-07-21T18:47:57.423+0000] {processor.py:840} INFO - DAG(s) 'tutorial' retrieved from /home/airflow/.local/lib/python3.10/site-packages/airflow/example_dags/tutorial.py
[2026-07-21T18:47:57.444+0000] {logging_mixin.py:188} INFO - [2026-07-21T18:47:57.444+0000] {dag.py:3036} INFO - Sync 1 DAGs
[2026-07-21T18:47:57.464+0000] {logging_mixin.py:188} INFO - [2026-07-21T18:47:57.464+0000] {dag.py:3823} INFO - Setting next_dagrun for tutorial to 2026-07-20 00:00:00+00:00, run_after=2026-07-21 00:00:00+00:00
[2026-07-21T18:47:57.489+0000] {processor.py:183} INFO - Processing /home/airflow/.local/lib/python3.10/site-packages/airflow/example_dags/tutorial.py took 0.079 seconds
