[2026-07-21T17:56:23.098+0000] {processor.py:161} INFO - Started process (PID=56) to work on /opt/airflow/dags/equity_pipeline_dag.py
[2026-07-21T17:56:23.100+0000] {processor.py:830} INFO - Processing file /opt/airflow/dags/equity_pipeline_dag.py for tasks to queue
[2026-07-21T17:56:23.103+0000] {logging_mixin.py:188} INFO - [2026-07-21T17:56:23.103+0000] {dagbag.py:538} INFO - Filling up the DagBag from /opt/airflow/dags/equity_pipeline_dag.py
[2026-07-21T17:56:23.150+0000] {processor.py:840} INFO - DAG(s) 'nifty_it_equity_pipeline' retrieved from /opt/airflow/dags/equity_pipeline_dag.py
[2026-07-21T17:56:23.736+0000] {logging_mixin.py:188} INFO - [2026-07-21T17:56:23.734+0000] {override.py:1769} INFO - Created Permission View: can read on DAG:nifty_it_equity_pipeline
[2026-07-21T17:56:23.761+0000] {logging_mixin.py:188} INFO - [2026-07-21T17:56:23.761+0000] {override.py:1769} INFO - Created Permission View: can edit on DAG:nifty_it_equity_pipeline
[2026-07-21T17:56:23.776+0000] {logging_mixin.py:188} INFO - [2026-07-21T17:56:23.776+0000] {override.py:1769} INFO - Created Permission View: can delete on DAG:nifty_it_equity_pipeline
[2026-07-21T17:56:23.778+0000] {logging_mixin.py:188} INFO - [2026-07-21T17:56:23.777+0000] {dag.py:3036} INFO - Sync 1 DAGs
[2026-07-21T17:56:23.806+0000] {logging_mixin.py:188} INFO - [2026-07-21T17:56:23.806+0000] {dag.py:3058} INFO - Creating ORM DAG for nifty_it_equity_pipeline
[2026-07-21T17:56:23.831+0000] {logging_mixin.py:188} INFO - [2026-07-21T17:56:23.830+0000] {dag.py:3823} INFO - Setting next_dagrun for nifty_it_equity_pipeline to 2026-07-17 23:00:00+00:00, run_after=2026-07-20 23:00:00+00:00
[2026-07-21T17:56:23.890+0000] {processor.py:183} INFO - Processing /opt/airflow/dags/equity_pipeline_dag.py took 0.799 seconds
[2026-07-21T17:56:54.128+0000] {processor.py:161} INFO - Started process (PID=120) to work on /opt/airflow/dags/equity_pipeline_dag.py
[2026-07-21T17:56:54.130+0000] {processor.py:830} INFO - Processing file /opt/airflow/dags/equity_pipeline_dag.py for tasks to queue
[2026-07-21T17:56:54.132+0000] {logging_mixin.py:188} INFO - [2026-07-21T17:56:54.132+0000] {dagbag.py:538} INFO - Filling up the DagBag from /opt/airflow/dags/equity_pipeline_dag.py
[2026-07-21T17:56:54.152+0000] {processor.py:840} INFO - DAG(s) 'nifty_it_equity_pipeline' retrieved from /opt/airflow/dags/equity_pipeline_dag.py
[2026-07-21T17:56:54.229+0000] {logging_mixin.py:188} INFO - [2026-07-21T17:56:54.229+0000] {dag.py:3036} INFO - Sync 1 DAGs
[2026-07-21T17:56:54.265+0000] {logging_mixin.py:188} INFO - [2026-07-21T17:56:54.265+0000] {dag.py:3823} INFO - Setting next_dagrun for nifty_it_equity_pipeline to 2026-07-17 23:00:00+00:00, run_after=2026-07-20 23:00:00+00:00
[2026-07-21T17:56:54.287+0000] {processor.py:183} INFO - Processing /opt/airflow/dags/equity_pipeline_dag.py took 0.162 seconds
[2026-07-21T17:57:24.527+0000] {processor.py:161} INFO - Started process (PID=174) to work on /opt/airflow/dags/equity_pipeline_dag.py
[2026-07-21T17:57:24.530+0000] {processor.py:830} INFO - Processing file /opt/airflow/dags/equity_pipeline_dag.py for tasks to queue
[2026-07-21T17:57:24.536+0000] {logging_mixin.py:188} INFO - [2026-07-21T17:57:24.535+0000] {dagbag.py:538} INFO - Filling up the DagBag from /opt/airflow/dags/equity_pipeline_dag.py
[2026-07-21T17:57:24.560+0000] {processor.py:840} INFO - DAG(s) 'nifty_it_equity_pipeline' retrieved from /opt/airflow/dags/equity_pipeline_dag.py
[2026-07-21T17:57:24.589+0000] {logging_mixin.py:188} INFO - [2026-07-21T17:57:24.588+0000] {dag.py:3036} INFO - Sync 1 DAGs
[2026-07-21T17:57:24.615+0000] {logging_mixin.py:188} INFO - [2026-07-21T17:57:24.615+0000] {dag.py:3823} INFO - Setting next_dagrun for nifty_it_equity_pipeline to 2026-07-17 23:00:00+00:00, run_after=2026-07-20 23:00:00+00:00
[2026-07-21T17:57:24.644+0000] {processor.py:183} INFO - Processing /opt/airflow/dags/equity_pipeline_dag.py took 0.126 seconds
[2026-07-21T17:57:54.780+0000] {processor.py:161} INFO - Started process (PID=230) to work on /opt/airflow/dags/equity_pipeline_dag.py
[2026-07-21T17:57:54.782+0000] {processor.py:830} INFO - Processing file /opt/airflow/dags/equity_pipeline_dag.py for tasks to queue
[2026-07-21T17:57:54.785+0000] {logging_mixin.py:188} INFO - [2026-07-21T17:57:54.785+0000] {dagbag.py:538} INFO - Filling up the DagBag from /opt/airflow/dags/equity_pipeline_dag.py
[2026-07-21T17:57:54.808+0000] {processor.py:840} INFO - DAG(s) 'nifty_it_equity_pipeline' retrieved from /opt/airflow/dags/equity_pipeline_dag.py
[2026-07-21T17:57:54.844+0000] {logging_mixin.py:188} INFO - [2026-07-21T17:57:54.844+0000] {dag.py:3036} INFO - Sync 1 DAGs
[2026-07-21T17:57:54.878+0000] {logging_mixin.py:188} INFO - [2026-07-21T17:57:54.877+0000] {dag.py:3823} INFO - Setting next_dagrun for nifty_it_equity_pipeline to 2026-07-17 23:00:00+00:00, run_after=2026-07-20 23:00:00+00:00
[2026-07-21T17:57:54.906+0000] {processor.py:183} INFO - Processing /opt/airflow/dags/equity_pipeline_dag.py took 0.133 seconds
[2026-07-21T17:58:25.089+0000] {processor.py:161} INFO - Started process (PID=286) to work on /opt/airflow/dags/equity_pipeline_dag.py
[2026-07-21T17:58:25.090+0000] {processor.py:830} INFO - Processing file /opt/airflow/dags/equity_pipeline_dag.py for tasks to queue
[2026-07-21T17:58:25.092+0000] {logging_mixin.py:188} INFO - [2026-07-21T17:58:25.092+0000] {dagbag.py:538} INFO - Filling up the DagBag from /opt/airflow/dags/equity_pipeline_dag.py
[2026-07-21T17:58:25.111+0000] {processor.py:840} INFO - DAG(s) 'nifty_it_equity_pipeline' retrieved from /opt/airflow/dags/equity_pipeline_dag.py
[2026-07-21T17:58:25.133+0000] {logging_mixin.py:188} INFO - [2026-07-21T17:58:25.133+0000] {dag.py:3036} INFO - Sync 1 DAGs
[2026-07-21T17:58:25.168+0000] {logging_mixin.py:188} INFO - [2026-07-21T17:58:25.167+0000] {dag.py:3823} INFO - Setting next_dagrun for nifty_it_equity_pipeline to 2026-07-17 23:00:00+00:00, run_after=2026-07-20 23:00:00+00:00
[2026-07-21T17:58:25.193+0000] {processor.py:183} INFO - Processing /opt/airflow/dags/equity_pipeline_dag.py took 0.108 seconds
[2026-07-21T17:58:55.372+0000] {processor.py:161} INFO - Started process (PID=342) to work on /opt/airflow/dags/equity_pipeline_dag.py
[2026-07-21T17:58:55.374+0000] {processor.py:830} INFO - Processing file /opt/airflow/dags/equity_pipeline_dag.py for tasks to queue
[2026-07-21T17:58:55.376+0000] {logging_mixin.py:188} INFO - [2026-07-21T17:58:55.376+0000] {dagbag.py:538} INFO - Filling up the DagBag from /opt/airflow/dags/equity_pipeline_dag.py
[2026-07-21T17:58:55.396+0000] {processor.py:840} INFO - DAG(s) 'nifty_it_equity_pipeline' retrieved from /opt/airflow/dags/equity_pipeline_dag.py
[2026-07-21T17:58:55.419+0000] {logging_mixin.py:188} INFO - [2026-07-21T17:58:55.419+0000] {dag.py:3036} INFO - Sync 1 DAGs
[2026-07-21T17:58:55.448+0000] {logging_mixin.py:188} INFO - [2026-07-21T17:58:55.448+0000] {dag.py:3823} INFO - Setting next_dagrun for nifty_it_equity_pipeline to 2026-07-20 23:00:00+00:00, run_after=2026-07-21 23:00:00+00:00
[2026-07-21T17:58:55.477+0000] {processor.py:183} INFO - Processing /opt/airflow/dags/equity_pipeline_dag.py took 0.108 seconds
[2026-07-21T17:59:25.751+0000] {processor.py:161} INFO - Started process (PID=398) to work on /opt/airflow/dags/equity_pipeline_dag.py
[2026-07-21T17:59:25.753+0000] {processor.py:830} INFO - Processing file /opt/airflow/dags/equity_pipeline_dag.py for tasks to queue
[2026-07-21T17:59:25.755+0000] {logging_mixin.py:188} INFO - [2026-07-21T17:59:25.754+0000] {dagbag.py:538} INFO - Filling up the DagBag from /opt/airflow/dags/equity_pipeline_dag.py
[2026-07-21T17:59:25.772+0000] {processor.py:840} INFO - DAG(s) 'nifty_it_equity_pipeline' retrieved from /opt/airflow/dags/equity_pipeline_dag.py
[2026-07-21T17:59:25.793+0000] {logging_mixin.py:188} INFO - [2026-07-21T17:59:25.793+0000] {dag.py:3036} INFO - Sync 1 DAGs
[2026-07-21T17:59:25.814+0000] {logging_mixin.py:188} INFO - [2026-07-21T17:59:25.814+0000] {dag.py:3823} INFO - Setting next_dagrun for nifty_it_equity_pipeline to 2026-07-20 23:00:00+00:00, run_after=2026-07-21 23:00:00+00:00
[2026-07-21T17:59:25.833+0000] {processor.py:183} INFO - Processing /opt/airflow/dags/equity_pipeline_dag.py took 0.087 seconds
[2026-07-21T17:59:56.014+0000] {processor.py:161} INFO - Started process (PID=454) to work on /opt/airflow/dags/equity_pipeline_dag.py
[2026-07-21T17:59:56.015+0000] {processor.py:830} INFO - Processing file /opt/airflow/dags/equity_pipeline_dag.py for tasks to queue
[2026-07-21T17:59:56.017+0000] {logging_mixin.py:188} INFO - [2026-07-21T17:59:56.017+0000] {dagbag.py:538} INFO - Filling up the DagBag from /opt/airflow/dags/equity_pipeline_dag.py
[2026-07-21T17:59:56.036+0000] {processor.py:840} INFO - DAG(s) 'nifty_it_equity_pipeline' retrieved from /opt/airflow/dags/equity_pipeline_dag.py
[2026-07-21T17:59:56.056+0000] {logging_mixin.py:188} INFO - [2026-07-21T17:59:56.056+0000] {dag.py:3036} INFO - Sync 1 DAGs
[2026-07-21T17:59:56.080+0000] {logging_mixin.py:188} INFO - [2026-07-21T17:59:56.079+0000] {dag.py:3823} INFO - Setting next_dagrun for nifty_it_equity_pipeline to 2026-07-20 23:00:00+00:00, run_after=2026-07-21 23:00:00+00:00
[2026-07-21T17:59:56.098+0000] {processor.py:183} INFO - Processing /opt/airflow/dags/equity_pipeline_dag.py took 0.089 seconds
[2026-07-21T18:00:26.407+0000] {processor.py:161} INFO - Started process (PID=510) to work on /opt/airflow/dags/equity_pipeline_dag.py
[2026-07-21T18:00:26.409+0000] {processor.py:830} INFO - Processing file /opt/airflow/dags/equity_pipeline_dag.py for tasks to queue
[2026-07-21T18:00:26.411+0000] {logging_mixin.py:188} INFO - [2026-07-21T18:00:26.411+0000] {dagbag.py:538} INFO - Filling up the DagBag from /opt/airflow/dags/equity_pipeline_dag.py
[2026-07-21T18:00:26.428+0000] {processor.py:840} INFO - DAG(s) 'nifty_it_equity_pipeline' retrieved from /opt/airflow/dags/equity_pipeline_dag.py
[2026-07-21T18:00:26.448+0000] {logging_mixin.py:188} INFO - [2026-07-21T18:00:26.448+0000] {dag.py:3036} INFO - Sync 1 DAGs
[2026-07-21T18:00:26.471+0000] {logging_mixin.py:188} INFO - [2026-07-21T18:00:26.471+0000] {dag.py:3823} INFO - Setting next_dagrun for nifty_it_equity_pipeline to 2026-07-20 23:00:00+00:00, run_after=2026-07-21 23:00:00+00:00
[2026-07-21T18:00:26.491+0000] {processor.py:183} INFO - Processing /opt/airflow/dags/equity_pipeline_dag.py took 0.088 seconds
[2026-07-21T18:00:56.654+0000] {processor.py:161} INFO - Started process (PID=567) to work on /opt/airflow/dags/equity_pipeline_dag.py
[2026-07-21T18:00:56.655+0000] {processor.py:830} INFO - Processing file /opt/airflow/dags/equity_pipeline_dag.py for tasks to queue
[2026-07-21T18:00:56.657+0000] {logging_mixin.py:188} INFO - [2026-07-21T18:00:56.657+0000] {dagbag.py:538} INFO - Filling up the DagBag from /opt/airflow/dags/equity_pipeline_dag.py
[2026-07-21T18:00:56.675+0000] {processor.py:840} INFO - DAG(s) 'nifty_it_equity_pipeline' retrieved from /opt/airflow/dags/equity_pipeline_dag.py
[2026-07-21T18:00:56.695+0000] {logging_mixin.py:188} INFO - [2026-07-21T18:00:56.694+0000] {dag.py:3036} INFO - Sync 1 DAGs
[2026-07-21T18:00:56.716+0000] {logging_mixin.py:188} INFO - [2026-07-21T18:00:56.716+0000] {dag.py:3823} INFO - Setting next_dagrun for nifty_it_equity_pipeline to 2026-07-20 23:00:00+00:00, run_after=2026-07-21 23:00:00+00:00
[2026-07-21T18:00:56.736+0000] {processor.py:183} INFO - Processing /opt/airflow/dags/equity_pipeline_dag.py took 0.086 seconds
[2026-07-21T18:01:26.826+0000] {processor.py:161} INFO - Started process (PID=623) to work on /opt/airflow/dags/equity_pipeline_dag.py
[2026-07-21T18:01:26.828+0000] {processor.py:830} INFO - Processing file /opt/airflow/dags/equity_pipeline_dag.py for tasks to queue
[2026-07-21T18:01:26.832+0000] {logging_mixin.py:188} INFO - [2026-07-21T18:01:26.831+0000] {dagbag.py:538} INFO - Filling up the DagBag from /opt/airflow/dags/equity_pipeline_dag.py
[2026-07-21T18:01:26.850+0000] {processor.py:840} INFO - DAG(s) 'nifty_it_equity_pipeline' retrieved from /opt/airflow/dags/equity_pipeline_dag.py
[2026-07-21T18:01:26.872+0000] {logging_mixin.py:188} INFO - [2026-07-21T18:01:26.872+0000] {dag.py:3036} INFO - Sync 1 DAGs
[2026-07-21T18:01:26.895+0000] {logging_mixin.py:188} INFO - [2026-07-21T18:01:26.895+0000] {dag.py:3823} INFO - Setting next_dagrun for nifty_it_equity_pipeline to 2026-07-20 23:00:00+00:00, run_after=2026-07-21 23:00:00+00:00
[2026-07-21T18:01:26.921+0000] {processor.py:183} INFO - Processing /opt/airflow/dags/equity_pipeline_dag.py took 0.101 seconds
[2026-07-21T18:01:57.174+0000] {processor.py:161} INFO - Started process (PID=679) to work on /opt/airflow/dags/equity_pipeline_dag.py
[2026-07-21T18:01:57.176+0000] {processor.py:830} INFO - Processing file /opt/airflow/dags/equity_pipeline_dag.py for tasks to queue
[2026-07-21T18:01:57.178+0000] {logging_mixin.py:188} INFO - [2026-07-21T18:01:57.177+0000] {dagbag.py:538} INFO - Filling up the DagBag from /opt/airflow/dags/equity_pipeline_dag.py
[2026-07-21T18:01:57.202+0000] {processor.py:840} INFO - DAG(s) 'nifty_it_equity_pipeline' retrieved from /opt/airflow/dags/equity_pipeline_dag.py
[2026-07-21T18:01:57.220+0000] {logging_mixin.py:188} INFO - [2026-07-21T18:01:57.220+0000] {dag.py:3036} INFO - Sync 1 DAGs
[2026-07-21T18:01:57.241+0000] {logging_mixin.py:188} INFO - [2026-07-21T18:01:57.241+0000] {dag.py:3823} INFO - Setting next_dagrun for nifty_it_equity_pipeline to 2026-07-20 23:00:00+00:00, run_after=2026-07-21 23:00:00+00:00
[2026-07-21T18:01:57.259+0000] {processor.py:183} INFO - Processing /opt/airflow/dags/equity_pipeline_dag.py took 0.088 seconds
[2026-07-21T18:02:27.681+0000] {processor.py:161} INFO - Started process (PID=735) to work on /opt/airflow/dags/equity_pipeline_dag.py
[2026-07-21T18:02:27.683+0000] {processor.py:830} INFO - Processing file /opt/airflow/dags/equity_pipeline_dag.py for tasks to queue
[2026-07-21T18:02:27.686+0000] {logging_mixin.py:188} INFO - [2026-07-21T18:02:27.685+0000] {dagbag.py:538} INFO - Filling up the DagBag from /opt/airflow/dags/equity_pipeline_dag.py
[2026-07-21T18:02:27.705+0000] {processor.py:840} INFO - DAG(s) 'nifty_it_equity_pipeline' retrieved from /opt/airflow/dags/equity_pipeline_dag.py
[2026-07-21T18:02:27.730+0000] {logging_mixin.py:188} INFO - [2026-07-21T18:02:27.730+0000] {dag.py:3036} INFO - Sync 1 DAGs
[2026-07-21T18:02:27.758+0000] {logging_mixin.py:188} INFO - [2026-07-21T18:02:27.757+0000] {dag.py:3823} INFO - Setting next_dagrun for nifty_it_equity_pipeline to 2026-07-20 23:00:00+00:00, run_after=2026-07-21 23:00:00+00:00
[2026-07-21T18:02:27.779+0000] {processor.py:183} INFO - Processing /opt/airflow/dags/equity_pipeline_dag.py took 0.103 seconds
[2026-07-21T18:02:58.110+0000] {processor.py:161} INFO - Started process (PID=791) to work on /opt/airflow/dags/equity_pipeline_dag.py
[2026-07-21T18:02:58.111+0000] {processor.py:830} INFO - Processing file /opt/airflow/dags/equity_pipeline_dag.py for tasks to queue
[2026-07-21T18:02:58.114+0000] {logging_mixin.py:188} INFO - [2026-07-21T18:02:58.114+0000] {dagbag.py:538} INFO - Filling up the DagBag from /opt/airflow/dags/equity_pipeline_dag.py
[2026-07-21T18:02:58.132+0000] {processor.py:840} INFO - DAG(s) 'nifty_it_equity_pipeline' retrieved from /opt/airflow/dags/equity_pipeline_dag.py
[2026-07-21T18:02:58.153+0000] {logging_mixin.py:188} INFO - [2026-07-21T18:02:58.152+0000] {dag.py:3036} INFO - Sync 1 DAGs
[2026-07-21T18:02:58.176+0000] {logging_mixin.py:188} INFO - [2026-07-21T18:02:58.176+0000] {dag.py:3823} INFO - Setting next_dagrun for nifty_it_equity_pipeline to 2026-07-20 23:00:00+00:00, run_after=2026-07-21 23:00:00+00:00
[2026-07-21T18:02:58.196+0000] {processor.py:183} INFO - Processing /opt/airflow/dags/equity_pipeline_dag.py took 0.090 seconds
[2026-07-21T18:03:28.254+0000] {processor.py:161} INFO - Started process (PID=847) to work on /opt/airflow/dags/equity_pipeline_dag.py
[2026-07-21T18:03:28.255+0000] {processor.py:830} INFO - Processing file /opt/airflow/dags/equity_pipeline_dag.py for tasks to queue
[2026-07-21T18:03:28.257+0000] {logging_mixin.py:188} INFO - [2026-07-21T18:03:28.257+0000] {dagbag.py:538} INFO - Filling up the DagBag from /opt/airflow/dags/equity_pipeline_dag.py
[2026-07-21T18:03:28.274+0000] {processor.py:840} INFO - DAG(s) 'nifty_it_equity_pipeline' retrieved from /opt/airflow/dags/equity_pipeline_dag.py
[2026-07-21T18:03:28.292+0000] {logging_mixin.py:188} INFO - [2026-07-21T18:03:28.292+0000] {dag.py:3036} INFO - Sync 1 DAGs
[2026-07-21T18:03:28.314+0000] {logging_mixin.py:188} INFO - [2026-07-21T18:03:28.314+0000] {dag.py:3823} INFO - Setting next_dagrun for nifty_it_equity_pipeline to 2026-07-20 23:00:00+00:00, run_after=2026-07-21 23:00:00+00:00
[2026-07-21T18:03:28.341+0000] {processor.py:183} INFO - Processing /opt/airflow/dags/equity_pipeline_dag.py took 0.091 seconds
[2026-07-21T18:03:58.624+0000] {processor.py:161} INFO - Started process (PID=903) to work on /opt/airflow/dags/equity_pipeline_dag.py
[2026-07-21T18:03:58.625+0000] {processor.py:830} INFO - Processing file /opt/airflow/dags/equity_pipeline_dag.py for tasks to queue
[2026-07-21T18:03:58.629+0000] {logging_mixin.py:188} INFO - [2026-07-21T18:03:58.628+0000] {dagbag.py:538} INFO - Filling up the DagBag from /opt/airflow/dags/equity_pipeline_dag.py
[2026-07-21T18:03:58.654+0000] {processor.py:840} INFO - DAG(s) 'nifty_it_equity_pipeline' retrieved from /opt/airflow/dags/equity_pipeline_dag.py
[2026-07-21T18:03:58.718+0000] {logging_mixin.py:188} INFO - [2026-07-21T18:03:58.718+0000] {dag.py:3036} INFO - Sync 1 DAGs
[2026-07-21T18:03:58.751+0000] {logging_mixin.py:188} INFO - [2026-07-21T18:03:58.750+0000] {dag.py:3823} INFO - Setting next_dagrun for nifty_it_equity_pipeline to 2026-07-20 23:00:00+00:00, run_after=2026-07-21 23:00:00+00:00
[2026-07-21T18:03:58.778+0000] {processor.py:183} INFO - Processing /opt/airflow/dags/equity_pipeline_dag.py took 0.159 seconds
[2026-07-21T18:04:29.097+0000] {processor.py:161} INFO - Started process (PID=959) to work on /opt/airflow/dags/equity_pipeline_dag.py
[2026-07-21T18:04:29.098+0000] {processor.py:830} INFO - Processing file /opt/airflow/dags/equity_pipeline_dag.py for tasks to queue
[2026-07-21T18:04:29.102+0000] {logging_mixin.py:188} INFO - [2026-07-21T18:04:29.102+0000] {dagbag.py:538} INFO - Filling up the DagBag from /opt/airflow/dags/equity_pipeline_dag.py
[2026-07-21T18:04:29.122+0000] {processor.py:840} INFO - DAG(s) 'nifty_it_equity_pipeline' retrieved from /opt/airflow/dags/equity_pipeline_dag.py
[2026-07-21T18:04:29.144+0000] {logging_mixin.py:188} INFO - [2026-07-21T18:04:29.144+0000] {dag.py:3036} INFO - Sync 1 DAGs
[2026-07-21T18:04:29.173+0000] {logging_mixin.py:188} INFO - [2026-07-21T18:04:29.173+0000] {dag.py:3823} INFO - Setting next_dagrun for nifty_it_equity_pipeline to 2026-07-20 23:00:00+00:00, run_after=2026-07-21 23:00:00+00:00
[2026-07-21T18:04:29.195+0000] {processor.py:183} INFO - Processing /opt/airflow/dags/equity_pipeline_dag.py took 0.104 seconds
[2026-07-21T18:04:59.434+0000] {processor.py:161} INFO - Started process (PID=1015) to work on /opt/airflow/dags/equity_pipeline_dag.py
[2026-07-21T18:04:59.436+0000] {processor.py:830} INFO - Processing file /opt/airflow/dags/equity_pipeline_dag.py for tasks to queue
[2026-07-21T18:04:59.439+0000] {logging_mixin.py:188} INFO - [2026-07-21T18:04:59.438+0000] {dagbag.py:538} INFO - Filling up the DagBag from /opt/airflow/dags/equity_pipeline_dag.py
[2026-07-21T18:04:59.461+0000] {processor.py:840} INFO - DAG(s) 'nifty_it_equity_pipeline' retrieved from /opt/airflow/dags/equity_pipeline_dag.py
[2026-07-21T18:04:59.499+0000] {logging_mixin.py:188} INFO - [2026-07-21T18:04:59.498+0000] {dag.py:3036} INFO - Sync 1 DAGs
[2026-07-21T18:04:59.542+0000] {logging_mixin.py:188} INFO - [2026-07-21T18:04:59.542+0000] {dag.py:3823} INFO - Setting next_dagrun for nifty_it_equity_pipeline to 2026-07-20 23:00:00+00:00, run_after=2026-07-21 23:00:00+00:00
[2026-07-21T18:04:59.573+0000] {processor.py:183} INFO - Processing /opt/airflow/dags/equity_pipeline_dag.py took 0.143 seconds
[2026-07-21T18:05:29.868+0000] {processor.py:161} INFO - Started process (PID=1071) to work on /opt/airflow/dags/equity_pipeline_dag.py
[2026-07-21T18:05:29.869+0000] {processor.py:830} INFO - Processing file /opt/airflow/dags/equity_pipeline_dag.py for tasks to queue
[2026-07-21T18:05:29.871+0000] {logging_mixin.py:188} INFO - [2026-07-21T18:05:29.871+0000] {dagbag.py:538} INFO - Filling up the DagBag from /opt/airflow/dags/equity_pipeline_dag.py
[2026-07-21T18:05:29.888+0000] {processor.py:840} INFO - DAG(s) 'nifty_it_equity_pipeline' retrieved from /opt/airflow/dags/equity_pipeline_dag.py
[2026-07-21T18:05:29.907+0000] {logging_mixin.py:188} INFO - [2026-07-21T18:05:29.907+0000] {dag.py:3036} INFO - Sync 1 DAGs
[2026-07-21T18:05:29.929+0000] {logging_mixin.py:188} INFO - [2026-07-21T18:05:29.929+0000] {dag.py:3823} INFO - Setting next_dagrun for nifty_it_equity_pipeline to 2026-07-20 23:00:00+00:00, run_after=2026-07-21 23:00:00+00:00
[2026-07-21T18:05:29.952+0000] {processor.py:183} INFO - Processing /opt/airflow/dags/equity_pipeline_dag.py took 0.088 seconds
[2026-07-21T18:06:00.553+0000] {processor.py:161} INFO - Started process (PID=1127) to work on /opt/airflow/dags/equity_pipeline_dag.py
[2026-07-21T18:06:00.555+0000] {processor.py:830} INFO - Processing file /opt/airflow/dags/equity_pipeline_dag.py for tasks to queue
[2026-07-21T18:06:00.556+0000] {logging_mixin.py:188} INFO - [2026-07-21T18:06:00.556+0000] {dagbag.py:538} INFO - Filling up the DagBag from /opt/airflow/dags/equity_pipeline_dag.py
[2026-07-21T18:06:00.574+0000] {processor.py:840} INFO - DAG(s) 'nifty_it_equity_pipeline' retrieved from /opt/airflow/dags/equity_pipeline_dag.py
[2026-07-21T18:06:00.594+0000] {logging_mixin.py:188} INFO - [2026-07-21T18:06:00.594+0000] {dag.py:3036} INFO - Sync 1 DAGs
[2026-07-21T18:06:00.614+0000] {logging_mixin.py:188} INFO - [2026-07-21T18:06:00.614+0000] {dag.py:3823} INFO - Setting next_dagrun for nifty_it_equity_pipeline to 2026-07-20 23:00:00+00:00, run_after=2026-07-21 23:00:00+00:00
[2026-07-21T18:06:00.641+0000] {processor.py:183} INFO - Processing /opt/airflow/dags/equity_pipeline_dag.py took 0.093 seconds
[2026-07-21T18:06:31.020+0000] {processor.py:161} INFO - Started process (PID=1183) to work on /opt/airflow/dags/equity_pipeline_dag.py
[2026-07-21T18:06:31.021+0000] {processor.py:830} INFO - Processing file /opt/airflow/dags/equity_pipeline_dag.py for tasks to queue
[2026-07-21T18:06:31.024+0000] {logging_mixin.py:188} INFO - [2026-07-21T18:06:31.024+0000] {dagbag.py:538} INFO - Filling up the DagBag from /opt/airflow/dags/equity_pipeline_dag.py
[2026-07-21T18:06:31.049+0000] {processor.py:840} INFO - DAG(s) 'nifty_it_equity_pipeline' retrieved from /opt/airflow/dags/equity_pipeline_dag.py
[2026-07-21T18:06:31.074+0000] {logging_mixin.py:188} INFO - [2026-07-21T18:06:31.074+0000] {dag.py:3036} INFO - Sync 1 DAGs
[2026-07-21T18:06:31.101+0000] {logging_mixin.py:188} INFO - [2026-07-21T18:06:31.101+0000] {dag.py:3823} INFO - Setting next_dagrun for nifty_it_equity_pipeline to 2026-07-20 23:00:00+00:00, run_after=2026-07-21 23:00:00+00:00
[2026-07-21T18:06:31.129+0000] {processor.py:183} INFO - Processing /opt/airflow/dags/equity_pipeline_dag.py took 0.117 seconds
[2026-07-21T18:07:01.432+0000] {processor.py:161} INFO - Started process (PID=1239) to work on /opt/airflow/dags/equity_pipeline_dag.py
[2026-07-21T18:07:01.433+0000] {processor.py:830} INFO - Processing file /opt/airflow/dags/equity_pipeline_dag.py for tasks to queue
[2026-07-21T18:07:01.435+0000] {logging_mixin.py:188} INFO - [2026-07-21T18:07:01.435+0000] {dagbag.py:538} INFO - Filling up the DagBag from /opt/airflow/dags/equity_pipeline_dag.py
[2026-07-21T18:07:01.453+0000] {processor.py:840} INFO - DAG(s) 'nifty_it_equity_pipeline' retrieved from /opt/airflow/dags/equity_pipeline_dag.py
[2026-07-21T18:07:01.472+0000] {logging_mixin.py:188} INFO - [2026-07-21T18:07:01.472+0000] {dag.py:3036} INFO - Sync 1 DAGs
[2026-07-21T18:07:01.494+0000] {logging_mixin.py:188} INFO - [2026-07-21T18:07:01.493+0000] {dag.py:3823} INFO - Setting next_dagrun for nifty_it_equity_pipeline to 2026-07-20 23:00:00+00:00, run_after=2026-07-21 23:00:00+00:00
[2026-07-21T18:07:01.522+0000] {processor.py:183} INFO - Processing /opt/airflow/dags/equity_pipeline_dag.py took 0.094 seconds
[2026-07-21T18:07:31.839+0000] {processor.py:161} INFO - Started process (PID=1295) to work on /opt/airflow/dags/equity_pipeline_dag.py
[2026-07-21T18:07:31.840+0000] {processor.py:830} INFO - Processing file /opt/airflow/dags/equity_pipeline_dag.py for tasks to queue
[2026-07-21T18:07:31.842+0000] {logging_mixin.py:188} INFO - [2026-07-21T18:07:31.842+0000] {dagbag.py:538} INFO - Filling up the DagBag from /opt/airflow/dags/equity_pipeline_dag.py
[2026-07-21T18:07:31.860+0000] {processor.py:840} INFO - DAG(s) 'nifty_it_equity_pipeline' retrieved from /opt/airflow/dags/equity_pipeline_dag.py
[2026-07-21T18:07:31.886+0000] {logging_mixin.py:188} INFO - [2026-07-21T18:07:31.886+0000] {dag.py:3036} INFO - Sync 1 DAGs
[2026-07-21T18:07:31.914+0000] {logging_mixin.py:188} INFO - [2026-07-21T18:07:31.914+0000] {dag.py:3823} INFO - Setting next_dagrun for nifty_it_equity_pipeline to 2026-07-20 23:00:00+00:00, run_after=2026-07-21 23:00:00+00:00
[2026-07-21T18:07:31.936+0000] {processor.py:183} INFO - Processing /opt/airflow/dags/equity_pipeline_dag.py took 0.102 seconds
[2026-07-21T18:09:11.008+0000] {processor.py:161} INFO - Started process (PID=90) to work on /opt/airflow/dags/equity_pipeline_dag.py
[2026-07-21T18:09:11.010+0000] {processor.py:830} INFO - Processing file /opt/airflow/dags/equity_pipeline_dag.py for tasks to queue
[2026-07-21T18:09:11.013+0000] {logging_mixin.py:188} INFO - [2026-07-21T18:09:11.012+0000] {dagbag.py:538} INFO - Filling up the DagBag from /opt/airflow/dags/equity_pipeline_dag.py
[2026-07-21T18:09:11.052+0000] {processor.py:840} INFO - DAG(s) 'nifty_it_equity_pipeline' retrieved from /opt/airflow/dags/equity_pipeline_dag.py
[2026-07-21T18:09:11.366+0000] {logging_mixin.py:188} INFO - [2026-07-21T18:09:11.366+0000] {dag.py:3036} INFO - Sync 1 DAGs
[2026-07-21T18:09:11.395+0000] {logging_mixin.py:188} INFO - [2026-07-21T18:09:11.394+0000] {dag.py:3823} INFO - Setting next_dagrun for nifty_it_equity_pipeline to 2026-07-20 23:00:00+00:00, run_after=2026-07-21 23:00:00+00:00
[2026-07-21T18:09:11.423+0000] {processor.py:183} INFO - Processing /opt/airflow/dags/equity_pipeline_dag.py took 0.423 seconds
[2026-07-21T18:09:41.720+0000] {processor.py:161} INFO - Started process (PID=146) to work on /opt/airflow/dags/equity_pipeline_dag.py
[2026-07-21T18:09:41.721+0000] {processor.py:830} INFO - Processing file /opt/airflow/dags/equity_pipeline_dag.py for tasks to queue
[2026-07-21T18:09:41.723+0000] {logging_mixin.py:188} INFO - [2026-07-21T18:09:41.723+0000] {dagbag.py:538} INFO - Filling up the DagBag from /opt/airflow/dags/equity_pipeline_dag.py
[2026-07-21T18:09:41.745+0000] {processor.py:840} INFO - DAG(s) 'nifty_it_equity_pipeline' retrieved from /opt/airflow/dags/equity_pipeline_dag.py
[2026-07-21T18:09:41.784+0000] {logging_mixin.py:188} INFO - [2026-07-21T18:09:41.784+0000] {dag.py:3036} INFO - Sync 1 DAGs
[2026-07-21T18:09:41.808+0000] {logging_mixin.py:188} INFO - [2026-07-21T18:09:41.808+0000] {dag.py:3823} INFO - Setting next_dagrun for nifty_it_equity_pipeline to 2026-07-20 23:00:00+00:00, run_after=2026-07-21 23:00:00+00:00
[2026-07-21T18:09:41.829+0000] {processor.py:183} INFO - Processing /opt/airflow/dags/equity_pipeline_dag.py took 0.114 seconds
[2026-07-21T18:10:11.916+0000] {processor.py:161} INFO - Started process (PID=202) to work on /opt/airflow/dags/equity_pipeline_dag.py
[2026-07-21T18:10:11.917+0000] {processor.py:830} INFO - Processing file /opt/airflow/dags/equity_pipeline_dag.py for tasks to queue
[2026-07-21T18:10:11.920+0000] {logging_mixin.py:188} INFO - [2026-07-21T18:10:11.919+0000] {dagbag.py:538} INFO - Filling up the DagBag from /opt/airflow/dags/equity_pipeline_dag.py
[2026-07-21T18:10:11.940+0000] {processor.py:840} INFO - DAG(s) 'nifty_it_equity_pipeline' retrieved from /opt/airflow/dags/equity_pipeline_dag.py
[2026-07-21T18:10:11.963+0000] {logging_mixin.py:188} INFO - [2026-07-21T18:10:11.962+0000] {dag.py:3036} INFO - Sync 1 DAGs
[2026-07-21T18:10:11.987+0000] {logging_mixin.py:188} INFO - [2026-07-21T18:10:11.987+0000] {dag.py:3823} INFO - Setting next_dagrun for nifty_it_equity_pipeline to 2026-07-20 23:00:00+00:00, run_after=2026-07-21 23:00:00+00:00
[2026-07-21T18:10:12.018+0000] {processor.py:183} INFO - Processing /opt/airflow/dags/equity_pipeline_dag.py took 0.106 seconds
[2026-07-21T18:10:42.370+0000] {processor.py:161} INFO - Started process (PID=264) to work on /opt/airflow/dags/equity_pipeline_dag.py
[2026-07-21T18:10:42.371+0000] {processor.py:830} INFO - Processing file /opt/airflow/dags/equity_pipeline_dag.py for tasks to queue
[2026-07-21T18:10:42.373+0000] {logging_mixin.py:188} INFO - [2026-07-21T18:10:42.373+0000] {dagbag.py:538} INFO - Filling up the DagBag from /opt/airflow/dags/equity_pipeline_dag.py
[2026-07-21T18:10:42.389+0000] {processor.py:840} INFO - DAG(s) 'nifty_it_equity_pipeline' retrieved from /opt/airflow/dags/equity_pipeline_dag.py
[2026-07-21T18:10:42.408+0000] {logging_mixin.py:188} INFO - [2026-07-21T18:10:42.408+0000] {dag.py:3036} INFO - Sync 1 DAGs
[2026-07-21T18:10:42.429+0000] {logging_mixin.py:188} INFO - [2026-07-21T18:10:42.429+0000] {dag.py:3823} INFO - Setting next_dagrun for nifty_it_equity_pipeline to 2026-07-20 23:00:00+00:00, run_after=2026-07-21 23:00:00+00:00
[2026-07-21T18:10:42.457+0000] {processor.py:183} INFO - Processing /opt/airflow/dags/equity_pipeline_dag.py took 0.092 seconds
[2026-07-21T18:11:12.889+0000] {processor.py:161} INFO - Started process (PID=320) to work on /opt/airflow/dags/equity_pipeline_dag.py
[2026-07-21T18:11:12.890+0000] {processor.py:830} INFO - Processing file /opt/airflow/dags/equity_pipeline_dag.py for tasks to queue
[2026-07-21T18:11:12.892+0000] {logging_mixin.py:188} INFO - [2026-07-21T18:11:12.892+0000] {dagbag.py:538} INFO - Filling up the DagBag from /opt/airflow/dags/equity_pipeline_dag.py
[2026-07-21T18:11:12.909+0000] {processor.py:840} INFO - DAG(s) 'nifty_it_equity_pipeline' retrieved from /opt/airflow/dags/equity_pipeline_dag.py
[2026-07-21T18:11:12.939+0000] {logging_mixin.py:188} INFO - [2026-07-21T18:11:12.939+0000] {dag.py:3036} INFO - Sync 1 DAGs
[2026-07-21T18:11:12.966+0000] {logging_mixin.py:188} INFO - [2026-07-21T18:11:12.965+0000] {dag.py:3823} INFO - Setting next_dagrun for nifty_it_equity_pipeline to 2026-07-20 23:00:00+00:00, run_after=2026-07-21 23:00:00+00:00
[2026-07-21T18:11:12.986+0000] {processor.py:183} INFO - Processing /opt/airflow/dags/equity_pipeline_dag.py took 0.101 seconds
[2026-07-21T18:11:43.317+0000] {processor.py:161} INFO - Started process (PID=376) to work on /opt/airflow/dags/equity_pipeline_dag.py
[2026-07-21T18:11:43.318+0000] {processor.py:830} INFO - Processing file /opt/airflow/dags/equity_pipeline_dag.py for tasks to queue
[2026-07-21T18:11:43.320+0000] {logging_mixin.py:188} INFO - [2026-07-21T18:11:43.320+0000] {dagbag.py:538} INFO - Filling up the DagBag from /opt/airflow/dags/equity_pipeline_dag.py
[2026-07-21T18:11:43.341+0000] {processor.py:840} INFO - DAG(s) 'nifty_it_equity_pipeline' retrieved from /opt/airflow/dags/equity_pipeline_dag.py
[2026-07-21T18:11:43.368+0000] {logging_mixin.py:188} INFO - [2026-07-21T18:11:43.367+0000] {dag.py:3036} INFO - Sync 1 DAGs
[2026-07-21T18:11:43.395+0000] {logging_mixin.py:188} INFO - [2026-07-21T18:11:43.395+0000] {dag.py:3823} INFO - Setting next_dagrun for nifty_it_equity_pipeline to 2026-07-20 23:00:00+00:00, run_after=2026-07-21 23:00:00+00:00
[2026-07-21T18:11:43.419+0000] {processor.py:183} INFO - Processing /opt/airflow/dags/equity_pipeline_dag.py took 0.105 seconds
[2026-07-21T18:12:13.951+0000] {processor.py:161} INFO - Started process (PID=432) to work on /opt/airflow/dags/equity_pipeline_dag.py
[2026-07-21T18:12:13.952+0000] {processor.py:830} INFO - Processing file /opt/airflow/dags/equity_pipeline_dag.py for tasks to queue
[2026-07-21T18:12:13.954+0000] {logging_mixin.py:188} INFO - [2026-07-21T18:12:13.954+0000] {dagbag.py:538} INFO - Filling up the DagBag from /opt/airflow/dags/equity_pipeline_dag.py
[2026-07-21T18:12:13.972+0000] {processor.py:840} INFO - DAG(s) 'nifty_it_equity_pipeline' retrieved from /opt/airflow/dags/equity_pipeline_dag.py
[2026-07-21T18:12:13.994+0000] {logging_mixin.py:188} INFO - [2026-07-21T18:12:13.993+0000] {dag.py:3036} INFO - Sync 1 DAGs
[2026-07-21T18:12:14.015+0000] {logging_mixin.py:188} INFO - [2026-07-21T18:12:14.014+0000] {dag.py:3823} INFO - Setting next_dagrun for nifty_it_equity_pipeline to 2026-07-20 23:00:00+00:00, run_after=2026-07-21 23:00:00+00:00
[2026-07-21T18:12:14.034+0000] {processor.py:183} INFO - Processing /opt/airflow/dags/equity_pipeline_dag.py took 0.087 seconds
[2026-07-21T18:12:44.893+0000] {processor.py:161} INFO - Started process (PID=488) to work on /opt/airflow/dags/equity_pipeline_dag.py
[2026-07-21T18:12:44.894+0000] {processor.py:830} INFO - Processing file /opt/airflow/dags/equity_pipeline_dag.py for tasks to queue
[2026-07-21T18:12:44.896+0000] {logging_mixin.py:188} INFO - [2026-07-21T18:12:44.896+0000] {dagbag.py:538} INFO - Filling up the DagBag from /opt/airflow/dags/equity_pipeline_dag.py
[2026-07-21T18:12:44.916+0000] {processor.py:840} INFO - DAG(s) 'nifty_it_equity_pipeline' retrieved from /opt/airflow/dags/equity_pipeline_dag.py
[2026-07-21T18:12:44.938+0000] {logging_mixin.py:188} INFO - [2026-07-21T18:12:44.938+0000] {dag.py:3036} INFO - Sync 1 DAGs
[2026-07-21T18:12:44.962+0000] {logging_mixin.py:188} INFO - [2026-07-21T18:12:44.962+0000] {dag.py:3823} INFO - Setting next_dagrun for nifty_it_equity_pipeline to 2026-07-20 23:00:00+00:00, run_after=2026-07-21 23:00:00+00:00
[2026-07-21T18:12:44.994+0000] {processor.py:183} INFO - Processing /opt/airflow/dags/equity_pipeline_dag.py took 0.105 seconds
[2026-07-21T18:13:15.598+0000] {processor.py:161} INFO - Started process (PID=544) to work on /opt/airflow/dags/equity_pipeline_dag.py
[2026-07-21T18:13:15.599+0000] {processor.py:830} INFO - Processing file /opt/airflow/dags/equity_pipeline_dag.py for tasks to queue
[2026-07-21T18:13:15.601+0000] {logging_mixin.py:188} INFO - [2026-07-21T18:13:15.601+0000] {dagbag.py:538} INFO - Filling up the DagBag from /opt/airflow/dags/equity_pipeline_dag.py
[2026-07-21T18:13:15.620+0000] {processor.py:840} INFO - DAG(s) 'nifty_it_equity_pipeline' retrieved from /opt/airflow/dags/equity_pipeline_dag.py
[2026-07-21T18:13:15.639+0000] {logging_mixin.py:188} INFO - [2026-07-21T18:13:15.639+0000] {dag.py:3036} INFO - Sync 1 DAGs
[2026-07-21T18:13:15.662+0000] {logging_mixin.py:188} INFO - [2026-07-21T18:13:15.661+0000] {dag.py:3823} INFO - Setting next_dagrun for nifty_it_equity_pipeline to 2026-07-20 23:00:00+00:00, run_after=2026-07-21 23:00:00+00:00
[2026-07-21T18:13:15.690+0000] {processor.py:183} INFO - Processing /opt/airflow/dags/equity_pipeline_dag.py took 0.097 seconds
[2026-07-21T18:13:46.098+0000] {processor.py:161} INFO - Started process (PID=600) to work on /opt/airflow/dags/equity_pipeline_dag.py
[2026-07-21T18:13:46.099+0000] {processor.py:830} INFO - Processing file /opt/airflow/dags/equity_pipeline_dag.py for tasks to queue
[2026-07-21T18:13:46.101+0000] {logging_mixin.py:188} INFO - [2026-07-21T18:13:46.101+0000] {dagbag.py:538} INFO - Filling up the DagBag from /opt/airflow/dags/equity_pipeline_dag.py
[2026-07-21T18:13:46.120+0000] {processor.py:840} INFO - DAG(s) 'nifty_it_equity_pipeline' retrieved from /opt/airflow/dags/equity_pipeline_dag.py
[2026-07-21T18:13:46.141+0000] {logging_mixin.py:188} INFO - [2026-07-21T18:13:46.141+0000] {dag.py:3036} INFO - Sync 1 DAGs
[2026-07-21T18:13:46.166+0000] {logging_mixin.py:188} INFO - [2026-07-21T18:13:46.165+0000] {dag.py:3823} INFO - Setting next_dagrun for nifty_it_equity_pipeline to 2026-07-20 23:00:00+00:00, run_after=2026-07-21 23:00:00+00:00
[2026-07-21T18:13:46.194+0000] {processor.py:183} INFO - Processing /opt/airflow/dags/equity_pipeline_dag.py took 0.100 seconds
[2026-07-21T18:14:17.048+0000] {processor.py:161} INFO - Started process (PID=656) to work on /opt/airflow/dags/equity_pipeline_dag.py
[2026-07-21T18:14:17.049+0000] {processor.py:830} INFO - Processing file /opt/airflow/dags/equity_pipeline_dag.py for tasks to queue
[2026-07-21T18:14:17.051+0000] {logging_mixin.py:188} INFO - [2026-07-21T18:14:17.051+0000] {dagbag.py:538} INFO - Filling up the DagBag from /opt/airflow/dags/equity_pipeline_dag.py
[2026-07-21T18:14:17.069+0000] {processor.py:840} INFO - DAG(s) 'nifty_it_equity_pipeline' retrieved from /opt/airflow/dags/equity_pipeline_dag.py
[2026-07-21T18:14:17.088+0000] {logging_mixin.py:188} INFO - [2026-07-21T18:14:17.088+0000] {dag.py:3036} INFO - Sync 1 DAGs
[2026-07-21T18:14:17.110+0000] {logging_mixin.py:188} INFO - [2026-07-21T18:14:17.109+0000] {dag.py:3823} INFO - Setting next_dagrun for nifty_it_equity_pipeline to 2026-07-20 23:00:00+00:00, run_after=2026-07-21 23:00:00+00:00
[2026-07-21T18:14:17.129+0000] {processor.py:183} INFO - Processing /opt/airflow/dags/equity_pipeline_dag.py took 0.085 seconds
[2026-07-21T18:14:47.830+0000] {processor.py:161} INFO - Started process (PID=713) to work on /opt/airflow/dags/equity_pipeline_dag.py
[2026-07-21T18:14:47.831+0000] {processor.py:830} INFO - Processing file /opt/airflow/dags/equity_pipeline_dag.py for tasks to queue
[2026-07-21T18:14:47.835+0000] {logging_mixin.py:188} INFO - [2026-07-21T18:14:47.834+0000] {dagbag.py:538} INFO - Filling up the DagBag from /opt/airflow/dags/equity_pipeline_dag.py
[2026-07-21T18:14:47.857+0000] {processor.py:840} INFO - DAG(s) 'nifty_it_equity_pipeline' retrieved from /opt/airflow/dags/equity_pipeline_dag.py
[2026-07-21T18:14:47.895+0000] {logging_mixin.py:188} INFO - [2026-07-21T18:14:47.894+0000] {dag.py:3036} INFO - Sync 1 DAGs
[2026-07-21T18:14:47.934+0000] {logging_mixin.py:188} INFO - [2026-07-21T18:14:47.934+0000] {dag.py:3823} INFO - Setting next_dagrun for nifty_it_equity_pipeline to 2026-07-20 23:00:00+00:00, run_after=2026-07-21 23:00:00+00:00
[2026-07-21T18:14:47.966+0000] {processor.py:183} INFO - Processing /opt/airflow/dags/equity_pipeline_dag.py took 0.143 seconds
[2026-07-21T18:15:18.866+0000] {processor.py:161} INFO - Started process (PID=769) to work on /opt/airflow/dags/equity_pipeline_dag.py
[2026-07-21T18:15:18.867+0000] {processor.py:830} INFO - Processing file /opt/airflow/dags/equity_pipeline_dag.py for tasks to queue
[2026-07-21T18:15:18.869+0000] {logging_mixin.py:188} INFO - [2026-07-21T18:15:18.869+0000] {dagbag.py:538} INFO - Filling up the DagBag from /opt/airflow/dags/equity_pipeline_dag.py
[2026-07-21T18:15:18.887+0000] {processor.py:840} INFO - DAG(s) 'nifty_it_equity_pipeline' retrieved from /opt/airflow/dags/equity_pipeline_dag.py
[2026-07-21T18:15:18.910+0000] {logging_mixin.py:188} INFO - [2026-07-21T18:15:18.910+0000] {dag.py:3036} INFO - Sync 1 DAGs
[2026-07-21T18:15:18.935+0000] {logging_mixin.py:188} INFO - [2026-07-21T18:15:18.935+0000] {dag.py:3823} INFO - Setting next_dagrun for nifty_it_equity_pipeline to 2026-07-20 23:00:00+00:00, run_after=2026-07-21 23:00:00+00:00
[2026-07-21T18:15:18.965+0000] {processor.py:183} INFO - Processing /opt/airflow/dags/equity_pipeline_dag.py took 0.102 seconds
[2026-07-21T18:15:49.716+0000] {processor.py:161} INFO - Started process (PID=825) to work on /opt/airflow/dags/equity_pipeline_dag.py
[2026-07-21T18:15:49.717+0000] {processor.py:830} INFO - Processing file /opt/airflow/dags/equity_pipeline_dag.py for tasks to queue
[2026-07-21T18:15:49.719+0000] {logging_mixin.py:188} INFO - [2026-07-21T18:15:49.719+0000] {dagbag.py:538} INFO - Filling up the DagBag from /opt/airflow/dags/equity_pipeline_dag.py
[2026-07-21T18:15:49.736+0000] {processor.py:840} INFO - DAG(s) 'nifty_it_equity_pipeline' retrieved from /opt/airflow/dags/equity_pipeline_dag.py
[2026-07-21T18:15:49.756+0000] {logging_mixin.py:188} INFO - [2026-07-21T18:15:49.755+0000] {dag.py:3036} INFO - Sync 1 DAGs
[2026-07-21T18:15:49.778+0000] {logging_mixin.py:188} INFO - [2026-07-21T18:15:49.778+0000] {dag.py:3823} INFO - Setting next_dagrun for nifty_it_equity_pipeline to 2026-07-20 23:00:00+00:00, run_after=2026-07-21 23:00:00+00:00
[2026-07-21T18:15:49.797+0000] {processor.py:183} INFO - Processing /opt/airflow/dags/equity_pipeline_dag.py took 0.085 seconds
[2026-07-21T18:16:20.411+0000] {processor.py:161} INFO - Started process (PID=881) to work on /opt/airflow/dags/equity_pipeline_dag.py
[2026-07-21T18:16:20.412+0000] {processor.py:830} INFO - Processing file /opt/airflow/dags/equity_pipeline_dag.py for tasks to queue
[2026-07-21T18:16:20.415+0000] {logging_mixin.py:188} INFO - [2026-07-21T18:16:20.415+0000] {dagbag.py:538} INFO - Filling up the DagBag from /opt/airflow/dags/equity_pipeline_dag.py
[2026-07-21T18:16:20.438+0000] {processor.py:840} INFO - DAG(s) 'nifty_it_equity_pipeline' retrieved from /opt/airflow/dags/equity_pipeline_dag.py
[2026-07-21T18:16:20.466+0000] {logging_mixin.py:188} INFO - [2026-07-21T18:16:20.466+0000] {dag.py:3036} INFO - Sync 1 DAGs
[2026-07-21T18:16:20.492+0000] {logging_mixin.py:188} INFO - [2026-07-21T18:16:20.491+0000] {dag.py:3823} INFO - Setting next_dagrun for nifty_it_equity_pipeline to 2026-07-20 23:00:00+00:00, run_after=2026-07-21 23:00:00+00:00
[2026-07-21T18:16:20.515+0000] {processor.py:183} INFO - Processing /opt/airflow/dags/equity_pipeline_dag.py took 0.110 seconds
[2026-07-21T18:16:50.664+0000] {processor.py:161} INFO - Started process (PID=938) to work on /opt/airflow/dags/equity_pipeline_dag.py
[2026-07-21T18:16:50.665+0000] {processor.py:830} INFO - Processing file /opt/airflow/dags/equity_pipeline_dag.py for tasks to queue
[2026-07-21T18:16:50.667+0000] {logging_mixin.py:188} INFO - [2026-07-21T18:16:50.667+0000] {dagbag.py:538} INFO - Filling up the DagBag from /opt/airflow/dags/equity_pipeline_dag.py
[2026-07-21T18:16:50.684+0000] {processor.py:840} INFO - DAG(s) 'nifty_it_equity_pipeline' retrieved from /opt/airflow/dags/equity_pipeline_dag.py
[2026-07-21T18:16:50.707+0000] {logging_mixin.py:188} INFO - [2026-07-21T18:16:50.706+0000] {dag.py:3036} INFO - Sync 1 DAGs
[2026-07-21T18:16:50.728+0000] {logging_mixin.py:188} INFO - [2026-07-21T18:16:50.728+0000] {dag.py:3823} INFO - Setting next_dagrun for nifty_it_equity_pipeline to 2026-07-20 23:00:00+00:00, run_after=2026-07-21 23:00:00+00:00
[2026-07-21T18:16:50.750+0000] {processor.py:183} INFO - Processing /opt/airflow/dags/equity_pipeline_dag.py took 0.090 seconds
[2026-07-21T18:17:21.052+0000] {processor.py:161} INFO - Started process (PID=993) to work on /opt/airflow/dags/equity_pipeline_dag.py
[2026-07-21T18:17:21.053+0000] {processor.py:830} INFO - Processing file /opt/airflow/dags/equity_pipeline_dag.py for tasks to queue
[2026-07-21T18:17:21.055+0000] {logging_mixin.py:188} INFO - [2026-07-21T18:17:21.055+0000] {dagbag.py:538} INFO - Filling up the DagBag from /opt/airflow/dags/equity_pipeline_dag.py
[2026-07-21T18:17:21.072+0000] {processor.py:840} INFO - DAG(s) 'nifty_it_equity_pipeline' retrieved from /opt/airflow/dags/equity_pipeline_dag.py
[2026-07-21T18:17:21.091+0000] {logging_mixin.py:188} INFO - [2026-07-21T18:17:21.091+0000] {dag.py:3036} INFO - Sync 1 DAGs
[2026-07-21T18:17:21.113+0000] {logging_mixin.py:188} INFO - [2026-07-21T18:17:21.113+0000] {dag.py:3823} INFO - Setting next_dagrun for nifty_it_equity_pipeline to 2026-07-20 23:00:00+00:00, run_after=2026-07-21 23:00:00+00:00
[2026-07-21T18:17:21.140+0000] {processor.py:183} INFO - Processing /opt/airflow/dags/equity_pipeline_dag.py took 0.092 seconds
[2026-07-21T18:17:51.900+0000] {processor.py:161} INFO - Started process (PID=1049) to work on /opt/airflow/dags/equity_pipeline_dag.py
[2026-07-21T18:17:51.902+0000] {processor.py:830} INFO - Processing file /opt/airflow/dags/equity_pipeline_dag.py for tasks to queue
[2026-07-21T18:17:51.905+0000] {logging_mixin.py:188} INFO - [2026-07-21T18:17:51.904+0000] {dagbag.py:538} INFO - Filling up the DagBag from /opt/airflow/dags/equity_pipeline_dag.py
[2026-07-21T18:17:51.926+0000] {processor.py:840} INFO - DAG(s) 'nifty_it_equity_pipeline' retrieved from /opt/airflow/dags/equity_pipeline_dag.py
[2026-07-21T18:17:51.952+0000] {logging_mixin.py:188} INFO - [2026-07-21T18:17:51.952+0000] {dag.py:3036} INFO - Sync 1 DAGs
[2026-07-21T18:17:51.980+0000] {logging_mixin.py:188} INFO - [2026-07-21T18:17:51.980+0000] {dag.py:3823} INFO - Setting next_dagrun for nifty_it_equity_pipeline to 2026-07-20 23:00:00+00:00, run_after=2026-07-21 23:00:00+00:00
[2026-07-21T18:17:52.002+0000] {processor.py:183} INFO - Processing /opt/airflow/dags/equity_pipeline_dag.py took 0.107 seconds
[2026-07-21T18:18:22.933+0000] {processor.py:161} INFO - Started process (PID=1105) to work on /opt/airflow/dags/equity_pipeline_dag.py
[2026-07-21T18:18:22.934+0000] {processor.py:830} INFO - Processing file /opt/airflow/dags/equity_pipeline_dag.py for tasks to queue
[2026-07-21T18:18:22.936+0000] {logging_mixin.py:188} INFO - [2026-07-21T18:18:22.936+0000] {dagbag.py:538} INFO - Filling up the DagBag from /opt/airflow/dags/equity_pipeline_dag.py
[2026-07-21T18:18:22.953+0000] {processor.py:840} INFO - DAG(s) 'nifty_it_equity_pipeline' retrieved from /opt/airflow/dags/equity_pipeline_dag.py
[2026-07-21T18:18:22.972+0000] {logging_mixin.py:188} INFO - [2026-07-21T18:18:22.971+0000] {dag.py:3036} INFO - Sync 1 DAGs
[2026-07-21T18:18:22.992+0000] {logging_mixin.py:188} INFO - [2026-07-21T18:18:22.992+0000] {dag.py:3823} INFO - Setting next_dagrun for nifty_it_equity_pipeline to 2026-07-20 23:00:00+00:00, run_after=2026-07-21 23:00:00+00:00
[2026-07-21T18:18:23.019+0000] {processor.py:183} INFO - Processing /opt/airflow/dags/equity_pipeline_dag.py took 0.089 seconds
[2026-07-21T18:18:53.611+0000] {processor.py:161} INFO - Started process (PID=1161) to work on /opt/airflow/dags/equity_pipeline_dag.py
[2026-07-21T18:18:53.612+0000] {processor.py:830} INFO - Processing file /opt/airflow/dags/equity_pipeline_dag.py for tasks to queue
[2026-07-21T18:18:53.614+0000] {logging_mixin.py:188} INFO - [2026-07-21T18:18:53.614+0000] {dagbag.py:538} INFO - Filling up the DagBag from /opt/airflow/dags/equity_pipeline_dag.py
[2026-07-21T18:18:53.632+0000] {processor.py:840} INFO - DAG(s) 'nifty_it_equity_pipeline' retrieved from /opt/airflow/dags/equity_pipeline_dag.py
[2026-07-21T18:18:53.650+0000] {logging_mixin.py:188} INFO - [2026-07-21T18:18:53.650+0000] {dag.py:3036} INFO - Sync 1 DAGs
[2026-07-21T18:18:53.672+0000] {logging_mixin.py:188} INFO - [2026-07-21T18:18:53.671+0000] {dag.py:3823} INFO - Setting next_dagrun for nifty_it_equity_pipeline to 2026-07-20 23:00:00+00:00, run_after=2026-07-21 23:00:00+00:00
[2026-07-21T18:18:53.699+0000] {processor.py:183} INFO - Processing /opt/airflow/dags/equity_pipeline_dag.py took 0.092 seconds
[2026-07-21T18:19:24.590+0000] {processor.py:161} INFO - Started process (PID=1217) to work on /opt/airflow/dags/equity_pipeline_dag.py
[2026-07-21T18:19:24.591+0000] {processor.py:830} INFO - Processing file /opt/airflow/dags/equity_pipeline_dag.py for tasks to queue
[2026-07-21T18:19:24.593+0000] {logging_mixin.py:188} INFO - [2026-07-21T18:19:24.593+0000] {dagbag.py:538} INFO - Filling up the DagBag from /opt/airflow/dags/equity_pipeline_dag.py
[2026-07-21T18:19:24.611+0000] {processor.py:840} INFO - DAG(s) 'nifty_it_equity_pipeline' retrieved from /opt/airflow/dags/equity_pipeline_dag.py
[2026-07-21T18:19:24.631+0000] {logging_mixin.py:188} INFO - [2026-07-21T18:19:24.630+0000] {dag.py:3036} INFO - Sync 1 DAGs
[2026-07-21T18:19:24.656+0000] {logging_mixin.py:188} INFO - [2026-07-21T18:19:24.655+0000] {dag.py:3823} INFO - Setting next_dagrun for nifty_it_equity_pipeline to 2026-07-20 23:00:00+00:00, run_after=2026-07-21 23:00:00+00:00
[2026-07-21T18:19:24.673+0000] {processor.py:183} INFO - Processing /opt/airflow/dags/equity_pipeline_dag.py took 0.087 seconds
[2026-07-21T18:19:55.074+0000] {processor.py:161} INFO - Started process (PID=1273) to work on /opt/airflow/dags/equity_pipeline_dag.py
[2026-07-21T18:19:55.075+0000] {processor.py:830} INFO - Processing file /opt/airflow/dags/equity_pipeline_dag.py for tasks to queue
[2026-07-21T18:19:55.077+0000] {logging_mixin.py:188} INFO - [2026-07-21T18:19:55.077+0000] {dagbag.py:538} INFO - Filling up the DagBag from /opt/airflow/dags/equity_pipeline_dag.py
[2026-07-21T18:19:55.096+0000] {processor.py:840} INFO - DAG(s) 'nifty_it_equity_pipeline' retrieved from /opt/airflow/dags/equity_pipeline_dag.py
[2026-07-21T18:19:55.119+0000] {logging_mixin.py:188} INFO - [2026-07-21T18:19:55.119+0000] {dag.py:3036} INFO - Sync 1 DAGs
[2026-07-21T18:19:55.142+0000] {logging_mixin.py:188} INFO - [2026-07-21T18:19:55.142+0000] {dag.py:3823} INFO - Setting next_dagrun for nifty_it_equity_pipeline to 2026-07-20 23:00:00+00:00, run_after=2026-07-21 23:00:00+00:00
[2026-07-21T18:19:55.162+0000] {processor.py:183} INFO - Processing /opt/airflow/dags/equity_pipeline_dag.py took 0.092 seconds
[2026-07-21T18:20:25.720+0000] {processor.py:161} INFO - Started process (PID=1329) to work on /opt/airflow/dags/equity_pipeline_dag.py
[2026-07-21T18:20:25.721+0000] {processor.py:830} INFO - Processing file /opt/airflow/dags/equity_pipeline_dag.py for tasks to queue
[2026-07-21T18:20:25.723+0000] {logging_mixin.py:188} INFO - [2026-07-21T18:20:25.722+0000] {dagbag.py:538} INFO - Filling up the DagBag from /opt/airflow/dags/equity_pipeline_dag.py
[2026-07-21T18:20:25.741+0000] {processor.py:840} INFO - DAG(s) 'nifty_it_equity_pipeline' retrieved from /opt/airflow/dags/equity_pipeline_dag.py
[2026-07-21T18:20:25.762+0000] {logging_mixin.py:188} INFO - [2026-07-21T18:20:25.761+0000] {dag.py:3036} INFO - Sync 1 DAGs
[2026-07-21T18:20:25.786+0000] {logging_mixin.py:188} INFO - [2026-07-21T18:20:25.786+0000] {dag.py:3823} INFO - Setting next_dagrun for nifty_it_equity_pipeline to 2026-07-20 23:00:00+00:00, run_after=2026-07-21 23:00:00+00:00
[2026-07-21T18:20:25.815+0000] {processor.py:183} INFO - Processing /opt/airflow/dags/equity_pipeline_dag.py took 0.099 seconds
[2026-07-21T18:20:56.532+0000] {processor.py:161} INFO - Started process (PID=1385) to work on /opt/airflow/dags/equity_pipeline_dag.py
[2026-07-21T18:20:56.534+0000] {processor.py:830} INFO - Processing file /opt/airflow/dags/equity_pipeline_dag.py for tasks to queue
[2026-07-21T18:20:56.535+0000] {logging_mixin.py:188} INFO - [2026-07-21T18:20:56.535+0000] {dagbag.py:538} INFO - Filling up the DagBag from /opt/airflow/dags/equity_pipeline_dag.py
[2026-07-21T18:20:56.554+0000] {processor.py:840} INFO - DAG(s) 'nifty_it_equity_pipeline' retrieved from /opt/airflow/dags/equity_pipeline_dag.py
[2026-07-21T18:20:56.576+0000] {logging_mixin.py:188} INFO - [2026-07-21T18:20:56.576+0000] {dag.py:3036} INFO - Sync 1 DAGs
[2026-07-21T18:20:56.600+0000] {logging_mixin.py:188} INFO - [2026-07-21T18:20:56.600+0000] {dag.py:3823} INFO - Setting next_dagrun for nifty_it_equity_pipeline to 2026-07-20 23:00:00+00:00, run_after=2026-07-21 23:00:00+00:00
[2026-07-21T18:20:56.797+0000] {processor.py:183} INFO - Processing /opt/airflow/dags/equity_pipeline_dag.py took 0.268 seconds
[2026-07-21T18:21:27.673+0000] {processor.py:161} INFO - Started process (PID=1441) to work on /opt/airflow/dags/equity_pipeline_dag.py
[2026-07-21T18:21:27.675+0000] {processor.py:830} INFO - Processing file /opt/airflow/dags/equity_pipeline_dag.py for tasks to queue
[2026-07-21T18:21:27.677+0000] {logging_mixin.py:188} INFO - [2026-07-21T18:21:27.676+0000] {dagbag.py:538} INFO - Filling up the DagBag from /opt/airflow/dags/equity_pipeline_dag.py
[2026-07-21T18:21:27.693+0000] {processor.py:840} INFO - DAG(s) 'nifty_it_equity_pipeline' retrieved from /opt/airflow/dags/equity_pipeline_dag.py
[2026-07-21T18:21:27.713+0000] {logging_mixin.py:188} INFO - [2026-07-21T18:21:27.713+0000] {dag.py:3036} INFO - Sync 1 DAGs
[2026-07-21T18:21:27.738+0000] {logging_mixin.py:188} INFO - [2026-07-21T18:21:27.737+0000] {dag.py:3823} INFO - Setting next_dagrun for nifty_it_equity_pipeline to 2026-07-20 23:00:00+00:00, run_after=2026-07-21 23:00:00+00:00
[2026-07-21T18:21:27.765+0000] {processor.py:183} INFO - Processing /opt/airflow/dags/equity_pipeline_dag.py took 0.095 seconds
[2026-07-21T18:21:58.154+0000] {processor.py:161} INFO - Started process (PID=1497) to work on /opt/airflow/dags/equity_pipeline_dag.py
[2026-07-21T18:21:58.156+0000] {processor.py:830} INFO - Processing file /opt/airflow/dags/equity_pipeline_dag.py for tasks to queue
[2026-07-21T18:21:58.158+0000] {logging_mixin.py:188} INFO - [2026-07-21T18:21:58.157+0000] {dagbag.py:538} INFO - Filling up the DagBag from /opt/airflow/dags/equity_pipeline_dag.py
[2026-07-21T18:21:58.175+0000] {processor.py:840} INFO - DAG(s) 'nifty_it_equity_pipeline' retrieved from /opt/airflow/dags/equity_pipeline_dag.py
[2026-07-21T18:21:58.195+0000] {logging_mixin.py:188} INFO - [2026-07-21T18:21:58.195+0000] {dag.py:3036} INFO - Sync 1 DAGs
[2026-07-21T18:21:58.220+0000] {logging_mixin.py:188} INFO - [2026-07-21T18:21:58.219+0000] {dag.py:3823} INFO - Setting next_dagrun for nifty_it_equity_pipeline to 2026-07-20 23:00:00+00:00, run_after=2026-07-21 23:00:00+00:00
[2026-07-21T18:21:58.239+0000] {processor.py:183} INFO - Processing /opt/airflow/dags/equity_pipeline_dag.py took 0.089 seconds
[2026-07-21T18:22:28.289+0000] {processor.py:161} INFO - Started process (PID=1553) to work on /opt/airflow/dags/equity_pipeline_dag.py
[2026-07-21T18:22:28.290+0000] {processor.py:830} INFO - Processing file /opt/airflow/dags/equity_pipeline_dag.py for tasks to queue
[2026-07-21T18:22:28.292+0000] {logging_mixin.py:188} INFO - [2026-07-21T18:22:28.292+0000] {dagbag.py:538} INFO - Filling up the DagBag from /opt/airflow/dags/equity_pipeline_dag.py
[2026-07-21T18:22:28.309+0000] {processor.py:840} INFO - DAG(s) 'nifty_it_equity_pipeline' retrieved from /opt/airflow/dags/equity_pipeline_dag.py
[2026-07-21T18:22:28.334+0000] {logging_mixin.py:188} INFO - [2026-07-21T18:22:28.333+0000] {dag.py:3036} INFO - Sync 1 DAGs
[2026-07-21T18:22:28.358+0000] {logging_mixin.py:188} INFO - [2026-07-21T18:22:28.358+0000] {dag.py:3823} INFO - Setting next_dagrun for nifty_it_equity_pipeline to 2026-07-20 23:00:00+00:00, run_after=2026-07-21 23:00:00+00:00
[2026-07-21T18:22:28.380+0000] {processor.py:183} INFO - Processing /opt/airflow/dags/equity_pipeline_dag.py took 0.095 seconds
[2026-07-21T18:22:59.257+0000] {processor.py:161} INFO - Started process (PID=1609) to work on /opt/airflow/dags/equity_pipeline_dag.py
[2026-07-21T18:22:59.258+0000] {processor.py:830} INFO - Processing file /opt/airflow/dags/equity_pipeline_dag.py for tasks to queue
[2026-07-21T18:22:59.260+0000] {logging_mixin.py:188} INFO - [2026-07-21T18:22:59.260+0000] {dagbag.py:538} INFO - Filling up the DagBag from /opt/airflow/dags/equity_pipeline_dag.py
[2026-07-21T18:22:59.278+0000] {processor.py:840} INFO - DAG(s) 'nifty_it_equity_pipeline' retrieved from /opt/airflow/dags/equity_pipeline_dag.py
[2026-07-21T18:22:59.300+0000] {logging_mixin.py:188} INFO - [2026-07-21T18:22:59.300+0000] {dag.py:3036} INFO - Sync 1 DAGs
[2026-07-21T18:22:59.512+0000] {logging_mixin.py:188} INFO - [2026-07-21T18:22:59.512+0000] {dag.py:3823} INFO - Setting next_dagrun for nifty_it_equity_pipeline to 2026-07-20 23:00:00+00:00, run_after=2026-07-21 23:00:00+00:00
[2026-07-21T18:22:59.536+0000] {processor.py:183} INFO - Processing /opt/airflow/dags/equity_pipeline_dag.py took 0.283 seconds
[2026-07-21T18:23:30.213+0000] {processor.py:161} INFO - Started process (PID=1665) to work on /opt/airflow/dags/equity_pipeline_dag.py
[2026-07-21T18:23:30.214+0000] {processor.py:830} INFO - Processing file /opt/airflow/dags/equity_pipeline_dag.py for tasks to queue
[2026-07-21T18:23:30.216+0000] {logging_mixin.py:188} INFO - [2026-07-21T18:23:30.216+0000] {dagbag.py:538} INFO - Filling up the DagBag from /opt/airflow/dags/equity_pipeline_dag.py
[2026-07-21T18:23:30.233+0000] {processor.py:840} INFO - DAG(s) 'nifty_it_equity_pipeline' retrieved from /opt/airflow/dags/equity_pipeline_dag.py
[2026-07-21T18:23:30.254+0000] {logging_mixin.py:188} INFO - [2026-07-21T18:23:30.254+0000] {dag.py:3036} INFO - Sync 1 DAGs
[2026-07-21T18:23:30.457+0000] {logging_mixin.py:188} INFO - [2026-07-21T18:23:30.457+0000] {dag.py:3823} INFO - Setting next_dagrun for nifty_it_equity_pipeline to 2026-07-20 23:00:00+00:00, run_after=2026-07-21 23:00:00+00:00
[2026-07-21T18:23:30.481+0000] {processor.py:183} INFO - Processing /opt/airflow/dags/equity_pipeline_dag.py took 0.272 seconds
[2026-07-21T18:24:00.549+0000] {processor.py:161} INFO - Started process (PID=1721) to work on /opt/airflow/dags/equity_pipeline_dag.py
[2026-07-21T18:24:00.550+0000] {processor.py:830} INFO - Processing file /opt/airflow/dags/equity_pipeline_dag.py for tasks to queue
[2026-07-21T18:24:00.553+0000] {logging_mixin.py:188} INFO - [2026-07-21T18:24:00.552+0000] {dagbag.py:538} INFO - Filling up the DagBag from /opt/airflow/dags/equity_pipeline_dag.py
[2026-07-21T18:24:00.573+0000] {processor.py:840} INFO - DAG(s) 'nifty_it_equity_pipeline' retrieved from /opt/airflow/dags/equity_pipeline_dag.py
[2026-07-21T18:24:00.596+0000] {logging_mixin.py:188} INFO - [2026-07-21T18:24:00.596+0000] {dag.py:3036} INFO - Sync 1 DAGs
[2026-07-21T18:24:00.621+0000] {logging_mixin.py:188} INFO - [2026-07-21T18:24:00.621+0000] {dag.py:3823} INFO - Setting next_dagrun for nifty_it_equity_pipeline to 2026-07-20 23:00:00+00:00, run_after=2026-07-21 23:00:00+00:00
[2026-07-21T18:24:00.644+0000] {processor.py:183} INFO - Processing /opt/airflow/dags/equity_pipeline_dag.py took 0.099 seconds
[2026-07-21T18:24:31.579+0000] {processor.py:161} INFO - Started process (PID=1777) to work on /opt/airflow/dags/equity_pipeline_dag.py
[2026-07-21T18:24:31.581+0000] {processor.py:830} INFO - Processing file /opt/airflow/dags/equity_pipeline_dag.py for tasks to queue
[2026-07-21T18:24:31.584+0000] {logging_mixin.py:188} INFO - [2026-07-21T18:24:31.583+0000] {dagbag.py:538} INFO - Filling up the DagBag from /opt/airflow/dags/equity_pipeline_dag.py
[2026-07-21T18:24:31.603+0000] {processor.py:840} INFO - DAG(s) 'nifty_it_equity_pipeline' retrieved from /opt/airflow/dags/equity_pipeline_dag.py
[2026-07-21T18:24:31.626+0000] {logging_mixin.py:188} INFO - [2026-07-21T18:24:31.625+0000] {dag.py:3036} INFO - Sync 1 DAGs
[2026-07-21T18:24:31.654+0000] {logging_mixin.py:188} INFO - [2026-07-21T18:24:31.654+0000] {dag.py:3823} INFO - Setting next_dagrun for nifty_it_equity_pipeline to 2026-07-20 23:00:00+00:00, run_after=2026-07-21 23:00:00+00:00
[2026-07-21T18:24:31.675+0000] {processor.py:183} INFO - Processing /opt/airflow/dags/equity_pipeline_dag.py took 0.101 seconds
[2026-07-21T18:25:01.819+0000] {processor.py:161} INFO - Started process (PID=1833) to work on /opt/airflow/dags/equity_pipeline_dag.py
[2026-07-21T18:25:01.821+0000] {processor.py:830} INFO - Processing file /opt/airflow/dags/equity_pipeline_dag.py for tasks to queue
[2026-07-21T18:25:01.823+0000] {logging_mixin.py:188} INFO - [2026-07-21T18:25:01.823+0000] {dagbag.py:538} INFO - Filling up the DagBag from /opt/airflow/dags/equity_pipeline_dag.py
[2026-07-21T18:25:01.843+0000] {processor.py:840} INFO - DAG(s) 'nifty_it_equity_pipeline' retrieved from /opt/airflow/dags/equity_pipeline_dag.py
[2026-07-21T18:25:01.876+0000] {logging_mixin.py:188} INFO - [2026-07-21T18:25:01.875+0000] {dag.py:3036} INFO - Sync 1 DAGs
[2026-07-21T18:25:01.911+0000] {logging_mixin.py:188} INFO - [2026-07-21T18:25:01.911+0000] {dag.py:3823} INFO - Setting next_dagrun for nifty_it_equity_pipeline to 2026-07-20 23:00:00+00:00, run_after=2026-07-21 23:00:00+00:00
[2026-07-21T18:25:01.939+0000] {processor.py:183} INFO - Processing /opt/airflow/dags/equity_pipeline_dag.py took 0.125 seconds
[2026-07-21T18:25:32.251+0000] {processor.py:161} INFO - Started process (PID=1889) to work on /opt/airflow/dags/equity_pipeline_dag.py
[2026-07-21T18:25:32.253+0000] {processor.py:830} INFO - Processing file /opt/airflow/dags/equity_pipeline_dag.py for tasks to queue
[2026-07-21T18:25:32.255+0000] {logging_mixin.py:188} INFO - [2026-07-21T18:25:32.255+0000] {dagbag.py:538} INFO - Filling up the DagBag from /opt/airflow/dags/equity_pipeline_dag.py
[2026-07-21T18:25:32.274+0000] {processor.py:840} INFO - DAG(s) 'nifty_it_equity_pipeline' retrieved from /opt/airflow/dags/equity_pipeline_dag.py
[2026-07-21T18:25:32.296+0000] {logging_mixin.py:188} INFO - [2026-07-21T18:25:32.295+0000] {dag.py:3036} INFO - Sync 1 DAGs
[2026-07-21T18:25:32.339+0000] {logging_mixin.py:188} INFO - [2026-07-21T18:25:32.339+0000] {dag.py:3823} INFO - Setting next_dagrun for nifty_it_equity_pipeline to 2026-07-20 23:00:00+00:00, run_after=2026-07-21 23:00:00+00:00
[2026-07-21T18:25:32.362+0000] {processor.py:183} INFO - Processing /opt/airflow/dags/equity_pipeline_dag.py took 0.115 seconds
[2026-07-21T18:26:02.899+0000] {processor.py:161} INFO - Started process (PID=1945) to work on /opt/airflow/dags/equity_pipeline_dag.py
[2026-07-21T18:26:02.901+0000] {processor.py:830} INFO - Processing file /opt/airflow/dags/equity_pipeline_dag.py for tasks to queue
[2026-07-21T18:26:02.904+0000] {logging_mixin.py:188} INFO - [2026-07-21T18:26:02.904+0000] {dagbag.py:538} INFO - Filling up the DagBag from /opt/airflow/dags/equity_pipeline_dag.py
[2026-07-21T18:26:02.929+0000] {processor.py:840} INFO - DAG(s) 'nifty_it_equity_pipeline' retrieved from /opt/airflow/dags/equity_pipeline_dag.py
[2026-07-21T18:26:02.961+0000] {logging_mixin.py:188} INFO - [2026-07-21T18:26:02.960+0000] {dag.py:3036} INFO - Sync 1 DAGs
[2026-07-21T18:26:02.994+0000] {logging_mixin.py:188} INFO - [2026-07-21T18:26:02.994+0000] {dag.py:3823} INFO - Setting next_dagrun for nifty_it_equity_pipeline to 2026-07-20 23:00:00+00:00, run_after=2026-07-21 23:00:00+00:00
[2026-07-21T18:26:03.019+0000] {processor.py:183} INFO - Processing /opt/airflow/dags/equity_pipeline_dag.py took 0.125 seconds
[2026-07-21T18:26:33.716+0000] {processor.py:161} INFO - Started process (PID=2001) to work on /opt/airflow/dags/equity_pipeline_dag.py
[2026-07-21T18:26:33.717+0000] {processor.py:830} INFO - Processing file /opt/airflow/dags/equity_pipeline_dag.py for tasks to queue
[2026-07-21T18:26:33.720+0000] {logging_mixin.py:188} INFO - [2026-07-21T18:26:33.720+0000] {dagbag.py:538} INFO - Filling up the DagBag from /opt/airflow/dags/equity_pipeline_dag.py
[2026-07-21T18:26:33.741+0000] {processor.py:840} INFO - DAG(s) 'nifty_it_equity_pipeline' retrieved from /opt/airflow/dags/equity_pipeline_dag.py
[2026-07-21T18:26:33.766+0000] {logging_mixin.py:188} INFO - [2026-07-21T18:26:33.766+0000] {dag.py:3036} INFO - Sync 1 DAGs
[2026-07-21T18:26:33.793+0000] {logging_mixin.py:188} INFO - [2026-07-21T18:26:33.793+0000] {dag.py:3823} INFO - Setting next_dagrun for nifty_it_equity_pipeline to 2026-07-20 23:00:00+00:00, run_after=2026-07-21 23:00:00+00:00
[2026-07-21T18:26:33.817+0000] {processor.py:183} INFO - Processing /opt/airflow/dags/equity_pipeline_dag.py took 0.106 seconds
[2026-07-21T18:27:04.200+0000] {processor.py:161} INFO - Started process (PID=2057) to work on /opt/airflow/dags/equity_pipeline_dag.py
[2026-07-21T18:27:04.202+0000] {processor.py:830} INFO - Processing file /opt/airflow/dags/equity_pipeline_dag.py for tasks to queue
[2026-07-21T18:27:04.205+0000] {logging_mixin.py:188} INFO - [2026-07-21T18:27:04.204+0000] {dagbag.py:538} INFO - Filling up the DagBag from /opt/airflow/dags/equity_pipeline_dag.py
[2026-07-21T18:27:04.226+0000] {processor.py:840} INFO - DAG(s) 'nifty_it_equity_pipeline' retrieved from /opt/airflow/dags/equity_pipeline_dag.py
[2026-07-21T18:27:04.248+0000] {logging_mixin.py:188} INFO - [2026-07-21T18:27:04.248+0000] {dag.py:3036} INFO - Sync 1 DAGs
[2026-07-21T18:27:04.274+0000] {logging_mixin.py:188} INFO - [2026-07-21T18:27:04.274+0000] {dag.py:3823} INFO - Setting next_dagrun for nifty_it_equity_pipeline to 2026-07-20 23:00:00+00:00, run_after=2026-07-21 23:00:00+00:00
[2026-07-21T18:27:04.294+0000] {processor.py:183} INFO - Processing /opt/airflow/dags/equity_pipeline_dag.py took 0.098 seconds
[2026-07-21T18:27:34.915+0000] {processor.py:161} INFO - Started process (PID=2113) to work on /opt/airflow/dags/equity_pipeline_dag.py
[2026-07-21T18:27:34.916+0000] {processor.py:830} INFO - Processing file /opt/airflow/dags/equity_pipeline_dag.py for tasks to queue
[2026-07-21T18:27:34.919+0000] {logging_mixin.py:188} INFO - [2026-07-21T18:27:34.918+0000] {dagbag.py:538} INFO - Filling up the DagBag from /opt/airflow/dags/equity_pipeline_dag.py
[2026-07-21T18:27:34.938+0000] {processor.py:840} INFO - DAG(s) 'nifty_it_equity_pipeline' retrieved from /opt/airflow/dags/equity_pipeline_dag.py
[2026-07-21T18:27:34.961+0000] {logging_mixin.py:188} INFO - [2026-07-21T18:27:34.961+0000] {dag.py:3036} INFO - Sync 1 DAGs
[2026-07-21T18:27:34.987+0000] {logging_mixin.py:188} INFO - [2026-07-21T18:27:34.986+0000] {dag.py:3823} INFO - Setting next_dagrun for nifty_it_equity_pipeline to 2026-07-20 23:00:00+00:00, run_after=2026-07-21 23:00:00+00:00
[2026-07-21T18:27:35.007+0000] {processor.py:183} INFO - Processing /opt/airflow/dags/equity_pipeline_dag.py took 0.096 seconds
[2026-07-21T18:28:05.533+0000] {processor.py:161} INFO - Started process (PID=2169) to work on /opt/airflow/dags/equity_pipeline_dag.py
[2026-07-21T18:28:05.534+0000] {processor.py:830} INFO - Processing file /opt/airflow/dags/equity_pipeline_dag.py for tasks to queue
[2026-07-21T18:28:05.536+0000] {logging_mixin.py:188} INFO - [2026-07-21T18:28:05.536+0000] {dagbag.py:538} INFO - Filling up the DagBag from /opt/airflow/dags/equity_pipeline_dag.py
[2026-07-21T18:28:05.555+0000] {processor.py:840} INFO - DAG(s) 'nifty_it_equity_pipeline' retrieved from /opt/airflow/dags/equity_pipeline_dag.py
[2026-07-21T18:28:05.578+0000] {logging_mixin.py:188} INFO - [2026-07-21T18:28:05.578+0000] {dag.py:3036} INFO - Sync 1 DAGs
[2026-07-21T18:28:05.604+0000] {logging_mixin.py:188} INFO - [2026-07-21T18:28:05.604+0000] {dag.py:3823} INFO - Setting next_dagrun for nifty_it_equity_pipeline to 2026-07-20 23:00:00+00:00, run_after=2026-07-21 23:00:00+00:00
[2026-07-21T18:28:05.623+0000] {processor.py:183} INFO - Processing /opt/airflow/dags/equity_pipeline_dag.py took 0.095 seconds
[2026-07-21T18:28:35.878+0000] {processor.py:161} INFO - Started process (PID=2225) to work on /opt/airflow/dags/equity_pipeline_dag.py
[2026-07-21T18:28:35.879+0000] {processor.py:830} INFO - Processing file /opt/airflow/dags/equity_pipeline_dag.py for tasks to queue
[2026-07-21T18:28:35.881+0000] {logging_mixin.py:188} INFO - [2026-07-21T18:28:35.881+0000] {dagbag.py:538} INFO - Filling up the DagBag from /opt/airflow/dags/equity_pipeline_dag.py
[2026-07-21T18:28:35.898+0000] {processor.py:840} INFO - DAG(s) 'nifty_it_equity_pipeline' retrieved from /opt/airflow/dags/equity_pipeline_dag.py
[2026-07-21T18:28:35.917+0000] {logging_mixin.py:188} INFO - [2026-07-21T18:28:35.916+0000] {dag.py:3036} INFO - Sync 1 DAGs
[2026-07-21T18:28:35.938+0000] {logging_mixin.py:188} INFO - [2026-07-21T18:28:35.938+0000] {dag.py:3823} INFO - Setting next_dagrun for nifty_it_equity_pipeline to 2026-07-20 23:00:00+00:00, run_after=2026-07-21 23:00:00+00:00
[2026-07-21T18:28:35.966+0000] {processor.py:183} INFO - Processing /opt/airflow/dags/equity_pipeline_dag.py took 0.091 seconds
[2026-07-21T18:29:06.165+0000] {processor.py:161} INFO - Started process (PID=2281) to work on /opt/airflow/dags/equity_pipeline_dag.py
[2026-07-21T18:29:06.166+0000] {processor.py:830} INFO - Processing file /opt/airflow/dags/equity_pipeline_dag.py for tasks to queue
[2026-07-21T18:29:06.168+0000] {logging_mixin.py:188} INFO - [2026-07-21T18:29:06.168+0000] {dagbag.py:538} INFO - Filling up the DagBag from /opt/airflow/dags/equity_pipeline_dag.py
[2026-07-21T18:29:06.187+0000] {processor.py:840} INFO - DAG(s) 'nifty_it_equity_pipeline' retrieved from /opt/airflow/dags/equity_pipeline_dag.py
[2026-07-21T18:29:06.211+0000] {logging_mixin.py:188} INFO - [2026-07-21T18:29:06.211+0000] {dag.py:3036} INFO - Sync 1 DAGs
[2026-07-21T18:29:06.236+0000] {logging_mixin.py:188} INFO - [2026-07-21T18:29:06.236+0000] {dag.py:3823} INFO - Setting next_dagrun for nifty_it_equity_pipeline to 2026-07-20 23:00:00+00:00, run_after=2026-07-21 23:00:00+00:00
[2026-07-21T18:29:06.265+0000] {processor.py:183} INFO - Processing /opt/airflow/dags/equity_pipeline_dag.py took 0.103 seconds
[2026-07-21T18:29:36.808+0000] {processor.py:161} INFO - Started process (PID=2337) to work on /opt/airflow/dags/equity_pipeline_dag.py
[2026-07-21T18:29:36.809+0000] {processor.py:830} INFO - Processing file /opt/airflow/dags/equity_pipeline_dag.py for tasks to queue
[2026-07-21T18:29:36.813+0000] {logging_mixin.py:188} INFO - [2026-07-21T18:29:36.813+0000] {dagbag.py:538} INFO - Filling up the DagBag from /opt/airflow/dags/equity_pipeline_dag.py
[2026-07-21T18:29:36.831+0000] {processor.py:840} INFO - DAG(s) 'nifty_it_equity_pipeline' retrieved from /opt/airflow/dags/equity_pipeline_dag.py
[2026-07-21T18:29:36.854+0000] {logging_mixin.py:188} INFO - [2026-07-21T18:29:36.854+0000] {dag.py:3036} INFO - Sync 1 DAGs
[2026-07-21T18:29:36.879+0000] {logging_mixin.py:188} INFO - [2026-07-21T18:29:36.879+0000] {dag.py:3823} INFO - Setting next_dagrun for nifty_it_equity_pipeline to 2026-07-20 23:00:00+00:00, run_after=2026-07-21 23:00:00+00:00
[2026-07-21T18:29:36.899+0000] {processor.py:183} INFO - Processing /opt/airflow/dags/equity_pipeline_dag.py took 0.095 seconds
[2026-07-21T18:30:07.273+0000] {processor.py:161} INFO - Started process (PID=2393) to work on /opt/airflow/dags/equity_pipeline_dag.py
[2026-07-21T18:30:07.275+0000] {processor.py:830} INFO - Processing file /opt/airflow/dags/equity_pipeline_dag.py for tasks to queue
[2026-07-21T18:30:07.277+0000] {logging_mixin.py:188} INFO - [2026-07-21T18:30:07.277+0000] {dagbag.py:538} INFO - Filling up the DagBag from /opt/airflow/dags/equity_pipeline_dag.py
[2026-07-21T18:30:07.295+0000] {processor.py:840} INFO - DAG(s) 'nifty_it_equity_pipeline' retrieved from /opt/airflow/dags/equity_pipeline_dag.py
[2026-07-21T18:30:07.316+0000] {logging_mixin.py:188} INFO - [2026-07-21T18:30:07.315+0000] {dag.py:3036} INFO - Sync 1 DAGs
[2026-07-21T18:30:07.342+0000] {logging_mixin.py:188} INFO - [2026-07-21T18:30:07.341+0000] {dag.py:3823} INFO - Setting next_dagrun for nifty_it_equity_pipeline to 2026-07-20 23:00:00+00:00, run_after=2026-07-21 23:00:00+00:00
[2026-07-21T18:30:07.369+0000] {processor.py:183} INFO - Processing /opt/airflow/dags/equity_pipeline_dag.py took 0.101 seconds
[2026-07-21T18:30:37.651+0000] {processor.py:161} INFO - Started process (PID=2449) to work on /opt/airflow/dags/equity_pipeline_dag.py
[2026-07-21T18:30:37.652+0000] {processor.py:830} INFO - Processing file /opt/airflow/dags/equity_pipeline_dag.py for tasks to queue
[2026-07-21T18:30:37.654+0000] {logging_mixin.py:188} INFO - [2026-07-21T18:30:37.654+0000] {dagbag.py:538} INFO - Filling up the DagBag from /opt/airflow/dags/equity_pipeline_dag.py
[2026-07-21T18:30:37.671+0000] {processor.py:840} INFO - DAG(s) 'nifty_it_equity_pipeline' retrieved from /opt/airflow/dags/equity_pipeline_dag.py
[2026-07-21T18:30:37.691+0000] {logging_mixin.py:188} INFO - [2026-07-21T18:30:37.690+0000] {dag.py:3036} INFO - Sync 1 DAGs
[2026-07-21T18:30:37.713+0000] {logging_mixin.py:188} INFO - [2026-07-21T18:30:37.713+0000] {dag.py:3823} INFO - Setting next_dagrun for nifty_it_equity_pipeline to 2026-07-20 23:00:00+00:00, run_after=2026-07-21 23:00:00+00:00
[2026-07-21T18:30:37.733+0000] {processor.py:183} INFO - Processing /opt/airflow/dags/equity_pipeline_dag.py took 0.086 seconds
[2026-07-21T18:31:08.030+0000] {processor.py:161} INFO - Started process (PID=2505) to work on /opt/airflow/dags/equity_pipeline_dag.py
[2026-07-21T18:31:08.031+0000] {processor.py:830} INFO - Processing file /opt/airflow/dags/equity_pipeline_dag.py for tasks to queue
[2026-07-21T18:31:08.033+0000] {logging_mixin.py:188} INFO - [2026-07-21T18:31:08.033+0000] {dagbag.py:538} INFO - Filling up the DagBag from /opt/airflow/dags/equity_pipeline_dag.py
[2026-07-21T18:31:08.050+0000] {processor.py:840} INFO - DAG(s) 'nifty_it_equity_pipeline' retrieved from /opt/airflow/dags/equity_pipeline_dag.py
[2026-07-21T18:31:08.075+0000] {logging_mixin.py:188} INFO - [2026-07-21T18:31:08.075+0000] {dag.py:3036} INFO - Sync 1 DAGs
[2026-07-21T18:31:08.101+0000] {logging_mixin.py:188} INFO - [2026-07-21T18:31:08.101+0000] {dag.py:3823} INFO - Setting next_dagrun for nifty_it_equity_pipeline to 2026-07-20 23:00:00+00:00, run_after=2026-07-21 23:00:00+00:00
[2026-07-21T18:31:08.129+0000] {processor.py:183} INFO - Processing /opt/airflow/dags/equity_pipeline_dag.py took 0.103 seconds
[2026-07-21T18:34:09.705+0000] {processor.py:161} INFO - Started process (PID=52) to work on /opt/airflow/dags/equity_pipeline_dag.py
[2026-07-21T18:34:09.712+0000] {processor.py:830} INFO - Processing file /opt/airflow/dags/equity_pipeline_dag.py for tasks to queue
[2026-07-21T18:34:09.721+0000] {logging_mixin.py:188} INFO - [2026-07-21T18:34:09.721+0000] {dagbag.py:538} INFO - Filling up the DagBag from /opt/airflow/dags/equity_pipeline_dag.py
[2026-07-21T18:34:09.836+0000] {processor.py:840} INFO - DAG(s) 'nifty_it_equity_pipeline' retrieved from /opt/airflow/dags/equity_pipeline_dag.py
[2026-07-21T18:34:10.455+0000] {logging_mixin.py:188} INFO - [2026-07-21T18:34:10.454+0000] {dag.py:3036} INFO - Sync 1 DAGs
[2026-07-21T18:34:10.489+0000] {logging_mixin.py:188} INFO - [2026-07-21T18:34:10.489+0000] {dag.py:3823} INFO - Setting next_dagrun for nifty_it_equity_pipeline to 2026-07-20 23:00:00+00:00, run_after=2026-07-21 23:00:00+00:00
[2026-07-21T18:34:10.522+0000] {processor.py:183} INFO - Processing /opt/airflow/dags/equity_pipeline_dag.py took 0.848 seconds
[2026-07-21T18:34:40.813+0000] {processor.py:161} INFO - Started process (PID=108) to work on /opt/airflow/dags/equity_pipeline_dag.py
[2026-07-21T18:34:40.819+0000] {processor.py:830} INFO - Processing file /opt/airflow/dags/equity_pipeline_dag.py for tasks to queue
[2026-07-21T18:34:40.823+0000] {logging_mixin.py:188} INFO - [2026-07-21T18:34:40.822+0000] {dagbag.py:538} INFO - Filling up the DagBag from /opt/airflow/dags/equity_pipeline_dag.py
[2026-07-21T18:34:40.900+0000] {processor.py:840} INFO - DAG(s) 'nifty_it_equity_pipeline' retrieved from /opt/airflow/dags/equity_pipeline_dag.py
[2026-07-21T18:34:41.055+0000] {logging_mixin.py:188} INFO - [2026-07-21T18:34:41.055+0000] {dag.py:3036} INFO - Sync 1 DAGs
[2026-07-21T18:34:41.148+0000] {logging_mixin.py:188} INFO - [2026-07-21T18:34:41.146+0000] {dag.py:3823} INFO - Setting next_dagrun for nifty_it_equity_pipeline to 2026-07-20 23:00:00+00:00, run_after=2026-07-21 23:00:00+00:00
[2026-07-21T18:34:41.223+0000] {processor.py:183} INFO - Processing /opt/airflow/dags/equity_pipeline_dag.py took 0.455 seconds
[2026-07-21T18:35:11.895+0000] {processor.py:161} INFO - Started process (PID=164) to work on /opt/airflow/dags/equity_pipeline_dag.py
[2026-07-21T18:35:11.896+0000] {processor.py:830} INFO - Processing file /opt/airflow/dags/equity_pipeline_dag.py for tasks to queue
[2026-07-21T18:35:11.900+0000] {logging_mixin.py:188} INFO - [2026-07-21T18:35:11.899+0000] {dagbag.py:538} INFO - Filling up the DagBag from /opt/airflow/dags/equity_pipeline_dag.py
[2026-07-21T18:35:11.918+0000] {processor.py:840} INFO - DAG(s) 'nifty_it_equity_pipeline' retrieved from /opt/airflow/dags/equity_pipeline_dag.py
[2026-07-21T18:35:11.943+0000] {logging_mixin.py:188} INFO - [2026-07-21T18:35:11.943+0000] {dag.py:3036} INFO - Sync 1 DAGs
[2026-07-21T18:35:11.968+0000] {logging_mixin.py:188} INFO - [2026-07-21T18:35:11.967+0000] {dag.py:3823} INFO - Setting next_dagrun for nifty_it_equity_pipeline to 2026-07-20 23:00:00+00:00, run_after=2026-07-21 23:00:00+00:00
[2026-07-21T18:35:11.986+0000] {processor.py:183} INFO - Processing /opt/airflow/dags/equity_pipeline_dag.py took 0.097 seconds
[2026-07-21T18:35:42.106+0000] {processor.py:161} INFO - Started process (PID=220) to work on /opt/airflow/dags/equity_pipeline_dag.py
[2026-07-21T18:35:42.108+0000] {processor.py:830} INFO - Processing file /opt/airflow/dags/equity_pipeline_dag.py for tasks to queue
[2026-07-21T18:35:42.115+0000] {logging_mixin.py:188} INFO - [2026-07-21T18:35:42.114+0000] {dagbag.py:538} INFO - Filling up the DagBag from /opt/airflow/dags/equity_pipeline_dag.py
[2026-07-21T18:35:42.146+0000] {processor.py:840} INFO - DAG(s) 'nifty_it_equity_pipeline' retrieved from /opt/airflow/dags/equity_pipeline_dag.py
[2026-07-21T18:35:42.198+0000] {logging_mixin.py:188} INFO - [2026-07-21T18:35:42.198+0000] {dag.py:3036} INFO - Sync 1 DAGs
[2026-07-21T18:35:42.231+0000] {logging_mixin.py:188} INFO - [2026-07-21T18:35:42.231+0000] {dag.py:3823} INFO - Setting next_dagrun for nifty_it_equity_pipeline to 2026-07-20 23:00:00+00:00, run_after=2026-07-21 23:00:00+00:00
[2026-07-21T18:35:42.255+0000] {processor.py:183} INFO - Processing /opt/airflow/dags/equity_pipeline_dag.py took 0.159 seconds
[2026-07-21T18:36:12.548+0000] {processor.py:161} INFO - Started process (PID=276) to work on /opt/airflow/dags/equity_pipeline_dag.py
[2026-07-21T18:36:12.549+0000] {processor.py:830} INFO - Processing file /opt/airflow/dags/equity_pipeline_dag.py for tasks to queue
[2026-07-21T18:36:12.552+0000] {logging_mixin.py:188} INFO - [2026-07-21T18:36:12.552+0000] {dagbag.py:538} INFO - Filling up the DagBag from /opt/airflow/dags/equity_pipeline_dag.py
[2026-07-21T18:36:12.575+0000] {processor.py:840} INFO - DAG(s) 'nifty_it_equity_pipeline' retrieved from /opt/airflow/dags/equity_pipeline_dag.py
[2026-07-21T18:36:12.597+0000] {logging_mixin.py:188} INFO - [2026-07-21T18:36:12.596+0000] {dag.py:3036} INFO - Sync 1 DAGs
[2026-07-21T18:36:12.619+0000] {logging_mixin.py:188} INFO - [2026-07-21T18:36:12.619+0000] {dag.py:3823} INFO - Setting next_dagrun for nifty_it_equity_pipeline to 2026-07-20 23:00:00+00:00, run_after=2026-07-21 23:00:00+00:00
[2026-07-21T18:36:12.645+0000] {processor.py:183} INFO - Processing /opt/airflow/dags/equity_pipeline_dag.py took 0.102 seconds
[2026-07-21T18:36:43.228+0000] {processor.py:161} INFO - Started process (PID=338) to work on /opt/airflow/dags/equity_pipeline_dag.py
[2026-07-21T18:36:43.229+0000] {processor.py:830} INFO - Processing file /opt/airflow/dags/equity_pipeline_dag.py for tasks to queue
[2026-07-21T18:36:43.232+0000] {logging_mixin.py:188} INFO - [2026-07-21T18:36:43.231+0000] {dagbag.py:538} INFO - Filling up the DagBag from /opt/airflow/dags/equity_pipeline_dag.py
[2026-07-21T18:36:43.248+0000] {processor.py:840} INFO - DAG(s) 'nifty_it_equity_pipeline' retrieved from /opt/airflow/dags/equity_pipeline_dag.py
[2026-07-21T18:36:43.270+0000] {logging_mixin.py:188} INFO - [2026-07-21T18:36:43.270+0000] {dag.py:3036} INFO - Sync 1 DAGs
[2026-07-21T18:36:43.296+0000] {logging_mixin.py:188} INFO - [2026-07-21T18:36:43.295+0000] {dag.py:3823} INFO - Setting next_dagrun for nifty_it_equity_pipeline to 2026-07-20 23:00:00+00:00, run_after=2026-07-21 23:00:00+00:00
[2026-07-21T18:36:43.324+0000] {processor.py:183} INFO - Processing /opt/airflow/dags/equity_pipeline_dag.py took 0.100 seconds
[2026-07-21T18:37:13.488+0000] {processor.py:161} INFO - Started process (PID=394) to work on /opt/airflow/dags/equity_pipeline_dag.py
[2026-07-21T18:37:13.489+0000] {processor.py:830} INFO - Processing file /opt/airflow/dags/equity_pipeline_dag.py for tasks to queue
[2026-07-21T18:37:13.491+0000] {logging_mixin.py:188} INFO - [2026-07-21T18:37:13.491+0000] {dagbag.py:538} INFO - Filling up the DagBag from /opt/airflow/dags/equity_pipeline_dag.py
[2026-07-21T18:37:13.511+0000] {processor.py:840} INFO - DAG(s) 'nifty_it_equity_pipeline' retrieved from /opt/airflow/dags/equity_pipeline_dag.py
[2026-07-21T18:37:13.535+0000] {logging_mixin.py:188} INFO - [2026-07-21T18:37:13.535+0000] {dag.py:3036} INFO - Sync 1 DAGs
[2026-07-21T18:37:13.560+0000] {logging_mixin.py:188} INFO - [2026-07-21T18:37:13.559+0000] {dag.py:3823} INFO - Setting next_dagrun for nifty_it_equity_pipeline to 2026-07-20 23:00:00+00:00, run_after=2026-07-21 23:00:00+00:00
[2026-07-21T18:37:13.589+0000] {processor.py:183} INFO - Processing /opt/airflow/dags/equity_pipeline_dag.py took 0.105 seconds
[2026-07-21T18:37:43.921+0000] {processor.py:161} INFO - Started process (PID=450) to work on /opt/airflow/dags/equity_pipeline_dag.py
[2026-07-21T18:37:43.922+0000] {processor.py:830} INFO - Processing file /opt/airflow/dags/equity_pipeline_dag.py for tasks to queue
[2026-07-21T18:37:43.924+0000] {logging_mixin.py:188} INFO - [2026-07-21T18:37:43.923+0000] {dagbag.py:538} INFO - Filling up the DagBag from /opt/airflow/dags/equity_pipeline_dag.py
[2026-07-21T18:37:43.941+0000] {processor.py:840} INFO - DAG(s) 'nifty_it_equity_pipeline' retrieved from /opt/airflow/dags/equity_pipeline_dag.py
[2026-07-21T18:37:43.960+0000] {logging_mixin.py:188} INFO - [2026-07-21T18:37:43.959+0000] {dag.py:3036} INFO - Sync 1 DAGs
[2026-07-21T18:37:43.980+0000] {logging_mixin.py:188} INFO - [2026-07-21T18:37:43.979+0000] {dag.py:3823} INFO - Setting next_dagrun for nifty_it_equity_pipeline to 2026-07-20 23:00:00+00:00, run_after=2026-07-21 23:00:00+00:00
[2026-07-21T18:37:44.007+0000] {processor.py:183} INFO - Processing /opt/airflow/dags/equity_pipeline_dag.py took 0.090 seconds
[2026-07-21T18:38:14.448+0000] {processor.py:161} INFO - Started process (PID=506) to work on /opt/airflow/dags/equity_pipeline_dag.py
[2026-07-21T18:38:14.449+0000] {processor.py:830} INFO - Processing file /opt/airflow/dags/equity_pipeline_dag.py for tasks to queue
[2026-07-21T18:38:14.451+0000] {logging_mixin.py:188} INFO - [2026-07-21T18:38:14.451+0000] {dagbag.py:538} INFO - Filling up the DagBag from /opt/airflow/dags/equity_pipeline_dag.py
[2026-07-21T18:38:14.470+0000] {processor.py:840} INFO - DAG(s) 'nifty_it_equity_pipeline' retrieved from /opt/airflow/dags/equity_pipeline_dag.py
[2026-07-21T18:38:14.495+0000] {logging_mixin.py:188} INFO - [2026-07-21T18:38:14.495+0000] {dag.py:3036} INFO - Sync 1 DAGs
[2026-07-21T18:38:14.519+0000] {logging_mixin.py:188} INFO - [2026-07-21T18:38:14.518+0000] {dag.py:3823} INFO - Setting next_dagrun for nifty_it_equity_pipeline to 2026-07-20 23:00:00+00:00, run_after=2026-07-21 23:00:00+00:00
[2026-07-21T18:38:14.537+0000] {processor.py:183} INFO - Processing /opt/airflow/dags/equity_pipeline_dag.py took 0.093 seconds
[2026-07-21T18:38:44.843+0000] {processor.py:161} INFO - Started process (PID=562) to work on /opt/airflow/dags/equity_pipeline_dag.py
[2026-07-21T18:38:44.845+0000] {processor.py:830} INFO - Processing file /opt/airflow/dags/equity_pipeline_dag.py for tasks to queue
[2026-07-21T18:38:44.847+0000] {logging_mixin.py:188} INFO - [2026-07-21T18:38:44.846+0000] {dagbag.py:538} INFO - Filling up the DagBag from /opt/airflow/dags/equity_pipeline_dag.py
[2026-07-21T18:38:44.863+0000] {processor.py:840} INFO - DAG(s) 'nifty_it_equity_pipeline' retrieved from /opt/airflow/dags/equity_pipeline_dag.py
[2026-07-21T18:38:44.886+0000] {logging_mixin.py:188} INFO - [2026-07-21T18:38:44.886+0000] {dag.py:3036} INFO - Sync 1 DAGs
[2026-07-21T18:38:44.909+0000] {logging_mixin.py:188} INFO - [2026-07-21T18:38:44.909+0000] {dag.py:3823} INFO - Setting next_dagrun for nifty_it_equity_pipeline to 2026-07-20 23:00:00+00:00, run_after=2026-07-21 23:00:00+00:00
[2026-07-21T18:38:44.931+0000] {processor.py:183} INFO - Processing /opt/airflow/dags/equity_pipeline_dag.py took 0.091 seconds
[2026-07-21T18:39:15.118+0000] {processor.py:161} INFO - Started process (PID=618) to work on /opt/airflow/dags/equity_pipeline_dag.py
[2026-07-21T18:39:15.119+0000] {processor.py:830} INFO - Processing file /opt/airflow/dags/equity_pipeline_dag.py for tasks to queue
[2026-07-21T18:39:15.122+0000] {logging_mixin.py:188} INFO - [2026-07-21T18:39:15.121+0000] {dagbag.py:538} INFO - Filling up the DagBag from /opt/airflow/dags/equity_pipeline_dag.py
[2026-07-21T18:39:15.139+0000] {processor.py:840} INFO - DAG(s) 'nifty_it_equity_pipeline' retrieved from /opt/airflow/dags/equity_pipeline_dag.py
[2026-07-21T18:39:15.160+0000] {logging_mixin.py:188} INFO - [2026-07-21T18:39:15.160+0000] {dag.py:3036} INFO - Sync 1 DAGs
[2026-07-21T18:39:15.182+0000] {logging_mixin.py:188} INFO - [2026-07-21T18:39:15.181+0000] {dag.py:3823} INFO - Setting next_dagrun for nifty_it_equity_pipeline to 2026-07-20 23:00:00+00:00, run_after=2026-07-21 23:00:00+00:00
[2026-07-21T18:39:15.204+0000] {processor.py:183} INFO - Processing /opt/airflow/dags/equity_pipeline_dag.py took 0.091 seconds
[2026-07-21T18:39:45.354+0000] {processor.py:161} INFO - Started process (PID=674) to work on /opt/airflow/dags/equity_pipeline_dag.py
[2026-07-21T18:39:45.355+0000] {processor.py:830} INFO - Processing file /opt/airflow/dags/equity_pipeline_dag.py for tasks to queue
[2026-07-21T18:39:45.357+0000] {logging_mixin.py:188} INFO - [2026-07-21T18:39:45.357+0000] {dagbag.py:538} INFO - Filling up the DagBag from /opt/airflow/dags/equity_pipeline_dag.py
[2026-07-21T18:39:45.374+0000] {processor.py:840} INFO - DAG(s) 'nifty_it_equity_pipeline' retrieved from /opt/airflow/dags/equity_pipeline_dag.py
[2026-07-21T18:39:45.397+0000] {logging_mixin.py:188} INFO - [2026-07-21T18:39:45.397+0000] {dag.py:3036} INFO - Sync 1 DAGs
[2026-07-21T18:39:45.422+0000] {logging_mixin.py:188} INFO - [2026-07-21T18:39:45.421+0000] {dag.py:3823} INFO - Setting next_dagrun for nifty_it_equity_pipeline to 2026-07-20 23:00:00+00:00, run_after=2026-07-21 23:00:00+00:00
[2026-07-21T18:39:45.450+0000] {processor.py:183} INFO - Processing /opt/airflow/dags/equity_pipeline_dag.py took 0.099 seconds
[2026-07-21T18:40:15.912+0000] {processor.py:161} INFO - Started process (PID=730) to work on /opt/airflow/dags/equity_pipeline_dag.py
[2026-07-21T18:40:15.913+0000] {processor.py:830} INFO - Processing file /opt/airflow/dags/equity_pipeline_dag.py for tasks to queue
[2026-07-21T18:40:15.915+0000] {logging_mixin.py:188} INFO - [2026-07-21T18:40:15.915+0000] {dagbag.py:538} INFO - Filling up the DagBag from /opt/airflow/dags/equity_pipeline_dag.py
[2026-07-21T18:40:15.934+0000] {processor.py:840} INFO - DAG(s) 'nifty_it_equity_pipeline' retrieved from /opt/airflow/dags/equity_pipeline_dag.py
[2026-07-21T18:40:15.960+0000] {logging_mixin.py:188} INFO - [2026-07-21T18:40:15.959+0000] {dag.py:3036} INFO - Sync 1 DAGs
[2026-07-21T18:40:15.985+0000] {logging_mixin.py:188} INFO - [2026-07-21T18:40:15.984+0000] {dag.py:3823} INFO - Setting next_dagrun for nifty_it_equity_pipeline to 2026-07-20 23:00:00+00:00, run_after=2026-07-21 23:00:00+00:00
[2026-07-21T18:40:16.013+0000] {processor.py:183} INFO - Processing /opt/airflow/dags/equity_pipeline_dag.py took 0.105 seconds
[2026-07-21T18:40:46.069+0000] {processor.py:161} INFO - Started process (PID=786) to work on /opt/airflow/dags/equity_pipeline_dag.py
[2026-07-21T18:40:46.070+0000] {processor.py:830} INFO - Processing file /opt/airflow/dags/equity_pipeline_dag.py for tasks to queue
[2026-07-21T18:40:46.073+0000] {logging_mixin.py:188} INFO - [2026-07-21T18:40:46.072+0000] {dagbag.py:538} INFO - Filling up the DagBag from /opt/airflow/dags/equity_pipeline_dag.py
[2026-07-21T18:40:46.089+0000] {processor.py:840} INFO - DAG(s) 'nifty_it_equity_pipeline' retrieved from /opt/airflow/dags/equity_pipeline_dag.py
[2026-07-21T18:40:46.107+0000] {logging_mixin.py:188} INFO - [2026-07-21T18:40:46.107+0000] {dag.py:3036} INFO - Sync 1 DAGs
[2026-07-21T18:40:46.128+0000] {logging_mixin.py:188} INFO - [2026-07-21T18:40:46.127+0000] {dag.py:3823} INFO - Setting next_dagrun for nifty_it_equity_pipeline to 2026-07-20 23:00:00+00:00, run_after=2026-07-21 23:00:00+00:00
[2026-07-21T18:40:46.150+0000] {processor.py:183} INFO - Processing /opt/airflow/dags/equity_pipeline_dag.py took 0.084 seconds
[2026-07-21T18:41:16.509+0000] {processor.py:161} INFO - Started process (PID=842) to work on /opt/airflow/dags/equity_pipeline_dag.py
[2026-07-21T18:41:16.511+0000] {processor.py:830} INFO - Processing file /opt/airflow/dags/equity_pipeline_dag.py for tasks to queue
[2026-07-21T18:41:16.513+0000] {logging_mixin.py:188} INFO - [2026-07-21T18:41:16.513+0000] {dagbag.py:538} INFO - Filling up the DagBag from /opt/airflow/dags/equity_pipeline_dag.py
[2026-07-21T18:41:16.533+0000] {processor.py:840} INFO - DAG(s) 'nifty_it_equity_pipeline' retrieved from /opt/airflow/dags/equity_pipeline_dag.py
[2026-07-21T18:41:16.559+0000] {logging_mixin.py:188} INFO - [2026-07-21T18:41:16.558+0000] {dag.py:3036} INFO - Sync 1 DAGs
[2026-07-21T18:41:16.584+0000] {logging_mixin.py:188} INFO - [2026-07-21T18:41:16.584+0000] {dag.py:3823} INFO - Setting next_dagrun for nifty_it_equity_pipeline to 2026-07-20 23:00:00+00:00, run_after=2026-07-21 23:00:00+00:00
[2026-07-21T18:41:16.615+0000] {processor.py:183} INFO - Processing /opt/airflow/dags/equity_pipeline_dag.py took 0.111 seconds
[2026-07-21T18:41:46.760+0000] {processor.py:161} INFO - Started process (PID=898) to work on /opt/airflow/dags/equity_pipeline_dag.py
[2026-07-21T18:41:46.761+0000] {processor.py:830} INFO - Processing file /opt/airflow/dags/equity_pipeline_dag.py for tasks to queue
[2026-07-21T18:41:46.764+0000] {logging_mixin.py:188} INFO - [2026-07-21T18:41:46.763+0000] {dagbag.py:538} INFO - Filling up the DagBag from /opt/airflow/dags/equity_pipeline_dag.py
[2026-07-21T18:41:46.781+0000] {processor.py:840} INFO - DAG(s) 'nifty_it_equity_pipeline' retrieved from /opt/airflow/dags/equity_pipeline_dag.py
[2026-07-21T18:41:46.802+0000] {logging_mixin.py:188} INFO - [2026-07-21T18:41:46.802+0000] {dag.py:3036} INFO - Sync 1 DAGs
[2026-07-21T18:41:46.825+0000] {logging_mixin.py:188} INFO - [2026-07-21T18:41:46.825+0000] {dag.py:3823} INFO - Setting next_dagrun for nifty_it_equity_pipeline to 2026-07-20 23:00:00+00:00, run_after=2026-07-21 23:00:00+00:00
[2026-07-21T18:41:46.851+0000] {processor.py:183} INFO - Processing /opt/airflow/dags/equity_pipeline_dag.py took 0.095 seconds
[2026-07-21T18:42:17.041+0000] {processor.py:161} INFO - Started process (PID=954) to work on /opt/airflow/dags/equity_pipeline_dag.py
[2026-07-21T18:42:17.042+0000] {processor.py:830} INFO - Processing file /opt/airflow/dags/equity_pipeline_dag.py for tasks to queue
[2026-07-21T18:42:17.045+0000] {logging_mixin.py:188} INFO - [2026-07-21T18:42:17.044+0000] {dagbag.py:538} INFO - Filling up the DagBag from /opt/airflow/dags/equity_pipeline_dag.py
[2026-07-21T18:42:17.062+0000] {processor.py:840} INFO - DAG(s) 'nifty_it_equity_pipeline' retrieved from /opt/airflow/dags/equity_pipeline_dag.py
[2026-07-21T18:42:17.081+0000] {logging_mixin.py:188} INFO - [2026-07-21T18:42:17.081+0000] {dag.py:3036} INFO - Sync 1 DAGs
[2026-07-21T18:42:17.101+0000] {logging_mixin.py:188} INFO - [2026-07-21T18:42:17.101+0000] {dag.py:3823} INFO - Setting next_dagrun for nifty_it_equity_pipeline to 2026-07-20 23:00:00+00:00, run_after=2026-07-21 23:00:00+00:00
[2026-07-21T18:42:17.119+0000] {processor.py:183} INFO - Processing /opt/airflow/dags/equity_pipeline_dag.py took 0.082 seconds
[2026-07-21T18:42:47.318+0000] {processor.py:161} INFO - Started process (PID=1011) to work on /opt/airflow/dags/equity_pipeline_dag.py
[2026-07-21T18:42:47.319+0000] {processor.py:830} INFO - Processing file /opt/airflow/dags/equity_pipeline_dag.py for tasks to queue
[2026-07-21T18:42:47.322+0000] {logging_mixin.py:188} INFO - [2026-07-21T18:42:47.322+0000] {dagbag.py:538} INFO - Filling up the DagBag from /opt/airflow/dags/equity_pipeline_dag.py
[2026-07-21T18:42:47.339+0000] {processor.py:840} INFO - DAG(s) 'nifty_it_equity_pipeline' retrieved from /opt/airflow/dags/equity_pipeline_dag.py
[2026-07-21T18:42:47.360+0000] {logging_mixin.py:188} INFO - [2026-07-21T18:42:47.360+0000] {dag.py:3036} INFO - Sync 1 DAGs
[2026-07-21T18:42:47.381+0000] {logging_mixin.py:188} INFO - [2026-07-21T18:42:47.381+0000] {dag.py:3823} INFO - Setting next_dagrun for nifty_it_equity_pipeline to 2026-07-20 23:00:00+00:00, run_after=2026-07-21 23:00:00+00:00
[2026-07-21T18:42:47.399+0000] {processor.py:183} INFO - Processing /opt/airflow/dags/equity_pipeline_dag.py took 0.085 seconds
[2026-07-21T18:43:17.772+0000] {processor.py:161} INFO - Started process (PID=1067) to work on /opt/airflow/dags/equity_pipeline_dag.py
[2026-07-21T18:43:17.777+0000] {processor.py:830} INFO - Processing file /opt/airflow/dags/equity_pipeline_dag.py for tasks to queue
[2026-07-21T18:43:17.781+0000] {logging_mixin.py:188} INFO - [2026-07-21T18:43:17.781+0000] {dagbag.py:538} INFO - Filling up the DagBag from /opt/airflow/dags/equity_pipeline_dag.py
[2026-07-21T18:43:17.800+0000] {processor.py:840} INFO - DAG(s) 'nifty_it_equity_pipeline' retrieved from /opt/airflow/dags/equity_pipeline_dag.py
[2026-07-21T18:43:17.823+0000] {logging_mixin.py:188} INFO - [2026-07-21T18:43:17.823+0000] {dag.py:3036} INFO - Sync 1 DAGs
[2026-07-21T18:43:17.847+0000] {logging_mixin.py:188} INFO - [2026-07-21T18:43:17.847+0000] {dag.py:3823} INFO - Setting next_dagrun for nifty_it_equity_pipeline to 2026-07-20 23:00:00+00:00, run_after=2026-07-21 23:00:00+00:00
[2026-07-21T18:43:17.875+0000] {processor.py:183} INFO - Processing /opt/airflow/dags/equity_pipeline_dag.py took 0.108 seconds
[2026-07-21T18:43:48.216+0000] {processor.py:161} INFO - Started process (PID=1123) to work on /opt/airflow/dags/equity_pipeline_dag.py
[2026-07-21T18:43:48.218+0000] {processor.py:830} INFO - Processing file /opt/airflow/dags/equity_pipeline_dag.py for tasks to queue
[2026-07-21T18:43:48.220+0000] {logging_mixin.py:188} INFO - [2026-07-21T18:43:48.220+0000] {dagbag.py:538} INFO - Filling up the DagBag from /opt/airflow/dags/equity_pipeline_dag.py
[2026-07-21T18:43:48.237+0000] {processor.py:840} INFO - DAG(s) 'nifty_it_equity_pipeline' retrieved from /opt/airflow/dags/equity_pipeline_dag.py
[2026-07-21T18:43:48.264+0000] {logging_mixin.py:188} INFO - [2026-07-21T18:43:48.264+0000] {dag.py:3036} INFO - Sync 1 DAGs
[2026-07-21T18:43:48.284+0000] {logging_mixin.py:188} INFO - [2026-07-21T18:43:48.284+0000] {dag.py:3823} INFO - Setting next_dagrun for nifty_it_equity_pipeline to 2026-07-20 23:00:00+00:00, run_after=2026-07-21 23:00:00+00:00
[2026-07-21T18:43:48.301+0000] {processor.py:183} INFO - Processing /opt/airflow/dags/equity_pipeline_dag.py took 0.088 seconds
[2026-07-21T18:44:18.597+0000] {processor.py:161} INFO - Started process (PID=1179) to work on /opt/airflow/dags/equity_pipeline_dag.py
[2026-07-21T18:44:18.598+0000] {processor.py:830} INFO - Processing file /opt/airflow/dags/equity_pipeline_dag.py for tasks to queue
[2026-07-21T18:44:18.600+0000] {logging_mixin.py:188} INFO - [2026-07-21T18:44:18.600+0000] {dagbag.py:538} INFO - Filling up the DagBag from /opt/airflow/dags/equity_pipeline_dag.py
[2026-07-21T18:44:18.617+0000] {processor.py:840} INFO - DAG(s) 'nifty_it_equity_pipeline' retrieved from /opt/airflow/dags/equity_pipeline_dag.py
[2026-07-21T18:44:18.635+0000] {logging_mixin.py:188} INFO - [2026-07-21T18:44:18.635+0000] {dag.py:3036} INFO - Sync 1 DAGs
[2026-07-21T18:44:18.655+0000] {logging_mixin.py:188} INFO - [2026-07-21T18:44:18.655+0000] {dag.py:3823} INFO - Setting next_dagrun for nifty_it_equity_pipeline to 2026-07-20 23:00:00+00:00, run_after=2026-07-21 23:00:00+00:00
[2026-07-21T18:44:18.682+0000] {processor.py:183} INFO - Processing /opt/airflow/dags/equity_pipeline_dag.py took 0.089 seconds
[2026-07-21T18:44:48.925+0000] {processor.py:161} INFO - Started process (PID=1235) to work on /opt/airflow/dags/equity_pipeline_dag.py
[2026-07-21T18:44:48.926+0000] {processor.py:830} INFO - Processing file /opt/airflow/dags/equity_pipeline_dag.py for tasks to queue
[2026-07-21T18:44:48.928+0000] {logging_mixin.py:188} INFO - [2026-07-21T18:44:48.928+0000] {dagbag.py:538} INFO - Filling up the DagBag from /opt/airflow/dags/equity_pipeline_dag.py
[2026-07-21T18:44:48.945+0000] {processor.py:840} INFO - DAG(s) 'nifty_it_equity_pipeline' retrieved from /opt/airflow/dags/equity_pipeline_dag.py
[2026-07-21T18:44:48.964+0000] {logging_mixin.py:188} INFO - [2026-07-21T18:44:48.964+0000] {dag.py:3036} INFO - Sync 1 DAGs
[2026-07-21T18:44:48.984+0000] {logging_mixin.py:188} INFO - [2026-07-21T18:44:48.984+0000] {dag.py:3823} INFO - Setting next_dagrun for nifty_it_equity_pipeline to 2026-07-20 23:00:00+00:00, run_after=2026-07-21 23:00:00+00:00
[2026-07-21T18:44:49.009+0000] {processor.py:183} INFO - Processing /opt/airflow/dags/equity_pipeline_dag.py took 0.088 seconds
[2026-07-21T18:45:19.217+0000] {processor.py:161} INFO - Started process (PID=1291) to work on /opt/airflow/dags/equity_pipeline_dag.py
[2026-07-21T18:45:19.219+0000] {processor.py:830} INFO - Processing file /opt/airflow/dags/equity_pipeline_dag.py for tasks to queue
[2026-07-21T18:45:19.221+0000] {logging_mixin.py:188} INFO - [2026-07-21T18:45:19.221+0000] {dagbag.py:538} INFO - Filling up the DagBag from /opt/airflow/dags/equity_pipeline_dag.py
[2026-07-21T18:45:19.239+0000] {processor.py:840} INFO - DAG(s) 'nifty_it_equity_pipeline' retrieved from /opt/airflow/dags/equity_pipeline_dag.py
[2026-07-21T18:45:19.258+0000] {logging_mixin.py:188} INFO - [2026-07-21T18:45:19.258+0000] {dag.py:3036} INFO - Sync 1 DAGs
[2026-07-21T18:45:19.279+0000] {logging_mixin.py:188} INFO - [2026-07-21T18:45:19.278+0000] {dag.py:3823} INFO - Setting next_dagrun for nifty_it_equity_pipeline to 2026-07-20 23:00:00+00:00, run_after=2026-07-21 23:00:00+00:00
[2026-07-21T18:45:19.296+0000] {processor.py:183} INFO - Processing /opt/airflow/dags/equity_pipeline_dag.py took 0.084 seconds
[2026-07-21T18:45:49.743+0000] {processor.py:161} INFO - Started process (PID=1347) to work on /opt/airflow/dags/equity_pipeline_dag.py
[2026-07-21T18:45:49.744+0000] {processor.py:830} INFO - Processing file /opt/airflow/dags/equity_pipeline_dag.py for tasks to queue
[2026-07-21T18:45:49.746+0000] {logging_mixin.py:188} INFO - [2026-07-21T18:45:49.746+0000] {dagbag.py:538} INFO - Filling up the DagBag from /opt/airflow/dags/equity_pipeline_dag.py
[2026-07-21T18:45:49.763+0000] {processor.py:840} INFO - DAG(s) 'nifty_it_equity_pipeline' retrieved from /opt/airflow/dags/equity_pipeline_dag.py
[2026-07-21T18:45:49.781+0000] {logging_mixin.py:188} INFO - [2026-07-21T18:45:49.781+0000] {dag.py:3036} INFO - Sync 1 DAGs
[2026-07-21T18:45:49.801+0000] {logging_mixin.py:188} INFO - [2026-07-21T18:45:49.801+0000] {dag.py:3823} INFO - Setting next_dagrun for nifty_it_equity_pipeline to 2026-07-20 23:00:00+00:00, run_after=2026-07-21 23:00:00+00:00
[2026-07-21T18:45:49.820+0000] {processor.py:183} INFO - Processing /opt/airflow/dags/equity_pipeline_dag.py took 0.081 seconds
[2026-07-21T18:46:19.938+0000] {processor.py:161} INFO - Started process (PID=1403) to work on /opt/airflow/dags/equity_pipeline_dag.py
[2026-07-21T18:46:19.939+0000] {processor.py:830} INFO - Processing file /opt/airflow/dags/equity_pipeline_dag.py for tasks to queue
[2026-07-21T18:46:19.941+0000] {logging_mixin.py:188} INFO - [2026-07-21T18:46:19.941+0000] {dagbag.py:538} INFO - Filling up the DagBag from /opt/airflow/dags/equity_pipeline_dag.py
[2026-07-21T18:46:19.958+0000] {processor.py:840} INFO - DAG(s) 'nifty_it_equity_pipeline' retrieved from /opt/airflow/dags/equity_pipeline_dag.py
[2026-07-21T18:46:19.977+0000] {logging_mixin.py:188} INFO - [2026-07-21T18:46:19.977+0000] {dag.py:3036} INFO - Sync 1 DAGs
[2026-07-21T18:46:19.997+0000] {logging_mixin.py:188} INFO - [2026-07-21T18:46:19.997+0000] {dag.py:3823} INFO - Setting next_dagrun for nifty_it_equity_pipeline to 2026-07-20 23:00:00+00:00, run_after=2026-07-21 23:00:00+00:00
[2026-07-21T18:46:20.015+0000] {processor.py:183} INFO - Processing /opt/airflow/dags/equity_pipeline_dag.py took 0.081 seconds
[2026-07-21T18:46:50.205+0000] {processor.py:161} INFO - Started process (PID=1459) to work on /opt/airflow/dags/equity_pipeline_dag.py
[2026-07-21T18:46:50.206+0000] {processor.py:830} INFO - Processing file /opt/airflow/dags/equity_pipeline_dag.py for tasks to queue
[2026-07-21T18:46:50.208+0000] {logging_mixin.py:188} INFO - [2026-07-21T18:46:50.208+0000] {dagbag.py:538} INFO - Filling up the DagBag from /opt/airflow/dags/equity_pipeline_dag.py
[2026-07-21T18:46:50.225+0000] {processor.py:840} INFO - DAG(s) 'nifty_it_equity_pipeline' retrieved from /opt/airflow/dags/equity_pipeline_dag.py
[2026-07-21T18:46:50.244+0000] {logging_mixin.py:188} INFO - [2026-07-21T18:46:50.244+0000] {dag.py:3036} INFO - Sync 1 DAGs
[2026-07-21T18:46:50.264+0000] {logging_mixin.py:188} INFO - [2026-07-21T18:46:50.264+0000] {dag.py:3823} INFO - Setting next_dagrun for nifty_it_equity_pipeline to 2026-07-20 23:00:00+00:00, run_after=2026-07-21 23:00:00+00:00
[2026-07-21T18:46:50.282+0000] {processor.py:183} INFO - Processing /opt/airflow/dags/equity_pipeline_dag.py took 0.080 seconds
[2026-07-21T18:47:20.445+0000] {processor.py:161} INFO - Started process (PID=1515) to work on /opt/airflow/dags/equity_pipeline_dag.py
[2026-07-21T18:47:20.446+0000] {processor.py:830} INFO - Processing file /opt/airflow/dags/equity_pipeline_dag.py for tasks to queue
[2026-07-21T18:47:20.448+0000] {logging_mixin.py:188} INFO - [2026-07-21T18:47:20.448+0000] {dagbag.py:538} INFO - Filling up the DagBag from /opt/airflow/dags/equity_pipeline_dag.py
[2026-07-21T18:47:20.465+0000] {processor.py:840} INFO - DAG(s) 'nifty_it_equity_pipeline' retrieved from /opt/airflow/dags/equity_pipeline_dag.py
[2026-07-21T18:47:20.484+0000] {logging_mixin.py:188} INFO - [2026-07-21T18:47:20.483+0000] {dag.py:3036} INFO - Sync 1 DAGs
[2026-07-21T18:47:20.503+0000] {logging_mixin.py:188} INFO - [2026-07-21T18:47:20.503+0000] {dag.py:3823} INFO - Setting next_dagrun for nifty_it_equity_pipeline to 2026-07-20 23:00:00+00:00, run_after=2026-07-21 23:00:00+00:00
[2026-07-21T18:47:20.525+0000] {processor.py:183} INFO - Processing /opt/airflow/dags/equity_pipeline_dag.py took 0.084 seconds
[2026-07-21T18:47:50.806+0000] {processor.py:161} INFO - Started process (PID=1569) to work on /opt/airflow/dags/equity_pipeline_dag.py
[2026-07-21T18:47:50.807+0000] {processor.py:830} INFO - Processing file /opt/airflow/dags/equity_pipeline_dag.py for tasks to queue
[2026-07-21T18:47:50.810+0000] {logging_mixin.py:188} INFO - [2026-07-21T18:47:50.809+0000] {dagbag.py:538} INFO - Filling up the DagBag from /opt/airflow/dags/equity_pipeline_dag.py
[2026-07-21T18:47:50.826+0000] {processor.py:840} INFO - DAG(s) 'nifty_it_equity_pipeline' retrieved from /opt/airflow/dags/equity_pipeline_dag.py
[2026-07-21T18:47:50.844+0000] {logging_mixin.py:188} INFO - [2026-07-21T18:47:50.844+0000] {dag.py:3036} INFO - Sync 1 DAGs
[2026-07-21T18:47:50.864+0000] {logging_mixin.py:188} INFO - [2026-07-21T18:47:50.864+0000] {dag.py:3823} INFO - Setting next_dagrun for nifty_it_equity_pipeline to 2026-07-20 23:00:00+00:00, run_after=2026-07-21 23:00:00+00:00
[2026-07-21T18:47:50.882+0000] {processor.py:183} INFO - Processing /opt/airflow/dags/equity_pipeline_dag.py took 0.080 seconds
[2026-07-21T18:48:21.443+0000] {processor.py:161} INFO - Started process (PID=1625) to work on /opt/airflow/dags/equity_pipeline_dag.py
[2026-07-21T18:48:21.445+0000] {processor.py:830} INFO - Processing file /opt/airflow/dags/equity_pipeline_dag.py for tasks to queue
[2026-07-21T18:48:21.449+0000] {logging_mixin.py:188} INFO - [2026-07-21T18:48:21.448+0000] {dagbag.py:538} INFO - Filling up the DagBag from /opt/airflow/dags/equity_pipeline_dag.py
[2026-07-21T18:48:21.467+0000] {processor.py:840} INFO - DAG(s) 'nifty_it_equity_pipeline' retrieved from /opt/airflow/dags/equity_pipeline_dag.py
[2026-07-21T18:48:21.490+0000] {logging_mixin.py:188} INFO - [2026-07-21T18:48:21.490+0000] {dag.py:3036} INFO - Sync 1 DAGs
[2026-07-21T18:48:21.513+0000] {logging_mixin.py:188} INFO - [2026-07-21T18:48:21.513+0000] {dag.py:3823} INFO - Setting next_dagrun for nifty_it_equity_pipeline to 2026-07-20 23:00:00+00:00, run_after=2026-07-21 23:00:00+00:00
[2026-07-21T18:48:21.533+0000] {processor.py:183} INFO - Processing /opt/airflow/dags/equity_pipeline_dag.py took 0.096 seconds
